study,condition,tick,configurations,consumption_fraction_of_need,stock_fraction_of_capacity
commons-v3-need-development-v1,need_0,1,4,1.0,1.0
commons-v3-need-development-v1,need_0,2,4,0.861111108888889,0.9911577496545181
commons-v3-need-development-v1,need_0,3,4,1.0,0.9580853730497682
commons-v3-need-development-v1,need_0,4,4,1.0,0.9317805635368113
commons-v3-need-development-v1,need_0,5,4,1.0,0.9103359624353068
commons-v3-need-development-v1,need_0,6,4,1.0,0.892605152576654
commons-v3-need-development-v1,need_0,7,4,1.0,0.8775104711488465
commons-v3-need-development-v1,need_0,8,4,1.0,0.8649631243592819
commons-v3-need-development-v1,need_0,9,4,1.0,0.8547903721386174
commons-v3-need-development-v1,need_0,10,4,1.0,0.8450833686311066
commons-v3-need-development-v1,need_0,11,4,1.0,0.8367472219618655
commons-v3-need-development-v1,need_0,12,4,1.0,0.8301249579057549
commons-v3-need-development-v1,need_0,13,4,1.0,0.8234889662071027
commons-v3-need-development-v1,need_0,14,4,1.0,0.8177997851923773
commons-v3-need-development-v1,need_0,15,4,1.0,0.81269022362612
commons-v3-need-development-v1,need_0,16,4,1.0,0.807810989026535
commons-v3-need-development-v1,need_0,17,4,1.0,0.803873236023624
commons-v3-need-development-v1,need_0,18,4,1.0,0.7999555754023213
commons-v3-need-development-v1,need_0,19,4,1.0,0.79627430889507
commons-v3-need-development-v1,need_0,20,4,1.0,0.7934722683508079
commons-v3-need-development-v1,need_0,21,4,1.0,0.790949459314698
commons-v3-need-development-v1,need_0,22,4,1.0,0.7881064295925246
commons-v3-need-development-v1,need_0,23,4,1.0,0.7855020817300178
commons-v3-need-development-v1,need_0,24,4,1.0,0.7831261489576217
commons-v3-need-development-v1,need_0,25,4,1.0,0.7808073840337215
commons-v3-need-development-v1,need_0,26,4,1.0,0.7788099524075435
commons-v3-need-development-v1,need_0,27,4,1.0,0.7775189386557384
commons-v3-need-development-v1,need_0,28,4,1.0,0.7761633947685074
commons-v3-need-development-v1,need_0,29,4,1.0,0.7743168568904905
commons-v3-need-development-v1,need_0,30,4,1.0,0.7723325470284673
commons-v3-need-development-v1,need_0,31,4,1.0,0.7709889312491487
commons-v3-need-development-v1,need_0,32,4,1.0,0.7696352486623389
commons-v3-need-development-v1,need_0,33,4,1.0,0.7684748572971296
commons-v3-need-development-v1,need_0,34,4,1.0,0.7672575452228314
commons-v3-need-development-v1,need_0,35,4,1.0,0.7663034007234535
commons-v3-need-development-v1,need_0,36,4,1.0,0.7652319833509156
commons-v3-need-development-v1,need_0,37,4,1.0,0.7640686538052888
commons-v3-need-development-v1,need_0,38,4,1.0,0.762593610784038
commons-v3-need-development-v1,need_0,39,4,1.0,0.7614509724725085
commons-v3-need-development-v1,need_0,40,4,1.0,0.7601536890161421
commons-v3-need-development-v1,need_0,41,4,1.0,0.7598280994224347
commons-v3-need-development-v1,need_0,42,4,1.0,0.758877219086423
commons-v3-need-development-v1,need_0,43,4,1.0,0.7575896105190099
commons-v3-need-development-v1,need_0,44,4,1.0,0.7559553450960067
commons-v3-need-development-v1,need_0,45,4,1.0,0.754911188926128
commons-v3-need-development-v1,need_0,46,4,1.0,0.753767995739767
commons-v3-need-development-v1,need_0,47,4,1.0,0.7529961005087358
commons-v3-need-development-v1,need_0,48,4,1.0,0.7521053983031558
commons-v3-need-development-v1,need_0,49,4,1.0,0.7513827236046617
commons-v3-need-development-v1,need_0,50,4,1.0,0.7504868473766044
commons-v3-need-development-v1,need_0,51,4,1.0,0.7496499211122231
commons-v3-need-development-v1,need_0,52,4,1.0,0.7487155847216853
commons-v3-need-development-v1,need_0,53,4,1.0,0.7478201688552807
commons-v3-need-development-v1,need_0,54,4,1.0,0.7464134501655691
commons-v3-need-development-v1,need_0,55,4,1.0,0.7453839675763447
commons-v3-need-development-v1,need_0,56,4,1.0,0.744515939134444
commons-v3-need-development-v1,need_0,57,4,1.0,0.743679037991934
commons-v3-need-development-v1,need_0,58,4,1.0,0.7432453147382326
commons-v3-need-development-v1,need_0,59,4,1.0,0.7426688483203416
commons-v3-need-development-v1,need_0,60,4,1.0,0.742593096423416
commons-v3-need-development-v1,need_0,61,4,1.0,0.7422701361690679
commons-v3-need-development-v1,need_0,62,4,1.0,0.7418340041272528
commons-v3-need-development-v1,need_0,63,4,1.0,0.7412795515638064
commons-v3-need-development-v1,need_0,64,4,1.0,0.7406901392005707
commons-v3-need-development-v1,need_0,65,4,1.0,0.7399406663531256
commons-v3-need-development-v1,need_0,66,4,1.0,0.7396820592935209
commons-v3-need-development-v1,need_0,67,4,1.0,0.7395656777252555
commons-v3-need-development-v1,need_0,68,4,1.0,0.7386977585968416
commons-v3-need-development-v1,need_0,69,4,1.0,0.737562146782716
commons-v3-need-development-v1,need_0,70,4,1.0,0.7372355706100002
commons-v3-need-development-v1,need_0,71,4,1.0,0.7369559448772094
commons-v3-need-development-v1,need_0,72,4,1.0,0.7362160549501344
commons-v3-need-development-v1,need_0,73,4,1.0,0.7355478217309128
commons-v3-need-development-v1,need_0,74,4,1.0,0.7346444934722682
commons-v3-need-development-v1,need_0,75,4,1.0,0.7341581943865612
commons-v3-need-development-v1,need_0,76,4,1.0,0.7340440142245792
commons-v3-need-development-v1,need_0,77,4,1.0,0.7334784807543746
commons-v3-need-development-v1,need_0,78,4,1.0,0.7334062936105351
commons-v3-need-development-v1,need_0,79,4,1.0,0.7335643623837531
commons-v3-need-development-v1,need_0,80,4,1.0,0.7326088433280913
commons-v3-need-development-v1,need_0,81,4,1.0,0.7325297204803074
commons-v3-need-development-v1,need_0,82,4,1.0,0.7324701867605345
commons-v3-need-development-v1,need_0,83,4,1.0,0.7322862980635888
commons-v3-need-development-v1,need_0,84,4,1.0,0.7309293078169322
commons-v3-need-development-v1,need_0,85,4,1.0,0.7309997069647229
commons-v3-need-development-v1,need_0,86,4,1.0,0.7299592769309037
commons-v3-need-development-v1,need_0,87,4,1.0,0.7298631663424114
commons-v3-need-development-v1,need_0,88,4,1.0,0.7294913473100504
commons-v3-need-development-v1,need_0,89,4,1.0,0.729257484875485
commons-v3-need-development-v1,need_0,90,4,1.0,0.7290173051234325
commons-v3-need-development-v1,need_0,91,4,1.0,0.7286023702302391
commons-v3-need-development-v1,need_0,92,4,1.0,0.7283053088994138
commons-v3-need-development-v1,need_0,93,4,1.0,0.7283307098224235
commons-v3-need-development-v1,need_0,94,4,1.0,0.7282700625253683
commons-v3-need-development-v1,need_0,95,4,1.0,0.7276123935017236
commons-v3-need-development-v1,need_0,96,4,1.0,0.7265334438609465
commons-v3-need-development-v1,need_0,97,4,1.0,0.726675261553563
commons-v3-need-development-v1,need_0,98,4,1.0,0.7264126988082976
commons-v3-need-development-v1,need_0,99,4,1.0,0.7256008425487475
commons-v3-need-development-v1,need_0,100,4,1.0,0.7251596681430776
commons-v3-need-development-v1,need_0,101,4,1.0,0.7245819069013844
commons-v3-need-development-v1,need_0,102,4,1.0,0.7247283088175582
commons-v3-need-development-v1,need_0,103,4,1.0,0.7243614732163879
commons-v3-need-development-v1,need_0,104,4,1.0,0.7233503296190972
commons-v3-need-development-v1,need_0,105,4,1.0,0.7233005231249836
commons-v3-need-development-v1,need_0,106,4,1.0,0.7234236246822108
commons-v3-need-development-v1,need_0,107,4,1.0,0.7233724673156476
commons-v3-need-development-v1,need_0,108,4,1.0,0.7228051127788109
commons-v3-need-development-v1,need_0,109,4,1.0,0.722629416105942
commons-v3-need-development-v1,need_0,110,4,1.0,0.7221708534350748
commons-v3-need-development-v1,need_0,111,4,1.0,0.7219732840263302
commons-v3-need-development-v1,need_0,112,4,1.0,0.7216668237860053
commons-v3-need-development-v1,need_0,113,4,1.0,0.7204688300443208
commons-v3-need-development-v1,need_0,114,4,1.0,0.7201855209260037
commons-v3-need-development-v1,need_0,115,4,1.0,0.7195995090290112
commons-v3-need-development-v1,need_0,116,4,1.0,0.7191161402755085
commons-v3-need-development-v1,need_0,117,4,1.0,0.7186489668328678
commons-v3-need-development-v1,need_0,118,4,1.0,0.7187870091043385
commons-v3-need-development-v1,need_0,119,4,1.0,0.7188725203120343
commons-v3-need-development-v1,need_0,120,4,1.0,0.7189453117872335
commons-v3-need-development-v1,need_0,121,4,1.0,0.7186858101960338
commons-v3-need-development-v1,need_0,122,4,1.0,0.718452758508726
commons-v3-need-development-v1,need_0,123,4,1.0,0.717544522384429
commons-v3-need-development-v1,need_0,124,4,1.0,0.7170857249877928
commons-v3-need-development-v1,need_0,125,4,1.0,0.7165401889370919
commons-v3-need-development-v1,need_0,126,4,1.0,0.7163665902642815
commons-v3-need-development-v1,need_0,127,4,1.0,0.7154036718586901
commons-v3-need-development-v1,need_0,128,4,1.0,0.7151864915382102
commons-v3-need-development-v1,need_0,129,4,1.0,0.7145847762053255
commons-v3-need-development-v1,need_0,130,4,1.0,0.7140260088614173
commons-v3-need-development-v1,need_0,131,4,1.0,0.7131627120734876
commons-v3-need-development-v1,need_0,132,4,1.0,0.713050698648229
commons-v3-need-development-v1,need_0,133,4,1.0,0.7126868459471021
commons-v3-need-development-v1,need_0,134,4,1.0,0.7118762887317662
commons-v3-need-development-v1,need_0,135,4,1.0,0.7109558496603101
commons-v3-need-development-v1,need_0,136,4,1.0,0.7105600447775329
commons-v3-need-development-v1,need_0,137,4,1.0,0.7099281638617388
commons-v3-need-development-v1,need_0,138,4,1.0,0.7090738123792515
commons-v3-need-development-v1,need_0,139,4,1.0,0.7093648840588457
commons-v3-need-development-v1,need_0,140,4,1.0,0.7083191160309492
commons-v3-need-development-v1,need_0,141,4,1.0,0.7079886570019477
commons-v3-need-development-v1,need_0,142,4,1.0,0.7077068435486691
commons-v3-need-development-v1,need_0,143,4,1.0,0.7072459226628672
commons-v3-need-development-v1,need_0,144,4,1.0,0.7065654933185646
commons-v3-need-development-v1,need_0,145,4,1.0,0.706321899300004
commons-v3-need-development-v1,need_0,146,4,1.0,0.70499833215837
commons-v3-need-development-v1,need_0,147,4,1.0,0.7039371435747809
commons-v3-need-development-v1,need_0,148,4,1.0,0.7028707667621907
commons-v3-need-development-v1,need_0,149,4,1.0,0.7028835662009059
commons-v3-need-development-v1,need_0,150,4,1.0,0.7015638014429784
commons-v3-need-development-v1,need_0,151,4,1.0,0.7012840298904741
commons-v3-need-development-v1,need_0,152,4,1.0,0.7004458170937694
commons-v3-need-development-v1,need_0,153,4,1.0,0.6996976905200869
commons-v3-need-development-v1,need_0,154,4,1.0,0.6995215350375877
commons-v3-need-development-v1,need_0,155,4,1.0,0.6990397899132669
commons-v3-need-development-v1,need_0,156,4,1.0,0.6982052223731117
commons-v3-need-development-v1,need_0,157,4,1.0,0.6972695289293063
commons-v3-need-development-v1,need_0,158,4,1.0,0.6963772948029039
commons-v3-need-development-v1,need_0,159,4,1.0,0.6951879015402304
commons-v3-need-development-v1,need_0,160,4,1.0,0.6944522355662899
commons-v3-need-development-v1,need_0,161,4,1.0,0.6937344558062278
commons-v3-need-development-v1,need_0,162,4,1.0,0.6925498233818994
commons-v3-need-development-v1,need_0,163,4,1.0,0.6913701400435901
commons-v3-need-development-v1,need_0,164,4,1.0,0.6895599515564275
commons-v3-need-development-v1,need_0,165,4,1.0,0.6881927195333138
commons-v3-need-development-v1,need_0,166,4,1.0,0.6868389973392701
commons-v3-need-development-v1,need_0,167,4,1.0,0.6859881104061971
commons-v3-need-development-v1,need_0,168,4,1.0,0.6845986325916985
commons-v3-need-development-v1,need_0,169,4,1.0,0.6833394137688755
commons-v3-need-development-v1,need_0,170,4,1.0,0.6818727520170356
commons-v3-need-development-v1,need_0,171,4,1.0,0.6800734393495353
commons-v3-need-development-v1,need_0,172,4,1.0,0.6776863986852557
commons-v3-need-development-v1,need_0,173,4,1.0,0.6749069630541948
commons-v3-need-development-v1,need_0,174,4,1.0,0.6719609789961312
commons-v3-need-development-v1,need_0,175,4,0.9791666666666667,0.6701580970291243
commons-v3-need-development-v1,need_0,176,4,0.9791666666666667,0.6684502571699928
commons-v3-need-development-v1,need_0,177,4,0.9791666666666667,0.6662595550306931
commons-v3-need-development-v1,need_0,178,4,0.9791666666666667,0.664098092557469
commons-v3-need-development-v1,need_0,179,4,0.9909339693391086,0.6605292912996523
commons-v3-need-development-v1,need_0,180,4,0.9791666666666667,0.6570592204768633
commons-v3-need-development-v1,need_0,181,4,0.9583333333333334,0.6547030301979435
commons-v3-need-development-v1,need_0,182,4,0.9583333333333334,0.6517932169524344
commons-v3-need-development-v1,need_0,183,4,0.9661133010171712,0.6483726662021594
commons-v3-need-development-v1,need_0,184,4,0.9375,0.6467358812357445
commons-v3-need-development-v1,need_0,185,4,0.9375,0.6440231834749167
commons-v3-need-development-v1,need_0,186,4,0.9375,0.640893335951162
commons-v3-need-development-v1,need_0,187,4,0.9479166666666667,0.6369145699924913
commons-v3-need-development-v1,need_0,188,4,0.9485518259128196,0.6323400204090729
commons-v3-need-development-v1,need_0,189,4,0.9479166666666667,0.6284261224776482
commons-v3-need-development-v1,need_0,190,4,0.9270833333333334,0.6243227750363894
commons-v3-need-development-v1,need_0,191,4,0.92549489820755,0.6191281567688487
commons-v3-need-development-v1,need_0,192,4,0.9090967290618588,0.614907249944938
commons-v3-need-development-v1,need_0,193,4,0.8958333333333334,0.6106961807161084
commons-v3-need-development-v1,need_0,194,4,0.9018130297456015,0.6062203256138833
commons-v3-need-development-v1,need_0,195,4,0.875,0.6027698886284072
commons-v3-need-development-v1,need_0,196,4,0.875,0.5994602394773955
commons-v3-need-development-v1,need_0,197,4,0.875056021258611,0.5953630384321864
commons-v3-need-development-v1,need_0,198,4,0.8541666666666667,0.592204072701337
commons-v3-need-development-v1,need_0,199,4,0.8588001706890825,0.5883208713206558
commons-v3-need-development-v1,need_0,200,4,0.8541666666666667,0.584620619503354
commons-v3-need-development-v1,need_0,201,4,0.8541666666666667,0.5810160939666535
commons-v3-need-development-v1,need_0,202,4,0.8631005165152942,0.5761633790704632
commons-v3-need-development-v1,need_0,203,4,0.8480394802519389,0.571659022411171
commons-v3-need-development-v1,need_0,204,4,0.8120442877856027,0.5691450347021122
commons-v3-need-development-v1,need_0,205,4,0.7916666666666667,0.5673702352038048
commons-v3-need-development-v1,need_0,206,4,0.8125,0.5645303099543415
commons-v3-need-development-v1,need_0,207,4,0.8242282644192578,0.5621829513513995
commons-v3-need-development-v1,need_0,208,4,0.8289635532722345,0.5590473865475954
commons-v3-need-development-v1,need_0,209,4,0.8229180962234405,0.5560716346248182
commons-v3-need-development-v1,need_0,210,4,0.8020833333333334,0.5542903905347482
commons-v3-need-development-v1,need_0,211,4,0.8020833333333334,0.5532313257387342
commons-v3-need-development-v1,need_0,212,4,0.8033632283181538,0.5519708448171292
commons-v3-need-development-v1,need_0,213,4,0.8131413454435553,0.5501067057064084
commons-v3-need-development-v1,need_0,214,4,0.8134771901812285,0.5482551656166431
commons-v3-need-development-v1,need_0,215,4,0.7916666666666667,0.5472908151368387
commons-v3-need-development-v1,need_0,216,4,0.7916666666666667,0.5466962785196923
commons-v3-need-development-v1,need_0,217,4,0.8034057597918572,0.5452622730559376
commons-v3-need-development-v1,need_0,218,4,0.8229166666666667,0.543241812186413
commons-v3-need-development-v1,need_0,219,4,0.8235441831363275,0.541438594814867
commons-v3-need-development-v1,need_0,220,4,0.8229166666666667,0.5389938807265363
commons-v3-need-development-v1,need_0,221,4,0.8020833333333334,0.5371336567157512
commons-v3-need-development-v1,need_0,222,4,0.7841731087495544,0.5359627462462038
commons-v3-need-development-v1,need_0,223,4,0.7847480152387145,0.5346546540312853
commons-v3-need-development-v1,need_0,224,4,0.7708333333333334,0.5331692583960521
commons-v3-need-development-v1,need_0,225,4,0.7708333333333334,0.5317553372833452
commons-v3-need-development-v1,need_0,226,4,0.7916666666666667,0.5292556821718272
commons-v3-need-development-v1,need_0,227,4,0.8020833333333334,0.5252079855449164
commons-v3-need-development-v1,need_0,228,4,0.7954442661001924,0.5216877498134352
commons-v3-need-development-v1,need_0,229,4,0.78125,0.5181747971604961
commons-v3-need-development-v1,need_0,230,4,0.7604166666666667,0.515077686677332
commons-v3-need-development-v1,need_0,231,4,0.7544004051185348,0.5118719834574967
commons-v3-need-development-v1,need_0,232,4,0.7083333333333334,0.5104300168680792
commons-v3-need-development-v1,need_0,233,4,0.7194446727377686,0.5091289474168958
commons-v3-need-development-v1,need_0,234,4,0.7358925937654259,0.5063176633911709
commons-v3-need-development-v1,need_0,235,4,0.6979166666666667,0.5063454922158657
commons-v3-need-development-v1,need_0,236,4,0.6979662332672641,0.5060096037191145
commons-v3-need-development-v1,need_0,237,4,0.7183277676077575,0.504336801769609
commons-v3-need-development-v1,need_0,238,4,0.7083333333333334,0.50349302944705
commons-v3-need-development-v1,need_0,239,4,0.7089845803731549,0.5020449946969083
commons-v3-need-development-v1,need_0,240,4,0.7083333333333334,0.5004515795747514
commons-v3-need-development-v1,need_0,241,4,0.6992044501203889,0.49923676371069625
commons-v3-need-development-v1,need_0,242,4,0.6458333333333334,0.5005984260182713
commons-v3-need-development-v1,need_0,243,4,0.625,0.5024191075753646
commons-v3-need-development-v1,need_0,244,4,0.6256695271229151,0.5042574065762272
commons-v3-need-development-v1,need_0,245,4,0.625,0.5062914097608073
commons-v3-need-development-v1,need_0,246,4,0.6374216970208146,0.5068812663746074
commons-v3-need-development-v1,need_0,247,4,0.6382723856588882,0.5075225046267013
commons-v3-need-development-v1,need_0,248,4,0.6216288199455832,0.5088718172614534
commons-v3-need-development-v1,need_0,249,4,0.6152259911968049,0.510169675470581
commons-v3-need-development-v1,need_0,250,4,0.6335174728968334,0.5099143245099595
commons-v3-need-development-v1,need_0,251,4,0.6152324322336715,0.5101105719506419
commons-v3-need-development-v1,need_0,252,4,0.625,0.5101379599474432
commons-v3-need-development-v1,need_0,253,4,0.6365524764061472,0.50862943992909
commons-v3-need-development-v1,need_0,254,4,0.6458333333333334,0.5068535672786303
commons-v3-need-development-v1,need_0,255,4,0.6569027536557148,0.5043503760938036
commons-v3-need-development-v1,need_0,256,4,0.65625,0.5018017153777523
commons-v3-need-development-v1,need_2,1,4,1.0,0.9675123749295018
commons-v3-need-development-v1,need_2,2,4,1.0,0.9216639537763368
commons-v3-need-development-v1,need_2,3,4,1.0,0.9018311149223158
commons-v3-need-development-v1,need_2,4,4,1.0,0.8854392378002155
commons-v3-need-development-v1,need_2,5,4,1.0,0.8715729962190648
commons-v3-need-development-v1,need_2,6,4,1.0,0.8597683551399893
commons-v3-need-development-v1,need_2,7,4,1.0,0.8493508907748921
commons-v3-need-development-v1,need_2,8,4,1.0,0.8406137736724234
commons-v3-need-development-v1,need_2,9,4,1.0,0.8336110545358356
commons-v3-need-development-v1,need_2,10,4,1.0,0.8264587997223312
commons-v3-need-development-v1,need_2,11,4,1.0,0.8202604205699356
commons-v3-need-development-v1,need_2,12,4,1.0,0.8154649297516982
commons-v3-need-development-v1,need_2,13,4,1.0,0.8103460171247721
commons-v3-need-development-v1,need_2,14,4,1.0,0.8059586086121693
commons-v3-need-development-v1,need_2,15,4,1.0,0.8019682928408183
commons-v3-need-development-v1,need_2,16,4,1.0,0.7980488078536462
commons-v3-need-development-v1,need_2,17,4,1.0,0.7949532406742426
commons-v3-need-development-v1,need_2,18,4,1.0,0.7917655583215693
commons-v3-need-development-v1,need_2,19,4,1.0,0.7887219562706164
commons-v3-need-development-v1,need_2,20,4,1.0,0.7864892734424894
commons-v3-need-development-v1,need_2,21,4,1.0,0.7844735750397415
commons-v3-need-development-v1,need_2,22,4,1.0,0.7820782612078183
commons-v3-need-development-v1,need_2,23,4,1.0,0.7798742354579667
commons-v3-need-development-v1,need_2,24,4,1.0,0.77785428770723
commons-v3-need-development-v1,need_2,25,4,1.0,0.775852808581158
commons-v3-need-development-v1,need_2,26,4,1.0,0.7741446314328467
commons-v3-need-development-v1,need_2,27,4,1.0,0.7731179879421382
commons-v3-need-development-v1,need_2,28,4,1.0,0.7720038370895524
commons-v3-need-development-v1,need_2,29,4,1.0,0.7703757214525111
commons-v3-need-development-v1,need_2,30,4,1.0,0.7685885719140698
commons-v3-need-development-v1,need_2,31,4,1.0,0.7674264013000127
commons-v3-need-development-v1,need_2,32,4,1.0,0.7662402693266758
commons-v3-need-development-v1,need_2,33,4,1.0,0.7652357898513114
commons-v3-need-development-v1,need_2,34,4,1.0,0.7641612783202146
commons-v3-need-development-v1,need_2,35,4,1.0,0.7633399923917533
commons-v3-need-development-v1,need_2,36,4,1.0,0.7623922440543016
commons-v3-need-development-v1,need_2,37,4,1.0,0.7613428460215494
commons-v3-need-development-v1,need_2,38,4,1.0,0.7599734545129642
commons-v3-need-development-v1,need_2,39,4,1.0,0.7589292828820622
commons-v3-need-development-v1,need_2,40,4,1.0,0.7577229340745173
commons-v3-need-development-v1,need_2,41,4,1.0,0.7574847821763298
commons-v3-need-development-v1,need_2,42,4,1.0,0.7566151272250599
commons-v3-need-development-v1,need_2,43,4,1.0,0.7554028405168204
commons-v3-need-development-v1,need_2,44,4,1.0,0.7538376164534084
commons-v3-need-development-v1,need_2,45,4,1.0,0.7528586977216102
commons-v3-need-development-v1,need_2,46,4,1.0,0.7517765544434943
commons-v3-need-development-v1,need_2,47,4,1.0,0.7510621985432551
commons-v3-need-development-v1,need_2,48,4,1.0,0.7502251791871631
commons-v3-need-development-v1,need_2,49,4,1.0,0.7495534767044185
commons-v3-need-development-v1,need_2,50,4,1.0,0.7487054497612518
commons-v3-need-development-v1,need_2,51,4,1.0,0.7479134854903291
commons-v3-need-development-v1,need_2,52,4,1.0,0.7470219203418357
commons-v3-need-development-v1,need_2,53,4,1.0,0.7461665582487258
commons-v3-need-development-v1,need_2,54,4,1.0,0.744796434217132
commons-v3-need-development-v1,need_2,55,4,1.0,0.7438011818803799
commons-v3-need-development-v1,need_2,56,4,1.0,0.7429656715425894
commons-v3-need-development-v1,need_2,57,4,1.0,0.7421590942541075
commons-v3-need-development-v1,need_2,58,4,1.0,0.7417543288011987
commons-v3-need-development-v1,need_2,59,4,1.0,0.7412053705663788
commons-v3-need-development-v1,need_2,60,4,1.0,0.7411560292136352
commons-v3-need-development-v1,need_2,61,4,1.0,0.7408583706834141
commons-v3-need-development-v1,need_2,62,4,1.0,0.7404463408539104
commons-v3-need-development-v1,need_2,63,4,1.0,0.7399146886055498
commons-v3-need-development-v1,need_2,64,4,1.0,0.7393467778655332
commons-v3-need-development-v1,need_2,65,4,1.0,0.7386177505251788
commons-v3-need-development-v1,need_2,66,4,1.0,0.7383789816014319
commons-v3-need-development-v1,need_2,67,4,1.0,0.7382815176490654
commons-v3-need-development-v1,need_2,68,4,1.0,0.7374317105892422
commons-v3-need-development-v1,need_2,69,4,1.0,0.73631278644115
commons-v3-need-development-v1,need_2,70,4,1.0,0.7360020776406468
commons-v3-need-development-v1,need_2,71,4,1.0,0.7357374019062535
commons-v3-need-development-v1,need_2,72,4,1.0,0.7350118351549352
commons-v3-need-development-v1,need_2,73,4,1.0,0.7343569760390116
commons-v3-need-development-v1,need_2,74,4,1.0,0.7334665589242048
commons-v3-need-development-v1,need_2,75,4,1.0,0.7329922490136629
commons-v3-need-development-v1,need_2,76,4,1.0,0.732889742647031
commons-v3-need-development-v1,need_2,77,4,1.0,0.7323352673166255
commons-v3-need-development-v1,need_2,78,4,1.0,0.7322733295223544
commons-v3-need-development-v1,need_2,79,4,1.0,0.7324414617712105
commons-v3-need-development-v1,need_2,80,4,1.0,0.7314955919024825
commons-v3-need-development-v1,need_2,81,4,1.0,0.731425140185821
commons-v3-need-development-v1,need_2,82,4,1.0,0.731373712383196
commons-v3-need-development-v1,need_2,83,4,1.0,0.7311975685021231
commons-v3-need-development-v1,need_2,84,4,1.0,0.7298480622328708
commons-v3-need-development-v1,need_2,85,4,1.0,0.7299246731828224
commons-v3-need-development-v1,need_2,86,4,1.0,0.7288901461160504
commons-v3-need-development-v1,need_2,87,4,1.0,0.7287990955510057
commons-v3-need-development-v1,need_2,88,4,1.0,0.7284315412696134
commons-v3-need-development-v1,need_2,89,4,1.0,0.7282018825439829
commons-v3-need-development-v1,need_2,90,4,1.0,0.7279652907921286
commons-v3-need-development-v1,need_2,91,4,1.0,0.7275537356271058
commons-v3-need-development-v1,need_2,92,4,1.0,0.7272592521292858
commons-v3-need-development-v1,need_2,93,4,1.0,0.7272870029546421
commons-v3-need-development-v1,need_2,94,4,1.0,0.7272287067696702
commons-v3-need-development-v1,need_2,95,4,1.0,0.7265728347994626
commons-v3-need-development-v1,need_2,96,4,1.0,0.7254953410116476
commons-v3-need-development-v1,need_2,97,4,1.0,0.7256376996163507
commons-v3-need-development-v1,need_2,98,4,1.0,0.7253754416002312
commons-v3-need-development-v1,need_2,99,4,1.0,0.7245633966118536
commons-v3-need-development-v1,need_2,100,4,1.0,0.724122081033635
commons-v3-need-development-v1,need_2,101,4,1.0,0.7235434688426612
commons-v3-need-development-v1,need_2,102,4,1.0,0.7236882400488428
commons-v3-need-development-v1,need_2,103,4,1.0,0.7233198485685756
commons-v3-need-development-v1,need_2,104,4,1.0,0.7223068181862699
commons-v3-need-development-v1,need_2,105,4,1.0,0.7222539194029898
commons-v3-need-development-v1,need_2,106,4,1.0,0.722373459310997
commons-v3-need-development-v1,need_2,107,4,1.0,0.7223185569274189
commons-v3-need-development-v1,need_2,108,4,1.0,0.7217475530788695
commons-v3-need-development-v1,need_2,109,4,1.0,0.7215674977665741
commons-v3-need-development-v1,need_2,110,4,1.0,0.7211041363181936
commons-v3-need-development-v1,need_2,111,4,1.0,0.7209005708253722
commons-v3-need-development-v1,need_2,112,4,1.0,0.720588062932472
commons-v3-need-development-v1,need_2,113,4,1.0,0.7193823940084381
commons-v3-need-development-v1,need_2,114,4,1.0,0.7190900037729553
commons-v3-need-development-v1,need_2,115,4,1.0,0.7184946470609629
commons-v3-need-development-v1,need_2,116,4,1.0,0.7180010334128507
commons-v3-need-development-v1,need_2,117,4,1.0,0.7175228800242156
commons-v3-need-development-v1,need_2,118,4,1.0,0.7176505923437432
commons-v3-need-development-v1,need_2,119,4,1.0,0.7177247810780915
commons-v3-need-development-v1,need_2,120,4,1.0,0.7177856433539168
commons-v3-need-development-v1,need_2,121,4,1.0,0.7175144062307988
commons-v3-need-development-v1,need_2,122,4,1.0,0.717268529058549
commons-v3-need-development-v1,need_2,123,4,1.0,0.7163470751787229
commons-v3-need-development-v1,need_2,124,4,1.0,0.7158731697800198
commons-v3-need-development-v1,need_2,125,4,1.0,0.7153120113327417
commons-v3-need-development-v1,need_2,126,4,1.0,0.7151216239175218
commons-v3-need-development-v1,need_2,127,4,1.0,0.7141411702941485
commons-v3-need-development-v1,need_2,128,4,1.0,0.7139038852642723
commons-v3-need-development-v1,need_2,129,4,1.0,0.7132818884255354
commons-v3-need-development-v1,need_2,130,4,1.0,0.7127015828712964
commons-v3-need-development-v1,need_2,131,4,1.0,0.7118160863634895
commons-v3-need-development-v1,need_2,132,4,1.0,0.7116800662247501
commons-v3-need-development-v1,need_2,133,4,1.0,0.7112908328700811
commons-v3-need-development-v1,need_2,134,4,1.0,0.7104525578564395
commons-v3-need-development-v1,need_2,135,4,1.0,0.7095044951433691
commons-v3-need-development-v1,need_2,136,4,1.0,0.7090769079337287
commons-v3-need-development-v1,need_2,137,4,1.0,0.7084130498547343
commons-v3-need-development-v1,need_2,138,4,1.0,0.7075249502365315
commons-v3-need-development-v1,need_2,139,4,1.0,0.7077789610694777
commons-v3-need-development-v1,need_2,140,4,1.0,0.7066961310385685
commons-v3-need-development-v1,need_2,141,4,1.0,0.7063260401505492
commons-v3-need-development-v1,need_2,142,4,1.0,0.7060014633087166
commons-v3-need-development-v1,need_2,143,4,1.0,0.7054950517732721
commons-v3-need-development-v1,need_2,144,4,1.0,0.7047653342420969
commons-v3-need-development-v1,need_2,145,4,1.0,0.7044695332669484
commons-v3-need-development-v1,need_2,146,4,1.0,0.7030926985737833
commons-v3-need-development-v1,need_2,147,4,1.0,0.7019723448174515
commons-v3-need-development-v1,need_2,148,4,1.0,0.7008444200107403
commons-v3-need-development-v1,need_2,149,4,1.0,0.7007846414850449
commons-v3-need-development-v1,need_2,150,4,1.0,0.6993908140768546
commons-v3-need-development-v1,need_2,151,4,1.0,0.6990330118912299
commons-v3-need-development-v1,need_2,152,4,1.0,0.6981091989728755
commons-v3-need-development-v1,need_2,153,4,1.0,0.6972706724082054
commons-v3-need-development-v1,need_2,154,4,1.0,0.6969954744019284
commons-v3-need-development-v1,need_2,155,4,1.0,0.6964079421341611
commons-v3-need-development-v1,need_2,156,4,1.0,0.6954577516314042
commons-v3-need-development-v1,need_2,157,4,1.0,0.6943970221565217
commons-v3-need-development-v1,need_2,158,4,1.0,0.6933671485982227
commons-v3-need-development-v1,need_2,159,4,1.0,0.6920303412951273
commons-v3-need-development-v1,need_2,160,4,1.0,0.691127436257376
commons-v3-need-development-v1,need_2,161,4,1.0,0.6902148653439677
commons-v3-need-development-v1,need_2,162,4,1.0,0.6888284229464889
commons-v3-need-development-v1,need_2,163,4,1.0,0.687412625703282
commons-v3-need-development-v1,need_2,164,4,1.0,0.6853386520985851
commons-v3-need-development-v1,need_2,165,4,1.0,0.6836519260572477
commons-v3-need-development-v1,need_2,166,4,1.0,0.6819460198797641
commons-v3-need-development-v1,need_2,167,4,1.0,0.6806447843192619
commons-v3-need-development-v1,need_2,168,4,1.0,0.6787560833828301
commons-v3-need-development-v1,need_2,169,4,1.0,0.6768565857535388
commons-v3-need-development-v1,need_2,170,4,1.0,0.6746349141259154
commons-v3-need-development-v1,need_2,171,4,1.0,0.6729014950893322
commons-v3-need-development-v1,need_2,172,4,1.0,0.6707278712683001
commons-v3-need-development-v1,need_2,173,4,0.9823220527574377,0.6682901771198828
commons-v3-need-development-v1,need_2,174,4,0.9791666666666667,0.6657789633627627
commons-v3-need-development-v1,need_2,175,4,0.9791666666666667,0.6633113099553679
commons-v3-need-development-v1,need_2,176,4,1.0,0.6583369764185661
commons-v3-need-development-v1,need_2,177,4,1.0,0.6547233196033737
commons-v3-need-development-v1,need_2,178,4,1.0,0.6520394382921186
commons-v3-need-development-v1,need_2,179,4,1.0,0.6487844644641102
commons-v3-need-development-v1,need_2,180,4,0.9809937752130301,0.6450990696063353
commons-v3-need-development-v1,need_2,181,4,0.9791666666666667,0.6419764072169517
commons-v3-need-development-v1,need_2,182,4,0.9791666666666667,0.6389285412167851
commons-v3-need-development-v1,need_2,183,4,0.9703048554034425,0.6359852167943085
commons-v3-need-development-v1,need_2,184,4,0.9586386403277191,0.6332647509756906
commons-v3-need-development-v1,need_2,185,4,0.9583333333333334,0.629294356665902
commons-v3-need-development-v1,need_2,186,4,0.96875,0.6235858564290341
commons-v3-need-development-v1,need_2,187,4,0.9695549995976915,0.6181380853312628
commons-v3-need-development-v1,need_2,188,4,0.9791666666666667,0.6116588292767794
commons-v3-need-development-v1,need_2,189,4,0.9798551457809743,0.6084463470123993
commons-v3-need-development-v1,need_2,190,4,0.9598624267319895,0.6057220482231672
commons-v3-need-development-v1,need_2,191,4,0.9206348487451088,0.6022770970866317
commons-v3-need-development-v1,need_2,192,4,0.8965038320881484,0.5988260145052093
commons-v3-need-development-v1,need_2,193,4,0.9166666666666667,0.5931057655229406
commons-v3-need-development-v1,need_2,194,4,0.9294604164121217,0.5894207335051446
commons-v3-need-development-v1,need_2,195,4,0.9146386393895524,0.5867339843199297
commons-v3-need-development-v1,need_2,196,4,0.8890377783257849,0.58442759171438
commons-v3-need-development-v1,need_2,197,4,0.8861487902571361,0.5812410282369136
commons-v3-need-development-v1,need_2,198,4,0.8958333333333334,0.5765913702249214
commons-v3-need-development-v1,need_2,199,4,0.9288577603284582,0.5680644131410768
commons-v3-need-development-v1,need_2,200,4,0.9273167160942248,0.563955804274102
commons-v3-need-development-v1,need_2,201,4,0.9270833333333334,0.5603270785273072
commons-v3-need-development-v1,need_2,202,4,0.895676997592489,0.5566104188073328
commons-v3-need-development-v1,need_2,203,4,0.8918347368631723,0.5523932464201261
commons-v3-need-development-v1,need_2,204,4,0.883857789707061,0.5474107829589527
commons-v3-need-development-v1,need_2,205,4,0.8756596227960322,0.5438365352635831
commons-v3-need-development-v1,need_2,206,4,0.8952006439658171,0.5387956642860426
commons-v3-need-development-v1,need_2,207,4,0.8550055702450815,0.5368834210145133
commons-v3-need-development-v1,need_2,208,4,0.8609693138655203,0.5315636515146718
commons-v3-need-development-v1,need_2,209,4,0.8651638414043308,0.5267501486064605
commons-v3-need-development-v1,need_2,210,4,0.865316417926241,0.5237556041738589
commons-v3-need-development-v1,need_2,211,4,0.8652167119541216,0.5214530330621945
commons-v3-need-development-v1,need_2,212,4,0.845207659001211,0.5190998181328681
commons-v3-need-development-v1,need_2,213,4,0.8437718160322589,0.5167760848574383
commons-v3-need-development-v1,need_2,214,4,0.8548546316643559,0.5130057390366501
commons-v3-need-development-v1,need_2,215,4,0.8645833333333334,0.5087261149646304
commons-v3-need-development-v1,need_2,216,4,0.8660606317902537,0.5052738291188683
commons-v3-need-development-v1,need_2,217,4,0.8653405415108993,0.5023967593624683
commons-v3-need-development-v1,need_2,218,4,0.8645833333333334,0.5003240699699826
commons-v3-need-development-v1,need_2,219,4,0.8523605722726854,0.49880376630766116
commons-v3-need-development-v1,need_2,220,4,0.8333333333333334,0.4975551929025088
commons-v3-need-development-v1,need_2,221,4,0.8539615713458518,0.4941060599881562
commons-v3-need-development-v1,need_2,222,4,0.8548296829135134,0.4912484260734641
commons-v3-need-development-v1,need_2,223,4,0.8372958962964794,0.49145034037726537
commons-v3-need-development-v1,need_2,224,4,0.8277866297287185,0.48916498400180924
commons-v3-need-development-v1,need_2,225,4,0.8232178886833432,0.48894277079713944
commons-v3-need-development-v1,need_2,226,4,0.8427123837625347,0.48696748309421395
commons-v3-need-development-v1,need_2,227,4,0.8128816678239766,0.48400512801322054
commons-v3-need-development-v1,need_2,228,4,0.823734640349036,0.48214032834451853
commons-v3-need-development-v1,need_2,229,4,0.8333333333333334,0.4797944088399425
commons-v3-need-development-v1,need_2,230,4,0.819633862639626,0.4786299616178554
commons-v3-need-development-v1,need_2,231,4,0.8184726422107361,0.4755486609913885
commons-v3-need-development-v1,need_2,232,4,0.7909720041392825,0.4753575986651744
commons-v3-need-development-v1,need_2,233,4,0.7732035985510729,0.4755134839531459
commons-v3-need-development-v1,need_2,234,4,0.7399972608136403,0.47488179025437693
commons-v3-need-development-v1,need_2,235,4,0.75044147550971,0.4731367923842413
commons-v3-need-development-v1,need_2,236,4,0.7615313790923686,0.4701019788753639
commons-v3-need-development-v1,need_2,237,4,0.7604166666666667,0.4670985257910024
commons-v3-need-development-v1,need_2,238,4,0.7714243921765517,0.46295701022567787
commons-v3-need-development-v1,need_2,239,4,0.7818576404254949,0.45946987838849535
commons-v3-need-development-v1,need_2,240,4,0.7617760490498922,0.45741931412495695
commons-v3-need-development-v1,need_2,241,4,0.7195843584213952,0.45704814292145396
commons-v3-need-development-v1,need_2,242,4,0.7040787398937466,0.4580582958436544
commons-v3-need-development-v1,need_2,243,4,0.6805893486477862,0.4568791702515686
commons-v3-need-development-v1,need_2,244,4,0.6680785412491916,0.4549858086268387
commons-v3-need-development-v1,need_2,245,4,0.6892716389419002,0.45125433713890223
commons-v3-need-development-v1,need_2,246,4,0.6875,0.45016667960292833
commons-v3-need-development-v1,need_2,247,4,0.6881512896776343,0.45089273811731884
commons-v3-need-development-v1,need_2,248,4,0.6759484779129801,0.4517874220109664
commons-v3-need-development-v1,need_2,249,4,0.6312078726500381,0.45356937841527595
commons-v3-need-development-v1,need_2,250,4,0.5986747329045664,0.45586639310267885
commons-v3-need-development-v1,need_2,251,4,0.6145833333333334,0.45575514868955547
commons-v3-need-development-v1,need_2,252,4,0.609905084127411,0.4549970047004914
commons-v3-need-development-v1,need_2,253,4,0.6154152840889437,0.45421847471812027
commons-v3-need-development-v1,need_2,254,4,0.6154720638827595,0.4543126649095544
commons-v3-need-development-v1,need_2,255,4,0.6361058387606805,0.45108685099052714
commons-v3-need-development-v1,need_2,256,4,0.6382094281689553,0.4495601834783368
commons-v3-need-development-v1,focal_greedy_need_0,1,4,1.0,0.997532321300688
commons-v3-need-development-v1,focal_greedy_need_0,2,4,0.8697916645833335,0.9844502646217705
commons-v3-need-development-v1,focal_greedy_need_0,3,4,1.0,0.9489412526918188
commons-v3-need-development-v1,focal_greedy_need_0,4,4,1.0,0.9201966034552775
commons-v3-need-development-v1,focal_greedy_need_0,5,4,1.0,0.896143302580927
commons-v3-need-development-v1,focal_greedy_need_0,6,4,1.0,0.8758462617190461
commons-v3-need-development-v1,focal_greedy_need_0,7,4,1.0,0.8578242077018539
commons-v3-need-development-v1,focal_greedy_need_0,8,4,1.0,0.8421673300827576
commons-v3-need-development-v1,focal_greedy_need_0,9,4,1.0,0.8285664309703367
commons-v3-need-development-v1,focal_greedy_need_0,10,4,1.0,0.8149138025840754
commons-v3-need-development-v1,focal_greedy_need_0,11,4,1.0,0.8018031592833013
commons-v3-need-development-v1,focal_greedy_need_0,12,4,0.9983658341164721,0.7898310543547565
commons-v3-need-development-v1,focal_greedy_need_0,13,4,0.9840023131547811,0.780496755019233
commons-v3-need-development-v1,focal_greedy_need_0,14,4,0.96875,0.7745563215220429
commons-v3-need-development-v1,focal_greedy_need_0,15,4,0.96875,0.7689862845155421
commons-v3-need-development-v1,focal_greedy_need_0,16,4,0.96875,0.7635231098439095
commons-v3-need-development-v1,focal_greedy_need_0,17,4,0.9693716305448737,0.7587704099383141
commons-v3-need-development-v1,focal_greedy_need_0,18,4,0.9700139493612865,0.753701969240935
commons-v3-need-development-v1,focal_greedy_need_0,19,4,0.96875,0.7484104770466791
commons-v3-need-development-v1,focal_greedy_need_0,20,4,0.96875,0.7427677951545903
commons-v3-need-development-v1,focal_greedy_need_0,21,4,0.96875,0.7360089173498147
commons-v3-need-development-v1,focal_greedy_need_0,22,4,0.969419485163718,0.7288254852431855
commons-v3-need-development-v1,focal_greedy_need_0,23,4,0.9701093400924514,0.7213398012506061
commons-v3-need-development-v1,focal_greedy_need_0,24,4,0.9676608044493509,0.7136519388430042
commons-v3-need-development-v1,focal_greedy_need_0,25,4,0.9441840501947092,0.7070029455510606
commons-v3-need-development-v1,focal_greedy_need_0,26,4,0.9270833333333334,0.702652281135189
commons-v3-need-development-v1,focal_greedy_need_0,27,4,0.9278805972107027,0.698799425571133
commons-v3-need-development-v1,focal_greedy_need_0,28,4,0.9284843961075306,0.6929116982951774
commons-v3-need-development-v1,focal_greedy_need_0,29,4,0.9270833333333334,0.6864057245584844
commons-v3-need-development-v1,focal_greedy_need_0,30,4,0.9174444374252788,0.6808541469800815
commons-v3-need-development-v1,focal_greedy_need_0,31,4,0.9025857144764164,0.6767271377732706
commons-v3-need-development-v1,focal_greedy_need_0,32,4,0.8965611823956476,0.6733063728511207
commons-v3-need-development-v1,focal_greedy_need_0,33,4,0.8971757931454527,0.6701771268360377
commons-v3-need-development-v1,focal_greedy_need_0,34,4,0.9062500000000001,0.6668982961287202
commons-v3-need-development-v1,focal_greedy_need_0,35,4,0.9069719700555035,0.6619808902441047
commons-v3-need-development-v1,focal_greedy_need_0,36,4,0.917357021309792,0.6564893849849552
commons-v3-need-development-v1,focal_greedy_need_0,37,4,0.9270833333333334,0.6500970155064124
commons-v3-need-development-v1,focal_greedy_need_0,38,4,0.9244268178373656,0.6427549973203077
commons-v3-need-development-v1,focal_greedy_need_0,39,4,0.9166666666666667,0.6362248826173691
commons-v3-need-development-v1,focal_greedy_need_0,40,4,0.906908874157521,0.6313799986835829
commons-v3-need-development-v1,focal_greedy_need_0,41,4,0.9023434350855273,0.6286957927186086
commons-v3-need-development-v1,focal_greedy_need_0,42,4,0.9164244620553498,0.6247975633180605
commons-v3-need-development-v1,focal_greedy_need_0,43,4,0.9069210504993847,0.62164079359242
commons-v3-need-development-v1,focal_greedy_need_0,44,4,0.9021570851178174,0.616988461094063
commons-v3-need-development-v1,focal_greedy_need_0,45,4,0.8861081578959689,0.6146915964603359
commons-v3-need-development-v1,focal_greedy_need_0,46,4,0.8965595366647681,0.6105844341045654
commons-v3-need-development-v1,focal_greedy_need_0,47,4,0.9068862561857665,0.6045360110511485
commons-v3-need-development-v1,focal_greedy_need_0,48,4,0.905953142887092,0.5990064188305044
commons-v3-need-development-v1,focal_greedy_need_0,49,4,0.8965103356147033,0.5953566280960306
commons-v3-need-development-v1,focal_greedy_need_0,50,4,0.8958333333333334,0.5895301207628734
commons-v3-need-development-v1,focal_greedy_need_0,51,4,0.8958333333333334,0.5831988670706391
commons-v3-need-development-v1,focal_greedy_need_0,52,4,0.88610443980693,0.5788477736421419
commons-v3-need-development-v1,focal_greedy_need_0,53,4,0.8958395641959556,0.5734141407513929
commons-v3-need-development-v1,focal_greedy_need_0,54,4,0.8645833333333334,0.5692278483268554
commons-v3-need-development-v1,focal_greedy_need_0,55,4,0.8541666666666667,0.5682172602207569
commons-v3-need-development-v1,focal_greedy_need_0,56,4,0.8598467481273968,0.5659634837329888
commons-v3-need-development-v1,focal_greedy_need_0,57,4,0.8535975289724905,0.5638445288943347
commons-v3-need-development-v1,focal_greedy_need_0,58,4,0.8183278750368372,0.5642727740261686
commons-v3-need-development-v1,focal_greedy_need_0,59,4,0.8106764111618688,0.5649681488550358
commons-v3-need-development-v1,focal_greedy_need_0,60,4,0.8020833333333334,0.5658081507507173
commons-v3-need-development-v1,focal_greedy_need_0,61,4,0.8111737055417281,0.567074611019743
commons-v3-need-development-v1,focal_greedy_need_0,62,4,0.8131318964728289,0.5683406754784117
commons-v3-need-development-v1,focal_greedy_need_0,63,4,0.8339982637278632,0.5683106646349706
commons-v3-need-development-v1,focal_greedy_need_0,64,4,0.8333333333333334,0.5685355175236604
commons-v3-need-development-v1,focal_greedy_need_0,65,4,0.8333333333333334,0.5684653723475844
commons-v3-need-development-v1,focal_greedy_need_0,66,4,0.8439288433151402,0.5681135615113859
commons-v3-need-development-v1,focal_greedy_need_0,67,4,0.8437500000000001,0.5662874696345829
commons-v3-need-development-v1,focal_greedy_need_0,68,4,0.8437500000000001,0.5640846786975295
commons-v3-need-development-v1,focal_greedy_need_0,69,4,0.8573470992869561,0.5609247939866483
commons-v3-need-development-v1,focal_greedy_need_0,70,4,0.8645833333333335,0.558826233297455
commons-v3-need-development-v1,focal_greedy_need_0,71,4,0.8541666666666667,0.5580860915386148
commons-v3-need-development-v1,focal_greedy_need_0,72,4,0.8541666666666667,0.5565604943407687
commons-v3-need-development-v1,focal_greedy_need_0,73,4,0.8819642776367773,0.5532561032851095
commons-v3-need-development-v1,focal_greedy_need_0,74,4,0.8541666666666667,0.5504262302777637
commons-v3-need-development-v1,focal_greedy_need_0,75,4,0.8541666666666667,0.5480098524675143
commons-v3-need-development-v1,focal_greedy_need_0,76,4,0.8541666666666667,0.5457845151389638
commons-v3-need-development-v1,focal_greedy_need_0,77,4,0.8541666666666667,0.5431843519491327
commons-v3-need-development-v1,focal_greedy_need_0,78,4,0.8589745040410739,0.5405289917865097
commons-v3-need-development-v1,focal_greedy_need_0,79,4,0.8541666666666667,0.5361352528735046
commons-v3-need-development-v1,focal_greedy_need_0,80,4,0.8176865007950731,0.5336334675439012
commons-v3-need-development-v1,focal_greedy_need_0,81,4,0.7916666666666667,0.5340432871929921
commons-v3-need-development-v1,focal_greedy_need_0,82,4,0.7708333333333334,0.5361799517023369
commons-v3-need-development-v1,focal_greedy_need_0,83,4,0.7715646465983124,0.5385964059477795
commons-v3-need-development-v1,focal_greedy_need_0,84,4,0.7891194384344025,0.5392474290118189
commons-v3-need-development-v1,focal_greedy_need_0,85,4,0.78125,0.5418981204489182
commons-v3-need-development-v1,focal_greedy_need_0,86,4,0.7897840016465302,0.5434237929079624
commons-v3-need-development-v1,focal_greedy_need_0,87,4,0.78125,0.5464292851323724
commons-v3-need-development-v1,focal_greedy_need_0,88,4,0.7924467137764748,0.5491408449637647
commons-v3-need-development-v1,focal_greedy_need_0,89,4,0.7916978087899356,0.5517218562406734
commons-v3-need-development-v1,focal_greedy_need_0,90,4,0.7916666666666667,0.5542969528149142
commons-v3-need-development-v1,focal_greedy_need_0,91,4,0.7916887250015056,0.5563048578300066
commons-v3-need-development-v1,focal_greedy_need_0,92,4,0.7977288488863539,0.5572784551636039
commons-v3-need-development-v1,focal_greedy_need_0,93,4,0.7522891029245112,0.5602244110213972
commons-v3-need-development-v1,focal_greedy_need_0,94,4,0.7287466772403688,0.5637120120603494
commons-v3-need-development-v1,focal_greedy_need_0,95,4,0.71875,0.5669435576982644
commons-v3-need-development-v1,focal_greedy_need_0,96,4,0.7291666666666667,0.5684726461999104
commons-v3-need-development-v1,focal_greedy_need_0,97,4,0.7291785611338204,0.5709688295628793
commons-v3-need-development-v1,focal_greedy_need_0,98,4,0.6979166666666667,0.5744930752493641
commons-v3-need-development-v1,focal_greedy_need_0,99,4,0.6989770461307012,0.5767921709166226
commons-v3-need-development-v1,focal_greedy_need_0,100,4,0.7256596323300244,0.5779727903698777
commons-v3-need-development-v1,focal_greedy_need_0,101,4,0.7144673020048005,0.5790261550733967
commons-v3-need-development-v1,focal_greedy_need_0,102,4,0.6979166666666667,0.5799240868018136
commons-v3-need-development-v1,focal_greedy_need_0,103,4,0.7084707733600929,0.5797452270225394
commons-v3-need-development-v1,focal_greedy_need_0,104,4,0.7201131896576061,0.5795555137053099
commons-v3-need-development-v1,focal_greedy_need_0,105,4,0.71875,0.5799124901827589
commons-v3-need-development-v1,focal_greedy_need_0,106,4,0.7199305126941757,0.5790981757559805
commons-v3-need-development-v1,focal_greedy_need_0,107,4,0.71875,0.5766194959575777
commons-v3-need-development-v1,focal_greedy_need_0,108,4,0.7293038416433183,0.5735401306801872
commons-v3-need-development-v1,focal_greedy_need_0,109,4,0.7325427961387407,0.5714612163827831
commons-v3-need-development-v1,focal_greedy_need_0,110,4,0.7291666666666667,0.5701682584220864
commons-v3-need-development-v1,focal_greedy_need_0,111,4,0.7291666666666667,0.5701206723016674
commons-v3-need-development-v1,focal_greedy_need_0,112,4,0.7291666666666667,0.5696638479456527
commons-v3-need-development-v1,focal_greedy_need_0,113,4,0.7610284487594777,0.5651891368637684
commons-v3-need-development-v1,focal_greedy_need_0,114,4,0.7604166666666667,0.5617394576440188
commons-v3-need-development-v1,focal_greedy_need_0,115,4,0.7604166666666667,0.5582585325659626
commons-v3-need-development-v1,focal_greedy_need_0,116,4,0.7293856429184573,0.5561007117025883
commons-v3-need-development-v1,focal_greedy_need_0,117,4,0.7291666666666667,0.5533207597208638
commons-v3-need-development-v1,focal_greedy_need_0,118,4,0.7226164220605966,0.551231929449587
commons-v3-need-development-v1,focal_greedy_need_0,119,4,0.6979166666666667,0.5504581534073829
commons-v3-need-development-v1,focal_greedy_need_0,120,4,0.7049898493451755,0.5493668202171746
commons-v3-need-development-v1,focal_greedy_need_0,121,4,0.6860443700543288,0.5490968545025433
commons-v3-need-development-v1,focal_greedy_need_0,122,4,0.6680226898139123,0.5500811431375623
commons-v3-need-development-v1,focal_greedy_need_0,123,4,0.668042046448826,0.5508229379283907
commons-v3-need-development-v1,focal_greedy_need_0,124,4,0.6666666666666667,0.5505267586699713
commons-v3-need-development-v1,focal_greedy_need_0,125,4,0.6667265235728396,0.5501006621286703
commons-v3-need-development-v1,focal_greedy_need_0,126,4,0.6666666666666667,0.5506030353241261
commons-v3-need-development-v1,focal_greedy_need_0,127,4,0.6624615773102434,0.5511285492425929
commons-v3-need-development-v1,focal_greedy_need_0,128,4,0.6369044855627005,0.5537752084862849
commons-v3-need-development-v1,focal_greedy_need_0,129,4,0.6458333333333334,0.5562734293883216
commons-v3-need-development-v1,focal_greedy_need_0,130,4,0.6465767999511047,0.5572986375858838
commons-v3-need-development-v1,focal_greedy_need_0,131,4,0.65625,0.5556716121057852
commons-v3-need-development-v1,focal_greedy_need_0,132,4,0.667317529398943,0.5540369592039021
commons-v3-need-development-v1,focal_greedy_need_0,133,4,0.6255552085537573,0.555819400705809
commons-v3-need-development-v1,focal_greedy_need_0,134,4,0.625,0.5581769246846061
commons-v3-need-development-v1,focal_greedy_need_0,135,4,0.625,0.5598595370062586
commons-v3-need-development-v1,focal_greedy_need_0,136,4,0.6289997382550997,0.5620053184297891
commons-v3-need-development-v1,focal_greedy_need_0,137,4,0.6354166666666667,0.5636834192445977
commons-v3-need-development-v1,focal_greedy_need_0,138,4,0.6355098299768316,0.5630526975957397
commons-v3-need-development-v1,focal_greedy_need_0,139,4,0.6354166666666667,0.5629622027141773
commons-v3-need-development-v1,focal_greedy_need_0,140,4,0.6354166666666667,0.5622838343777337
commons-v3-need-development-v1,focal_greedy_need_0,141,4,0.6354166666666667,0.5619159595000833
commons-v3-need-development-v1,focal_greedy_need_0,142,4,0.6354166666666667,0.5610833807049687
commons-v3-need-development-v1,focal_greedy_need_0,143,4,0.6360534935676591,0.559720349732962
commons-v3-need-development-v1,focal_greedy_need_0,144,4,0.6016523803566496,0.5598728783815397
commons-v3-need-development-v1,focal_greedy_need_0,145,4,0.5912782686563514,0.560772926272407
commons-v3-need-development-v1,focal_greedy_need_0,146,4,0.5938344074164723,0.5600657858765986
commons-v3-need-development-v1,focal_greedy_need_0,147,4,0.59375,0.5607748055934338
commons-v3-need-development-v1,focal_greedy_need_0,148,4,0.59375,0.5612386538681938
commons-v3-need-development-v1,focal_greedy_need_0,149,4,0.5944577899421629,0.562494167197584
commons-v3-need-development-v1,focal_greedy_need_0,150,4,0.6048126573943486,0.5612271730289863
commons-v3-need-development-v1,focal_greedy_need_0,151,4,0.604739930397282,0.5599535062612819
commons-v3-need-development-v1,focal_greedy_need_0,152,4,0.6041666666666667,0.5597222462033957
commons-v3-need-development-v1,focal_greedy_need_0,153,4,0.6041666666666667,0.5599888586444544
commons-v3-need-development-v1,focal_greedy_need_0,154,4,0.6047782789117454,0.558709335532925
commons-v3-need-development-v1,focal_greedy_need_0,155,4,0.5735760893097479,0.5597521003703665
commons-v3-need-development-v1,focal_greedy_need_0,156,4,0.5736234305777861,0.5608819084099161
commons-v3-need-development-v1,focal_greedy_need_0,157,4,0.5729166666666666,0.5624713952893122
commons-v3-need-development-v1,focal_greedy_need_0,158,4,0.5729166666666666,0.5636506699145547
commons-v3-need-development-v1,focal_greedy_need_0,159,4,0.5876617298109648,0.563012155544461
commons-v3-need-development-v1,focal_greedy_need_0,160,4,0.5736353067009743,0.5640338446642906
commons-v3-need-development-v1,focal_greedy_need_0,161,4,0.5736467438102543,0.5644032424089256
commons-v3-need-development-v1,focal_greedy_need_0,162,4,0.5729166666666666,0.5647877648567132
commons-v3-need-development-v1,focal_greedy_need_0,163,4,0.5729166666666666,0.5633143662223432
commons-v3-need-development-v1,focal_greedy_need_0,164,4,0.5719923597745481,0.5627680133431592
commons-v3-need-development-v1,focal_greedy_need_0,165,4,0.5631349299529805,0.5630872804445207
commons-v3-need-development-v1,focal_greedy_need_0,166,4,0.5631733639899537,0.5640487674992237
commons-v3-need-development-v1,focal_greedy_need_0,167,4,0.5625,0.5654616896353071
commons-v3-need-development-v1,focal_greedy_need_0,168,4,0.5729166666666667,0.5658260325803738
commons-v3-need-development-v1,focal_greedy_need_0,169,4,0.5839182346677768,0.5660020557856131
commons-v3-need-development-v1,focal_greedy_need_0,170,4,0.5833333333333334,0.5643183738837385
commons-v3-need-development-v1,focal_greedy_need_0,171,4,0.5840434730670593,0.5622568774213457
commons-v3-need-development-v1,focal_greedy_need_0,172,4,0.5833333333333334,0.5606105677771527
commons-v3-need-development-v1,focal_greedy_need_0,173,4,0.5833333333333334,0.5591673574353346
commons-v3-need-development-v1,focal_greedy_need_0,174,4,0.5839771277385069,0.5571037539565074
commons-v3-need-development-v1,focal_greedy_need_0,175,4,0.5625,0.5555246804221178
commons-v3-need-development-v1,focal_greedy_need_0,176,4,0.5423312080346865,0.5551648403724017
commons-v3-need-development-v1,focal_greedy_need_0,177,4,0.5416666666666667,0.5548478284858285
commons-v3-need-development-v1,focal_greedy_need_0,178,4,0.5508511431086778,0.5535010694045087
commons-v3-need-development-v1,focal_greedy_need_0,179,4,0.5540764411667055,0.5516940250384437
commons-v3-need-development-v1,focal_greedy_need_0,180,4,0.5416666666666667,0.5502650990489288
commons-v3-need-development-v1,focal_greedy_need_0,181,4,0.5208333333333334,0.549877493269225
commons-v3-need-development-v1,focal_greedy_need_0,182,4,0.5208333333333334,0.5491946172187089
commons-v3-need-development-v1,focal_greedy_need_0,183,4,0.545495005972067,0.5478608779495133
commons-v3-need-development-v1,focal_greedy_need_0,184,4,0.53125,0.5475296334154756
commons-v3-need-development-v1,focal_greedy_need_0,185,4,0.53125,0.5468199271774524
commons-v3-need-development-v1,focal_greedy_need_0,186,4,0.53125,0.5460476716028646
commons-v3-need-development-v1,focal_greedy_need_0,187,4,0.53125,0.5454117229197606
commons-v3-need-development-v1,focal_greedy_need_0,188,4,0.53125,0.5441612958532585
commons-v3-need-development-v1,focal_greedy_need_0,189,4,0.53125,0.5436177386079875
commons-v3-need-development-v1,focal_greedy_need_0,190,4,0.5104166666666667,0.5431938453632998
commons-v3-need-development-v1,focal_greedy_need_0,191,4,0.5088282315408833,0.5424811142897283
commons-v3-need-development-v1,focal_greedy_need_0,192,4,0.48958333333333337,0.542820929148568
commons-v3-need-development-v1,focal_greedy_need_0,193,4,0.48958333333333337,0.5428378686730888
commons-v3-need-development-v1,focal_greedy_need_0,194,4,0.49556302974560157,0.5410374414011015
commons-v3-need-development-v1,focal_greedy_need_0,195,4,0.46875,0.540806274413693
commons-v3-need-development-v1,focal_greedy_need_0,196,4,0.46875,0.5407503737132406
commons-v3-need-development-v1,focal_greedy_need_0,197,4,0.46875,0.5402002951312578
commons-v3-need-development-v1,focal_greedy_need_0,198,4,0.46875,0.5400530578426148
commons-v3-need-development-v1,focal_greedy_need_0,199,4,0.47338350402241586,0.5391475767071167
commons-v3-need-development-v1,focal_greedy_need_0,200,4,0.46875,0.538604041532728
commons-v3-need-development-v1,focal_greedy_need_0,201,4,0.46875,0.5382522511773786
commons-v3-need-development-v1,focal_greedy_need_0,202,4,0.46726527876578416,0.5379909951505747
commons-v3-need-development-v1,focal_greedy_need_0,203,4,0.4479166666666667,0.5383936533700601
commons-v3-need-development-v1,focal_greedy_need_0,204,4,0.42708333333333337,0.5397643600515721
commons-v3-need-development-v1,focal_greedy_need_0,205,4,0.42708333333333337,0.5410646700378409
commons-v3-need-development-v1,focal_greedy_need_0,206,4,0.4375,0.5418479222971287
commons-v3-need-development-v1,focal_greedy_need_0,207,4,0.43033982639965634,0.5428354660483953
commons-v3-need-development-v1,focal_greedy_need_0,208,4,0.41169467873915255,0.5439481140091781
commons-v3-need-development-v1,focal_greedy_need_0,209,4,0.40625,0.5455424200353818
commons-v3-need-development-v1,focal_greedy_need_0,210,4,0.40625,0.5468423878817793
commons-v3-need-development-v1,focal_greedy_need_0,211,4,0.40625,0.5483259512400035
commons-v3-need-development-v1,focal_greedy_need_0,212,4,0.40686835502502877,0.5495876005607843
commons-v3-need-development-v1,focal_greedy_need_0,213,4,0.4062718160322589,0.5507788112599485
commons-v3-need-development-v1,focal_greedy_need_0,214,4,0.40625,0.5517027993766694
commons-v3-need-development-v1,focal_greedy_need_0,215,4,0.40625,0.5526140622396182
commons-v3-need-development-v1,focal_greedy_need_0,216,4,0.40625,0.5537074908051655
commons-v3-need-development-v1,focal_greedy_need_0,217,4,0.4069086938221209,0.5543858413825647
commons-v3-need-development-v1,focal_greedy_need_0,218,4,0.40625,0.5550543337821126
commons-v3-need-development-v1,focal_greedy_need_0,219,4,0.40625,0.5559077903433618
commons-v3-need-development-v1,focal_greedy_need_0,220,4,0.40625,0.5565617014569448
commons-v3-need-development-v1,focal_greedy_need_0,221,4,0.40625,0.5571254983161857
commons-v3-need-development-v1,focal_greedy_need_0,222,4,0.40691301624684667,0.5577912456517342
commons-v3-need-development-v1,focal_greedy_need_0,223,4,0.40625,0.5586187741086017
commons-v3-need-development-v1,focal_greedy_need_0,224,4,0.40625,0.5587568016942306
commons-v3-need-development-v1,focal_greedy_need_0,225,4,0.40625,0.5588467188457514
commons-v3-need-development-v1,focal_greedy_need_0,226,4,0.4166666666666667,0.5585217537381023
commons-v3-need-development-v1,focal_greedy_need_0,227,4,0.4166666666666667,0.5576254756138822
commons-v3-need-development-v1,focal_greedy_need_0,228,4,0.4166666666666667,0.5569863666167864
commons-v3-need-development-v1,focal_greedy_need_0,229,4,0.4166666666666667,0.5564358483798268
commons-v3-need-development-v1,focal_greedy_need_0,230,4,0.4166666666666667,0.5555834907114168
commons-v3-need-development-v1,focal_greedy_need_0,231,4,0.4166666666666667,0.5546028032983965
commons-v3-need-development-v1,focal_greedy_need_0,232,4,0.4105862349392561,0.5533874814151256
commons-v3-need-development-v1,focal_greedy_need_0,233,4,0.39583333333333337,0.5533347585208787
commons-v3-need-development-v1,focal_greedy_need_0,234,4,0.39583333333333337,0.5529700278216307
commons-v3-need-development-v1,focal_greedy_need_0,235,4,0.39583333333333337,0.5530174134510811
commons-v3-need-development-v1,focal_greedy_need_0,236,4,0.40625,0.5523354478143028
commons-v3-need-development-v1,focal_greedy_need_0,237,4,0.39652336885323525,0.5519517911706393
commons-v3-need-development-v1,focal_greedy_need_0,238,4,0.39583333333333337,0.5515847253381484
commons-v3-need-development-v1,focal_greedy_need_0,239,4,0.39583333333333337,0.5513663479917817
commons-v3-need-development-v1,focal_greedy_need_0,240,4,0.39583333333333337,0.5510777545004454
commons-v3-need-development-v1,focal_greedy_need_0,241,4,0.4019518253137947,0.5506151591001355
commons-v3-need-development-v1,focal_greedy_need_0,242,4,0.3965201862525992,0.5504813381536205
commons-v3-need-development-v1,focal_greedy_need_0,243,4,0.39583333333333337,0.5499468362519458
commons-v3-need-development-v1,focal_greedy_need_0,244,4,0.39583333333333337,0.549372682480366
commons-v3-need-development-v1,focal_greedy_need_0,245,4,0.40625,0.5483605124433374
commons-v3-need-development-v1,focal_greedy_need_0,246,4,0.40625,0.5472722193645484
commons-v3-need-development-v1,focal_greedy_need_0,247,4,0.4069425135484147,0.5464062754871154
commons-v3-need-development-v1,focal_greedy_need_0,248,4,0.40625,0.5456309202427633
commons-v3-need-development-v1,focal_greedy_need_0,249,4,0.40625,0.5449075000205137
commons-v3-need-development-v1,focal_greedy_need_0,250,4,0.40625,0.5435713848806152
commons-v3-need-development-v1,focal_greedy_need_0,251,4,0.40625,0.5421506439785496
commons-v3-need-development-v1,focal_greedy_need_0,252,4,0.40625,0.5409686814792264
commons-v3-need-development-v1,focal_greedy_need_0,253,4,0.40625,0.5393820553256035
commons-v3-need-development-v1,focal_greedy_need_0,254,4,0.40625,0.5379218323365006
commons-v3-need-development-v1,focal_greedy_need_0,255,4,0.40625,0.5362640650408379
commons-v3-need-development-v1,focal_greedy_need_0,256,4,0.40625,0.5345097155305023
commons-v3-need-development-v1,focal_greedy_need_2,1,4,1.0,0.9660762931811042
commons-v3-need-development-v1,focal_greedy_need_2,2,4,1.0,0.917967703226049
commons-v3-need-development-v1,focal_greedy_need_2,3,4,1.0,0.8949445685413693
commons-v3-need-development-v1,focal_greedy_need_2,4,4,1.0,0.8755258848063274
commons-v3-need-development-v1,focal_greedy_need_2,5,4,1.0,0.8585777819664415
commons-v3-need-development-v1,focal_greedy_need_2,6,4,1.0,0.843747045555115
commons-v3-need-development-v1,focal_greedy_need_2,7,4,1.0,0.8300026389181601
commons-v3-need-development-v1,focal_greedy_need_2,8,4,1.0,0.8177014078631691
commons-v3-need-development-v1,focal_greedy_need_2,9,4,1.0,0.8067893615842264
commons-v3-need-development-v1,focal_greedy_need_2,10,4,1.0,0.7951531541783889
commons-v3-need-development-v1,focal_greedy_need_2,11,4,1.0,0.7834877258497897
commons-v3-need-development-v1,focal_greedy_need_2,12,4,1.0,0.774545617222467
commons-v3-need-development-v1,focal_greedy_need_2,13,4,1.0,0.7684909102462748
commons-v3-need-development-v1,focal_greedy_need_2,14,4,0.9907131571677927,0.7637333117390888
commons-v3-need-development-v1,focal_greedy_need_2,15,4,0.9846733862787711,0.759188645373501
commons-v3-need-development-v1,focal_greedy_need_2,16,4,0.96875,0.7546013557498733
commons-v3-need-development-v1,focal_greedy_need_2,17,4,0.96875,0.7493669787952149
commons-v3-need-development-v1,focal_greedy_need_2,18,4,0.9903606727437122,0.7400577058022091
commons-v3-need-development-v1,focal_greedy_need_2,19,4,0.9895833333333334,0.7340895794578672
commons-v3-need-development-v1,focal_greedy_need_2,20,4,0.9895833333333334,0.7293654702741049
commons-v3-need-development-v1,focal_greedy_need_2,21,4,0.9895833333333334,0.723509166188157
commons-v3-need-development-v1,focal_greedy_need_2,22,4,0.9895833333333334,0.717257035465018
commons-v3-need-development-v1,focal_greedy_need_2,23,4,0.990282231118248,0.7109096949093823
commons-v3-need-development-v1,focal_greedy_need_2,24,4,0.9895833333333334,0.7043638432558468
commons-v3-need-development-v1,focal_greedy_need_2,25,4,0.9895833333333334,0.6958015878640162
commons-v3-need-development-v1,focal_greedy_need_2,26,4,0.9895833333333334,0.6876283905502955
commons-v3-need-development-v1,focal_greedy_need_2,27,4,0.9895833333333334,0.6825530802843541
commons-v3-need-development-v1,focal_greedy_need_2,28,4,0.9830296242172256,0.6789551129805694
commons-v3-need-development-v1,focal_greedy_need_2,29,4,0.9643299273875607,0.6754818764643489
commons-v3-need-development-v1,focal_greedy_need_2,30,4,0.9540116827647697,0.6720543868545659
commons-v3-need-development-v1,focal_greedy_need_2,31,4,0.9583333333333334,0.6690761692703211
commons-v3-need-development-v1,focal_greedy_need_2,32,4,0.9480527658833477,0.6670412545816238
commons-v3-need-development-v1,focal_greedy_need_2,33,4,0.9390757764183981,0.6654596134989771
commons-v3-need-development-v1,focal_greedy_need_2,34,4,0.9384442485963612,0.6624825519811683
commons-v3-need-development-v1,focal_greedy_need_2,35,4,0.9479166666666667,0.658572590473296
commons-v3-need-development-v1,focal_greedy_need_2,36,4,0.9487495137586245,0.6541048475724345
commons-v3-need-development-v1,focal_greedy_need_2,37,4,0.9490108172406293,0.6494912314038772
commons-v3-need-development-v1,focal_greedy_need_2,38,4,0.9583333333333334,0.641269497289306
commons-v3-need-development-v1,focal_greedy_need_2,39,4,0.9583333333333334,0.6360174230746616
commons-v3-need-development-v1,focal_greedy_need_2,40,4,0.96875,0.6309836259204319
commons-v3-need-development-v1,focal_greedy_need_2,41,4,0.9684030817810904,0.6266353221117353
commons-v3-need-development-v1,focal_greedy_need_2,42,4,0.9574807059801503,0.6224498753593051
commons-v3-need-development-v1,focal_greedy_need_2,43,4,0.9479166666666667,0.6173824929896163
commons-v3-need-development-v1,focal_greedy_need_2,44,4,0.9479166666666667,0.6113414735177319
commons-v3-need-development-v1,focal_greedy_need_2,45,4,0.9487671280449852,0.608471478988525
commons-v3-need-development-v1,focal_greedy_need_2,46,4,0.9398541279484239,0.6064660204935992
commons-v3-need-development-v1,focal_greedy_need_2,47,4,0.8892787292107605,0.6060558240533245
commons-v3-need-development-v1,focal_greedy_need_2,48,4,0.8812562228854905,0.605529601375717
commons-v3-need-development-v1,focal_greedy_need_2,49,4,0.8958333333333335,0.6007226562593448
commons-v3-need-development-v1,focal_greedy_need_2,50,4,0.8982442101093047,0.5943787923301864
commons-v3-need-development-v1,focal_greedy_need_2,51,4,0.9075992369902436,0.5865161748790825
commons-v3-need-development-v1,focal_greedy_need_2,52,4,0.9019819395467361,0.578668625904002
commons-v3-need-development-v1,focal_greedy_need_2,53,4,0.8958333333333335,0.570451280832987
commons-v3-need-development-v1,focal_greedy_need_2,54,4,0.9166666666666667,0.5621039697237098
commons-v3-need-development-v1,focal_greedy_need_2,55,4,0.9151797119617205,0.5606499899376551
commons-v3-need-development-v1,focal_greedy_need_2,56,4,0.8908301437204738,0.5602251598749068
commons-v3-need-development-v1,focal_greedy_need_2,57,4,0.846026242376218,0.559355823011026
commons-v3-need-development-v1,focal_greedy_need_2,58,4,0.8437500000000001,0.5559019181604008
commons-v3-need-development-v1,focal_greedy_need_2,59,4,0.8437500000000001,0.5520773106948711
commons-v3-need-development-v1,focal_greedy_need_2,60,4,0.8454790193778332,0.5500653259896666
commons-v3-need-development-v1,focal_greedy_need_2,61,4,0.8440604127090973,0.5482708055147937
commons-v3-need-development-v1,focal_greedy_need_2,62,4,0.7818760679168393,0.5473142374043348
commons-v3-need-development-v1,focal_greedy_need_2,63,4,0.7812500000000001,0.5482383969671025
commons-v3-need-development-v1,focal_greedy_need_2,64,4,0.8020833333333334,0.547576648017277
commons-v3-need-development-v1,focal_greedy_need_2,65,4,0.7863471784018687,0.5453800740289261
commons-v3-need-development-v1,focal_greedy_need_2,66,4,0.7825981883604063,0.541814757140826
commons-v3-need-development-v1,focal_greedy_need_2,67,4,0.78125,0.5410579999450588
commons-v3-need-development-v1,focal_greedy_need_2,68,4,0.8020833333333334,0.5376908676004224
commons-v3-need-development-v1,focal_greedy_need_2,69,4,0.8133510622308195,0.5351693352220595
commons-v3-need-development-v1,focal_greedy_need_2,70,4,0.8248607971789735,0.5335450006377814
commons-v3-need-development-v1,focal_greedy_need_2,71,4,0.8229166666666667,0.5330631476764205
commons-v3-need-development-v1,focal_greedy_need_2,72,4,0.8229166666666667,0.5319977475413308
commons-v3-need-development-v1,focal_greedy_need_2,73,4,0.8229166666666667,0.5307361593580403
commons-v3-need-development-v1,focal_greedy_need_2,74,4,0.8339893861223024,0.5285792599999631
commons-v3-need-development-v1,focal_greedy_need_2,75,4,0.8323965439311645,0.5274509044502291
commons-v3-need-development-v1,focal_greedy_need_2,76,4,0.8229166666666667,0.5265138988720917
commons-v3-need-development-v1,focal_greedy_need_2,77,4,0.8229166666666667,0.5252675915583869
commons-v3-need-development-v1,focal_greedy_need_2,78,4,0.8229166666666667,0.5241540392468464
commons-v3-need-development-v1,focal_greedy_need_2,79,4,0.8243910539581545,0.5222318923212079
commons-v3-need-development-v1,focal_greedy_need_2,80,4,0.8237360629513711,0.5194750703403502
commons-v3-need-development-v1,focal_greedy_need_2,81,4,0.8229166666666667,0.5182207986372065
commons-v3-need-development-v1,focal_greedy_need_2,82,4,0.8229166666666667,0.5188188195509179
commons-v3-need-development-v1,focal_greedy_need_2,83,4,0.8019636449794454,0.5189615368726311
commons-v3-need-development-v1,focal_greedy_need_2,84,4,0.7723000365786233,0.5183548399445319
commons-v3-need-development-v1,focal_greedy_need_2,85,4,0.7708333333333334,0.5203737634592444
commons-v3-need-development-v1,focal_greedy_need_2,86,4,0.7672689457657298,0.5210876650598697
commons-v3-need-development-v1,focal_greedy_need_2,87,4,0.7388295695373761,0.5216621745685016
commons-v3-need-development-v1,focal_greedy_need_2,88,4,0.75,0.520085703916449
commons-v3-need-development-v1,focal_greedy_need_2,89,4,0.7506846278688373,0.5218453293874066
commons-v3-need-development-v1,focal_greedy_need_2,90,4,0.7483109302093336,0.5239244914293908
commons-v3-need-development-v1,focal_greedy_need_2,91,4,0.7716912333889141,0.5204483008663954
commons-v3-need-development-v1,focal_greedy_need_2,92,4,0.7714847895373856,0.5215508134041329
commons-v3-need-development-v1,focal_greedy_need_2,93,4,0.7653420260613469,0.5225834726688392
commons-v3-need-development-v1,focal_greedy_need_2,94,4,0.7411125939378643,0.5237896634156718
commons-v3-need-development-v1,focal_greedy_need_2,95,4,0.7395833333333334,0.5242718749204767
commons-v3-need-development-v1,focal_greedy_need_2,96,4,0.7507184100727422,0.5230678668912283
commons-v3-need-development-v1,focal_greedy_need_2,97,4,0.7503353230807215,0.5237515759534362
commons-v3-need-development-v1,focal_greedy_need_2,98,4,0.751121654547692,0.5238569089629845
commons-v3-need-development-v1,focal_greedy_need_2,99,4,0.751423238509161,0.5225041613067744
commons-v3-need-development-v1,focal_greedy_need_2,100,4,0.75,0.5220659381182015
commons-v3-need-development-v1,focal_greedy_need_2,101,4,0.7506635209833247,0.5212381200791403
commons-v3-need-development-v1,focal_greedy_need_2,102,4,0.75,0.5228827991802536
commons-v3-need-development-v1,focal_greedy_need_2,103,4,0.7610363154877344,0.5230972182720507
commons-v3-need-development-v1,focal_greedy_need_2,104,4,0.7302445467758619,0.5237802138172435
commons-v3-need-development-v1,focal_greedy_need_2,105,4,0.7291666666666667,0.5252561289588864
commons-v3-need-development-v1,focal_greedy_need_2,106,4,0.7291666666666667,0.5279999688752014
commons-v3-need-development-v1,focal_greedy_need_2,107,4,0.722977636613415,0.531036314618477
commons-v3-need-development-v1,focal_greedy_need_2,108,4,0.6985628360293357,0.5332485463299933
commons-v3-need-development-v1,focal_greedy_need_2,109,4,0.6986764170303397,0.5361765669051124
commons-v3-need-development-v1,focal_greedy_need_2,110,4,0.6979166666666667,0.5388417315955287
commons-v3-need-development-v1,focal_greedy_need_2,111,4,0.6979166666666667,0.5413675445048445
commons-v3-need-development-v1,focal_greedy_need_2,112,4,0.6979166666666667,0.5434760677306415
commons-v3-need-development-v1,focal_greedy_need_2,113,4,0.6986273658510087,0.5453550663997718
commons-v3-need-development-v1,focal_greedy_need_2,114,4,0.6993176106102107,0.5474775332866944
commons-v3-need-development-v1,focal_greedy_need_2,115,4,0.6979166666666667,0.5485548033666935
commons-v3-need-development-v1,focal_greedy_need_2,116,4,0.6979166666666667,0.5501813559943246
commons-v3-need-development-v1,focal_greedy_need_2,117,4,0.6979166666666667,0.5526982748791766
commons-v3-need-development-v1,focal_greedy_need_2,118,4,0.6966072029104191,0.5558483294483424
commons-v3-need-development-v1,focal_greedy_need_2,119,4,0.664631662632021,0.5589004845407024
commons-v3-need-development-v1,focal_greedy_need_2,120,4,0.65625,0.5616008200065556
commons-v3-need-development-v1,focal_greedy_need_2,121,4,0.65625,0.5629656625311108
commons-v3-need-development-v1,focal_greedy_need_2,122,4,0.6674524173680784,0.5627875995114628
commons-v3-need-development-v1,focal_greedy_need_2,123,4,0.6666666666666667,0.5639816998236925
commons-v3-need-development-v1,focal_greedy_need_2,124,4,0.6777966730058442,0.5643303101909489
commons-v3-need-development-v1,focal_greedy_need_2,125,4,0.6770833333333334,0.5659910070750153
commons-v3-need-development-v1,focal_greedy_need_2,126,4,0.6770833333333334,0.5676740124159865
commons-v3-need-development-v1,focal_greedy_need_2,127,4,0.6777281789118614,0.5686106689904855
commons-v3-need-development-v1,focal_greedy_need_2,128,4,0.6770833333333334,0.5704323922797346
commons-v3-need-development-v1,focal_greedy_need_2,129,4,0.6777252709756514,0.5718803689616375
commons-v3-need-development-v1,focal_greedy_need_2,130,4,0.6770833333333334,0.5734344022667156
commons-v3-need-development-v1,focal_greedy_need_2,131,4,0.6770833333333334,0.5751335497971751
commons-v3-need-development-v1,focal_greedy_need_2,132,4,0.6777180749706723,0.5772058282447424
commons-v3-need-development-v1,focal_greedy_need_2,133,4,0.6770833333333334,0.5790517805302289
commons-v3-need-development-v1,focal_greedy_need_2,134,4,0.6777609488856655,0.5809819056830764
commons-v3-need-development-v1,focal_greedy_need_2,135,4,0.6770833333333334,0.5828422831675009
commons-v3-need-development-v1,focal_greedy_need_2,136,4,0.6875,0.5837506496745554
commons-v3-need-development-v1,focal_greedy_need_2,137,4,0.6875,0.585665270830732
commons-v3-need-development-v1,focal_greedy_need_2,138,4,0.6979166666666667,0.5862169109633193
commons-v3-need-development-v1,focal_greedy_need_2,139,4,0.6979166666666667,0.5891356962929238
commons-v3-need-development-v1,focal_greedy_need_2,140,4,0.6979166666666667,0.5910515540422318
commons-v3-need-development-v1,focal_greedy_need_2,141,4,0.6979166666666667,0.5935546590930869
commons-v3-need-development-v1,focal_greedy_need_2,142,4,0.6979166666666667,0.5962603845917737
commons-v3-need-development-v1,focal_greedy_need_2,143,4,0.6979166666666667,0.5987422191519381
commons-v3-need-development-v1,focal_greedy_need_2,144,4,0.6979166666666667,0.600880298098212
commons-v3-need-development-v1,focal_greedy_need_2,145,4,0.6979166666666667,0.6031702442971434
commons-v3-need-development-v1,focal_greedy_need_2,146,4,0.6979166666666667,0.6049334405139681
commons-v3-need-development-v1,focal_greedy_need_2,147,4,0.6979166666666667,0.6066513975817165
commons-v3-need-development-v1,focal_greedy_need_2,148,4,0.6979166666666667,0.6079663997069638
commons-v3-need-development-v1,focal_greedy_need_2,149,4,0.6979166666666667,0.6100738548449465
commons-v3-need-development-v1,focal_greedy_need_2,150,4,0.6979166666666667,0.6110081671616184
commons-v3-need-development-v1,focal_greedy_need_2,151,4,0.6979166666666667,0.6127416309567159
commons-v3-need-development-v1,focal_greedy_need_2,152,4,0.6979166666666667,0.6136656855946017
commons-v3-need-development-v1,focal_greedy_need_2,153,4,0.6979166666666667,0.6146813980558478
commons-v3-need-development-v1,focal_greedy_need_2,154,4,0.6979166666666667,0.6161026999584818
commons-v3-need-development-v1,focal_greedy_need_2,155,4,0.6979166666666667,0.6174539877894843
commons-v3-need-development-v1,focal_greedy_need_2,156,4,0.6979166666666667,0.6184743333866014
commons-v3-need-development-v1,focal_greedy_need_2,157,4,0.6979166666666667,0.6197642765825365
commons-v3-need-development-v1,focal_greedy_need_2,158,4,0.6979166666666667,0.6210503474375472
commons-v3-need-development-v1,focal_greedy_need_2,159,4,0.6979166666666667,0.6217925678763679
commons-v3-need-development-v1,focal_greedy_need_2,160,4,0.6979166666666667,0.622972521372978
commons-v3-need-development-v1,focal_greedy_need_2,161,4,0.6979166666666667,0.6246588620831603
commons-v3-need-development-v1,focal_greedy_need_2,162,4,0.6979166666666667,0.6257231546816611
commons-v3-need-development-v1,focal_greedy_need_2,163,4,0.6979166666666667,0.6263447392750089
commons-v3-need-development-v1,focal_greedy_need_2,164,4,0.6979166666666667,0.6267473293753411
commons-v3-need-development-v1,focal_greedy_need_2,165,4,0.6979166666666667,0.627000571465786
commons-v3-need-development-v1,focal_greedy_need_2,166,4,0.6979166666666667,0.6274110100084663
commons-v3-need-development-v1,focal_greedy_need_2,167,4,0.6979166666666667,0.6278805451807459
commons-v3-need-development-v1,focal_greedy_need_2,168,4,0.6979166666666667,0.6280427871729191
commons-v3-need-development-v1,focal_greedy_need_2,169,4,0.6979166666666667,0.628062894966827
commons-v3-need-development-v1,focal_greedy_need_2,170,4,0.6979166666666667,0.627444539321528
commons-v3-need-development-v1,focal_greedy_need_2,171,4,0.6979166666666667,0.6267364614430804
commons-v3-need-development-v1,focal_greedy_need_2,172,4,0.6979166666666667,0.6257728864123281
commons-v3-need-development-v1,focal_greedy_need_2,173,4,0.6979166666666667,0.6242487777612308
commons-v3-need-development-v1,focal_greedy_need_2,174,4,0.6979166666666667,0.6224621877611507
commons-v3-need-development-v1,focal_greedy_need_2,175,4,0.6979166666666667,0.6206038227327537
commons-v3-need-development-v1,focal_greedy_need_2,176,4,0.6979166666666667,0.618345091306754
commons-v3-need-development-v1,focal_greedy_need_2,177,4,0.6979166666666667,0.6157446074484804
commons-v3-need-development-v1,focal_greedy_need_2,178,4,0.6979166666666667,0.614041976244071
commons-v3-need-development-v1,focal_greedy_need_2,179,4,0.6979166666666667,0.6115455974404413
commons-v3-need-development-v1,focal_greedy_need_2,180,4,0.6789104418796968,0.6090339282344012
commons-v3-need-development-v1,focal_greedy_need_2,181,4,0.6770833333333334,0.6070355581813309
commons-v3-need-development-v1,focal_greedy_need_2,182,4,0.6770833333333334,0.6051603528092644
commons-v3-need-development-v1,focal_greedy_need_2,183,4,0.6682215220701091,0.6034255955322536
commons-v3-need-development-v1,focal_greedy_need_2,184,4,0.6565553069943857,0.6016315062022068
commons-v3-need-development-v1,focal_greedy_need_2,185,4,0.65625,0.5992370272773324
commons-v3-need-development-v1,focal_greedy_need_2,186,4,0.6666666666666667,0.5951744527457735
commons-v3-need-development-v1,focal_greedy_need_2,187,4,0.6674716662643582,0.5916075927178904
commons-v3-need-development-v1,focal_greedy_need_2,188,4,0.6770833333333334,0.5861546509652156
commons-v3-need-development-v1,focal_greedy_need_2,189,4,0.677771812447641,0.5838480833632687
commons-v3-need-development-v1,focal_greedy_need_2,190,4,0.6760334114607351,0.5824369614805119
commons-v3-need-development-v1,focal_greedy_need_2,191,4,0.6393848487451088,0.5808875158570321
commons-v3-need-development-v1,focal_greedy_need_2,192,4,0.6152538320881484,0.5790986008630541
commons-v3-need-development-v1,focal_greedy_need_2,193,4,0.625,0.575806350984351
commons-v3-need-development-v1,focal_greedy_need_2,194,4,0.6369894554707902,0.5716189208679011
commons-v3-need-development-v1,focal_greedy_need_2,195,4,0.6365126620897298,0.5684466962939163
commons-v3-need-development-v1,focal_greedy_need_2,196,4,0.6354166666666667,0.5658259177859716
commons-v3-need-development-v1,focal_greedy_need_2,197,4,0.636148790257136,0.563028410179694
commons-v3-need-development-v1,focal_greedy_need_2,198,4,0.6281517684789854,0.5600171215571603
commons-v3-need-development-v1,focal_greedy_need_2,199,4,0.6264098709605677,0.5554387450337845
commons-v3-need-development-v1,focal_greedy_need_2,200,4,0.625,0.5520058301227306
commons-v3-need-development-v1,focal_greedy_need_2,201,4,0.6354166666666667,0.5475198672073729
commons-v3-need-development-v1,focal_greedy_need_2,202,4,0.6216154648302605,0.5449129511036168
commons-v3-need-development-v1,focal_greedy_need_2,203,4,0.6243420061445671,0.5414722430720446
commons-v3-need-development-v1,focal_greedy_need_2,204,4,0.6020169717827176,0.5390014284498835
commons-v3-need-development-v1,focal_greedy_need_2,205,4,0.59375,0.5353339704174617
commons-v3-need-development-v1,focal_greedy_need_2,206,4,0.6050070729275971,0.5320524274540436
commons-v3-need-development-v1,focal_greedy_need_2,207,4,0.6045743211322723,0.5307965872359522
commons-v3-need-development-v1,focal_greedy_need_2,208,4,0.5893595691410842,0.5273173104598521
commons-v3-need-development-v1,focal_greedy_need_2,209,4,0.5729166666666667,0.52482939777104
commons-v3-need-development-v1,focal_greedy_need_2,210,4,0.5729166666666667,0.5218181786000118
commons-v3-need-development-v1,focal_greedy_need_2,211,4,0.573550045287455,0.5201009858559236
commons-v3-need-development-v1,focal_greedy_need_2,212,4,0.5729166666666667,0.5184340151255035
commons-v3-need-development-v1,focal_greedy_need_2,213,4,0.5688705907295971,0.5157499463705878
commons-v3-need-development-v1,focal_greedy_need_2,214,4,0.5625,0.5124280680943071
commons-v3-need-development-v1,focal_greedy_need_2,215,4,0.5625,0.5089586246555511
commons-v3-need-development-v1,focal_greedy_need_2,216,4,0.5631952304472289,0.506844071483589
commons-v3-need-development-v1,focal_greedy_need_2,217,4,0.5527946976658117,0.5051929636424911
commons-v3-need-development-v1,focal_greedy_need_2,218,4,0.5208333333333334,0.5036435885103245
commons-v3-need-development-v1,focal_greedy_need_2,219,4,0.5208333333333334,0.5041404499024231
commons-v3-need-development-v1,focal_greedy_need_2,220,4,0.5208333333333334,0.5053552646253117
commons-v3-need-development-v1,focal_greedy_need_2,221,4,0.5254040640673237,0.5028602014822457
commons-v3-need-development-v1,focal_greedy_need_2,222,4,0.5110574272920674,0.5032808472230137
commons-v3-need-development-v1,focal_greedy_need_2,223,4,0.5104166666666667,0.5050132321481724
commons-v3-need-development-v1,focal_greedy_need_2,224,4,0.5040812597934922,0.5043762426895575
commons-v3-need-development-v1,focal_greedy_need_2,225,4,0.5003283318567461,0.5021320074076847
commons-v3-need-development-v1,focal_greedy_need_2,226,4,0.5006424007870877,0.5006714768878406
commons-v3-need-development-v1,focal_greedy_need_2,227,4,0.5110889755132063,0.49590073013504016
commons-v3-need-development-v1,focal_greedy_need_2,228,4,0.511234640349036,0.4928468381780725
commons-v3-need-development-v1,focal_greedy_need_2,229,4,0.49373827997028696,0.49180600897349863
commons-v3-need-development-v1,focal_greedy_need_2,230,4,0.4896353718857188,0.4915020134244295
commons-v3-need-development-v1,focal_greedy_need_2,231,4,0.46342832485167207,0.4927962495396672
commons-v3-need-development-v1,focal_greedy_need_2,232,4,0.42983848097340877,0.4937670079905476
commons-v3-need-development-v1,focal_greedy_need_2,233,4,0.4277431635003873,0.4940496723864902
commons-v3-need-development-v1,focal_greedy_need_2,234,4,0.42708333333333337,0.4926741501401105
commons-v3-need-development-v1,focal_greedy_need_2,235,4,0.42776083998753794,0.49110421182875363
commons-v3-need-development-v1,focal_greedy_need_2,236,4,0.42741066739216577,0.48931509932466205
commons-v3-need-development-v1,focal_greedy_need_2,237,4,0.42708333333333337,0.4862648915727734
commons-v3-need-development-v1,focal_greedy_need_2,238,4,0.4279482012767236,0.4842588989883815
commons-v3-need-development-v1,focal_greedy_need_2,239,4,0.44791666666666674,0.4810512818502207
commons-v3-need-development-v1,focal_greedy_need_2,240,4,0.4249612153528348,0.48013669585129537
commons-v3-need-development-v1,focal_greedy_need_2,241,4,0.39583333333333337,0.4799381276317416
commons-v3-need-development-v1,focal_greedy_need_2,242,4,0.4063918688924986,0.47967297447029345
commons-v3-need-development-v1,focal_greedy_need_2,243,4,0.3993393486477862,0.4790205256209277
commons-v3-need-development-v1,focal_greedy_need_2,244,4,0.3857208725777548,0.47862601260215554
commons-v3-need-development-v1,focal_greedy_need_2,245,4,0.3871883056085669,0.47833402015345217
commons-v3-need-development-v1,focal_greedy_need_2,246,4,0.3854166666666667,0.47841232243995313
commons-v3-need-development-v1,focal_greedy_need_2,247,4,0.386067956344301,0.4782813082106836
commons-v3-need-development-v1,focal_greedy_need_2,248,4,0.3882175834342245,0.47918122747823955
commons-v3-need-development-v1,focal_greedy_need_2,249,4,0.38604462738080864,0.4798906369285718
commons-v3-need-development-v1,focal_greedy_need_2,250,4,0.386158245127203,0.48021598663279674
commons-v3-need-development-v1,focal_greedy_need_2,251,4,0.39583333333333337,0.4788048792446709
commons-v3-need-development-v1,focal_greedy_need_2,252,4,0.39651345044429537,0.4782706637986994
commons-v3-need-development-v1,focal_greedy_need_2,253,4,0.396466003923844,0.47672629574983866
commons-v3-need-development-v1,focal_greedy_need_2,254,4,0.39644716421487963,0.47726576405137044
commons-v3-need-development-v1,focal_greedy_need_2,255,4,0.3965225054273471,0.4785641812019272
commons-v3-need-development-v1,focal_greedy_need_2,256,4,0.3659684362947994,0.48051987181851147
commons-v3-foundation-development-v2,restraint,1,4,1.0,0.9221525961403597
commons-v3-foundation-development-v2,restraint,2,4,1.0,0.8142447225102318
commons-v3-foundation-development-v2,restraint,3,4,1.0,0.7160895749529981
commons-v3-foundation-development-v2,restraint,4,4,1.0,0.6570600559328644
commons-v3-foundation-development-v2,restraint,5,4,1.0,0.6347350781793325
commons-v3-foundation-development-v2,restraint,6,4,1.0,0.6137997300682736
commons-v3-foundation-development-v2,restraint,7,4,1.0,0.5935859486971757
commons-v3-foundation-development-v2,restraint,8,4,1.0,0.5743801664439304
commons-v3-foundation-development-v2,restraint,9,4,1.0,0.561565753007718
commons-v3-foundation-development-v2,restraint,10,4,1.0,0.5601443139431375
commons-v3-foundation-development-v2,restraint,11,4,1.0,0.560300050417693
commons-v3-foundation-development-v2,restraint,12,4,1.0,0.5616054232729885
commons-v3-foundation-development-v2,restraint,13,4,1.0,0.5604693176267296
commons-v3-foundation-development-v2,restraint,14,4,1.0,0.5605492402380018
commons-v3-foundation-development-v2,restraint,15,4,1.0,0.5604399796776007
commons-v3-foundation-development-v2,restraint,16,4,1.0,0.5600341690196335
commons-v3-foundation-development-v2,restraint,17,4,1.0,0.5607810836629983
commons-v3-foundation-development-v2,restraint,18,4,1.0,0.5603513832763467
commons-v3-foundation-development-v2,restraint,19,4,1.0,0.5601684040414245
commons-v3-foundation-development-v2,restraint,20,4,1.0,0.5609180106414805
commons-v3-foundation-development-v2,restraint,21,4,1.0,0.5608611446677272
commons-v3-foundation-development-v2,restraint,22,4,1.0,0.5601514933542999
commons-v3-foundation-development-v2,restraint,23,4,1.0,0.5602120278320759
commons-v3-foundation-development-v2,restraint,24,4,1.0,0.5605663474210136
commons-v3-foundation-development-v2,restraint,25,4,1.0,0.5605833621046834
commons-v3-foundation-development-v2,restraint,26,4,1.0,0.5604059053357869
commons-v3-foundation-development-v2,restraint,27,4,1.0,0.5614099300111066
commons-v3-foundation-development-v2,restraint,28,4,1.0,0.5611822922928468
commons-v3-foundation-development-v2,restraint,29,4,1.0,0.5604129806140581
commons-v3-foundation-development-v2,restraint,30,4,1.0,0.5601320468736419
commons-v3-foundation-development-v2,restraint,31,4,1.0,0.5609584620617435
commons-v3-foundation-development-v2,restraint,32,4,1.0,0.5606179120991968
commons-v3-foundation-development-v2,restraint,33,4,1.0,0.560617328428324
commons-v3-foundation-development-v2,restraint,34,4,1.0,0.5608134652771704
commons-v3-foundation-development-v2,restraint,35,4,1.0,0.5611501472756915
commons-v3-foundation-development-v2,restraint,36,4,1.0,0.5607832630401368
commons-v3-foundation-development-v2,restraint,37,4,1.0,0.5607663623232375
commons-v3-foundation-development-v2,restraint,38,4,1.0,0.5601215019367932
commons-v3-foundation-development-v2,restraint,39,4,1.0,0.5605033975660144
commons-v3-foundation-development-v2,restraint,40,4,1.0,0.5603234321072077
commons-v3-foundation-development-v2,restraint,41,4,1.0,0.5612438918840464
commons-v3-foundation-development-v2,restraint,42,4,1.0,0.5607359560931595
commons-v3-foundation-development-v2,restraint,43,4,1.0,0.5602009656399072
commons-v3-foundation-development-v2,restraint,44,4,1.0,0.5599755050826463
commons-v3-foundation-development-v2,restraint,45,4,1.0,0.5601451640795468
commons-v3-foundation-development-v2,restraint,46,4,1.0,0.560199560134425
commons-v3-foundation-development-v2,restraint,47,4,1.0,0.5605379599015082
commons-v3-foundation-development-v2,restraint,48,4,1.0,0.5606662060080916
commons-v3-foundation-development-v2,restraint,49,4,1.0,0.5605271459648621
commons-v3-foundation-development-v2,restraint,50,4,1.0,0.5603525579733732
commons-v3-foundation-development-v2,restraint,51,4,1.0,0.560357131747146
commons-v3-foundation-development-v2,restraint,52,4,1.0,0.5600567564886346
commons-v3-foundation-development-v2,restraint,53,4,1.0,0.5604709904865552
commons-v3-foundation-development-v2,restraint,54,4,1.0,0.5632812418790172
commons-v3-foundation-development-v2,restraint,55,4,1.0,0.5735716539006578
commons-v3-foundation-development-v2,restraint,56,4,1.0,0.5872997547853289
commons-v3-foundation-development-v2,restraint,57,4,1.0,0.6012012168244231
commons-v3-foundation-development-v2,restraint,58,4,1.0,0.6151240779578863
commons-v3-foundation-development-v2,restraint,59,4,1.0,0.6275799409774419
commons-v3-foundation-development-v2,restraint,60,4,1.0,0.6400217054220056
commons-v3-foundation-development-v2,restraint,61,4,1.0,0.6509708051400042
commons-v3-foundation-development-v2,restraint,62,4,1.0,0.6607487558193181
commons-v3-foundation-development-v2,restraint,63,4,1.0,0.6694362165775218
commons-v3-foundation-development-v2,restraint,64,4,1.0,0.6770023622525034
commons-v3-foundation-development-v2,restraint,65,4,1.0,0.6834322435239942
commons-v3-foundation-development-v2,restraint,66,4,1.0,0.6894937458558839
commons-v3-foundation-development-v2,restraint,67,4,1.0,0.6948671971851698
commons-v3-foundation-development-v2,restraint,68,4,1.0,0.6983705779600319
commons-v3-foundation-development-v2,restraint,69,4,1.0,0.7016201342983075
commons-v3-foundation-development-v2,restraint,70,4,1.0,0.7054883969436465
commons-v3-foundation-development-v2,restraint,71,4,1.0,0.7084455006216953
commons-v3-foundation-development-v2,restraint,72,4,1.0,0.7103191670034108
commons-v3-foundation-development-v2,restraint,73,4,1.0,0.7121608397649188
commons-v3-foundation-development-v2,restraint,74,4,1.0,0.7131044931159197
commons-v3-foundation-development-v2,restraint,75,4,1.0,0.7147890298261794
commons-v3-foundation-development-v2,restraint,76,4,1.0,0.7160663118655113
commons-v3-foundation-development-v2,restraint,77,4,1.0,0.7165380230147385
commons-v3-foundation-development-v2,restraint,78,4,1.0,0.7178091358372147
commons-v3-foundation-development-v2,restraint,79,4,1.0,0.71876453386938
commons-v3-foundation-development-v2,restraint,80,4,1.0,0.7183694990679771
commons-v3-foundation-development-v2,restraint,81,4,1.0,0.7196913159364051
commons-v3-foundation-development-v2,restraint,82,4,1.0,0.7203245307334383
commons-v3-foundation-development-v2,restraint,83,4,1.0,0.7207882474358369
commons-v3-foundation-development-v2,restraint,84,4,1.0,0.7200248939165246
commons-v3-foundation-development-v2,restraint,85,4,1.0,0.7215071711415351
commons-v3-foundation-development-v2,restraint,86,4,1.0,0.7208375093403943
commons-v3-foundation-development-v2,restraint,87,4,1.0,0.721825988222518
commons-v3-foundation-development-v2,restraint,88,4,1.0,0.7218711029720232
commons-v3-foundation-development-v2,restraint,89,4,1.0,0.7220313089545163
commons-v3-foundation-development-v2,restraint,90,4,1.0,0.7220922231923974
commons-v3-foundation-development-v2,restraint,91,4,1.0,0.7219033938961367
commons-v3-foundation-development-v2,restraint,92,4,1.0,0.722154864532482
commons-v3-foundation-development-v2,restraint,93,4,1.0,0.7224511177927342
commons-v3-foundation-development-v2,restraint,94,4,1.0,0.7224851692545735
commons-v3-foundation-development-v2,restraint,95,4,1.0,0.7221427204048493
commons-v3-foundation-development-v2,restraint,96,4,1.0,0.7213986233475278
commons-v3-foundation-development-v2,restraint,97,4,1.0,0.7223514317478594
commons-v3-foundation-development-v2,restraint,98,4,1.0,0.7221359559519567
commons-v3-foundation-development-v2,restraint,99,4,1.0,0.7214249652599659
commons-v3-foundation-development-v2,restraint,100,4,1.0,0.7215788206009202
commons-v3-foundation-development-v2,restraint,101,4,1.0,0.7215166778497295
commons-v3-foundation-development-v2,restraint,102,4,1.0,0.7221698169758024
commons-v3-foundation-development-v2,restraint,103,4,1.0,0.7217776777342266
commons-v3-foundation-development-v2,restraint,104,4,1.0,0.7210988782380814
commons-v3-foundation-development-v2,restraint,105,4,1.0,0.7219863872692482
commons-v3-foundation-development-v2,restraint,106,4,1.0,0.7221053978910807
commons-v3-foundation-development-v2,restraint,107,4,1.0,0.7221648733405711
commons-v3-foundation-development-v2,restraint,108,4,1.0,0.7215425265716049
commons-v3-foundation-development-v2,restraint,109,4,1.0,0.7219260319067207
commons-v3-foundation-development-v2,restraint,110,4,1.0,0.7216992793305048
commons-v3-foundation-development-v2,restraint,111,4,1.0,0.7222512253672888
commons-v3-foundation-development-v2,restraint,112,4,1.0,0.7221398417029326
commons-v3-foundation-development-v2,restraint,113,4,1.0,0.7213767195204479
commons-v3-foundation-development-v2,restraint,114,4,1.0,0.7222238887931404
commons-v3-foundation-development-v2,restraint,115,4,1.0,0.7219592285803685
commons-v3-foundation-development-v2,restraint,116,4,1.0,0.7219843878875858
commons-v3-foundation-development-v2,restraint,117,4,1.0,0.7220770610697003
commons-v3-foundation-development-v2,restraint,118,4,1.0,0.7224625193115843
commons-v3-foundation-development-v2,restraint,119,4,1.0,0.7226745474847187
commons-v3-foundation-development-v2,restraint,120,4,1.0,0.7228550031612477
commons-v3-foundation-development-v2,restraint,121,4,1.0,0.722554066579199
commons-v3-foundation-development-v2,restraint,122,4,1.0,0.7224962992267417
commons-v3-foundation-development-v2,restraint,123,4,1.0,0.7218024852125949
commons-v3-foundation-development-v2,restraint,124,4,1.0,0.7222494900196497
commons-v3-foundation-development-v2,restraint,125,4,1.0,0.7220835916771818
commons-v3-foundation-development-v2,restraint,126,4,1.0,0.7225270366611604
commons-v3-foundation-development-v2,restraint,127,4,1.0,0.7219000110998564
commons-v3-foundation-development-v2,restraint,128,4,1.0,0.7226030132763377
commons-v3-foundation-development-v2,restraint,129,4,1.0,0.722203055576014
commons-v3-foundation-development-v2,restraint,130,4,1.0,0.7222805705517954
commons-v3-foundation-development-v2,restraint,131,4,1.0,0.721903665458597
commons-v3-foundation-development-v2,restraint,132,4,1.0,0.7224771549580818
commons-v3-foundation-development-v2,restraint,133,4,1.0,0.7222280881302532
commons-v3-foundation-development-v2,restraint,134,4,1.0,0.7221037979197316
commons-v3-foundation-development-v2,restraint,135,4,1.0,0.7218142290020739
commons-v3-foundation-development-v2,restraint,136,4,1.0,0.72225553143448
commons-v3-foundation-development-v2,restraint,137,4,1.0,0.7219542824773542
commons-v3-foundation-development-v2,restraint,138,4,1.0,0.7217589932197297
commons-v3-foundation-development-v2,restraint,139,4,1.0,0.7226874485616867
commons-v3-foundation-development-v2,restraint,140,4,1.0,0.7217122355258536
commons-v3-foundation-development-v2,restraint,141,4,1.0,0.7222952320657192
commons-v3-foundation-development-v2,restraint,142,4,1.0,0.7225290389962604
commons-v3-foundation-development-v2,restraint,143,4,1.0,0.722330611655721
commons-v3-foundation-development-v2,restraint,144,4,1.0,0.7221870065525089
commons-v3-foundation-development-v2,restraint,145,4,1.0,0.7224478686520015
commons-v3-foundation-development-v2,restraint,146,4,1.0,0.7212946271846896
commons-v3-foundation-development-v2,restraint,147,4,1.0,0.7212963025951574
commons-v3-foundation-development-v2,restraint,148,4,1.0,0.7213777771199628
commons-v3-foundation-development-v2,restraint,149,4,1.0,0.7224572328807983
commons-v3-foundation-development-v2,restraint,150,4,1.0,0.7211680404820225
commons-v3-foundation-development-v2,restraint,151,4,1.0,0.7220741418223985
commons-v3-foundation-development-v2,restraint,152,4,1.0,0.7214884237707433
commons-v3-foundation-development-v2,restraint,153,4,1.0,0.7215291823954529
commons-v3-foundation-development-v2,restraint,154,4,1.0,0.7220187438174641
commons-v3-foundation-development-v2,restraint,155,4,1.0,0.7219739833780637
commons-v3-foundation-development-v2,restraint,156,4,1.0,0.7218298153993832
commons-v3-foundation-development-v2,restraint,157,4,1.0,0.721939171824384
commons-v3-foundation-development-v2,restraint,158,4,1.0,0.721920947568798
commons-v3-foundation-development-v2,restraint,159,4,1.0,0.7216139532183498
commons-v3-foundation-development-v2,restraint,160,4,1.0,0.7220712460192527
commons-v3-foundation-development-v2,restraint,161,4,1.0,0.7220263068739464
commons-v3-foundation-development-v2,restraint,162,4,1.0,0.7216635316787254
commons-v3-foundation-development-v2,restraint,163,4,1.0,0.7219553641150419
commons-v3-foundation-development-v2,restraint,164,4,1.0,0.7211421774071397
commons-v3-foundation-development-v2,restraint,165,4,1.0,0.7216322750744263
commons-v3-foundation-development-v2,restraint,166,4,1.0,0.7219462602501582
commons-v3-foundation-development-v2,restraint,167,4,1.0,0.7226330891516902
commons-v3-foundation-development-v2,restraint,168,4,1.0,0.7222239170674938
commons-v3-foundation-development-v2,restraint,169,4,1.0,0.7225708127851355
commons-v3-foundation-development-v2,restraint,170,4,1.0,0.7226573068189561
commons-v3-foundation-development-v2,restraint,171,4,1.0,0.7225333136593829
commons-v3-foundation-development-v2,restraint,172,4,1.0,0.7222918099028826
commons-v3-foundation-development-v2,restraint,173,4,1.0,0.7218999882700319
commons-v3-foundation-development-v2,restraint,174,4,1.0,0.722350423287263
commons-v3-foundation-development-v2,restraint,175,4,1.0,0.7225665735817564
commons-v3-foundation-development-v2,restraint,176,4,1.0,0.7226161730541777
commons-v3-foundation-development-v2,restraint,177,4,1.0,0.7220710722963797
commons-v3-foundation-development-v2,restraint,178,4,1.0,0.7220370038578583
commons-v3-foundation-development-v2,restraint,179,4,1.0,0.7216505509309897
commons-v3-foundation-development-v2,restraint,180,4,1.0,0.721311836413522
commons-v3-foundation-development-v2,restraint,181,4,1.0,0.7211077671386634
commons-v3-foundation-development-v2,restraint,182,4,1.0,0.7208477279074541
commons-v3-foundation-development-v2,restraint,183,4,1.0,0.7213252640132329
commons-v3-foundation-development-v2,restraint,184,4,1.0,0.7223310962779894
commons-v3-foundation-development-v2,restraint,185,4,1.0,0.7216212091023045
commons-v3-foundation-development-v2,restraint,186,4,1.0,0.7215776718653456
commons-v3-foundation-development-v2,restraint,187,4,1.0,0.7216971198567039
commons-v3-foundation-development-v2,restraint,188,4,1.0,0.721664827627537
commons-v3-foundation-development-v2,restraint,189,4,1.0,0.7228201463871102
commons-v3-foundation-development-v2,restraint,190,4,1.0,0.7222474875811893
commons-v3-foundation-development-v2,restraint,191,4,1.0,0.7217875786310143
commons-v3-foundation-development-v2,restraint,192,4,1.0,0.7224151123733857
commons-v3-foundation-development-v2,restraint,193,4,1.0,0.7218310226422384
commons-v3-foundation-development-v2,restraint,194,4,1.0,0.7221447288812073
commons-v3-foundation-development-v2,restraint,195,4,1.0,0.7220397823662632
commons-v3-foundation-development-v2,restraint,196,4,1.0,0.722167713582178
commons-v3-foundation-development-v2,restraint,197,4,1.0,0.7216778670985932
commons-v3-foundation-development-v2,restraint,198,4,1.0,0.7214543261856681
commons-v3-foundation-development-v2,restraint,199,4,1.0,0.7216492246431708
commons-v3-foundation-development-v2,restraint,200,4,1.0,0.7221230381645294
commons-v3-foundation-development-v2,restraint,201,4,1.0,0.7223296830970358
commons-v3-foundation-development-v2,restraint,202,4,1.0,0.7220055659234038
commons-v3-foundation-development-v2,restraint,203,4,1.0,0.7215230010082072
commons-v3-foundation-development-v2,restraint,204,4,1.0,0.7224660694841758
commons-v3-foundation-development-v2,restraint,205,4,1.0,0.7222121667392365
commons-v3-foundation-development-v2,restraint,206,4,1.0,0.7215317133013067
commons-v3-foundation-development-v2,restraint,207,4,1.0,0.7227747138743017
commons-v3-foundation-development-v2,restraint,208,4,1.0,0.7222361765218566
commons-v3-foundation-development-v2,restraint,209,4,1.0,0.7221061665852475
commons-v3-foundation-development-v2,restraint,210,4,1.0,0.7219807260334974
commons-v3-foundation-development-v2,restraint,211,4,1.0,0.7222239103671151
commons-v3-foundation-development-v2,restraint,212,4,1.0,0.7219734661425133
commons-v3-foundation-development-v2,restraint,213,4,1.0,0.7215746035693291
commons-v3-foundation-development-v2,restraint,214,4,1.0,0.7221022082716843
commons-v3-foundation-development-v2,restraint,215,4,1.0,0.7217613572222548
commons-v3-foundation-development-v2,restraint,216,4,1.0,0.7221472104003074
commons-v3-foundation-development-v2,restraint,217,4,1.0,0.7219074681137025
commons-v3-foundation-development-v2,restraint,218,4,1.0,0.7220611067988513
commons-v3-foundation-development-v2,restraint,219,4,1.0,0.7226902497954065
commons-v3-foundation-development-v2,restraint,220,4,1.0,0.722221927003812
commons-v3-foundation-development-v2,restraint,221,4,1.0,0.7218429195996416
commons-v3-foundation-development-v2,restraint,222,4,1.0,0.7221738960602826
commons-v3-foundation-development-v2,restraint,223,4,1.0,0.7224272894839093
commons-v3-foundation-development-v2,restraint,224,4,1.0,0.7222410670477621
commons-v3-foundation-development-v2,restraint,225,4,1.0,0.7223203873496951
commons-v3-foundation-development-v2,restraint,226,4,1.0,0.722611417851982
commons-v3-foundation-development-v2,restraint,227,4,1.0,0.7216579824690886
commons-v3-foundation-development-v2,restraint,228,4,1.0,0.7226967528845764
commons-v3-foundation-development-v2,restraint,229,4,1.0,0.7223394364172594
commons-v3-foundation-development-v2,restraint,230,4,1.0,0.7222105447601216
commons-v3-foundation-development-v2,restraint,231,4,1.0,0.7223468970849225
commons-v3-foundation-development-v2,restraint,232,4,1.0,0.7220134377861325
commons-v3-foundation-development-v2,restraint,233,4,1.0,0.7228965095314265
commons-v3-foundation-development-v2,restraint,234,4,1.0,0.7218270495447081
commons-v3-foundation-development-v2,restraint,235,4,1.0,0.7226478490955133
commons-v3-foundation-development-v2,restraint,236,4,1.0,0.7229377434197588
commons-v3-foundation-development-v2,restraint,237,4,1.0,0.7223275050013378
commons-v3-foundation-development-v2,restraint,238,4,1.0,0.7230075441493579
commons-v3-foundation-development-v2,restraint,239,4,1.0,0.722096224357496
commons-v3-foundation-development-v2,restraint,240,4,1.0,0.722713923286247
commons-v3-foundation-development-v2,restraint,241,4,1.0,0.7228338942965867
commons-v3-foundation-development-v2,restraint,242,4,1.0,0.7224510412163418
commons-v3-foundation-development-v2,restraint,243,4,1.0,0.7227807379481417
commons-v3-foundation-development-v2,restraint,244,4,1.0,0.7222759697788699
commons-v3-foundation-development-v2,restraint,245,4,1.0,0.7225525297662269
commons-v3-foundation-development-v2,restraint,246,4,1.0,0.7223489528166361
commons-v3-foundation-development-v2,restraint,247,4,1.0,0.7222757102635421
commons-v3-foundation-development-v2,restraint,248,4,1.0,0.7224043719175419
commons-v3-foundation-development-v2,restraint,249,4,1.0,0.7228237436672295
commons-v3-foundation-development-v2,restraint,250,4,1.0,0.7217781133892957
commons-v3-foundation-development-v2,restraint,251,4,1.0,0.7216847926033054
commons-v3-foundation-development-v2,restraint,252,4,1.0,0.7220599277801472
commons-v3-foundation-development-v2,restraint,253,4,1.0,0.7217009821566824
commons-v3-foundation-development-v2,restraint,254,4,1.0,0.7214137944159608
commons-v3-foundation-development-v2,restraint,255,4,1.0,0.7223252667348034
commons-v3-foundation-development-v2,restraint,256,4,1.0,0.7225664239424947
commons-v3-foundation-development-v2,greedy,1,4,1.0,0.9221525961403597
commons-v3-foundation-development-v2,greedy,2,4,1.0,0.8142447225102318
commons-v3-foundation-development-v2,greedy,3,4,1.0,0.7160895749529981
commons-v3-foundation-development-v2,greedy,4,4,1.0,0.6214016709962074
commons-v3-foundation-development-v2,greedy,5,4,1.0,0.5238090959194608
commons-v3-foundation-development-v2,greedy,6,4,1.0,0.4175759859675289
commons-v3-foundation-development-v2,greedy,7,4,1.0,0.3140248514899371
commons-v3-foundation-development-v2,greedy,8,4,1.0,0.29451841321722094
commons-v3-foundation-development-v2,greedy,9,4,1.0,0.2752925193321397
commons-v3-foundation-development-v2,greedy,10,4,1.0,0.2554739509198988
commons-v3-foundation-development-v2,greedy,11,4,1.0,0.2031254059583761
commons-v3-foundation-development-v2,greedy,12,4,1.0,0.1480995770064453
commons-v3-foundation-development-v2,greedy,13,4,1.0,0.07267588153738741
commons-v3-foundation-development-v2,greedy,14,4,1.0,0.039816430962271825
commons-v3-foundation-development-v2,greedy,15,4,1.0,0.023756473779588956
commons-v3-foundation-development-v2,greedy,16,4,1.0,0.0182212101989939
commons-v3-foundation-development-v2,greedy,17,4,1.0,0.014327032334312918
commons-v3-foundation-development-v2,greedy,18,4,1.0,0.01341192548617727
commons-v3-foundation-development-v2,greedy,19,4,1.0,0.01202968853942705
commons-v3-foundation-development-v2,greedy,20,4,1.0,0.012281777178948704
commons-v3-foundation-development-v2,greedy,21,4,0.9759734220026935,0.011076143132290226
commons-v3-foundation-development-v2,greedy,22,4,0.9361844541546239,0.014111322311166515
commons-v3-foundation-development-v2,greedy,23,4,0.897899100087634,0.012035006851815053
commons-v3-foundation-development-v2,greedy,24,4,0.8595802192197212,0.012865250011605408
commons-v3-foundation-development-v2,greedy,25,4,0.798765027238477,0.012554705762087452
commons-v3-foundation-development-v2,greedy,26,4,0.7652437518717762,0.012813111542192172
commons-v3-foundation-development-v2,greedy,27,4,0.6793640458425768,0.011845318595170889
commons-v3-foundation-development-v2,greedy,28,4,0.6687113880777922,0.011779270998469907
commons-v3-foundation-development-v2,greedy,29,4,0.6535469086598055,0.012349867525761107
commons-v3-foundation-development-v2,greedy,30,4,0.5478876822245615,0.011828633901874417
commons-v3-foundation-development-v2,greedy,31,4,0.5000663781696989,0.012884722695130869
commons-v3-foundation-development-v2,greedy,32,4,0.46432443960557074,0.013639298486033822
commons-v3-foundation-development-v2,greedy,33,4,0.42916372163398864,0.014289002624062215
commons-v3-foundation-development-v2,greedy,34,4,0.3740955972822616,0.01750358065229657
commons-v3-foundation-development-v2,greedy,35,4,0.35309066988266385,0.018473099897841315
commons-v3-foundation-development-v2,greedy,36,4,0.34529477019219346,0.018488971328652105
commons-v3-foundation-development-v2,greedy,37,4,0.36521670142800305,0.019972367394051685
commons-v3-foundation-development-v2,greedy,38,4,0.3639427106750282,0.020970256314946145
commons-v3-foundation-development-v2,greedy,39,4,0.36442694209814697,0.022485655612110276
commons-v3-foundation-development-v2,greedy,40,4,0.35621154372773806,0.02495104443339182
commons-v3-foundation-development-v2,greedy,41,4,0.3500529094257694,0.02766126021939841
commons-v3-foundation-development-v2,greedy,42,4,0.3353047119433974,0.03252918205171872
commons-v3-foundation-development-v2,greedy,43,4,0.3141701587197162,0.03564457557016238
commons-v3-foundation-development-v2,greedy,44,4,0.27185924847285575,0.03794827768333217
commons-v3-foundation-development-v2,greedy,45,4,0.2254499492722405,0.03909934010177697
commons-v3-foundation-development-v2,greedy,46,4,0.1962748606131017,0.04189230681251946
commons-v3-foundation-development-v2,greedy,47,4,0.18885917006210168,0.04357761268332267
commons-v3-foundation-development-v2,greedy,48,4,0.2092013472621078,0.04382423614078194
commons-v3-foundation-development-v2,greedy,49,4,0.1775737677083888,0.04401942580796241
commons-v3-foundation-development-v2,greedy,50,4,0.153747421405278,0.047758231061763995
commons-v3-foundation-development-v2,greedy,51,4,0.12069936770945103,0.053635786171416996
commons-v3-foundation-development-v2,greedy,52,4,0.11347199941690944,0.06035715438800143
commons-v3-foundation-development-v2,greedy,53,4,0.11820147988624882,0.06196063427760924
commons-v3-foundation-development-v2,greedy,54,4,0.09837397409344387,0.06363846243729862
commons-v3-foundation-development-v2,greedy,55,4,0.09465298798828478,0.06671348473216374
commons-v3-foundation-development-v2,greedy,56,4,0.07279472174108673,0.07198880639822311
commons-v3-foundation-development-v2,greedy,57,4,0.06380678760868293,0.07802026669766307
commons-v3-foundation-development-v2,greedy,58,4,0.0857068160392443,0.08171534180796033
commons-v3-foundation-development-v2,greedy,59,4,0.08578137895710519,0.08509843727168011
commons-v3-foundation-development-v2,greedy,60,4,0.0658825245164535,0.08985605429303145
commons-v3-foundation-development-v2,greedy,61,4,0.0625,0.09500138613125447
commons-v3-foundation-development-v2,greedy,62,4,0.07521442972102814,0.09923690048818892
commons-v3-foundation-development-v2,greedy,63,4,0.0734929026813261,0.10363205939216688
commons-v3-foundation-development-v2,greedy,64,4,0.08202164916512811,0.10833810299581766
commons-v3-foundation-development-v2,greedy,65,4,0.048024783405707726,0.11447955098315497
commons-v3-foundation-development-v2,greedy,66,4,0.04440480131929388,0.11995023358006575
commons-v3-foundation-development-v2,greedy,67,4,0.05498076049580276,0.1250242822251441
commons-v3-foundation-development-v2,greedy,68,4,0.04135626500087411,0.1308507824949407
commons-v3-foundation-development-v2,greedy,69,4,0.043114368239607584,0.13728979208073622
commons-v3-foundation-development-v2,greedy,70,4,0.046379209452234754,0.14480961482631577
commons-v3-foundation-development-v2,greedy,71,4,0.04166666666666667,0.15133705201386774
commons-v3-foundation-development-v2,greedy,72,4,0.054135850067419465,0.1558273787412169
commons-v3-foundation-development-v2,greedy,73,4,0.06438692265482622,0.160560839446973
commons-v3-foundation-development-v2,greedy,74,4,0.0626729940166073,0.1655544835539951
commons-v3-foundation-development-v2,greedy,75,4,0.06532798702825297,0.17066567848057895
commons-v3-foundation-development-v2,greedy,76,4,0.052309713788963506,0.17721568585546213
commons-v3-foundation-development-v2,greedy,77,4,0.05338981881608547,0.18496812704562082
commons-v3-foundation-development-v2,greedy,78,4,0.0527390853656777,0.19374348498579505
commons-v3-foundation-development-v2,greedy,79,4,0.05855076803103493,0.20287431444513826
commons-v3-foundation-development-v2,greedy,80,4,0.06389873308709411,0.21045218010326727
commons-v3-foundation-development-v2,greedy,81,4,0.06316450280024215,0.22014050099730909
commons-v3-foundation-development-v2,greedy,82,4,0.056296623730858,0.23023373514763532
commons-v3-foundation-development-v2,greedy,83,4,0.05030986328953409,0.2411018128916388
commons-v3-foundation-development-v2,greedy,84,4,0.04236005908287552,0.2518045708391007
commons-v3-foundation-development-v2,greedy,85,4,0.042914546586212694,0.26346484376028884
commons-v3-foundation-development-v2,greedy,86,4,0.042452442734427144,0.27186958956208074
commons-v3-foundation-development-v2,greedy,87,4,0.04334272070272334,0.2788080267119374
commons-v3-foundation-development-v2,greedy,88,4,0.05267906243485688,0.28772446120509365
commons-v3-foundation-development-v2,greedy,89,4,0.05208333333333334,0.2954145012514274
commons-v3-foundation-development-v2,greedy,90,4,0.05279515651073063,0.30321675639441115
commons-v3-foundation-development-v2,greedy,91,4,0.05287197658676016,0.3121803779317139
commons-v3-foundation-development-v2,greedy,92,4,0.05228480241600739,0.3207533831493472
commons-v3-foundation-development-v2,greedy,93,4,0.05270426202088483,0.3291280183095483
commons-v3-foundation-development-v2,greedy,94,4,0.05208333333333334,0.33752310232389476
commons-v3-foundation-development-v2,greedy,95,4,0.05275362091190347,0.34592624383630244
commons-v3-foundation-development-v2,greedy,96,4,0.0632560768029478,0.3536336630795264
commons-v3-foundation-development-v2,greedy,97,4,0.05483759195813459,0.35865809835634804
commons-v3-foundation-development-v2,greedy,98,4,0.05280914043967189,0.3634496907142181
commons-v3-foundation-development-v2,greedy,99,4,0.05208333333333334,0.3675788300814035
commons-v3-foundation-development-v2,greedy,100,4,0.05267490039072087,0.37067239096201265
commons-v3-foundation-development-v2,greedy,101,4,0.05370770344703645,0.3770073567155855
commons-v3-foundation-development-v2,greedy,102,4,0.05265272883698632,0.3847283320959504
commons-v3-foundation-development-v2,greedy,103,4,0.05277088085310483,0.39344237463026066
commons-v3-foundation-development-v2,greedy,104,4,0.05208333333333334,0.4020876562893303
commons-v3-foundation-development-v2,greedy,105,4,0.05272185010985689,0.4106575656110918
commons-v3-foundation-development-v2,greedy,106,4,0.053419125204167986,0.419316897872793
commons-v3-foundation-development-v2,greedy,107,4,0.05270959995441808,0.42555218824164964
commons-v3-foundation-development-v2,greedy,108,4,0.05280291811911321,0.4322141493091392
commons-v3-foundation-development-v2,greedy,109,4,0.05208333333333334,0.43817637689791894
commons-v3-foundation-development-v2,greedy,110,4,0.052630884704112084,0.44428743475611115
commons-v3-foundation-development-v2,greedy,111,4,0.05363505030448358,0.4505253620606694
commons-v3-foundation-development-v2,greedy,112,4,0.05208333333333334,0.4571650103338512
commons-v3-foundation-development-v2,greedy,113,4,0.052707693835054296,0.4632206041560526
commons-v3-foundation-development-v2,greedy,114,4,0.05208333333333334,0.4692838056885368
commons-v3-foundation-development-v2,greedy,115,4,0.0526984424004256,0.4752075065951409
commons-v3-foundation-development-v2,greedy,116,4,0.05276208448699568,0.4809742798991163
commons-v3-foundation-development-v2,greedy,117,4,0.05208333333333334,0.4861422654652508
commons-v3-foundation-development-v2,greedy,118,4,0.052842031067819976,0.490739842849254
commons-v3-foundation-development-v2,greedy,119,4,0.05208333333333334,0.4951504387815717
commons-v3-foundation-development-v2,greedy,120,4,0.05208333333333334,0.4977892951436815
commons-v3-foundation-development-v2,greedy,121,4,0.05276391012227229,0.4998021025593337
commons-v3-foundation-development-v2,greedy,122,4,0.0625,0.5003870642565722
commons-v3-foundation-development-v2,greedy,123,4,0.0625,0.5006355411566173
commons-v3-foundation-development-v2,greedy,124,4,0.0625,0.5007112087311228
commons-v3-foundation-development-v2,greedy,125,4,0.0625,0.5024706220039152
commons-v3-foundation-development-v2,greedy,126,4,0.06322212063396246,0.5048323575798321
commons-v3-foundation-development-v2,greedy,127,4,0.0625,0.5079522968521335
commons-v3-foundation-development-v2,greedy,128,4,0.0625,0.5117728720165248
commons-v3-foundation-development-v2,greedy,129,4,0.0625,0.5143295886614505
commons-v3-foundation-development-v2,greedy,130,4,0.07291666666666667,0.5136873777634807
commons-v3-foundation-development-v2,greedy,131,4,0.07291666666666667,0.5129077399062263
commons-v3-foundation-development-v2,greedy,132,4,0.07291666666666667,0.5123654840424091
commons-v3-foundation-development-v2,greedy,133,4,0.07291666666666667,0.5124593841059146
commons-v3-foundation-development-v2,greedy,134,4,0.07291666666666667,0.5120879496173406
commons-v3-foundation-development-v2,greedy,135,4,0.07291666666666667,0.5112495136540013
commons-v3-foundation-development-v2,greedy,136,4,0.07291666666666667,0.51271661673708
commons-v3-foundation-development-v2,greedy,137,4,0.07291666666666667,0.5125085709556205
commons-v3-foundation-development-v2,greedy,138,4,0.07291666666666667,0.5125231766819186
commons-v3-foundation-development-v2,greedy,139,4,0.07291666666666667,0.5118925929201118
commons-v3-foundation-development-v2,greedy,140,4,0.07291666666666667,0.5130151136469877
commons-v3-foundation-development-v2,greedy,141,4,0.07291666666666667,0.5137908971643016
commons-v3-foundation-development-v2,greedy,142,4,0.07291666666666667,0.5158164245265804
commons-v3-foundation-development-v2,greedy,143,4,0.07291666666666667,0.517973241358221
commons-v3-foundation-development-v2,greedy,144,4,0.07291666666666667,0.5187023195794744
commons-v3-foundation-development-v2,greedy,145,4,0.07291666666666667,0.5194517412808906
commons-v3-foundation-development-v2,greedy,146,4,0.07291666666666667,0.5199099595298724
commons-v3-foundation-development-v2,greedy,147,4,0.07291666666666667,0.5204878900442478
commons-v3-foundation-development-v2,greedy,148,4,0.07291666666666667,0.522269443914163
commons-v3-foundation-development-v2,greedy,149,4,0.07291666666666667,0.5244866684322584
commons-v3-foundation-development-v2,greedy,150,4,0.07291666666666667,0.5259024931013156
commons-v3-foundation-development-v2,greedy,151,4,0.07291666666666667,0.5277981641767211
commons-v3-foundation-development-v2,greedy,152,4,0.0649960140990989,0.5284618092496435
commons-v3-foundation-development-v2,greedy,153,4,0.0625,0.5296874013709206
commons-v3-foundation-development-v2,greedy,154,4,0.07291666666666667,0.5316105356885615
commons-v3-foundation-development-v2,greedy,155,4,0.08333333333333334,0.5335438107618169
commons-v3-foundation-development-v2,greedy,156,4,0.0750396269145114,0.5370159947622543
commons-v3-foundation-development-v2,greedy,157,4,0.07291666666666667,0.5408245484774652
commons-v3-foundation-development-v2,greedy,158,4,0.07317705043565238,0.5444861980069653
commons-v3-foundation-development-v2,greedy,159,4,0.07291666666666667,0.54649450016982
commons-v3-foundation-development-v2,greedy,160,4,0.07291666666666667,0.5485634830236902
commons-v3-foundation-development-v2,greedy,161,4,0.07291666666666667,0.5502919218591913
commons-v3-foundation-development-v2,greedy,162,4,0.07291666666666667,0.5521252679891777
commons-v3-foundation-development-v2,greedy,163,4,0.07354447767341546,0.5534506711661041
commons-v3-foundation-development-v2,greedy,164,4,0.07291666666666667,0.5532488623093318
commons-v3-foundation-development-v2,greedy,165,4,0.07291666666666667,0.553519443742406
commons-v3-foundation-development-v2,greedy,166,4,0.07291666666666667,0.5545024026765001
commons-v3-foundation-development-v2,greedy,167,4,0.08333333333333334,0.5546568152691743
commons-v3-foundation-development-v2,greedy,168,4,0.08333333333333334,0.5549112258548278
commons-v3-foundation-development-v2,greedy,169,4,0.08333333333333334,0.5550323970890559
commons-v3-foundation-development-v2,greedy,170,4,0.08333333333333334,0.555190122453584
commons-v3-foundation-development-v2,greedy,171,4,0.08333333333333334,0.5557804529647566
commons-v3-foundation-development-v2,greedy,172,4,0.08333333333333334,0.556875360608516
commons-v3-foundation-development-v2,greedy,173,4,0.08333333333333334,0.5591246308076538
commons-v3-foundation-development-v2,greedy,174,4,0.08333333333333334,0.5630522406838772
commons-v3-foundation-development-v2,greedy,175,4,0.08333333333333334,0.5668452635317158
commons-v3-foundation-development-v2,greedy,176,4,0.08333333333333334,0.5708238658072773
commons-v3-foundation-development-v2,greedy,177,4,0.08333333333333334,0.5748827445491972
commons-v3-foundation-development-v2,greedy,178,4,0.08333333333333334,0.5790126605401947
commons-v3-foundation-development-v2,greedy,179,4,0.08333333333333334,0.5816956839643597
commons-v3-foundation-development-v2,greedy,180,4,0.08333333333333334,0.5845428454498294
commons-v3-foundation-development-v2,greedy,181,4,0.08333333333333334,0.5871959114476686
commons-v3-foundation-development-v2,greedy,182,4,0.08333333333333334,0.589888859044303
commons-v3-foundation-development-v2,greedy,183,4,0.08333333333333334,0.5919754685723897
commons-v3-foundation-development-v2,greedy,184,4,0.08333333333333334,0.5941435072345806
commons-v3-foundation-development-v2,greedy,185,4,0.08333333333333334,0.5965289008271872
commons-v3-foundation-development-v2,greedy,186,4,0.08333333333333334,0.5999910032019244
commons-v3-foundation-development-v2,greedy,187,4,0.08333333333333334,0.603030512596517
commons-v3-foundation-development-v2,greedy,188,4,0.08333333333333334,0.6059415667445975
commons-v3-foundation-development-v2,greedy,189,4,0.08333333333333334,0.6088030863578229
commons-v3-foundation-development-v2,greedy,190,4,0.08333333333333334,0.6113711097266277
commons-v3-foundation-development-v2,greedy,191,4,0.08333333333333334,0.613671706790254
commons-v3-foundation-development-v2,greedy,192,4,0.08333333333333334,0.6158473415343148
commons-v3-foundation-development-v2,greedy,193,4,0.08333333333333334,0.6179980843405725
commons-v3-foundation-development-v2,greedy,194,4,0.08333333333333334,0.6201019124826024
commons-v3-foundation-development-v2,greedy,195,4,0.08333333333333334,0.6221167191511656
commons-v3-foundation-development-v2,greedy,196,4,0.08333333333333334,0.6240539989855077
commons-v3-foundation-development-v2,greedy,197,4,0.08333333333333334,0.6260301629280383
commons-v3-foundation-development-v2,greedy,198,4,0.08333333333333334,0.6288773894851282
commons-v3-foundation-development-v2,greedy,199,4,0.08333333333333334,0.631759100674844
commons-v3-foundation-development-v2,greedy,200,4,0.08333333333333334,0.6337459229154343
commons-v3-foundation-development-v2,greedy,201,4,0.08333333333333334,0.6363967797650985
commons-v3-foundation-development-v2,greedy,202,4,0.08333333333333334,0.6391670118017443
commons-v3-foundation-development-v2,greedy,203,4,0.08333333333333334,0.6413262375298504
commons-v3-foundation-development-v2,greedy,204,4,0.08333333333333334,0.6435171384162129
commons-v3-foundation-development-v2,greedy,205,4,0.08333333333333334,0.6456139417373004
commons-v3-foundation-development-v2,greedy,206,4,0.08333333333333334,0.6473521641429345
commons-v3-foundation-development-v2,greedy,207,4,0.08333333333333334,0.6490959746733621
commons-v3-foundation-development-v2,greedy,208,4,0.08333333333333334,0.6505310162050678
commons-v3-foundation-development-v2,greedy,209,4,0.08333333333333334,0.6506828027719659
commons-v3-foundation-development-v2,greedy,210,4,0.08333333333333334,0.6507620227106442
commons-v3-foundation-development-v2,greedy,211,4,0.08333333333333334,0.6510240290655991
commons-v3-foundation-development-v2,greedy,212,4,0.08333333333333334,0.6511379498488158
commons-v3-foundation-development-v2,greedy,213,4,0.08333333333333334,0.6513501801117606
commons-v3-foundation-development-v2,greedy,214,4,0.08333333333333334,0.6516369795394313
commons-v3-foundation-development-v2,greedy,215,4,0.08333333333333334,0.6516683702564333
commons-v3-foundation-development-v2,greedy,216,4,0.08333333333333334,0.651602286136257
commons-v3-foundation-development-v2,greedy,217,4,0.08333333333333334,0.6515248605926911
commons-v3-foundation-development-v2,greedy,218,4,0.08333333333333334,0.6517089467194713
commons-v3-foundation-development-v2,greedy,219,4,0.08333333333333334,0.6516666313274662
commons-v3-foundation-development-v2,greedy,220,4,0.08333333333333334,0.6516714223958738
commons-v3-foundation-development-v2,greedy,221,4,0.08333333333333334,0.6516279387622602
commons-v3-foundation-development-v2,greedy,222,4,0.08333333333333334,0.6515929736636271
commons-v3-foundation-development-v2,greedy,223,4,0.08333333333333334,0.6517378343382347
commons-v3-foundation-development-v2,greedy,224,4,0.08333333333333334,0.6516469807076823
commons-v3-foundation-development-v2,greedy,225,4,0.08333333333333334,0.6515202145853758
commons-v3-foundation-development-v2,greedy,226,4,0.08333333333333334,0.6511385528957042
commons-v3-foundation-development-v2,greedy,227,4,0.08333333333333334,0.6512587900318354
commons-v3-foundation-development-v2,greedy,228,4,0.08333333333333334,0.652360717283132
commons-v3-foundation-development-v2,greedy,229,4,0.08333333333333334,0.653079562709329
commons-v3-foundation-development-v2,greedy,230,4,0.08333333333333334,0.6539673184051048
commons-v3-foundation-development-v2,greedy,231,4,0.08333333333333334,0.6549472908650579
commons-v3-foundation-development-v2,greedy,232,4,0.08333333333333334,0.6554856962387079
commons-v3-foundation-development-v2,greedy,233,4,0.08333333333333334,0.6563035112418985
commons-v3-foundation-development-v2,greedy,234,4,0.08333333333333334,0.6557419850480332
commons-v3-foundation-development-v2,greedy,235,4,0.08333333333333334,0.6552378682834271
commons-v3-foundation-development-v2,greedy,236,4,0.08333333333333334,0.6550792473401121
commons-v3-foundation-development-v2,greedy,237,4,0.08333333333333334,0.6546453806514732
commons-v3-foundation-development-v2,greedy,238,4,0.08333333333333334,0.6548735975275088
commons-v3-foundation-development-v2,greedy,239,4,0.08333333333333334,0.6554612173370274
commons-v3-foundation-development-v2,greedy,240,4,0.08333333333333334,0.6561274003309334
commons-v3-foundation-development-v2,greedy,241,4,0.08333333333333334,0.6566882518758757
commons-v3-foundation-development-v2,greedy,242,4,0.08333333333333334,0.6570746444219511
commons-v3-foundation-development-v2,greedy,243,4,0.08333333333333334,0.6575187330356356
commons-v3-foundation-development-v2,greedy,244,4,0.08333333333333334,0.6580956592347387
commons-v3-foundation-development-v2,greedy,245,4,0.08333333333333334,0.6586691187472495
commons-v3-foundation-development-v2,greedy,246,4,0.08333333333333334,0.6590240744104028
commons-v3-foundation-development-v2,greedy,247,4,0.08333333333333334,0.6595982257308277
commons-v3-foundation-development-v2,greedy,248,4,0.08333333333333334,0.6602960462796599
commons-v3-foundation-development-v2,greedy,249,4,0.08333333333333334,0.6609956504880017
commons-v3-foundation-development-v2,greedy,250,4,0.08333333333333334,0.6615632317792669
commons-v3-foundation-development-v2,greedy,251,4,0.08333333333333334,0.662432481121345
commons-v3-foundation-development-v2,greedy,252,4,0.08333333333333334,0.6634101473635377
commons-v3-foundation-development-v2,greedy,253,4,0.08333333333333334,0.6642572856328943
commons-v3-foundation-development-v2,greedy,254,4,0.08333333333333334,0.6651461041614679
commons-v3-foundation-development-v2,greedy,255,4,0.08333333333333334,0.6660367561179767
commons-v3-foundation-development-v2,greedy,256,4,0.08333333333333334,0.6670408765579706
commons-v3-foundation-development-v2,focal_greedy,1,4,1.0,0.9221525961403597
commons-v3-foundation-development-v2,focal_greedy,2,4,1.0,0.8142447225102318
commons-v3-foundation-development-v2,focal_greedy,3,4,1.0,0.7160895749529981
commons-v3-foundation-development-v2,focal_greedy,4,4,1.0,0.6553330036750216
commons-v3-foundation-development-v2,focal_greedy,5,4,1.0,0.6310328135881005
commons-v3-foundation-development-v2,focal_greedy,6,4,1.0,0.6079416629811032
commons-v3-foundation-development-v2,focal_greedy,7,4,1.0,0.5856591475882647
commons-v3-foundation-development-v2,focal_greedy,8,4,1.0,0.563904849553444
commons-v3-foundation-development-v2,focal_greedy,9,4,1.0,0.5484204645143298
commons-v3-foundation-development-v2,focal_greedy,10,4,1.0,0.5436329701128374
commons-v3-foundation-development-v2,focal_greedy,11,4,1.0,0.5396974405279473
commons-v3-foundation-development-v2,focal_greedy,12,4,1.0,0.5361187106046351
commons-v3-foundation-development-v2,focal_greedy,13,4,1.0,0.5316525815011187
commons-v3-foundation-development-v2,focal_greedy,14,4,1.0,0.530822407947358
commons-v3-foundation-development-v2,focal_greedy,15,4,1.0,0.5297971036810705
commons-v3-foundation-development-v2,focal_greedy,16,4,1.0,0.5283722047843481
commons-v3-foundation-development-v2,focal_greedy,17,4,1.0,0.5279792500006153
commons-v3-foundation-development-v2,focal_greedy,18,4,1.0,0.5262074893568586
commons-v3-foundation-development-v2,focal_greedy,19,4,1.0,0.5243145281408301
commons-v3-foundation-development-v2,focal_greedy,20,4,0.9940933595988595,0.5228760408015254
commons-v3-foundation-development-v2,focal_greedy,21,4,0.9895833333333334,0.5203260852404485
commons-v3-foundation-development-v2,focal_greedy,22,4,0.9895833333333334,0.5176613986007359
commons-v3-foundation-development-v2,focal_greedy,23,4,0.9895833333333334,0.5154343493077327
commons-v3-foundation-development-v2,focal_greedy,24,4,0.9895833333333334,0.5132313723976331
commons-v3-foundation-development-v2,focal_greedy,25,4,0.9856394438688405,0.5093692386153447
commons-v3-foundation-development-v2,focal_greedy,26,4,0.9791666666666667,0.5051469712352378
commons-v3-foundation-development-v2,focal_greedy,27,4,0.9791666666666667,0.5035094985388909
commons-v3-foundation-development-v2,focal_greedy,28,4,0.9791666666666667,0.5008476133884378
commons-v3-foundation-development-v2,focal_greedy,29,4,0.9791666666666667,0.49832926200898703
commons-v3-foundation-development-v2,focal_greedy,30,4,0.9791666666666667,0.4981532872089931
commons-v3-foundation-development-v2,focal_greedy,31,4,0.9761667878524374,0.4987418696828854
commons-v3-foundation-development-v2,focal_greedy,32,4,0.9735810476076177,0.49694514819109903
commons-v3-foundation-development-v2,focal_greedy,33,4,0.9721468169018166,0.4973945472015828
commons-v3-foundation-development-v2,focal_greedy,34,4,0.9725828888909781,0.4986929385572984
commons-v3-foundation-development-v2,focal_greedy,35,4,0.9620195321960103,0.4971679105959264
commons-v3-foundation-development-v2,focal_greedy,36,4,0.9622637016769768,0.49578030643481497
commons-v3-foundation-development-v2,focal_greedy,37,4,0.9614095237591176,0.4952938632827693
commons-v3-foundation-development-v2,focal_greedy,38,4,0.96206113480961,0.49492274547229165
commons-v3-foundation-development-v2,focal_greedy,39,4,0.9612516756457015,0.495627576999112
commons-v3-foundation-development-v2,focal_greedy,40,4,0.9621095266991755,0.49620199707674256
commons-v3-foundation-development-v2,focal_greedy,41,4,0.9570967529855576,0.49864260442122305
commons-v3-foundation-development-v2,focal_greedy,42,4,0.9585590930168874,0.498826447146974
commons-v3-foundation-development-v2,focal_greedy,43,4,0.9589784253621342,0.500319155325875
commons-v3-foundation-development-v2,focal_greedy,44,4,0.9573203546540203,0.5010276510122699
commons-v3-foundation-development-v2,focal_greedy,45,4,0.9507164575645619,0.5021315013146964
commons-v3-foundation-development-v2,focal_greedy,46,4,0.9398501019850847,0.5023584787262938
commons-v3-foundation-development-v2,focal_greedy,47,4,0.9268990949392028,0.5043239289599236
commons-v3-foundation-development-v2,focal_greedy,48,4,0.9281229925420964,0.5058856501464944
commons-v3-foundation-development-v2,focal_greedy,49,4,0.9484863133625059,0.503752492332662
commons-v3-foundation-development-v2,focal_greedy,50,4,0.9339568348095102,0.5042672619546084
commons-v3-foundation-development-v2,focal_greedy,51,4,0.9177262785499062,0.5042641430307507
commons-v3-foundation-development-v2,focal_greedy,52,4,0.9421455065997866,0.5029661981566568
commons-v3-foundation-development-v2,focal_greedy,53,4,0.9195203072022688,0.5053586370845642
commons-v3-foundation-development-v2,focal_greedy,54,4,0.9161065530867543,0.5097818737159756
commons-v3-foundation-development-v2,focal_greedy,55,4,0.9461865303147237,0.5174436391744172
commons-v3-foundation-development-v2,focal_greedy,56,4,0.9263193586122721,0.5300539581375792
commons-v3-foundation-development-v2,focal_greedy,57,4,0.9224742331386859,0.5428898616265864
commons-v3-foundation-development-v2,focal_greedy,58,4,0.9635535876135208,0.5497719947728852
commons-v3-foundation-development-v2,focal_greedy,59,4,0.9453606824644887,0.5594714456433242
commons-v3-foundation-development-v2,focal_greedy,60,4,0.9330287790147465,0.5705580455666042
commons-v3-foundation-development-v2,focal_greedy,61,4,0.9611554471313294,0.5773370896924854
commons-v3-foundation-development-v2,focal_greedy,62,4,0.95576027058397,0.5856854653989615
commons-v3-foundation-development-v2,focal_greedy,63,4,0.942104508877664,0.59336449895506
commons-v3-foundation-development-v2,focal_greedy,64,4,0.9355072314061897,0.6000837379098052
commons-v3-foundation-development-v2,focal_greedy,65,4,0.9142299306328157,0.6068091260626591
commons-v3-foundation-development-v2,focal_greedy,66,4,0.9141762042681798,0.6138179112572336
commons-v3-foundation-development-v2,focal_greedy,67,4,0.9556444143841579,0.6180888429867321
commons-v3-foundation-development-v2,focal_greedy,68,4,0.9502375962924394,0.6223307586556506
commons-v3-foundation-development-v2,focal_greedy,69,4,0.9092768681784629,0.6283103322059967
commons-v3-foundation-development-v2,focal_greedy,70,4,0.8997441469107132,0.6338615755521841
commons-v3-foundation-development-v2,focal_greedy,71,4,0.9437231896355891,0.6363093501867518
commons-v3-foundation-development-v2,focal_greedy,72,4,0.9048837283339655,0.6414987302679365
commons-v3-foundation-development-v2,focal_greedy,73,4,0.8891292297574718,0.6462197682905299
commons-v3-foundation-development-v2,focal_greedy,74,4,0.9455681216977136,0.6480646449973506
commons-v3-foundation-development-v2,focal_greedy,75,4,0.9391905665701382,0.6529711592392708
commons-v3-foundation-development-v2,focal_greedy,76,4,0.9180688120620051,0.6565085115339476
commons-v3-foundation-development-v2,focal_greedy,77,4,0.921133663622538,0.6599905586457668
commons-v3-foundation-development-v2,focal_greedy,78,4,0.8828828191254141,0.6656528932139333
commons-v3-foundation-development-v2,focal_greedy,79,4,0.880800438200146,0.6715655790111829
commons-v3-foundation-development-v2,focal_greedy,80,4,0.9158028082462385,0.672340161547466
commons-v3-foundation-development-v2,focal_greedy,81,4,0.8796336313564241,0.6764396796436485
commons-v3-foundation-development-v2,focal_greedy,82,4,0.8805080169854744,0.67962292476483
commons-v3-foundation-development-v2,focal_greedy,83,4,0.9363648378594214,0.6808012886305774
commons-v3-foundation-development-v2,focal_greedy,84,4,0.9150452003028313,0.684372861455446
commons-v3-foundation-development-v2,focal_greedy,85,4,0.8962447112995955,0.6895644077017179
commons-v3-foundation-development-v2,focal_greedy,86,4,0.9417063965186235,0.689932713771789
commons-v3-foundation-development-v2,focal_greedy,87,4,0.9375201037632451,0.6940119071357648
commons-v3-foundation-development-v2,focal_greedy,88,4,0.8942499367778989,0.6979062121653562
commons-v3-foundation-development-v2,focal_greedy,89,4,0.892531933850785,0.7017296740937038
commons-v3-foundation-development-v2,focal_greedy,90,4,0.9309569789297153,0.7026420632747649
commons-v3-foundation-development-v2,focal_greedy,91,4,0.9053741073871826,0.7056548453905889
commons-v3-foundation-development-v2,focal_greedy,92,4,0.8881702578078272,0.7090076472828625
commons-v3-foundation-development-v2,focal_greedy,93,4,0.9317585471217303,0.7098732511874727
commons-v3-foundation-development-v2,focal_greedy,94,4,0.9099519424576277,0.7126406611817192
commons-v3-foundation-development-v2,focal_greedy,95,4,0.8912431462954034,0.7149004737071384
commons-v3-foundation-development-v2,focal_greedy,96,4,0.9403609531633921,0.7139682958334083
commons-v3-foundation-development-v2,focal_greedy,97,4,0.9052471531013908,0.7175880685360412
commons-v3-foundation-development-v2,focal_greedy,98,4,0.8945053728618533,0.7196121096214225
commons-v3-foundation-development-v2,focal_greedy,99,4,0.9310003038732323,0.7184422721701449
commons-v3-foundation-development-v2,focal_greedy,100,4,0.9065796276396908,0.720708283551075
commons-v3-foundation-development-v2,focal_greedy,101,4,0.8936784143901458,0.7224944104324127
commons-v3-foundation-development-v2,focal_greedy,102,4,0.9312502441096342,0.7226433818469876
commons-v3-foundation-development-v2,focal_greedy,103,4,0.9066112826753772,0.724775091493276
commons-v3-foundation-development-v2,focal_greedy,104,4,0.8943397239427864,0.7257814632959043
commons-v3-foundation-development-v2,focal_greedy,105,4,0.9250420837856094,0.7259097385093513
commons-v3-foundation-development-v2,focal_greedy,106,4,0.929662213416413,0.7271152297292076
commons-v3-foundation-development-v2,focal_greedy,107,4,0.8942621940094078,0.7289969159798527
commons-v3-foundation-development-v2,focal_greedy,108,4,0.8908403833579408,0.7301391817333515
commons-v3-foundation-development-v2,focal_greedy,109,4,0.9318965895477671,0.7296188647830336
commons-v3-foundation-development-v2,focal_greedy,110,4,0.9097139919503875,0.7316508464098539
commons-v3-foundation-development-v2,focal_greedy,111,4,0.8895194255600037,0.7340022845296406
commons-v3-foundation-development-v2,focal_greedy,112,4,0.9324692927827799,0.7332828849137487
commons-v3-foundation-development-v2,focal_greedy,113,4,0.9109717504773124,0.7337619661922279
commons-v3-foundation-development-v2,focal_greedy,114,4,0.8850940997387832,0.7362143458863462
commons-v3-foundation-development-v2,focal_greedy,115,4,0.9293283197506241,0.7347350052591118
commons-v3-foundation-development-v2,focal_greedy,116,4,0.9179686871063226,0.7354999299221859
commons-v3-foundation-development-v2,focal_greedy,117,4,0.8893390177511415,0.7367742365167549
commons-v3-foundation-development-v2,focal_greedy,118,4,0.8919713987942683,0.7387572331473309
commons-v3-foundation-development-v2,focal_greedy,119,4,0.9306865502289741,0.7373177599791936
commons-v3-foundation-development-v2,focal_greedy,120,4,0.9061522179613147,0.7385591975837487
commons-v3-foundation-development-v2,focal_greedy,121,4,0.8921908969642892,0.7394093623141947
commons-v3-foundation-development-v2,focal_greedy,122,4,0.9284460259323088,0.7376638041220152
commons-v3-foundation-development-v2,focal_greedy,123,4,0.9100324506886414,0.7389683022445483
commons-v3-foundation-development-v2,focal_greedy,124,4,0.8893824760543,0.7406207983420775
commons-v3-foundation-development-v2,focal_greedy,125,4,0.9297609288524769,0.7392385102906972
commons-v3-foundation-development-v2,focal_greedy,126,4,0.9192175045682702,0.7406710387167063
commons-v3-foundation-development-v2,focal_greedy,127,4,0.8871699143318248,0.741816700493326
commons-v3-foundation-development-v2,focal_greedy,128,4,0.8826521230049931,0.744306379391627
commons-v3-foundation-development-v2,focal_greedy,129,4,0.9311422192037766,0.7434204398497917
commons-v3-foundation-development-v2,focal_greedy,130,4,0.9272641812296563,0.743959276727751
commons-v3-foundation-development-v2,focal_greedy,131,4,0.9110130557061217,0.744256433193921
commons-v3-foundation-development-v2,focal_greedy,132,4,0.9004811268975832,0.7452010667481078
commons-v3-foundation-development-v2,focal_greedy,133,4,0.8803292361567975,0.7466501782931866
commons-v3-foundation-development-v2,focal_greedy,134,4,0.88399186975348,0.7473867757860388
commons-v3-foundation-development-v2,focal_greedy,135,4,0.9145313127184785,0.7458744479223816
commons-v3-foundation-development-v2,focal_greedy,136,4,0.9115035844674612,0.746546659630291
commons-v3-foundation-development-v2,focal_greedy,137,4,0.8800270619216038,0.7478268424014055
commons-v3-foundation-development-v2,focal_greedy,138,4,0.8771799893942306,0.748707079464182
commons-v3-foundation-development-v2,focal_greedy,139,4,0.9204024960470859,0.7479010830205963
commons-v3-foundation-development-v2,focal_greedy,140,4,0.8970992039387562,0.748084534725461
commons-v3-foundation-development-v2,focal_greedy,141,4,0.8842175200835689,0.7498392372731428
commons-v3-foundation-development-v2,focal_greedy,142,4,0.9203652784063296,0.748179315420685
commons-v3-foundation-development-v2,focal_greedy,143,4,0.922486163629142,0.7481458087408804
commons-v3-foundation-development-v2,focal_greedy,144,4,0.901939490661327,0.7484064741006975
commons-v3-foundation-development-v2,focal_greedy,145,4,0.8814237447487457,0.7496301417082561
commons-v3-foundation-development-v2,focal_greedy,146,4,0.8806160476508704,0.7496715154858697
commons-v3-foundation-development-v2,focal_greedy,147,4,0.913915893182524,0.7480423183601889
commons-v3-foundation-development-v2,focal_greedy,148,4,0.9155018852961683,0.7478415981208454
commons-v3-foundation-development-v2,focal_greedy,149,4,0.9052265851787764,0.7486950401420038
commons-v3-foundation-development-v2,focal_greedy,150,4,0.9051817217371924,0.747647849315676
commons-v3-foundation-development-v2,focal_greedy,151,4,0.8798627403607179,0.7491078001122659
commons-v3-foundation-development-v2,focal_greedy,152,4,0.8807187488358135,0.7493068781596068
commons-v3-foundation-development-v2,focal_greedy,153,4,0.9218938131780144,0.7478986637788805
commons-v3-foundation-development-v2,focal_greedy,154,4,0.8961738101814799,0.7493196622210094
commons-v3-foundation-development-v2,focal_greedy,155,4,0.8824984138574611,0.7501012587177771
commons-v3-foundation-development-v2,focal_greedy,156,4,0.9220329685021131,0.7484095648306505
commons-v3-foundation-development-v2,focal_greedy,157,4,0.9208893700443219,0.7484225722840675
commons-v3-foundation-development-v2,focal_greedy,158,4,0.900963391005374,0.7481425582327969
commons-v3-foundation-development-v2,focal_greedy,159,4,0.9016370249271025,0.7481408972350263
commons-v3-foundation-development-v2,focal_greedy,160,4,0.8829563331268917,0.7490804983649526
commons-v3-foundation-development-v2,focal_greedy,161,4,0.8774035439571287,0.75031830822786
commons-v3-foundation-development-v2,focal_greedy,162,4,0.9189131078511423,0.7482380653570784
commons-v3-foundation-development-v2,focal_greedy,163,4,0.8896655330565688,0.7488721356814112
commons-v3-foundation-development-v2,focal_greedy,164,4,0.8775826816959643,0.7497357710881685
commons-v3-foundation-development-v2,focal_greedy,165,4,0.9176554146907357,0.7482101927006859
commons-v3-foundation-development-v2,focal_greedy,166,4,0.9220318281414347,0.7480568645774989
commons-v3-foundation-development-v2,focal_greedy,167,4,0.8753085819585572,0.7499433296840228
commons-v3-foundation-development-v2,focal_greedy,168,4,0.8791445958510347,0.7508648880326472
commons-v3-foundation-development-v2,focal_greedy,169,4,0.9199639794298196,0.7493713744575466
commons-v3-foundation-development-v2,focal_greedy,170,4,0.8936111382684456,0.7501140492774945
commons-v3-foundation-development-v2,focal_greedy,171,4,0.8779643961974031,0.7508856601383556
commons-v3-foundation-development-v2,focal_greedy,172,4,0.9204309054412394,0.7484825495486422
commons-v3-foundation-development-v2,focal_greedy,173,4,0.8943001037040387,0.749315966370367
commons-v3-foundation-development-v2,focal_greedy,174,4,0.8828224246947982,0.7501822581912705
commons-v3-foundation-development-v2,focal_greedy,175,4,0.9209520507236789,0.7489487269308754
commons-v3-foundation-development-v2,focal_greedy,176,4,0.8967862306453165,0.7496107773986005
commons-v3-foundation-development-v2,focal_greedy,177,4,0.8846622279412438,0.749780912333216
commons-v3-foundation-development-v2,focal_greedy,178,4,0.9150919740848787,0.7483190852918764
commons-v3-foundation-development-v2,focal_greedy,179,4,0.8910621514470662,0.7491924644215952
commons-v3-foundation-development-v2,focal_greedy,180,4,0.8793691260645095,0.7497541215194905
commons-v3-foundation-development-v2,focal_greedy,181,4,0.919854408706348,0.7479026182795375
commons-v3-foundation-development-v2,focal_greedy,182,4,0.9143833791720687,0.7478572950500503
commons-v3-foundation-development-v2,focal_greedy,183,4,0.875177394367651,0.7491937787343554
commons-v3-foundation-development-v2,focal_greedy,184,4,0.8772243663267789,0.7502841180305646
commons-v3-foundation-development-v2,focal_greedy,185,4,0.9207172864277495,0.7483434008962001
commons-v3-foundation-development-v2,focal_greedy,186,4,0.8899054978019281,0.7490815652165972
commons-v3-foundation-development-v2,focal_greedy,187,4,0.8778769875110491,0.7502095838891761
commons-v3-foundation-development-v2,focal_greedy,188,4,0.9261232530724672,0.7479417124467393
commons-v3-foundation-development-v2,focal_greedy,189,4,0.8929557862312796,0.7500984414438079
commons-v3-foundation-development-v2,focal_greedy,190,4,0.8841476670280116,0.7502643139780041
commons-v3-foundation-development-v2,focal_greedy,191,4,0.9198049063248313,0.7484832253198873
commons-v3-foundation-development-v2,focal_greedy,192,4,0.9196621688864385,0.7486575529792023
commons-v3-foundation-development-v2,focal_greedy,193,4,0.9021454923401211,0.7478398924458942
commons-v3-foundation-development-v2,focal_greedy,194,4,0.8774267693738347,0.7495155779770519
commons-v3-foundation-development-v2,focal_greedy,195,4,0.8852088584183332,0.750345299819455
commons-v3-foundation-development-v2,focal_greedy,196,4,0.9193690484045337,0.7483987923835174
commons-v3-foundation-development-v2,focal_greedy,197,4,0.9000661995686298,0.7487944912860072
commons-v3-foundation-development-v2,focal_greedy,198,4,0.8787237796953558,0.7498518590039155
commons-v3-foundation-development-v2,focal_greedy,199,4,0.9204540689331127,0.748300151539034
commons-v3-foundation-development-v2,focal_greedy,200,4,0.8960732707844495,0.749382252850715
commons-v3-foundation-development-v2,focal_greedy,201,4,0.8832621575796329,0.7505056445700282
commons-v3-foundation-development-v2,focal_greedy,202,4,0.9252877350032164,0.7484574395510397
commons-v3-foundation-development-v2,focal_greedy,203,4,0.9192590976722889,0.7479620332506074
commons-v3-foundation-development-v2,focal_greedy,204,4,0.8800139001474677,0.7495739233466345
commons-v3-foundation-development-v2,focal_greedy,205,4,0.8817854187721859,0.7502213786170289
commons-v3-foundation-development-v2,focal_greedy,206,4,0.9143351650135902,0.748196745861682
commons-v3-foundation-development-v2,focal_greedy,207,4,0.8890527153633474,0.7497726988153616
commons-v3-foundation-development-v2,focal_greedy,208,4,0.8809051695724122,0.7503532072285495
commons-v3-foundation-development-v2,focal_greedy,209,4,0.9179841038391969,0.7484728041439703
commons-v3-foundation-development-v2,focal_greedy,210,4,0.9194055233322896,0.7483462268598204
commons-v3-foundation-development-v2,focal_greedy,211,4,0.9021331653262041,0.7487011072411469
commons-v3-foundation-development-v2,focal_greedy,212,4,0.8802553524864813,0.7493102275378811
commons-v3-foundation-development-v2,focal_greedy,213,4,0.8759902698853209,0.7499993394114206
commons-v3-foundation-development-v2,focal_greedy,214,4,0.9179985320991689,0.7485578467932461
commons-v3-foundation-development-v2,focal_greedy,215,4,0.915177586907393,0.7484226769946288
commons-v3-foundation-development-v2,focal_greedy,216,4,0.8764971556240416,0.7493079741337136
commons-v3-foundation-development-v2,focal_greedy,217,4,0.8797502190228487,0.7501775530957988
commons-v3-foundation-development-v2,focal_greedy,218,4,0.9234280093391511,0.7485214979780542
commons-v3-foundation-development-v2,focal_greedy,219,4,0.8915709327290509,0.7501470398056023
commons-v3-foundation-development-v2,focal_greedy,220,4,0.8813159888581812,0.7502918491268861
commons-v3-foundation-development-v2,focal_greedy,221,4,0.9178467246125803,0.7482602212090324
commons-v3-foundation-development-v2,focal_greedy,222,4,0.893568756123585,0.7491464762523461
commons-v3-foundation-development-v2,focal_greedy,223,4,0.8769478658965469,0.7503968520076943
commons-v3-foundation-development-v2,focal_greedy,224,4,0.925171928511667,0.748426319085517
commons-v3-foundation-development-v2,focal_greedy,225,4,0.9109086895762346,0.7484361608755075
commons-v3-foundation-development-v2,focal_greedy,226,4,0.9000499808264455,0.74894482073554
commons-v3-foundation-development-v2,focal_greedy,227,4,0.878151623935626,0.7489506251733032
commons-v3-foundation-development-v2,focal_greedy,228,4,0.8751702809579494,0.7508465786199989
commons-v3-foundation-development-v2,focal_greedy,229,4,0.9224953919698059,0.7486259964102113
commons-v3-foundation-development-v2,focal_greedy,230,4,0.909763796774056,0.7486150546511516
commons-v3-foundation-development-v2,focal_greedy,231,4,0.8785353986846537,0.749455061275139
commons-v3-foundation-development-v2,focal_greedy,232,4,0.8787145190094066,0.7502087712192594
commons-v3-foundation-development-v2,focal_greedy,233,4,0.916097422104246,0.7492162576758488
commons-v3-foundation-development-v2,focal_greedy,234,4,0.8973915409197869,0.749253877956443
commons-v3-foundation-development-v2,focal_greedy,235,4,0.875632143064801,0.7502964155429679
commons-v3-foundation-development-v2,focal_greedy,236,4,0.9115073488036939,0.7495312874092216
commons-v3-foundation-development-v2,focal_greedy,237,4,0.9158630003153616,0.748510045349996
commons-v3-foundation-development-v2,focal_greedy,238,4,0.8684457351939809,0.7500175039665002
commons-v3-foundation-development-v2,focal_greedy,239,4,0.8708159141246485,0.7508276070583451
commons-v3-foundation-development-v2,focal_greedy,240,4,0.9124605730935252,0.7492228450914349
commons-v3-foundation-development-v2,focal_greedy,241,4,0.8901611522467529,0.7503792514851659
commons-v3-foundation-development-v2,focal_greedy,242,4,0.8733977463103864,0.7510608978124336
commons-v3-foundation-development-v2,focal_greedy,243,4,0.9118270093486023,0.7489252400910758
commons-v3-foundation-development-v2,focal_greedy,244,4,0.8908579948516443,0.749492874284615
commons-v3-foundation-development-v2,focal_greedy,245,4,0.8685150710576928,0.7507933140405955
commons-v3-foundation-development-v2,focal_greedy,246,4,0.9125020478274214,0.7485776038394847
commons-v3-foundation-development-v2,focal_greedy,247,4,0.9085466048809023,0.7486503432221712
commons-v3-foundation-development-v2,focal_greedy,248,4,0.8953059811657182,0.7490347938822982
commons-v3-foundation-development-v2,focal_greedy,249,4,0.8774986623456302,0.7503787032364981
commons-v3-foundation-development-v2,focal_greedy,250,4,0.8806688346042892,0.7505921812553062
commons-v3-foundation-development-v2,focal_greedy,251,4,0.9154748974032196,0.748345722148746
commons-v3-foundation-development-v2,focal_greedy,252,4,0.884680259507245,0.7497035616241237
commons-v3-foundation-development-v2,focal_greedy,253,4,0.8769530553194356,0.7500013041277585
commons-v3-foundation-development-v2,focal_greedy,254,4,0.9167235904299535,0.747903603319581
commons-v3-foundation-development-v2,focal_greedy,255,4,0.907390424543794,0.7489355424411661
commons-v3-foundation-development-v2,focal_greedy,256,4,0.8998571023677697,0.7489907673129669
commons-v3-foundation-development-v2,half_greedy,1,4,1.0,0.9221525961403597
commons-v3-foundation-development-v2,half_greedy,2,4,1.0,0.8142447225102318
commons-v3-foundation-development-v2,half_greedy,3,4,1.0,0.7160895749529981
commons-v3-foundation-development-v2,half_greedy,4,4,1.0,0.6406042154660525
commons-v3-foundation-development-v2,half_greedy,5,4,1.0,0.5933564579178824
commons-v3-foundation-development-v2,half_greedy,6,4,1.0,0.545729423919933
commons-v3-foundation-development-v2,half_greedy,7,4,1.0,0.4980166184640384
commons-v3-foundation-development-v2,half_greedy,8,4,1.0,0.46138971036746385
commons-v3-foundation-development-v2,half_greedy,9,4,1.0,0.4283968973697327
commons-v3-foundation-development-v2,half_greedy,10,4,1.0,0.3949518718604019
commons-v3-foundation-development-v2,half_greedy,11,4,0.9429116315181905,0.3555364699526589
commons-v3-foundation-development-v2,half_greedy,12,4,0.9194524822993961,0.3143631676282407
commons-v3-foundation-development-v2,half_greedy,13,4,0.9135476765471846,0.27091483201430067
commons-v3-foundation-development-v2,half_greedy,14,4,0.9058633204702968,0.24605776528247858
commons-v3-foundation-development-v2,half_greedy,15,4,0.8637826601859332,0.22222431162339257
commons-v3-foundation-development-v2,half_greedy,16,4,0.8467109152687438,0.20321091285297524
commons-v3-foundation-development-v2,half_greedy,17,4,0.838599933291249,0.17479031668037148
commons-v3-foundation-development-v2,half_greedy,18,4,0.8399880769721553,0.1496273719115943
commons-v3-foundation-development-v2,half_greedy,19,4,0.8398256544052249,0.13830074378121932
commons-v3-foundation-development-v2,half_greedy,20,4,0.8399147256232756,0.13288448558100358
commons-v3-foundation-development-v2,half_greedy,21,4,0.8314003990174146,0.12021818443042702
commons-v3-foundation-development-v2,half_greedy,22,4,0.8229166666666667,0.10995657033570908
commons-v3-foundation-development-v2,half_greedy,23,4,0.8121874028620298,0.09643850686217299
commons-v3-foundation-development-v2,half_greedy,24,4,0.8020833333333334,0.07890287171410297
commons-v3-foundation-development-v2,half_greedy,25,4,0.8020833333333334,0.07233442726003385
commons-v3-foundation-development-v2,half_greedy,26,4,0.7912663532138845,0.06358459977714193
commons-v3-foundation-development-v2,half_greedy,27,4,0.7708333333333334,0.05674946605966778
commons-v3-foundation-development-v2,half_greedy,28,4,0.7690007455107062,0.052664635106773626
commons-v3-foundation-development-v2,half_greedy,29,4,0.7387182554897329,0.05113131220280431
commons-v3-foundation-development-v2,half_greedy,30,4,0.716406099682274,0.05154987849628669
commons-v3-foundation-development-v2,half_greedy,31,4,0.7083333333333334,0.04616799780616868
commons-v3-foundation-development-v2,half_greedy,32,4,0.6860317924256318,0.048630744370879615
commons-v3-foundation-development-v2,half_greedy,33,4,0.6595630260837744,0.0533055462243423
commons-v3-foundation-development-v2,half_greedy,34,4,0.6179643463374584,0.05982927508454867
commons-v3-foundation-development-v2,half_greedy,35,4,0.6023791236683473,0.059967998659458
commons-v3-foundation-development-v2,half_greedy,36,4,0.580944775908429,0.062206725978094464
commons-v3-foundation-development-v2,half_greedy,37,4,0.5676450017693008,0.06346106236139823
commons-v3-foundation-development-v2,half_greedy,38,4,0.5745630438170699,0.06599935176235262
commons-v3-foundation-development-v2,half_greedy,39,4,0.5721941937500176,0.07120931172201449
commons-v3-foundation-development-v2,half_greedy,40,4,0.546665485835728,0.07734526721962133
commons-v3-foundation-development-v2,half_greedy,41,4,0.5367331438175849,0.0823998751311761
commons-v3-foundation-development-v2,half_greedy,42,4,0.5549233606328846,0.08364325876342289
commons-v3-foundation-development-v2,half_greedy,43,4,0.5668183355980569,0.0810739234759283
commons-v3-foundation-development-v2,half_greedy,44,4,0.5438633934065753,0.08196221884051802
commons-v3-foundation-development-v2,half_greedy,45,4,0.5226606145395835,0.08421720643466685
commons-v3-foundation-development-v2,half_greedy,46,4,0.510539320110776,0.08620469194916568
commons-v3-foundation-development-v2,half_greedy,47,4,0.492598632009303,0.0896053077177223
commons-v3-foundation-development-v2,half_greedy,48,4,0.5130089444494745,0.08692044966813002
commons-v3-foundation-development-v2,half_greedy,49,4,0.4634437912837427,0.08697790320078584
commons-v3-foundation-development-v2,half_greedy,50,4,0.44785904399919735,0.08756148245777381
commons-v3-foundation-development-v2,half_greedy,51,4,0.4293402777777778,0.08517733740484934
commons-v3-foundation-development-v2,half_greedy,52,4,0.4172544469863434,0.08931445333604697
commons-v3-foundation-development-v2,half_greedy,53,4,0.42069065200352895,0.09100062617684197
commons-v3-foundation-development-v2,half_greedy,54,4,0.4166666666666667,0.09215460002860734
commons-v3-foundation-development-v2,half_greedy,55,4,0.4296074439859948,0.08831950999373188
commons-v3-foundation-development-v2,half_greedy,56,4,0.4184417317546165,0.08781332918163212
commons-v3-foundation-development-v2,half_greedy,57,4,0.4444822284114415,0.08574705095832723
commons-v3-foundation-development-v2,half_greedy,58,4,0.4274920474670668,0.08536082680805755
commons-v3-foundation-development-v2,half_greedy,59,4,0.3926024661703801,0.08268129803633441
commons-v3-foundation-development-v2,half_greedy,60,4,0.38605313607978653,0.08351629307417233
commons-v3-foundation-development-v2,half_greedy,61,4,0.38283754951433757,0.07980235357760498
commons-v3-foundation-development-v2,half_greedy,62,4,0.37939339871875055,0.07644495456601555
commons-v3-foundation-development-v2,half_greedy,63,4,0.3452395887094869,0.07581449316347093
commons-v3-foundation-development-v2,half_greedy,64,4,0.3235879964250556,0.07142342176027522
commons-v3-foundation-development-v2,half_greedy,65,4,0.33401653403146225,0.06693195760607853
commons-v3-foundation-development-v2,half_greedy,66,4,0.3252779187654716,0.06566997526943175
commons-v3-foundation-development-v2,half_greedy,67,4,0.3225134394498005,0.06392899347445644
commons-v3-foundation-development-v2,half_greedy,68,4,0.3021191761812109,0.06409612591352315
commons-v3-foundation-development-v2,half_greedy,69,4,0.29239650587207977,0.06766161998505318
commons-v3-foundation-development-v2,half_greedy,70,4,0.2989000628860498,0.06866796690409581
commons-v3-foundation-development-v2,half_greedy,71,4,0.2950391535221572,0.06989971278484527
commons-v3-foundation-development-v2,half_greedy,72,4,0.2850560135526846,0.07358261785307044
commons-v3-foundation-development-v2,half_greedy,73,4,0.29112739239053487,0.07784645822471825
commons-v3-foundation-development-v2,half_greedy,74,4,0.29192993169023806,0.08427082915931768
commons-v3-foundation-development-v2,half_greedy,75,4,0.299596119140748,0.08846946086652308
commons-v3-foundation-development-v2,half_greedy,76,4,0.28484546464358346,0.08858078151524873
commons-v3-foundation-development-v2,half_greedy,77,4,0.27333986320307657,0.08923759538333237
commons-v3-foundation-development-v2,half_greedy,78,4,0.2563043989756487,0.09381974092752426
commons-v3-foundation-development-v2,half_greedy,79,4,0.25048896968589873,0.10021967288516367
commons-v3-foundation-development-v2,half_greedy,80,4,0.2743005151449,0.10417392772287881
commons-v3-foundation-development-v2,half_greedy,81,4,0.26618513572732444,0.10633689849057758
commons-v3-foundation-development-v2,half_greedy,82,4,0.2825921722376722,0.11000252322700482
commons-v3-foundation-development-v2,half_greedy,83,4,0.27179910459456097,0.11535728782694118
commons-v3-foundation-development-v2,half_greedy,84,4,0.25890835271081086,0.12163469248681784
commons-v3-foundation-development-v2,half_greedy,85,4,0.24192027941088728,0.12496517836118692
commons-v3-foundation-development-v2,half_greedy,86,4,0.24220305930270836,0.12692319129409363
commons-v3-foundation-development-v2,half_greedy,87,4,0.24440964816932378,0.12534611608694649
commons-v3-foundation-development-v2,half_greedy,88,4,0.2843986385804815,0.12508711802477102
commons-v3-foundation-development-v2,half_greedy,89,4,0.2688886230898158,0.13024089867655486
commons-v3-foundation-development-v2,half_greedy,90,4,0.2719034372969818,0.13131023806134226
commons-v3-foundation-development-v2,half_greedy,91,4,0.2740465786361259,0.1344809015786094
commons-v3-foundation-development-v2,half_greedy,92,4,0.2737427922697243,0.13992833118097925
commons-v3-foundation-development-v2,half_greedy,93,4,0.2854913897024424,0.14643280358150168
commons-v3-foundation-development-v2,half_greedy,94,4,0.30480918820200364,0.14670537506796577
commons-v3-foundation-development-v2,half_greedy,95,4,0.30157571003851247,0.14351329742694235
commons-v3-foundation-development-v2,half_greedy,96,4,0.317831188815338,0.14325902466500562
commons-v3-foundation-development-v2,half_greedy,97,4,0.3082042148818257,0.14560714837140548
commons-v3-foundation-development-v2,half_greedy,98,4,0.3329545043903993,0.14712434844097314
commons-v3-foundation-development-v2,half_greedy,99,4,0.2989061529731042,0.1496426313294246
commons-v3-foundation-development-v2,half_greedy,100,4,0.30473355482067344,0.14867634178332934
commons-v3-foundation-development-v2,half_greedy,101,4,0.3028525138876701,0.14603864863082142
commons-v3-foundation-development-v2,half_greedy,102,4,0.29301547236578646,0.14424312505609535
commons-v3-foundation-development-v2,half_greedy,103,4,0.2770684269156217,0.14330584253483625
commons-v3-foundation-development-v2,half_greedy,104,4,0.28488135669833914,0.14120262875971398
commons-v3-foundation-development-v2,half_greedy,105,4,0.28721356569535644,0.14251165546261232
commons-v3-foundation-development-v2,half_greedy,106,4,0.2728911936106433,0.14745361741335694
commons-v3-foundation-development-v2,half_greedy,107,4,0.28787552531796634,0.15018999297207503
commons-v3-foundation-development-v2,half_greedy,108,4,0.2907180842778352,0.15126843185748787
commons-v3-foundation-development-v2,half_greedy,109,4,0.27030315917940345,0.15529570520160185
commons-v3-foundation-development-v2,half_greedy,110,4,0.28261642371843837,0.16069782639084806
commons-v3-foundation-development-v2,half_greedy,111,4,0.29897592611315754,0.16519033266252908
commons-v3-foundation-development-v2,half_greedy,112,4,0.29284952942893805,0.17162076296082635
commons-v3-foundation-development-v2,half_greedy,113,4,0.2818378773420742,0.1761798921511737
commons-v3-foundation-development-v2,half_greedy,114,4,0.2752362917534822,0.1797803968448183
commons-v3-foundation-development-v2,half_greedy,115,4,0.28879919346673205,0.18226630124375498
commons-v3-foundation-development-v2,half_greedy,116,4,0.2818651559617068,0.18757918726399833
commons-v3-foundation-development-v2,half_greedy,117,4,0.3029202244179441,0.18736078581864424
commons-v3-foundation-development-v2,half_greedy,118,4,0.30568488869575366,0.18683603737845225
commons-v3-foundation-development-v2,half_greedy,119,4,0.2998719535063382,0.18771954993014572
commons-v3-foundation-development-v2,half_greedy,120,4,0.28637392592248667,0.1916980700078021
commons-v3-foundation-development-v2,half_greedy,121,4,0.30687445877416275,0.1936723908616237
commons-v3-foundation-development-v2,half_greedy,122,4,0.3242507753303425,0.19936599482580034
commons-v3-foundation-development-v2,half_greedy,123,4,0.29135055399391846,0.20260464740554368
commons-v3-foundation-development-v2,half_greedy,124,4,0.3143624456262267,0.2046791548201709
commons-v3-foundation-development-v2,half_greedy,125,4,0.3608652437593973,0.2045948191341248
commons-v3-foundation-development-v2,half_greedy,126,4,0.3566461629480323,0.20743655315758966
commons-v3-foundation-development-v2,half_greedy,127,4,0.3402573369130527,0.20768405233023626
commons-v3-foundation-development-v2,half_greedy,128,4,0.3347872037492873,0.20853547561952376
commons-v3-foundation-development-v2,half_greedy,129,4,0.340479975147393,0.2050875349336177
commons-v3-foundation-development-v2,half_greedy,130,4,0.32249212556011664,0.2053076237356128
commons-v3-foundation-development-v2,half_greedy,131,4,0.34470180550329577,0.20148389725199473
commons-v3-foundation-development-v2,half_greedy,132,4,0.34252230005408124,0.20064058213555236
commons-v3-foundation-development-v2,half_greedy,133,4,0.3550852649595968,0.2012348362338332
commons-v3-foundation-development-v2,half_greedy,134,4,0.349954372481101,0.2036799432904946
commons-v3-foundation-development-v2,half_greedy,135,4,0.35677338747721066,0.2078280773878618
commons-v3-foundation-development-v2,half_greedy,136,4,0.34732774423669355,0.21311062783692433
commons-v3-foundation-development-v2,half_greedy,137,4,0.33059059346692415,0.21953164971146344
commons-v3-foundation-development-v2,half_greedy,138,4,0.3280037623204308,0.22614742885855757
commons-v3-foundation-development-v2,half_greedy,139,4,0.32107559677319475,0.23417219519360472
commons-v3-foundation-development-v2,half_greedy,140,4,0.3576735186159842,0.2354132143783151
commons-v3-foundation-development-v2,half_greedy,141,4,0.3342917309136789,0.2368819315574825
commons-v3-foundation-development-v2,half_greedy,142,4,0.3524102505173677,0.24114866105407762
commons-v3-foundation-development-v2,half_greedy,143,4,0.3628316603859675,0.24205493694371766
commons-v3-foundation-development-v2,half_greedy,144,4,0.3549055188787879,0.2445736276683351
commons-v3-foundation-development-v2,half_greedy,145,4,0.3652753565169817,0.24243576060410452
commons-v3-foundation-development-v2,half_greedy,146,4,0.38132474932898036,0.23875319708305703
commons-v3-foundation-development-v2,half_greedy,147,4,0.3854166666666667,0.2378366714127335
commons-v3-foundation-development-v2,half_greedy,148,4,0.3854166666666667,0.24088406260823428
commons-v3-foundation-development-v2,half_greedy,149,4,0.37750921749522753,0.24450699709295906
commons-v3-foundation-development-v2,half_greedy,150,4,0.4033237898595108,0.24241195965038143
commons-v3-foundation-development-v2,half_greedy,151,4,0.38430347048674585,0.2458889019843391
commons-v3-foundation-development-v2,half_greedy,152,4,0.37426078633102194,0.24781844130305863
commons-v3-foundation-development-v2,half_greedy,153,4,0.36366631044499886,0.25056317832895797
commons-v3-foundation-development-v2,half_greedy,154,4,0.37829995523127635,0.250035200488465
commons-v3-foundation-development-v2,half_greedy,155,4,0.38061120530287224,0.2521583060907759
commons-v3-foundation-development-v2,half_greedy,156,4,0.3829002180286358,0.2554133617957077
commons-v3-foundation-development-v2,half_greedy,157,4,0.38726544434859334,0.2588268333248244
commons-v3-foundation-development-v2,half_greedy,158,4,0.3879326203971256,0.2558940232316774
commons-v3-foundation-development-v2,half_greedy,159,4,0.380554549108448,0.25623187333653263
commons-v3-foundation-development-v2,half_greedy,160,4,0.37703979346792643,0.25706432488320075
commons-v3-foundation-development-v2,half_greedy,161,4,0.37071544588598443,0.25727813016573864
commons-v3-foundation-development-v2,half_greedy,162,4,0.3645284627157605,0.2576766316010774
commons-v3-foundation-development-v2,half_greedy,163,4,0.36117933930151214,0.2612516771167149
commons-v3-foundation-development-v2,half_greedy,164,4,0.34780107267852917,0.26439945624125
commons-v3-foundation-development-v2,half_greedy,165,4,0.33282615779232627,0.2700770162996602
commons-v3-foundation-development-v2,half_greedy,166,4,0.331128586164917,0.2773373814546492
commons-v3-foundation-development-v2,half_greedy,167,4,0.339025679023425,0.2833800563115102
commons-v3-foundation-development-v2,half_greedy,168,4,0.33588028420769644,0.28936513101476075
commons-v3-foundation-development-v2,half_greedy,169,4,0.346580560631654,0.29289782218241045
commons-v3-foundation-development-v2,half_greedy,170,4,0.36475656585535865,0.292637079776446
commons-v3-foundation-development-v2,half_greedy,171,4,0.37842771959899646,0.29133737866787235
commons-v3-foundation-development-v2,half_greedy,172,4,0.38712821701691635,0.29095080755277253
commons-v3-foundation-development-v2,half_greedy,173,4,0.3993443062796509,0.29146069412603093
commons-v3-foundation-development-v2,half_greedy,174,4,0.3948954571909183,0.2921698679480613
commons-v3-foundation-development-v2,half_greedy,175,4,0.38307101218188044,0.2937527292612455
commons-v3-foundation-development-v2,half_greedy,176,4,0.3866307991683148,0.2901619367360889
commons-v3-foundation-development-v2,half_greedy,177,4,0.3727724964198832,0.28845924950911705
commons-v3-foundation-development-v2,half_greedy,178,4,0.380648200012184,0.290818556813731
commons-v3-foundation-development-v2,half_greedy,179,4,0.3848878867559983,0.2903824064505435
commons-v3-foundation-development-v2,half_greedy,180,4,0.3949973983864622,0.28782533018013706
commons-v3-foundation-development-v2,half_greedy,181,4,0.3937850470104587,0.2854235502424862
commons-v3-foundation-development-v2,half_greedy,182,4,0.3994009446898268,0.2881174364889151
commons-v3-foundation-development-v2,half_greedy,183,4,0.39575034185987296,0.2893162572563712
commons-v3-foundation-development-v2,half_greedy,184,4,0.39648189153568364,0.29063321596785885
commons-v3-foundation-development-v2,half_greedy,185,4,0.39601217693661467,0.2930898868717307
commons-v3-foundation-development-v2,half_greedy,186,4,0.38946409589297726,0.2971593159235312
commons-v3-foundation-development-v2,half_greedy,187,4,0.39707613564776156,0.29820311252377785
commons-v3-foundation-development-v2,half_greedy,188,4,0.3963354939942839,0.2973245097869386
commons-v3-foundation-development-v2,half_greedy,189,4,0.38994698632590175,0.2988082901715767
commons-v3-foundation-development-v2,half_greedy,190,4,0.4263358177378447,0.29593929240204453
commons-v3-foundation-development-v2,half_greedy,191,4,0.4087493157112661,0.29674496471164036
commons-v3-foundation-development-v2,half_greedy,192,4,0.3979153736252653,0.2964562628605244
commons-v3-foundation-development-v2,half_greedy,193,4,0.44950272708620664,0.29501328077331923
commons-v3-foundation-development-v2,half_greedy,194,4,0.42894191367956586,0.2928803773403016
commons-v3-foundation-development-v2,half_greedy,195,4,0.4070307964423109,0.2905524828469068
commons-v3-foundation-development-v2,half_greedy,196,4,0.4484848122444417,0.2879578628203104
commons-v3-foundation-development-v2,half_greedy,197,4,0.44276717867837034,0.28617806632804405
commons-v3-foundation-development-v2,half_greedy,198,4,0.4057427884516642,0.2822002854927184
commons-v3-foundation-development-v2,half_greedy,199,4,0.42392852996585917,0.2817754264339695
commons-v3-foundation-development-v2,half_greedy,200,4,0.46824103498666336,0.2822262829678342
commons-v3-foundation-development-v2,half_greedy,201,4,0.44183807344324044,0.2856987003485588
commons-v3-foundation-development-v2,half_greedy,202,4,0.4268781547145108,0.289016666237751
commons-v3-foundation-development-v2,half_greedy,203,4,0.458833409282624,0.28773260602794626
commons-v3-foundation-development-v2,half_greedy,204,4,0.42552568625820475,0.29499106447463186
commons-v3-foundation-development-v2,half_greedy,205,4,0.3943144018618222,0.3009142987658805
commons-v3-foundation-development-v2,half_greedy,206,4,0.43836192943205693,0.3051435723461058
commons-v3-foundation-development-v2,half_greedy,207,4,0.4256094560867092,0.3087966960273518
commons-v3-foundation-development-v2,half_greedy,208,4,0.40635606395944,0.3127991870664596
commons-v3-foundation-development-v2,half_greedy,209,4,0.4489514419321855,0.3128288274597095
commons-v3-foundation-development-v2,half_greedy,210,4,0.4559634079124736,0.3172577436332486
commons-v3-foundation-development-v2,half_greedy,211,4,0.41459712716961594,0.3242944200744283
commons-v3-foundation-development-v2,half_greedy,212,4,0.42763171620689744,0.3285117669750491
commons-v3-foundation-development-v2,half_greedy,213,4,0.4662956336235963,0.33034950884108794
commons-v3-foundation-development-v2,half_greedy,214,4,0.44508317915892126,0.3384242693955153
commons-v3-foundation-development-v2,half_greedy,215,4,0.42208863557516935,0.3441444932192045
commons-v3-foundation-development-v2,half_greedy,216,4,0.44607573317499377,0.3437432939586207
commons-v3-foundation-development-v2,half_greedy,217,4,0.46521982969068565,0.34637540300735453
commons-v3-foundation-development-v2,half_greedy,218,4,0.41595957289232455,0.35073446504338956
commons-v3-foundation-development-v2,half_greedy,219,4,0.42409792011231046,0.3534291668457991
commons-v3-foundation-development-v2,half_greedy,220,4,0.4786090939150154,0.34828585342723517
commons-v3-foundation-development-v2,half_greedy,221,4,0.4500248287030997,0.3480424700296095
commons-v3-foundation-development-v2,half_greedy,222,4,0.43542686203952247,0.3513575563068852
commons-v3-foundation-development-v2,half_greedy,223,4,0.47863361760700135,0.35463631570308113
commons-v3-foundation-development-v2,half_greedy,224,4,0.485846674748558,0.3576113169316171
commons-v3-foundation-development-v2,half_greedy,225,4,0.46185922677518076,0.3576273533525795
commons-v3-foundation-development-v2,half_greedy,226,4,0.45829929754122956,0.35919679481547523
commons-v3-foundation-development-v2,half_greedy,227,4,0.47158219117864975,0.3561244396539009
commons-v3-foundation-development-v2,half_greedy,228,4,0.41990480159068133,0.3574710523429682
commons-v3-foundation-development-v2,half_greedy,229,4,0.40625,0.3601058960890041
commons-v3-foundation-development-v2,half_greedy,230,4,0.44518743880029904,0.3600995155068185
commons-v3-foundation-development-v2,half_greedy,231,4,0.41775137898656045,0.3651249893859375
commons-v3-foundation-development-v2,half_greedy,232,4,0.4176793436166375,0.36946714349722404
commons-v3-foundation-development-v2,half_greedy,233,4,0.45502608425859115,0.37215888949672615
commons-v3-foundation-development-v2,half_greedy,234,4,0.43009875253074625,0.3767369449167954
commons-v3-foundation-development-v2,half_greedy,235,4,0.41291608873668323,0.3812309794016231
commons-v3-foundation-development-v2,half_greedy,236,4,0.4677033420010243,0.3826421235410595
commons-v3-foundation-development-v2,half_greedy,237,4,0.4424881635042564,0.3871547747400763
commons-v3-foundation-development-v2,half_greedy,238,4,0.4260652107081907,0.3915645691681955
commons-v3-foundation-development-v2,half_greedy,239,4,0.47433597367636154,0.3955481159111745
commons-v3-foundation-development-v2,half_greedy,240,4,0.48700889870235714,0.3962189198250666
commons-v3-foundation-development-v2,half_greedy,241,4,0.4580005171257911,0.39041665177173546
commons-v3-foundation-development-v2,half_greedy,242,4,0.4477376323001202,0.3877740714556701
commons-v3-foundation-development-v2,half_greedy,243,4,0.48789225107006196,0.38517850945728715
commons-v3-foundation-development-v2,half_greedy,244,4,0.4751302447383273,0.3839351619642087
commons-v3-foundation-development-v2,half_greedy,245,4,0.4664797903509583,0.38198460420177954
commons-v3-foundation-development-v2,half_greedy,246,4,0.5023987773043187,0.3772525942451567
commons-v3-foundation-development-v2,half_greedy,247,4,0.49578712236406697,0.3756801042703871
commons-v3-foundation-development-v2,half_greedy,248,4,0.4565398942676526,0.37684786183177316
commons-v3-foundation-development-v2,half_greedy,249,4,0.4580788436999665,0.38040985466454713
commons-v3-foundation-development-v2,half_greedy,250,4,0.4981333893230719,0.38000613659472987
commons-v3-foundation-development-v2,half_greedy,251,4,0.4963804087599071,0.3772859716821958
commons-v3-foundation-development-v2,half_greedy,252,4,0.4843088347276908,0.3717612256963698
commons-v3-foundation-development-v2,half_greedy,253,4,0.4779628592997691,0.3705364417427094
commons-v3-foundation-development-v2,half_greedy,254,4,0.45755371413355306,0.3719219697793684
commons-v3-foundation-development-v2,half_greedy,255,4,0.49233783241076856,0.37430285835281796
commons-v3-foundation-development-v2,half_greedy,256,4,0.498229065457372,0.37538636949362925
