condition,tick,configurations,mean_accounting_residual,mean_consumption,mean_depleted_patches,mean_growth,mean_growth_waste,mean_harvest_cost,mean_hungry_off_site_agents,mean_mean_known_sites,mean_movement_cost,mean_moves,mean_off_site_agents,mean_reserves,mean_shortfall,mean_stock,mean_unaffordable_known_returns,mean_unoccupied_stock_fraction,mean_waste,consumption_fraction_of_need,stock_fraction_of_capacity,off_site_agent_fraction,hungry_off_site_agent_fraction,known_sites_fraction
legacy_need2,1,4,2.098321516541546e-14,28.799999999999997,0,6.633549930473588,0.0,0.5485714311836734,0,1,0.16,8,0,45.92000012799999,0.0,619.2049783712899,0,0.0,0.0,1.0,0.9675077787051405,0.0,0.0,0.0625
legacy_need2,2,4,5.46229728115577e-14,28.799999999999997,0,14.038165517224513,0.0,0.8653061237551021,0,1,0.0,0,0,59.520000192,0.0,589.9778377007594,0,0.0,0.0,1.0,0.9218403714074366,0.0,0.0,0.0625
legacy_need2,3,4,-9.992007221626409e-16,28.799999999999997,0,16.72779151083543,0.0,0.5877551020408162,0,1,0.0,0,0,59.520000192000005,0.0,577.317874109554,0,0.0,0.0,1.0,0.9020591782961782,0.0,0.0,0.0625
legacy_need2,4,4,3.441691376337985e-14,28.799999999999997,0,18.478184317955673,0.0,0.587755102040816,0,1,0.0,0,0,59.520000192000005,0.0,566.408303325469,0,0.0,0.0,1.0,0.8850129739460453,0.0,0.0,0.0625
legacy_need2,5,4,1.5765166949677223e-14,28.799999999999997,0,20.40223233492084,0.0,0.587755102040816,0,1,0.0,0,0,59.520000192000005,0.0,557.4227805583489,0,0.0,0.0,1.0,0.8709730946224201,0.0,0.0,0.0625
legacy_need2,6,4,-2.886579864025407e-15,28.799999999999997,0,21.70579482161452,0.0,0.587755102040816,0,1,0.0,0,0,59.520000192000005,0.0,549.7408202779227,0,0.0,0.0,1.0,0.8589700316842542,0.0,0.0,0.0625
legacy_need2,7,4,5.218048215738236e-14,28.799999999999997,0,22.79292859699564,0.0,0.587755102040816,0,1,0.0,0,0,59.520000192000005,0.0,543.1459937728775,0,0.0,0.0,1.0,0.8486656152701212,0.0,0.0,0.0625
legacy_need2,8,4,7.172040739078511e-14,28.799999999999997,0,23.604850312567137,0.0,0.587755102040816,0,1,0.0,0,0,59.520000192000005,0.0,537.3630889834039,0,0.0,0.0,1.0,0.8396298265365687,0.0,0.0,0.0625
legacy_need2,9,4,9.547918011776346e-15,28.799999999999997,0,24.50085868192541,0.0,0.587755102040816,0,1,0.0,0,0,59.520000192000005,0.0,532.4761925632886,0,0.0,0.0,1.0,0.8319940508801384,0.0,0.0,0.0625
legacy_need2,10,4,4.418687638008123e-14,28.799999999999997,0,25.127180273262965,0.0,0.587755102040816,0,1,0.0,0,0,59.520000192000005,0.0,528.2156177345107,0,0.0,0.0,1.0,0.825336902710173,0.0,0.0,0.0625
legacy_need2,11,4,-2.4202861936828413e-14,28.799999999999997,0,25.748219334473244,0.0,0.587755102040816,0,1,0.0,0,0,59.520000192000005,0.0,524.5760819669431,0,0.0,0.0,1.0,0.8196501280733486,0.0,0.0,0.0625
legacy_need2,12,4,7.260858581048524e-14,28.799999999999997,0,26.09806143174002,0.0,0.587755102040816,0,1,0.0,0,0,59.520000192000005,0.0,521.2863882966424,0,0.0,0.0,1.0,0.8145099817135038,0.0,0.0,0.0625
legacy_need2,13,4,-3.774758283725532e-15,28.799999999999997,0,26.17955992330366,0.0,0.587755102040816,0,1,0.0,0,0,59.520000192000005,0.0,518.0781931179052,0,0.0,0.0,1.0,0.8094971767467269,0.0,0.0,0.0625
legacy_need2,14,4,2.375877272697835e-14,28.799999999999997,0,26.829335405256675,0.0,0.587755102040816,0,1,0.0,0,0,59.520000192000005,0.0,515.5197734211212,0,0.0,0.0,1.0,0.8054996459705018,0.0,0.0,0.0625
legacy_need2,15,4,5.928590951498336e-14,28.799999999999997,0,26.774312555613673,0.0,0.587755102040816,0,1,0.0,0,0,59.520000192000005,0.0,512.906330874694,0,0.0,0.0,1.0,0.8014161419917094,0.0,0.0,0.0625
legacy_need2,16,4,4.8627768478581856e-14,28.799999999999997,0,26.979536637380768,0.0,0.587755102040816,0,1,0.0,0,0,59.520000192000005,0.0,510.4981124100341,0,0.0,0.0,1.0,0.7976533006406783,0.0,0.0,0.0625
legacy_need2,17,4,7.704947790898586e-14,28.799999999999997,0,27.338439249529706,0.0,0.587755102040816,0,1,0.0,0,0,59.520000192000005,0.0,508.448796557523,0,0.0,0.0,1.0,0.7944512446211297,0.0,0.0,0.0625
legacy_need2,18,4,3.26405569239796e-14,28.799999999999997,0,27.44713934332594,0.0,0.587755102040816,0,1,0.0,0,0,59.520000192000005,0.0,506.5081807988081,0,0.0,0.0,1.0,0.7914190324981376,0.0,0.0,0.0625
legacy_need2,19,4,6.461498003318411e-14,28.799999999999997,0,27.941653417841557,0.0,0.587755102040816,0,1,0.0,0,0,59.520000192000005,0.0,505.0620791146089,0,0.0,0.0,1.0,0.7891594986165764,0.0,0.0,0.0625
legacy_need2,20,4,7.083222897108499e-14,28.799999999999997,0,27.804855628364507,0.0,0.587755102040816,0,1,0.0,0,0,59.520000192000005,0.0,503.47917964093267,0,0.0,0.0,1.0,0.7866862181889573,0.0,0.0,0.0625
legacy_need2,21,4,2.8199664825478976e-14,28.799999999999997,0,27.458701758854545,0.0,0.587755102040816,0,1,0.0,0,0,59.520000192000005,0.0,501.5501262977464,0,0.0,0.0,1.0,0.7836720723402287,0.0,0.0,0.0625
legacy_need2,22,4,4.5075054799781356e-14,28.799999999999997,0,27.87114994600064,0.0,0.587755102040816,0,1,0.0,0,0,59.520000192000005,0.0,500.0335211417062,0,0.0,0.0,1.0,0.781302376783916,0.0,0.0,0.0625
legacy_need2,23,4,6.461498003318411e-14,28.799999999999997,0,28.06340324928795,0.0,0.587755102040816,0,1,0.0,0,0,59.520000192000005,0.0,498.7091692889534,0,0.0,0.0,1.0,0.7792330770139897,0.0,0.0,0.0625
legacy_need2,24,4,5.928590951498336e-14,28.799999999999997,0,28.08644581476568,0.0,0.587755102040816,0,1,0.0,0,0,59.520000192000005,0.0,497.4078600016783,0,0.0,0.0,1.0,0.7771997812526223,0.0,0.0,0.0625
legacy_need2,25,4,1.6653345369377348e-14,28.799999999999997,0,27.977278504296674,0.0,0.587755102040816,0,1,0.0,0,0,59.520000192000005,0.0,495.9973834039342,0,0.0,0.0,1.0,0.7749959115686471,0.0,0.0,0.0625
legacy_need2,26,4,4.951594689828198e-14,28.799999999999997,0,28.208004657478547,0.0,0.587755102040816,0,1,0.0,0,0,59.520000192000005,0.0,494.81763295937196,0,0.0,0.0,1.0,0.7731525514990187,0.0,0.0,0.0625
legacy_need2,27,4,7.260858581048524e-14,28.799999999999997,0,28.541808851362077,0.0,0.587755102040816,0,1,0.0,0,0,59.520000192000005,0.0,493.97168670869326,0,0.0,0.0,1.0,0.7718307604823332,0.0,0.0,0.0625
legacy_need2,28,4,5.306866057708248e-14,28.799999999999997,0,28.459001557496027,0.0,0.587755102040816,0,1,0.0,0,0,59.520000192000005,0.0,493.0429331641485,0,0.0,0.0,1.0,0.770379583068982,0.0,0.0,0.0625
legacy_need2,29,4,6.017408793468348e-14,28.799999999999997,0,28.409011520872635,0.0,0.587755102040816,0,1,0.0,0,0,59.520000192000005,0.0,492.06418958298036,0,0.0,0.0,1.0,0.7688502962234068,0.0,0.0,0.0625
legacy_need2,30,4,3.9745984281580604e-14,28.799999999999997,0,28.29650528599449,0.0,0.587755102040816,0,1,0.0,0,0,59.520000192000005,0.0,490.972939766934,0,0.0,0.0,1.0,0.7671452183858344,0.0,0.0,0.0625
legacy_need2,31,4,1.4876988529977098e-14,28.799999999999997,0,28.399484891559425,0.0,0.587755102040816,0,1,0.0,0,0,59.520000192000005,0.0,489.9846695564527,0,0.0,0.0,1.0,0.7656010461819573,0.0,0.0,0.0625
legacy_need2,32,4,6.905587213168474e-14,28.799999999999997,0,28.146700286240772,0.0,0.587755102040816,0,1,0.0,0,0,59.520000192000005,0.0,488.7436147406527,0,0.0,0.0,1.0,0.7636618980322698,0.0,0.0,0.0625
legacy_need2,33,4,6.550315845288424e-14,28.799999999999997,0,28.769080129598258,0.0,0.587755102040816,0,1,0.0,0,0,59.520000192000005,0.0,488.12493976821014,0,0.0,0.0,1.0,0.7626952183878284,0.0,0.0,0.0625
legacy_need2,34,4,2.1094237467877974e-14,28.799999999999997,0,28.62426687920344,0.0,0.587755102040816,0,1,0.0,0,0,59.520000192000005,0.0,487.36145154537274,0,0.0,0.0,1.0,0.7615022680396449,0.0,0.0,0.0625
legacy_need2,35,4,5.395683899678261e-14,28.799999999999997,0,28.7425031837292,0.0,0.587755102040816,0,1,0.0,0,0,59.520000192000005,0.0,486.7161996270612,0,0.0,0.0,1.0,0.7604940619172831,0.0,0.0,0.0625
legacy_need2,36,4,4.063416270128073e-14,28.799999999999997,0,28.906464408338366,0.0,0.587755102040816,0,1,0.0,0,0,59.520000192000005,0.0,486.2349089333588,0,0.0,0.0,1.0,0.7597420452083731,0.0,0.0,0.0625
legacy_need2,37,4,6.639133687258436e-14,28.799999999999997,0,28.757003555750405,0.0,0.587755102040816,0,1,0.0,0,0,59.520000192000005,0.0,485.60415738706837,0,0.0,0.0,1.0,0.7587564959172943,0.0,0.0,0.0625
legacy_need2,38,4,4.8627768478581856e-14,28.799999999999997,0,28.84634532952196,0.0,0.587755102040816,0,1,0.0,0,0,59.520000192000005,0.0,485.06274761454955,0,0.0,0.0,1.0,0.7579105431477337,0.0,0.0,0.0625
legacy_need2,39,4,5.839773109528323e-14,28.799999999999997,0,28.651588557354017,0.0,0.587755102040816,0,1,0.0,0,0,59.520000192000005,0.0,484.3265810698628,0,0.0,0.0,1.0,0.7567602829216606,0.0,0.0,0.0625
legacy_need2,40,4,7.616129948928574e-14,28.799999999999997,0,28.47279949855257,0.0,0.587755102040816,0,1,0.0,0,0,59.520000192000005,0.0,483.4116254663746,0,0.0,0.0,1.0,0.7553306647912102,0.0,0.0,0.0625
legacy_need2,41,4,5.306866057708248e-14,28.799999999999997,0,28.909246355129415,0.0,0.587755102040816,0,1,0.0,0,0,59.520000192000005,0.0,482.9331167194632,0,0.0,0.0,1.0,0.7545829948741613,0.0,0.0,0.0625
legacy_need2,42,4,8.415490526658687e-14,28.799999999999997,0,29.064593846916807,0.0,0.587755102040816,0,1,0.0,0,0,59.520000192000005,0.0,482.60995546433924,0,0.0,0.0,1.0,0.7540780554130301,0.0,0.0,0.0625
legacy_need2,43,4,1.5765166949677223e-14,28.799999999999997,0,29.391404663666037,0.0,0.587755102040816,0,1,0.0,0,0,59.520000192000005,0.0,482.6136050259645,0,0.0,0.0,1.0,0.7540837578530695,0.0,0.0,0.0625
legacy_need2,44,4,7.083222897108499e-14,28.799999999999997,0,28.53732229984591,0.0,0.587755102040816,0,1,0.0,0,0,59.520000192000005,0.0,481.76317222376963,0,0.0,0.0,1.0,0.7527549565996401,0.0,0.0,0.0625
legacy_need2,45,4,5.395683899678261e-14,28.799999999999997,0,28.715374119736158,0.0,0.587755102040816,0,1,0.0,0,0,59.520000192000005,0.0,481.09079124146496,0,0.0,0.0,1.0,0.751704361314789,0.0,0.0,0.0625
legacy_need2,46,4,6.550315845288424e-14,28.799999999999997,0,28.850021363157346,0.0,0.587755102040816,0,1,0.0,0,0,59.520000192000005,0.0,480.5530575025815,0,0.0,0.0,1.0,0.7508641523477836,0.0,0.0,0.0625
legacy_need2,47,4,8.326672684688674e-14,28.799999999999997,0,28.96353985857715,0.0,0.587755102040816,0,1,0.0,0,0,59.520000192000005,0.0,480.1288422591179,0,0.0,0.0,1.0,0.7502013160298717,0.0,0.0,0.0625
legacy_need2,48,4,4.3298697960381105e-14,28.799999999999997,0,29.06806750844254,0.0,0.587755102040816,0,1,0.0,0,0,59.520000192000005,0.0,479.80915466551966,0,0.0,0.0,1.0,0.7497018041648744,0.0,0.0,0.0625
legacy_need2,49,4,4.8627768478581856e-14,28.799999999999997,0,29.046171118908127,0.0,0.587755102040816,0,1,0.0,0,0,59.520000192000005,0.0,479.467570682387,0,0.0,0.0,1.0,0.7491680791912297,0.0,0.0,0.0625
legacy_need2,50,4,3.530509218307998e-14,28.799999999999997,0,28.94660625664003,0.0,0.587755102040816,0,1,0.0,0,0,59.520000192000005,0.0,479.02642183698623,0,0.0,0.0,1.0,0.748478784120291,0.0,0.0,0.0625
legacy_need2,51,4,7.704947790898586e-14,28.799999999999997,0,28.87195746976193,0.0,0.587755102040816,0,1,0.0,0,0,59.520000192000005,0.0,478.51062420470737,0,0.0,0.0,1.0,0.7476728503198553,0.0,0.0,0.0625
legacy_need2,52,4,6.017408793468348e-14,28.799999999999997,0,28.8658159520278,0.0,0.587755102040816,0,1,0.0,0,0,59.520000192000005,0.0,477.98868505469443,0,0.0,0.0,1.0,0.74685732039796,0.0,0.0,0.0625
legacy_need2,53,4,5.395683899678261e-14,28.799999999999997,0,28.936974400271215,0.0,0.587755102040816,0,1,0.0,0,0,59.520000192000005,0.0,477.53790435292484,0,0.0,0.0,1.0,0.7461529755514451,0.0,0.0,0.0625
legacy_need2,54,4,5.573319583618286e-14,28.799999999999997,0,29.03928540062836,0.0,0.587755102040816,0,1,0.0,0,0,59.520000192000005,0.0,477.18943465151244,0,0.0,0.0,1.0,0.7456084916429881,0.0,0.0,0.0625
legacy_need2,55,4,7.438494264988549e-14,28.799999999999997,0,29.04599035699952,0.0,0.587755102040816,0,1,0.0,0,0,59.520000192000005,0.0,476.84766990647114,0,0.0,0.0,1.0,0.7450744842288611,0.0,0.0,0.0625
legacy_need2,56,4,5.750955267558311e-14,28.799999999999997,0,28.837486000161476,0.0,0.587755102040816,0,1,0.0,0,0,59.520000192000005,0.0,476.2974008045918,0,0.0,0.0,1.0,0.7442146887571747,0.0,0.0,0.0625
legacy_need2,57,4,7.527312106958561e-14,28.799999999999997,0,28.822829279558032,0.0,0.587755102040816,0,1,0.0,0,0,59.520000192000005,0.0,475.7324749821091,0,0.0,0.0,1.0,0.7433319921595455,0.0,0.0,0.0625
legacy_need2,58,4,6.195044477408373e-14,28.799999999999997,0,29.229323171854865,0.0,0.587755102040816,0,1,0.0,0,0,59.520000192000005,0.0,475.5740430519232,0,0.0,0.0,1.0,0.74308444226863,0.0,0.0,0.0625
legacy_need2,59,4,2.90878432451791e-14,28.799999999999997,0,29.150380885076046,0.0,0.587755102040816,0,1,0.0,0,0,59.520000192000005,0.0,475.3366688349584,0,0.0,0.0,1.0,0.7427135450546225,0.0,0.0,0.0625
legacy_need2,60,4,7.438494264988549e-14,28.799999999999997,0,29.033224165462965,0.0,0.587755102040816,0,1,0.0,0,0,59.520000192000005,0.0,474.98213789838064,0,0.0,0.0,1.0,0.7421595904662197,0.0,0.0,0.0625
legacy_need2,61,4,7.083222897108499e-14,28.799999999999997,0,29.25457058147323,0.0,0.587755102040816,0,1,0.0,0,0,59.520000192000005,0.0,474.8489533778131,0,0.0,0.0,1.0,0.741951489652833,0.0,0.0,0.0625
legacy_need2,62,4,5.484501741648273e-14,28.799999999999997,0,28.874814441540494,0.0,0.587755102040816,0,1,0.0,0,0,59.520000192000005,0.0,474.33601271731277,0,0.0,0.0,1.0,0.7411500198708012,0.0,0.0,0.0625
legacy_need2,63,4,2.9976021664879227e-14,28.799999999999997,0,29.188538829169048,0.0,0.587755102040816,0,1,0.0,0,0,59.520000192000005,0.0,474.136796444441,0,0.0,0.0,1.0,0.7408387444444391,0.0,0.0,0.0625
legacy_need2,64,4,5.218048215738236e-14,28.799999999999997,0,29.141744824426784,0.0,0.587755102040816,0,1,0.0,0,0,59.520000192000005,0.0,473.890786166827,0,0.0,0.0,1.0,0.7404543533856672,0.0,0.0,0.0625
legacy_need2,65,4,6.195044477408373e-14,28.799999999999997,0,28.759937915248308,0.0,0.587755102040816,0,1,0.0,0,0,59.520000192000005,0.0,473.26296898003454,0,0.0,0.0,1.0,0.739473389031304,0.0,0.0,0.0625
legacy_need2,66,4,3.6193270602780103e-14,28.799999999999997,0,29.40124162580792,0.0,0.587755102040816,0,1,0.0,0,0,59.520000192000005,0.0,473.2764555038017,0,0.0,0.0,1.0,0.7394944617246901,0.0,0.0,0.0625
legacy_need2,67,4,5.129230373768223e-14,28.799999999999997,0,29.105748122016585,0.0,0.587755102040816,0,1,0.0,0,0,59.520000192000005,0.0,472.99444852377746,0,0.0,0.0,1.0,0.7390538258184023,0.0,0.0,0.0625
legacy_need2,68,4,6.639133687258436e-14,28.799999999999997,0,28.82235526109442,0.0,0.587755102040816,0,1,0.0,0,0,59.520000192000005,0.0,472.4290486828311,0,0.0,0.0,1.0,0.7381703885669235,0.0,0.0,0.0625
legacy_need2,69,4,4.773959005888173e-14,28.799999999999997,0,28.791117282150303,0.0,0.587755102040816,0,1,0.0,0,0,59.520000192000005,0.0,471.8324108629406,0,0.0,0.0,1.0,0.7372381419733447,0.0,0.0,0.0625
legacy_need2,70,4,6.283862319378386e-14,28.799999999999997,0,28.733956706412137,0.0,0.587755102040816,0,1,0.0,0,0,59.520000192000005,0.0,471.17861246731195,0,0.0,0.0,1.0,0.7362165819801749,0.0,0.0,0.0625
legacy_need2,71,4,7.527312106958561e-14,28.799999999999997,0,29.348391148464014,0.0,0.587755102040816,0,1,0.0,0,0,59.520000192000005,0.0,471.1392485137352,0,0.0,0.0,1.0,0.7361550758027112,0.0,0.0,0.0625
legacy_need2,72,4,2.4646951146678475e-14,28.799999999999997,0,29.25465281965312,0.0,0.587755102040816,0,1,0.0,0,0,59.520000192000005,0.0,471.00614623134754,0,0.0,0.0,1.0,0.7359471034864805,0.0,0.0,0.0625
legacy_need2,73,4,9.126033262418787e-14,28.799999999999997,0,29.197641694469816,0.0,0.587755102040816,0,1,0.0,0,0,59.520000192000005,0.0,470.8160328237766,0,0.0,0.0,1.0,0.7356500512871509,0.0,0.0,0.0625
legacy_need2,74,4,6.372680161348399e-14,28.799999999999997,0,28.852799212905573,0.0,0.587755102040816,0,1,0.0,0,0,59.520000192000005,0.0,470.28107693464136,0,0.0,0.0,1.0,0.7348141827103771,0.0,0.0,0.0625
legacy_need2,75,4,9.392486788328824e-14,28.799999999999997,0,28.893058864155613,0.0,0.587755102040816,0,1,0.0,0,0,59.520000192000005,0.0,469.78638069675617,0,0.0,0.0,1.0,0.7340412198386815,0.0,0.0,0.0625
legacy_need2,76,4,7.349676423018536e-14,28.799999999999997,0,29.040413975239243,0.0,0.587755102040816,0,1,0.0,0,0,59.520000192000005,0.0,469.4390395699547,0,0.0,0.0,1.0,0.7334984993280542,0.0,0.0,0.0625
legacy_need2,77,4,2.9976021664879227e-14,28.799999999999997,0,28.653957233256662,0.0,0.587755102040816,0,1,0.0,0,0,59.520000192000005,0.0,468.7052417011705,0,0.0,0.0,1.0,0.7323519401580789,0.0,0.0,0.0625
legacy_need2,78,4,6.461498003318411e-14,28.799999999999997,0,29.182269806174112,0.0,0.587755102040816,0,1,0.0,0,0,59.520000192000005,0.0,468.49975640530386,0,0.0,0.0,1.0,0.7320308693832873,0.0,0.0,0.0625
legacy_need2,79,4,7.349676423018536e-14,28.799999999999997,0,28.96056391105031,0.0,0.587755102040816,0,1,0.0,0,0,59.520000192000005,0.0,468.0725652143134,0,0.0,0.0,1.0,0.7313633831473647,0.0,0.0,0.0625
legacy_need2,80,4,5.573319583618286e-14,28.799999999999997,0,29.365147443683398,0.0,0.587755102040816,0,1,0.0,0,0,59.520000192000005,0.0,468.049957555956,0,0.0,0.0,1.0,0.7313280586811812,0.0,0.0,0.0625
legacy_need2,81,4,5.6621374255882984e-14,28.799999999999997,0,29.05396366333909,0.0,0.587755102040816,0,1,0.0,0,0,59.520000192000005,0.0,467.71616611725426,0,0.0,0.0,1.0,0.7308065095582098,0.0,0.0,0.0625
legacy_need2,82,4,4.418687638008123e-14,28.799999999999997,0,29.349087206016677,0.0,0.587755102040816,0,1,0.0,0,0,59.520000192000005,0.0,467.67749822123017,0,0.0,0.0,1.0,0.7307460909706721,0.0,0.0,0.0625
legacy_need2,83,4,7.793765632868599e-14,28.799999999999997,0,28.943306063257218,0.0,0.587755102040816,0,1,0.0,0,0,59.520000192000005,0.0,467.2330491824466,0,0.0,0.0,1.0,0.7300516393475729,0.0,0.0,0.0625
legacy_need2,84,4,8.415490526658687e-14,28.799999999999997,0,29.42936249273258,0.0,0.587755102040816,0,1,0.0,0,0,59.520000192000005,0.0,467.2746565731384,0,0.0,0.0,1.0,0.7301166508955287,0.0,0.0,0.0625
legacy_need2,85,4,4.951594689828198e-14,28.799999999999997,0,28.92135657401574,0.0,0.587755102040816,0,1,0.0,0,0,59.520000192000005,0.0,466.80825804511335,0,0.0,0.0,1.0,0.7293879031954896,0.0,0.0,0.0625
legacy_need2,86,4,4.773959005888173e-14,28.799999999999997,0,29.150259306467383,0.0,0.587755102040816,0,1,0.0,0,0,59.520000192000005,0.0,466.57076224953994,0,0.0,0.0,1.0,0.7290168160149062,0.0,0.0,0.0625
legacy_need2,87,4,3.530509218307998e-14,28.799999999999997,0,28.80719914175669,0.0,0.587755102040816,0,1,0.0,0,0,59.520000192000005,0.0,465.99020628925587,0,0.0,0.0,1.0,0.7281096973269623,0.0,0.0,0.0625
legacy_need2,88,4,3.9745984281580604e-14,28.799999999999997,0,29.339363219130437,0.0,0.587755102040816,0,1,0.0,0,0,59.520000192000005,0.0,465.9418144063455,0,0.0,0.0,1.0,0.7280340850099148,0.0,0.0,0.0625
legacy_need2,89,4,2.9976021664879227e-14,28.799999999999997,0,28.93887649373592,0.0,0.587755102040816,0,1,0.0,0,0,59.520000192000005,0.0,465.49293579804066,0,0.0,0.0,1.0,0.7273327121844385,0.0,0.0,0.0625
legacy_need2,90,4,6.283862319378386e-14,28.799999999999997,0,29.57775217728797,0.0,0.587755102040816,0,1,0.0,0,0,59.520000192000005,0.0,465.6829328732878,0,0.0,0.0,1.0,0.7276295826145123,0.0,0.0,0.0625
legacy_need2,91,4,6.106226635438361e-14,28.799999999999997,0,29.443082752865916,0.0,0.587755102040816,0,1,0.0,0,0,59.520000192000005,0.0,465.73826052411295,0,0.0,0.0,1.0,0.7277160320689264,0.0,0.0,0.0625
legacy_need2,92,4,2.020605904817785e-14,28.799999999999997,0,29.136445552580575,0.0,0.587755102040816,0,1,0.0,0,0,59.520000192000005,0.0,465.4869509746527,0,0.0,0.0,1.0,0.7273233608978948,0.0,0.0,0.0625
legacy_need2,93,4,6.994405055138486e-14,28.799999999999997,0,29.057118778854942,0.0,0.587755102040816,0,1,0.0,0,0,59.520000192000005,0.0,465.1563146514669,0,0.0,0.0,1.0,0.726806741642917,0.0,0.0,0.0625
legacy_need2,94,4,4.418687638008123e-14,28.799999999999997,0,28.898238844517593,0.0,0.587755102040816,0,1,0.0,0,0,59.520000192000005,0.0,464.6667983939437,0,0.0,0.0,1.0,0.726041872490537,0.0,0.0,0.0625
legacy_need2,95,4,5.040412531798211e-14,28.799999999999997,0,29.34572676892231,0.0,0.587755102040816,0,1,0.0,0,0,59.520000192000005,0.0,464.6247700608252,0,0.0,0.0,1.0,0.7259762032200394,0.0,0.0,0.0625
legacy_need2,96,4,2.90878432451791e-14,28.799999999999997,0,29.24463538156418,0.0,0.587755102040816,0,1,0.0,0,0,59.520000192000005,0.0,464.4816503403486,0,0.0,0.0,1.0,0.7257525786567947,0.0,0.0,0.0625
legacy_need2,97,4,7.172040739078511e-14,28.799999999999997,0,29.430503852164875,0.0,0.587755102040816,0,1,0.0,0,0,59.520000192000005,0.0,464.5243990904727,0,0.0,0.0,1.0,0.7258193735788636,0.0,0.0,0.0625
legacy_need2,98,4,6.283862319378386e-14,28.799999999999997,0,29.080895950538697,0.0,0.587755102040816,0,1,0.0,0,0,59.520000192000005,0.0,464.2175399389706,0,0.0,0.0,1.0,0.7253399061546416,0.0,0.0,0.0625
legacy_need2,99,4,4.418687638008123e-14,28.799999999999997,0,29.347505028070188,0.0,0.587755102040816,0,1,0.0,0,0,59.520000192000005,0.0,464.17728986500003,0,0.0,0.0,1.0,0.7252770154140625,0.0,0.0,0.0625
legacy_need2,100,4,3.9745984281580604e-14,28.799999999999997,0,28.876123862393545,0.0,0.587755102040816,0,1,0.0,0,0,59.520000192000005,0.0,463.66565862535276,0,0.0,0.0,1.0,0.7244775916021137,0.0,0.0,0.0625
legacy_need2,101,4,6.461498003318411e-14,28.799999999999997,0,29.090360420171073,0.0,0.587755102040816,0,1,0.0,0,0,59.520000192000005,0.0,463.36826394348304,0,0.0,0.0,1.0,0.7240129124116923,0.0,0.0,0.0625
legacy_need2,102,4,6.283862319378386e-14,28.799999999999997,0,29.115372306780195,0.0,0.587755102040816,0,1,0.0,0,0,59.520000192000005,0.0,463.0958811482225,0,0.0,0.0,1.0,0.7235873142940976,0.0,0.0,0.0625
legacy_need2,103,4,5.839773109528323e-14,28.799999999999997,0,29.097734080894796,0.0,0.587755102040816,0,1,0.0,0,0,59.520000192000005,0.0,462.80586012707647,0,0.0,0.0,1.0,0.7231341564485569,0.0,0.0,0.0625
legacy_need2,104,4,4.5075054799781356e-14,28.799999999999997,0,28.518914314291248,0.0,0.587755102040816,0,1,0.0,0,0,59.520000192000005,0.0,461.9370193393269,0,0.0,0.0,1.0,0.7217765927176983,0.0,0.0,0.0625
legacy_need2,105,4,8.149037000748649e-14,28.799999999999997,0,28.76474263771212,0.0,0.587755102040816,0,1,0.0,0,0,59.520000192000005,0.0,461.3140068749983,0,0.0,0.0,1.0,0.7208031357421849,0.0,0.0,0.0625
legacy_need2,106,4,6.195044477408373e-14,28.799999999999997,0,28.905852672,0.0,0.587755102040816,0,1,0.0,0,0,59.520000192000005,0.0,460.8321044449575,0,0.0,0.0,1.0,0.7200501631952461,0.0,0.0,0.0625
legacy_need2,107,4,7.616129948928574e-14,28.799999999999997,0,29.347969261097298,0.0,0.587755102040816,0,1,0.0,0,0,59.520000192000005,0.0,460.792318604014,0,0.0,0.0,1.0,0.7199879978187719,0.0,0.0,0.0625
legacy_need2,108,4,6.461498003318411e-14,28.799999999999997,0,29.236013870173387,0.0,0.587755102040816,0,1,0.0,0,0,59.520000192000005,0.0,460.6405773721466,0,0.0,0.0,1.0,0.7197509021439791,0.0,0.0,0.0625
legacy_need2,109,4,1.5765166949677223e-14,28.799999999999997,0,28.87880081889314,0.0,0.587755102040816,0,1,0.0,0,0,59.520000192000005,0.0,460.13162308899894,0,0.0,0.0,1.0,0.7189556610765608,0.0,0.0,0.0625
legacy_need2,110,4,8.681944052568724e-14,28.799999999999997,0,29.188075530188755,0.0,0.587755102040816,0,1,0.0,0,0,59.520000192000005,0.0,459.9319435171469,0,0.0,0.0,1.0,0.7186436617455421,0.0,0.0,0.0625
legacy_need2,111,4,7.172040739078511e-14,28.799999999999997,0,29.084914825182125,0.0,0.587755102040816,0,1,0.0,0,0,59.520000192000005,0.0,459.62910324028826,0,0.0,0.0,1.0,0.7181704738129504,0.0,0.0,0.0625
legacy_need2,112,4,6.816769371198461e-14,28.799999999999997,0,29.1877582799513,0.0,0.587755102040816,0,1,0.0,0,0,59.520000192000005,0.0,459.4291064181988,0,0.0,0.0,1.0,0.7178579787784356,0.0,0.0,0.0625
legacy_need2,113,4,2.375877272697835e-14,28.799999999999997,0,29.294500820982865,0.0,0.587755102040816,0,1,0.0,0,0,59.520000192000005,0.0,459.3358521371409,0,0.0,0.0,1.0,0.7177122689642826,0.0,0.0,0.0625
legacy_need2,114,4,2.55351295663786e-14,28.799999999999997,0,29.263782745802917,0.0,0.587755102040816,0,1,0.0,0,0,59.520000192000005,0.0,459.211879780903,0,0.0,0.0,1.0,0.717518562157661,0.0,0.0,0.0625
legacy_need2,115,4,6.372680161348399e-14,28.799999999999997,0,28.959416621327925,0.0,0.587755102040816,0,1,0.0,0,0,59.520000192000005,0.0,458.7835413001901,0,0.0,0.0,1.0,0.7168492832815471,0.0,0.0,0.0625
legacy_need2,116,4,5.306866057708248e-14,28.799999999999997,0,29.037662307086553,0.0,0.587755102040816,0,1,0.0,0,0,59.520000192000005,0.0,458.4334485052359,0,0.0,0.0,1.0,0.7163022632894311,0.0,0.0,0.0625
legacy_need2,117,4,5.040412531798211e-14,28.799999999999997,0,29.101855072679122,0.0,0.587755102040816,0,1,0.0,0,0,59.520000192000005,0.0,458.14754847587426,0,0.0,0.0,1.0,0.7158555444935535,0.0,0.0,0.0625
legacy_need2,118,4,6.106226635438361e-14,28.799999999999997,0,28.588995427878626,0.0,0.587755102040816,0,1,0.0,0,0,59.520000192000005,0.0,457.3487888017121,0,0.0,0.0,1.0,0.7146074825026751,0.0,0.0,0.0625
legacy_need2,119,4,5.750955267558311e-14,28.799999999999997,0,28.87210339792705,0.0,0.587755102040816,0,1,0.0,0,0,59.520000192000005,0.0,456.83313709759835,0,0.0,0.0,1.0,0.7138017767149974,0.0,0.0,0.0625
legacy_need2,120,4,3.885780586188048e-14,28.799999999999997,0,29.01472858688341,0.0,0.587755102040816,0,1,0.0,0,0,59.520000192000005,0.0,456.46011058244096,0,0.0,0.0,1.0,0.713218922785064,0.0,0.0,0.0625
legacy_need2,121,4,5.10702591327572e-15,28.799999999999997,0,29.105036693749476,0.0,0.587755102040816,0,1,0.0,0,0,59.520000192000005,0.0,456.17739217414965,0,0.0,0.0,1.0,0.7127771752721088,0.0,0.0,0.0625
legacy_need2,122,4,8.415490526658687e-14,28.799999999999997,0,28.82950008315973,0.0,0.587755102040816,0,1,0.0,0,0,59.520000192000005,0.0,455.6191371552686,0,0.0,0.0,1.0,0.7119049018051072,0.0,0.0,0.0625
legacy_need2,123,4,5.750955267558311e-14,28.799999999999997,0,28.604825415038448,0.0,0.587755102040816,0,1,0.0,0,0,59.520000192000005,0.0,454.83620746826625,0,0.0,0.0,1.0,0.710681574169166,0.0,0.0,0.0625
legacy_need2,124,4,6.372680161348399e-14,28.799999999999997,0,29.02038903660614,0.0,0.587755102040816,0,1,0.0,0,0,59.520000192000005,0.0,454.46884140283163,0,0.0,0.0,1.0,0.7101075646919244,0.0,0.0,0.0625
legacy_need2,125,4,4.063416270128073e-14,28.799999999999997,0,29.311939555442834,0.0,0.587755102040816,0,1,0.0,0,0,59.520000192000005,0.0,454.3930258562337,0,0.0,0.0,1.0,0.7099891029003651,0.0,0.0,0.0625
legacy_need2,126,4,3.9745984281580604e-14,28.799999999999997,0,28.935497842445233,0.0,0.587755102040816,0,1,0.0,0,0,59.520000192000005,0.0,453.9407685966381,0,0.0,0.0,1.0,0.7092824509322471,0.0,0.0,0.0625
legacy_need2,127,4,2.19824158875781e-14,28.799999999999997,0,29.075470340003854,0.0,0.587755102040816,0,1,0.0,0,0,59.520000192000005,0.0,453.6284838346012,0,0.0,0.0,1.0,0.7087945059915643,0.0,0.0,0.0625
legacy_need2,128,4,4.418687638008123e-14,28.799999999999997,0,28.972339327929134,0.0,0.587755102040816,0,1,0.0,0,0,59.520000192000005,0.0,453.21306806048955,0,0.0,0.0,1.0,0.7081454188445149,0.0,0.0,0.0625
legacy_need2,129,4,3.6193270602780103e-14,28.799999999999997,0,29.02536227149782,0.0,0.587755102040816,0,1,0.0,0,0,59.520000192000005,0.0,452.85067522994655,0,0.0,0.0,1.0,0.7075791800467914,0.0,0.0,0.0625
legacy_need2,130,4,1.4876988529977098e-14,28.799999999999997,0,29.030095409284968,0.0,0.587755102040816,0,1,0.0,0,0,59.520000192000005,0.0,452.49301553719073,0,0.0,0.0,1.0,0.7070203367768605,0.0,0.0,0.0625
legacy_need2,131,4,2.9976021664879227e-14,28.799999999999997,0,29.027723205034178,0.0,0.587755102040816,0,1,0.0,0,0,59.520000192000005,0.0,452.13298364018414,0,0.0,0.0,1.0,0.7064577869377877,0.0,0.0,0.0625
legacy_need2,132,4,7.083222897108499e-14,28.799999999999997,0,28.805009433776064,0.0,0.587755102040816,0,1,0.0,0,0,59.520000192000005,0.0,451.55023797191944,0,0.0,0.0,1.0,0.7055472468311241,0.0,0.0,0.0625
legacy_need2,133,4,4.6851411639181606e-14,28.799999999999997,0,28.74857127148581,0.0,0.587755102040816,0,1,0.0,0,0,59.520000192000005,0.0,450.91105414136445,0,0.0,0.0,1.0,0.7045485220958819,0.0,0.0,0.0625
legacy_need2,134,4,5.040412531798211e-14,28.799999999999997,0,29.276400821134693,0.0,0.587755102040816,0,1,0.0,0,0,59.520000192000005,0.0,450.79969986045836,0,0.0,0.0,1.0,0.7043745310319662,0.0,0.0,0.0625
legacy_need2,135,4,3.441691376337985e-14,28.799999999999997,0,28.795849742705037,0.0,0.587755102040816,0,1,0.0,0,0,59.520000192000005,0.0,450.20779450112263,0,0.0,0.0,1.0,0.7034496789080041,0.0,0.0,0.0625
legacy_need2,136,4,2.90878432451791e-14,28.799999999999997,0,29.01404093550795,0.0,0.587755102040816,0,1,0.0,0,0,59.520000192000005,0.0,449.83408033458977,0,0.0,0.0,1.0,0.7028657505227965,0.0,0.0,0.0625
legacy_need2,137,4,3.7969627442180354e-14,28.799999999999997,0,28.59391318026275,0.0,0.587755102040816,0,1,0.0,0,0,59.520000192000005,0.0,449.04023841281173,0,0.0,0.0,1.0,0.7016253725200183,0.0,0.0,0.0625
legacy_need2,138,4,5.573319583618286e-14,28.799999999999997,0,29.032475651173115,0.0,0.587755102040816,0,1,0.0,0,0,59.520000192000005,0.0,448.68495896194406,0,0.0,0.0,1.0,0.7010702483780376,0.0,0.0,0.0625
legacy_need2,139,4,2.19824158875781e-14,28.799999999999997,0,28.3110000611372,0.0,0.587755102040816,0,1,0.0,0,0,59.520000192000005,0.0,447.6082039210405,0,0.0,0.0,1.0,0.6993878186266258,0.0,0.0,0.0625
legacy_need2,140,4,2.020605904817785e-14,28.799999999999997,0,28.965099939221382,0.0,0.587755102040816,0,1,0.0,0,0,59.520000192000005,0.0,447.1855487582211,0,0.0,0.0,1.0,0.6987274199347204,0.0,0.0,0.0625
legacy_need2,141,4,4.3298697960381105e-14,28.799999999999997,0,29.253248978863112,0.0,0.587755102040816,0,1,0.0,0,0,59.520000192000005,0.0,447.0510426350434,0,0.0,0.0,1.0,0.6985172541172553,0.0,0.0,0.0625
legacy_need2,142,4,1.3100631690576847e-14,28.799999999999997,0,29.01191296499462,0.0,0.587755102040816,0,1,0.0,0,0,59.520000192000005,0.0,446.67520049799725,0,0.0,0.0,1.0,0.6979300007781207,0.0,0.0,0.0625
legacy_need2,143,4,3.9745984281580604e-14,28.799999999999997,0,28.88289874872871,0.0,0.587755102040816,0,1,0.0,0,0,59.520000192000005,0.0,446.17034414468515,0,0.0,0.0,1.0,0.6971411627260705,0.0,0.0,0.0625
legacy_need2,144,4,8.659739592076221e-15,28.799999999999997,0,28.703782486884286,0.0,0.587755102040816,0,1,0.0,0,0,59.520000192000005,0.0,445.48637152952864,0,0.0,0.0,1.0,0.6960724555148885,0.0,0.0,0.0625
legacy_need2,145,4,3.7969627442180354e-14,28.799999999999997,0,28.889642780857347,0.0,0.587755102040816,0,1,0.0,0,0,59.520000192000005,0.0,444.9882592083452,0,0.0,0.0,1.0,0.6952941550130394,0.0,0.0,0.0625
legacy_need2,146,4,4.241051954068098e-14,28.799999999999997,0,28.567996198938786,0.0,0.587755102040816,0,1,0.0,0,0,59.520000192000005,0.0,444.16850030524324,0,0.0,0.0,1.0,0.6940132817269425,0.0,0.0,0.0625
legacy_need2,147,4,1.0436096431476471e-14,28.799999999999997,0,28.683546976206163,0.0,0.587755102040816,0,1,0.0,0,0,59.520000192000005,0.0,443.46429217940863,0,0.0,0.0,1.0,0.692912956530326,0.0,0.0,0.0625
legacy_need2,148,4,3.086420008457935e-14,28.799999999999997,0,28.61601625801492,0.0,0.587755102040816,0,1,0.0,0,0,59.520000192000005,0.0,442.69255333538274,0,0.0,0.0,1.0,0.6917071145865356,0.0,0.0,0.0625
legacy_need2,149,4,4.951594689828198e-14,28.799999999999997,0,28.489700327687622,0.0,0.587755102040816,0,1,0.0,0,0,59.520000192000005,0.0,441.7944985610296,0,0.0,0.0,1.0,0.6903039040016088,0.0,0.0,0.0625
legacy_need2,150,4,8.659739592076221e-15,28.799999999999997,0,28.724701728970196,0.0,0.587755102040816,0,1,0.0,0,0,59.520000192000005,0.0,441.131445187959,0,0.0,0.0,1.0,0.6892678831061859,0.0,0.0,0.0625
legacy_need2,151,4,1.4876988529977098e-14,28.799999999999997,0,28.7564314841797,0.0,0.587755102040816,0,1,0.0,0,0,59.520000192000005,0.0,440.5001215700979,0,0.0,0.0,1.0,0.688281439953278,0.0,0.0,0.0625
legacy_need2,152,4,2.731148640577885e-14,28.799999999999997,0,28.324970108822697,0.0,0.587755102040816,0,1,0.0,0,0,59.520000192000005,0.0,439.43733657687983,0,0.0,0.0,1.0,0.6866208384013748,0.0,0.0,0.0625
legacy_need2,153,4,2.9976021664879227e-14,28.799999999999997,0,28.66365136327397,0.0,0.587755102040816,0,1,0.0,0,0,59.520000192000005,0.0,438.71323283811296,0,0.0,0.0,1.0,0.6854894263095515,0.0,0.0,0.0625
legacy_need2,154,4,2.19824158875781e-14,28.799999999999997,0,28.34640194203029,0.0,0.587755102040816,0,1,0.0,0,0,59.520000192000005,0.0,437.67187967810247,0,0.0,0.0,1.0,0.6838623119970351,0.0,0.0,0.0625
legacy_need2,155,4,1.9317880628477724e-14,28.799999999999997,0,28.55542237445801,0.0,0.587755102040816,0,1,0.0,0,0,59.520000192000005,0.0,436.8395469505197,0,0.0,0.0,1.0,0.6825617921101871,0.0,0.0,0.0625
legacy_need2,156,4,3.6193270602780103e-14,28.799999999999997,0,28.439569124543176,0.0,0.587755102040816,0,1,0.0,0,0,59.520000192000005,0.0,435.8913609730221,0,0.0,0.0,1.0,0.681080251520347,0.0,0.0,0.0625
legacy_need2,157,4,2.55351295663786e-14,28.799999999999997,0,28.415367179523162,0.0,0.587755102040816,0,1,0.0,0,0,59.520000192000005,0.0,434.91897305050446,0,0.0,0.0,1.0,0.6795608953914132,0.0,0.0,0.0625
legacy_need2,158,4,1.5765166949677223e-14,28.799999999999997,0,27.91818822207904,0.0,0.587755102040816,0,1,0.0,0,0,59.520000192000005,0.0,433.4494061705427,0,0.0,0.0,1.0,0.677264697141473,0.0,0.0,0.0625
legacy_need2,159,4,8.659739592076221e-15,28.799999999999997,0,28.309604211261068,0.0,0.587755102040816,0,1,0.0,0,0,59.520000192000005,0.0,432.371255279763,0,0.0,0.0,1.0,0.6755800863746296,0.0,0.0,0.0625
legacy_need2,160,4,3.26405569239796e-14,28.799999999999997,0,28.079963078630055,0.0,0.587755102040816,0,1,0.0,0,0,59.520000192000005,0.0,431.06346325635224,0,0.0,0.0,1.0,0.6735366613380503,0.0,0.0,0.0625
legacy_need2,161,4,1.9317880628477724e-14,28.799999999999997,0,27.997359933601977,0.0,0.587755102040816,0,1,0.0,0,0,59.520000192000005,0.0,429.6730680879134,0,0.0,0.0,1.0,0.6713641688873647,0.0,0.0,0.0625
legacy_need2,162,4,3.530509218307998e-14,28.799999999999997,0,27.94483407810707,0.0,0.587755102040816,0,1,0.0,0,0,59.520000192000005,0.0,428.23014706397976,0,0.0,0.0,1.0,0.6691096047874684,0.0,0.0,0.0625
legacy_need2,163,4,2.90878432451791e-14,28.799999999999997,0.25,27.51461274469756,0.0,0.587755102040816,0,1,0.0,0,0,59.520000192000005,0.0,426.35700470663653,0,0.0,0.0,1.0,0.6661828198541195,0.0,0.0,0.0625
legacy_need2,164,4,3.26405569239796e-14,28.799999999999997,0.25,27.28605536291766,0.0,0.587755102040816,0,1,0.0,0,0,59.520000192000005,0.0,424.2553049675134,0,0.0,0.0,1.0,0.6628989140117396,0.0,0.0,0.0625
legacy_need2,165,4,3.522182545623309e-14,28.799999999999997,0.25,26.94918871605765,0.0,0.5835240587043945,0,1,0.0,0,0,59.31267906851535,0.0,422.0282907483513,0,0.0,0.0,1.0,0.6594192042942989,0.0,0.0,0.0625
legacy_need2,166,4,5.88418203051333e-15,28.799999999999997,0.25,27.154447014017983,0.0,0.5756175788224708,0,1,0.0,0,0,58.717940430816434,0.0,420.40185882124575,0,0.0,0.0,1.0,0.6568779044081965,0.0,0.0,0.0625
legacy_need2,167,4,3.2585045772748344e-14,28.587940238816422,0.5,26.93592824780344,0.0,0.5755102040816324,0.5,1,0.01,0.5,0.5,58.32000019200001,0.21205976118357334,418.5622768649676,0,1.7547750170392907e-05,0.0,0.9926368138477926,0.6540035576015119,0.020833333333333332,0.020833333333333332,0.0625
legacy_need2,168,4,2.8144153674247718e-14,28.199999999999996,0.5,26.524371271296246,0.0,0.5755102040816324,0.5,1,0.01,0.5,0.5,58.310000192000004,0.6,416.31113793218225,0,2.998432178719319e-05,0.0,0.9791666666666666,0.6504861530190348,0.020833333333333332,0.020833333333333332,0.0625
legacy_need2,169,4,2.453592884421596e-14,28.199999999999996,0.5,26.43015000744237,0.0,0.57001221300851,0.5,1,0.01,0.5,0.5,58.03059862941701,0.6,414.24067728919914,0,4.3934213095995354e-05,0.0,0.9791666666666666,0.6472510582643737,0.020833333333333332,0.020833333333333332,0.0625
legacy_need2,170,4,2.42861286636753e-14,28.199999999999996,0.5,26.39099116302893,0.0,0.5633736030638864,0,1,0.01,0.5,0,57.42590517954745,0.6,412.4629882990338,0,0.0,0.0,0.9791666666666666,0.6444734192172403,0.0,0.0,0.0625
legacy_need2,171,4,1.1823875212257917e-14,27.935267627175566,0.75,25.753575212642104,0.0,0.5640686252985327,0.5,1,0.01,0.5,0.5,57.120000192000006,0.8647323728244327,410.01313224674925,0,1.7132691897122157e-05,0.0,0.9699745703880406,0.6406455191355457,0.020833333333333332,0.020833333333333332,0.0625
legacy_need2,172,4,2.808864252301646e-14,27.599999999999998,1,25.519115194158484,0.0,0.5632653061224487,1,1,0.02,1,1,57.100000192,1.2,407.36898213478526,0,4.696520598917603e-05,0.0,0.9583333333333334,0.636514034585602,0.041666666666666664,0.041666666666666664,0.0625
legacy_need2,173,4,2.6145752229922437e-14,27.599999999999998,1,24.93298853751058,0.0,0.5539327860989607,0.75,1.0104166666666667,0.02,1,0.75,56.62270671084909,1.2,404.60533136734784,0,7.224446599525273e-05,0.0,0.9583333333333334,0.632195830261481,0.03125,0.03125,0.06315104166666667
legacy_need2,174,4,3.3834046675451646e-14,27.9,1.25,24.942887751859846,0.0,0.5575412302008587,0.5,1.0104166666666667,0.015,0.75,0.5,56.027226990691176,0.8999999999999999,401.67115760916477,0,4.4743147401543386e-05,0.0,0.96875,0.6276111837643199,0.020833333333333332,0.020833333333333332,0.06315104166666667
legacy_need2,175,4,3.490263633665336e-14,27.455814313227243,1.5,25.079490356277248,0.0,0.5456854594803278,1,1.0104166666666667,0.03,1.5,1,55.280000192,1.3441856867727568,399.46637499142565,0,3.619834559842551e-05,0.0,0.953326885875946,0.6241662109241026,0.041666666666666664,0.041666666666666664,0.06315104166666667
legacy_need2,176,4,2.033095913844818e-14,26.7,1.5,24.598058652506907,0.0,0.5364823633632947,1.25,1.0104166666666667,0.025,1.25,1.25,54.842635996801455,2.1,397.24031547576783,0,7.901252608031669e-05,0.0,0.9270833333333334,0.6206879929308873,0.052083333333333336,0.052083333333333336,0.06315104166666667
legacy_need2,177,4,1.5085155347094314e-14,26.7,1.5,24.389813122441588,0.0,0.5206028903066847,1.25,1.03125,0.035,1.75,1.25,53.617177621829015,2.1,395.59998408287515,0,0.00013920287606873812,0.0,0.9270833333333334,0.6181249751294924,0.052083333333333336,0.052083333333333336,0.064453125
legacy_need2,178,4,1.3988810110276972e-14,26.838202727678336,1.5,24.62487614723384,0.0,0.557551020408163,1.25,1.03125,0.045,2.25,1.25,54.053974894150684,1.9617972723216617,392.3473092097009,0,8.160223830244144e-05,0.0,0.9318820391554978,0.6130426706401576,0.052083333333333336,0.052083333333333336,0.064453125
legacy_need2,179,4,2.708944180085382e-14,26.150672379205872,1.5,24.123431725445748,0.0,0.5346601235943867,1,1.03125,0.025,1.25,1,54.07664857106977,2.649327620794126,389.7377347554273,0,5.813074926031729e-05,0.0,0.9080094576113151,0.6089652105553551,0.041666666666666664,0.041666666666666664,0.064453125
legacy_need2,180,4,1.5792922525292852e-14,26.122244278984603,2,24.18208276632434,0.0,0.5335151893670325,1.75,1.0416666666666667,0.04,2,1.75,54.05664857106977,2.6777557210153944,387.2440580534,0,0.0001406137417058626,0.0,0.9070223707980766,0.6050688407084375,0.07291666666666667,0.07291666666666667,0.06510416666666667
legacy_need2,181,4,1.1657341758564144e-14,26.4,2,24.167586964778785,0.0,0.5512244897959181,0.75,1.0416666666666667,0.04,2,0.75,54.62664857106977,2.4,383.85042052838287,0,7.470394536287664e-05,0.0,0.9166666666666667,0.5997662820755982,0.03125,0.03125,0.06510416666666667
legacy_need2,182,4,4.3076653355456074e-14,26.431603148356164,2,23.78409140655201,0.0,0.5259731566355451,0.75,1.0416666666666667,0.015,0.75,0.75,53.95273009785532,2.3683968516438334,381.33585410315766,0,0.00011792052346264715,0.0,0.9177639982068113,0.5958372720361839,0.03125,0.03125,0.06510416666666667
legacy_need2,183,4,1.2531642390456454e-14,26.4,2,23.954137597007616,0.0,0.5144887489347517,1.5,1.0416666666666667,0.04,2,1.5,52.72267879565817,2.4,379.5655542534277,0,9.333814802832382e-05,0.0,0.9166666666666667,0.5930711785209808,0.0625,0.0625,0.06510416666666667
legacy_need2,184,4,9.2148511043888e-15,25.70541099713335,2,23.7146560567527,0.0,0.515894178679485,1.75,1.0416666666666667,0.05,2.5,1.75,52.2460825538196,3.0945890028666514,377.4855013762062,0,9.077763043667442e-05,0.0,0.8925489929560192,0.5898210959003222,0.07291666666666667,0.07291666666666667,0.06510416666666667
legacy_need2,185,4,2.08305594995295e-14,25.21844793003837,2,23.19675201344665,0.0,0.5154261444019829,2.25,1.0416666666666667,0.045000000000000005,2.25,2.25,52.2385156994784,3.5815520699616297,374.91094616955365,0,0.0001768123809670615,0.0,0.8756405531263324,0.5857983533899276,0.09375,0.09375,0.06510416666666667
legacy_need2,186,4,4.1092129698938606e-14,25.2,2,23.41095897208658,0.0,0.514285714285714,2,1.0520833333333333,0.06,3,2,52.1785156994784,3.5999999999999996,372.60761942735456,0,0.00017708379471111278,0.0,0.8750000000000001,0.5821994053552415,0.08333333333333333,0.08333333333333333,0.06575520833333333
legacy_need2,187,4,4.789224572476769e-14,25.519012133576,2.25,23.16793748283265,0.0,0.5344696353791019,0.25,1.0729166666666665,0.04,2,0.25,52.8085156994784,3.2809878664239993,369.0520751412322,0,0.00011886850469668237,0.0,0.8860768101936112,0.5766438674081753,0.010416666666666666,0.010416666666666666,0.06705729166666666
legacy_need2,188,4,-2.478572902475662e-14,26.12973126326609,2.25,23.086663387818152,0.0,0.5596753197577652,0.75,1.0833333333333333,0.02,1,0.75,54.08287510434281,2.6702687367339064,364.154972541162,0,0.00020558754951220803,0.0,0.9072823355300726,0.5689921445955657,0.03125,0.03125,0.06770833333333333
legacy_need2,189,4,3.9690473130349346e-14,26.4,2.75,22.87676584290591,0.0,0.5444443950566844,2,1.0833333333333333,0.04,2,2,54.32065046212036,2.4,359.80951863123374,0,0.00033927809919058303,0.0,0.9166666666666667,0.5622023728613027,0.08333333333333333,0.08333333333333333,0.06770833333333333
legacy_need2,190,4,1.712519015484304e-14,26.4,2.75,22.862858345771322,0.0,0.5266397248356303,1.25,1.09375,0.04,2,1.25,53.68599697906626,2.4,356.34039073522354,0,0.00045611082420154585,0.0,0.9166666666666667,0.5567818605237868,0.052083333333333336,0.052083333333333336,0.068359375
legacy_need2,191,4,2.2620794126737565e-14,26.358121874723444,2.75,22.43796973618764,0.0,0.5331706445302139,1,1.1041666666666665,0.035,1.75,1,53.418236686323304,2.4418781252765545,352.11982824490053,0,0.0005097294907079125,0.0,0.9152125650945642,0.550187231632657,0.041666666666666664,0.041666666666666664,0.06901041666666666
legacy_need2,192,4,3.9496184101039944e-14,26.43557087127251,2.75,22.288478985489643,0.0,0.5285768937467743,1,1.1041666666666665,0.03,1.5,1,52.85293360864274,2.364429128727487,347.97946254305145,0,0.0006386657969875077,0.0,0.917901766363629,0.5437179102235179,0.041666666666666664,0.041666666666666664,0.06901041666666666
legacy_need2,193,4,-3.116951141635127e-14,25.781675550279207,3.25,22.36723005820179,0.0,0.5150703608274776,2,1.1041666666666665,0.05,2.5,2,52.25970573890994,3.0183244497207906,344.59317455987934,0,0.0008805137274491698,0.0,0.8951970677180281,0.5384268352498115,0.08333333333333333,0.08333333333333333,0.06901041666666666
legacy_need2,194,4,3.838596107641479e-14,25.2,3.5,21.89111311408879,0.0,0.5146649406586219,2,1.1041666666666665,0.05,2.5,2,52.22828783118243,3.6,340.7510406410371,0,0.0011069180570621492,0.0,0.8750000000000001,0.5324235010016205,0.08333333333333333,0.08333333333333333,0.06901041666666666
legacy_need2,195,4,1.1102230246251565e-14,25.207380348835066,3.5,21.419408329201623,0.0,0.4943497926942293,1.5,1.125,0.05,2.5,1.5,51.194047324364604,3.5926196511649326,337.4529593355272,0,0.0014430329166369887,0.0,0.8752562621123288,0.5272702489617613,0.0625,0.0625,0.0703125
legacy_need2,196,4,2.1316282072803006e-14,25.799999999999997,3.5,21.456660817340676,0.0,0.5217223196186431,0.5,1.125,0.04,2,0.5,50.91844098567813,3.0,332.8235041719358,0,0.0017078518905238355,0.0,0.8958333333333334,0.5200367252686496,0.020833333333333332,0.020833333333333332,0.0703125
legacy_need2,197,4,1.021405182655144e-14,24.792282780884484,3.5,20.924031707999482,0.0,0.49187249630755364,2,1.125,0.04,2,2,50.187910523863785,4.007717219115513,329.1539110645576,0,0.002211713952592813,0.0,0.8608431521140447,0.5143029860383712,0.08333333333333333,0.08333333333333333,0.0703125
legacy_need2,198,4,1.4280243654241076e-14,24.301433684580832,3.5,20.825879440121543,0.0,0.4897959183673467,3,1.1458333333333335,0.08,4,3,49.80647683928295,4.498566315419166,325.4899945863118,0,0.002836042248028078,0.0,0.8437997807146124,0.5085781165411122,0.125,0.125,0.07161458333333334
legacy_need2,199,4,2.1774249070460883e-14,24.599999999999998,4.75,20.416409233370942,0.0,0.5275400724483363,2.25,1.15625,0.06,3,2.25,50.995940389251444,4.199999999999999,319.52940019726594,0,0.003529008479496713,0.0,0.8541666666666666,0.499264687808228,0.09375,0.09375,0.072265625
legacy_need2,200,4,1.1712852909795402e-14,24.9,4.75,19.782121234547485,0.0,0.5053937342105285,1.25,1.1875,0.055,2.75,1.25,50.80523336556735,3.8999999999999995,314.041834721287,0,0.004312453777135641,0.0,0.8645833333333334,0.49069036675201094,0.052083333333333336,0.052083333333333336,0.07421875
legacy_need2,201,4,1.0311196341206141e-14,25.83434845910998,4.75,20.096191903065577,0.0,0.4931451021600066,0.5,1.1875,0.034999999999999996,1.75,0.5,49.0999949122977,2.9656515408900184,309.48077151635226,0,0.005219512932554315,0.0,0.8970259881635411,0.4835637054943004,0.020833333333333332,0.020833333333333332,0.07421875
legacy_need2,202,4,3.7289615839597445e-14,25.029036027337348,4.25,20.195385122878402,0.0,0.45514217744608143,3.25,1.1875,0.075,3.75,3.25,46.297925579818354,3.7709639726626523,306.9190477669266,0,0.006526955854349425,0.0,0.8690637509492135,0.4795610121358228,0.13541666666666666,0.13541666666666666,0.07421875
legacy_need2,203,4,1.5154544286133387e-14,22.220190878694886,4,20.095476821256252,0.0,0.45344017375265866,5,1.1875,0.1,5,5,46.19630321500375,6.5798091213051135,304.3425159005499,0,0.008159128323366252,0.0,0.7715344055102392,0.47553518109460924,0.20833333333333334,0.20833333333333334,0.07421875
legacy_need2,204,4,-1.6153745008296028e-14,22.2,4.25,19.659458276169133,0.0,0.4530612244897957,3.5,1.2291666666666667,0.11,5.5,3.5,46.08630321500375,6.6,301.3489129522293,0,0.007451529972189322,0.0,0.7708333333333334,0.47085767648785826,0.14583333333333334,0.14583333333333334,0.07682291666666667
legacy_need2,205,4,1.7263968032921184e-14,23.4,4.75,19.477890035025663,0.0,0.49435313862306773,0.5,1.2395833333333335,0.07,3.5,0.5,46.839607007534084,5.3999999999999995,296.10914605610157,0,0.008904865590613278,0.0,0.8125,0.4626705407126587,0.020833333333333332,0.020833333333333332,0.07747395833333334
legacy_need2,206,4,-1.4849232954361469e-15,23.34893500347821,5,19.336843357482074,0.0,0.4593615983189364,1.5,1.2395833333333335,0.04,2,1.5,45.95939032168377,5.451064996521789,292.4779094976368,0,0.010679213357507341,0.0,0.8107269098429934,0.4569967335900575,0.0625,0.0625,0.07747395833333334
legacy_need2,207,4,5.745404152435185e-15,22.47156730765861,5,19.272592228692783,0.0,0.42442654858214096,4.25,1.2395833333333335,0.105,5.25,4.25,44.17972389455007,6.32843269234139,290.52917429722254,0,0.012982189806705426,0.0,0.7802627537381462,0.4539518348394102,0.17708333333333334,0.17708333333333334,0.07747395833333334
legacy_need2,208,4,3.941291737419306e-15,21.67079068526206,5,19.064111961571164,0.0,0.4096488547960443,4,1.2395833333333335,0.105,5.25,4,42.47672709429419,7.129209314737938,289.11084351899154,0,0.015662302126591365,0.0,0.7524580099049327,0.4517356929984243,0.16666666666666666,0.16666666666666666,0.07747395833333334
legacy_need2,209,4,1.6930901125533637e-15,20.70062582443291,5,19.372665486935563,0.0,0.4028668039240718,5,1.2604166666666667,0.115,5.75,5,41.40157466214081,8.099374175567089,288.3401688097235,0,0.018749121409858675,0.0,0.7187717300150317,0.45053151376519296,0.20833333333333334,0.20833333333333334,0.07877604166666667
legacy_need2,210,4,2.200323256928982e-14,20.638789778765933,5,18.863669333659438,0.0,0.4359637063592876,3.25,1.28125,0.135,6.75,3.25,41.99000649497998,8.161210221234066,285.40565282541854,0,0.021692483883646786,0.0,0.7166246450960394,0.4459463325397165,0.13541666666666666,0.13541666666666666,0.080078125
legacy_need2,211,4,1.1483869410966463e-14,21.116132887128064,5,19.193253611838404,0.0,0.4286724296013854,1.5,1.3020833333333335,0.075,3.75,1.5,41.80382265831981,7.683867112871936,283.16528495718774,0,0.017999673547208675,0.0,0.7331990585808357,0.44244575774560585,0.0625,0.0625,0.08138020833333334
legacy_need2,212,4,1.2254086634300165e-14,21.028118475861447,5,18.806484905047075,0.0,0.4194566984538216,3.5,1.3125,0.08,4,3.5,41.24908240669563,7.7718815241385535,280.9989349395437,0,0.021255367911080656,0.0,0.730143002634078,0.439060835843037,0.14583333333333334,0.14583333333333334,0.08203125
legacy_need2,213,4,3.4555691641457997e-15,20.599907281993662,5,18.9644216548231,0.0,0.41139379245885255,4.75,1.3125,0.125,6.25,4.75,40.68247095518575,8.200092718006335,279.3936669714242,0,0.02462567473411835,0.0,0.7152745584025578,0.4365526046428503,0.19791666666666666,0.19791666666666666,0.08203125
legacy_need2,214,4,3.4833247397614286e-15,19.566649619017205,5.25,18.786921519912497,0.0,0.39982627631562484,3.25,1.34375,0.11,5.5,3.25,40.59730887563417,9.233350380982793,278.18927467555545,0,0.028285817276043304,0.0,0.6793975562158753,0.4346707416805554,0.13541666666666666,0.13541666666666666,0.083984375
legacy_need2,215,4,3.4888758548845544e-14,20.099999999999998,5,18.802663901734462,0.0,0.4232397817401332,4.25,1.375,0.115,5.75,4.25,41.121058180900704,8.7,275.82994949028324,0,0.03230255291448043,0.0,0.6979166666666666,0.4309842960785676,0.17708333333333334,0.17708333333333334,0.0859375
legacy_need2,216,4,2.7269853042355408e-14,20.436765800757133,5.5,19.08763781595682,0.0,0.40715743865704296,3,1.3854166666666665,0.11,5.5,3,40.525006874338686,8.363234199242866,274.5597153733879,0,0.03670123992835798,0.0,0.7096099236374005,0.4289995552709186,0.125,0.125,0.08658854166666666
legacy_need2,217,4,1.752764600126966e-14,20.20834657982492,5.5,18.61660147694125,0.0,0.4146433927778129,2.25,1.3958333333333333,0.09,4.5,2.25,40.544186540626605,8.59165342017508,272.4441472114385,0,0.02860075937031362,0.0,0.7016787006883654,0.4256939800178727,0.09375,0.09375,0.08723958333333333
legacy_need2,218,4,2.0261570199409107e-14,20.03864272608997,5.5,17.99101458933737,0.0,0.3954153133864451,3,1.40625,0.075,3.75,3,39.805894170472456,8.761357273910027,270.66439613145366,0,0.03255684021554826,0.0,0.695786205767013,0.42291311895539635,0.125,0.125,0.087890625
legacy_need2,219,4,9.048317650695026e-15,20.082529468186628,6,18.338048581134117,0.0,0.3931573923642612,4.5,1.4270833333333333,0.125,6.25,4.5,38.86307692813463,8.71747053181337,269.3445750943747,0,0.03702725232533293,0.0,0.6973100509787025,0.4208508985849605,0.1875,0.1875,0.08919270833333333
legacy_need2,220,4,2.0469737016526324e-14,19.28612616314664,6,18.20286391256225,0.0,0.41589540016999293,3.25,1.4375,0.11,5.5,3.25,39.84582537331766,9.513873836853358,266.75266899843734,0,0.04126656844575321,0.0,0.6696571584425918,0.41680104531005835,0.13541666666666666,0.13541666666666666,0.08984375
legacy_need2,221,4,1.2510825708744733e-14,19.527003740570773,6,18.475087840382198,0.0,0.3842659048969444,3.75,1.46875,0.095,4.75,3.75,39.052850972697165,9.272996259429226,266.0144615939723,0,0.04591369013427377,0.0,0.678020963214263,0.4156475962405818,0.15625,0.15625,0.091796875
legacy_need2,222,4,1.2413681194090032e-14,19.97130069299167,6.25,17.8175909184452,0.0,0.4058884706253067,2.5,1.4895833333333335,0.10500000000000001,5.25,2.5,38.86508534034554,8.828699307008332,263.5376289811522,0,0.04997544517732731,0.0,0.6934479407288775,0.4117775452830503,0.10416666666666667,0.10416666666666667,0.09309895833333334
legacy_need2,223,4,2.942091015256665e-15,18.798570920891933,6.5,17.44103791022509,0.0,0.37603815206148083,3.75,1.5,0.085,4.25,3.75,38.40738387046618,10.001429079108068,262.1767592883033,0,0.05436631039688266,0.0,0.6527281569754144,0.4096511863879739,0.15625,0.15625,0.09375
legacy_need2,224,4,2.393224507457603e-14,18.921658647568044,6.75,16.978527188545687,0.0,0.3782639808346559,5,1.5104166666666667,0.135,6.75,5,37.88566028379628,9.878341352431953,260.24208743511616,0,0.05875726267654456,0.0,0.6570020363738905,0.406628261617369,0.20833333333333334,0.20833333333333334,0.09440104166666667
legacy_need2,225,4,1.1629586182948515e-14,18.77168676208491,6.75,16.922641474718436,0.0,0.36897361840775134,2.75,1.53125,0.125,6.25,2.75,37.06868082369119,10.02831323791509,258.716047989447,0,0.06284000105786383,0.0,0.6517946792390595,0.40424382498351097,0.11458333333333333,0.11458333333333333,0.095703125
legacy_need2,226,4,1.9567680809018384e-14,18.753315688846648,6.75,16.113193332934078,0.0,0.3823524471059181,3.5,1.5416666666666667,0.085,4.25,3.5,36.96563504303454,10.046684311153353,255.71161896708523,0,0.0668765658951229,0.0,0.6511567947516198,0.3995494046360707,0.14583333333333334,0.14583333333333334,0.09635416666666667
legacy_need2,227,4,8.677086826835989e-15,18.322974031697104,7.25,15.67817245825126,0.0,0.37505540947684757,3,1.5520833333333335,0.09999999999999999,5,3,36.92037607570297,10.477025968302897,252.6370209514941,0,0.07026861676827732,0.0,0.636214376100594,0.3947453452367095,0.125,0.125,0.09700520833333334
legacy_need2,228,4,-1.7416623698807143e-15,18.081118948095735,7.5,15.07809930296863,0.0,0.3555598257951951,1.5,1.5625,0.07500000000000001,3.75,1.5,36.1866885915718,10.718881051904262,249.937128964703,0,0.07377647232308945,0.0,0.6278166301422131,0.3905267640073484,0.0625,0.0625,0.09765625
legacy_need2,229,4,2.4417967647849537e-14,18.0,7.5,14.622371943622353,0.0,0.2963436019509948,4.25,1.5625,0.095,4.75,4.25,32.61252508717055,10.799999999999999,249.7423208107756,0,0.07708529108377331,0.0,0.6250000000000001,0.39022237626683687,0.17708333333333334,0.17708333333333334,0.09765625
legacy_need2,230,4,2.3474278076918154e-14,16.575194841133285,7.25,14.407445719958844,0.0,0.2948028211113457,7.75,1.5729166666666667,0.21000000000000002,10.5,7.75,30.272668480493216,12.224805158866715,249.40962547516716,0,0.08054817088592776,0.0,0.5755275986504613,0.3897025398049487,0.3229166666666667,0.3229166666666667,0.09830729166666667
legacy_need2,231,4,7.494005416219807e-16,14.7,7.25,14.765917204705488,0.0,0.3088815033572446,4.25,1.5833333333333335,0.165,8.25,4.25,30.542862144998207,14.1,248.73146751201043,0,0.08379093348547444,0.0,0.5104166666666667,0.38864291798751627,0.17708333333333334,0.17708333333333334,0.09895833333333334
legacy_need2,232,4,2.7457203177760903e-14,15.044619042761877,7,14.74752720145101,0.0,0.31010357468735983,4.25,1.625,0.115,5.75,4.25,30.57831826191697,13.755380957238122,247.97381597909344,0,0.0720183049346825,0.0,0.5223826056514541,0.3874590874673335,0.17708333333333334,0.17708333333333334,0.1015625
legacy_need2,233,4,1.1282641487753153e-14,15.108766902811235,7.5,14.514747597589373,0.0,0.31531300979629173,4.25,1.6354166666666665,0.155,7.75,4.25,30.764888839124033,13.691233097188764,246.72291308686823,0,0.06009469642143331,0.0,0.5246099619031679,0.3855045516982316,0.17708333333333334,0.17708333333333334,0.10221354166666666
legacy_need2,234,4,2.3904489498960402e-14,15.01732320925164,7,14.704094829218102,0.0,0.2938721229010862,2.5,1.6354166666666665,0.11499999999999999,5.75,2.5,30.03229965202562,13.782676790748358,246.73340177103205,0,0.0627849852560785,0.0,0.5214348336545709,0.3855209402672376,0.10416666666666667,0.10416666666666667,0.10221354166666666
legacy_need2,235,4,6.83481049534862e-15,15.550734078071839,6.75,15.198690613158558,0.0,0.2877666498352546,3.25,1.6458333333333335,0.085,4.25,3.25,28.497131415881267,13.24926592192816,247.5437598924279,0,0.06693957446683825,0.0,0.5399560443774944,0.38678712483191857,0.13541666666666666,0.13541666666666666,0.10286458333333334
legacy_need2,236,4,2.766536999487812e-14,13.773602786005242,6.75,15.21324567652504,0.0,0.2698886220624517,8,1.65625,0.195,9.75,8,27.753071110936162,15.026397213994759,249.26257446583034,0,0.07159071289761428,0.0,0.47825009673629315,0.3894727726028599,0.3333333333333333,0.3333333333333333,0.103515625
legacy_need2,237,4,3.5339786652599514e-14,13.528492734870742,6.5,15.675742031553277,0.0,0.2904367354451373,3.75,1.6770833333333333,0.18,9,3.75,28.27597841287716,15.271507265129259,250.41647972512675,0,0.07657328725561188,0.0,0.4697393310719008,0.39127574957051053,0.15625,0.15625,0.10481770833333333
legacy_need2,238,4,6.238065619612598e-15,13.519868130605081,6.5,16.263149938561106,0.0,0.27888890863765803,3.25,1.71875,0.11499999999999999,5.75,3.25,28.306666805517327,15.280131869394918,252.73518423180496,0,0.07882156071313812,0.0,0.4694398656460098,0.3948987253621953,0.13541666666666666,0.13541666666666666,0.107421875
legacy_need2,239,4,1.1955714196432154e-14,14.435440711629642,6.25,15.9055448954127,0.0,0.33371163439013557,3,1.71875,0.10500000000000001,5.25,3,30.118096179004333,14.364559288370355,251.9551474077109,0,0.08426739256045722,0.0,0.5012305802649182,0.3936799178245483,0.125,0.125,0.107421875
legacy_need2,240,4,3.268912918130695e-14,14.444545115433124,6.25,16.132324076304066,0.0,0.29688375009650736,2.5,1.7291666666666667,0.095,4.75,2.5,30.125854818300077,14.355454884566875,253.2432839791896,0,0.08466474205128595,0.0,0.5015467053969835,0.39569263121748377,0.10416666666666667,0.10416666666666667,0.10807291666666667
legacy_need2,241,4,-7.45931094670027e-15,15.0,6.5,16.044235153888174,0.0,0.33284213062692997,3.5,1.7395833333333333,0.11,5.5,3.5,31.325119219019655,13.799999999999999,252.6454126017313,0,0.08991348627223077,0.0,0.5208333333333334,0.39475845719020514,0.14583333333333334,0.14583333333333334,0.10872395833333333
legacy_need2,242,4,1.251776460264864e-14,15.038039355917647,6.5,16.089409391780414,4.7977610023287355e-05,0.30417141284066135,2,1.7395833333333333,0.09,4.5,2,31.10147909229442,13.76196064408235,253.52625135147866,0,0.09546152670840471,0.0,0.5221541443026961,0.39613476773668543,0.08333333333333333,0.08333333333333333,0.10872395833333333
legacy_need2,243,4,4.0245584642661925e-15,15.0,6.75,15.860901284587655,0.004592557625917762,0.28957140274965376,2.5,1.7395833333333333,0.08,4,2.5,30.21047782702746,13.799999999999999,254.90858249858363,0,0.10104796567033036,0.0,0.5208333333333334,0.3982946601540369,0.10416666666666667,0.10416666666666667,0.10872395833333333
legacy_need2,244,4,-1.7694179454963432e-15,14.80095247098764,6.75,15.982891147122928,0.004807787350797433,0.274650331730524,3.75,1.7395833333333333,0.115,5.75,3.75,28.752391610835502,13.999047529012358,257.15895705918035,0,0.1067574722025328,0.0,0.513921960798182,0.4018108704049693,0.15625,0.15625,0.10872395833333333
legacy_need2,245,4,4.767020111984266e-15,14.142897513426718,7,16.012031175278747,0.00832925814593473,0.2603157024545866,4,1.7395833333333333,0.13,6.5,4,27.234963517683532,14.657102486573281,260.15520311172975,0,0.11272944977885582,0.0,0.49107283032731663,0.4064925048620777,0.16666666666666666,0.16666666666666666,0.10872395833333333
legacy_need2,246,4,3.389649672058681e-14,13.292531217218597,6.75,15.619351048087925,0.010199175279229764,0.2582084772507935,4.25,1.75,0.14500000000000002,7.25,4.25,26.44964768575382,15.507468782781402,262.86413029727805,0,0.11853382010668786,0.0,0.4615462228200902,0.41072520358949693,0.17708333333333334,0.17708333333333334,0.109375
legacy_need2,247,4,4.066191827689636e-15,12.937212121317904,6.75,15.78461422436747,0.009257322683025704,0.2787595118202752,3.5,1.7708333333333333,0.12,6,3.5,27.051651643629405,15.862787878682095,264.71076893063173,0,0.12380518771127884,0.0,0.4492087542124273,0.4136105764541121,0.14583333333333334,0.14583333333333334,0.11067708333333333
legacy_need2,248,4,1.0470790900996008e-14,13.487784799356065,6.75,15.622620376170183,0.01354468942270734,0.29003926031879346,3.5,1.78125,0.11,5.5,3.5,27.665790599894226,15.312215200643934,265.8314262908622,0,0.12860733352174267,0.0,0.4683258610887523,0.4153616035794722,0.14583333333333334,0.14583333333333334,0.111328125
legacy_need2,249,4,6.6058269965196814e-15,13.5,7,15.609926183978189,0.015107742648324606,0.2828989086103523,2.75,1.78125,0.115,5.75,2.75,27.912837121801495,15.299999999999999,267.29640704432285,0,0.13419392915823133,0.0,0.46875000000000006,0.41765063600675445,0.11458333333333333,0.11458333333333333,0.111328125
legacy_need2,250,4,2.6076363290883364e-14,13.502947985093188,6.75,15.248842411554465,0.01440340133241151,0.25660952400008635,1.5,1.7916666666666665,0.065,3.25,1.5,26.91875581271254,15.29705201490681,269.714773255873,0,0.13969761542298273,0.0,0.46885236059351354,0.4214293332123016,0.0625,0.0625,0.11197916666666666
legacy_need2,251,4,-6.966649479522857e-15,13.5,6.75,15.292218835008873,0.01504911510144218,0.26545782620162606,3.75,1.8229166666666665,0.1,5,3.75,26.326189296592226,15.299999999999999,271.73410078080053,0,0.14499057716087474,0.0,0.46875000000000006,0.42458453247000083,0.15625,0.15625,0.11393229166666666
legacy_need2,252,4,2.0469737016526324e-14,13.348907679318254,6.75,15.38742525591027,0.014756250088346277,0.2911542368900804,5,1.8229166666666665,0.155,7.75,5,27.088839224887916,15.451092320681745,272.5638141922068,0,0.15032794356346793,0.0,0.4635037388652172,0.42588095967532313,0.20833333333333334,0.20833333333333334,0.11393229166666666
legacy_need2,253,4,2.2662427490161008e-14,12.899999999999999,6.5,15.362441673938486,0.015128729604075308,0.2648034190601458,2.75,1.8333333333333335,0.125,6.25,2.75,27.039206758835068,15.899999999999999,274.686084913138,0,0.15541147994031748,0.0,0.4479166666666667,0.42919700767677815,0.11458333333333333,0.11458333333333333,0.11458333333333334
legacy_need2,254,4,3.0558888752807434e-14,12.923357209783585,6.5,14.92029218056528,0.014347469125555906,0.2663306004639395,3.5,1.84375,0.095,4.75,3.5,27.071048971784524,15.876642790216414,276.2898470705063,0,0.16044961197158214,0.0,0.44872768089526344,0.4317028860476661,0.14583333333333334,0.14583333333333334,0.115234375
legacy_need2,255,4,6.8209327075408055e-15,12.899999999999999,6.5,14.835826422928015,0.015364072213323766,0.264965219191155,2.75,1.8541666666666667,0.115,5.75,2.75,27.039344712151127,15.899999999999999,277.8774125338766,0,0.16540098344766252,0.0,0.4479166666666667,0.4341834570841822,0.11458333333333333,0.11458333333333333,0.11588541666666667
legacy_need2,256,4,5.703770789011742e-15,13.236076137716795,6.25,14.553958469874827,0.015687400815208405,0.28497854096311825,3,1.8541666666666667,0.11,5.5,3,27.657217081627135,15.563923862283204,278.18244395559555,0,0.16999568871613946,0.0,0.4595859770040554,0.434660068680618,0.125,0.125,0.11588541666666667
fixed_forager,1,4,4.2521541843143495e-14,28.799999999999997,0,9.516396506234301,0.0,0.8261224528979589,0,1,0.16,8,0,59.52000019199999,0.0,608.2102738613364,0,0.0,0.0,1.0,0.9503285529083382,0.0,0.0,0.0625
fixed_forager,2,4,9.769962616701378e-15,28.799999999999997,0,13.524201585430848,0.0,0.5877551020408163,0,1,0.0,0,0,59.520000192000005,0.0,592.3467203447265,0,0.0,0.0,1.0,0.9255417505386351,0.0,0.0,0.0625
fixed_forager,3,4,-9.103828801926284e-15,28.799999999999997,0,16.347117641552195,0.0,0.587755102040816,0,1,0.0,0,0,59.520000192000005,0.0,579.3060828842379,0,0.0,0.0,1.0,0.9051657545066216,0.0,0.0,0.0625
fixed_forager,4,4,9.126033262418787e-14,28.799999999999997,0,18.192803177192467,0.0,0.587755102040816,0,1,0.0,0,0,59.520000192000005,0.0,568.1111309593896,0,0.0,0.0,1.0,0.8876736421240462,0.0,0.0,0.0625
fixed_forager,5,4,1.2212453270876722e-14,28.799999999999997,0,20.17132070100577,0.0,0.587755102040816,0,1,0.0,0,0,59.520000192000005,0.0,558.8946965583546,0,0.0,0.0,1.0,0.873272963372429,0.0,0.0,0.0625
fixed_forager,6,4,2.9976021664879227e-14,28.799999999999997,0,21.522574552879803,0.0,0.587755102040816,0,1,0.0,0,0,59.520000192000005,0.0,551.0295160091936,0,0.0,0.0,1.0,0.8609836187643649,0.0,0.0,0.0625
fixed_forager,7,4,9.547918011776346e-15,28.799999999999997,0,22.642610810370787,0.0,0.587755102040816,0,1,0.0,0,0,59.520000192000005,0.0,544.2843717175235,0,0.0,0.0,1.0,0.8504443308086305,0.0,0.0,0.0625
fixed_forager,8,4,1.5765166949677223e-14,28.799999999999997,0,23.480881223824795,0.0,0.587755102040816,0,1,0.0,0,0,59.520000192000005,0.0,538.3774978393076,0,0.0,0.0,1.0,0.8412148403739181,0.0,0.0,0.0625
fixed_forager,9,4,7.083222897108499e-14,28.799999999999997,0,24.39514168952924,0.0,0.587755102040816,0,1,0.0,0,0,59.520000192000005,0.0,533.384884426796,0,0.0,0.0,1.0,0.8334138819168688,0.0,0.0,0.0625
fixed_forager,10,4,1.1324274851176597e-14,28.799999999999997,0,25.03854858385488,0.0,0.587755102040816,0,1,0.0,0,0,59.520000192000005,0.0,529.0356779086101,0,0.0,0.0,1.0,0.8266182467322032,0.0,0.0,0.0625
fixed_forager,11,4,1.3100631690576847e-14,28.799999999999997,0,25.671491358668433,0.0,0.587755102040816,0,1,0.0,0,0,59.520000192000005,0.0,525.3194141652377,0,0.0,0.0,1.0,0.8208115846331839,0.0,0.0,0.0625
fixed_forager,12,4,4.1522341120980855e-14,28.799999999999997,0,26.031866833317522,0.0,0.587755102040816,0,1,0.0,0,0,59.520000192000005,0.0,521.9635258965145,0,0.0,0.0,1.0,0.815568009213304,0.0,0.0,0.0625
fixed_forager,13,4,1.5765166949677223e-14,28.799999999999997,0,26.122896981575238,0.0,0.587755102040816,0,1,0.0,0,0,59.520000192000005,0.0,518.698667776049,0,0.0,0.0,1.0,0.8104666684000765,0.0,0.0,0.0625
fixed_forager,14,4,2.9976021664879227e-14,28.799999999999997,0,26.779167647736358,0.0,0.587755102040816,0,1,0.0,0,0,59.520000192000005,0.0,516.0900803217445,0,0.0,0.0,1.0,0.8063907505027258,0.0,0.0,0.0625
fixed_forager,15,4,3.175237850427948e-14,28.799999999999997,0,26.73055345121858,0.0,0.587755102040816,0,1,0.0,0,0,59.520000192000005,0.0,513.4328786709223,0,0.0,0.0,1.0,0.8022388729233161,0.0,0.0,0.0625
fixed_forager,16,4,3.708144902248023e-14,28.799999999999997,0,26.941318868560693,0.0,0.587755102040816,0,1,0.0,0,0,59.520000192000005,0.0,510.9864424374422,0,0.0,0.0,1.0,0.7984163163085034,0.0,0.0,0.0625
fixed_forager,17,4,6.550315845288424e-14,28.799999999999997,0,27.304193665527173,0.0,0.587755102040816,0,1,0.0,0,0,59.520000192000005,0.0,508.9028810009286,0,0.0,0.0,1.0,0.7951607515639509,0.0,0.0,0.0625
fixed_forager,18,4,6.283862319378386e-14,28.799999999999997,0,27.416315270325335,0.0,0.587755102040816,0,1,0.0,0,0,59.520000192000005,0.0,506.93144116921314,0,0.0,0.0,1.0,0.7920803768268956,0.0,0.0,0.0625
fixed_forager,19,4,6.461498003318411e-14,28.799999999999997,0,27.913935126834794,0.0,0.587755102040816,0,1,0.0,0,0,59.520000192000005,0.0,505.4576211940071,0,0.0,0.0,1.0,0.7897775331156361,0.0,0.0,0.0625
fixed_forager,20,4,6.372680161348399e-14,28.799999999999997,0,27.779896753401523,0.0,0.587755102040816,0,1,0.0,0,0,59.520000192000005,0.0,503.8497628453679,0,0.0,0.0,1.0,0.7872652544458874,0.0,0.0,0.0625
fixed_forager,21,4,4.951594689828198e-14,28.799999999999997,0,27.436406641677145,0.0,0.587755102040816,0,1,0.0,0,0,59.520000192000005,0.0,501.89841438500423,0,0.0,0.0,1.0,0.7842162724765691,0.0,0.0,0.0625
fixed_forager,22,4,7.349676423018536e-14,28.799999999999997,0,27.85089920430482,0.0,0.587755102040816,0,1,0.0,0,0,59.520000192000005,0.0,500.36155848726827,0,0.0,0.0,1.0,0.7818149351363567,0.0,0.0,0.0625
fixed_forager,23,4,6.461498003318411e-14,28.799999999999997,0,28.044976133433615,0.0,0.587755102040816,0,1,0.0,0,0,59.520000192000005,0.0,499.0187795186611,0,0.0,0.0,1.0,0.779716842997908,0.0,0.0,0.0625
fixed_forager,24,4,9.303668946358812e-14,28.799999999999997,0,28.06977642411605,0.0,0.587755102040816,0,1,0.0,0,0,59.520000192000005,0.0,497.7008008407364,0,0.0,0.0,1.0,0.7776575013136506,0.0,0.0,0.0625
fixed_forager,25,4,6.905587213168474e-14,28.799999999999997,0,27.962074322354894,0.0,0.587755102040816,0,1,0.0,0,0,59.520000192000005,0.0,496.27512006105053,0,0.0,0.0,1.0,0.7754298750953914,0.0,0.0,0.0625
fixed_forager,26,4,2.8199664825478976e-14,28.799999999999997,0,28.194153099188753,0.0,0.587755102040816,0,1,0.0,0,0,59.520000192000005,0.0,495.08151805819847,0,0.0,0.0,1.0,0.7735648719659352,0.0,0.0,0.0625
fixed_forager,27,4,6.461498003318411e-14,28.799999999999997,0,28.528967931992703,0.0,0.587755102040816,0,1,0.0,0,0,59.520000192000005,0.0,494.2227308881504,0,0.0,0.0,1.0,0.772223017012735,0.0,0.0,0.0625
fixed_forager,28,4,2.8199664825478976e-14,28.799999999999997,0,28.447316900286694,0.0,0.587755102040816,0,1,0.0,0,0,59.520000192000005,0.0,493.28229268639626,0,0.0,0.0,1.0,0.7707535823224941,0.0,0.0,0.0625
fixed_forager,29,4,7.349676423018536e-14,28.799999999999997,0,28.398198437233273,0.0,0.587755102040816,0,1,0.0,0,0,59.520000192000005,0.0,492.2927360215888,0,0.0,0.0,1.0,0.7692074000337324,0.0,0.0,0.0625
fixed_forager,30,4,3.441691376337985e-14,28.799999999999997,0,28.28655524004217,0.0,0.587755102040816,0,1,0.0,0,0,59.520000192000005,0.0,491.19153615959016,0,0.0,0.0,1.0,0.7674867752493596,0.0,0.0,0.0625
fixed_forager,31,4,4.773959005888173e-14,28.799999999999997,0,28.39020467318553,0.0,0.587755102040816,0,1,0.0,0,0,59.520000192000005,0.0,490.1939857307349,0,0.0,0.0,1.0,0.7659281027042733,0.0,0.0,0.0625
fixed_forager,32,4,3.708144902248023e-14,28.799999999999997,0,28.138179193707664,0.0,0.587755102040816,0,1,0.0,0,0,59.520000192000005,0.0,488.9444098224018,0,0.0,0.0,1.0,0.7639756403475028,0.0,0.0,0.0625
fixed_forager,33,4,3.6193270602780103e-14,28.799999999999997,0,28.761118992804164,0.0,0.587755102040816,0,1,0.0,0,0,59.520000192000005,0.0,488.31777371316514,0,0.0,0.0,1.0,0.7629965214268205,0.0,0.0,0.0625
fixed_forager,34,4,5.573319583618286e-14,28.799999999999997,0,28.6169313062765,0.0,0.587755102040816,0,1,0.0,0,0,59.520000192000005,0.0,487.54694991740087,0,0.0,0.0,1.0,0.7617921092459389,0.0,0.0,0.0625
fixed_forager,35,4,6.994405055138486e-14,28.799999999999997,0,28.73560874478953,0.0,0.587755102040816,0,1,0.0,0,0,59.520000192000005,0.0,486.8948035601496,0,0.0,0.0,1.0,0.7607731305627338,0.0,0.0,0.0625
fixed_forager,36,4,5.484501741648273e-14,28.799999999999997,0,28.899915820587026,0.0,0.587755102040816,0,1,0.0,0,0,59.520000192000005,0.0,486.40696427869585,0,0.0,0.0,1.0,0.7600108816854623,0.0,0.0,0.0625
fixed_forager,37,4,5.573319583618286e-14,28.799999999999997,0,28.750879491947018,0.0,0.587755102040816,0,1,0.0,0,0,59.520000192000005,0.0,485.77008866860206,0,0.0,0.0,1.0,0.7590157635446907,0.0,0.0,0.0625
fixed_forager,38,4,5.928590951498336e-14,28.799999999999997,0,28.840574029409876,0.0,0.587755102040816,0,1,0.0,0,0,59.520000192000005,0.0,485.22290759597115,0,0.0,0.0,1.0,0.7581607931187049,0.0,0.0,0.0625
fixed_forager,39,4,8.326672684688674e-14,28.799999999999997,0,28.64621809250403,0.0,0.587755102040816,0,1,0.0,0,0,59.520000192000005,0.0,484.4813705864344,0,0.0,0.0,1.0,0.7570021415413037,0.0,0.0,0.0625
fixed_forager,40,4,5.928590951498336e-14,28.799999999999997,0,28.467840445558462,0.0,0.587755102040816,0,1,0.0,0,0,59.520000192000005,0.0,483.5614559299521,0,0.0,0.0,1.0,0.7555647748905502,0.0,0.0,0.0625
fixed_forager,41,4,4.5075054799781356e-14,28.799999999999997,0,28.90458518397723,0.0,0.587755102040816,0,1,0.0,0,0,59.520000192000005,0.0,483.07828601188857,0,0.0,0.0,1.0,0.7548098218935759,0.0,0.0,0.0625
fixed_forager,42,4,6.461498003318411e-14,28.799999999999997,0,29.06013428149837,0.0,0.587755102040816,0,1,0.0,0,0,59.520000192000005,0.0,482.7506651913461,0,0.0,0.0,1.0,0.7542979143614783,0.0,0.0,0.0625
fixed_forager,43,4,6.461498003318411e-14,28.799999999999997,0,29.387111799388485,0.0,0.587755102040816,0,1,0.0,0,0,59.520000192000005,0.0,482.7500218886938,0,0.0,0.0,1.0,0.754296909201084,0.0,0.0,0.0625
fixed_forager,44,4,5.395683899678261e-14,28.799999999999997,0,28.53331413303228,0.0,0.587755102040816,0,1,0.0,0,0,59.520000192000005,0.0,481.89558091968536,0,0.0,0.0,1.0,0.7529618451870084,0.0,0.0,0.0625
fixed_forager,45,4,5.395683899678261e-14,28.799999999999997,0,28.711622065734108,0.0,0.587755102040816,0,1,0.0,0,0,59.520000192000005,0.0,481.2194478833786,0,0.0,0.0,1.0,0.7519053873177791,0.0,0.0,0.0625
fixed_forager,46,4,7.260858581048524e-14,28.799999999999997,0,28.84649795782545,0.0,0.587755102040816,0,1,0.0,0,0,59.520000192000005,0.0,480.6781907391633,0,0.0,0.0,1.0,0.7510596730299427,0.0,0.0,0.0625
fixed_forager,47,4,2.6423307986078726e-14,28.799999999999997,0,28.96018671085315,0.0,0.587755102040816,0,1,0.0,0,0,59.520000192000005,0.0,480.25062234797565,0,0.0,0.0,1.0,0.750391597418712,0.0,0.0,0.0625
fixed_forager,48,4,5.6621374255882984e-14,28.799999999999997,0,29.06483399246605,0.0,0.587755102040816,0,1,0.0,0,0,59.520000192000005,0.0,479.9277012384009,0,0.0,0.0,1.0,0.7498870331850014,0.0,0.0,0.0625
fixed_forager,49,4,1.0103029524088925e-13,28.799999999999997,0,29.04306326334506,0.0,0.587755102040816,0,1,0.0,0,0,59.520000192000005,0.0,479.58300939970525,0,0.0,0.0,1.0,0.7493484521870395,0.0,0.0,0.0625
fixed_forager,50,4,4.3298697960381105e-14,28.799999999999997,0,28.943665542850226,0.0,0.587755102040816,0,1,0.0,0,0,59.520000192000005,0.0,479.13891984051463,0,0.0,0.0,1.0,0.7486545622508041,0.0,0.0,0.0625
fixed_forager,51,4,4.951594689828198e-14,28.799999999999997,0,28.86916454487494,0.0,0.587755102040816,0,1,0.0,0,0,59.520000192000005,0.0,478.62032928334884,0,0.0,0.0,1.0,0.7478442645052326,0.0,0.0,0.0625
fixed_forager,52,4,5.395683899678261e-14,28.799999999999997,0,28.863170857141217,0.0,0.587755102040816,0,1,0.0,0,0,59.520000192000005,0.0,478.09574503844925,0,0.0,0.0,1.0,0.747024601622577,0.0,0.0,0.0625
fixed_forager,53,4,8.415490526658687e-14,28.799999999999997,0,28.934474752947906,0.0,0.587755102040816,0,1,0.0,0,0,59.520000192000005,0.0,477.6424646893564,0,0.0,0.0,1.0,0.7463163510771194,0.0,0.0,0.0625
fixed_forager,54,4,2.90878432451791e-14,28.799999999999997,0,29.036925373121903,0.0,0.587755102040816,0,1,0.0,0,0,59.520000192000005,0.0,477.2916349604375,0,0.0,0.0,1.0,0.7457681796256835,0.0,0.0,0.0625
fixed_forager,55,4,7.971401316808624e-14,28.799999999999997,0,29.043744294198923,0.0,0.587755102040816,0,1,0.0,0,0,59.520000192000005,0.0,476.9476241525956,0,0.0,0.0,1.0,0.7452306627384306,0.0,0.0,0.0625
fixed_forager,56,4,4.5075054799781356e-14,28.799999999999997,0,28.83535717199882,0.0,0.587755102040816,0,1,0.0,0,0,59.520000192000005,0.0,476.3952262225537,0,0.0,0.0,1.0,0.7443675409727402,0.0,0.0,0.0625
fixed_forager,57,4,6.372680161348399e-14,28.799999999999997,0,28.820842735929027,0.0,0.587755102040816,0,1,0.0,0,0,59.520000192000005,0.0,475.8283138564419,0,0.0,0.0,1.0,0.7434817404006905,0.0,0.0,0.0625
fixed_forager,58,4,6.106226635438361e-14,28.799999999999997,0,29.227424738157747,0.0,0.587755102040816,0,1,0.0,0,0,59.520000192000005,0.0,475.66798349255885,0,0.0,0.0,1.0,0.7432312242071232,0.0,0.0,0.0625
fixed_forager,59,4,7.083222897108499e-14,28.799999999999997,0,29.148595076067608,0.0,0.587755102040816,0,1,0.0,0,0,59.520000192000005,0.0,475.4288234665857,0,0.0,0.0,1.0,0.7428575366665402,0.0,0.0,0.0625
fixed_forager,60,4,6.372680161348399e-14,28.799999999999997,0,29.031508174435096,0.0,0.587755102040816,0,1,0.0,0,0,59.520000192000005,0.0,475.07257653898,0,0.0,0.0,1.0,0.7423009008421563,0.0,0.0,0.0625
fixed_forager,61,4,7.704947790898586e-14,28.799999999999997,0,29.2529079930245,0.0,0.587755102040816,0,1,0.0,0,0,59.520000192000005,0.0,474.9377294299637,0,0.0,0.0,1.0,0.7420902022343183,0.0,0.0,0.0625
fixed_forager,62,4,5.6621374255882984e-14,28.799999999999997,0,28.873213935167783,0.0,0.587755102040816,0,1,0.0,0,0,59.520000192000005,0.0,474.4231882630907,0,0.0,0.0,1.0,0.7412862316610792,0.0,0.0,0.0625
fixed_forager,63,4,5.928590951498336e-14,28.799999999999997,0,29.187022379451616,0.0,0.587755102040816,0,1,0.0,0,0,59.520000192000005,0.0,474.2224555405015,0,0.0,0.0,1.0,0.7409725867820336,0.0,0.0,0.0625
fixed_forager,64,4,3.885780586188048e-14,28.799999999999997,0,29.140292005086867,0.0,0.587755102040816,0,1,0.0,0,0,59.520000192000005,0.0,473.9749924435476,0,0.0,0.0,1.0,0.7405859256930432,0.0,0.0,0.0625
fixed_forager,65,4,6.283862319378386e-14,28.799999999999997,0,28.758583511002406,0.0,0.587755102040816,0,1,0.0,0,0,59.520000192000005,0.0,473.34582085250923,0,0.0,0.0,1.0,0.7396028450820457,0.0,0.0,0.0625
fixed_forager,66,4,4.8627768478581856e-14,28.799999999999997,0,29.39994584372362,0.0,0.587755102040816,0,1,0.0,0,0,59.520000192000005,0.0,473.3580115941921,0,0.0,0.0,1.0,0.7396218931159251,0.0,0.0,0.0625
fixed_forager,67,4,5.040412531798211e-14,28.799999999999997,0,29.10449554649187,0.0,0.587755102040816,0,1,0.0,0,0,59.520000192000005,0.0,473.07475203864317,0,0.0,0.0,1.0,0.7391793000603799,0.0,0.0,0.0625
fixed_forager,68,4,1.9317880628477724e-14,28.799999999999997,0,28.821180356868034,0.0,0.587755102040816,0,1,0.0,0,0,59.520000192000005,0.0,472.5081772934704,0,0.0,0.0,1.0,0.7382940270210475,0.0,0.0,0.0625
fixed_forager,69,4,8.149037000748649e-14,28.799999999999997,0,28.790018137499107,0.0,0.587755102040816,0,1,0.0,0,0,59.520000192000005,0.0,471.9104403289287,0,0.0,0.0,1.0,0.7373600630139511,0.0,0.0,0.0625
fixed_forager,70,4,4.6851411639181606e-14,28.799999999999997,0,28.73295705715196,0.0,0.587755102040816,0,1,0.0,0,0,59.520000192000005,0.0,471.2556422840399,0,0.0,0.0,1.0,0.7363369410688123,0.0,0.0,0.0625
fixed_forager,71,4,9.126033262418787e-14,28.799999999999997,0,29.34745050008913,0.0,0.587755102040816,0,1,0.0,0,0,59.520000192000005,0.0,471.21533768208826,0,0.0,0.0,1.0,0.7362739651282629,0.0,0.0,0.0625
fixed_forager,72,4,6.994405055138486e-14,28.799999999999997,0,29.25372585522952,0.0,0.587755102040816,0,1,0.0,0,0,59.520000192000005,0.0,471.081308435277,0,0.0,0.0,1.0,0.7360645444301203,0.0,0.0,0.0625
fixed_forager,73,4,6.106226635438361e-14,28.799999999999997,0,29.19674634598898,0.0,0.587755102040816,0,1,0.0,0,0,59.520000192000005,0.0,470.89029967922517,0,0.0,0.0,1.0,0.7357660932487893,0.0,0.0,0.0625
fixed_forager,74,4,5.928590951498336e-14,28.799999999999997,0,28.85196410932981,0.0,0.587755102040816,0,1,0.0,0,0,59.520000192000005,0.0,470.3545086865142,0,0.0,0.0,1.0,0.7349289198226784,0.0,0.0,0.0625
fixed_forager,75,4,7.793765632868599e-14,28.799999999999997,0,28.89228165236836,0.0,0.587755102040816,0,1,0.0,0,0,59.520000192000005,0.0,469.85903523684175,0,0.0,0.0,1.0,0.7341547425575652,0.0,0.0,0.0625
fixed_forager,76,4,3.885780586188048e-14,28.799999999999997,0,29.039700713577307,0.0,0.587755102040816,0,1,0.0,0,0,59.520000192000005,0.0,469.51098084837827,0,0.0,0.0,1.0,0.733610907575591,0.0,0.0,0.0625
fixed_forager,77,4,3.708144902248023e-14,28.799999999999997,0,28.65329477115619,0.0,0.587755102040816,0,1,0.0,0,0,59.520000192000005,0.0,468.7765205174937,0,0.0,0.0,1.0,0.7324633133085838,0.0,0.0,0.0625
fixed_forager,78,4,3.708144902248023e-14,28.799999999999997,0,29.181677843714986,0.0,0.587755102040816,0,1,0.0,0,0,59.520000192000005,0.0,468.57044325916786,0,0.0,0.0,1.0,0.7321413175924498,0.0,0.0,0.0625
fixed_forager,79,4,4.5075054799781356e-14,28.799999999999997,0,28.959999891966046,0.0,0.587755102040816,0,1,0.0,0,0,59.520000192000005,0.0,468.1426880490931,0,0.0,0.0,1.0,0.731472950076708,0.0,0.0,0.0625
fixed_forager,80,4,6.195044477408373e-14,28.799999999999997,0,29.364611885375645,0.0,0.587755102040816,0,1,0.0,0,0,59.520000192000005,0.0,468.119544832428,0,0.0,0.0,1.0,0.7314367888006688,0.0,0.0,0.0625
fixed_forager,81,4,9.037215420448774e-14,28.799999999999997,0,29.05345215555223,0.0,0.587755102040816,0,1,0.0,0,0,59.520000192000005,0.0,467.7852418859395,0,0.0,0.0,1.0,0.7309144404467804,0.0,0.0,0.0625
fixed_forager,82,4,4.6851411639181606e-14,28.799999999999997,0,29.348637647629953,0.0,0.587755102040816,0,1,0.0,0,0,59.520000192000005,0.0,467.74612443152864,0,0.0,0.0,1.0,0.7308533194242635,0.0,0.0,0.0625
fixed_forager,83,4,3.9745984281580604e-14,28.799999999999997,0,28.942856980059933,0.0,0.587755102040816,0,1,0.0,0,0,59.520000192000005,0.0,467.30122630954776,0,0.0,0.0,1.0,0.7301581661086683,0.0,0.0,0.0625
fixed_forager,84,4,4.8627768478581856e-14,28.799999999999997,0,29.428948652371567,0.0,0.587755102040816,0,1,0.0,0,0,59.520000192000005,0.0,467.34241985987853,0,0.0,0.0,1.0,0.7302225310310602,0.0,0.0,0.0625
fixed_forager,85,4,6.639133687258436e-14,28.799999999999997,0,28.92095645995477,0.0,0.587755102040816,0,1,0.0,0,0,59.520000192000005,0.0,466.8756212177925,0,0.0,0.0,1.0,0.7294931581528008,0.0,0.0,0.0625
fixed_forager,86,4,6.816769371198461e-14,28.799999999999997,0,29.14988006365765,0.0,0.587755102040816,0,1,0.0,0,0,59.520000192000005,0.0,466.6377461794094,0,0.0,0.0,1.0,0.7291214784053273,0.0,0.0,0.0625
fixed_forager,87,4,4.596323321948148e-14,28.799999999999997,0,28.806873286131843,0.0,0.587755102040816,0,1,0.0,0,0,59.520000192000005,0.0,466.0568643635005,0,0.0,0.0,1.0,0.7282138505679695,0.0,0.0,0.0625
fixed_forager,88,4,6.550315845288424e-14,28.799999999999997,0,29.339052376081348,0.0,0.587755102040816,0,1,0.0,0,0,59.520000192000005,0.0,466.00816163754104,0,0.0,0.0,1.0,0.7281377525586579,0.0,0.0,0.0625
fixed_forager,89,4,4.418687638008123e-14,28.799999999999997,0,28.93860899499765,0.0,0.587755102040816,0,1,0.0,0,0,59.520000192000005,0.0,465.55901553049785,0,0.0,0.0,1.0,0.7274359617664029,0.0,0.0,0.0625
fixed_forager,90,4,6.372680161348399e-14,28.799999999999997,0,29.57753581796495,0.0,0.587755102040816,0,1,0.0,0,0,59.520000192000005,0.0,465.74879624642205,0,0.0,0.0,1.0,0.7277324941350345,0.0,0.0,0.0625
fixed_forager,91,4,8.770761894538737e-14,28.799999999999997,0,29.442858047384544,0.0,0.587755102040816,0,1,0.0,0,0,59.520000192000005,0.0,465.8038991917658,0,0.0,0.0,1.0,0.7278185924871341,0.0,0.0,0.0625
fixed_forager,92,4,1.3988810110276972e-14,28.799999999999997,0,29.13622217383977,0.0,0.587755102040816,0,1,0.0,0,0,59.520000192000005,0.0,465.55236626356475,0,0.0,0.0,1.0,0.7274255722868199,0.0,0.0,0.0625
fixed_forager,93,4,2.731148640577885e-14,28.799999999999997,0,29.05692659021335,0.0,0.587755102040816,0,1,0.0,0,0,59.520000192000005,0.0,465.22153775173734,0,0.0,0.0,1.0,0.7269086527370896,0.0,0.0,0.0625
fixed_forager,94,4,6.994405055138486e-14,28.799999999999997,0,28.898078821101706,0.0,0.587755102040816,0,1,0.0,0,0,59.520000192000005,0.0,464.73186147079826,0,0.0,0.0,1.0,0.7261435335481223,0.0,0.0,0.0625
fixed_forager,95,4,6.550315845288424e-14,28.799999999999997,0,29.34562575285485,0.0,0.587755102040816,0,1,0.0,0,0,59.520000192000005,0.0,464.68973212161234,0,0.0,0.0,1.0,0.7260777064400192,0.0,0.0,0.0625
fixed_forager,96,4,4.3298697960381105e-14,28.799999999999997,0,29.244551827964997,0.0,0.587755102040816,0,1,0.0,0,0,59.520000192000005,0.0,464.54652884753654,0,0.0,0.0,1.0,0.7258539513242759,0.0,0.0,0.0625
fixed_forager,97,4,6.550315845288424e-14,28.799999999999997,0,29.430411875423836,0.0,0.587755102040816,0,1,0.0,0,0,59.520000192000005,0.0,464.5891856209196,0,0.0,0.0,1.0,0.7259206025326869,0.0,0.0,0.0625
fixed_forager,98,4,7.793765632868599e-14,28.799999999999997,0,29.080787436126975,0.0,0.587755102040816,0,1,0.0,0,0,59.520000192000005,0.0,464.28221795500576,0,0.0,0.0,1.0,0.7254409655546965,0.0,0.0,0.0625
fixed_forager,99,4,4.6851411639181606e-14,28.799999999999997,0,29.3474493260647,0.0,0.587755102040816,0,1,0.0,0,0,59.520000192000005,0.0,464.24191217902967,0,0.0,0.0,1.0,0.7253779877797338,0.0,0.0,0.0625
fixed_forager,100,4,7.260858581048524e-14,28.799999999999997,0,28.876090763603017,0.0,0.587755102040816,0,1,0.0,0,0,59.520000192000005,0.0,463.7302478405919,0,0.0,0.0,1.0,0.7245785122509248,0.0,0.0,0.0625
fixed_forager,101,4,7.349676423018536e-14,28.799999999999997,0,29.09038823444477,0.0,0.587755102040816,0,1,0.0,0,0,59.520000192000005,0.0,463.4328809729959,0,0.0,0.0,1.0,0.7241138765203061,0.0,0.0,0.0625
fixed_forager,102,4,4.241051954068098e-14,28.799999999999997,0,29.115411181174082,0.0,0.587755102040816,0,1,0.0,0,0,59.520000192000005,0.0,463.1605370521292,0,0.0,0.0,1.0,0.7236883391439519,0.0,0.0,0.0625
fixed_forager,103,4,3.352873534367973e-14,28.799999999999997,0,29.097826240019394,0.0,0.587755102040816,0,1,0.0,0,0,59.520000192000005,0.0,462.8706081901078,0,0.0,0.0,1.0,0.7232353252970435,0.0,0.0,0.0625
fixed_forager,104,4,8.326672684688674e-14,28.799999999999997,0,28.519028845554303,0.0,0.587755102040816,0,1,0.0,0,0,59.520000192000005,0.0,462.00188193362135,0,0.0,0.0,1.0,0.7218779405212834,0.0,0.0,0.0625
fixed_forager,105,4,5.573319583618286e-14,28.799999999999997,0,28.764935512948526,0.0,0.587755102040816,0,1,0.0,0,0,59.520000192000005,0.0,461.3790623445291,0,0.0,0.0,1.0,0.7209047849133267,0.0,0.0,0.0625
fixed_forager,106,4,6.727951529228449e-14,28.799999999999997,0,28.9061239668245,0.0,0.587755102040816,0,1,0.0,0,0,59.520000192000005,0.0,460.8974312093128,0,0.0,0.0,1.0,0.7201522362645513,0.0,0.0,0.0625
fixed_forager,107,4,6.816769371198461e-14,28.799999999999997,0,29.348327617591668,0.0,0.587755102040816,0,1,0.0,0,0,59.520000192000005,0.0,460.8580037248637,0,0.0,0.0,1.0,0.7200906308200995,0.0,0.0,0.0625
fixed_forager,108,4,5.218048215738236e-14,28.799999999999997,0,29.23638939010465,0.0,0.587755102040816,0,1,0.0,0,0,59.520000192000005,0.0,460.70663801292756,0,0.0,0.0,1.0,0.7198541218951993,0.0,0.0,0.0625
fixed_forager,109,4,6.106226635438361e-14,28.799999999999997,0,28.879205433754716,0.0,0.587755102040816,0,1,0.0,0,0,59.520000192000005,0.0,460.19808834464146,0,0.0,0.0,1.0,0.7190595130385022,0.0,0.0,0.0625
fixed_forager,110,4,6.372680161348399e-14,28.799999999999997,0,29.188521553202754,0.0,0.587755102040816,0,1,0.0,0,0,59.520000192000005,0.0,459.9988547958034,0,0.0,0.0,1.0,0.7187482106184429,0.0,0.0,0.0625
fixed_forager,111,4,5.395683899678261e-14,28.799999999999997,0,29.085378098512184,0.0,0.587755102040816,0,1,0.0,0,0,59.520000192000005,0.0,459.69647779227483,0,0.0,0.0,1.0,0.7182757465504295,0.0,0.0,0.0625
fixed_forager,112,4,4.773959005888173e-14,28.799999999999997,0,29.188272104328753,0.0,0.587755102040816,0,1,0.0,0,0,59.520000192000005,0.0,459.4969947945628,0,0.0,0.0,1.0,0.7179640543665043,0.0,0.0,0.0625
fixed_forager,113,4,9.392486788328824e-14,28.799999999999997,0,29.295034567903507,0.0,0.587755102040816,0,1,0.0,0,0,59.520000192000005,0.0,459.40427426042555,0,0.0,0.0,1.0,0.7178191785319149,0.0,0.0,0.0625
fixed_forager,114,4,6.905587213168474e-14,28.799999999999997,0,29.264338775747746,0.0,0.587755102040816,0,1,0.0,0,0,59.520000192000005,0.0,459.2808579341325,0,0.0,0.0,1.0,0.717626340522082,0.0,0.0,0.0625
fixed_forager,115,4,1.9317880628477724e-14,28.799999999999997,0,28.960035109836518,0.0,0.587755102040816,0,1,0.0,0,0,59.520000192000005,0.0,458.85313794192825,0,0.0,0.0,1.0,0.7169580280342629,0.0,0.0,0.0625
fixed_forager,116,4,5.306866057708248e-14,28.799999999999997,0,29.03834972515398,0.0,0.587755102040816,0,1,0.0,0,0,59.520000192000005,0.0,458.50373256504145,0,0.0,0.0,1.0,0.7164120821328772,0.0,0.0,0.0625
fixed_forager,117,4,9.037215420448774e-14,28.799999999999997,0,29.102589142924607,0.0,0.587755102040816,0,1,0.0,0,0,59.520000192000005,0.0,458.2185666059253,0,0.0,0.0,1.0,0.7159665103217583,0.0,0.0,0.0625
fixed_forager,118,4,5.6621374255882984e-14,28.799999999999997,0,28.589746898386565,0.0,0.587755102040816,0,1,0.0,0,0,59.520000192000005,0.0,457.420558402271,0,0.0,0.0,1.0,0.7147196225035485,0.0,0.0,0.0625
fixed_forager,119,4,6.106226635438361e-14,28.799999999999997,0,28.872984975729945,0.0,0.587755102040816,0,1,0.0,0,0,59.520000192000005,0.0,456.90578827596016,0,0.0,0.0,1.0,0.7139152941811877,0.0,0.0,0.0625
fixed_forager,120,4,2.2870594307278225e-14,28.799999999999997,0,29.015699885513747,0.0,0.587755102040816,0,1,0.0,0,0,59.520000192000005,0.0,456.53373305943313,0,0.0,0.0,1.0,0.7133339579053642,0.0,0.0,0.0625
fixed_forager,121,4,5.6621374255882984e-14,28.799999999999997,0,29.1060406645458,0.0,0.587755102040816,0,1,0.0,0,0,59.520000192000005,0.0,456.2520186219382,0,0.0,0.0,1.0,0.7128937790967784,0.0,0.0,0.0625
fixed_forager,122,4,7.704947790898586e-14,28.799999999999997,0,28.83061903609218,0.0,0.587755102040816,0,1,0.0,0,0,59.520000192000005,0.0,455.6948825559896,0,0.0,0.0,1.0,0.7120232539937337,0.0,0.0,0.0625
fixed_forager,123,4,2.55351295663786e-14,28.799999999999997,0,28.605976370084893,0.0,0.587755102040816,0,1,0.0,0,0,59.520000192000005,0.0,454.91310382403367,0,0.0,0.0,1.0,0.7108017247250527,0.0,0.0,0.0625
fixed_forager,124,4,4.951594689828198e-14,28.799999999999997,0,29.02171689722315,0.0,0.587755102040816,0,1,0.0,0,0,59.520000192000005,0.0,454.547065619216,0,0.0,0.0,1.0,0.7102297900300251,0.0,0.0,0.0625
fixed_forager,125,4,6.994405055138486e-14,28.799999999999997,0,29.31329844360299,0.0,0.587755102040816,0,1,0.0,0,0,59.520000192000005,0.0,454.47260896077825,0,0.0,0.0,1.0,0.710113451501216,0.0,0.0,0.0625
fixed_forager,126,4,5.218048215738236e-14,28.799999999999997,0,28.93688656674634,0.0,0.587755102040816,0,1,0.0,0,0,59.520000192000005,0.0,454.0217404254838,0,0.0,0.0,1.0,0.7094089694148185,0.0,0.0,0.0625
fixed_forager,127,4,3.7969627442180354e-14,28.799999999999997,0,29.07692695847601,0.0,0.587755102040816,0,1,0.0,0,0,59.520000192000005,0.0,453.71091228191904,0,0.0,0.0,1.0,0.7089233004404984,0.0,0.0,0.0625
fixed_forager,128,4,1.1324274851176597e-14,28.799999999999997,0,28.973905113585207,0.0,0.587755102040816,0,1,0.0,0,0,59.520000192000005,0.0,453.29706229346345,0,0.0,0.0,1.0,0.7082766598335366,0.0,0.0,0.0625
fixed_forager,129,4,4.773959005888173e-14,28.799999999999997,0,29.027037205761296,0.0,0.587755102040816,0,1,0.0,0,0,59.520000192000005,0.0,452.936344397184,0,0.0,0.0,1.0,0.7077130381205999,0.0,0.0,0.0625
fixed_forager,130,4,5.484501741648273e-14,28.799999999999997,0,29.031852586099745,0.0,0.587755102040816,0,1,0.0,0,0,59.520000192000005,0.0,452.5804418812429,0,0.0,0.0,1.0,0.707156940439442,0.0,0.0,0.0625
fixed_forager,131,4,1.84297022087776e-14,28.799999999999997,0,29.02970859750347,0.0,0.587755102040816,0,1,0.0,0,0,59.520000192000005,0.0,452.2223953767056,0,0.0,0.0,1.0,0.7065974927761025,0.0,0.0,0.0625
fixed_forager,132,4,6.461498003318411e-14,28.799999999999997,0,28.807012426872497,0.0,0.587755102040816,0,1,0.0,0,0,59.520000192000005,0.0,451.64165270153734,0,0.0,0.0,1.0,0.705690082346152,0.0,0.0,0.0625
fixed_forager,133,4,1.9317880628477724e-14,28.799999999999997,0,28.750865331860545,0.0,0.587755102040816,0,1,0.0,0,0,59.520000192000005,0.0,451.0047629313571,0,0.0,0.0,1.0,0.7046949420802455,0.0,0.0,0.0625
fixed_forager,134,4,4.5075054799781356e-14,28.799999999999997,0,29.27874893435698,0.0,0.587755102040816,0,1,0.0,0,0,59.520000192000005,0.0,450.89575676367326,0,0.0,0.0,1.0,0.7045246199432394,0.0,0.0,0.0625
fixed_forager,135,4,5.928590951498336e-14,28.799999999999997,0,28.798370140597935,0.0,0.587755102040816,0,1,0.0,0,0,59.520000192000005,0.0,450.30637180223044,0,0.0,0.0,1.0,0.7036037059409851,0.0,0.0,0.0625
fixed_forager,136,4,2.020605904817785e-14,28.799999999999997,0,29.016790028643335,0.0,0.587755102040816,0,1,0.0,0,0,59.520000192000005,0.0,449.93540672883296,0,0.0,0.0,1.0,0.7030240730138015,0.0,0.0,0.0625
fixed_forager,137,4,3.6193270602780103e-14,28.799999999999997,0,28.596757771640362,0.0,0.587755102040816,0,1,0.0,0,0,59.520000192000005,0.0,449.1444093984326,0,0.0,0.0,1.0,0.7017881396850509,0.0,0.0,0.0625
fixed_forager,138,4,3.885780586188048e-14,28.799999999999997,0,29.0354674285521,0.0,0.587755102040816,0,1,0.0,0,0,59.520000192000005,0.0,448.79212172494385,0,0.0,0.0,1.0,0.7012376901952247,0.0,0.0,0.0625
fixed_forager,139,4,7.771561172376096e-15,28.799999999999997,0,28.314246145605544,0.0,0.587755102040816,0,1,0.0,0,0,59.520000192000005,0.0,447.7186127685086,0,0.0,0.0,1.0,0.6995603324507946,0.0,0.0,0.0625
fixed_forager,140,4,3.885780586188048e-14,28.799999999999997,0,28.96881871231054,0.0,0.587755102040816,0,1,0.0,0,0,59.520000192000005,0.0,447.2996763787784,0,0.0,0.0,1.0,0.6989057443418412,0.0,0.0,0.0625
fixed_forager,141,4,2.2870594307278225e-14,28.799999999999997,0,29.25712407806379,0.0,0.587755102040816,0,1,0.0,0,0,59.520000192000005,0.0,447.16904535480137,0,0.0,0.0,1.0,0.6987016333668772,0.0,0.0,0.0625
fixed_forager,142,4,3.086420008457935e-14,28.799999999999997,0,29.015928538329245,0.0,0.587755102040816,0,1,0.0,0,0,59.520000192000005,0.0,446.79721879108985,0,0.0,0.0,1.0,0.6981206543610778,0.0,0.0,0.0625
fixed_forager,143,4,2.2870594307278225e-14,28.799999999999997,0,28.8872363578646,0.0,0.587755102040816,0,1,0.0,0,0,59.520000192000005,0.0,446.29670004691366,0,0.0,0.0,1.0,0.6973385938233025,0.0,0.0,0.0625
fixed_forager,144,4,3.352873534367973e-14,28.799999999999997,0,28.70859914247408,0.0,0.587755102040816,0,1,0.0,0,0,59.520000192000005,0.0,445.61754408734697,0,0.0,0.0,1.0,0.6962774126364797,0.0,0.0,0.0625
fixed_forager,145,4,6.8833827526759706e-15,28.799999999999997,0,28.894652363179297,0.0,0.587755102040816,0,1,0.0,0,0,59.520000192000005,0.0,445.12444134848545,0,0.0,0.0,1.0,0.6955069396070085,0.0,0.0,0.0625
fixed_forager,146,4,2.4646951146678475e-14,28.799999999999997,0,28.573622254284846,0.0,0.587755102040816,0,1,0.0,0,0,59.520000192000005,0.0,444.3103085007295,0,0.0,0.0,1.0,0.6942348570323899,0.0,0.0,0.0625
fixed_forager,147,4,4.1522341120980855e-14,28.799999999999997,0,28.689460561573824,0.0,0.587755102040816,0,1,0.0,0,0,59.520000192000005,0.0,443.6120139602626,0,0.0,0.0,1.0,0.6931437718129103,0.0,0.0,0.0625
fixed_forager,148,4,3.086420008457935e-14,28.799999999999997,0,28.622754002782795,0.0,0.587755102040816,0,1,0.0,0,0,59.520000192000005,0.0,442.8470128610046,0,0.0,0.0,1.0,0.6919484575953196,0.0,0.0,0.0625
fixed_forager,149,4,4.3298697960381105e-14,28.799999999999997,0,28.49720953230569,0.0,0.587755102040816,0,1,0.0,0,0,59.520000192000005,0.0,441.9564672912695,0,0.0,0.0,1.0,0.6905569801426086,0.0,0.0,0.0625
fixed_forager,150,4,1.0436096431476471e-14,28.799999999999997,0,28.732764069610187,0.0,0.587755102040816,0,1,0.0,0,0,59.520000192000005,0.0,441.3014762588389,0,0.0,0.0,1.0,0.6895335566544357,0.0,0.0,0.0625
fixed_forager,151,4,2.90878432451791e-14,28.799999999999997,0,28.765285249946558,0.0,0.587755102040816,0,1,0.0,0,0,59.520000192000005,0.0,440.67900640674463,0,0.0,0.0,1.0,0.6885609475105385,0.0,0.0,0.0625
fixed_forager,152,4,2.4646951146678475e-14,28.799999999999997,0,28.334368473818547,0.0,0.587755102040816,0,1,0.0,0,0,59.520000192000005,0.0,439.6256197785224,0,0.0,0.0,1.0,0.6869150309039412,0.0,0.0,0.0625
fixed_forager,153,4,1.5765166949677223e-14,28.799999999999997,0,28.674597600271312,0.0,0.587755102040816,0,1,0.0,0,0,59.520000192000005,0.0,438.91246227675293,0,0.0,0.0,1.0,0.6858007223074265,0.0,0.0,0.0625
fixed_forager,154,4,3.441691376337985e-14,28.799999999999997,0,28.358225634984997,0.0,0.587755102040816,0,1,0.0,0,0,59.520000192000005,0.0,437.88293280969714,0,0.0,0.0,1.0,0.6841920825151517,0.0,0.0,0.0625
fixed_forager,155,4,1.3988810110276972e-14,28.799999999999997,0,28.568987546696448,0.0,0.587755102040816,0,1,0.0,0,0,59.520000192000005,0.0,437.0641652543528,0,0.0,0.0,1.0,0.6829127582099263,0.0,0.0,0.0625
fixed_forager,156,4,2.9976021664879227e-14,28.799999999999997,0,28.454717516244813,0.0,0.587755102040816,0,1,0.0,0,0,59.520000192000005,0.0,436.1311276685568,0,0.0,0.0,1.0,0.68145488698212,0.0,0.0,0.0625
fixed_forager,157,4,1.84297022087776e-14,28.799999999999997,0,28.433142372010064,0.0,0.587755102040816,0,1,0.0,0,0,59.520000192000005,0.0,435.1765149385261,0,0.0,0.0,1.0,0.679963304591447,0.0,0.0,0.0625
fixed_forager,158,4,3.175237850427948e-14,28.799999999999997,0,27.938139374344583,0.0,0.587755102040816,0,1,0.0,0,0,59.520000192000005,0.0,433.72689921082986,0,0.0,0.0,1.0,0.6776982800169217,0.0,0.0,0.0625
fixed_forager,159,4,3.6193270602780103e-14,28.799999999999997,0,28.333431293366537,0.0,0.587755102040816,0,1,0.0,0,0,59.520000192000005,0.0,432.67257540215564,0,0.0,0.0,1.0,0.6760508990658682,0.0,0.0,0.0625
fixed_forager,160,4,2.55351295663786e-14,28.799999999999997,0,28.10668659099122,0.0,0.587755102040816,0,1,0.0,0,0,59.520000192000005,0.0,431.3915068911061,0,0.0,0.0,1.0,0.6740492295173532,0.0,0.0,0.0625
fixed_forager,161,4,2.1094237467877974e-14,28.799999999999997,0,28.030717645067874,0.0,0.587755102040816,0,1,0.0,0,0,59.520000192000005,0.0,430.03446943413314,0,0.0,0.0,1.0,0.6719288584908331,0.0,0.0,0.0625
fixed_forager,162,4,1.84297022087776e-14,28.799999999999997,0,27.984839652649722,0.0,0.587755102040816,0,1,0.0,0,0,59.520000192000005,0.0,428.6315539847421,0,0.0,0.0,1.0,0.6697368031011595,0.0,0.0,0.0625
fixed_forager,163,4,2.9976021664879227e-14,28.799999999999997,0,27.561667036206245,0.0,0.587755102040816,0,1,0.0,0,0,59.520000192000005,0.0,426.80546591890754,0,0.0,0.0,1.0,0.666883540498293,0.0,0.0,0.0625
fixed_forager,164,4,2.19824158875781e-14,28.799999999999997,0.25,27.348150250188006,0.0,0.587755102040816,0,1,0.0,0,0,59.520000192000005,0.0,424.76586106705474,0,0.0,0.0,1.0,0.6636966579172731,0.0,0.0,0.0625
fixed_forager,165,4,1.9262369477246466e-14,28.799999999999997,0.25,27.121092139949667,0.0,0.5755102040816324,0,1,0.01,0.5,0.5,58.910000192000005,0.0,423.1114430029228,0,0.0011019595791795047,0.0,1.0,0.6611116296920668,0.020833333333333332,0.0,0.0625
fixed_forager,166,4,4.901634653720066e-14,28.799999999999997,0.25,27.19975864647513,0.0,0.5896152866951301,0,1,0.01,0.5,0,58.99114924006139,0.0,420.8304373146415,0,0.0,0.0,1.0,0.6575475583041273,0.0,0.0,0.0625
fixed_forager,167,4,2.6367796834847468e-14,28.799999999999997,0.5,26.98785220039722,0.0,0.5755102040816324,0,1,0.01,0.5,0.5,58.38114924006139,0.0,419.0427793109571,0,1.7547750170393178e-05,0.0,1.0,0.6547543426733704,0.020833333333333332,0.0,0.0625
fixed_forager,168,4,5.412337245047638e-15,28.262154996968253,0.5,26.583407115096932,0.0,0.5757348152838134,0.25,1,0.01,0.5,0.25,58.32000019200001,0.5378450030317441,416.83944566186335,0,0.0,0.0,0.9813248262836199,0.6513116338466615,0.010416666666666666,0.010416666666666666,0.0625
fixed_forager,169,4,1.9817480989559044e-14,28.499999999999996,0.5,26.719313276081973,0.0,0.5817346938775507,0.25,1.0104166666666667,0.02,1,0.75,58.30500019200001,0.3,414.4720242440678,0,0.0008778711780862054,0.0,0.9895833333333333,0.647612537881356,0.03125,0.010416666666666666,0.06315104166666667
fixed_forager,170,4,2.836619827917275e-14,28.499999999999996,0.5,26.62842409655356,0.0,0.5804049124750335,0.25,1.0104166666666667,0.015,0.75,0.25,58.22984090327666,0.3,412.0802027168697,0,2.9405189014411707e-05,0.0,0.9895833333333333,0.6438753167451089,0.010416666666666666,0.010416666666666666,0.06315104166666667
fixed_forager,171,4,1.5265566588595902e-15,28.70984071127665,0.75,26.10095189845471,0.0,0.5880612244897957,0.5,1.0208333333333333,0.015,0.75,0.5,58.32000019200001,0.090159288723345,408.7780933908346,0,6.119679960565999e-05,0.0,0.9968694691415505,0.6387157709231791,0.020833333333333332,0.020833333333333332,0.06380208333333333
fixed_forager,172,4,3.608224830031759e-14,28.20074562435787,1,25.892130299659456,0.0,0.5757295025379155,0,1.0208333333333333,0.01,0.5,0,58.32000019200001,0.5992543756421249,405.8837485635983,0,6.250785808847459e-05,0.0,0.9791925564013151,0.6341933571306224,0.0,0.0,0.06380208333333333
fixed_forager,173,4,2.8976820942716586e-14,28.199999999999996,1,25.364161416234367,0.0,0.5632653061224487,0.5,1.0208333333333333,0.02,1,1,57.700000192000005,0.6,403.0846446737103,0,0.0007336773733561457,0.0,0.9791666666666666,0.6298197573026723,0.041666666666666664,0.020833333333333332,0.06380208333333333
fixed_forager,174,4,-1.6708856520608606e-14,28.199999999999996,1.25,25.218627575974608,0.0,0.5591063716162146,0.5,1.0208333333333333,0.03,1.5,1,56.86621240119453,0.6,400.34795366887414,0,0.000755333017034016,0.0,0.9791666666666666,0.6255436776076159,0.041666666666666664,0.020833333333333332,0.06380208333333333
fixed_forager,175,4,8.382183835919932e-15,28.56621220919452,1.5,25.584795679813126,0.0,0.5961993757706885,0.5,1.0416666666666665,0.03,1.5,0.5,57.48376960476375,0.23378779080547735,396.1227805601528,0,0.00021040461164590523,0.0,0.9918823683748099,0.6189418446252388,0.020833333333333332,0.020833333333333332,0.06510416666666666
fixed_forager,176,4,3.649858193455202e-14,27.959969647010663,1.5,25.186457415071427,0.0,0.5512489843723859,0.75,1.0416666666666665,0.03,1.5,1.25,56.505000192000004,0.840030352989334,393.746788756605,0,0.0008509838098099192,0.0,0.9708322794100925,0.6152293574321953,0.052083333333333336,0.03125,0.06510416666666666
fixed_forager,177,4,8.104628079763643e-15,27.90581338144073,1.5,25.077128178729467,0.0,0.5650045881234044,0.5,1.0520833333333333,0.04,2,1,56.2444116286061,0.8941866185592657,390.57368752916426,0,0.000535709360152972,0.0,0.9689518535222477,0.6102713867643191,0.041666666666666664,0.020833333333333332,0.06575520833333333
fixed_forager,178,4,4.035660694512444e-14,27.93441143660609,1.5,25.148123225026627,0.0,0.5658650102765566,1,1.0625,0.035,1.75,1,56.00238569555129,0.8655885633939058,387.4285602403631,0,0.0004841114813273836,0.0,0.9699448415488227,0.6053571253755673,0.041666666666666664,0.041666666666666664,0.06640625
fixed_forager,179,4,1.992850329202156e-14,27.393289022418408,1.5,24.840367360434733,0.0,0.5699163983442268,1,1.0729166666666667,0.03,1.5,1,56.505000192000004,1.40671097758159,383.7731076835865,0,0.0006353276503045161,0.0,0.9511558688339726,0.5996454807556039,0.041666666666666664,0.041666666666666664,0.06705729166666667
fixed_forager,180,4,7.494005416219807e-15,27.906103892540493,1.75,25.19485319118504,0.0,0.5946143651538873,0.5,1.09375,0.025,1.25,0.5,57.710000192,0.8938961074595055,379.23724261707713,0,0.0008036939307965142,0.0,0.9689619407132116,0.592558191589183,0.020833333333333332,0.020833333333333332,0.068359375
fixed_forager,181,4,2.2648549702353193e-14,28.199999999999996,2,25.25527681220951,0.0,0.5879591836734691,0.5,1.1041666666666665,0.015,0.75,0.5,58.30500019200001,0.6,375.0945602456132,0,0.001052996468474974,0.0,0.9791666666666666,0.5860852503837706,0.020833333333333332,0.020833333333333332,0.06901041666666666
fixed_forager,182,4,1.915134717478395e-14,28.499999999999996,2,25.13212006062151,0.0,0.5696938775510202,0.25,1.1145833333333333,0.030000000000000002,1.5,1.25,57.69000019200001,0.3,371.74198642868373,0,0.0028457070505767184,0.0,0.9895833333333333,0.5808468537948184,0.052083333333333336,0.010416666666666666,0.06966145833333333
fixed_forager,183,4,4.068967385251199e-14,28.799999999999997,2,25.24949743543928,0.0,0.5949932570249976,0,1.125,0.025,1.25,0,58.019669786224895,0.0,367.2418210128732,0,0.0016886353873688887,0.0,1.0,0.5738153453326144,0.0,0.0,0.0703125
fixed_forager,184,4,-1.1032841307212493e-14,28.479669594224895,2,25.030390090946547,0.0,0.5632653061224487,1,1.125,0.02,1,1,57.120000192000006,0.320330405775105,364.10894579769723,0,0.002150469002678884,0.0,0.9888774164661422,0.568920227808902,0.041666666666666664,0.041666666666666664,0.0703125
fixed_forager,185,4,4.783673457353643e-14,27.605422596207156,2,24.568825719292644,0.0,0.5636820938001458,0.25,1.125,0.02,1,0.25,57.115000192000004,1.1945774037928434,360.49366682698263,0,0.002678119514139854,0.0,0.9585216179238597,0.5632713544171604,0.010416666666666666,0.010416666666666666,0.0703125
fixed_forager,186,4,2.2593038551121936e-14,27.9,2,24.683186476507373,0.0,0.5818367346938773,0.75,1.1354166666666667,0.02,1,0.75,57.70500019200001,0.8999999999999999,356.08501656879616,0,0.0033934498704277986,0.0,0.96875,0.556382838388744,0.03125,0.03125,0.07096354166666667
fixed_forager,187,4,-1.111610803405938e-14,27.9,2.25,24.580425693347806,0.0,0.551020408163265,0.75,1.1354166666666667,0.03,1.5,1.5,56.77500019200001,0.8999999999999999,353.1144218539807,0,0.005196629467995949,0.0,0.96875,0.5517412841468448,0.0625,0.03125,0.07096354166666667
fixed_forager,188,4,2.942091015256665e-14,28.642397418003323,2.25,24.216736222908608,0.0,0.6010434516349136,0,1.1666666666666667,0.03,1.5,0,57.55373190410746,0.15760258199667465,347.2789854951436,0,0.005217708992492304,0.0,0.9945276881251155,0.5426234148361619,0.0,0.0,0.07291666666666667
fixed_forager,189,4,3.2432390106862385e-14,28.018731712107453,2.75,24.053582087946474,0.0,0.551020408163265,1,1.1666666666666667,0.03,1.5,1.5,56.505000192000004,0.7812682878925459,343.78154717492686,0,0.00713816841199197,0.0,0.9728726288926199,0.5371586674608232,0.0625,0.041666666666666664,0.07291666666666667
fixed_forager,190,4,1.4016565685892601e-14,27.60587292806349,2.5,23.880461667562333,0.0,0.5615510415181175,0.75,1.1666666666666667,0.03,1.5,0.75,56.38512829832428,1.194127071936505,339.58445676658334,0,0.007724507501949285,0.0,0.9585372544466491,0.5306007136977865,0.03125,0.03125,0.07291666666666667
fixed_forager,191,4,2.0233814623793478e-14,28.112116987288374,2.75,23.10878078307866,0.0,0.5647344669584506,0.75,1.1666666666666667,0.05,2.5,1.75,55.895000192000005,0.6878830127116262,334.4565142017395,0,0.006315918870088165,0.0,0.9761151731697353,0.5225883034402179,0.07291666666666667,0.03125,0.07291666666666667
fixed_forager,192,4,1.0116907311896739e-14,27.605350648223457,2.75,22.758713589133286,0.0,0.5450409455426622,0.75,1.1666666666666667,0.05,2.5,1.25,54.94665587536701,1.1946493517765424,329.96318051373964,0,0.007225170943382931,0.0,0.9585191197299813,0.5155674695527181,0.052083333333333336,0.03125,0.07291666666666667
fixed_forager,193,4,7.216449660063518e-15,27.816655683367003,3.5,22.70717556959534,0.0,0.5602039620547979,2,1.1875,0.05,2.5,2,54.52999433268512,0.9833443166329939,324.6601579805951,0,0.007492189373733128,0.0,0.9658561001169099,0.5072814968446798,0.08333333333333333,0.08333333333333333,0.07421875
fixed_forager,194,4,4.0620284913472915e-14,27.023309033574552,3.25,22.204928386621468,0.0,0.5460879394607049,0.75,1.2083333333333335,0.065,3.25,2,54.19999433268512,1.776690966425447,319.56068939418134,0,0.010250175237272202,0.0,0.9383093414435609,0.49931357717840835,0.08333333333333333,0.03125,0.07552083333333334
fixed_forager,195,4,-8.326672684688674e-16,27.71499414068511,3.5,21.900423500098803,0.0,0.568309850680569,1,1.2395833333333335,0.075,3.75,2,54.2571828753479,1.0850058593148868,313.0456203602517,0,0.012020182649413068,0.0,0.9623261854404553,0.48913378181289324,0.08333333333333333,0.041666666666666664,0.07747395833333334
fixed_forager,196,4,1.8235413179468196e-14,27.15835237219751,3.5,21.876992994486315,0.0,0.49091895343188463,1.75,1.2395833333333335,0.09,4.5,3.25,51.06385922131275,1.6416476278024892,310.37666568314376,0,0.014386297709533898,0.0,0.9429983462568581,0.4849635401299121,0.13541666666666666,0.07291666666666667,0.07747395833333334
fixed_forager,197,4,-5.898059818321144e-15,26.421845066291382,3.75,21.801003536113225,0.0,0.5318727090039214,2.25,1.2604166666666667,0.09,4.5,2.25,50.61377689621352,2.3781549337086165,305.5840337690609,0,0.015670830823507,0.0,0.9174251759128953,0.4774750527641577,0.09375,0.09375,0.07877604166666667
fixed_forager,198,4,1.6042722705833512e-14,25.311149606183868,3.25,21.612527123132583,0.0,0.49739536534633344,2.25,1.2604166666666667,0.095,4.75,3,49.58000019200001,3.4888503938161315,302.3267926248768,0,0.01478843171440204,0.0,0.8788593613258289,0.47238561347637004,0.125,0.09375,0.07877604166666667
fixed_forager,199,4,1.9262369477246466e-14,24.612300619819102,4.25,21.44342642079021,0.0,0.5045035586815074,2.75,1.2708333333333335,0.09,4.5,2.75,49.59837394757477,4.187699380180896,298.5450411115917,0,0.0165143375174983,0.0,0.8545937715214967,0.46647662673686197,0.11458333333333333,0.11458333333333333,0.07942708333333334
fixed_forager,200,4,1.4460654895742664e-14,24.950274132337157,4.75,21.037841796478684,0.0,0.5263167962969587,2.75,1.2916666666666667,0.09,4.5,3.25,50.3476228337886,3.8497258676628405,293.26704309322247,0,0.017931420177357986,0.0,0.8663289629283736,0.4582297548331601,0.13541666666666666,0.11458333333333333,0.08072916666666667
fixed_forager,201,4,4.7878367936959876e-15,25.505940945898352,4.75,21.335093269768894,0.0,0.5126825420608685,1.5,1.3229166666666667,0.12,6,3.5,49.843126448872816,3.2940590541016443,288.9680092599479,0,0.019946391376291644,0.0,0.8856229495103596,0.4515125144686686,0.14583333333333334,0.0625,0.08268229166666667
fixed_forager,202,4,1.111610803405938e-14,26.296545441109803,5,20.868611695546377,0.0,0.5181431512367817,2,1.3333333333333335,0.1,5,2.75,48.83559541836532,2.5034545588901946,283.9294633936552,0,0.01815149391875514,0.0,0.9130744944829794,0.4436397865525863,0.11458333333333333,0.08333333333333333,0.08333333333333334
fixed_forager,203,4,2.876865412559937e-14,23.88778130078759,5,20.932098032582182,0.0,0.461187113213816,2.75,1.3333333333333335,0.095,4.75,3.25,47.450982665054724,4.912218699212409,281.8022057655466,0,0.020866027076335402,0.0,0.8294368507217914,0.44031594650866657,0.13541666666666666,0.11458333333333333,0.08333333333333334
fixed_forager,204,4,1.5681900222830336e-14,23.69404106225354,5,20.618369526445857,0.0,0.49756587392667617,2.5,1.3645833333333333,0.09,4.5,2.5,48.047669425208326,5.1059589377464585,277.54228159565866,0,0.023066201175760886,0.0,0.8227097591060257,0.43365981499321665,0.10416666666666667,0.10416666666666667,0.08528645833333333
fixed_forager,205,4,2.0997092953223273e-14,24.599999999999998,5.25,20.794344241184003,0.0,0.5643864940548837,2.75,1.4166666666666665,0.08,4,2.75,51.022607633897636,4.199999999999999,270.1173011340985,0,0.025632635539966246,0.0,0.8541666666666666,0.4220582830220289,0.11458333333333333,0.11458333333333333,0.08854166666666666
fixed_forager,206,4,2.0539125955565396e-14,24.96090315607716,5.5,20.600267775056004,0.0,0.511164131579805,2,1.4270833333333333,0.075,3.75,2.5,51.03374692523093,3.839096843922839,265.15936233016424,0,0.028831039648503014,0.0,0.8666980262526792,0.41431150364088165,0.10416666666666667,0.08333333333333333,0.08919270833333333
fixed_forager,207,4,3.70536934468646e-15,25.539336125130575,5.5,20.25577166154029,0.0,0.5164786981585346,1.5,1.46875,0.095,4.75,2.75,50.70686700986856,3.2606638748694214,259.59119908377784,0,0.030345247695025356,0.0,0.8867825043448118,0.40561124856840286,0.11458333333333333,0.0625,0.091796875
fixed_forager,208,4,2.1094237467877974e-15,25.48109173351399,5.75,19.838503891070026,0.0,0.47055264246521683,2.25,1.46875,0.09,4.5,2.75,48.19285475715021,3.3189082664860106,255.902070851587,0,0.033804863178044264,0.0,0.8847601296359024,0.39984698570560473,0.11458333333333333,0.09375,0.091796875
fixed_forager,209,4,1.4530043834781736e-14,23.838804779932616,5.5,19.946534317264284,0.0,0.45235449108569786,2,1.4895833333333333,0.105,5.25,3,46.41442004041679,4.961195220067381,253.2308806145664,0,0.03718495080923784,0.0,0.8277362770809937,0.39567325096025996,0.125,0.08333333333333333,0.09309895833333333
fixed_forager,210,4,1.965094753586527e-14,23.26993820587246,5.75,19.301758162263365,0.0,0.4776046458137102,3.5,1.5104166666666667,0.1,5,3.5,46.44710947941614,5.530061794127537,248.65240648614426,0,0.03904843631054094,0.0,0.8079839654816827,0.3885193851346004,0.14583333333333334,0.14583333333333334,0.09440104166666667
fixed_forager,211,4,3.12944115066216e-14,23.390167536232482,5.75,19.66417775100204,0.0,0.45598616435185507,2.25,1.5104166666666667,0.11,5.5,3,45.290263996424564,5.409832463767516,245.51727601955355,0,0.027793157314581908,0.0,0.8121585950080724,0.38362074378055244,0.125,0.09375,0.09440104166666667
fixed_forager,212,4,3.2585045772748344e-14,22.848752472956264,5.25,18.953478602161294,0.0,0.4759813659740519,3.25,1.53125,0.11499999999999999,5.75,3.75,45.649598456196856,5.951247527043733,240.67168632301227,0,0.030126158788008735,0.0,0.793359460866537,0.37604950987970664,0.15625,0.13541666666666666,0.095703125
fixed_forager,213,4,6.480926906249351e-15,23.172612607576802,5.75,19.0112332438993,0.0,0.4752735511446777,3.75,1.5416666666666667,0.11,5.5,3.75,45.65538985470926,5.627387392423197,235.9192420096777,0,0.031443160959042586,0.0,0.8046046044297501,0.3686238156401214,0.15625,0.15625,0.09635416666666667
fixed_forager,214,4,2.1760371282653068e-14,22.10631727414151,6.25,18.20062836967675,0.0,0.4456897047434083,2.75,1.5520833333333333,0.10500000000000001,5.25,3,45.28286811299477,6.69368272585849,231.83538514218404,0,0.035174390657756,0.0,0.7675804609076914,0.3622427892846626,0.125,0.11458333333333333,0.09700520833333333
fixed_forager,215,4,2.8282931552325863e-14,22.503583195773338,7,17.748959635025507,0.0,0.44311288450933717,2,1.5625,0.115,5.75,3.5,44.37681625817896,6.296416804226661,227.4287005517427,0,0.03557739437098789,0.0,0.7813744165199077,0.355357344612098,0.14583333333333334,0.08333333333333333,0.09765625
fixed_forager,216,4,1.3378187446733136e-14,22.814226682170055,6.75,17.942137528869033,0.0,0.4153402148705833,2.5,1.5833333333333333,0.14,7,4.5,41.77426010466749,5.985773317829943,224.60382733708258,0,0.041013461261015655,0.0,0.7921606486864603,0.3509434802141915,0.1875,0.10416666666666667,0.09895833333333333
fixed_forager,217,4,-7.049916206369744e-15,22.29333979027311,6.75,17.650828112757043,0.0,0.4550774698390165,3.5,1.6145833333333335,0.14,7,4,41.6397163365062,6.506660209726888,219.5007819578888,0,0.02779412261673699,0.0,0.7740742982733719,0.34296997180920125,0.16666666666666666,0.14583333333333334,0.10091145833333334
fixed_forager,218,4,1.441902153231922e-14,21.213520816213723,7,17.248181853474335,0.0,0.3943148703020092,5,1.6354166666666665,0.155,7.75,5.5,39.59262416509093,7.586479183786276,217.03322029626267,0,0.03216021643862023,0.0,0.7365805838963099,0.33911440671291043,0.22916666666666666,0.20833333333333334,0.10221354166666666
fixed_forager,219,4,2.4868995751603507e-14,20.55161287110568,7.5,16.91442600993023,0.0,0.42679130279462635,4.25,1.6666666666666667,0.16999999999999998,8.5,5.5,39.783785130921956,8.248387128894318,212.6080811664616,0,0.03351968624702567,0.0,0.713597669135614,0.33220012682259625,0.22916666666666666,0.17708333333333334,0.10416666666666667
fixed_forager,220,4,1.3461454173580023e-14,21.695911681380267,7.25,16.756931473320744,0.0,0.46671870380067865,4,1.6770833333333333,0.16,8,4.5,40.79708993577495,7.10408831861973,206.02907744974843,0,0.016186966422724405,0.0,0.7533302667145927,0.3219204335152319,0.1875,0.16666666666666666,0.10481770833333333
fixed_forager,221,4,3.207156762385921e-14,21.057693419424805,7.75,16.70306418699928,0.0,0.4572989239634927,5.25,1.7083333333333335,0.165,8.25,5.75,41.98204379056129,7.742306580575194,199.86719543857308,0,0.016429733334424622,0.0,0.7311699103966947,0.31229249287277044,0.23958333333333334,0.21875,0.10677083333333334
fixed_forager,222,4,1.692396223162973e-14,21.15943191553551,8,15.804554512140196,0.0,0.4083637197271204,4.5,1.7395833333333333,0.18,9,6.25,40.65243414165469,7.64056808446449,195.25356396435726,0,0.01911191201450258,0.0,0.7347024970672053,0.3050836936943082,0.2604166666666667,0.1875,0.10872395833333333
fixed_forager,223,4,1.3079815008865125e-14,21.155754117569764,8.25,15.519979365446927,0.0,0.4095265241235926,3.5,1.75,0.17500000000000002,8.75,4,39.38847970614097,7.644245882430235,190.29721712362456,0,0.01839036658974607,0.0,0.7345747957489502,0.29733940175566337,0.16666666666666666,0.14583333333333334,0.109375
fixed_forager,224,4,2.4098778528269804e-14,19.96926656543287,8.5,15.415462851285943,0.0,0.3648862253236416,6.25,1.7604166666666665,0.18,9,7.25,37.118638181566546,8.830733434567128,187.46836870872843,0,0.021207491935340484,0.0,0.6933773112997526,0.2929193261073882,0.3020833333333333,0.2604166666666667,0.11002604166666666
fixed_forager,225,4,1.1220191442617988e-14,18.661533057301984,8.5,15.491798525321068,0.0,0.38806962942114004,4.75,1.78125,0.165,8.25,4.75,37.307516965900426,10.138466942698013,183.5566857629925,0,0.021402263132183262,0.0,0.6479698978229856,0.28680732150467575,0.19791666666666666,0.19791666666666666,0.111328125
fixed_forager,226,4,1.416922135177856e-14,19.879788512740415,8.75,15.017489057812368,0.0,0.44228739624811597,3.75,1.8020833333333333,0.165,8.25,4.25,38.9348108693177,8.920211487259584,176.45980500839906,0,0.004002662659855469,0.0,0.6902704344701533,0.2757184453256235,0.17708333333333334,0.15625,0.11263020833333333
fixed_forager,227,4,3.645000967722467e-14,19.21871855655007,8.75,15.274108614375264,0.0,0.3778604652702086,5.25,1.8125,0.15,7.5,6,38.08125511100786,9.58128144344993,172.8408903592639,0,0.005898652037437205,0.0,0.6673166165468775,0.2700638911863499,0.25,0.21875,0.11328125
fixed_forager,228,4,3.2057689836051395e-15,20.262231843033653,9,14.65560644585579,0.0,0.44033858041184537,3.75,1.8541666666666667,0.15,7.5,4.25,39.24561370815464,8.537768156966347,165.47956778452743,0,0.0023798127201812612,0.0,0.703549716772002,0.2585618246633241,0.17708333333333334,0.15625,0.11588541666666667
fixed_forager,229,4,1.8596235662471372e-14,19.8270277671114,9.25,14.077719942081306,0.0,0.3683586254113909,3.75,1.875,0.14,7,4.25,37.328158586201404,8.9729722328886,161.1393564560392,0,0.002535499417901713,0.0,0.6884384641358126,0.25178024446256125,0.17708333333333334,0.15625,0.1171875
fixed_forager,230,4,1.7937040741600185e-14,19.067209068538833,9.5,14.205792054392456,0.0,0.4121203890540019,5.5,1.9166666666666665,0.165,8.25,6.5,38.289848581308675,9.732790931461167,154.7391290577316,0,0.004786351381506045,0.0,0.6620558704353762,0.2417798891527056,0.2708333333333333,0.22916666666666666,0.11979166666666666
fixed_forager,231,4,8.257283745649602e-15,19.009172090912834,9.75,14.269576128845848,0.0,0.3719509473309039,3.5,1.9270833333333333,0.16,8,4,37.346272909610136,9.790827909087163,150.41115782003223,0,0.004958310393266418,0.0,0.6600406976011401,0.23501743409380035,0.16666666666666666,0.14583333333333334,0.12044270833333333
fixed_forager,232,4,9.027500968983304e-15,19.241138303162536,10,13.82785474786063,0.0,0.37385094322243057,4.25,1.9479166666666667,0.165,8.25,5,36.25883082434671,9.558861696837464,145.54646540677135,0,0.005518811793243991,0.0,0.6680950799709214,0.22741635219808023,0.20833333333333334,0.17708333333333334,0.12174479166666667
fixed_forager,233,4,1.2059797604990763e-14,18.60493436192774,10,13.198950205606575,0.0,0.34537851509094897,7.25,1.9583333333333333,0.2,10,8,34.37744370187548,10.195065638072261,141.47648985783047,0,0.00486296757701164,0.0,0.6460046653447132,0.2210570154028601,0.3333333333333333,0.3020833333333333,0.12239583333333333
fixed_forager,234,4,1.2444906216657614e-14,17.363729529716966,10,12.819065918641098,0.0,0.31277508926099556,6,1.9583333333333333,0.215,10.75,6.75,32.1246935459473,11.436270470283034,138.6568013134218,0,0.006130600107833969,0.0,0.6029072753373947,0.21665125205222155,0.28125,0.25,0.12239583333333333
fixed_forager,235,4,1.7888468484272835e-14,16.376799394639928,10,12.674400206507377,0.0,0.3560057540279789,5.5,1.9895833333333333,0.21000000000000002,10.5,5.5,32.982176098678345,12.42320060536007,133.53091381853022,0,0.00605564447575571,0.0,0.568638867869442,0.20864205284145348,0.22916666666666666,0.22916666666666666,0.12434895833333333
fixed_forager,236,4,6.3525573690270676e-15,16.31973705947123,10.25,12.418400422790588,0.0,0.3342708321367434,7.5,2.0208333333333335,0.19,9.5,7.5,32.85170981390755,12.480262940528771,129.23577263448365,0,0.007409601360034864,0.0,0.5666575367871955,0.2019308947413807,0.3125,0.3125,0.12630208333333334
fixed_forager,237,4,2.01574867908505e-14,16.353004482884828,10.5,11.919935036157899,0.0,0.33782596592452063,5.5,2.0416666666666665,0.215,10.75,6.5,32.83717766132424,12.44699551711517,124.26440937441552,0,0.005960929274758539,0.0,0.5678126556557233,0.19416313964752424,0.2708333333333333,0.22916666666666666,0.12760416666666666
fixed_forager,238,4,1.4307999229856705e-14,16.942078528884082,10.5,11.842367488659425,0.0,0.3378151415147073,5,2.0729166666666665,0.2,10,6,32.248041066660825,11.857921471115915,119.21601978733959,0,0.00698886770645735,0.0,0.5882666155862529,0.1862750309177181,0.25,0.20833333333333334,0.12955729166666666
fixed_forager,239,4,2.435551760271437e-15,16.28320573946083,10.25,11.303909910575738,0.0,0.294742448879231,6.25,2.0833333333333335,0.205,10.25,7,30.20221532228232,12.51679426053917,115.78280725395378,0,0.00851608469443823,0.0,0.5653890881757233,0.18091063633430277,0.2916666666666667,0.2604166666666667,0.13020833333333334
fixed_forager,240,4,7.299716386910404e-15,15.196553467070617,10.75,11.042814484399095,0.0,0.3008918314032346,6.5,2.09375,0.2,10,6.5,29.549361593970207,13.603446532929382,111.78103016819114,0,0.008337110404805462,0.0,0.5276581064955076,0.17465785963779865,0.2708333333333333,0.2708333333333333,0.130859375
fixed_forager,241,4,9.159339953157541e-15,15.251781059310805,11,10.677063775087504,0.0,0.28507833939575683,7,2.09375,0.24000000000000002,12,8,28.02641916505149,13.548218940689196,108.20417697349082,0,0.0064913460626541564,0.0,0.5295757312260696,0.1690690265210794,0.3333333333333333,0.2916666666666667,0.130859375
fixed_forager,242,4,1.1553258350005535e-14,14.287908225464866,11.25,9.990006011943265,0.0,0.2777590573186791,7.5,2.1354166666666665,0.235,11.75,7.5,27.113704748201904,14.512091774535133,104.30623011950013,0,0.006276287237680055,0.0,0.4961079244953079,0.16297848456171896,0.3125,0.3125,0.13346354166666666
fixed_forager,243,4,4.066191827689636e-15,13.59308773472002,11.75,9.01476995167375,0.0,0.2822303687689712,8,2.1458333333333335,0.25,12.5,8.75,27.099905083161477,15.206912265279978,99.20948163272533,0,0.0039305564308537095,0.0,0.4719822130111119,0.15501481505113332,0.3645833333333333,0.3333333333333333,0.13411458333333334
fixed_forager,244,4,1.7718465583627108e-14,13.245199317241525,12,8.921517670483865,0.0,0.21195845840133362,7,2.1875,0.28,14,9,23.960670227585304,15.554800682758472,97.53307638314251,0,0.00592901811141908,0.0,0.4599027540708863,0.15239543184866017,0.375,0.2916666666666667,0.13671875
fixed_forager,245,4,7.233796894823286e-15,13.11576944782757,12,8.624232611697702,0.0,0.21311306127878754,7.25,2.1979166666666665,0.28500000000000003,14.25,8.5,21.002440782418326,15.684230552172428,95.50165593090084,0,0.00584945198487469,0.0,0.4554086613829018,0.14922133739203255,0.3541666666666667,0.3020833333333333,0.13736979166666666
fixed_forager,246,4,2.0816681711721685e-14,11.317375577471502,12,8.510465680953786,0.0,0.1963238236258436,9,2.2395833333333335,0.265,13.25,9.25,19.039932562613167,17.4826244225285,94.19593043056246,0,0.0069428214067688305,0.0,0.3929644297733161,0.14718114129775384,0.3854166666666667,0.375,0.13997395833333334
fixed_forager,247,4,2.688821387764051e-16,10.738790099900909,12.25,8.29736844404525,0.0,0.2704514271980119,8.25,2.3020833333333335,0.265,13.25,8.25,21.288262395414844,18.06120990009909,88.97072751470711,0,0.0026269597786407082,0.0,0.37287465624655936,0.13901676174172986,0.34375,0.34375,0.14388020833333334
fixed_forager,248,4,3.681083216022785e-15,10.928836373337738,12.5,7.693480056274086,0.0,0.2307013641512934,7.25,2.333333333333333,0.24000000000000002,12,7.25,21.423792865490487,17.871163626662263,85.12913936341653,0,0.0020825741545342845,0.0,0.3794734851853382,0.13301428025533832,0.3020833333333333,0.3020833333333333,0.14583333333333331
fixed_forager,249,4,1.5749554438393432e-14,10.559466257527246,12.75,7.567137003330747,0.0,0.17846044127046698,6.25,2.3541666666666665,0.225,11.25,7.5,19.383888230216126,18.240533742472753,83.77325430322392,0,0.0023206494392734294,0.0,0.3666481339419183,0.13089570984878737,0.3125,0.2604166666666667,0.14713541666666666
fixed_forager,250,4,6.512151928816934e-15,9.659431167828803,12.75,7.499891662865032,0.0,0.17951853673095888,7.5,2.375,0.215,10.75,7.5,18.30586536220431,19.140568832171198,82.297219129541,0,0.0025267123295518454,0.0,0.33539691554961126,0.12858940488990783,0.3125,0.3125,0.1484375
fixed_forager,251,4,1.6996820617620756e-14,8.623303477417334,12.75,7.542500699355245,0.0,0.1681234729923087,8.25,2.385416666666667,0.265,13.25,8.75,17.65561206141011,20.176696522582667,81.43354617928082,0,0.0034199852946600927,0.0,0.29942025963254637,0.1272399159051263,0.3645833333333333,0.34375,0.14908854166666669
fixed_forager,252,4,6.379879263773702e-15,8.424629087074948,12.75,7.490483361264085,0.0,0.16366690239726495,9.75,2.385416666666667,0.26,13,9.75,16.99066119180115,20.375370912925053,80.74068442068167,0,0.004179066860798541,0.0,0.2925218433012135,0.12615731940731512,0.40625,0.40625,0.14908854166666669
fixed_forager,253,4,1.066507993030541e-14,9.134905531379252,12.75,7.214419359846525,0.0,0.22724235091642014,7.25,2.4270833333333335,0.255,12.75,7.25,18.735630855326487,19.665094468620747,76.5929862347072,0,0.002611007490506695,0.0,0.31718421983955736,0.11967654099173,0.3020833333333333,0.3020833333333333,0.15169270833333334
fixed_forager,254,4,3.613862681328683e-15,8.86164752887615,12.75,6.857780881098732,0.0,0.17938805835000982,8,2.4583333333333335,0.245,12.25,8.25,18.418998185600824,19.93835247112385,74.48136419830544,0,0.0028848075442548474,0.0,0.3076960947526441,0.11637713155985226,0.34375,0.3333333333333333,0.15364583333333334
fixed_forager,255,4,1.0579427958679055e-14,9.021422998548905,12.75,6.767992432315898,0.0,0.19588773866622464,8,2.4791666666666665,0.23,11.5,8,18.76607438169693,19.778577001451094,71.4549696973101,0,0.003466134016484362,0.0,0.3132438541162815,0.11164839015204704,0.3333333333333333,0.3333333333333333,0.15494791666666666
fixed_forager,256,4,1.9532986339498848e-15,9.486289067501962,13,6.2357833693361595,0.0,0.20456931770798786,6,2.5104166666666665,0.235,11.75,6.75,19.068681881886377,19.313710932498036,67.46228718124688,0,0.00277712004141434,0.0,0.3293850370660404,0.10540982372069825,0.28125,0.25,0.15690104166666666
fixed_floor,1,4,4.2521541843143495e-14,28.799999999999997,0,9.516396506234301,0.0,0.8261224528979589,0,1,0.16,8,0,59.52000019199999,0.0,608.2102738613364,0,0.0,0.0,1.0,0.9503285529083382,0.0,0.0,0.0625
fixed_floor,2,4,9.769962616701378e-15,28.799999999999997,0,13.524201585430848,0.0,0.5877551020408163,0,1,0.0,0,0,59.520000192000005,0.0,592.3467203447265,0,0.0,0.0,1.0,0.9255417505386351,0.0,0.0,0.0625
fixed_floor,3,4,-9.103828801926284e-15,28.799999999999997,0,16.347117641552195,0.0,0.587755102040816,0,1,0.0,0,0,59.520000192000005,0.0,579.3060828842379,0,0.0,0.0,1.0,0.9051657545066216,0.0,0.0,0.0625
fixed_floor,4,4,9.126033262418787e-14,28.799999999999997,0,18.192803177192467,0.0,0.587755102040816,0,1,0.0,0,0,59.520000192000005,0.0,568.1111309593896,0,0.0,0.0,1.0,0.8876736421240462,0.0,0.0,0.0625
fixed_floor,5,4,1.2212453270876722e-14,28.799999999999997,0,20.17132070100577,0.0,0.587755102040816,0,1,0.0,0,0,59.520000192000005,0.0,558.8946965583546,0,0.0,0.0,1.0,0.873272963372429,0.0,0.0,0.0625
fixed_floor,6,4,2.9976021664879227e-14,28.799999999999997,0,21.522574552879803,0.0,0.587755102040816,0,1,0.0,0,0,59.520000192000005,0.0,551.0295160091936,0,0.0,0.0,1.0,0.8609836187643649,0.0,0.0,0.0625
fixed_floor,7,4,9.547918011776346e-15,28.799999999999997,0,22.642610810370787,0.0,0.587755102040816,0,1,0.0,0,0,59.520000192000005,0.0,544.2843717175235,0,0.0,0.0,1.0,0.8504443308086305,0.0,0.0,0.0625
fixed_floor,8,4,1.5765166949677223e-14,28.799999999999997,0,23.480881223824795,0.0,0.587755102040816,0,1,0.0,0,0,59.520000192000005,0.0,538.3774978393076,0,0.0,0.0,1.0,0.8412148403739181,0.0,0.0,0.0625
fixed_floor,9,4,7.083222897108499e-14,28.799999999999997,0,24.39514168952924,0.0,0.587755102040816,0,1,0.0,0,0,59.520000192000005,0.0,533.384884426796,0,0.0,0.0,1.0,0.8334138819168688,0.0,0.0,0.0625
fixed_floor,10,4,1.1324274851176597e-14,28.799999999999997,0,25.03854858385488,0.0,0.587755102040816,0,1,0.0,0,0,59.520000192000005,0.0,529.0356779086101,0,0.0,0.0,1.0,0.8266182467322032,0.0,0.0,0.0625
fixed_floor,11,4,1.3100631690576847e-14,28.799999999999997,0,25.671491358668433,0.0,0.587755102040816,0,1,0.0,0,0,59.520000192000005,0.0,525.3194141652377,0,0.0,0.0,1.0,0.8208115846331839,0.0,0.0,0.0625
fixed_floor,12,4,4.1522341120980855e-14,28.799999999999997,0,26.031866833317522,0.0,0.587755102040816,0,1,0.0,0,0,59.520000192000005,0.0,521.9635258965145,0,0.0,0.0,1.0,0.815568009213304,0.0,0.0,0.0625
fixed_floor,13,4,1.5765166949677223e-14,28.799999999999997,0,26.122896981575238,0.0,0.587755102040816,0,1,0.0,0,0,59.520000192000005,0.0,518.698667776049,0,0.0,0.0,1.0,0.8104666684000765,0.0,0.0,0.0625
fixed_floor,14,4,2.9976021664879227e-14,28.799999999999997,0,26.779167647736358,0.0,0.587755102040816,0,1,0.0,0,0,59.520000192000005,0.0,516.0900803217445,0,0.0,0.0,1.0,0.8063907505027258,0.0,0.0,0.0625
fixed_floor,15,4,3.175237850427948e-14,28.799999999999997,0,26.73055345121858,0.0,0.587755102040816,0,1,0.0,0,0,59.520000192000005,0.0,513.4328786709223,0,0.0,0.0,1.0,0.8022388729233161,0.0,0.0,0.0625
fixed_floor,16,4,3.708144902248023e-14,28.799999999999997,0,26.941318868560693,0.0,0.587755102040816,0,1,0.0,0,0,59.520000192000005,0.0,510.9864424374422,0,0.0,0.0,1.0,0.7984163163085034,0.0,0.0,0.0625
fixed_floor,17,4,6.550315845288424e-14,28.799999999999997,0,27.304193665527173,0.0,0.587755102040816,0,1,0.0,0,0,59.520000192000005,0.0,508.9028810009286,0,0.0,0.0,1.0,0.7951607515639509,0.0,0.0,0.0625
fixed_floor,18,4,6.283862319378386e-14,28.799999999999997,0,27.416315270325335,0.0,0.587755102040816,0,1,0.0,0,0,59.520000192000005,0.0,506.93144116921314,0,0.0,0.0,1.0,0.7920803768268956,0.0,0.0,0.0625
fixed_floor,19,4,6.461498003318411e-14,28.799999999999997,0,27.913935126834794,0.0,0.587755102040816,0,1,0.0,0,0,59.520000192000005,0.0,505.4576211940071,0,0.0,0.0,1.0,0.7897775331156361,0.0,0.0,0.0625
fixed_floor,20,4,6.372680161348399e-14,28.799999999999997,0,27.779896753401523,0.0,0.587755102040816,0,1,0.0,0,0,59.520000192000005,0.0,503.8497628453679,0,0.0,0.0,1.0,0.7872652544458874,0.0,0.0,0.0625
fixed_floor,21,4,4.951594689828198e-14,28.799999999999997,0,27.436406641677145,0.0,0.587755102040816,0,1,0.0,0,0,59.520000192000005,0.0,501.89841438500423,0,0.0,0.0,1.0,0.7842162724765691,0.0,0.0,0.0625
fixed_floor,22,4,7.349676423018536e-14,28.799999999999997,0,27.85089920430482,0.0,0.587755102040816,0,1,0.0,0,0,59.520000192000005,0.0,500.36155848726827,0,0.0,0.0,1.0,0.7818149351363567,0.0,0.0,0.0625
fixed_floor,23,4,6.461498003318411e-14,28.799999999999997,0,28.044976133433615,0.0,0.587755102040816,0,1,0.0,0,0,59.520000192000005,0.0,499.0187795186611,0,0.0,0.0,1.0,0.779716842997908,0.0,0.0,0.0625
fixed_floor,24,4,9.303668946358812e-14,28.799999999999997,0,28.06977642411605,0.0,0.587755102040816,0,1,0.0,0,0,59.520000192000005,0.0,497.7008008407364,0,0.0,0.0,1.0,0.7776575013136506,0.0,0.0,0.0625
fixed_floor,25,4,6.905587213168474e-14,28.799999999999997,0,27.962074322354894,0.0,0.587755102040816,0,1,0.0,0,0,59.520000192000005,0.0,496.27512006105053,0,0.0,0.0,1.0,0.7754298750953914,0.0,0.0,0.0625
fixed_floor,26,4,2.8199664825478976e-14,28.799999999999997,0,28.194153099188753,0.0,0.587755102040816,0,1,0.0,0,0,59.520000192000005,0.0,495.08151805819847,0,0.0,0.0,1.0,0.7735648719659352,0.0,0.0,0.0625
fixed_floor,27,4,6.461498003318411e-14,28.799999999999997,0,28.528967931992703,0.0,0.587755102040816,0,1,0.0,0,0,59.520000192000005,0.0,494.2227308881504,0,0.0,0.0,1.0,0.772223017012735,0.0,0.0,0.0625
fixed_floor,28,4,2.8199664825478976e-14,28.799999999999997,0,28.447316900286694,0.0,0.587755102040816,0,1,0.0,0,0,59.520000192000005,0.0,493.28229268639626,0,0.0,0.0,1.0,0.7707535823224941,0.0,0.0,0.0625
fixed_floor,29,4,7.349676423018536e-14,28.799999999999997,0,28.398198437233273,0.0,0.587755102040816,0,1,0.0,0,0,59.520000192000005,0.0,492.2927360215888,0,0.0,0.0,1.0,0.7692074000337324,0.0,0.0,0.0625
fixed_floor,30,4,3.441691376337985e-14,28.799999999999997,0,28.28655524004217,0.0,0.587755102040816,0,1,0.0,0,0,59.520000192000005,0.0,491.19153615959016,0,0.0,0.0,1.0,0.7674867752493596,0.0,0.0,0.0625
fixed_floor,31,4,4.773959005888173e-14,28.799999999999997,0,28.39020467318553,0.0,0.587755102040816,0,1,0.0,0,0,59.520000192000005,0.0,490.1939857307349,0,0.0,0.0,1.0,0.7659281027042733,0.0,0.0,0.0625
fixed_floor,32,4,3.708144902248023e-14,28.799999999999997,0,28.138179193707664,0.0,0.587755102040816,0,1,0.0,0,0,59.520000192000005,0.0,488.9444098224018,0,0.0,0.0,1.0,0.7639756403475028,0.0,0.0,0.0625
fixed_floor,33,4,3.6193270602780103e-14,28.799999999999997,0,28.761118992804164,0.0,0.587755102040816,0,1,0.0,0,0,59.520000192000005,0.0,488.31777371316514,0,0.0,0.0,1.0,0.7629965214268205,0.0,0.0,0.0625
fixed_floor,34,4,5.573319583618286e-14,28.799999999999997,0,28.6169313062765,0.0,0.587755102040816,0,1,0.0,0,0,59.520000192000005,0.0,487.54694991740087,0,0.0,0.0,1.0,0.7617921092459389,0.0,0.0,0.0625
fixed_floor,35,4,6.994405055138486e-14,28.799999999999997,0,28.73560874478953,0.0,0.587755102040816,0,1,0.0,0,0,59.520000192000005,0.0,486.8948035601496,0,0.0,0.0,1.0,0.7607731305627338,0.0,0.0,0.0625
fixed_floor,36,4,5.484501741648273e-14,28.799999999999997,0,28.899915820587026,0.0,0.587755102040816,0,1,0.0,0,0,59.520000192000005,0.0,486.40696427869585,0,0.0,0.0,1.0,0.7600108816854623,0.0,0.0,0.0625
fixed_floor,37,4,5.573319583618286e-14,28.799999999999997,0,28.750879491947018,0.0,0.587755102040816,0,1,0.0,0,0,59.520000192000005,0.0,485.77008866860206,0,0.0,0.0,1.0,0.7590157635446907,0.0,0.0,0.0625
fixed_floor,38,4,5.928590951498336e-14,28.799999999999997,0,28.840574029409876,0.0,0.587755102040816,0,1,0.0,0,0,59.520000192000005,0.0,485.22290759597115,0,0.0,0.0,1.0,0.7581607931187049,0.0,0.0,0.0625
fixed_floor,39,4,8.326672684688674e-14,28.799999999999997,0,28.64621809250403,0.0,0.587755102040816,0,1,0.0,0,0,59.520000192000005,0.0,484.4813705864344,0,0.0,0.0,1.0,0.7570021415413037,0.0,0.0,0.0625
fixed_floor,40,4,5.928590951498336e-14,28.799999999999997,0,28.467840445558462,0.0,0.587755102040816,0,1,0.0,0,0,59.520000192000005,0.0,483.5614559299521,0,0.0,0.0,1.0,0.7555647748905502,0.0,0.0,0.0625
fixed_floor,41,4,4.5075054799781356e-14,28.799999999999997,0,28.90458518397723,0.0,0.587755102040816,0,1,0.0,0,0,59.520000192000005,0.0,483.07828601188857,0,0.0,0.0,1.0,0.7548098218935759,0.0,0.0,0.0625
fixed_floor,42,4,6.461498003318411e-14,28.799999999999997,0,29.06013428149837,0.0,0.587755102040816,0,1,0.0,0,0,59.520000192000005,0.0,482.7506651913461,0,0.0,0.0,1.0,0.7542979143614783,0.0,0.0,0.0625
fixed_floor,43,4,6.461498003318411e-14,28.799999999999997,0,29.387111799388485,0.0,0.587755102040816,0,1,0.0,0,0,59.520000192000005,0.0,482.7500218886938,0,0.0,0.0,1.0,0.754296909201084,0.0,0.0,0.0625
fixed_floor,44,4,5.395683899678261e-14,28.799999999999997,0,28.53331413303228,0.0,0.587755102040816,0,1,0.0,0,0,59.520000192000005,0.0,481.89558091968536,0,0.0,0.0,1.0,0.7529618451870084,0.0,0.0,0.0625
fixed_floor,45,4,5.395683899678261e-14,28.799999999999997,0,28.711622065734108,0.0,0.587755102040816,0,1,0.0,0,0,59.520000192000005,0.0,481.2194478833786,0,0.0,0.0,1.0,0.7519053873177791,0.0,0.0,0.0625
fixed_floor,46,4,7.260858581048524e-14,28.799999999999997,0,28.84649795782545,0.0,0.587755102040816,0,1,0.0,0,0,59.520000192000005,0.0,480.6781907391633,0,0.0,0.0,1.0,0.7510596730299427,0.0,0.0,0.0625
fixed_floor,47,4,2.6423307986078726e-14,28.799999999999997,0,28.96018671085315,0.0,0.587755102040816,0,1,0.0,0,0,59.520000192000005,0.0,480.25062234797565,0,0.0,0.0,1.0,0.750391597418712,0.0,0.0,0.0625
fixed_floor,48,4,5.6621374255882984e-14,28.799999999999997,0,29.06483399246605,0.0,0.587755102040816,0,1,0.0,0,0,59.520000192000005,0.0,479.9277012384009,0,0.0,0.0,1.0,0.7498870331850014,0.0,0.0,0.0625
fixed_floor,49,4,1.0103029524088925e-13,28.799999999999997,0,29.04306326334506,0.0,0.587755102040816,0,1,0.0,0,0,59.520000192000005,0.0,479.58300939970525,0,0.0,0.0,1.0,0.7493484521870395,0.0,0.0,0.0625
fixed_floor,50,4,4.3298697960381105e-14,28.799999999999997,0,28.943665542850226,0.0,0.587755102040816,0,1,0.0,0,0,59.520000192000005,0.0,479.13891984051463,0,0.0,0.0,1.0,0.7486545622508041,0.0,0.0,0.0625
fixed_floor,51,4,4.951594689828198e-14,28.799999999999997,0,28.86916454487494,0.0,0.587755102040816,0,1,0.0,0,0,59.520000192000005,0.0,478.62032928334884,0,0.0,0.0,1.0,0.7478442645052326,0.0,0.0,0.0625
fixed_floor,52,4,5.395683899678261e-14,28.799999999999997,0,28.863170857141217,0.0,0.587755102040816,0,1,0.0,0,0,59.520000192000005,0.0,478.09574503844925,0,0.0,0.0,1.0,0.747024601622577,0.0,0.0,0.0625
fixed_floor,53,4,8.415490526658687e-14,28.799999999999997,0,28.934474752947906,0.0,0.587755102040816,0,1,0.0,0,0,59.520000192000005,0.0,477.6424646893564,0,0.0,0.0,1.0,0.7463163510771194,0.0,0.0,0.0625
fixed_floor,54,4,2.90878432451791e-14,28.799999999999997,0,29.036925373121903,0.0,0.587755102040816,0,1,0.0,0,0,59.520000192000005,0.0,477.2916349604375,0,0.0,0.0,1.0,0.7457681796256835,0.0,0.0,0.0625
fixed_floor,55,4,7.971401316808624e-14,28.799999999999997,0,29.043744294198923,0.0,0.587755102040816,0,1,0.0,0,0,59.520000192000005,0.0,476.9476241525956,0,0.0,0.0,1.0,0.7452306627384306,0.0,0.0,0.0625
fixed_floor,56,4,4.5075054799781356e-14,28.799999999999997,0,28.83535717199882,0.0,0.587755102040816,0,1,0.0,0,0,59.520000192000005,0.0,476.3952262225537,0,0.0,0.0,1.0,0.7443675409727402,0.0,0.0,0.0625
fixed_floor,57,4,6.372680161348399e-14,28.799999999999997,0,28.820842735929027,0.0,0.587755102040816,0,1,0.0,0,0,59.520000192000005,0.0,475.8283138564419,0,0.0,0.0,1.0,0.7434817404006905,0.0,0.0,0.0625
fixed_floor,58,4,6.106226635438361e-14,28.799999999999997,0,29.227424738157747,0.0,0.587755102040816,0,1,0.0,0,0,59.520000192000005,0.0,475.66798349255885,0,0.0,0.0,1.0,0.7432312242071232,0.0,0.0,0.0625
fixed_floor,59,4,7.083222897108499e-14,28.799999999999997,0,29.148595076067608,0.0,0.587755102040816,0,1,0.0,0,0,59.520000192000005,0.0,475.4288234665857,0,0.0,0.0,1.0,0.7428575366665402,0.0,0.0,0.0625
fixed_floor,60,4,6.372680161348399e-14,28.799999999999997,0,29.031508174435096,0.0,0.587755102040816,0,1,0.0,0,0,59.520000192000005,0.0,475.07257653898,0,0.0,0.0,1.0,0.7423009008421563,0.0,0.0,0.0625
fixed_floor,61,4,7.704947790898586e-14,28.799999999999997,0,29.2529079930245,0.0,0.587755102040816,0,1,0.0,0,0,59.520000192000005,0.0,474.9377294299637,0,0.0,0.0,1.0,0.7420902022343183,0.0,0.0,0.0625
fixed_floor,62,4,5.6621374255882984e-14,28.799999999999997,0,28.873213935167783,0.0,0.587755102040816,0,1,0.0,0,0,59.520000192000005,0.0,474.4231882630907,0,0.0,0.0,1.0,0.7412862316610792,0.0,0.0,0.0625
fixed_floor,63,4,5.928590951498336e-14,28.799999999999997,0,29.187022379451616,0.0,0.587755102040816,0,1,0.0,0,0,59.520000192000005,0.0,474.2224555405015,0,0.0,0.0,1.0,0.7409725867820336,0.0,0.0,0.0625
fixed_floor,64,4,3.885780586188048e-14,28.799999999999997,0,29.140292005086867,0.0,0.587755102040816,0,1,0.0,0,0,59.520000192000005,0.0,473.9749924435476,0,0.0,0.0,1.0,0.7405859256930432,0.0,0.0,0.0625
fixed_floor,65,4,6.283862319378386e-14,28.799999999999997,0,28.758583511002406,0.0,0.587755102040816,0,1,0.0,0,0,59.520000192000005,0.0,473.34582085250923,0,0.0,0.0,1.0,0.7396028450820457,0.0,0.0,0.0625
fixed_floor,66,4,6.100675520315235e-14,28.799999999999997,0,29.391023647118402,0.0,0.5755102040816324,0,1,0.01,0.5,0.5,58.910000192000005,0.0,473.961334295546,0,0.00969669581081795,0.0,1.0,0.7405645848367907,0.020833333333333332,0.0,0.0625
fixed_floor,67,4,3.649858193455202e-14,28.799999999999997,0,29.104459478376334,0.0,0.6004081632653059,0,1,0.01,0.5,0,59.520000192000005,0.0,473.0453856106571,0,0.0,0.0,1.0,0.7391334150166518,0.0,0.0,0.0625
fixed_floor,68,4,6.827871601444713e-15,28.799999999999997,0,28.812914430047282,0.0,0.5755102040816324,0,1,0.01,0.5,0.5,58.910000192000005,0.0,473.08278983662274,0,0.009645616336527472,0.0,1.0,0.7391918591197231,0.020833333333333332,0.0,0.0625
fixed_floor,69,4,4.7406523151494184e-14,28.79,0,28.782343968863504,0.0,0.5879591836734691,0.25,1,0.01,0.5,0.25,58.920000192,0.010000000000000175,472.46717462181283,0,0.0,0.0,0.9996527777777778,0.7382299603465825,0.010416666666666666,0.010416666666666666,0.0625
fixed_floor,70,4,8.112954752448331e-14,28.799999999999997,0,28.857654198223287,0.0,0.5878571428571426,0,1.0104166666666667,0.015,0.75,0.5,58.910000192000005,0.0,471.93197167717904,0,0.009730972187415322,0.0,1.0,0.7373937057455923,0.020833333333333332,0.0,0.06315104166666667
fixed_floor,71,4,7.024936188315678e-14,28.799999999999997,0,29.461935736361298,0.0,0.6004081632653059,0,1.0104166666666667,0.01,0.5,0,59.520000192000005,0.0,471.373499250275,0,0.0,0.0,1.0,0.7365210925785547,0.0,0.0,0.06315104166666667
fixed_floor,72,4,5.395683899678261e-14,28.799999999999997,0,29.383543760894472,0.0,0.587755102040816,0,1.0104166666666667,0.0,0,0,59.520000192000005,0.0,471.36928790912873,0,0.0,0.0,1.0,0.7365145123580137,0.0,0.0,0.06315104166666667
fixed_floor,73,4,9.57012247226885e-14,28.799999999999997,0,29.319220868314563,0.0,0.587755102040816,0,1.0104166666666667,0.0,0,0,59.520000192000005,0.0,471.30075367540246,0,0.0,0.0,1.0,0.7364074276178163,0.0,0.0,0.06315104166666667
fixed_floor,74,4,6.811218256075335e-14,28.799999999999997,0,28.95351708850945,0.0,0.5755102040816324,0,1.0104166666666667,0.01,0.5,0.5,58.910000192000005,0.0,471.47876055983033,0,0.00963447768635795,0.0,1.0,0.7366855633747349,0.020833333333333332,0.0,0.06315104166666667
fixed_floor,75,4,4.3770542745846797e-14,28.79,0,28.988224144960963,0.0,0.5757142857142854,0.25,1.0104166666666667,0.02,1,0.75,58.310000192000004,0.009999999999999953,471.681270419077,0,0.009603212327131452,0.0,0.9996527777777778,0.7370019850298078,0.03125,0.010416666666666666,0.06315104166666667
fixed_floor,76,4,5.4817261840867104e-14,28.799999999999997,0,29.276634152572594,0.0,0.6127551020408161,0,1.0208333333333335,0.015,0.75,0,59.520000192000005,0.0,470.32014946960885,0,0.0,0.0,1.0,0.7348752335462638,0.0,0.0,0.06380208333333334
fixed_floor,77,4,1.7486012637846216e-14,28.799999999999997,0,28.878903689806236,0.0,0.5755102040816324,0,1.0208333333333335,0.01,0.5,0.5,58.910000192000005,0.0,470.42354295533346,0,0.009526516291303414,0.0,1.0,0.7350367858677085,0.020833333333333332,0.0,0.06380208333333334
fixed_floor,78,4,1.8984813721090177e-14,28.79,0,29.366694641480823,0.0,0.5879591836734691,0.25,1.0208333333333335,0.01,0.5,0.25,58.920000192,0.010000000000000175,470.39227841314084,0,0.0,0.0,0.9996527777777778,0.7349879350205326,0.010416666666666666,0.010416666666666666,0.06380208333333334
fixed_floor,79,4,4.73232564246473e-14,28.799999999999997,0,29.24083397437679,0.0,0.5756122448979589,0,1.03125,0.025,1.25,1,58.300000192000006,0.0,470.85250014261976,0,0.019344175162661854,0.0,1.0,0.7357070314728433,0.041666666666666664,0.0,0.064453125
fixed_floor,80,4,2.5146551507759796e-14,28.799999999999997,0,29.62394004939207,0.0,0.600816326530612,0,1.03125,0.03,1.5,0.5,58.910000192000005,0.0,470.4356238654812,0,0.009620163489018075,0.0,1.0,0.7350556622898143,0.020833333333333332,0.0,0.064453125
fixed_floor,81,4,6.65301147506625e-14,28.799999999999997,0,29.375903804699306,0.0,0.5759183673469386,0,1.03125,0.03,1.5,1,58.300000192,0.0,471.01560930283364,0,0.019192905389830386,0.0,1.0,0.7359618895356775,0.041666666666666664,0.0,0.064453125
fixed_floor,82,4,1.6542323066914832e-14,28.79,0,29.54633565068772,0.0,0.5883673469387752,0.25,1.03125,0.03,1.5,0.75,58.310000192000004,0.010000000000000175,471.14357760658254,0,0.00940892438944429,0.0,0.9996527777777778,0.7361618400102852,0.03125,0.010416666666666666,0.064453125
fixed_floor,83,4,5.948019854429276e-14,28.79,0,29.258902789711996,0.0,0.5880612244897957,0.25,1.0416666666666667,0.025,1.25,0.75,58.310000192000004,0.010000000000000175,470.9994191718048,0,0.00948780901306548,0.0,0.9996527777777778,0.735936592455945,0.03125,0.010416666666666666,0.06510416666666667
fixed_floor,84,4,1.9789725413943415e-14,28.779999999999998,0,29.82908295978962,0.0,0.5756122448979589,0.5,1.0520833333333333,0.025,1.25,1,57.71000019200001,0.02000000000000035,472.0478898866965,0,0.01995846725416489,0.0,0.9993055555555556,0.7375748279479633,0.041666666666666664,0.020833333333333332,0.06575520833333333
fixed_floor,85,4,6.339373470609644e-14,28.799999999999997,0,29.44517890340149,0.0,0.6251020408163263,0,1.0729166666666665,0.02,1,0,59.520000192000005,0.0,470.2379667492817,0,0.01123861502901161,0.0,1.0,0.7347468230457527,0.0,0.0,0.06705729166666666
fixed_floor,86,4,6.894484982922222e-14,28.799999999999997,0,29.631620677759408,0.0,0.5632653061224487,0,1.0729166666666665,0.02,1,1,58.300000192000006,0.0,471.7063221209187,0,0.03098486124216744,0.0,1.0,0.7370411283139354,0.041666666666666664,0.0,0.06705729166666666
fixed_floor,87,4,-8.326672684688674e-15,28.79,0,29.18350252954074,0.0,0.5883673469387752,0.25,1.0729166666666665,0.03,1.5,0.75,58.310000192000004,0.010000000000000175,471.47145730352065,0,0.022423024694723397,0.0,0.9996527777777778,0.736674152036751,0.03125,0.010416666666666666,0.06705729166666666
fixed_floor,88,4,2.0039525594484076e-14,28.799999999999997,0,29.822319676968995,0.0,0.5882653061224488,0,1.0833333333333333,0.035,1.75,1,58.300000192,0.0,471.88051167436726,0,0.032429005406274164,0.0,1.0,0.7373132994911988,0.041666666666666664,0.0,0.06770833333333333
fixed_floor,89,4,7.860379014346108e-14,28.79,0,29.28883046840327,0.0,0.5761224489795915,0.25,1.0833333333333333,0.04,2,1.25,57.700000192000005,0.010000000000000175,472.36321969379094,0,0.032923714608130844,0.0,0.9996527777777778,0.7380675307715483,0.052083333333333336,0.010416666666666666,0.06770833333333333
fixed_floor,90,4,2.4369395390522186e-14,28.49,0,29.841416059559002,0.0,0.5638775510204079,0.5,1.09375,0.05,2.5,1.75,56.79000019200001,0.31000000000000016,474.0107582023296,0,0.03351449580772431,0.0,0.9892361111111112,0.74064180969114,0.07291666666666667,0.020833333333333332,0.068359375
fixed_floor,91,4,3.788636071533347e-14,28.779999999999998,0,29.72704207353973,0.0,0.6029057340241741,0.5,1.1041666666666667,0.045,2.25,1,57.507381159184554,0.019999999999999907,473.59251357466064,0,0.024066620324391684,0.0,0.9993055555555556,0.7399883024604073,0.041666666666666664,0.020833333333333332,0.06901041666666667
fixed_floor,92,4,4.427014310692812e-14,28.79,0,29.660945474742043,0.0,0.5919703597608458,0.25,1.1041666666666667,0.04,2,1.25,57.68392878746601,0.010000000000000175,473.6549410613604,0,0.01894453304642195,0.0,0.9996527777777778,0.7400858454083756,0.052083333333333336,0.010416666666666666,0.06901041666666667
fixed_floor,93,4,7.349676423018536e-14,28.779999999999998,0,29.549537978824073,0.0,0.600838191929265,0.5,1.1145833333333333,0.025,1.25,0.5,58.32000019200001,0.02000000000000035,473.1625694437212,0,0.010324739381361928,0.0,0.9993055555555556,0.7393165147558144,0.020833333333333332,0.020833333333333332,0.06966145833333333
fixed_floor,94,4,6.467049118441537e-14,28.799999999999997,0,29.61347072819457,0.0,0.5811882072135539,0,1.1354166666666665,0.03,1.5,1,57.96822234546416,0.0,473.71662981123814,0,0.03032103043861545,0.0,1.0,0.7401822340800596,0.041666666666666664,0.0,0.07096354166666666
fixed_floor,95,4,5.0431880893597736e-14,28.79,0,29.915622160349276,0.0,0.6025735389802682,0.25,1.1354166666666665,0.02,1,0.25,58.68432575549732,0.010000000000000175,473.503575022574,0,0.011980845648135494,0.0,0.9996527777777778,0.7398493359727719,0.010416666666666666,0.010416666666666666,0.07096354166666666
fixed_floor,96,4,-9.658940314238862e-15,28.799999999999997,0,29.66556682216649,0.0,0.5572448979591834,0,1.1458333333333333,0.04,2,1.75,57.149325755497316,0.0,475.3068969467813,0,0.04225348219136932,0.0,1.0,0.7426670264793458,0.07291666666666667,0.0,0.07161458333333333
fixed_floor,97,4,4.785061236134425e-14,28.54432556349731,0,29.748785170705943,0.0,0.5948979591836732,0.5,1.1458333333333333,0.045,2.25,1,57.710000192,0.25567443650268623,475.3107841583036,0,0.022940679047874106,0.0,0.9911224153992122,0.7426731002473493,0.041666666666666664,0.020833333333333332,0.07161458333333333
fixed_floor,98,4,1.7236212457305555e-14,28.799999999999997,0,29.63264656509298,0.0,0.6251020408163263,0,1.15625,0.02,1,0,59.520000192000005,0.0,473.6883286825803,0,0.0,0.0,1.0,0.7401380135665316,0.0,0.0,0.072265625
fixed_floor,99,4,7.867317908250016e-14,28.799999999999997,0,29.993959713682457,0.0,0.5632653061224487,0,1.15625,0.02,1,1,58.300000192000006,0.0,475.5190230901403,0,0.01922296605002303,0.0,1.0,0.7429984735783443,0.041666666666666664,0.0,0.072265625
fixed_floor,100,4,5.21249710061511e-14,28.79,0,29.39151743586025,0.0,0.600612244897959,0.25,1.15625,0.02,1,0.25,58.920000192,0.009999999999999953,474.87992828110265,0,0.0,0.0,0.9996527777777778,0.7419998879392229,0.010416666666666666,0.010416666666666666,0.072265625
fixed_floor,101,4,5.523359547510154e-15,28.799999999999997,0,29.60284994389449,0.0,0.5756122448979589,0,1.1666666666666667,0.025,1.25,1,58.300000192000006,0.0,475.7021659800992,0,0.019131196976009953,0.0,1.0,0.743284634343905,0.041666666666666664,0.0,0.07291666666666667
fixed_floor,102,4,5.5039306445792135e-14,28.779999999999998,0,29.585649015009867,0.0,0.5881632653061222,0.5,1.1666666666666667,0.02,1,0.5,58.320000192,0.02000000000000035,475.879651729803,0,0.010396332844966782,0.0,0.9993055555555556,0.7435619558278173,0.020833333333333332,0.020833333333333332,0.07291666666666667
fixed_floor,103,4,5.345723863570129e-14,28.499999999999996,0,29.55140662549342,0.0,0.5694897959183671,0.25,1.1875,0.03,1.5,1.25,57.69500019200001,0.3,476.95656855937807,0,0.030416654651499064,0.0,0.9895833333333333,0.7452446383740282,0.052083333333333336,0.010416666666666666,0.07421875
fixed_floor,104,4,4.0467629247586956e-14,28.79,0,29.10994239999397,0.0,0.6130612244897957,0.25,1.1875,0.025,1.25,0.25,58.920000192,0.010000000000000175,475.4134497348823,0,0.0,0.0,0.9996527777777778,0.7428335152107536,0.010416666666666666,0.010416666666666666,0.07421875
fixed_floor,105,4,6.242228955954943e-14,28.799999999999997,0,29.353055230711867,0.0,0.5756122448979589,0,1.1979166666666667,0.025,1.25,1,58.300000192000006,0.0,475.98589272069626,0,0.019138608110263973,0.0,1.0,0.7437279573760879,0.041666666666666664,0.0,0.07486979166666667
fixed_floor,106,4,3.344546861683284e-14,28.79,0,29.50775605546142,0.0,0.5883673469387752,0.25,1.1979166666666667,0.03,1.5,0.75,58.310000192000004,0.010000000000000175,476.0752814292189,0,0.009676604112037704,0.0,0.9996527777777778,0.7438676272331545,0.03125,0.010416666666666666,0.07486979166666667
fixed_floor,107,4,3.161360062620133e-14,28.799999999999997,0,29.95545562256819,0.0,0.5882653061224488,0,1.2083333333333333,0.035,1.75,1,58.300000192000006,0.0,476.61747174566466,0,0.019391069644708638,0.0,1.0,0.744714799602601,0.041666666666666664,0.0,0.07552083333333333
fixed_floor,108,4,2.1788126858268697e-14,28.79,0,29.7580539636812,0.0,0.5761224489795915,0.25,1.2083333333333333,0.04,2,1.25,57.700000192000005,0.010000000000000175,477.5694032603663,0,0.019379484480801745,0.0,0.9996527777777778,0.7462021925943223,0.052083333333333336,0.010416666666666666,0.07552083333333333
fixed_floor,109,4,7.749356711883593e-14,28.79,0,29.30980771419955,0.0,0.6007142857142854,0.25,1.21875,0.035,1.75,0.75,58.310000192000004,0.010000000000000175,476.8434966888516,0,0.009568266918633942,0.0,0.9996527777777778,0.7450679635763306,0.03125,0.010416666666666666,0.076171875
fixed_floor,110,4,4.385380947269368e-15,28.79,0,29.6849339747976,0.0,0.5880612244897957,0.25,1.2291666666666665,0.025,1.25,0.75,58.310000192000004,0.010000000000000175,477.12536943915944,0,0.009577070069250446,0.0,0.9996527777777778,0.7455083897486866,0.03125,0.010416666666666666,0.07682291666666666
fixed_floor,111,4,3.9995784462121264e-14,28.79,0,29.714955823429154,0.0,0.6003061224489793,0.25,1.2395833333333333,0.015,0.75,0.25,58.920000192,0.010000000000000175,476.82501914013966,0,0.0,0.0,0.9996527777777778,0.7450390924064683,0.010416666666666666,0.010416666666666666,0.07747395833333333
fixed_floor,112,4,5.800915303666443e-14,28.799999999999997,0,29.958888223959384,0.0,0.5878571428571426,0,1.25,0.015,0.75,0.5,58.910000192000005,0.0,477.3910502212419,0,0.00963052739131642,0.0,1.0,0.7459235159706905,0.020833333333333332,0.0,0.078125
fixed_floor,113,4,3.6443070783320763e-14,28.799999999999997,0,29.976322408982153,0.0,0.5881632653061222,0,1.25,0.02,1,0.5,58.910000192000005,0.0,477.95920936491797,0,0.009737558345411183,0.0,1.0,0.7468112646326843,0.020833333333333332,0.0,0.078125
fixed_floor,114,4,4.443667656062189e-14,28.799999999999997,0,29.917557178007076,0.0,0.5881632653061222,0,1.25,0.02,1,0.5,58.910000192000005,0.0,478.46860327761897,0,0.009442342753220773,0.0,1.0,0.7476071926212796,0.020833333333333332,0.0,0.078125
fixed_floor,115,4,6.242228955954943e-14,28.79,0,29.534349179901945,0.0,0.5757142857142854,0.25,1.25,0.02,1,0.75,58.310000192000004,0.010000000000000175,479.2172381718067,0,0.009654306105065633,0.0,0.9996527777777778,0.748776934643448,0.03125,0.010416666666666666,0.078125
fixed_floor,116,4,4.3826053897078054e-14,28.799999999999997,0,29.555916891854636,0.0,0.6102877025978595,0,1.2604166666666665,0.015,0.75,0,59.399097619295134,0.0,478.25876993376835,0,0.0,0.0,1.0,0.7472793280215131,0.0,0.0,0.07877604166666666
fixed_floor,117,4,5.767608612927688e-14,28.799999999999997,0,29.53808481042191,0.0,0.5534878076062217,0,1.2604166666666665,0.03,1.5,1.5,57.69000019200001,0.0,480.12246436387915,0,0.02883212949702228,0.0,1.0,0.7501913505685611,0.0625,0.0,0.07877604166666666
fixed_floor,118,4,1.8068879725774423e-14,28.779999999999998,0,29.035032757733617,0.0,0.600816326530612,0.5,1.2604166666666665,0.03,1.5,0.5,58.32000019200001,0.02000000000000013,479.1166807950822,0,0.0,0.0,0.9993055555555556,0.7486198137423159,0.020833333333333332,0.020833333333333332,0.07877604166666666
fixed_floor,119,4,4.093947403305265e-14,28.499999999999996,0,29.312257905953338,0.0,0.5511224489795916,0.25,1.28125,0.045,2.25,2,56.780000192,0.3,480.872816252056,0,0.029184059560325045,0.0,0.9895833333333333,0.7513637753938375,0.08333333333333333,0.010416666666666666,0.080078125
fixed_floor,120,4,1.2462253451417382e-14,28.769999999999996,0,29.422972656297546,0.0,0.6028109358172609,0.75,1.28125,0.04,2,0.75,57.5077360470458,0.030000000000000082,480.1552421174905,0,0.0,0.0,0.9989583333333333,0.750242565808579,0.03125,0.03125,0.080078125
fixed_floor,121,4,1.8179902028236938e-14,28.499999999999996,0,29.530142332273883,0.0,0.5854106214983578,0.25,1.2916666666666667,0.035,1.75,1.25,57.65785650046534,0.3,480.41485337484653,0,0.019328416494538286,0.0,0.9895833333333333,0.7506482083981977,0.052083333333333336,0.010416666666666666,0.08072916666666667
fixed_floor,122,4,4.182765245275277e-14,28.79,0,29.231995704953302,0.0,0.6088156676193495,0.25,1.2916666666666667,0.025,1.25,0.25,58.67482421381348,0.010000000000000175,479.20606569883233,0,0.0,0.0,0.9996527777777778,0.7487594776544255,0.010416666666666666,0.010416666666666666,0.08072916666666667
fixed_floor,123,4,5.140332604014475e-14,28.499999999999996,0,29.047728148691128,0.0,0.5728042085788769,0.25,1.3020833333333335,0.015,0.75,0.75,58.227230434178466,0.3,479.61358341857965,0,0.009579004547506192,0.0,0.9895833333333333,0.7493962240915307,0.03125,0.010416666666666666,0.08138020833333334
fixed_floor,124,4,3.547162563677375e-14,28.79,0,29.24114631524813,0.0,0.598056757425939,0.25,1.3020833333333335,0.015,0.75,0.25,58.72701154804949,0.010000000000000175,478.95189186253083,0,0.0,0.0,0.9996527777777778,0.7483623310352044,0.010416666666666666,0.010416666666666666,0.08138020833333334
fixed_floor,125,4,1.9761969838327786e-14,28.799999999999997,0,29.623515652086386,0.0,0.6037178903846777,0,1.3125,0.005,0.25,0,59.50418817689871,0.0,478.38951299538337,0,0.0,0.0,1.0,0.7474836140552865,0.0,0.0,0.08203125
fixed_floor,126,4,2.736699755701011e-14,28.799999999999997,0,29.257270553337833,0.0,0.5880777962265566,0,1.3125,0.0,0,0,59.520000192000005,0.0,478.2428937373934,0,0.0,0.0,1.0,0.7472545214646772,0.0,0.0,0.08203125
fixed_floor,127,4,2.1038726316646716e-14,28.799999999999997,0,29.31021521629395,0.0,0.5755102040816324,0,1.3125,0.01,0.5,0.5,58.910000192000005,0.0,478.7775987496057,0,0.009600034505423998,0.0,1.0,0.748089998046259,0.020833333333333332,0.0,0.08203125
fixed_floor,128,4,2.6367796834847468e-14,28.779999999999998,0,29.045386468197876,0.0,0.5755102040816324,0.5,1.3125,0.01,0.5,0.5,58.32000019200001,0.019999999999999907,479.04747501372196,0,0.010408482308433992,0.0,0.9993055555555556,0.7485116797089406,0.020833333333333332,0.020833333333333332,0.08203125
fixed_floor,129,4,7.605027718682322e-14,28.199999999999996,0,29.074619975618415,0.0,0.5632653061224487,0.5,1.3333333333333333,0.02,1,1,57.700000192000005,0.6,479.95882968321797,0,0.020918436520521163,0.0,0.9791666666666666,0.749935671380028,0.041666666666666664,0.020833333333333332,0.08333333333333333
fixed_floor,130,4,6.639133687258436e-14,28.799999999999997,0,29.187665701862713,0.0,0.6253061224489793,0,1.3333333333333333,0.02,1,0,59.520000192000005,0.0,477.8811892626318,0,0.0,0.0,1.0,0.7466893582228622,0.0,0.0,0.08333333333333333
fixed_floor,131,4,5.395683899678261e-14,28.799999999999997,0,29.039861380088386,0.0,0.587755102040816,0,1.3333333333333333,0.0,0,0,59.520000192000005,0.0,477.5332955406793,0,0.0,0.0,1.0,0.7461457742823114,0.0,0.0,0.08333333333333333
fixed_floor,132,4,6.44068132160669e-14,28.799999999999997,0,29.06021723662744,0.0,0.551020408163265,0,1.3333333333333333,0.03,1.5,1.5,57.69000019200001,0.0,479.0424923691436,0,0.028943282130256206,0.0,1.0,0.7485038943267869,0.0625,0.0,0.08333333333333333
fixed_floor,133,4,5.5011550870176507e-14,28.79,0,28.8130893218694,0.0,0.6010204081632651,0.25,1.3333333333333333,0.04,2,0.75,58.310000192000004,0.009999999999999953,477.8045612828497,0,0.009670036734389978,0.0,0.9996527777777778,0.7465696270044526,0.03125,0.010416666666666666,0.08333333333333333
fixed_floor,134,4,1.6930901125533637e-14,28.779999999999998,0,29.37076921475125,0.0,0.5511224489795916,0.5,1.34375,0.045,2.25,2,56.490000192000004,0.019999999999999907,479.61920804862143,0,0.039385701939272676,0.0,0.9993055555555556,0.749405012575971,0.08333333333333333,0.020833333333333332,0.083984375
fixed_floor,135,4,2.5923707624997405e-14,28.18,0,28.95436032553177,0.0,0.5885714285714283,1,1.3645833333333333,0.04,2,1,57.110000192,0.6200000000000003,479.14499694558174,0,0.011374171485910498,0.0,0.9784722222222223,0.7486640577274715,0.041666666666666664,0.041666666666666664,0.08528645833333333
fixed_floor,136,4,5.287437154777308e-14,28.799999999999997,0,29.4337503039706,0.0,0.6128571428571425,0,1.3854166666666665,0.04,2,1,58.300000192000006,0.0,477.93589010669524,0,0.019291908910425395,0.0,1.0,0.7467748282917113,0.041666666666666664,0.0,0.08658854166666666
fixed_floor,137,4,3.730349362740526e-14,28.779999999999998,0,29.102958026506705,0.0,0.5881632653061222,0.5,1.3854166666666665,0.02,1,0.5,58.320000192,0.02000000000000013,477.63068486789587,0,0.0,0.0,0.9993055555555556,0.7462979451060873,0.020833333333333332,0.020833333333333332,0.08658854166666666
fixed_floor,138,4,7.022160630754115e-14,28.799999999999997,0,29.897436026338212,0.0,0.6124489795918364,0,1.40625,0.01,0.5,0,59.520000192000005,0.0,476.9056719146423,0,0.0,0.0,1.0,0.7451651123666286,0.0,0.0,0.087890625
fixed_floor,139,4,5.839773109528323e-14,28.799999999999997,0,29.12595621388307,0.0,0.587755102040816,0,1.40625,0.0,0,0,59.520000192000005,0.0,476.6438730264846,0,0.0,0.0,1.0,0.7447560516038821,0.0,0.0,0.087890625
fixed_floor,140,4,4.8627768478581856e-14,28.799999999999997,0,29.641577234566903,0.0,0.587755102040816,0,1.40625,0.0,0,0,59.520000192000005,0.0,476.8976951590107,0,0.0,0.0,1.0,0.7451526486859542,0.0,0.0,0.087890625
fixed_floor,141,4,1.3988810110276972e-14,28.799999999999997,0,29.891778224207684,0.0,0.587755102040816,0,1.40625,0.0,0,0,59.520000192000005,0.0,477.4017182811776,0,0.0,0.0,1.0,0.74594018481434,0.0,0.0,0.087890625
fixed_floor,142,4,4.596323321948148e-14,28.799999999999997,0,29.5598864095608,0.0,0.587755102040816,0,1.40625,0.0,0,0,59.520000192000005,0.0,477.5738495886976,0,0.0,0.0,1.0,0.7462091399823401,0.0,0.0,0.087890625
fixed_floor,143,4,1.84297022087776e-14,28.799999999999997,0,29.540071609730273,0.0,0.587755102040816,0,1.40625,0.0,0,0,59.520000192000005,0.0,477.72616609638703,0,0.0,0.0,1.0,0.7464471345256047,0.0,0.0,0.087890625
fixed_floor,144,4,4.1522341120980855e-14,28.799999999999997,0,29.23555305874993,0.0,0.587755102040816,0,1.40625,0.0,0,0,59.520000192000005,0.0,477.57396405309623,0,0.0,0.0,1.0,0.7462093188329628,0.0,0.0,0.087890625
fixed_floor,145,4,4.241051954068098e-14,28.799999999999997,0,29.696286706429092,0.0,0.587755102040816,0,1.40625,0.0,0,0,59.520000192000005,0.0,477.8824956574845,0,0.0,0.0,1.0,0.7466913994648195,0.0,0.0,0.087890625
fixed_floor,146,4,6.544764730165298e-14,28.799999999999997,0,29.112212732041165,0.0,0.5755102040816324,0,1.40625,0.01,0.5,0.5,58.910000192000005,0.0,478.2191981854441,0,0.009663820786880467,0.0,1.0,0.7472174971647564,0.020833333333333332,0.0,0.087890625
fixed_floor,147,4,7.824296766045791e-14,28.799999999999997,0,29.366833515743444,0.0,0.6004081632653059,0,1.40625,0.01,0.5,0,59.520000192000005,0.0,477.56562353792225,0,0.0,0.0,1.0,0.7461962867780035,0.0,0.0,0.087890625
fixed_floor,148,4,2.992051051364797e-14,28.799999999999997,0,29.115670614158546,0.0,0.5755102040816324,0,1.40625,0.01,0.5,0.5,58.910000192000005,0.0,477.9057839479992,0,0.00966305285504596,0.0,1.0,0.7467277874187488,0.020833333333333332,0.0,0.087890625
fixed_floor,149,4,3.141931159689193e-14,28.79,0,29.1540707434165,0.0,0.5879591836734691,0.25,1.40625,0.01,0.5,0.25,58.920000192,0.010000000000000175,477.66189550774226,0,0.0,0.0,0.9996527777777778,0.7463467117308473,0.010416666666666666,0.010416666666666666,0.087890625
fixed_floor,150,4,9.717227023031683e-14,28.799999999999997,0,29.29345302767758,0.0,0.6001020408163262,0,1.4166666666666665,0.005,0.25,0,59.520000192000005,0.0,476.95024649460356,0,0.0,0.0,1.0,0.7452347601478181,0.0,0.0,0.08854166666666666
fixed_floor,151,4,6.550315845288424e-14,28.799999999999997,0,29.035119266187188,0.0,0.587755102040816,0,1.4166666666666665,0.0,0,0,59.520000192000005,0.0,476.59761065874994,0,0.0,0.0,1.0,0.7446837666542968,0.0,0.0,0.08854166666666666
fixed_floor,152,4,5.3013149425851225e-14,28.799999999999997,0,28.86054697490423,0.0,0.5755102040816324,0,1.4166666666666665,0.01,0.5,0.5,58.910000192000005,0.0,476.68264742957257,0,0.009552560578096184,0.0,1.0,0.7448166366087071,0.020833333333333332,0.0,0.08854166666666666
fixed_floor,153,4,6.225575610585565e-14,28.799999999999997,0,29.121446676338746,0.0,0.6004081632653059,0,1.4166666666666665,0.01,0.5,0,59.520000192000005,0.0,475.78368594264606,0,0.0,0.0,1.0,0.7434120092853844,0.0,0.0,0.08854166666666666
fixed_floor,154,4,3.9593328615694645e-14,28.799999999999997,0,28.945071090282266,0.0,0.5632653061224487,0,1.4166666666666665,0.02,1,1,58.300000192000006,0.0,476.56549172680593,0,0.019236295488011892,0.0,1.0,0.7446335808231342,0.041666666666666664,0.0,0.08854166666666666
fixed_floor,155,4,3.7664316110408436e-14,28.799999999999997,0,29.404417559808586,0.0,0.6130612244897957,0,1.4166666666666665,0.02,1,0,59.520000192000005,0.0,475.31684806212473,0,0.0,0.0,1.0,0.7426825750970699,0.0,0.0,0.08854166666666666
fixed_floor,156,4,6.884770531456752e-14,28.799999999999997,0,28.927365169898636,0.0,0.551020408163265,0,1.4166666666666665,0.03,1.5,1.5,57.69000019200001,0.0,476.69319282386016,0,0.028697332759801072,0.0,1.0,0.7448331137872815,0.0625,0.0,0.08854166666666666
fixed_floor,157,4,6.292188992063075e-14,28.759999999999998,0,29.059444438535408,0.0,0.5636734693877549,1,1.4166666666666665,0.04,2,1.5,56.51000019200001,0.04000000000000026,477.5689637930078,0,0.020338781221618096,0.0,0.9986111111111111,0.7462015059265747,0.0625,0.041666666666666664,0.08854166666666666
fixed_floor,158,4,1.454392162258955e-14,28.18,0,28.82025003867401,0.0,0.5759919708558684,1,1.4479166666666665,0.03,1.5,1,56.523606763937565,0.6199999999999999,477.5896152888884,0,0.0221749128473232,0.0,0.9784722222222223,0.7462337738888881,0.041666666666666664,0.041666666666666664,0.09049479166666666
fixed_floor,159,4,6.025735466153037e-14,27.90860657193756,0,29.159249182113363,0.0,0.5765927524112726,0.75,1.46875,0.035,1.75,1.25,56.83304506015237,0.8913934280624376,477.9192268504381,0,0.021289226250898137,0.0,0.9690488393033876,0.7467487919538096,0.052083333333333336,0.03125,0.091796875
fixed_floor,160,4,3.466671394392051e-14,28.499999999999996,0,29.1484429555341,0.0,0.60984980818108,0.25,1.46875,0.035,1.75,0.75,58.18068566102531,0.3,476.57517939691826,0,0.009651423204954183,0.0,0.9895833333333333,0.7446487178076848,0.03125,0.010416666666666666,0.091796875
fixed_floor,161,4,6.838973831690964e-14,28.779999999999998,0,29.185890391066618,0.0,0.577340247612501,0.5,1.46875,0.025,1.25,1,57.665357794037874,0.019999999999999907,476.89405740735987,0,0.020186838284275255,0.0,0.9993055555555556,0.7451469646989998,0.041666666666666664,0.020833333333333332,0.091796875
fixed_floor,162,4,2.578492974691926e-14,28.49,0,29.193307792349078,0.0,0.5945686721674215,0.5,1.4895833333333335,0.02,1,0.5,58.28922273024154,0.31000000000000016,476.35893159133786,0,0.011417750124115245,0.0,0.9892361111111112,0.7443108306114654,0.020833333333333332,0.020833333333333332,0.09309895833333334
fixed_floor,163,4,-3.3029134982598407e-15,28.799999999999997,0,29.199788516396165,0.0,0.5883181285295724,0,1.5,0.030000000000000002,1.5,1,58.286811028190606,0.0,476.14281368125546,0,0.019408643146384973,0.0,1.0,0.7439731463769617,0.041666666666666664,0.0,0.09375
fixed_floor,164,4,6.245004513516506e-14,28.799999999999997,0,29.30972409297121,0.0,0.600816326530612,0,1.5,0.03,1.5,0.5,58.896811028190605,0.0,475.4117214476961,0,0.009718368022967317,0.0,1.0,0.7428308147620252,0.020833333333333332,0.0,0.09375
fixed_floor,165,4,2.868538739875248e-14,28.79,0,29.046807675720807,0.0,0.5637385543634568,0.25,1.5,0.03,1.5,1.25,57.700000192000005,0.009999999999999953,476.27160140524404,0,0.019179840659067877,0.0,0.9996527777777778,0.7441743771956938,0.052083333333333336,0.010416666666666666,0.09375
fixed_floor,166,4,9.43689570931383e-15,28.779999999999998,0,29.537612058191456,0.0,0.6005102040816324,0.5,1.5104166666666667,0.025,1.25,0.5,58.320000192,0.02000000000000035,475.78370325935384,0,0.0,0.0,0.9993055555555556,0.7434120363427403,0.020833333333333332,0.020833333333333332,0.09440104166666667
fixed_floor,167,4,5.42343947529389e-14,28.799999999999997,0,29.695762899872165,0.0,0.6124489795918364,0,1.53125,0.01,0.5,0,59.520000192000005,0.0,474.8570171796342,0,0.0,0.0,1.0,0.7419640893431785,0.0,0.0,0.095703125
fixed_floor,168,4,3.26405569239796e-14,28.799999999999997,0,29.64025343717584,0.0,0.587755102040816,0,1.53125,0.0,0,0,59.520000192000005,0.0,475.1095155147693,0,0.0,0.0,1.0,0.7423586179918271,0.0,0.0,0.095703125
fixed_floor,169,4,4.773959005888173e-14,28.799999999999997,0,29.895209782086887,0.0,0.587755102040816,0,1.53125,0.0,0,0,59.520000192000005,0.0,475.6169701948154,0,0.0,0.0,1.0,0.7431515159293991,0.0,0.0,0.095703125
fixed_floor,170,4,8.770761894538737e-14,28.799999999999997,0,29.75295759514564,0.0,0.587755102040816,0,1.53125,0.0,0,0,59.520000192000005,0.0,475.9821726879203,0,0.0,0.0,1.0,0.7437221448248754,0.0,0.0,0.095703125
fixed_floor,171,4,5.839773109528323e-14,28.799999999999997,0,29.460489807124333,0.0,0.587755102040816,0,1.53125,0.0,0,0,59.520000192000005,0.0,476.0549073930038,0,0.0,0.0,1.0,0.7438357928015684,0.0,0.0,0.095703125
fixed_floor,172,4,5.484501741648273e-14,28.799999999999997,0,29.409789660900913,0.0,0.587755102040816,0,1.53125,0.0,0,0,59.520000192000005,0.0,476.07694195186394,0,0.0,0.0,1.0,0.7438702217997875,0.0,0.0,0.095703125
fixed_floor,173,4,7.616129948928574e-14,28.799999999999997,0,29.160102329842353,0.0,0.587755102040816,0,1.53125,0.0,0,0,59.520000192000005,0.0,475.8492891796655,0,0.0,0.0,1.0,0.7435145143432274,0.0,0.0,0.095703125
fixed_floor,174,4,2.992051051364797e-14,28.799999999999997,0,29.305778241175403,0.0,0.5755102040816324,0,1.53125,0.01,0.5,0.5,58.910000192000005,0.0,476.3795572167593,0,0.009711731304938858,0.0,1.0,0.7443430581511864,0.020833333333333332,0.0,0.095703125
fixed_floor,175,4,6.072919944699606e-14,28.79,0,29.509365770929524,0.0,0.5879591836734691,0.25,1.53125,0.01,0.5,0.25,58.920000192,0.009999999999999953,476.4909638040154,0,0.0,0.0,0.9996527777777778,0.744517130943774,0.010416666666666666,0.010416666666666666,0.095703125
fixed_floor,176,4,3.758104938356155e-14,28.799999999999997,0,29.3495078683045,0.0,0.5878571428571426,0,1.5416666666666667,0.015,0.75,0.5,58.910000192000005,0.0,476.4476145294628,0,0.009708389457774871,0.0,1.0,0.7444493977022856,0.020833333333333332,0.0,0.09635416666666667
fixed_floor,177,4,8.623657343775903e-14,28.799999999999997,0,29.3283164609157,0.0,0.6004081632653059,0,1.5416666666666667,0.01,0.5,0,59.520000192000005,0.0,475.7555228271132,0,0.0,0.0,1.0,0.7433680044173644,0.0,0.0,0.09635416666666667
fixed_floor,178,4,7.166489623955385e-14,28.799999999999997,0,29.331208416938654,0.0,0.5755102040816324,0,1.5416666666666667,0.01,0.5,0.5,58.910000192000005,0.0,476.3112210399703,0,0.009546634623549858,0.0,1.0,0.7442362828749536,0.020833333333333332,0.0,0.09635416666666667
fixed_floor,179,4,3.91631171936524e-14,28.799999999999997,0,29.13289707375883,0.0,0.6004081632653059,0,1.5416666666666667,0.01,0.5,0,59.520000192000005,0.0,475.42370995046383,0,0.0,0.0,1.0,0.7428495467975997,0.0,0.0,0.09635416666666667
fixed_floor,180,4,6.716849298982197e-14,28.799999999999997,0,28.9981172243517,0.0,0.5632653061224487,0,1.5416666666666667,0.02,1,1,58.300000192000006,0.0,476.2585618686931,0,0.019197303596922004,0.0,1.0,0.744154002919833,0.041666666666666664,0.0,0.09635416666666667
fixed_floor,181,4,2.756128658631951e-14,28.779999999999998,0,29.05012932361592,0.0,0.5881632653061222,0.5,1.5416666666666667,0.02,1,0.5,58.32000019200001,0.02000000000000035,475.90052792700294,0,0.010422363106825391,0.0,0.9993055555555556,0.743594574885942,0.020833333333333332,0.020833333333333332,0.09635416666666667
fixed_floor,182,4,4.4325654258159375e-14,28.799999999999997,0,29.46290834236213,0.0,0.5879591836734691,0,1.5625,0.03,1.5,1,58.300000192000006,0.0,475.96547708569165,0,0.030576933528649278,0.0,1.0,0.7436960579463932,0.041666666666666664,0.0,0.09765625
fixed_floor,183,4,6.433742427702782e-14,28.799999999999997,0,29.37823358437,0.0,0.6130612244897957,0,1.5625,0.02,1,0,59.520000192000005,0.0,474.69064944557186,0,0.012065044991767457,0.0,1.0,0.7417041397587061,0.0,0.0,0.09765625
fixed_floor,184,4,5.562217353372034e-14,28.799999999999997,0,29.297661827194794,0.0,0.5632653061224487,0,1.5625,0.02,1,1,58.300000192000006,0.0,475.8250459666442,0,0.031824751798582504,0.0,1.0,0.7434766343228816,0.041666666666666664,0.0,0.09765625
fixed_floor,185,4,4.315992008230296e-14,28.79,0,29.031683387445252,0.0,0.5883673469387752,0.25,1.5625,0.03,1.5,0.75,58.310000192000004,0.010000000000000175,475.4383620071508,0,0.022915485626736766,0.0,0.9996527777777778,0.7428724406361731,0.03125,0.010416666666666666,0.09765625
fixed_floor,186,4,3.0142555118573e-14,28.79,0,29.306813208982447,0.0,0.5880612244897957,0.25,1.5729166666666667,0.025,1.25,0.75,58.310000192000004,0.009999999999999953,475.34211399164343,0,0.023352846124105427,0.0,0.9996527777777778,0.7427220531119428,0.03125,0.010416666666666666,0.09830729166666667
fixed_floor,187,4,4.9960036108132044e-14,28.49,0,29.497025268101364,0.0,0.5695918367346936,0.5,1.5833333333333333,0.025,1.25,1,57.70500019200001,0.31000000000000016,476.3595474230101,0,0.02377450059074717,0.0,0.9892361111111112,0.7443117928484533,0.041666666666666664,0.020833333333333332,0.09895833333333333
fixed_floor,188,4,4.7628567756419216e-14,28.779999999999998,0,29.194242638115558,0.0,0.5958662158724694,0.5,1.59375,0.02,1,0.5,58.10244476975102,0.019999999999999907,475.7604792675022,0,0.014521352760351828,0.0,0.9993055555555556,0.7433757488554722,0.020833333333333332,0.020833333333333332,0.099609375
fixed_floor,189,4,4.2271741662602835e-14,28.799999999999997,0,29.209985968035124,0.0,0.6117891299455923,0,1.6145833333333333,0.01,0.5,0,59.27011213708505,0.0,474.3810087382577,0,0.014790548125699198,0.0,1.0,0.7412203261535277,0.0,0.0,0.10091145833333333
fixed_floor,190,4,3.9690473130349346e-14,28.799999999999997,0,29.604423006498486,0.0,0.5928548582635702,0,1.6145833333333333,0.0,0,0,59.520000192000005,0.0,474.3426888315778,0,0.014997929391752821,0.0,1.0,0.7411604512993403,0.0,0.0,0.10091145833333333
fixed_floor,191,4,5.928590951498336e-14,28.799999999999997,0,29.108098873699472,0.0,0.587755102040816,0,1.6145833333333333,0.0,0,0,59.520000192000005,0.0,474.0630326032364,0,0.015137910597270893,0.0,1.0,0.7407234884425569,0.0,0.0,0.10091145833333333
fixed_floor,192,4,6.994405055138486e-14,28.799999999999997,0,29.323903925412424,0.0,0.587755102040816,0,1.6145833333333333,0.0,0,0,59.520000192000005,0.0,473.99918142660806,0,0.015258169758284649,0.0,1.0,0.7406237209790751,0.0,0.0,0.10091145833333333
fixed_floor,193,4,6.011857678345223e-14,28.799999999999997,0,29.258901407448633,0.0,0.5755102040816324,0,1.6145833333333333,0.01,0.5,0.5,58.910000192000005,0.0,474.4825726299751,0,0.024890270065422514,0.0,1.0,0.7413790197343361,0.020833333333333332,0.0,0.10091145833333333
fixed_floor,194,4,5.2485793489154275e-14,28.799999999999997,0,29.339652568338884,0.0,0.6004081632653059,0,1.6145833333333333,0.01,0.5,0,59.520000192000005,0.0,473.8018170350487,0,0.015412554497597411,0.0,1.0,0.7403153391172637,0.0,0.0,0.10091145833333333
fixed_floor,195,4,5.21249710061511e-14,28.799999999999997,0,29.243614539357814,0.0,0.5755102040816324,0,1.6145833333333333,0.01,0.5,0.5,58.910000192000005,0.0,474.26992137032494,0,0.0249169642851448,0.0,1.0,0.7410467521411327,0.020833333333333332,0.0,0.10091145833333333
fixed_floor,196,4,1.3655743202889425e-14,28.79,0,29.183712970774614,0.0,0.5879591836734691,0.25,1.6145833333333333,0.01,0.5,0.25,58.920000192,0.010000000000000175,474.0556751574261,0,0.015520583147737207,0.0,0.9996527777777778,0.7407119924334783,0.010416666666666666,0.010416666666666666,0.10091145833333333
fixed_floor,197,4,6.336597913048081e-14,28.799999999999997,0,29.052396137613233,0.0,0.5878571428571426,0,1.625,0.015,0.75,0.5,58.910000192000005,0.0,473.7152141521822,0,0.025137916853463924,0.0,1.0,0.7401800221127848,0.020833333333333332,0.0,0.1015625
fixed_floor,198,4,4.679590048795035e-14,28.779999999999998,0,29.41847957862201,0.0,0.5755102040816324,0.5,1.625,0.01,0.5,0.5,58.32000019200001,0.019999999999999907,474.35818352672266,0,0.026072515606607775,0.0,0.9993055555555556,0.7411846617605041,0.020833333333333332,0.020833333333333332,0.1015625
fixed_floor,199,4,2.756128658631951e-14,28.799999999999997,0,29.42394895329349,0.0,0.6124489795918364,0,1.6354166666666667,0.01,0.5,0,59.520000192000005,0.0,473.1596835004243,0,0.02690774004111534,0.0,1.0,0.739312005469413,0.0,0.0,0.10221354166666667
fixed_floor,200,4,8.060219158778636e-14,28.799999999999997,0,29.37958720215524,0.0,0.587755102040816,0,1.6354166666666667,0.0,0,0,59.520000192000005,0.0,473.1515156005388,0,0.027732412575518908,0.0,1.0,0.7392992431258418,0.0,0.0,0.10221354166666667
fixed_floor,201,4,6.461498003318411e-14,28.799999999999997,0,29.086621762501032,0.0,0.587755102040816,0,1.6354166666666667,0.0,0,0,59.520000192000005,0.0,472.850382260999,0,0.02842112106137261,0.0,1.0,0.7388287222828109,0.0,0.0,0.10221354166666667
fixed_floor,202,4,1.201816424156732e-14,28.799999999999997,0,29.470496557117162,0.004065172555223716,0.5571428571428569,0,1.6354166666666667,0.025,1.25,1.25,57.995000192000006,0.0,474.46373596097334,0,0.04874934741950525,0.0,1.0,0.7413495874390208,0.052083333333333336,0.0,0.10221354166666667
fixed_floor,203,4,6.886158310237533e-14,28.75,0,29.141155871016466,0.004863555722686276,0.5571428571428569,1.25,1.6354166666666667,0.025,1.25,1.25,56.520000192000005,0.04999999999999977,475.747748974847,0,0.05099246347552449,0.0,0.998263888888889,0.7433558577731985,0.052083333333333336,0.052083333333333336,0.10221354166666667
fixed_floor,204,4,7.130407375655068e-14,28.799999999999997,0,28.92308234846167,0.005139132418892149,0.6387176028764407,0,1.65625,0.025,1.25,0,58.992162732945616,0.0,472.73495117948664,0,0.038726537938075206,0.0,1.0,0.7386483612179479,0.0,0.0,0.103515625
fixed_floor,205,4,6.342149028171207e-14,28.799999999999997,0,29.352710986936295,0.0045621916077863995,0.5387755102040814,0,1.65625,0.04,2,2,56.55216273294561,0.0,475.1488866562189,0,0.06936350188801348,0.0,1.0,0.742420135400342,0.08333333333333333,0.0,0.103515625
fixed_floor,206,4,1.6792123247455493e-14,28.242162540945607,0,29.024209032545567,0.005023388746158931,0.6010204081632651,0.75,1.65625,0.04,2,0.75,57.720000192,0.5578374590543929,474.1220752806012,0,0.04149727759307559,0.0,0.9806306437828337,0.7408157426259394,0.03125,0.03125,0.103515625
fixed_floor,207,4,5.0084936198402374e-14,28.799999999999997,0,29.053654773304032,0.0047828047932741615,0.575816326530612,0,1.65625,0.055,2.75,2,57.08000019200001,0.0,474.3849137273747,0,0.05411313700048152,0.0,1.0,0.7412264276990229,0.08333333333333333,0.0,0.103515625
fixed_floor,208,4,1.762479051592436e-14,28.769999999999996,0,28.995597830955024,0.005188106323790154,0.5826530612244896,0.75,1.65625,0.055,2.75,1.5,56.80500019200001,0.030000000000000304,474.2478584971052,0,0.025419112673574665,0.0,0.9989583333333333,0.7410122789017268,0.0625,0.03125,0.103515625
fixed_floor,209,4,4.488076577047195e-14,28.769999999999996,0,29.533415808783367,0.005301832019034605,0.5941836734693875,0.75,1.6875,0.04,2,1.25,57.110000192,0.02999999999999986,474.07209063241925,0,0.03596007043818168,0.0,0.9989583333333333,0.740737641613155,0.052083333333333336,0.03125,0.10546875
fixed_floor,210,4,3.758104938356155e-14,28.79,0,29.429871164159938,0.005423008451664815,0.6249999999999998,0.25,1.6875,0.025,1.25,0.25,58.920000192,0.010000000000000175,472.2519617965792,0,0.027114327624287005,0.0,0.9996527777777778,0.737893690307155,0.010416666666666666,0.010416666666666666,0.10546875
fixed_floor,211,4,1.469657728847551e-14,28.499999999999996,0,29.651333043473272,0.005440389998719304,0.5571428571428569,0.25,1.6979166666666667,0.025,1.25,1.25,57.695000192,0.3,474.04615198290963,0,0.03767098951831367,0.0,0.9895833333333333,0.7406971124732963,0.052083333333333336,0.010416666666666666,0.10611979166666667
fixed_floor,212,4,5.322131624296844e-14,28.759999999999998,0,29.133749715485845,0.004979750458215352,0.5713408689872692,1,1.6979166666666667,0.025,1.25,1,56.905702772376216,0.039999999999999813,474.61285824903206,0,0.03924007031876412,0.0,0.9986111111111111,0.7415825910141126,0.041666666666666664,0.041666666666666664,0.10611979166666667
fixed_floor,213,4,1.915134717478395e-14,28.799999999999997,0,29.536889944177524,0.0052755173483253716,0.6282747755022057,0,1.6979166666666667,0.03,1.5,0.5,58.8611667719843,0.0,472.7360094180993,0,0.036783221868689576,0.0,1.0,0.7386500147157802,0.020833333333333332,0.0,0.10611979166666667
fixed_floor,214,4,6.816769371198461e-14,28.779999999999998,0,29.534341179336202,0.004851447024428432,0.5642619065309324,0.5,1.6979166666666667,0.02,1,1,57.710000192,0.019999999999999907,474.0572552708889,0,0.04813843979263693,0.0,0.9993055555555556,0.7407144613607639,0.041666666666666664,0.020833333333333332,0.10611979166666667
fixed_floor,215,4,2.4702462297909733e-14,28.199999999999996,0,29.275184942522817,0.004645020681617553,0.5575510204081631,0.5,1.71875,0.045,2.25,1.75,56.785000192000005,0.6,475.45488919300357,0,0.05952807770261203,0.0,0.9791666666666666,0.742898264364068,0.07291666666666667,0.020833333333333332,0.107421875
fixed_floor,216,4,2.2593038551121936e-14,28.769999999999996,0,29.79305380195381,0.004904495214381467,0.5824489795918365,0.75,1.71875,0.05500000000000001,2.75,1.75,56.500000192,0.02999999999999986,476.1254940153656,0,0.05940952421577154,0.0,0.9989583333333333,0.7439460843990087,0.07291666666666667,0.03125,0.107421875
fixed_floor,217,4,1.559863349598345e-14,28.79,0,29.45393707029729,0.004753810589808823,0.6254081632653059,0.25,1.71875,0.045000000000000005,2.25,0.75,58.310000192000004,0.010000000000000175,474.3090229223976,0,0.03698603191259295,0.0,0.9996527777777778,0.7411078483162463,0.03125,0.010416666666666666,0.107421875
fixed_floor,218,4,5.415112802609201e-14,28.499999999999996,0,29.039406112295453,0.0046555930023577195,0.5820408163265304,0.25,1.7291666666666667,0.025,1.25,0.75,58.30500019200001,0.3,474.2463882183665,0,0.03770672047327907,0.0,0.9895833333333333,0.7410099815911977,0.03125,0.010416666666666666,0.10807291666666667
fixed_floor,219,4,6.428191312579656e-14,28.79,0,29.2334010531578,0.0046976789702009095,0.5840908823192865,0.25,1.7291666666666667,0.025,1.25,0.75,58.110453425645055,0.010000000000000175,474.27524515556,0,0.038098632594279765,0.0,0.9996527777777778,0.7410550705555625,0.03125,0.010416666666666666,0.10807291666666667
fixed_floor,220,4,4.113376306236205e-14,28.779999999999998,0,29.254953662005416,0.005002910797671911,0.5488579321051043,0.5,1.7395833333333335,0.05,2.5,2.25,56.17449209879518,0.02000000000000035,476.08730221231025,0,0.06863977809568829,0.0,0.9993055555555556,0.7438864097067348,0.09375,0.020833333333333332,0.10872395833333334
fixed_floor,221,4,2.4064084058750268e-14,28.159999999999997,0,29.58397689607439,0.0049168218180918885,0.5702144508817311,1.5,1.7604166666666667,0.045,2.25,1.5,55.910000192000005,0.6399999999999998,477.1605565642981,0,0.05163874016997334,0.0,0.9777777777777777,0.7455633696317158,0.0625,0.0625,0.11002604166666667
fixed_floor,222,4,4.168887457467463e-14,28.799999999999997,0,29.60774591678823,0.0045955626831718464,0.6497959183673467,0,1.7708333333333333,0.04,2,0.5,58.910000192000005,0.0,474.27850656271903,0,0.036828674960584715,0.0,1.0,0.7410601665042484,0.020833333333333332,0.0,0.11067708333333333
fixed_floor,223,4,9.35918009759007e-14,28.79,0,29.409972173337664,0.005459499773183949,0.5879591836734691,0.25,1.7708333333333333,0.01,0.5,0.25,58.920000192,0.010000000000000175,474.2905195523833,0,0.02792218954290173,0.0,0.9996527777777778,0.7410789368005989,0.010416666666666666,0.010416666666666666,0.11067708333333333
fixed_floor,224,4,4.746203430272544e-15,28.799999999999997,0,29.596674147656607,0.005258474256448293,0.5878571428571426,0,1.78125,0.015,0.75,0.5,58.910000192000005,0.0,474.4943365571827,0,0.03826227773979449,0.0,1.0,0.7413974008705979,0.020833333333333332,0.0,0.111328125
fixed_floor,225,4,5.781486400735503e-14,28.799999999999997,0,29.628749051289816,0.005269109028410605,0.6004081632653059,0,1.78125,0.01,0.5,0,59.520000192000005,0.0,474.1026774452073,0,0.029156796654826882,0.0,1.0,0.7407854335081364,0.0,0.0,0.111328125
fixed_floor,226,4,4.135580766728708e-14,28.799999999999997,0,29.096731149330157,0.004901796232258008,0.5571428571428569,0,1.78125,0.025,1.25,1.25,57.995000192000006,0.0,475.34226573739465,0,0.049312775960617804,0.0,1.0,0.7427222902146792,0.052083333333333336,0.0,0.111328125
fixed_floor,227,4,1.887379141862766e-14,28.759999999999998,0,29.60605989782751,0.004650635003940192,0.5695918367346936,1,1.78125,0.025,1.25,1,57.120000192000006,0.040000000000000036,476.46873379848745,0,0.0408380694017604,0.0,0.9986111111111111,0.7444823965601366,0.041666666666666664,0.041666666666666664,0.111328125
fixed_floor,228,4,2.1621593404574924e-14,28.799999999999997,0,29.541911330819055,0.005256914938234585,0.6371428571428569,0,1.7916666666666667,0.02,1,0,59.520000192000005,0.0,474.1535022721637,0,0.027263274097819815,0.0,1.0,0.7408648473002557,0.0,0.0,0.11197916666666667
fixed_floor,229,4,4.85722573273506e-14,28.799999999999997,0,29.12665878258458,0.005068579965301737,0.5755102040816324,0,1.7916666666666667,0.01,0.5,0.5,58.910000192000005,0.0,474.5046508506666,0,0.03769584381973843,0.0,1.0,0.7414135169541666,0.020833333333333332,0.0,0.11197916666666667
fixed_floor,230,4,3.9690473130349346e-14,28.779999999999998,0,29.395829749892645,0.004991985288058866,0.5755102040816324,0.5,1.7916666666666667,0.01,0.5,0.5,58.32000019200001,0.019999999999999907,475.1249703964777,0,0.03934911910291068,0.0,0.9993055555555556,0.7423827662444964,0.020833333333333332,0.020833333333333332,0.11197916666666667
fixed_floor,231,4,4.221623051137158e-14,28.435542119797603,0,29.72718536666141,0.0054823946677571974,0.568174328975461,0.25,1.8020833333333333,0.02,1,0.75,57.70500019200001,0.364457880202395,476.44343931436606,0,0.05039347073483837,0.0,0.9873452124929725,0.744442873928697,0.03125,0.010416666666666666,0.11263020833333333
fixed_floor,232,4,5.309641615269811e-14,28.499999999999996,0,29.35531631605655,0.0054948180829898765,0.594489795918367,0.25,1.8020833333333333,0.03,1.5,0.75,58.30500019200001,0.3,476.0742658345043,0,0.0392666400049607,0.0,0.9895833333333333,0.7438660403664129,0.03125,0.010416666666666666,0.11263020833333333
fixed_floor,233,4,5.77871084317394e-14,28.49,0,29.200127651453474,0.005170767732544229,0.5389795918367345,0.5,1.8020833333333333,0.05,2.5,2.25,56.175000192000006,0.30999999999999994,478.325413894121,0,0.05881929379023507,0.0,0.9892361111111112,0.7473834592095641,0.09375,0.020833333333333332,0.11263020833333333
fixed_floor,234,4,9.631184738623233e-15,28.74,0,28.83046738488679,0.004877452215858184,0.5822448979591834,1.5,1.8125,0.045,2.25,1.5,55.920000192,0.05999999999999994,478.04363638104866,0,0.05142424532040511,0.0,0.9979166666666667,0.7469431818453885,0.0625,0.0625,0.11328125
fixed_floor,235,4,4.0523140398818214e-14,28.799999999999997,0,29.526220021133106,0.005402700934207119,0.6192558707066642,0,1.8229166666666665,0.055,2.75,1.25,57.408537856626566,0.0,476.6070628668486,0,0.05783110981567789,0.0,1.0,0.7446985357294509,0.052083333333333336,0.0,0.11393229166666666
fixed_floor,236,4,5.986877660291157e-14,28.458537664626558,0,29.044882643977296,0.004996686568635412,0.5387755102040814,1.5,1.8229166666666665,0.04,2,2,55.310000192000004,0.34146233537343984,478.7131700006218,0,0.07094493850382001,0.0,0.9881436689106444,0.7479893281259715,0.08333333333333333,0.0625,0.11393229166666666
fixed_floor,237,4,5.490052856771399e-14,28.479999999999997,0,29.293771042608384,0.0052421194595812706,0.6311224489795916,0.75,1.8541666666666665,0.04,2,0.75,57.715000192000005,0.3199999999999999,476.4508185942507,0,0.061992696028485644,0.0,0.9888888888888889,0.7444544040535167,0.03125,0.03125,0.11588541666666666
fixed_floor,238,4,3.6415315207705135e-14,28.499999999999996,0,29.800027492837355,0.004987264693107608,0.575816326530612,0.25,1.875,0.04,2,1.5,57.390000192,0.3,477.4600297605574,0,0.0703192821370749,0.0,0.9895833333333333,0.746031296500871,0.0625,0.010416666666666666,0.1171875
fixed_floor,239,4,2.736699755701011e-14,28.769999999999996,0,29.062653869733815,0.005297182093618197,0.594489795918367,0.75,1.875,0.03,1.5,0.75,57.720000192,0.02999999999999986,476.7981938343729,0,0.05123785079157798,0.0,0.9989583333333333,0.7449971778662077,0.03125,0.03125,0.1171875
fixed_floor,240,4,4.038436252074007e-14,28.799999999999997,0,29.481099747181315,0.0051856900333196,0.5941836734693875,0,1.8854166666666665,0.04,2,1.25,57.995000192000006,0.0,476.5701099080849,0,0.05957398438346187,0.0,1.0,0.7446407967313826,0.052083333333333336,0.0,0.11783854166666666
fixed_floor,241,4,4.285460875053104e-14,28.759999999999998,0,29.793203427069066,0.005118265523549237,0.5695918367346936,1,1.8854166666666665,0.025,1.25,1,57.120000192000006,0.040000000000000036,477.8837214984193,0,0.05197897352610965,0.0,0.9986111111111111,0.7466933148412801,0.041666666666666664,0.041666666666666664,0.11783854166666666
fixed_floor,242,4,4.1300296516055823e-14,28.499999999999996,0,29.290451144885918,0.004875375275501875,0.6003061224489793,0.25,1.8958333333333333,0.034999999999999996,1.75,1,58.000000192,0.3,477.15886652085624,0,0.06407025503235199,0.0,0.9895833333333333,0.7455607289388378,0.041666666666666664,0.010416666666666666,0.11848958333333333
fixed_floor,243,4,4.8128168117500536e-14,28.779999999999998,0,29.012282978788594,0.005424003127946771,0.5666106749828164,0.5,1.8958333333333333,0.04,2,1.5,56.943923266158016,0.019999999999999907,477.840615750504,0,0.06544387270293384,0.0,0.9993055555555556,0.7466259621101625,0.0625,0.020833333333333332,0.11848958333333333
fixed_floor,244,4,7.688294445529209e-14,28.759999999999998,0,29.264688935931563,0.005396953693696958,0.5845558587102068,1,1.8958333333333333,0.03,1.5,1,56.797160342958165,0.039999999999999813,477.87751175092524,0,0.05289845844162807,0.0,0.9986111111111111,0.7466836121108207,0.041666666666666664,0.041666666666666664,0.11848958333333333
fixed_floor,245,4,4.8377968298041196e-14,28.799999999999997,0,29.508894391545535,0.005478946444364031,0.6269808429315613,0,1.8958333333333333,0.03,1.5,0.5,58.68922164660468,0.0,476.03736399589275,0,0.05092132153344005,0.0,1.0,0.7438083812435824,0.020833333333333332,0.0,0.11848958333333333
fixed_floor,246,4,7.145672942243664e-14,28.779999999999998,0,28.993334196152347,0.004982349879498583,0.5448979591836732,0.5,1.8958333333333333,0.035,1.75,1.75,56.57422164660468,0.019999999999999907,477.78580023286145,0,0.07249009556146563,0.0,0.9993055555555556,0.746540312863846,0.07291666666666667,0.020833333333333332,0.11848958333333333
fixed_floor,247,4,6.829259380225494e-14,28.229221454604673,0,28.998826699457904,0.005067676019533528,0.5327551020408161,1.5,1.9166666666666665,0.06,3,2.75,54.390000192,0.5707785453953262,480.14687183027854,0,0.08537736221621418,0.0,0.9801813005071068,0.7502294872348102,0.11458333333333333,0.0625,0.11979166666666666
fixed_floor,248,4,3.397282455352979e-14,28.759999999999998,0,29.329991755366063,0.005461729188968723,0.6437755102040814,1,1.9375,0.055,2.75,1,57.120000192000006,0.039999999999999813,477.28808807544056,0,0.05170512928297625,0.0,0.9986111111111111,0.7457626376178759,0.041666666666666664,0.041666666666666664,0.12109375
fixed_floor,249,4,6.59472476627343e-14,28.799999999999997,0,29.730248611887426,0.005288410895749047,0.6248979591836732,0,1.9479166666666665,0.03,1.5,0.5,58.910000192000005,0.0,475.77343872814436,0,0.049064370064821214,0.0,1.0,0.7433959980127256,0.020833333333333332,0.0,0.12174479166666666
fixed_floor,250,4,7.605027718682322e-14,28.779999999999998,0,29.376844214951305,0.005498690970173961,0.5632653061224487,0.5,1.9479166666666665,0.02,1,1,57.71000019200001,0.02000000000000013,476.98701763697323,0,0.06102387230928691,0.0,0.9993055555555556,0.7452922150577707,0.041666666666666664,0.020833333333333332,0.12174479166666666
fixed_floor,251,4,4.068967385251199e-14,28.799999999999997,0,29.314583649209357,0.0049188374174949515,0.6210439352600015,0,1.9583333333333333,0.02,1,0,59.321153019740095,0.0,475.24940452318253,0,0.05347885812204094,0.0,1.0,0.7425771945674727,0.0,0.0,0.12239583333333333
fixed_floor,252,4,1.637578961322106e-14,28.799999999999997,0,29.097034319898366,0.005352069300647795,0.5387755102040814,0,1.9583333333333333,0.04,2,2,56.88115301974009,0.0,477.40766333287684,0,0.0839157845657059,0.0,1.0,0.74594947395762,0.08333333333333333,0.0,0.12239583333333333
fixed_floor,253,4,9.992007221626409e-16,28.531152827740087,0,29.13742656641558,0.005287531852042957,0.5512244897959181,1.75,1.9583333333333333,0.04,2,1.75,55.320000192,0.2688471722599126,478.98386540949656,0,0.077737574038887,0.0,0.9906650287409753,0.7484122897023384,0.07291666666666667,0.07291666666666667,0.12239583333333333
fixed_floor,254,4,4.9404924595819466e-15,28.499999999999996,0,29.423727411381506,0.004855795924723685,0.6322583194258828,0.25,1.96875,0.045,2.25,0.75,57.75565784386827,0.3,476.7946768495839,0,0.062492606048963555,0.0,0.9895833333333333,0.7449916825774748,0.03125,0.010416666666666666,0.123046875
fixed_floor,255,4,7.865930129469234e-14,28.535657651868267,0,29.211304959768043,0.004727645739165499,0.5523994748068921,0.5,1.96875,0.05,2.5,2,56.23757445753773,0.26434234813173196,478.3860080690074,0,0.08350748957039267,0.0,0.990821446245426,0.7474781376078241,0.08333333333333333,0.020833333333333332,0.123046875
fixed_floor,256,4,3.758104938356155e-14,28.479999999999997,0,29.230965914155796,0.0048173135819176635,0.6104283512096897,0.75,1.9791666666666665,0.04,2,0.75,57.628563666812546,0.3199999999999999,477.09555642267867,0,0.06672909839276615,0.0,0.9888888888888889,0.7454618069104354,0.03125,0.03125,0.12369791666666666
selected,1,4,-7.327471962526033e-15,28.799999999999997,0,19.514304660460205,0.0,1.92,0,1,0.16,8,0,113.12,0.0,563.5143046604602,0,0.0,0.0,1.0,0.880491101031969,0.0,0.0,0.0625
selected,2,4,1.9872992140790302e-14,28.799999999999997,0,21.77099045261074,0.0,0.6693877590204081,0,1,0.0,0,0,117.12000019199999,0.0,551.8159071620505,0,0.0,0.0,1.0,0.8622123549407039,0.0,0.0,0.0625
selected,3,4,-2.375877272697835e-14,28.799999999999997,0,22.738871289610497,0.0,0.5877551020408165,0,1,0.0,0,0,117.12000019199999,0.0,545.1670233496202,0,0.0,0.0,1.0,0.8518234739837816,0.0,0.0,0.0625
selected,4,4,2.2426505097428162e-14,28.799999999999997,0,23.16055446376587,0.0,0.5877551020408165,0,1,0.0,0,0,117.12000019199999,0.0,538.9398227113453,0,0.0,0.0,1.0,0.8420934729864771,0.0,0.0,0.0625
selected,5,4,8.215650382226158e-15,28.799999999999997,0,24.211978675835063,0.0,0.5877551020408165,0,1,0.0,0,0,117.12000019199999,0.0,533.7640462851396,0,0.0,0.0,1.0,0.8340063223205305,0.0,0.0,0.0625
selected,6,4,-3.885780586188048e-14,28.799999999999997,0,24.81738337598632,0.0,0.5877551020408165,0,1,0.0,0,0,117.12000019199999,0.0,529.193674559085,0,0.0,0.0,1.0,0.8268651164985703,0.0,0.0,0.0625
selected,7,4,4.551914400963142e-14,28.799999999999997,0,25.356524259611444,0.0,0.5877551020408165,0,1,0.0,0,0,117.12000019199999,0.0,525.1624437166556,0,0.0,0.0,1.0,0.8205663183072744,0.0,0.0,0.0625
selected,8,4,-2.731148640577885e-14,28.799999999999997,0,25.731016498026662,0.0,0.5877551020408165,0,1,0.0,0,0,117.12000019199999,0.0,521.5057051126415,0,0.0,0.0,1.0,0.8148526642385023,0.0,0.0,0.0625
selected,9,4,3.1308289294429414e-14,28.799999999999997,0,26.294150837926477,0.0,0.5877551020408165,0,1,0.0,0,0,117.12000019199999,0.0,518.4121008485272,0,0.0,0.0,1.0,0.8100189075758237,0.0,0.0,0.0625
selected,10,4,-3.6193270602780103e-14,28.799999999999997,0,26.645964932477575,0.0,0.5877551020408165,0,1,0.0,0,0,117.12000019199999,0.0,515.6703106789639,0,0.0,0.0,1.0,0.8057348604358812,0.0,0.0,0.0625
selected,11,4,-1.0436096431476471e-14,28.799999999999997,0,27.045813642138636,0.0,0.5877551020408165,0,1,0.0,0,0,117.12000019199999,0.0,513.3283692190618,0,0.0,0.0,1.0,0.802075576904784,0.0,0.0,0.0625
selected,12,4,1.4432899320127035e-14,28.799999999999997,0,27.207449099322133,0.0,0.5877551020408165,0,1,0.0,0,0,117.12000019199999,0.0,511.1480632163431,0,0.0,0.0,1.0,0.798668848775536,0.0,0.0,0.0625
selected,13,4,-4.3298697960381105e-14,28.799999999999997,0,27.12445436245575,0.0,0.5877551020408165,0,1,0.0,0,0,117.12000019199999,0.0,508.884762476758,0,0.0,0.0,1.0,0.7951324413699343,0.0,0.0,0.0625
selected,14,4,2.0650148258027912e-14,28.799999999999997,0,27.655639192105276,0.0,0.5877551020408165,0,1,0.0,0,0,117.12000019199999,0.0,507.15264656682245,0,0.0,0.0,1.0,0.7924260102606601,0.0,0.0,0.0625
selected,15,4,-2.90878432451791e-14,28.799999999999997,0,27.485850218925094,0.0,0.5877551020408165,0,1,0.0,0,0,117.12000019199999,0.0,505.25074168370674,0,0.0,0.0,1.0,0.7894542838807918,0.0,0.0,0.0625
selected,16,4,-1.4876988529977098e-14,28.799999999999997,0,27.598102758039317,0.0,0.5877551020408165,0,1,0.0,0,0,117.12000019199999,0.0,503.46108933970527,0,0.0,0.0,1.0,0.7866579520932895,0.0,0.0,0.0625
selected,17,4,-1.3988810110276972e-14,28.799999999999997,0,27.88341183401168,0.0,0.5877551020408165,0,1,0.0,0,0,117.12000019199999,0.0,501.9567460716761,0,0.0,0.0,1.0,0.7843074157369939,0.0,0.0,0.0625
selected,18,4,-1.84297022087776e-14,28.799999999999997,0,27.927555424260692,0.0,0.5877551020408165,0,1,0.0,0,0,117.12000019199999,0.0,500.496546393896,0,0.0,0.0,1.0,0.7820258537404625,0.0,0.0,0.0625
selected,19,4,-4.218847493575595e-15,28.799999999999997,0,28.371109116447233,0.0,0.5877551020408165,0,1,0.0,0,0,117.12000019199999,0.0,499.47990040830246,0,0.0,0.0,1.0,0.7804373443879726,0.0,0.0,0.0625
selected,20,4,-4.6851411639181606e-14,28.799999999999997,0,28.18532814445314,0.0,0.5877551020408165,0,1,0.0,0,0,117.12000019199999,0.0,498.27747345071475,0,0.0,0.0,1.0,0.7785585522667418,0.0,0.0,0.0625
selected,21,4,-3.26405569239796e-14,28.799999999999997,0,27.793430683680757,0.0,0.5877551020408165,0,1,0.0,0,0,117.12000019199999,0.0,496.68314903235466,0,0.0,0.0,1.0,0.7760674203630542,0.0,0.0,0.0625
selected,22,4,1.532107773982716e-14,28.799999999999997,0,28.172316731493098,0.0,0.5877551020408165,0,1,0.0,0,0,117.12000019199999,0.0,495.467710661807,0,0.0,0.0,1.0,0.7741682979090735,0.0,0.0,0.0625
selected,23,4,-3.708144902248023e-14,28.799999999999997,0,28.334793456596806,0.0,0.5877551020408165,0,1,0.0,0,0,117.12000019199999,0.0,494.414749016363,0,0.0,0.0,1.0,0.7725230453380671,0.0,0.0,0.0625
selected,24,4,-2.2870594307278225e-14,28.799999999999997,0,28.330019955324495,0.0,0.5877551020408165,0,1,0.0,0,0,117.12000019199999,0.0,493.35701386964666,0,0.0,0.0,1.0,0.7708703341713229,0.0,0.0,0.0625
selected,25,4,9.992007221626409e-15,28.799999999999997,0,28.19643055827186,0.0,0.5877551020408165,0,1,0.0,0,0,117.12000019199999,0.0,492.16568932587774,0,0.0,0.0,1.0,0.769008889571684,0.0,0.0,0.0625
selected,26,4,-4.596323321948148e-14,28.799999999999997,0,28.406386291074117,0.0,0.5877551020408165,0,1,0.0,0,0,117.12000019199999,0.0,491.184320514911,0,0.0,0.0,1.0,0.7674755008045484,0.0,0.0,0.0625
selected,27,4,-1.9317880628477724e-14,28.799999999999997,0,28.72402185249627,0.0,0.5877551020408165,0,1,0.0,0,0,117.12000019199999,0.0,490.5205872653665,0,0.0,0.0,1.0,0.7664384176021352,0.0,0.0,0.0625
selected,28,4,-2.375877272697835e-14,28.799999999999997,0,28.624010043098746,0.0,0.5877551020408165,0,1,0.0,0,0,117.12000019199999,0.0,489.7568422064244,0,0.0,0.0,1.0,0.765245065947538,0.0,0.0,0.0625
selected,29,4,-1.5765166949677223e-14,28.799999999999997,0,28.559893560577848,0.0,0.5877551020408165,0,1,0.0,0,0,117.12000019199999,0.0,488.92898066496144,0,0.0,0.0,1.0,0.7639515322890023,0.0,0.0,0.0625
selected,30,4,-5.129230373768223e-14,28.799999999999997,0,28.434469060344462,0.0,0.5877551020408165,0,1,0.0,0,0,117.12000019199999,0.0,487.9756946232651,0,0.0,0.0,1.0,0.7624620228488517,0.0,0.0,0.0625
selected,31,4,-1.4876988529977098e-14,28.799999999999997,0,28.527166663279047,0.0,0.5877551020408165,0,1,0.0,0,0,117.12000019199999,0.0,487.11510618450336,0,0.0,0.0,1.0,0.7611173534132865,0.0,0.0,0.0625
selected,32,4,-5.395683899678261e-14,28.799999999999997,0,28.2634238261258,0.0,0.5877551020408165,0,1,0.0,0,0,117.12000019199999,0.0,485.9907749085883,0,0.0,0.0,1.0,0.7593605857946693,0.0,0.0,0.0625
selected,33,4,-1.9317880628477724e-14,28.799999999999997,0,28.877747371430736,0.0,0.5877551020408165,0,1,0.0,0,0,117.12000019199999,0.0,485.48076717797824,0,0.0,0.0,1.0,0.758563698715591,0.0,0.0,0.0625
selected,34,4,-2.020605904817785e-14,28.799999999999997,0,28.7240420611814,0.0,0.5877551020408165,0,1,0.0,0,0,117.12000019199999,0.0,484.8170541371188,0,0.0,0.0,1.0,0.7575266470892481,0.0,0.0,0.0625
selected,35,4,-3.6193270602780103e-14,28.799999999999997,0,28.835701856616076,0.0,0.5877551020408165,0,1,0.0,0,0,117.12000019199999,0.0,484.26500089169406,0,0.0,0.0,1.0,0.756664063893272,0.0,0.0,0.0625
selected,36,4,-5.10702591327572e-15,28.799999999999997,0,28.994428122054494,0.0,0.5877551020408165,0,1,0.0,0,0,117.12000019199999,0.0,483.8716739117078,0,0.0,0.0,1.0,0.7560494904870434,0.0,0.0,0.0625
selected,37,4,-1.1324274851176597e-14,28.799999999999997,0,28.839119174510696,0.0,0.5877551020408165,0,1,0.0,0,0,117.12000019199999,0.0,483.32303798417763,0,0.0,0.0,1.0,0.7551922468502775,0.0,0.0,0.0625
selected,38,4,-4.3298697960381105e-14,28.799999999999997,0,28.923557794355787,0.0,0.5877551020408165,0,1,0.0,0,0,117.12000019199999,0.0,482.8588406764926,0,0.0,0.0,1.0,0.7544669385570197,0.0,0.0,0.0625
selected,39,4,-1.9317880628477724e-14,28.799999999999997,0,28.723297965048253,0.0,0.5877551020408165,0,1,0.0,0,0,117.12000019199999,0.0,482.19438353950005,0,0.0,0.0,1.0,0.7534287242804688,0.0,0.0,0.0625
selected,40,4,-1.3988810110276972e-14,28.799999999999997,0,28.538835287307492,0.0,0.5877551020408165,0,1,0.0,0,0,117.12000019199999,0.0,481.3454637247667,0,0.0,0.0,1.0,0.752102287069948,0.0,0.0,0.0625
selected,41,4,-1.5543122344752192e-15,28.799999999999997,0,28.9711365823415,0.0,0.5877551020408165,0,1,0.0,0,0,117.12000019199999,0.0,480.92884520506743,0,0.0,0.0,1.0,0.7514513206329179,0.0,0.0,0.0625
selected,42,4,-4.6851411639181606e-14,28.799999999999997,0,29.123656577842812,0.0,0.5877551020408165,0,1,0.0,0,0,117.12000019199999,0.0,480.66474668086937,0,0.0,0.0,1.0,0.7510386666888584,0.0,0.0,0.0625
selected,43,4,-1.2212453270876722e-14,28.799999999999997,0,29.448295062081527,0.0,0.5877551020408165,0,1,0.0,0,0,117.12000019199999,0.0,480.7252866409101,0,0.0,0.0,1.0,0.751133260376422,0.0,0.0,0.0625
selected,44,4,-2.6423307986078726e-14,28.799999999999997,0,28.590427679113645,0.0,0.5877551020408165,0,1,0.0,0,0,117.12000019199999,0.0,479.92795921798296,0,0.0,0.0,1.0,0.7498874362780984,0.0,0.0,0.0625
selected,45,4,-3.175237850427948e-14,28.799999999999997,0,28.76503257074322,0.0,0.5877551020408165,0,1,0.0,0,0,117.12000019199999,0.0,479.30523668668536,0,0.0,0.0,1.0,0.7489144323229459,0.0,0.0,0.0625
selected,46,4,-6.994405055138486e-14,28.799999999999997,0,28.8966078597537,0.0,0.5877551020408165,0,1,0.0,0,0,117.12000019199999,0.0,478.81408944439823,0,0.0,0.0,1.0,0.7481470147568723,0.0,0.0,0.0625
selected,47,4,-2.9976021664879227e-14,28.799999999999997,0,29.00787965601127,0.0,0.5877551020408165,0,1,0.0,0,0,117.12000019199999,0.0,478.4342139983687,0,0.0,0.0,1.0,0.7475534593724511,0.0,0.0,0.0625
selected,48,4,-3.175237850427948e-14,28.799999999999997,0,29.110805551946203,0.0,0.5877551020408165,0,1,0.0,0,0,117.12000019199999,0.0,478.1572644482741,0,0.0,0.0,1.0,0.7471207257004282,0.0,0.0,0.0625
selected,49,4,-3.6193270602780103e-14,28.799999999999997,0,29.0873011682473,0.0,0.5877551020408165,0,1,0.0,0,0,117.12000019199999,0.0,477.85681051448057,0,0.0,0.0,1.0,0.7466512664288759,0.0,0.0,0.0625
selected,50,4,-2.8199664825478976e-14,28.799999999999997,0,28.985543919897623,0.0,0.5877551020408165,0,1,0.0,0,0,117.12000019199999,0.0,477.45459933233735,0,0.0,0.0,1.0,0.7460228114567771,0.0,0.0,0.0625
selected,51,4,1.1102230246251565e-15,28.799999999999997,0,28.90891594178906,0.0,0.5877551020408165,0,1,0.0,0,0,117.12000019199999,0.0,476.97576017208564,0,0.0,0.0,1.0,0.7452746252688838,0.0,0.0,0.0625
selected,52,4,-3.441691376337985e-14,28.799999999999997,0,28.900822909115625,0.0,0.5877551020408165,0,1,0.0,0,0,117.12000019199999,0.0,476.4888279791604,0,0.0,0.0,1.0,0.7445137937174382,0.0,0.0,0.0625
selected,53,4,-3.086420008457935e-14,28.799999999999997,0,28.970023115637535,0.0,0.5877551020408165,0,1,0.0,0,0,117.12000019199999,0.0,476.07109599275714,0,0.0,0.0,1.0,0.7438610874886831,0.0,0.0,0.0625
selected,54,4,-5.6621374255882984e-14,28.799999999999997,0,29.07047217156172,0.0,0.5877551020408165,0,1,0.0,0,0,117.12000019199999,0.0,475.753813062278,0,0.0,0.0,1.0,0.7433653329098094,0.0,0.0,0.0625
selected,55,4,9.992007221626409e-15,28.799999999999997,0,29.075670749492236,0.0,0.5877551020408165,0,1,0.0,0,0,117.12000019199999,0.0,475.44172870972943,0,0.0,0.0,1.0,0.7428777011089522,0.0,0.0,0.0625
selected,56,4,-9.547918011776346e-15,28.799999999999997,0,28.865626761039135,0.0,0.5877551020408165,0,1,0.0,0,0,117.12000019199999,0.0,474.9196003687278,0,0.0,0.0,1.0,0.7420618755761372,0.0,0.0,0.0625
selected,57,4,-2.4646951146678475e-14,28.799999999999997,0,28.84906784740353,0.0,0.5877551020408165,0,1,0.0,0,0,117.12000019199999,0.0,474.3809131140905,0,0.0,0.0,1.0,0.7412201767407665,0.0,0.0,0.0625
selected,58,4,-1.1324274851176597e-14,28.799999999999997,0,29.254405295942416,0.0,0.5877551020408165,0,1,0.0,0,0,117.12000019199999,0.0,474.2475633079921,0,0.0,0.0,1.0,0.7410118176687377,0.0,0.0,0.0625
selected,59,4,-2.8199664825478976e-14,28.799999999999997,0,29.17400281677537,0.0,0.5877551020408165,0,1,0.0,0,0,117.12000019199999,0.0,474.03381102272664,0,0.0,0.0,1.0,0.7406778297230103,0.0,0.0,0.0625
selected,60,4,7.327471962526033e-15,28.799999999999997,0,29.05590821039977,0.0,0.5877551020408165,0,1,0.0,0,0,117.12000019199999,0.0,473.7019641310856,0,0.0,0.0,1.0,0.7401593189548212,0.0,0.0,0.0625
selected,61,4,-4.773959005888173e-14,28.799999999999997,0,29.276571229732504,0.0,0.5877551020408165,0,1,0.0,0,0,117.12000019199999,0.0,473.59078025877733,0,0.0,0.0,1.0,0.7399855941543396,0.0,0.0,0.0625
selected,62,4,-3.885780586188048e-14,28.799999999999997,0,28.896063402446625,0.0,0.5877551020408165,0,1,0.0,0,0,117.12000019199999,0.0,473.0990885591831,0,0.0,0.0,1.0,0.7392173258737236,0.0,0.0,0.0625
selected,63,4,-2.8199664825478976e-14,28.799999999999997,0,29.208673582773343,0.0,0.5877551020408165,0,1,0.0,0,0,117.12000019199999,0.0,472.9200070399156,0,0.0,0.0,1.0,0.7389375109998682,0.0,0.0,0.0625
selected,64,4,-5.10702591327572e-15,28.799999999999997,0,29.161002708506466,0.0,0.5877551020408165,0,1,0.0,0,0,117.12000019199999,0.0,472.6932546463813,0,0.0,0.0,1.0,0.7385832103849708,0.0,0.0,0.0625
selected,65,4,-2.117750419472486e-14,28.799999999999997,0,28.769769826340134,0.0,0.5755102040816328,0,1,0.01,0.5,0.5,116.51000019199999,0.0,472.6875142686398,0,0.009620054066831588,0.0,1.0,0.7385742410447497,0.020833333333333332,0.0,0.0625
selected,66,4,1.73749903353837e-14,28.799999999999997,0,29.418266843069816,0.0,0.6004081632653062,0,1,0.01,0.5,0,117.12000019199999,0.0,472.08537294844433,0,0.0,0.0,1.0,0.7376333952319443,0.0,0.0,0.0625
selected,67,4,-4.8711035205428743e-14,28.799999999999997,0,29.115680620401246,0.0,0.5755102040816328,0,1,0.01,0.5,0.5,116.51000019199999,0.0,472.42554336476394,0,0.00960432574156658,0.0,1.0,0.7381649115074437,0.020833333333333332,0.0,0.0625
selected,68,4,-3.6637359812630166e-15,28.799999999999997,0,28.83156428398231,0.0,0.5879591836734696,0,1,0.01,0.5,0.25,116.51000019199999,0.0,471.85914846507274,0,0.0,0.0,1.0,0.7372799194766761,0.010416666666666666,0.0,0.0625
selected,69,4,7.244205235679146e-15,28.799999999999997,0,28.931212349313963,0.0,0.588061224489796,0,1.0104166666666667,0.015,0.75,0.5,116.51000019199999,0.0,471.38729958989694,0,0.009618662058388306,0.0,1.0,0.736542655609214,0.020833333333333332,0.0,0.06315104166666667
selected,70,4,-3.4139358007223564e-14,28.799999999999997,0,28.892810199590137,0.0,0.6004081632653062,0,1.0104166666666667,0.01,0.5,0,117.12000019199999,0.0,470.2597016262217,0,0.0,0.0,1.0,0.7347807837909714,0.0,0.0,0.06315104166666667
selected,71,4,-1.6375789613221059e-15,28.799999999999997,0,29.469879331604183,0.0,0.5755102040816328,0,1.0104166666666667,0.01,0.5,0.5,116.51000019199999,0.0,470.9540707537443,0,0.009678537385885411,0.0,1.0,0.7358657355527255,0.020833333333333332,0.0,0.06315104166666667
selected,72,4,-2.3203661214665772e-14,28.799999999999997,0,29.388294417443984,0.0,0.5879591836734696,0,1.0104166666666667,0.01,0.5,0.25,116.51000019199999,0.0,470.9444059875148,0,0.0,0.0,1.0,0.7358506343554919,0.010416666666666666,0.0,0.06315104166666667
selected,73,4,-7.771561172376096e-15,28.799999999999997,0,29.456816249008405,0.0,0.6003061224489797,0,1.0208333333333335,0.005,0.25,0,117.12000019199999,0.0,470.38591611407423,0,0.0,0.0,1.0,0.734977993928241,0.0,0.0,0.06380208333333334
selected,74,4,-1.3988810110276972e-14,28.799999999999997,0,29.093642223320472,0.0,0.5877551020408165,0,1.0208333333333335,0.0,0,0,117.12000019199999,0.0,470.0918032353539,0,0.0,0.0,1.0,0.7345184425552405,0.0,0.0,0.06380208333333334
selected,75,4,-1.6736612096224235e-14,28.799999999999997,0,29.13863327919909,0.0,0.5755102040816328,0,1.0208333333333335,0.01,0.5,0.5,116.51000019199999,0.0,470.45492631047136,0,0.009543818129420255,0.0,1.0,0.7350858223601116,0.020833333333333332,0.0,0.06380208333333334
selected,76,4,-1.8235413179468196e-14,28.799999999999997,0,29.281804278755082,0.0,0.5881632653061226,0,1.0208333333333335,0.02,1,0.5,116.51000019199999,0.0,470.3285673239203,0,0.009689725139165693,0.0,1.0,0.7348883864436255,0.020833333333333332,0.0,0.06380208333333334
selected,77,4,4.163336342344337e-16,28.799999999999997,0,28.87599285047293,0.0,0.5881632653061226,0,1.0208333333333335,0.02,1,0.5,116.51000019199999,0.0,469.79639690908715,0,0.009468158650847849,0.0,1.0,0.7340568701704486,0.020833333333333332,0.0,0.06380208333333334
selected,78,4,6.744604874597826e-15,28.799999999999997,0,29.315023363304782,0.0,0.5512244897959185,0,1.0208333333333335,0.04,2,1.75,114.680000192,0.0,471.550195782596,0,0.02896365648261335,0.0,1.0,0.7367971809103062,0.07291666666666667,0.0,0.06380208333333334
selected,79,4,3.0531133177191805e-14,28.799999999999997,0,29.211374858760486,0.0,0.6135714285714287,0,1.03125,0.045,2.25,0.75,115.900000192,0.0,470.08299921278507,0,0.009601404249289807,0.0,1.0,0.7345046862699767,0.03125,0.0,0.064453125
selected,80,4,2.3397950243975174e-14,28.799999999999997,0,29.711942019651545,0.0,0.5884693877551022,0,1.0416666666666667,0.035,1.75,1,115.900000192,0.0,470.37147184468154,0,0.019152616777977374,0.0,1.0,0.7349554247573149,0.041666666666666664,0.0,0.06510416666666667
selected,81,4,-3.0142555118573e-14,28.799999999999997,0,29.48538361636934,0.0,0.5883673469387757,0,1.0416666666666667,0.03,1.5,0.75,115.900000192,0.0,470.4384881141121,0,0.009405620226974824,0.0,1.0,0.7350601376783001,0.03125,0.0,0.06510416666666667
selected,82,4,8.68749516769185e-15,28.799999999999997,0,29.7420619880702,0.0,0.5882653061224491,0,1.0520833333333335,0.025,1.25,0.75,115.900000192,0.0,470.7672847960598,0,0.009401396710581636,0.0,1.0,0.7355738824938435,0.03125,0.0,0.06575520833333334
selected,83,4,-2.0372592501871623e-14,28.799999999999997,0,29.476854862267558,0.0,0.5758163265306124,0,1.0625,0.025,1.25,1,115.290000192,0.0,471.4533233317968,0,0.01992663136432196,0.0,1.0,0.7366458177059325,0.041666666666666664,0.0,0.06640625
selected,84,4,5.856426454897701e-15,28.799999999999997,0,30.122527540243833,0.0,0.6255102040816328,0,1.0833333333333333,0.02,1,0,117.12000019199999,0.0,470.300340667959,0,0.011213000583786211,0.0,1.0,0.7348442822936859,0.0,0.0,0.06770833333333333
selected,85,4,-3.7192471324942744e-14,28.799999999999997,0,29.505012090093473,0.0,0.5755102040816328,0,1.0833333333333333,0.01,0.5,0.5,116.51000019199999,0.0,471.0298425539708,0,0.021349338844271683,0.0,1.0,0.7359841289905794,0.020833333333333332,0.0,0.06770833333333333
selected,86,4,-6.522560269672795e-15,28.799999999999997,0,29.64699986972164,0.0,0.5634693877551022,0,1.0833333333333333,0.03,1.5,1.25,115.290000192,0.0,472.5033730359374,0,0.03180214350648308,0.0,1.0,0.7382865203686522,0.052083333333333336,0.0,0.06770833333333333
selected,87,4,-3.394506897791416e-14,28.799999999999997,0,29.315124264513354,0.0,0.6133673469387757,0,1.09375,0.035,1.75,0.5,116.51000019199999,0.0,471.15012995351196,0,0.022838336933129373,0.0,1.0,0.7361720780523624,0.020833333333333332,0.0,0.068359375
selected,88,4,-2.643718577388654e-14,28.799999999999997,0,29.806577497518003,0.0,0.5636734693877552,0,1.09375,0.04,2,1.5,115.290000192,0.0,472.7730339816422,0,0.0424737414185646,0.0,1.0,0.738707865596316,0.0625,0.0,0.068359375
selected,89,4,6.689093723366568e-15,28.799999999999997,0,29.257341173089614,0.0,0.5702040816326532,0,1.09375,0.05500000000000001,2.75,1.75,114.37500019199999,0.0,473.52017107309916,0,0.03338428719174782,0.0,1.0,0.7398752673017175,0.07291666666666667,0.0,0.068359375
selected,90,4,-5.412337245047638e-14,28.799999999999997,0,29.94533591247685,0.0,0.6073469387755104,0,1.1145833333333335,0.045,2.25,1,115.290000192,0.0,473.0981600468005,0,0.023984501566815777,0.0,1.0,0.7392158750731258,0.041666666666666664,0.0,0.06966145833333334
selected,91,4,-9.33975119465913e-15,28.799999999999997,0,29.993830951235307,0.0,0.5640816326530613,0,1.1145833333333335,0.06,3,2.25,114.070000192,0.0,474.88790936538277,0,0.03794345526251837,0.0,1.0,0.7420123583834106,0.09375,0.0,0.06966145833333334
selected,92,4,3.913536161803677e-15,28.799999999999997,0,29.756582013866495,0.0,0.6135714285714287,0,1.125,0.045,2.25,0.75,115.290000192,0.0,473.96591995067786,0,0.01020609870413997,0.0,1.0,0.7405717499229342,0.03125,0.0,0.0703125
selected,93,4,-1.3405943022348765e-14,28.799999999999997,0,29.725962992812686,0.0,0.6059309680779521,0,1.1458333333333333,0.025,1.25,0.5,116.15561762781964,0.0,473.3953345395929,0,0.0205741657828679,0.0,1.0,0.7396802102181139,0.020833333333333332,0.0,0.07161458333333333
selected,94,4,1.1823875212257917e-14,28.799999999999997,0,29.630570236778308,0.0,0.5892105750960166,0,1.1458333333333333,0.01,0.5,0.25,116.21693580752445,0.0,473.56537602157044,0,0.011888672395350233,0.0,1.0,0.7399459000337039,0.010416666666666666,0.0,0.07161458333333333
selected,95,4,-2.3869795029440866e-14,28.799999999999997,0,29.976175238732814,0.0,0.5819387755102042,0,1.15625,0.02,1,0.75,115.91193580752446,0.0,474.444612484793,0,0.022641902036434562,0.0,1.0,0.7413197070074891,0.03125,0.0,0.072265625
selected,96,4,-5.218048215738236e-15,28.799999999999997,0,29.619753811346726,0.0,0.5453061224489797,0,1.15625,0.055,2.75,2.25,113.77693580752445,0.0,476.7990601736908,0,0.05214058314284934,0.0,1.0,0.7449985315213918,0.09375,0.0,0.072265625
selected,97,4,2.2398749521812533e-14,28.799999999999997,0,29.830724334757956,0.0,0.6397959183673471,0,1.15625,0.045,2.25,0.25,116.28193580752445,0.0,474.63998859008143,0,0.0,0.0,1.0,0.7416249821720022,0.010416666666666666,0.0,0.072265625
selected,98,4,-1.1213252548714081e-14,28.799999999999997,0,29.643910296525593,0.0,0.5682258037648071,0,1.1666666666666667,0.035,1.75,1.5,115.290000192,0.0,475.87260869836666,0,0.02888275092254914,0.0,1.0,0.743550951091198,0.0625,0.0,0.07291666666666667
selected,99,4,-4.318767565791859e-14,28.799999999999997,0,30.02986301458653,0.0,0.6010204081632654,0,1.1666666666666667,0.04,2,0.75,115.900000192,0.0,475.8514513047899,0,0.00974317537875407,0.0,1.0,0.7435178926637342,0.03125,0.0,0.07291666666666667
selected,100,4,6.827871601444713e-15,28.799999999999997,0,29.498344853433426,0.0,0.5760204081632654,0,1.1770833333333333,0.035,1.75,1.25,115.290000192,0.0,476.5487757500601,0,0.01918417970875845,0.0,1.0,0.7446074621094689,0.052083333333333336,0.0,0.07356770833333333
selected,101,4,4.234113060164191e-14,28.799999999999997,0,29.686023972627222,0.0,0.5760204081632654,0,1.1875,0.035,1.75,1.25,114.680000192,0.0,477.43377931452403,0,0.01997167746484787,0.0,1.0,0.7459902801789438,0.052083333333333336,0.0,0.07421875
selected,102,4,-3.452793606584237e-14,28.799999999999997,0,29.90857362178985,0.0,0.6306210128456287,0,1.21875,0.025,1.25,0,116.7554298214358,0.0,475.81130229403243,0,0.011214035974140614,0.0,1.0,0.7434551598344257,0.0,0.0,0.076171875
selected,103,4,-8.43769498715119e-15,28.799999999999997,0,29.795620838452752,0.0,0.5642486652236647,0,1.21875,0.02,1,1,115.58361441739535,0.0,477.39448987130197,0,0.031082387980812653,0.0,1.0,0.7459288904239093,0.041666666666666664,0.0,0.076171875
selected,104,4,8.881784197001252e-16,28.799999999999997,0,29.277295519849986,0.0,0.5822448979591838,0,1.21875,0.035,1.75,1,115.27861441739535,0.0,477.5595404931928,0,0.022384398372147712,0.0,1.0,0.7461867820206137,0.041666666666666664,0.0,0.076171875
selected,105,4,-1.4460654895742664e-14,28.799999999999997,0,29.492806577975216,0.0,0.5821428571428573,0,1.2291666666666665,0.03,1.5,1,114.97361441739535,0.0,477.9452042140252,0,0.022583495474808205,0.0,1.0,0.7467893815844143,0.041666666666666664,0.0,0.07682291666666666
selected,106,4,-2.2926105458509483e-14,28.799999999999997,0,29.78264221684445,0.0,0.6021428571428573,0,1.2291666666666665,0.03,1.5,0.75,115.64861441739535,0.0,477.62070357372676,0,0.009619469608817757,0.0,1.0,0.7462823493339481,0.03125,0.0,0.07682291666666666
selected,107,4,-2.7505775435088253e-14,28.799999999999997,0,30.241757991094648,0.0,0.6058446076449928,0,1.2395833333333333,0.025,1.25,0.5,116.51000019199999,0.0,477.5702311825718,0,0.009609639587633221,0.0,1.0,0.7462034862227684,0.020833333333333332,0.0,0.07747395833333333
selected,108,4,-1.2934098236883074e-14,28.799999999999997,0,30.042699640342622,0.0,0.5881632653061226,0,1.2395833333333333,0.02,1,0.5,116.51000019199999,0.0,478.2047675576083,0,0.009546907428641699,0.0,1.0,0.747194949308763,0.020833333333333332,0.0,0.07747395833333333
selected,109,4,7.771561172376096e-15,28.799999999999997,0,29.407927617718727,0.0,0.5757142857142858,0,1.2395833333333333,0.02,1,0.75,115.900000192,0.0,478.82698088961274,0,0.00962487385223033,0.0,1.0,0.74816715764002,0.03125,0.0,0.07747395833333333
selected,110,4,-5.004330283497893e-14,28.799999999999997,0,29.658716974170847,0.0,0.5955579873576629,0,1.25,0.015,0.75,0.25,116.26734157252547,0.0,478.7077984959004,0,0.0,0.0,1.0,0.7479809351498444,0.010416666666666666,0.0,0.078125
selected,111,4,6.966649479522857e-15,28.799999999999997,0,29.633098029835363,0.0,0.603546013622277,0,1.2604166666666665,0.005,0.25,0,117.03609624001703,0.0,478.16359584462197,0,0.0,0.0,1.0,0.7471306185072218,0.0,0.0,0.07877604166666666
selected,112,4,-3.019806626980426e-14,28.799999999999997,0,29.763000544326676,0.0,0.5571428571428573,0,1.2604166666666665,0.025,1.25,1.25,115.51109624001703,0.0,480.0694535318058,0,0.019788795258363502,0.0,1.0,0.7501085211434465,0.052083333333333336,0.0,0.07877604166666666
selected,113,4,-1.5182299861749016e-14,28.799999999999997,0,29.69926565323187,0.0,0.5700000000000001,0,1.2604166666666665,0.045,2.25,1.5,114.59609624001703,0.0,481.26871918503764,0,0.019416162342532087,0.0,1.0,0.7519823737266214,0.0625,0.0,0.07877604166666666
selected,114,4,-6.938893903907228e-16,28.799999999999997,0,29.770595327843616,0.0,0.6272448979591838,0,1.2604166666666665,0.04,2,0.5,116.49109624001703,0.0,479.67706961492206,0,0.009718754432535129,0.0,1.0,0.7494954212733157,0.020833333333333332,0.0,0.07877604166666666
selected,115,4,-1.6903145549918008e-14,28.799999999999997,0,29.34439342052889,0.0,0.5761000806527137,0,1.2604166666666665,0.02,1,0.75,115.900000192,0.0,480.2164590028153,0,0.009579353140449467,0.0,1.0,0.750338217191899,0.03125,0.0,0.07877604166666666
selected,116,4,-6.800116025829084e-15,28.799999999999997,0,29.408046877457704,0.0,0.5875692008127427,0,1.2708333333333333,0.015,0.75,0.25,115.87589103182438,0.0,480.2460458396359,0,0.0,0.0,1.0,0.750384446624431,0.010416666666666666,0.0,0.07942708333333333
selected,117,4,-1.7486012637846216e-15,28.799999999999997,0,29.490091419802955,0.0,0.5696938775510205,0,1.28125,0.03,1.5,1.25,114.96089103182437,0.0,481.25144338188784,0,0.019180242577448055,0.0,1.0,0.7519553802841997,0.052083333333333336,0.0,0.080078125
selected,118,4,1.27675647831893e-15,28.755890839824378,0,29.0148829809601,0.0,0.5820408163265307,0.25,1.28125,0.025,1.25,0.75,114.70000019199999,0.04410916017561889,481.1642855465214,0,0.0,0.0,0.9984684319383466,0.7518191961664397,0.03125,0.010416666666666666,0.080078125
selected,119,4,-2.5229818234606682e-14,28.799999999999997,0,29.406456982541208,0.0,0.6056222750742117,0,1.3020833333333333,0.025,1.25,0.5,115.55049167063636,0.0,480.289628775352,0,0.009699080630423924,0.0,1.0,0.7504525449614875,0.020833333333333332,0.0,0.08138020833333333
selected,120,4,-1.9817480989559044e-14,28.799999999999997,0,29.536161428069406,0.0,0.6080559506735317,0,1.3020833333333333,0.01,0.5,0,116.5352332536394,0.0,479.4229926697449,0,0.0,0.0,1.0,0.7490984260464764,0.0,0.0,0.08138020833333333
selected,121,4,-2.6700863742235015e-14,28.799999999999997,0,29.4525552139078,0.0,0.5479760250911427,0,1.3020833333333333,0.035,1.75,1.75,114.5510584831054,0.0,481.47674662909554,0,0.02914353890861339,0.0,1.0,0.7523074166079617,0.07291666666666667,0.0,0.08138020833333333
selected,122,4,-2.192690473634684e-15,28.799999999999997,0,29.13629053963668,0.0,0.59618282837249,0,1.3020833333333333,0.035,1.75,0.75,114.9290170733574,0.0,480.8038957501077,0,0.0,0.0,1.0,0.7512560871095433,0.03125,0.0,0.08138020833333333
selected,123,4,-5.384581669432009e-15,28.799999999999997,0,29.12764828913252,0.0,0.6079608523200293,0,1.3125,0.025,1.25,0.5,115.89409883703883,0.0,479.5335014232388,0,0.009555481590716198,0.0,1.0,0.7492710959738107,0.020833333333333332,0.0,0.08203125
selected,124,4,1.2406742300186124e-14,28.799999999999997,0,29.373421294952976,0.0,0.5947766563263366,0,1.3125,0.01,0.5,0.25,116.22815499702932,0.0,479.16808990187496,0,0.0,0.0,1.0,0.7487001404716797,0.010416666666666666,0.0,0.08203125
selected,125,4,-1.2212453270876722e-14,28.799999999999997,0,29.655407191485352,0.0,0.5820900144150698,0,1.3229166666666667,0.02,1,0.75,115.93056570336773,0.0,479.7189963726068,0,0.009770853044453204,0.0,1.0,0.7495609318321981,0.03125,0.0,0.08268229166666667
selected,126,4,-2.609024107869118e-14,28.799999999999997,0,29.2887872754102,0.0,0.5573469387755103,0,1.3229166666666667,0.035,1.75,1.5,114.40556570336773,0.0,481.1404367092415,0,0.019335973824105117,0.0,1.0,0.7517819323581898,0.0625,0.0,0.08268229166666667
selected,127,4,-4.6351811278100286e-15,28.799999999999997,0,29.46032392892756,0.0,0.6023469387755103,0,1.3229166666666667,0.04,2,1,115.08056570336772,0.0,480.48341369939357,0,0.02018305377730074,0.0,1.0,0.7507553339053025,0.041666666666666664,0.0,0.08268229166666667
selected,128,4,-3.1280533718813786e-14,28.799999999999997,0,29.37731777883389,0.0,0.6297843773190259,0,1.3333333333333335,0.02,1,0,117.12000019199999,0.0,478.3715126122762,0,0.011371434557003514,0.0,1.0,0.7474554884566815,0.0,0.0,0.08333333333333334
selected,129,4,-1.942890293094024e-14,28.799999999999997,0,29.399707253448945,0.0,0.5755102040816328,0,1.3333333333333335,0.01,0.5,0.5,116.51000019199999,0.0,478.9957096616435,0,0.02178572483419517,0.0,1.0,0.7484307963463179,0.020833333333333332,0.0,0.08333333333333334
selected,130,4,9.575673587391975e-15,28.799999999999997,0,29.352373275588956,0.0,0.5757142857142858,0,1.3333333333333335,0.02,1,0.75,115.900000192,0.0,479.56236865151817,0,0.02248451283983076,0.0,1.0,0.7493162010179971,0.03125,0.0,0.08333333333333334
selected,131,4,-1.482147737874584e-14,28.799999999999997,0,29.320196354140837,0.0,0.5823469387755104,0,1.34375,0.04,2,1.25,115.59500019199999,0.0,479.7652180668835,0,0.032931592700169696,0.0,1.0,0.7496331532295055,0.052083333333333336,0.0,0.083984375
selected,132,4,2.986499936241671e-14,28.799999999999997,0,29.18788355162066,0.0,0.5573469387755103,0,1.34375,0.035,1.75,1.5,114.070000192,0.0,481.08575467972867,0,0.03411459891766258,0.0,1.0,0.7516964916870761,0.0625,0.0,0.083984375
selected,133,4,-1.6708856520608606e-14,28.799999999999997,0,29.28681486141293,0.0,0.631327481478698,0,1.3645833333333333,0.03,1.5,0.25,116.17504678445619,0.0,478.8061954672067,0,0.011692499560567258,0.0,1.0,0.7481346804175104,0.010416666666666666,0.0,0.08528645833333333
selected,134,4,3.522182545623309e-14,28.799999999999997,0,29.894804699172724,0.0,0.5897274325489639,0,1.375,0.015,0.75,0.5,116.25669097935541,0.0,479.21462853893127,0,0.022019378629830267,0.0,1.0,0.7487728570920801,0.020833333333333332,0.0,0.0859375
selected,135,4,-5.737077479750496e-14,28.799999999999997,0,29.408598068765215,0.0,0.5820408163265307,0,1.375,0.025,1.25,0.75,115.9516909793554,0.0,479.52118579136993,0,0.022733262846988504,0.0,1.0,0.7492518527990155,0.03125,0.0,0.0859375
selected,136,4,-3.198830089701232e-14,28.799999999999997,0,29.46793520974989,0.0,0.5571428571428573,0,1.375,0.025,1.25,1.25,114.42669097935541,0.0,481.131978143977,0,0.033805701513148066,0.0,1.0,0.7517687158499641,0.052083333333333336,0.0,0.0859375
selected,137,4,-1.3211653993039363e-14,28.799999999999997,0,29.177331196243728,0.0,0.6155033905690082,0,1.3854166666666665,0.025,1.25,0.25,115.7613571172368,0.0,479.53413981177033,0,0.011502575249787815,0.0,1.0,0.7492720934558912,0.010416666666666666,0.0,0.08658854166666666
selected,138,4,-5.159761506945415e-14,28.799999999999997,0,29.797978349039454,0.0,0.5857818206662162,0,1.3958333333333333,0.02,1,0.75,115.64466632988139,0.0,480.04302712749893,0,0.02199517339696936,0.0,1.0,0.750067229886717,0.03125,0.0,0.08723958333333333
selected,139,4,-3.9496184101039944e-14,28.799999999999997,0,29.021153118860305,0.0,0.5942857142857144,0,1.3958333333333333,0.015,0.75,0.25,115.94966632988138,0.0,479.34989453207356,0,0.012941476855906492,0.0,1.0,0.748984210206365,0.010416666666666666,0.0,0.08723958333333333
selected,140,4,-2.2565282975506307e-14,28.799999999999997,0,29.61299108426115,0.0,0.589387755102041,0,1.3958333333333333,0.015,0.75,0.5,116.01466632988138,0.0,479.49349786123264,0,0.009594590536535438,0.0,1.0,0.749208590408176,0.020833333333333332,0.0,0.08723958333333333
selected,141,4,4.08006961549745e-15,28.799999999999997,0,29.874560492732186,0.0,0.5980680380024207,0,1.3958333333333333,0.01,0.5,0.25,116.51000019199999,0.0,479.4646564538439,0,0.0,0.0,1.0,0.749163525709131,0.010416666666666666,0.0,0.08723958333333333
selected,142,4,-1.5210055437364645e-14,28.799999999999997,0,29.491838274761186,0.0,0.5940767910691844,0,1.40625,0.005,0.25,0,116.81476295439002,0.0,479.25265517514583,0,0.0,0.0,1.0,0.7488322737111653,0.0,0.0,0.087890625
selected,143,4,-9.575673587391975e-15,28.799999999999997,0,29.39584102840681,0.0,0.5900486071544953,0,1.40625,0.0,0,0,116.92714470496028,0.0,479.1460658458279,0,0.0,0.0,1.0,0.748665727884106,0.0,0.0,0.087890625
selected,144,4,-3.3639757646142243e-14,28.799999999999997,0,29.177591585208734,0.0,0.569387755102041,0,1.40625,0.015,0.75,0.75,116.01214470496028,0.0,479.8542696759346,0,0.009937641463975638,0.0,1.0,0.7497722963686477,0.03125,0.0,0.087890625
selected,145,4,-2.475797344914099e-14,28.799999999999997,0,29.49656610876408,0.0,0.569387755102041,0,1.40625,0.015,0.75,0.75,115.09714470496029,0.0,480.8814480295966,0,0.0107766532715191,0.0,1.0,0.7513772625462447,0.03125,0.0,0.087890625
selected,146,4,-6.356026815979021e-15,28.799999999999997,0,28.97398655481932,0.0,0.6000003194188388,0,1.40625,0.025,1.25,0.5,115.67216035648337,0.0,479.855418613474,0,0.021196333554261176,0.0,1.0,0.7497740915835531,0.020833333333333332,0.0,0.087890625
selected,147,4,-1.4988010832439613e-15,28.799999999999997,0,29.083316714105266,0.0,0.5785276630008106,0,1.40625,0.03,1.5,1,115.19001584352308,0.0,480.01235217753873,0,0.021912092451127185,0.0,1.0,0.7500193002774043,0.041666666666666664,0.0,0.087890625
selected,148,4,4.399258735077183e-15,28.799999999999997,0,28.861335915341762,0.0,0.5510204081632655,0,1.40625,0.03,1.5,1.5,113.36001584352309,0.0,481.32266768471726,0,0.03310021284096813,0.0,1.0,0.7520666682573707,0.0625,0.0,0.087890625
selected,149,4,-1.354472090042691e-14,28.799999999999997,0,29.224805867546962,0.0,0.6408163265306124,0,1.40625,0.03,1.5,0.25,115.93001584352308,0.0,478.5066572257336,0,0.01139499901015478,0.0,1.0,0.7476666519152088,0.010416666666666666,0.0,0.087890625
selected,150,4,-1.226796442210798e-14,28.799999999999997,0,29.346217277831197,0.0,0.6121425377240186,0,1.4166666666666665,0.005,0.25,0,117.12000019199999,0.0,477.2457476173639,0,0.012193038955484917,0.0,1.0,0.7456964806521311,0.0,0.0,0.08854166666666666
selected,151,4,-6.195044477408373e-14,28.799999999999997,0,29.0856651285034,0.0,0.5877551020408165,0,1.4166666666666665,0.0,0,0,117.12000019199999,0.0,476.94365764382644,0,0.012794430622992051,0.0,1.0,0.7452244650684788,0.0,0.0,0.08854166666666666
selected,152,4,1.915134717478395e-15,28.799999999999997,0,28.810076766080897,0.0,0.5755102040816328,0,1.4166666666666665,0.01,0.5,0.5,116.51000019199999,0.0,476.9782242058257,0,0.022945249492073518,0.0,1.0,0.7452784753216026,0.020833333333333332,0.0,0.08854166666666666
selected,153,4,-2.5396351688300456e-14,28.799999999999997,0,29.085935632035554,0.0,0.5820408163265307,0,1.4166666666666665,0.025,1.25,0.75,116.205000192,0.0,476.96211902153476,0,0.023755830482079337,0.0,1.0,0.7452533109711481,0.03125,0.0,0.08854166666666666
selected,154,4,-5.4262150328554526e-15,28.799999999999997,0,28.85778162457896,0.0,0.5448979591836736,0,1.4166666666666665,0.035,1.75,1.75,114.070000192,0.0,478.57500268693,0,0.04431433973902832,0.0,1.0,0.7477734416983282,0.07291666666666667,0.0,0.08854166666666666
selected,155,4,-1.4127587988355117e-14,28.799999999999997,0,29.343913082756607,0.0,0.6135360653542989,0,1.4166666666666665,0.035,1.75,0.5,115.29826739436064,0.0,477.2421125019717,0,0.021985161687749707,0.0,1.0,0.7456908007843308,0.020833333333333332,0.0,0.08854166666666666
selected,156,4,-4.3146042294495146e-14,28.799999999999997,0,28.888357548740462,0.0,0.5601978589109115,0,1.4375,0.035,1.75,1.25,113.91296248099529,0.0,478.1205771051666,0,0.042726477346722,0.0,1.0,0.7470634017268228,0.052083333333333336,0.0,0.08984375
selected,157,4,-1.3461454173580023e-15,28.78826720236064,0,28.977120655156146,0.0,0.5451020408163266,0.25,1.4375,0.045,2.25,2,111.78969527863464,0.011732797639359027,479.84259571950645,0,0.044816091087582256,0.0,0.9995926111930779,0.7497540558117288,0.08333333333333333,0.010416666666666666,0.08984375
selected,158,4,-4.8405723873656825e-14,28.799999999999997,0,28.794489485847176,0.0,0.6049040036593545,0,1.4583333333333333,0.04,2,0.75,112.58999145794301,0.0,478.3918850223859,0,0.02420423661050948,0.0,1.0,0.747487320347478,0.03125,0.0,0.09114583333333333
selected,159,4,-4.4020342926387457e-14,28.799999999999997,0,29.36568379288287,0.0,0.6142857142857144,0,1.4583333333333333,0.035,1.75,1,113.85499145794302,0.0,477.04328310098305,0,0.02122151620239973,0.0,1.0,0.745380129845286,0.041666666666666664,0.0,0.09114583333333333
selected,160,4,1.9359513991901167e-14,28.799999999999997,0,29.283432386012056,0.0,0.5826592839462317,0,1.4583333333333333,0.02,1,1,113.58529637130836,0.0,477.1937512896835,0,0.02282400297721058,0.0,1.0,0.7456152363901305,0.041666666666666664,0.0,0.09114583333333333
selected,161,4,-4.052314039881821e-15,28.799999999999997,0,29.53940051701965,0.0,0.6198321215037648,0,1.4583333333333333,0.03,1.5,0.5,115.12707032499283,0.0,475.741545731515,0,0.020696956353387898,0.0,1.0,0.7433461652054921,0.020833333333333332,0.0,0.09114583333333333
selected,162,4,-3.216871213851391e-14,28.799999999999997,0,29.461191446381335,0.0,0.5707082412386049,0,1.4583333333333333,0.03,1.5,1.5,114.26177414568446,0.0,476.66732511596604,0,0.03238030330659504,0.0,1.0,0.744792695493697,0.0625,0.0,0.09114583333333333
selected,163,4,-2.67841304690819e-15,28.799999999999997,0,29.31970969302425,0.0,0.576122448979592,0,1.4791666666666667,0.04,2,1.5,113.65177414568446,0.0,477.1809123600107,0,0.04450096249218039,0.0,1.0,0.7455951755625168,0.0625,0.0,0.09244791666666667
selected,164,4,-8.520961713998076e-15,28.799999999999997,0,29.661707846847655,0.0,0.6532653061224492,0,1.4791666666666667,0.03,1.5,0,116.83177414568446,0.0,474.1793549007359,0,0.02377878668043546,0.0,1.0,0.7409052420323998,0.0,0.0,0.09244791666666667
selected,165,4,-3.5638159090467525e-14,28.799999999999997,0,29.36189057476291,0.0,0.5813923682921539,0,1.4791666666666667,0.01,0.5,0.5,116.51000019199999,0.0,474.47162706089114,0,0.034731614943534765,0.0,1.0,0.7413619172826424,0.020833333333333332,0.0,0.09244791666666667
selected,166,4,6.994405055138486e-15,28.799999999999997,0,29.605313674970798,0.0,0.5879591836734696,0,1.4791666666666667,0.01,0.5,0.25,116.51000019199999,0.0,474.6789815521885,0,0.026321456253614206,0.0,1.0,0.7416859086752945,0.010416666666666666,0.0,0.09244791666666667
selected,167,4,9.880984919163893e-15,28.799999999999997,0,29.57029279257488,0.0,0.5819387755102042,0,1.4895833333333335,0.02,1,0.75,116.205000192,0.0,475.1523355692531,0,0.03731677356399461,0.0,1.0,0.742425524326958,0.03125,0.0,0.09309895833333334
selected,168,4,5.440092820663267e-15,28.799999999999997,0,29.4021830834728,0.0,0.569387755102041,0,1.4895833333333335,0.015,0.75,0.75,115.290000192,0.0,476.0851308976239,0,0.03895249143584352,0.0,1.0,0.7438830170275373,0.03125,0.0,0.09309895833333334
selected,169,4,-1.7486012637846216e-15,28.799999999999997,0,29.728900382745437,0.0,0.5993568614608223,0,1.4895833333333335,0.025,1.25,0.5,115.83348640358028,0.0,475.8461882073282,0,0.03596331374552941,0.0,1.0,0.7435096690739503,0.020833333333333332,0.0,0.09309895833333334
selected,170,4,1.7236212457305555e-14,28.799999999999997,0,29.55742388580772,0.0,0.5820408163265307,0,1.4895833333333335,0.025,1.25,0.75,115.52848640358027,0.0,476.30157127680945,0,0.03673212362768349,0.0,1.0,0.7442212051200148,0.03125,0.0,0.09309895833333334
selected,171,4,-3.8163916471489756e-14,28.713486211580285,0,29.17697445460481,0.0,0.5571428571428573,0.25,1.4895833333333335,0.025,1.25,1.25,114.09000019199999,0.08651378841971105,477.6214028742714,0,0.04815895811321658,0.0,0.9969960490132045,0.746283441991049,0.052083333333333336,0.010416666666666666,0.09309895833333334
selected,172,4,-1.7014167852380524e-14,28.799999999999997,0,29.160506092486006,0.0,0.6062620113961181,0,1.4895833333333335,0.025,1.25,0.25,114.97183875040977,0.0,476.4688083969515,0,0.026384540086693428,0.0,1.0,0.7444825131202367,0.010416666666666666,0.0,0.09309895833333334
selected,173,4,-2.3314683517128287e-15,28.799999999999997,0,28.880250585603754,0.0,0.5742864009270476,0,1.5,0.025,1.25,1,114.2868723958351,0.0,476.6347389362029,0,0.03658394779766034,0.0,1.0,0.7447417795878171,0.041666666666666664,0.0,0.09375
selected,174,4,-3.1155633628543455e-14,28.799999999999997,0,28.964611573998106,0.0,0.5448979591836736,0,1.5,0.035,1.75,1.75,112.1518723958351,0.0,478.3544525510173,0,0.04807245079135617,0.0,1.0,0.7474288321109646,0.07291666666666667,0.0,0.09375
selected,175,4,-2.7255975254547593e-14,28.790033645425325,0,29.404170857016112,0.0,0.6258938661149753,0.25,1.5,0.035,1.75,0.5,113.99563819004355,0.009966354574671044,476.4639301022847,0,0.02657177708443592,0.0,0.9996539460217128,0.7444748907848198,0.020833333333333332,0.010416666666666666,0.09375
selected,176,4,3.164135620181696e-15,28.799999999999997,0,29.065151045725123,0.0,0.5946540194475626,0,1.5104166666666667,0.04,2,1.5,114.29368514297411,0.0,475.7963801756317,0,0.04707123000720598,0.0,1.0,0.7434318440244245,0.0625,0.0,0.09440104166666667
selected,177,4,-8.673617379884035e-15,28.799999999999997,0,28.956933735871473,0.0,0.5575510204081634,0,1.5104166666666667,0.045,2.25,1.75,112.7686851429741,0.0,476.875762891095,0,0.04807915212776044,0.0,1.0,0.745118379517336,0.07291666666666667,0.0,0.09440104166666667
selected,178,4,-7.188694084447889e-15,28.799999999999997,0,29.122886034906138,0.0,0.6100000000000001,0,1.5104166666666667,0.045,2.25,1.25,113.81368514297412,0.0,475.4986489260011,0,0.04678579137681766,0.0,1.0,0.7429666389468768,0.052083333333333336,0.0,0.09440104166666667
selected,179,4,-1.4627188349436437e-14,28.799999999999997,0,29.060141802410325,0.0,0.6455347053135964,0,1.5208333333333335,0.025,1.25,0,116.61988570334033,0.0,472.28205546273165,0,0.03883803949150373,0.0,1.0,0.7379407116605182,0.0,0.0,0.09505208333333334
selected,180,4,1.2309597785531423e-14,28.799999999999997,0,28.730523375541893,0.0,0.5387755102040818,0,1.5208333333333335,0.04,2,2,114.17988570334033,0.0,474.07380332806946,0,0.06738507390761908,0.0,1.0,0.7407403177001085,0.08333333333333333,0.0,0.09505208333333334
selected,181,4,-9.534040223968532e-15,28.799999999999997,0,28.803093779487007,0.0,0.5636734693877552,0,1.5208333333333335,0.04,2,1.5,112.95988570334033,0.0,474.6932236381687,0,0.060828670726880786,0.0,1.0,0.7417081619346386,0.0625,0.0,0.09505208333333334
selected,182,4,-2.708944180085382e-14,28.799999999999997,0,29.458848744863303,0.0,0.6337755102040817,0,1.5520833333333333,0.055,2.75,1.25,115.15988570334034,0.0,472.4632968728279,0,0.0698467213608126,0.0,1.0,0.7382239013637937,0.052083333333333336,0.0,0.09700520833333333
selected,183,4,3.1308289294429414e-14,28.799999999999997,0,29.257093534296736,0.0034317828072155656,0.5636734693877552,0,1.5520833333333333,0.04,2,1.5,113.93988570334034,0.0,473.5367169377369,0,0.07325744724950797,0.0,1.0,0.7399011202152139,0.0625,0.0,0.09700520833333333
selected,184,4,-1.021405182655144e-14,28.799999999999997,0,29.319244248896045,0.00495649304678878,0.5938326185629568,0,1.5520833333333333,0.04,2,1,114.19768401292521,0.0,473.16433025848517,0,0.06078198538951231,0.0,1.0,0.7393192660288831,0.041666666666666664,0.0,0.09700520833333333
selected,185,4,9.908740494779522e-15,28.799999999999997,0,29.362217501388518,0.004771306253859221,0.5960204081632654,0,1.5625,0.035,1.75,1,114.56768401292521,0.0,472.7255273517104,0,0.06305281292842871,0.0,1.0,0.7386336364870475,0.041666666666666664,0.0,0.09765625
selected,186,4,1.8540724511240114e-14,28.732798309584872,0,29.569827069383017,0.004847375540229577,0.5894921324216259,0.25,1.5729166666666667,0.02,1,0.75,114.70000019199999,0.06720169041512439,472.8207478000121,0,0.06568939432443582,0.0,0.997666607971697,0.7387824184375189,0.03125,0.010416666666666666,0.09830729166666667
selected,187,4,-3.0503377601576176e-14,28.799999999999997,0,29.69357092111756,0.004573345625926546,0.5938197847839524,0,1.5729166666666667,0.025,1.25,0.5,114.97216964641365,0.0,472.8233294819321,0,0.06438061199329088,0.0,1.0,0.7387864523155189,0.020833333333333332,0.0,0.09830729166666667
selected,188,4,-2.1788126858268697e-14,28.799999999999997,0,29.264713596469964,0.005364460189548704,0.5617346938775512,0,1.5729166666666667,0.03,1.5,1.5,113.66716964641365,0.0,474.00130838452446,0,0.07631499217275327,0.0,1.0,0.7406270443508195,0.0625,0.0,0.09830729166666667
selected,189,4,2.2995494397548555e-14,28.799999999999997,0,29.013765104675564,0.005060225124022481,0.551326530612245,0,1.5833333333333333,0.045,2.25,2,111.83716964641366,0.0,475.4487469585878,0,0.08953396031676251,0.0,1.0,0.7428886671227934,0.08333333333333333,0.0,0.09895833333333333
selected,190,4,-1.1018963519404679e-14,28.779999999999998,0,29.556942030488237,0.005167321319404511,0.6226337029855286,0.25,1.5833333333333333,0.04,2,0.75,113.52622109270455,0.019999999999999962,473.8740038397996,0,0.06879772257549535,0.0,0.9993055555555556,0.740428130999687,0.03125,0.010416666666666666,0.09895833333333333
selected,191,4,-1.3405943022348765e-14,28.499999999999996,0,29.1194461136085,0.004517160750710925,0.5757720519507418,0.25,1.5833333333333333,0.055,2.75,2.25,113.1840516382909,0.3,474.20484735587104,0,0.10020422531346079,0.0,0.9895833333333333,0.7409450739935485,0.09375,0.010416666666666666,0.09895833333333333
selected,192,4,-1.4988010832439613e-14,28.799999999999997,0,28.922462970198673,0.005476317907237213,0.5414866281861856,0,1.59375,0.045,2.25,2,110.87189641941399,0.0,476.0529789167604,0,0.10435703586386429,0.0,1.0,0.7438327795574382,0.08333333333333333,0.0,0.099609375
selected,193,4,-1.8707257964933888e-14,28.60784478112309,0,29.349931579644064,0.004519638632580588,0.6193932442025645,0.25,1.6354166666666667,0.08,4,2,112.53432060421655,0.1921552188769082,474.43324828627624,0,0.1243050559870195,0.0,0.9933279437889964,0.7413019504473066,0.08333333333333333,0.010416666666666666,0.10221354166666667
selected,194,4,9.298117831235686e-16,28.499999999999996,0,28.966754075574528,0.005444779272063922,0.5179785419124309,0.25,1.6354166666666667,0.08,4,3.5,109.33526915792565,0.3,477.50107526622924,0,0.14876903528087881,0.0,0.9895833333333333,0.7460954301034832,0.14583333333333334,0.010416666666666666,0.10221354166666667
selected,195,4,2.6367796834847468e-15,28.47800080088003,0,29.031633054699395,0.0048377494211320786,0.6321315295137129,0.5,1.6666666666666665,0.09,4.5,1.75,111.74171330321755,0.32199919911996966,474.92613184524305,0,0.14223197517739863,0.0,0.9888194722527789,0.7420720810081922,0.07291666666666667,0.020833333333333332,0.10416666666666666
selected,196,4,1.637578961322106e-14,28.499999999999996,0,28.80159038690457,0.005085911616523552,0.5610204081632654,0.25,1.6666666666666665,0.08499999999999999,4.25,3,110.64671330321755,0.3,475.67670182398433,0,0.14153686939440463,0.0,0.9895833333333333,0.7432448465999755,0.125,0.010416666666666666,0.10416666666666666
selected,197,4,1.074140776324839e-14,28.429444946171927,0,28.317783172498686,0.004979165616751983,0.5771986088766201,0.5,1.6770833333333333,0.06,3,2.25,110.440000192,0.37055505382807097,475.13455455265205,0,0.13623561213839713,0.0,0.9871335050754142,0.7423977414885188,0.09375,0.020833333333333332,0.10481770833333333
selected,198,4,2.220446049250313e-16,28.799999999999997,0,29.358702618392332,0.004939911989615935,0.6461472110932951,0,1.6875,0.08,4,1.75,113.22121353557145,0.0,472.18589661637964,0,0.11223856801124028,0.0,1.0,0.7377904634630932,0.07291666666666667,0.0,0.10546875
selected,199,4,-4.343747583845925e-15,28.799999999999997,0,29.220994127842406,0.005022949909521426,0.5610204081632654,0,1.6875,0.07,3.5,2.75,111.84121353557146,0.0,473.35587033605873,0,0.10330792324770793,0.0,1.0,0.7396185474000918,0.11458333333333333,0.0,0.10546875
selected,200,4,-1.787459069646502e-14,28.686213343571456,0,29.51815107667953,0.004857769829364912,0.582857142857143,0.25,1.7083333333333333,0.065,3.25,2.25,111.650000192,0.11378665642854183,473.73116426988116,0,0.1019318679980593,0.0,0.9960490744295646,0.7402049441716894,0.09375,0.010416666666666666,0.10677083333333333
selected,201,4,-2.2343238370581275e-14,28.799999999999997,0,29.48311008169003,0.004624562124232612,0.6329551930973598,0,1.7083333333333333,0.055,2.75,1,113.80980465377061,0.0,471.56651469670317,0,0.08927045678817946,0.0,1.0,0.7368226792135987,0.041666666666666664,0.0,0.10677083333333333
selected,202,4,-1.2823075934420558e-14,28.799999999999997,0,29.940767720660904,0.004012515224857577,0.5607914672593851,0,1.7291666666666665,0.06,3,2.25,112.42858654948049,0.0,473.46770905439485,0,0.0839850221150969,0.0,1.0,0.739793295397492,0.09375,0.0,0.10807291666666666
selected,203,4,-7.396860901565105e-15,28.799999999999997,0,29.631596478305436,0.006926719745219645,0.5120332317666048,0,1.7395833333333333,0.07,3.5,3.25,108.6482149060441,0.0,477.49764394437005,0,0.10723058228884129,0.0,1.0,0.7460900686630783,0.13541666666666666,0.0,0.10872395833333333
selected,204,4,-2.6645352591003757e-15,28.703781895709863,0,29.285946902869295,0.009798342029712144,0.6645524838634551,0.25,1.7395833333333333,0.065,3.25,1,112.44250471964354,0.09621810429013503,473.5559666540666,0,0.07558036334760085,0.0,0.996659093601037,0.739931197896979,0.041666666666666664,0.010416666666666666,0.10872395833333333
selected,205,4,1.5931700403370996e-14,28.799999999999997,0,29.88442404854683,0.009785695738818018,0.5744051255082941,0,1.75,0.07500000000000001,3.75,2.75,111.71335586954994,0.0,474.7201344271988,0,0.09347224291990397,0.0,1.0,0.7417502100424981,0.11458333333333333,0.0,0.109375
selected,206,4,-2.0358714714063808e-14,28.799999999999997,0,29.407837933407578,0.01052106030579514,0.5127551020408164,0,1.75,0.07,3.5,3.5,107.96835586954995,0.0,478.4902172585655,0,0.10787852249893295,0.0,1.0,0.7476409644665086,0.14583333333333334,0.0,0.109375
selected,207,4,9.076073226310655e-15,28.685655611677035,0,29.581011646143423,0.005489408799875524,0.7107350205565433,0.25,1.7604166666666665,0.07,3.5,0.5,114.03871626514353,0.1143443883229637,472.5344778768818,0,0.06144643438129214,0.0,0.996029708738786,0.7383351216826278,0.020833333333333332,0.010416666666666666,0.11002604166666666
selected,208,4,-1.454392162258955e-14,28.799999999999997,0,29.686888791559802,0.005284587099402263,0.5841285700842263,0,1.7708333333333333,0.045,2.25,1.75,113.8160161992706,0.0,473.0149381642303,0,0.06823055100502581,0.0,1.0,0.7390858408816098,0.07291666666666667,0.0,0.11067708333333333
selected,209,4,1.379452108096757e-14,28.74601600727061,0,29.644232706614396,0.005489246023620438,0.580233862673001,0.25,1.7708333333333333,0.035,1.75,1.25,113.46645946297704,0.05398399272938473,473.64747773719466,0,0.061710882777825604,0.0,0.9981255558080074,0.7400741839643666,0.052083333333333336,0.010416666666666666,0.11067708333333333
selected,210,4,-2.7852720130283615e-14,28.799999999999997,0,29.576944592206118,0.004802802919636079,0.6092559332453666,0,1.7708333333333333,0.06,3,1.75,114.460000192,0.0,472.7616256671324,0,0.06762658689614637,0.0,1.0,0.7386900401048944,0.07291666666666667,0.0,0.11067708333333333
selected,211,4,-2.0483614804334138e-14,28.799999999999997,0,29.612020806942514,0.005206681344976665,0.5435714285714287,0,1.7708333333333333,0.055,2.75,2.5,112.240000192,0.0,475.19507504550353,0,0.06943213575450022,0.0,1.0,0.7424923047585993,0.10416666666666667,0.0,0.11067708333333333
selected,212,4,9.076073226310655e-15,28.799999999999997,0,29.503291750821496,0.005001418124630234,0.6223150419386325,0,1.78125,0.05,2.5,0.75,113.88343724699298,0.0,473.5826146993934,0,0.03849295195090635,0.0,1.0,0.7399728354678021,0.03125,0.0,0.111328125
selected,213,4,-3.68594044175552e-14,28.799999999999997,0,30.0696696937889,0.0,0.5818567788011847,0,1.78125,0.055,2.75,2,113.53941940825104,0.0,474.5594454531231,0,0.05319803054674963,0.0,1.0,0.7414991335205048,0.08333333333333333,0.0,0.111328125
selected,214,4,4.153621890878867e-14,28.799999999999997,0,30.048387393519896,0.0,0.5670756136884723,0,1.78125,0.04,2,1.5,112.48612447898617,0.0,476.25405216221935,0,0.04663580801446826,0.0,1.0,0.7441469565034677,0.0625,0.0,0.111328125
selected,215,4,-1.7430501486614958e-14,28.799999999999997,0,29.69339528536515,0.0,0.6311048751329714,0,1.8020833333333333,0.04,2,0.5,114.57026336050176,0.0,474.39220369093596,0,0.05899937801681336,0.0,1.0,0.7412378182670875,0.020833333333333332,0.0,0.11263020833333333
selected,216,4,2.736699755701011e-14,28.799999999999997,0,30.057393237117616,0.0,0.5173811502721001,0,1.8020833333333333,0.07,3.5,3.25,111.05193972383466,0.0,478.58053941444854,0,0.09070590446996632,0.0,1.0,0.7477820928350758,0.13541666666666666,0.0,0.11263020833333333
selected,217,4,-3.594347042223944e-15,28.799999999999997,0,29.376528150715977,0.0,0.5333673469387756,0,1.8125,0.08,4,3.25,108.30693972383466,0.0,481.28870021822576,0,0.09605865850794991,0.0,1.0,0.7520135940909778,0.13541666666666666,0.0,0.11328125
selected,218,4,-1.1629586182948515e-14,28.799999999999997,0,29.37148890226404,0.0,0.7017346938775512,0,1.8229166666666665,0.075,3.75,1,113.81693972383466,0.0,475.5734544266123,0,0.05852425415985488,0.0,1.0,0.7430835225415817,0.041666666666666664,0.0,0.11393229166666666
selected,219,4,-1.584843367652411e-14,28.799999999999997,0,29.833965799701854,0.0,0.5821848487366043,0,1.8229166666666665,0.055,2.75,2,113.48899731192826,0.0,476.29817778948393,0,0.06991421292628026,0.0,1.0,0.7442159027960686,0.08333333333333333,0.0,0.11393229166666666
selected,220,4,1.3308798507694064e-14,28.799999999999997,0,29.67842885988409,0.0,0.5751898779767552,0,1.8333333333333335,0.04,2,1.25,112.83330133278926,0.0,477.21711275053025,0,0.06285781107910193,0.0,1.0,0.7456517386727035,0.052083333333333336,0.0,0.11458333333333334
selected,221,4,2.1344037648418634e-14,28.799999999999997,0,30.256609245644086,0.0,0.6572196177504561,0,1.84375,0.025,1.25,0,116.2120626025616,0.0,474.61274110865156,0,0.03882041040420022,0.0,1.0,0.741582407982268,0.0,0.0,0.115234375
selected,222,4,-3.7664316110408436e-14,28.799999999999997,0,29.656797772940013,0.0,0.544890101751657,0,1.84375,0.045,2.25,2.25,114.06667758839279,0.0,477.0250337940087,0,0.0701342042782508,0.0,1.0,0.7453516153031386,0.09375,0.0,0.115234375
selected,223,4,-2.145505995088115e-14,28.799999999999997,0,29.266997030954613,0.0,0.53265306122449,0,1.84375,0.045,2.25,2.25,111.32167758839279,0.0,479.6593777637388,0,0.07408241750828243,0.0,1.0,0.7494677777558418,0.09375,0.0,0.115234375
selected,224,4,2.2565282975506307e-14,28.799999999999997,0,29.64418629176738,0.0,0.6440745612590568,0,1.8645833333333335,0.055,2.75,0.5,114.02633109008657,0.0,477.0998359925534,0,0.07252223036890328,0.0,1.0,0.7454684937383647,0.020833333333333332,0.0,0.11653645833333334
selected,225,4,-5.6690763194922056e-14,28.799999999999997,0,29.494085425540902,0.0,0.5257820939511676,0,1.8645833333333335,0.075,3.75,3.25,110.91465369369377,0.0,480.3048167205359,0,0.10536172637755513,0.0,1.0,0.7504762761258373,0.13541666666666666,0.0,0.11653645833333334
selected,226,4,-2.2537527399890678e-14,28.799996186409764,0,28.6993675595036,0.0,0.5332653061224492,0.25,1.8645833333333335,0.075,3.75,3,108.169657507284,3.8135902339919703e-06,482.34091897391704,0,0.09944412092528881,0.0,0.9999998675836724,0.7536576858967454,0.125,0.010416666666666666,0.11653645833333334
selected,227,4,7.382983113757291e-15,28.799999999999997,0,29.646014320664044,0.0,0.694693443945085,0,1.875,0.06,3,0.25,113.34963626059317,0.0,477.2522610973269,0,0.05220987251357337,0.0,1.0,0.7457066579645732,0.010416666666666666,0.0,0.1171875
selected,228,4,-1.0963452368173421e-14,28.799999999999997,0,29.236868283791274,0.0,0.5576047611904057,0,1.8854166666666667,0.055,2.75,2.5,111.81726955892304,0.0,478.60889132159787,0,0.08179942707008885,0.0,1.0,0.7478263926899966,0.10416666666666667,0.0,0.11783854166666667
selected,229,4,-4.6629367034256575e-15,28.734978753309157,0,28.644851515598475,0.0,0.526530612244898,0.5,1.8854166666666667,0.05,2.5,2.5,108.83229080561388,0.06502124669083986,480.92721222495146,0,0.08621362823137638,0.0,0.9977423178232347,0.7514487691014866,0.10416666666666667,0.020833333333333332,0.11783854166666667
selected,230,4,1.582067810090848e-15,28.799999999999997,0,29.61647250054997,0.0,0.7084477913543697,0,1.90625,0.05,2.5,0,114.696232581978,0.0,475.1212951577829,0,0.06337532664931961,0.0,1.0,0.7423770236840358,0.0,0.0,0.119140625
selected,231,4,2.5590640717609858e-14,28.799999999999997,0,30.14230363196493,0.0,0.5674022323752268,0,1.90625,0.04,2,2,113.6589419683641,0.0,476.89348717098653,0,0.09509738042102715,0.0,1.0,0.7451460737046665,0.08333333333333333,0.0,0.119140625
selected,232,4,-2.781108676686017e-14,28.799999999999997,0,29.58310803046185,0.004191416214590669,0.5885714285714287,0,1.90625,0.04,2,1,113.6589419683641,0.0,477.04802377287695,0,0.07883679872529194,0.0,1.0,0.7453875371451202,0.041666666666666664,0.0,0.119140625
selected,233,4,-4.832245714680994e-14,28.799999999999997,0,29.690162736314853,0.004922495842030093,0.6238785252829214,0,1.90625,0.03,1.5,0.5,115.39898970722724,0.0,475.54426024504573,0,0.06491036181612857,0.0,1.0,0.7430379066328839,0.020833333333333332,0.0,0.119140625
selected,234,4,1.4377388168895777e-14,28.799999999999997,0,29.12946606112131,0.005472077350497735,0.6095789518899535,0,1.90625,0.01,0.5,0.25,116.45835834983495,0.0,474.1947787116694,0,0.05676016208801716,0.0,1.0,0.7409293417369834,0.010416666666666666,0.0,0.119140625
selected,235,4,-1.9234613901630837e-14,28.799999999999997,0,29.449244448114168,0.004595587559603923,0.5821381551409964,0,1.9166666666666667,0.02,1,0.75,116.16312795174377,0.0,474.5371154027338,0,0.06782356941237874,0.0,1.0,0.7414642428167715,0.03125,0.0,0.11979166666666667
selected,236,4,8.881784197001252e-16,28.799999999999997,0,28.879192326342245,0.005312987118122363,0.5510204081632655,0,1.9166666666666667,0.03,1.5,1.5,114.33312795174378,0.0,475.8652873209127,0,0.07939687153383253,0.0,1.0,0.7435395114389262,0.0625,0.0,0.11979166666666667
selected,237,4,4.468647674116255e-15,28.799999999999997,0,29.42165458102242,0.004694763464410638,0.594795918367347,0,1.9270833333333335,0.04,2,1.25,114.63812795174377,0.0,475.5471459835678,0,0.07668871361760246,0.0,1.0,0.7430424155993247,0.052083333333333336,0.0,0.12044270833333334
selected,238,4,-3.447242491461111e-14,28.799999999999997,0,29.77592185200912,0.0048048446113351405,0.6067442235591652,0,1.9270833333333335,0.035,1.75,0.5,115.53359490614287,0.0,474.9858566576187,0,0.06448764126406847,0.0,1.0,0.7421654010275291,0.020833333333333332,0.0,0.12044270833333334
selected,239,4,-1.3877787807814457e-16,28.799999999999997,0,29.09733195185177,0.004738691730350218,0.5387755102040818,0,1.9270833333333335,0.04,2,2,113.09359490614287,0.0,477.14441309926633,0,0.0859463502292773,0.0,1.0,0.7455381454676037,0.08333333333333333,0.0,0.12044270833333334
selected,240,4,-1.249000902703301e-16,28.799999999999997,0,29.196226579396154,0.005009006879737324,0.554574586652644,0,1.9479166666666667,0.05,2.5,1.75,111.41774965212241,0.0,478.6119103460303,0,0.08887541903463705,0.0,1.0,0.7478311099156724,0.07291666666666667,0.0,0.12174479166666667
selected,241,4,7.521760991835436e-15,28.799999999999997,0,29.413868839572295,0.00548443291746607,0.5989704019001307,0,1.9583333333333335,0.05,2.5,1.25,111.91729934522881,0.0,478.0772590905961,0,0.08853570246447304,0.0,1.0,0.7469957173290565,0.052083333333333336,0.0,0.12239583333333334
selected,242,4,-2.3453461395206432e-14,28.728159899875415,0,28.945663621649217,0.005244802227951753,0.5709198483020989,0.25,1.9791666666666667,0.06,3,2.5,111.10421201215624,0.07184010012458289,478.47693029714037,0,0.09863235367773593,0.0,0.9975055520790076,0.7476202035892818,0.10416666666666667,0.010416666666666666,0.12369791666666667
selected,243,4,-3.427813588530171e-15,28.799999999999997,0,28.78859738844892,0.004570671575400097,0.5631898914803841,0,1.9791666666666667,0.05,2.5,1.5,109.85051669469506,0.0,479.10603311157007,0,0.09212911679249253,0.0,1.0,0.7486031767368282,0.0625,0.0,0.12369791666666667
selected,244,4,3.5485503424581566e-14,28.682636309966846,0,29.207587621150505,0.008459497851914726,0.6063474749828645,0.25,1.9791666666666667,0.065,3.25,1.75,110.81390665888856,0.11736369003315308,477.9962469835774,0,0.09150569151967108,0.0,0.9959248718738489,0.7468691359118397,0.07291666666666667,0.010416666666666666,0.12369791666666667
selected,245,4,-1.1018963519404679e-14,28.376032062605116,0,29.074581942029784,0.009369028542558855,0.560017279317384,0.5,1.9791666666666667,0.05,2.5,2.5,109.82872128283525,0.4239679373948805,479.069964959738,0,0.1042920554080655,0.0,0.9852788910626777,0.7485468202495906,0.10416666666666667,0.020833333333333332,0.12369791666666667
selected,246,4,-2.6978419498391304e-14,28.799999999999997,0,28.89481537989176,0.009933360309499421,0.6692995583848131,0,1.9791666666666667,0.05,2.5,0.75,113.77439964369108,0.0,474.4998024203891,0,0.07008853488532245,0.0,1.0,0.7414059412818579,0.03125,0.0,0.12369791666666667
selected,247,4,-8.93729534823251e-15,28.799999999999997,0,29.36483419781093,0.010406925054019748,0.596902793026036,0,1.9791666666666667,0.04,2,1.25,114.18263650196684,0.0,474.01949696689826,0,0.0747076568889514,0.0,1.0,0.7406554640107785,0.052083333333333336,0.0,0.12369791666666667
selected,248,4,-4.266031972122164e-14,28.799999999999997,0,29.296481236257506,0.010640329086308641,0.5571428571428573,0,1.9791666666666667,0.025,1.25,1.25,112.65763650196683,0.0,475.4588353460129,0,0.07765604978736958,0.0,1.0,0.7429044302281451,0.052083333333333336,0.0,0.12369791666666667
selected,249,4,-4.04121180963557e-14,28.799999999999997,0,29.576359575043973,0.010433378424125382,0.6168227395161119,0,1.9791666666666667,0.04,2,0.75,114.04195073825632,0.0,474.19405794525125,0,0.07693687444089609,0.0,1.0,0.7409282155394551,0.03125,0.0,0.12369791666666667
selected,250,4,1.4988010832439613e-15,28.757157118144736,0,29.038714300487342,0.010081713644441059,0.5204081632653063,0.25,1.9791666666666667,0.055,2.75,2.75,110.72979362011158,0.042842881855261805,477.2123640824733,0,0.10857169581515892,0.0,0.9985123999355812,0.7456443188788645,0.11458333333333333,0.010416666666666666,0.12369791666666667
selected,251,4,-1.7610912728116546e-14,28.324793428111583,0,29.23321355008598,0.01007844306405471,0.5887769242865336,0.5,1.9791666666666667,0.055,2.75,1.5,111.20006948204013,0.4752065718884147,477.0067314182326,0,0.08875089961944722,0.0,0.98349977180943,0.7453230178409884,0.0625,0.020833333333333332,0.12369791666666667
selected,252,4,-1.1282641487753153e-14,28.799999999999997,0,29.2719955428747,0.009917893157782295,0.6364285714285716,0,1.9791666666666667,0.055,2.75,1.25,113.53006948204013,0.0,474.4572983896787,0,0.08541507359106301,0.0,1.0,0.741339528733873,0.052083333333333336,0.0,0.12369791666666667
selected,253,4,-2.9726221484338566e-14,28.775069290040136,0,29.399900987900196,0.010420857778354574,0.5512244897959184,0.25,1.9791666666666667,0.04,2,1.75,111.725000192,0.024930709959860964,476.295974887783,0,0.08893962274898358,0.0,0.999134350348616,0.744212460762161,0.07291666666666667,0.010416666666666666,0.12369791666666667
selected,254,4,-2.5091040356528538e-14,28.799999999999997,0,29.38878107033032,0.010835745903268301,0.579284392145255,0,1.9895833333333335,0.045,2.25,1.25,111.26493540711748,0.0,476.7205363508506,0,0.07921350318187173,0.0,1.0,0.744875838048204,0.052083333333333336,0.0,0.12434895833333334
selected,255,4,-3.13915560212763e-14,28.799999999999997,0,29.63800110015523,0.009890689789796327,0.6199084590916051,0,1.9895833333333335,0.035,1.75,1,112.80544990260613,0.0,475.36311449642557,0,0.06491231818354427,0.0,1.0,0.7427548664006649,0.041666666666666664,0.0,0.12434895833333334
selected,256,4,-4.246603069191224e-15,28.799999999999997,0,29.59666341604924,0.010344801700965365,0.6325526657126468,0,1.9895833333333335,0.03,1.5,0.5,114.9705305225258,0.0,473.3321446268425,0,0.06629805787284007,0.0,1.0,0.7395814759794413,0.020833333333333332,0.0,0.12434895833333334
focal_aggressive_selected,1,4,-7.327471962526033e-15,28.799999999999997,0,19.514304660460205,0.0,1.92,0,1,0.16,8,0,113.12,0.0,563.5143046604602,0,0.0,0.0,1.0,0.880491101031969,0.0,0.0,0.0625
focal_aggressive_selected,2,4,-2.481348460037225e-14,28.799999999999997,0,22.108696533515356,0.0,0.7215306159999999,0,1,0.0,0,0,119.675000184,0.0,549.5464703939756,0,0.0,0.0,1.0,0.8586663599905868,0.0,0.0,0.0625
focal_aggressive_selected,3,4,1.9095836023552692e-14,28.799999999999997,0,23.278978365807788,0.0,0.6432653061224491,0,1,0.0,0,0,122.395000184,0.0,540.6621834536609,0,0.0,0.0,1.0,0.8447846616463451,0.0,0.0,0.0625
focal_aggressive_selected,4,4,3.774758283725532e-14,28.799999999999997,0,23.75420547725363,0.0,0.6432653061224491,0,1,0.0,0,0,125.115000184,0.0,532.2531236247921,0,0.0,0.0,1.0,0.8316455056637377,0.0,0.0,0.0625
focal_aggressive_selected,5,4,4.4853010194856324e-14,28.799999999999997,0,24.82763035928919,0.0,0.6432653061224491,0,1,0.0,0,0,127.835000184,0.0,524.9174886779589,0,0.0,0.0,1.0,0.8201835760593108,0.0,0.0,0.0625
focal_aggressive_selected,6,4,-9.031664305325648e-14,28.799999999999997,0,25.395312137107943,0.0,0.6248979591836736,0,1,0.015,0.75,0.75,129.640000184,0.0,519.0679028558831,0,0.0,0.0,1.0,0.8110435982123173,0.03125,0.0,0.0625
focal_aggressive_selected,7,4,-2.1538326677728037e-14,28.799999999999997,0,25.85595294135753,0.0,0.6251194561866024,0,1,0.015,0.75,0.5,131.4558535371435,0.0,513.6678829879105,0,0.0,0.0,1.0,0.8026060671686102,0.020833333333333332,0.0,0.0625
focal_aggressive_selected,8,4,1.815214645262131e-14,28.799999999999997,0,26.412290415165597,0.0,0.6622448979591837,0,1.0208333333333335,0.015,0.75,0.25,135.09085353714352,0.0,506.96792850511696,0,0.0,0.0,1.0,0.7921373882892453,0.010416666666666666,0.0,0.06380208333333334
focal_aggressive_selected,9,4,3.502753642692369e-14,28.790853353143508,0,26.87758427603971,0.0,0.6371428571428572,0.25,1.0208333333333335,0.005,0.25,0.25,137.515000184,0.009146646856489526,501.9883699240138,0,0.0,0.0,0.9996824080952608,0.7843568280062716,0.010416666666666666,0.010416666666666666,0.06380208333333334
focal_aggressive_selected,10,4,-4.1799896877137144e-14,28.799999999999997,0,27.26719508068911,0.0,0.6571428571428573,0,1.03125,0.005,0.25,0,140.910000184,0.0,496.39842214756004,0,0.0,0.0,1.0,0.7756225346055625,0.0,0.0,0.064453125
focal_aggressive_selected,11,4,-1.5959455978986625e-14,28.799999999999997,0,27.52533219231784,0.0,0.6539795918367348,0,1.03125,0.0,0,0,144.15500018400002,0.0,491.22477474804117,0,0.0,0.0,1.0,0.7675387105438143,0.0,0.0,0.064453125
focal_aggressive_selected,12,4,-4.884981308350689e-15,28.799999999999997,0,27.385361885663297,0.0,0.6432653061224491,0,1.03125,0.0,0,0,146.87500018400002,0.0,486.446871327582,0,0.0,0.0,1.0,0.7600732364493469,0.0,0.0,0.064453125
focal_aggressive_selected,13,4,7.549516567451064e-15,28.799999999999997,0.25,26.850087995744598,0.0,0.6432653061224491,0,1.03125,0.0,0,0,149.595000184,0.0,481.13369401720416,0,0.0,0.0,1.0,0.7517713969018816,0.0,0.0,0.064453125
focal_aggressive_selected,14,4,-7.91033905045424e-15,28.799999999999997,0.75,26.884620391721654,0.0,0.6394701272812063,0,1.03125,0.0,0,0,152.1290364207791,0.0,476.0448080448655,0,0.0,0.0,1.0,0.7438200125701023,0.0,0.0,0.064453125
focal_aggressive_selected,15,4,-4.851674617611934e-14,28.799999999999997,0.75,26.707599239651614,0.0,0.5832653061224491,0,1.03125,0.015,0.75,0.75,151.89403642077912,0.0,473.58914197839465,0,0.0006717286109731355,0.0,1.0,0.7399830343412417,0.03125,0.0,0.064453125
focal_aggressive_selected,16,4,-1.149080830487037e-14,28.799999999999997,0.75,26.694141699567307,0.0,0.5918634323429053,0,1.03125,0.015,0.75,0,152.08034460558144,0.0,470.6901120608167,0,0.0,0.0,1.0,0.7354533000950261,0.0,0.0,0.064453125
focal_aggressive_selected,17,4,-3.0753177782116836e-14,28.799999999999997,1,26.862564117488922,0.0,0.5832653061224491,0,1.03125,0.015,0.75,0.75,151.84534460558143,0.0,468.3894108721832,0,5.205029741435942e-05,0.0,1.0,0.7318584544877862,0.03125,0.0,0.064453125
focal_aggressive_selected,18,4,-2.3869795029440866e-15,28.799999999999997,1,26.625366773011148,0.0,0.5828136609513539,0,1.03125,0.015,0.75,0.25,151.58821399219778,0.0,465.87409459762665,0,3.054720645963156e-05,0.0,1.0,0.7279282728087917,0.010416666666666666,0.0,0.064453125
focal_aggressive_selected,19,4,-7.549516567451064e-15,28.799999999999997,1,27.216778218489043,0.0,0.5832653061224491,0,1.0416666666666667,0.02,1,0.75,151.34821399219777,0.0,463.92760750999327,0,9.841375136293534e-05,0.0,1.0,0.7248868867343645,0.03125,0.0,0.06510416666666667
focal_aggressive_selected,20,4,-4.773959005888173e-15,28.799999999999997,1,26.9805102473443,0.0,0.583497555338407,0,1.0416666666666667,0.015,0.75,0.5,151.12459420377968,0.0,461.73323999041725,0,0.00012373803694738292,0.0,1.0,0.721458187485027,0.020833333333333332,0.0,0.06510416666666667
focal_aggressive_selected,21,4,-1.1296519275560968e-14,28.799999999999997,1,26.841375942463713,0.0,0.6110204081632654,0,1.0625,0.025,1.25,0.75,152.2395942037797,0.0,458.0235955247177,0,0.00019513050180849334,0.0,1.0,0.7156618680073714,0.03125,0.0,0.06640625
focal_aggressive_selected,22,4,-2.2620794126737565e-14,28.799999999999997,1,27.350453985396086,0.0,0.611235556747766,0,1.0625,0.015,0.75,0.5,153.3751364844202,0.0,454.81227167272544,0,0.0002462664440495035,0.0,1.0,0.7106441744886335,0.020833333333333332,0.0,0.06640625
focal_aggressive_selected,23,4,-1.3211653993039363e-14,28.799999999999997,1,27.79694609161488,0.0,0.6321882312801808,0,1.0833333333333333,0.015,0.75,0.25,155.53735981714908,0.0,450.9998062003313,0,0.00034164757566353354,0.0,1.0,0.7046871971880176,0.010416666666666666,0.0,0.06770833333333333
focal_aggressive_selected,24,4,-2.5146551507759796e-14,28.799999999999997,1,27.72754632649272,0.0,0.6255055819699247,0,1.0833333333333333,0.005,0.25,0.25,157.38213333367537,0.0,447.4520734283278,0,0.0004519496141130186,0.0,1.0,0.6991438647317623,0.010416666666666666,0.0,0.06770833333333333
focal_aggressive_selected,25,4,2.871314297436811e-14,28.799999999999997,1,27.509840174377793,0.0,0.6065306122448981,0,1.09375,0.034999999999999996,1.75,1.5,158.26713333367536,0.0,444.6353829904607,0,0.020394213540989997,0.0,1.0,0.6947427859225949,0.0625,0.0,0.068359375
focal_aggressive_selected,26,4,-3.0531133177191805e-16,28.799999999999997,1,27.558279157796438,0.0,0.6706735336886704,0,1.09375,0.05,2.5,1,162.2801364844202,0.0,438.6599854638236,0,0.000758886009913803,0.0,1.0,0.6854062272872243,0.041666666666666664,0.0,0.068359375
focal_aggressive_selected,27,4,5.315192730392937e-15,28.799999999999997,1,27.777877670661514,0.0,0.5820408163265307,0,1.09375,0.05,2.5,2.5,161.9501364844202,0.0,437.3358223181586,0,0.017688934446748284,0.0,1.0,0.6833372223721228,0.10416666666666667,0.0,0.068359375
focal_aggressive_selected,28,4,3.5110803153770576e-14,28.799999999999997,1.25,27.76043625727224,0.0,0.6333410496838614,0,1.1354166666666667,0.05,2.5,0.75,164.1338479189294,0.0,433.4292060912378,0,0.0007792880704526077,0.0,1.0,0.6772331345175591,0.03125,0.0,0.07096354166666667
focal_aggressive_selected,29,4,-3.058664432842306e-14,28.759999999999998,1.25,27.81798772039243,0.0,0.6434471331704016,0.5,1.1666666666666667,0.04,2,1.25,166.86275744427908,0.039999999999999925,429.07483715311014,0,0.01096033530594016,0.0,0.9986111111111111,0.6704294330517346,0.052083333333333336,0.020833333333333332,0.07291666666666667
focal_aggressive_selected,30,4,-1.7708057242771247e-14,28.199999999999996,1.25,27.60948639374709,0.0,0.5864024340994902,0.5,1.1666666666666667,0.04,2,1.75,167.3564767151541,0.6,427.36420184188273,0,0.02164589889071495,0.0,0.9791666666666666,0.6677565653779418,0.07291666666666667,0.020833333333333332,0.07291666666666667
focal_aggressive_selected,31,4,4.718447854656915e-14,28.799999999999997,1.25,27.504120090335718,0.0,0.6532458305249184,0,1.2083333333333335,0.04,2,0.5,170.52552241087508,0.0,422.2060304059725,0,0.013101934267549527,0.0,1.0,0.6596969225093321,0.020833333333333332,0.0,0.07552083333333334
focal_aggressive_selected,32,4,4.285460875053104e-14,28.799999999999997,1.5,26.97947513807729,0.0,0.5949838499958845,0,1.2083333333333335,0.045,2.25,2,170.83473106067342,0.0,419.4363130442556,0,0.021545068700568843,0.0,1.0,0.6553692391316494,0.08333333333333333,0.0,0.07552083333333334
focal_aggressive_selected,33,4,-2.5618396293225487e-14,28.45422185422619,1.75,27.329100946271513,0.0,0.6145287956842647,0.75,1.21875,0.07,3.5,2.25,172.42242019497618,0.3457781457738084,416.0389742063139,0,0.023196787604823497,0.0,0.9879938143828539,0.6500608971973655,0.09375,0.03125,0.076171875
focal_aggressive_selected,34,4,2.7172708527700706e-14,28.799999999999997,1.75,27.033569448484098,0.0,0.6629101107655879,0,1.2395833333333335,0.065,3.25,1.25,176.04001562249,0.0,409.9270381165186,0,0.013849925802124765,0.0,1.0,0.6405109970570603,0.052083333333333336,0.0,0.07747395833333334
focal_aggressive_selected,35,4,2.3814283878209608e-14,28.799999999999997,1.75,27.404981389761627,0.0,0.5390196447024059,0,1.2395833333333335,0.07,3.5,2.75,173.58197821290787,0.0,410.3810372711599,0,0.022115053883749514,0.0,1.0,0.6412203707361874,0.11458333333333333,0.0,0.07747395833333334
focal_aggressive_selected,36,4,-3.792799407875691e-14,28.75281423064259,1.25,27.6892812483661,0.0,0.5329673427655527,0.25,1.2395833333333335,0.07,3.5,2.25,170.87456377777738,0.0471857693574092,411.4219513812484,0,0.016567845443126582,0.0,0.9983616052306455,0.6428467990332006,0.09375,0.010416666666666666,0.07747395833333334
focal_aggressive_selected,37,4,3.341771304121721e-14,28.499999999999996,1.25,28.04380276872631,0.0,0.6173665870145609,0.25,1.2916666666666665,0.07,3.5,2,172.55552654149085,0.3,408.59742479924665,0,0.028480638084593647,0.0,0.9895833333333333,0.6384334762488229,0.08333333333333333,0.010416666666666666,0.08072916666666666
focal_aggressive_selected,38,4,1.3350431871117507e-14,28.629521400921075,1.25,28.369119980469574,0.0,0.6043009985631618,0.75,1.3229166666666667,0.06,3,2.25,173.4767540701647,0.17047859907892338,406.75149485155816,0,0.03197707289853221,0.0,0.9940806041986485,0.6355492107055596,0.09375,0.03125,0.08268229166666667
focal_aggressive_selected,39,4,4.385380947269368e-15,28.435063339951803,1.25,28.511653186393804,0.0,0.6440981904748363,0,1.3541666666666667,0.045,2.25,0,176.55750206347986,0.36493666004819325,403.0582385142102,0,0.03567426581385286,0.0,0.987328588192771,0.6297784976784534,0.0,0.0,0.08463541666666667
focal_aggressive_selected,40,4,-3.114175584073564e-14,27.8146523809842,1,28.43127734941453,0.0,0.5618923114720576,1,1.3541666666666667,0.065,3.25,3.25,176.21057294462648,0.9853476190157965,403.39490029002184,0,0.04849675950933153,0.0,0.9657865410063959,0.6303045317031591,0.13541666666666666,0.041666666666666664,0.08463541666666667
focal_aggressive_selected,41,4,-2.450817326860033e-14,27.599999999999998,1,28.843930678757697,0.0,0.5314285714285716,1,1.3541666666666667,0.08,4,4,174.57057294462646,1.2,405.6674023973509,0,0.0635125146532975,0.0,0.9583333333333334,0.6338553162458608,0.16666666666666666,0.041666666666666664,0.08463541666666667
focal_aggressive_selected,42,4,1.7985612998927536e-14,28.53741230148636,1,29.598003526550215,0.0,0.7155822602530012,0,1.4270833333333333,0.08,4,0.5,181.01669139553715,0.2625876985136386,399.4862929112511,0,0.045136448770478114,0.0,0.9908823715793875,0.6241973326738298,0.020833333333333332,0.0,0.08919270833333333
focal_aggressive_selected,43,4,-4.6074255521944e-15,28.439749814463568,1,30.179658378859777,0.0,0.5760175749727999,0.5,1.4270833333333333,0.09,4.5,4,180.7118027547408,0.36025018553642973,400.86507254147085,0,0.08395927419237162,0.0,0.9874913130022073,0.6263516758460482,0.16666666666666666,0.020833333333333332,0.08919270833333333
focal_aggressive_selected,44,4,-1.9456658506555868e-14,27.79382002256579,1,29.56188947293853,0.0,0.5701939654482151,1.25,1.4270833333333333,0.095,4.75,3,180.7624870391375,1.00617997743421,401.9172637419987,0,0.07035331906412925,0.0,0.9650631952279789,0.6279957245968729,0.125,0.052083333333333336,0.08919270833333333
focal_aggressive_selected,45,4,3.7192471324942744e-15,28.499999999999996,1,30.214140274117533,0.0,0.6258824672920814,0,1.5,0.08499999999999999,4.25,1.75,182.84572793644952,0.3,400.8372806515121,0,0.0639632163625577,0.0,0.9895833333333333,0.6263082510179877,0.07291666666666667,0.0,0.09375
focal_aggressive_selected,46,4,-9.131584377541913e-15,28.169038182984448,1,30.601816574070362,0.0,0.5639497549198706,0.5,1.5,0.07,3.5,2.75,182.2402277445387,0.6309618170155504,403.24160947958893,0,0.05456640617874716,0.0,0.978091603575849,0.6300650148118577,0.11458333333333333,0.020833333333333332,0.09375
focal_aggressive_selected,47,4,6.189493362285248e-15,28.199999999999996,1,31.242174261851105,0.0,0.619010200909775,0.5,1.5208333333333335,0.055,2.75,0.75,184.31672758911768,0.6,403.5332736959513,0,0.04137760723219986,0.0,0.9791666666666666,0.630520740149924,0.03125,0.020833333333333332,0.09505208333333334
focal_aggressive_selected,48,4,-2.0761170560490427e-14,28.799999999999997,0.75,31.276143460797385,0.0,0.5636030050176706,0,1.53125,0.055,2.75,2.25,183.07827483498352,0.0,406.62926690586517,0,0.07312071829993808,0.0,1.0,0.6353582295404143,0.09375,0.0,0.095703125
focal_aggressive_selected,49,4,4.746203430272544e-15,28.509878677151093,0.75,31.225720027387545,0.0,0.5346878718349442,0.75,1.53125,0.075,3.75,3.25,180.69310187774468,0.2901213228489028,411.12059334150547,0,0.07830347927439743,0.0,0.9899263429566353,0.6423759270961023,0.13541666666666666,0.03125,0.095703125
focal_aggressive_selected,50,4,-4.7684078907650473e-14,28.517658613451214,0.75,31.534123228770195,0.0,0.6080417208404831,0.75,1.5625,0.065,3.25,1.5,181.90448758547714,0.2823413865487844,412.25263052825153,0,0.06069654378342368,0.0,0.9901964796337228,0.6441447352003931,0.0625,0.03125,0.09765625
focal_aggressive_selected,51,4,-1.0075273948473296e-14,28.58598866075936,0.75,31.35590322083193,0.0,0.5969588108184903,0.25,1.5729166666666667,0.075,3.75,2.25,182.4944806548238,0.21401133924063825,413.7605932081589,0,0.09411209282981761,0.0,0.9925690507208111,0.6465009268877483,0.09375,0.010416666666666666,0.09830729166666667
focal_aggressive_selected,52,4,1.84297022087776e-14,28.04526440984713,0.75,31.417333822700357,0.0,0.5406067465890121,1.25,1.5729166666666667,0.08,4,3,180.85894682783825,0.754735590152865,418.1475897014087,0,0.08809505413436888,0.0,0.9737939031196922,0.6533556089084511,0.125,0.052083333333333336,0.09830729166666667
focal_aggressive_selected,53,4,-1.3322676295501878e-15,28.100119195010308,0.5,31.64478527237235,0.0,0.5962305711739955,0.5,1.59375,0.06,3,1.75,181.9141256203537,0.6998808049896913,419.98084641508126,0,0.08121516128189062,0.0,0.9756985831600802,0.6562200725235645,0.07291666666666667,0.020833333333333332,0.099609375
focal_aggressive_selected,54,4,-1.5931700403370996e-14,28.32824260178904,0,32.2079281756285,0.0,0.6356349494570339,0.5,1.6145833333333335,0.065,3.25,1.5,184.66699554195932,0.4717573982109582,420.4070271178581,0,0.08023269609388085,0.0,0.9836195347843417,0.6568859798716533,0.0625,0.020833333333333332,0.10091145833333334
focal_aggressive_selected,55,4,-3.3861802251067274e-15,28.199999999999996,0,31.80115934777981,0.0,0.5035745535181513,0.5,1.6145833333333335,0.07,3.5,3.5,181.07214866434873,0.6,427.02945878973037,0,0.11514356258682434,0.0,0.9791666666666666,0.6672335293589537,0.14583333333333334,0.020833333333333332,0.10091145833333334
focal_aggressive_selected,56,4,-7.993605777301127e-15,28.569258124879894,0,31.674721354969588,0.0,0.5499251899749307,0,1.6354166666666667,0.095,4.75,3,179.35422484824042,0.23074187512010286,431.20792064595344,0,0.12306927031947812,0.0,0.9919881293361076,0.6737623760093022,0.125,0.0,0.10221354166666667
focal_aggressive_selected,57,4,2.718658631550852e-14,28.199999999999996,0,31.775937115141147,0.0,0.6637243888132569,0.5,1.6354166666666667,0.09,4.5,1.75,183.58671990009,0.6,429.7976383204317,0,0.0913368114700758,0.0,0.9791666666666666,0.6715588098756745,0.07291666666666667,0.020833333333333332,0.10221354166666667
focal_aggressive_selected,58,4,-2.78388423424758e-14,28.072129062439945,0,32.21846789557816,0.0,0.5323465554058632,0.75,1.6458333333333335,0.065,3.25,3,181.53457205253733,0.7278709375600514,435.39877844571674,0,0.11523820346601067,0.0,0.9747267035569427,0.6803105913214325,0.125,0.03125,0.10286458333333334
focal_aggressive_selected,59,4,3.594347042223944e-14,28.799999999999997,0,32.28953991291433,0.0,0.6084688691480151,0,1.65625,0.06,3,1.25,182.48954664079008,0.0,437.2648749012303,0,0.10062838166068272,0.0,1.0,0.6832263670331724,0.052083333333333336,0.0,0.103515625
focal_aggressive_selected,60,4,-1.9664825323673085e-14,28.574296264541566,0,32.01696722157712,0.0,0.5918587505968826,0.25,1.6666666666666665,0.08,4,2.75,182.83632915549575,0.22570373545843092,439.6889045929633,0,0.11129914309616751,0.0,0.9921630647410267,0.6870139134265052,0.11458333333333333,0.010416666666666666,0.10416666666666666
focal_aggressive_selected,61,4,1.84297022087776e-14,28.494296264541568,0,32.03331606462123,0.0,0.5324293603702247,0.5,1.6666666666666665,0.08,4,3.25,180.35107154909517,0.305703735458431,445.1007526390733,0,0.12663276469527915,0.0,0.989385286963249,0.695469925998552,0.13541666666666666,0.020833333333333332,0.10416666666666666
focal_aggressive_selected,62,4,-1.96787031114809e-14,28.799999999999997,0,31.862974841569777,0.0,0.6381136948429029,0,1.6666666666666665,0.08,4,2,182.7386425963974,0.0,445.05804273849793,0,0.11575360113853761,0.0,1.0,0.695403191778903,0.08333333333333333,0.0,0.10416666666666666
focal_aggressive_selected,63,4,7.244205235679146e-15,28.799999999999997,0,31.954813044135037,0.0,0.6012345758735863,0,1.6666666666666665,0.07500000000000001,3.75,2,183.32413681420311,0.0,446.95112698895366,0,0.12097113087223366,0.0,1.0,0.6983611359202401,0.08333333333333333,0.0,0.10416666666666666
focal_aggressive_selected,64,4,3.4916514124461173e-14,28.72757104730223,0,31.62142140026058,0.0,0.4908455147215717,0.75,1.6666666666666665,0.08,4,3.75,178.5679959882579,0.07242895269776733,454.0302726531356,0,0.14464506412586473,0.0,0.9974851058091053,0.7094223010205244,0.15625,0.03125,0.10416666666666666
focal_aggressive_selected,65,4,4.163336342344337e-16,28.799999999999997,0,31.34713544948031,0.0,0.6261979662699119,0,1.6770833333333333,0.08499999999999999,4.25,2.5,180.36669633548357,0.0,454.0675097891204,0,0.12683102579626326,0.0,1.0,0.7094804840455006,0.10416666666666667,0.0,0.10481770833333333
focal_aggressive_selected,66,4,1.176836406102666e-14,28.799999999999997,0,31.830629664162743,0.0026662147508936243,0.631646226400545,0,1.7083333333333333,0.065,3.25,0.75,182.45236142911028,0.0,454.3158281332559,0,0.11001260207848876,0.0,1.0,0.7098684814582124,0.03125,0.0,0.10677083333333333
focal_aggressive_selected,67,4,4.7156722970953524e-14,28.4182475892086,0,31.151634779493715,0.005476640610421617,0.498644562293259,0.5,1.7083333333333333,0.07500000000000001,3.75,3.75,178.39269739227134,0.38175241079139655,460.53523479808666,0,0.16294584387772051,0.0,0.9867447079586321,0.7195863043720104,0.15625,0.020833333333333332,0.10677083333333333
focal_aggressive_selected,68,4,-4.871103520542874e-15,27.729546113323764,0,30.75432791373436,0.004542015451595123,0.5500000000000002,1,1.7083333333333333,0.09,4.5,3.5,177.52315127894758,1.0704538866762343,463.78956271182096,0,0.15807808588609967,0.0,0.9628314622681864,0.7246711917372203,0.14583333333333334,0.041666666666666664,0.10677083333333333
focal_aggressive_selected,69,4,2.0317081350640365e-14,28.799999999999997,0,30.99298524143707,0.004652019815640381,0.6725418642265896,0,1.75,0.085,4.25,1.5,181.59270262605045,0.0,461.1554547419286,0,0.13496521036322262,0.0,1.0,0.7205553980342635,0.0625,0.0,0.109375
focal_aggressive_selected,70,4,1.4099832412739488e-14,28.799999999999997,0,30.61953001117286,0.005000895988727823,0.5559860191785114,0,1.7604166666666665,0.06,3,2.75,179.97601756579752,0.0,463.9756837941759,0,0.1601860491249465,0.0,1.0,0.7249620059283999,0.11458333333333333,0.0,0.11002604166666666
focal_aggressive_selected,71,4,1.970645868709653e-15,27.990274714217065,0,30.63615228901793,0.005148386638119239,0.5746219439828031,0.75,1.7604166666666665,0.07,3.5,2.5,180.0722181067378,0.8097252857829345,465.88073888405364,0,0.1675038146523598,0.0,0.9718845386880927,0.7279386545063338,0.10416666666666667,0.03125,0.11002604166666666
focal_aggressive_selected,72,4,3.755329380794592e-14,28.199999999999996,0,30.410082535822145,0.00540444483634012,0.6146938775510206,0.5,1.7604166666666665,0.08,4,2.25,181.91221810673778,0.6,465.5561275423248,0,0.1445374746931368,0.0,0.9791666666666666,0.7274314492848826,0.09375,0.020833333333333332,0.11002604166666666
focal_aggressive_selected,73,4,-2.7949864644938316e-14,28.799999999999997,0,30.19312406276491,0.005410661003744923,0.5819031743212325,0,1.78125,0.07,3.5,2.75,181.55547364847817,0.0,466.65409288902805,0,0.1433189223633198,0.0,1.0,0.7291470201391064,0.11458333333333333,0.0,0.111328125
focal_aggressive_selected,74,4,-8.326672684688674e-16,28.799999999999997,0,29.908619399262207,0.005216126712387652,0.6588928541031798,0,1.78125,0.055,2.75,1,184.986223499534,0.0,463.6180695831313,0,0.10966476827841719,0.0,1.0,0.7244032337236426,0.041666666666666664,0.0,0.111328125
focal_aggressive_selected,75,4,-1.3572476476042539e-14,28.799999999999997,0,29.773760374018956,0.004805175120480651,0.5690317656494793,0,1.7916666666666667,0.045,2.25,1.25,184.02378001635844,0.0,464.94024167467626,0,0.1226615529315799,0.0,1.0,0.7264691276166817,0.052083333333333336,0.0,0.11197916666666667
focal_aggressive_selected,76,4,-2.3037127760972e-15,27.901262412075216,0,29.829341848089044,0.005077517624556416,0.5465614695170509,0.75,1.7916666666666667,0.05,2.5,2.25,182.8540296106187,0.8987375879247821,467.4415100469128,0,0.1341647125998161,0.0,0.9687938337526117,0.7303773594483013,0.09375,0.03125,0.11197916666666667
focal_aggressive_selected,77,4,-3.402833570476105e-14,27.620651781320774,0,28.934752617438708,0.004588232572306652,0.5573518992148394,1.25,1.8125,0.060000000000000005,3,2,182.48362089082505,1.1793482186792255,468.50866770360955,0,0.13706059822930639,0.0,0.959050409073638,0.7320447932868899,0.08333333333333333,0.052083333333333336,0.11328125
focal_aggressive_selected,78,4,1.289246487345963e-14,28.199999999999996,0,29.216083793383174,0.005206488773802887,0.5694710519992341,0.5,1.8125,0.075,3.75,2.75,182.11270243878752,0.6,469.25119889703103,0,0.14549437466587523,0.0,0.9791666666666666,0.733204998276611,0.11458333333333333,0.020833333333333332,0.11328125
focal_aggressive_selected,79,4,3.0253577421035516e-15,28.003611726360113,0,28.93364342557,0.004510493818143375,0.5723469387755103,0.75,1.8125,0.095,4.75,3,182.0590907124274,0.7963882736398874,469.5674953838255,0,0.1475788801749223,0.0,0.972347629387504,0.7336992115372273,0.125,0.03125,0.11328125
focal_aggressive_selected,80,4,-2.375877272697835e-14,28.799999999999997,0,29.426824309127582,0.005347509690654499,0.5735148906352772,0,1.8229166666666667,0.085,4.25,3,181.276320353556,0.0,470.3185751611892,0,0.14468041238807341,0.0,1.0,0.7348727736893581,0.125,0.0,0.11393229166666667
focal_aggressive_selected,81,4,1.8984813721090177e-14,28.799999999999997,0,29.425336594199155,0.007586086423567668,0.6632832935771056,0,1.8229166666666667,0.060000000000000005,3,0.75,184.91720173883414,0.0,466.57974707653307,0,0.12553923435876493,0.0,1.0,0.729030854807083,0.03125,0.0,0.11393229166666667
focal_aggressive_selected,82,4,4.3576253716537394e-15,28.580176364267402,0,29.114160892840577,0.010362127172082194,0.5175467564587405,0.25,1.8333333333333335,0.075,3.75,3,181.62181644104504,0.21982363573259717,469.8165701464366,0,0.16625071125376634,0.0,0.992367234870396,0.7340883908538072,0.125,0.010416666666666666,0.11458333333333334
focal_aggressive_selected,83,4,2.0372592501871623e-14,28.371401058665803,0,28.597476441988537,0.009963186078566194,0.47163265306122465,0.75,1.8333333333333335,0.105,5.25,5,176.25541538237923,0.4285989413341924,474.83241393536395,0,0.190530593966596,0.0,0.985118092314785,0.7419256467740062,0.20833333333333334,0.03125,0.11458333333333334
focal_aggressive_selected,84,4,-1.1574075031717257e-14,28.665229446521938,0,29.705675373294408,0.009975405484857643,0.7173469387755104,0.5,1.8645833333333333,0.1,5,1.5,182.6401859358573,0.1347705534780606,468.6707423698828,0,0.14981955227916943,0.0,0.9953204668931229,0.7322980349529419,0.0625,0.020833333333333332,0.11653645833333333
focal_aggressive_selected,85,4,-2.8477220581635265e-14,28.799999999999997,0,29.142187850408284,0.012603558929605652,0.6481846900071317,0,1.8854166666666665,0.05,2.5,1,185.55123574620671,0.0,465.40369571993455,0,0.15891634471498176,0.0,1.0,0.7271932745623977,0.041666666666666664,0.0,0.11783854166666666
focal_aggressive_selected,86,4,-2.0108914533523148e-14,28.799999999999997,0,29.09591011640466,0.015007177046168633,0.4933571642516547,0,1.8854166666666665,0.09,4.5,4.25,180.8357367945378,0.0,469.8317476237564,0,0.20112479078344497,0.0,1.0,0.7341121056621194,0.17708333333333334,0.0,0.11783854166666666
focal_aggressive_selected,87,4,-2.4674706722294104e-14,28.799999999999997,0,28.427198907858163,0.020802040191933935,0.5644916306273533,0,1.90625,0.095,4.75,2.75,179.6008266952781,0.0,470.03436500024696,0,0.1768613040539696,0.0,1.0,0.7344286953128859,0.11458333333333333,0.0,0.119140625
focal_aggressive_selected,88,4,-3.960720640350246e-14,28.799999999999997,0,29.17089234399438,0.02433791429968658,0.6258109709984258,0,1.90625,0.115,5.75,3,181.35056427420096,0.0,467.91470879432006,0,0.1728198770898045,0.0,1.0,0.7311167324911251,0.125,0.0,0.119140625
focal_aggressive_selected,89,4,1.1629586182948515e-14,28.448162704414997,0,28.421290344535045,0.02553508314530438,0.5261777491866133,0.5,1.90625,0.10500000000000001,5.25,4.25,178.58011127993,0.3518372955850023,470.0271116795244,0,0.17402051656939216,0.0,0.9877834272366319,0.7344173619992569,0.17708333333333334,0.020833333333333332,0.119140625
focal_aggressive_selected,90,4,6.1201044232461754e-15,28.799999999999997,0,29.043848179622124,0.026433772579863617,0.6308067492231795,0,1.9375,0.11,5.5,2.75,180.5796419918658,0.0,467.5306223979876,0,0.14951902128771385,0.0,1.0,0.7305165974968556,0.11458333333333333,0.0,0.12109375
focal_aggressive_selected,91,4,-1.5459855617905305e-14,28.799999999999997,0,29.18754177334881,0.02467900820221454,0.5429608761363861,0,1.9375,0.125,6.25,4.5,178.2597249225487,0.0,469.5701203645171,0,0.18541969851837545,0.0,1.0,0.7337033130695579,0.1875,0.0,0.12109375
focal_aggressive_selected,92,4,-4.621303340002214e-14,28.538314168295365,0,29.242223551979126,0.02448866024576137,0.5633673469387757,0.5,1.9479166666666667,0.135,6.75,4.5,177.19141075425335,0.26168583170463394,470.6439765695574,0,0.17544433356248545,0.0,0.9909136863991447,0.7353812133899335,0.1875,0.020833333333333332,0.12174479166666667
focal_aggressive_selected,93,4,5.012656956182582e-14,28.199999999999996,0,29.157582601615893,0.02476509023412049,0.6200136307427428,0.5,1.96875,0.09,4.5,2,179.28207866064773,0.6,468.80087763403617,0,0.17220055832880465,0.0,0.9791666666666666,0.7325013713031815,0.08333333333333333,0.020833333333333332,0.123046875
focal_aggressive_selected,94,4,-1.650068970349139e-14,28.54834829726953,0,28.837277771765077,0.024866480754946754,0.5848472405644176,0.5,1.9791666666666665,0.12,6,4.25,179.27124515103466,0.25165170273046716,468.3957933775804,0,0.1907935451660794,0.0,0.9912620936551921,0.7318684271524694,0.17708333333333334,0.020833333333333332,0.12369791666666666
focal_aggressive_selected,95,4,-7.355227538141662e-16,28.199999999999996,0,28.909132041863217,0.02595948684852108,0.4981591195741094,0.5,1.9791666666666665,0.115,5.75,4.75,175.366042010166,0.6,472.39696944073813,0,0.1925738613688356,0.0,0.9791666666666666,0.7381202647511533,0.19791666666666666,0.020833333333333332,0.12369791666666666
focal_aggressive_selected,96,4,-3.978761764500405e-14,28.799999999999997,0,29.34263575458765,0.02645592676483123,0.6516176936980402,0,1.9895833333333333,0.135,6.75,3.5,178.36030900136998,0.0,469.1587205104238,0,0.1840650401540952,0.0,1.0,0.7330605007975372,0.14583333333333334,0.0,0.12434895833333333
focal_aggressive_selected,97,4,-1.454392162258955e-14,28.499903571758182,0,29.422729358349258,0.030035874331560217,0.6276211016430232,0,1.9895833333333333,0.11499999999999999,5.75,2.5,180.4988394101199,0.3000964282418137,467.20039478662187,0,0.15841038107861666,0.0,0.9895799851304925,0.7300006168540967,0.10416666666666667,0.0,0.12434895833333333
focal_aggressive_selected,98,4,1.5265566588595902e-15,28.691175932729394,0,28.941217692909007,0.030296620154121844,0.4858485576040767,0.5,2.0,0.105,5.25,4.75,175.50924279999026,0.10882406727060451,471.84918459932703,0,0.20018631921750915,0.0,0.996221386553104,0.7372643509364485,0.19791666666666666,0.020833333333333332,0.125
focal_aggressive_selected,99,4,1.0658141036401503e-14,28.047786531824013,0,29.212426557197162,0.02998557544700063,0.6261903050937458,0.75,2.0208333333333335,0.135,6.75,3.75,178.00978121775978,0.7522134681759838,469.7520959018369,0,0.18265828893169422,0.0,0.973881476799445,0.7339876498466202,0.15625,0.03125,0.12630208333333334
focal_aggressive_selected,100,4,-4.807265696626928e-14,28.499999999999996,0,28.76040659292997,0.029586610543497767,0.5877408042429993,0.25,2.041666666666667,0.125,6.25,3.75,178.18408062566675,0.3,469.1254622826169,0,0.16768314251750654,0.0,0.9895833333333333,0.7330085348165889,0.15625,0.010416666666666666,0.12760416666666669
focal_aggressive_selected,101,4,-1.96787031114809e-14,28.574484920886597,0,28.94941165389847,0.03052475488830369,0.5407470543513802,0.25,2.0625,0.105,5.25,4,176.0012013679978,0.22551507911340057,471.0375212189464,0,0.17514550373482662,0.0,0.9921696153085625,0.7359961269046037,0.16666666666666666,0.010416666666666666,0.12890625
focal_aggressive_selected,102,4,-9.96425164601078e-15,28.445794618189858,0,29.913557544569738,0.01916296107729088,0.6611983398786445,0.75,2.09375,0.095,4.75,1.75,179.85912540386147,0.3542053818101394,467.8911617695839,0,0.12379294661984976,0.0,0.9877012020204813,0.7310799402649748,0.07291666666666667,0.03125,0.130859375
focal_aggressive_selected,103,4,-6.217248937900877e-15,28.245646462030958,0,29.70907453279844,0.02003406772077177,0.5950937561312285,1,2.1041666666666665,0.065,3.25,1.75,180.70807299226072,0.5543535379690386,467.84554849582094,0,0.13774353834646944,0.0,0.980751613264964,0.7310086695247202,0.07291666666666667,0.041666666666666664,0.13151041666666666
focal_aggressive_selected,104,4,-2.1496693314304594e-14,28.199999999999996,0,29.063832475887853,0.020454346955033106,0.5471265612333828,0.5,2.1041666666666665,0.08,4,3.25,179.23727449269646,0.6,469.55305291003964,0,0.14914383866263564,0.0,0.9791666666666666,0.733676645171937,0.13541666666666666,0.020833333333333332,0.13151041666666666
focal_aggressive_selected,105,4,1.3072876114961218e-14,27.999979367336636,0,29.416474923984474,0.01964119130315327,0.6156078951402344,0.75,2.1458333333333335,0.08,4,2.5,181.32208198723131,0.800020632663363,468.1891330770124,0,0.13234751288095328,0.0,0.9722215058103,0.7315455204328318,0.10416666666666667,0.03125,0.13411458333333334
focal_aggressive_selected,106,4,-2.3842039453825237e-14,28.799999999999997,0,29.495344946559868,0.020682121112611532,0.6630743483861525,0,2.1666666666666665,0.06,3,1.25,184.95272505815277,0.0,464.53076060426463,0,0.1336572716036087,0.0,1.0,0.7258293134441635,0.052083333333333336,0.0,0.13541666666666666
focal_aggressive_selected,107,4,2.388367281724868e-14,28.652616880167077,0,30.182659755302105,0.019126591512414907,0.5745529581092736,0.25,2.1666666666666665,0.06999999999999999,3.5,2.5,184.3832031253401,0.1473831198329211,465.9857724541031,0,0.13889107326992678,0.0,0.9948825305613569,0.7281027694595361,0.10416666666666667,0.010416666666666666,0.13541666666666666
focal_aggressive_selected,108,4,-1.0366707492437399e-14,28.499999999999996,0,29.756583299489375,0.02027751504579308,0.5589627458715968,0.25,2.1666666666666665,0.05,2.5,1.75,183.22237767304833,0.3,467.7942184600126,0,0.13343440805619508,0.0,0.9895833333333333,0.7309284663437696,0.07291666666666667,0.010416666666666666,0.13541666666666666
focal_aggressive_selected,109,4,-1.0880185641326534e-14,28.799999999999997,0,29.30874247035007,0.018484491130262355,0.6461228563774397,0,2.1875,0.055,2.75,1,186.02739763554285,0.0,464.79681811149067,0,0.14406668113666843,0.0,1.0,0.7262450282992041,0.041666666666666664,0.0,0.13671875
focal_aggressive_selected,110,4,-2.235711615838909e-14,28.799999999999997,0,29.21760826308735,0.020329311533626417,0.5270659156435759,0,2.1875,0.060000000000000005,3,2.75,182.99362750207806,0.0,467.6611305923992,0,0.1532327432810892,0.0,1.0,0.7307205165506238,0.11458333333333333,0.0,0.13671875
focal_aggressive_selected,111,4,6.13398221105399e-15,28.621966804023028,0,29.06693401386775,0.019254319245236646,0.5267139173686541,0.25,2.197916666666667,0.07,3.5,2.75,180.1106426491191,0.17803319597696912,470.3923687378343,0,0.1593147683759841,0.0,0.9938182918063553,0.7349880761528661,0.11458333333333333,0.010416666666666666,0.13736979166666669
focal_aggressive_selected,112,4,-2.1899149160731213e-14,28.5601384799345,0,29.370901429974367,0.02036988302629781,0.6131319554974493,0.5,2.2395833333333335,0.095,4.75,2.75,181.49896998855957,0.2398615200654969,469.10667239293616,0,0.15358059027641704,0.0,0.9916714749977258,0.7329791756139628,0.11458333333333333,0.020833333333333332,0.13997395833333334
focal_aggressive_selected,113,4,2.721434189112415e-14,28.093400549975154,0,29.4623562802553,0.019843765556772336,0.5465261187607297,0.75,2.2395833333333335,0.095,4.75,3.75,180.09034925786017,0.7065994500248423,471.24272273515504,0,0.16670972885266247,0.0,0.9754652968741374,0.7363167542736797,0.15625,0.03125,0.13997395833333334
focal_aggressive_selected,114,4,-4.6407322429331543e-14,28.799999999999997,0,29.832855310101053,0.01947415575561439,0.6638836466758922,0,2.260416666666667,0.095,4.75,2.25,183.72564794497887,0.0,467.88139571146144,0,0.15315191021452026,0.0,1.0,0.7310646807991585,0.09375,0.0,0.14127604166666669
focal_aggressive_selected,115,4,1.7208456881689926e-15,28.799999999999997,0,29.61952906225021,0.014953948888671582,0.6080502976875312,0,2.260416666666667,0.075,3.75,2,184.6451125316679,0.0,467.09840988933513,0,0.13959921784375512,0.0,1.0,0.7298412654520862,0.08333333333333333,0.0,0.14127604166666669
focal_aggressive_selected,116,4,-4.8253068207770866e-14,28.524949214250608,0,29.586219251298008,0.014865189069490551,0.5283556368385218,0.25,2.2708333333333335,0.06999999999999999,3.5,3,181.93958952250483,0.2750507857493902,470.26684729870703,0,0.16341062053112507,0.0,0.9904496254948129,0.7347919489042297,0.125,0.010416666666666666,0.14192708333333334
focal_aggressive_selected,117,4,3.530509218307998e-14,28.444949214250606,0,29.494635007369155,0.015063214926217722,0.5411940988801295,0.5,2.3020833333333335,0.09,4.5,3.25,179.92315115338056,0.35505078574939,472.7017773620697,0,0.16636668239812832,0.0,0.987671847717035,0.738596527128234,0.13541666666666666,0.020833333333333332,0.14388020833333334
focal_aggressive_selected,118,4,-2.0539125955565396e-14,28.743519830037737,0,29.13453309207881,0.01534458921178329,0.6574603329390183,0.5,2.3125,0.065,3.25,1.25,183.33018763735473,0.05648016996226124,468.9632938071976,0,0.14943620546649564,0.0,0.9980388829874215,0.7327551465737463,0.052083333333333336,0.020833333333333332,0.14453125
focal_aggressive_selected,119,4,-4.9682480351975755e-15,28.473848760982957,0,29.465464444346523,0.015024316700939733,0.587467282750867,0.25,2.34375,0.075,3.75,2.5,183.56723573116423,0.326151239017041,469.0553941140008,0,0.1463752297407212,0.0,0.9886753042007972,0.7328990533031263,0.10416666666666667,0.010416666666666666,0.146484375
focal_aggressive_selected,120,4,-2.7255975254547593e-14,28.799999999999997,0,29.357083438379874,0.014126577190235145,0.5647085868321148,0,2.34375,0.06,3,2.25,182.37795648593786,0.0,470.1770482107749,0,0.160357858218621,0.0,1.0,0.7346516378293357,0.09375,0.0,0.146484375
focal_aggressive_selected,121,4,-1.2490009027033011e-14,28.614138447623905,0,29.6970047857504,0.015078981951814563,0.6154018725679365,0.25,2.34375,0.075,3.75,2,183.84350979414285,0.1858615523760942,469.10395936812847,0,0.1540448021189825,0.0,0.9935464738758302,0.7329749365127007,0.08333333333333333,0.010416666666666666,0.146484375
focal_aggressive_selected,122,4,3.2751579226442118e-15,28.215004383189342,0,29.27919891834677,0.015319579568613458,0.5684277263316737,0.75,2.34375,0.07,3.5,2.5,183.4114640012055,0.5849956168106555,469.9617719698916,0,0.15469526717311483,0.0,0.9796876521940745,0.7343152687029556,0.10416666666666667,0.03125,0.146484375
focal_aggressive_selected,123,4,3.677613769070831e-15,28.68886652636289,0,28.983457089813836,0.015014860543106922,0.5757784501334132,0.25,2.375,0.07500000000000001,3.75,2.5,182.86074153137983,0.11113347363710716,470.15630655303477,0,0.16852457720991004,0.0,0.9961411988320449,0.7346192289891168,0.10416666666666667,0.010416666666666666,0.1484375
focal_aggressive_selected,124,4,2.1649348980190553e-14,28.582239797280874,0,29.466479482555798,0.01843600718898905,0.5973207078481024,0.5,2.3958333333333335,0.07,3.5,2.25,183.47721641865598,0.21776020271912383,469.75675064318546,0,0.14593709330933252,0.0,0.9924388818500305,0.7339949228799773,0.09375,0.020833333333333332,0.14973958333333334
focal_aggressive_selected,125,4,-3.783084956410221e-14,28.779999999999998,0,29.376206139490517,0.02011572311060073,0.6389555857318715,0.25,2.40625,0.045,2.25,0.5,185.96104011951766,0.019999999999999962,467.18517749608236,0,0.13993029380766786,0.0,0.9993055555555556,0.7299768398376287,0.020833333333333332,0.010416666666666666,0.150390625
focal_aggressive_selected,126,4,2.4341639814906557e-14,28.499999999999996,0,28.98823579743012,0.01928463194344126,0.463637501044177,0.25,2.40625,0.10500000000000001,5.25,5,180.07427767068233,0.3,472.99153824130366,0,0.197881477534597,0.0,0.9895833333333333,0.7390492785020369,0.20833333333333334,0.010416666666666666,0.150390625
focal_aggressive_selected,127,4,-1.459943277382081e-14,28.799999999999997,0,28.598995228820307,0.0185478361232126,0.47947371749665324,0,2.416666666666667,0.125,6.25,5.5,174.64348982801835,0.0,477.6168475952913,0,0.21433300117409085,0.0,1.0,0.7462763243676427,0.22916666666666666,0.0,0.15104166666666669
focal_aggressive_selected,128,4,-3.108624468950438e-14,28.693237551164664,0,29.22615203302187,0.01909475437168567,0.7688749859668659,0.25,2.46875,0.12,6,1.25,183.5051265892301,0.10676244883533506,468.3992503299699,0,0.1690990386411917,0.0,0.996292970526551,0.7318738286405779,0.052083333333333336,0.010416666666666666,0.154296875
focal_aggressive_selected,129,4,-4.4297898682543746e-14,28.799999999999997,0,29.05997043186873,0.02031030358523977,0.5613966312542809,0,2.479166666666667,0.060000000000000005,3,2.25,182.15356152068983,0.0,469.3893891991246,0,0.18234735124420476,0.0,1.0,0.7334209206236322,0.09375,0.0,0.15494791666666669
focal_aggressive_selected,130,4,2.3425705819590803e-14,28.799999999999997,0,28.81681466983583,0.02023761366948593,0.5425612771187778,0,2.5,0.095,4.75,3.5,179.84406409950995,0.0,471.07814001302154,0,0.1977829934618979,0.0,1.0,0.7360595937703461,0.14583333333333334,0.0,0.15625
focal_aggressive_selected,131,4,-2.886579864025407e-15,28.799999999999997,0,28.644618631226578,0.019652044795561846,0.5194389397007331,0,2.510416666666667,0.125,6.25,4.5,176.37157214484586,0.0,473.7508116592115,0,0.2089619983773697,0.0,1.0,0.7402356432175179,0.1875,0.0,0.15690104166666669
focal_aggressive_selected,132,4,-1.687538997430238e-14,28.474727898254038,0,28.818879550457176,0.019705209974227297,0.5995609445554771,0.5,2.510416666666667,0.11,5.5,3.75,177.1653305298102,0.32527210174596166,472.5916439818948,0,0.19428583176040531,0.0,0.9887058298004875,0.7384244437217106,0.15625,0.020833333333333332,0.15690104166666669
focal_aggressive_selected,133,4,5.384581669432009e-15,28.499999999999996,0,28.98066608749692,0.019295050374499412,0.6795532996270048,0.25,2.541666666666667,0.11,5.5,2.75,181.85344221153343,0.3,467.5946450880415,0,0.17305677874520187,0.0,0.9895833333333333,0.7306166329500648,0.11458333333333333,0.010416666666666666,0.15885416666666669
focal_aggressive_selected,134,4,1.096345236817342e-15,28.499999999999996,0,29.421207559661905,0.02266488610010224,0.48428571428571443,0.25,2.5625,0.115,5.75,5.25,176.96844221153344,0.3,472.80156693341763,0,0.21030140389956994,0.0,0.9895833333333333,0.7387524483334651,0.21875,0.010416666666666666,0.16015625
focal_aggressive_selected,135,4,-7.438494264988549e-15,28.499999999999996,0,28.875291045198423,0.025304630343151474,0.6235315733012509,0.25,2.59375,0.10500000000000001,5.25,2.75,178.91648930329472,0.3,470.5002793135535,0,0.18840461110779005,0.0,0.9895833333333333,0.7351566864274274,0.11458333333333333,0.010416666666666666,0.162109375
focal_aggressive_selected,136,4,3.5901837058816e-14,28.213695376127546,0,28.789669865142965,0.025374235865243636,0.5909231247380278,0.75,2.604166666666667,0.11,5.5,3.5,179.54802703933052,0.58630462387245,469.7437929417951,0,0.20778018244570295,0.0,0.9796422005599843,0.7339746764715549,0.14583333333333334,0.03125,0.16276041666666669
focal_aggressive_selected,137,4,-3.223810107755298e-14,28.199999999999996,0,28.086724315619257,0.025112210630960894,0.4805450426317078,0.5,2.604166666666667,0.13,6.5,5.5,174.7647341282842,0.6,473.80326512582894,0,0.22961764708903967,0.0,0.9791666666666666,0.7403176017591078,0.22916666666666666,0.020833333333333332,0.16276041666666669
focal_aggressive_selected,138,4,3.0558888752807434e-14,27.968641404142915,0,28.659146004504713,0.02540455029474201,0.5658131439045344,0.75,2.6145833333333335,0.12000000000000001,6,3.75,174.40093677546346,0.8313585958570813,474.17175393510695,0,0.21362637831844838,0.0,0.9711333820882957,0.7408933655236046,0.15625,0.03125,0.16341145833333334
focal_aggressive_selected,139,4,4.440892098500626e-16,27.649972004766088,0,28.26555154478339,0.024292795931605222,0.6482321404928078,1.25,2.6145833333333335,0.10500000000000001,5.25,2,178.40933965484493,1.1500279952339107,470.02569845525,0,0.16486212382932572,0.0,0.9600684723877115,0.7344151538363282,0.08333333333333333,0.052083333333333336,0.16341145833333334
focal_aggressive_selected,140,4,1.0935696792557792e-14,27.55161572360968,0,28.603334701202275,0.024817411150289567,0.5006813908391567,1,2.6145833333333335,0.095,4.75,4,175.29611208235394,1.248384276390321,473.5949636144944,0,0.18754297583131732,0.0,0.9566533237364473,0.7399921306476476,0.16666666666666666,0.041666666666666664,0.16341145833333334
focal_aggressive_selected,141,4,1.1907141939104804e-14,27.74360989866328,0,28.57082692915226,0.02486867537918288,0.5065242572335674,1.25,2.6354166666666665,0.105,5.25,4,172.26719078813545,1.0563901013367187,476.8395776819683,0,0.19122337479865462,0.0,0.9633197881480307,0.7450618401280755,0.16666666666666666,0.052083333333333336,0.16471354166666666
focal_aggressive_selected,142,4,-2.989275493803234e-14,28.13890612347419,0,28.538875305909386,0.02469796656050153,0.6294953500000157,0.75,2.6458333333333335,0.11499999999999999,5.75,3,174.858556814662,0.6610938765258081,473.90368548787694,0,0.16279707689893014,0.0,0.9770453515095205,0.7404745085748077,0.125,0.03125,0.16536458333333334
focal_aggressive_selected,143,4,-1.2004286453759505e-14,27.855334435633313,0,28.60669293689027,0.024847165151586623,0.5838279415937946,1.25,2.666666666666667,0.095,4.75,3.75,175.51579151712463,0.9446655643666834,473.3189813450775,0,0.18506886747592635,0.0,0.9671991123483791,0.7395609083516835,0.15625,0.052083333333333336,0.16666666666666669
focal_aggressive_selected,144,4,5.1639248432877594e-14,28.0174896297232,0,28.86547716166235,0.025526415923483703,0.64591072834531,1.25,2.6875,0.09,4.5,2.25,179.05792757632162,0.7825103702767974,469.88892208947436,0,0.16114359439357792,0.0,0.9728295010320557,0.7342014407648036,0.09375,0.052083333333333336,0.16796875
focal_aggressive_selected,145,4,-1.2156942119645464e-14,28.48103910698889,0,29.27413012368563,0.029627016702873266,0.5725019238540028,0.25,2.6875,0.10500000000000001,5.25,3.75,178.52448273817885,0.3189608930111059,470.53795602045983,0,0.19196981160723225,0.0,0.9889249689926699,0.7352155562819684,0.15625,0.010416666666666666,0.16796875
focal_aggressive_selected,146,4,-1.0075273948473296e-14,28.199999999999996,0,28.377073182255685,0.030116468691032697,0.5130612244897961,0.5,2.6875,0.11,5.5,4.75,175.35448273817883,0.6,473.2619679782257,0,0.20580323966737168,0.0,0.9791666666666666,0.7394718249659776,0.19791666666666666,0.020833333333333332,0.16796875
focal_aggressive_selected,147,4,-2.7200464103316335e-15,28.199999999999996,0,29.046942321266734,0.02592498007523157,0.6893827526840772,0.5,2.6875,0.11,5.5,2.25,180.82423761969864,0.6,467.8397726652886,0,0.14261428240159119,0.0,0.9791666666666666,0.7309996447895134,0.09375,0.020833333333333332,0.16796875
focal_aggressive_selected,148,4,3.3889557826682903e-14,28.319999999999997,0,28.717110593651334,0.025532029889665003,0.556333193043867,0.5,2.6875,0.075,3.75,2.75,179.6895640788481,0.48,468.74022360674655,0,0.16548647815178663,0.0,0.9833333333333333,0.7324065993855415,0.11458333333333333,0.020833333333333332,0.16796875
focal_aggressive_selected,149,4,1.6986412276764895e-14,28.199999999999996,0,28.67908562787612,0.024113618389165266,0.5632042721172803,0.5,2.6979166666666665,0.095,4.75,3.5,178.99157341259482,0.6,469.2590956287587,0,0.17888513562390743,0.0,0.9791666666666666,0.7332173369199355,0.14583333333333334,0.020833333333333332,0.16861979166666666
focal_aggressive_selected,150,4,-1.3891665595622271e-14,28.199999999999996,0,28.92427077485077,0.024894548438013413,0.5558738431227599,0.5,2.6979166666666665,0.11,5.5,4,177.91939172561004,0.6,470.3896742474715,0,0.1754354237900067,0.0,0.9791666666666666,0.7349838660116742,0.16666666666666666,0.020833333333333332,0.16861979166666666
focal_aggressive_selected,151,4,-1.1629586182948515e-14,28.795669777915574,0,28.892081053427553,0.0203421475584217,0.6258787344350744,0.25,2.729166666666667,0.095,4.75,2.25,179.69677993501313,0.004330222084423185,467.98781857914526,0,0.1559263280075848,0.0,0.9998496450665131,0.7312309665299145,0.09375,0.010416666666666666,0.17057291666666669
focal_aggressive_selected,152,4,1.6708856520608606e-14,28.553827674097956,0,28.852843890922827,0.014597841112655292,0.5457486607218075,0,2.760416666666667,0.12,6,4.5,177.7646366362837,0.24617232590204108,469.5532294339778,0,0.18246800318606785,0.0,0.991452349795068,0.7336769209905902,0.1875,0.0,0.17252604166666669
focal_aggressive_selected,153,4,1.8388068845354155e-14,28.36230864345451,0,29.34459360787767,0.014339116159370866,0.5515675947527576,1,2.760416666666667,0.11,5.5,4.5,176.31914013571432,0.4376913565454846,471.31944330421754,0,0.17600279524607937,0.0,0.9848023834532817,0.7364366301628399,0.1875,0.041666666666666664,0.17252604166666669
focal_aggressive_selected,154,4,-4.723998969780041e-14,28.799999999999997,0,29.661855216409176,0.014690330303948762,0.7654687460807345,0,2.78125,0.11,5.5,1.25,184.9171086936703,0.0,462.70786121659,0,0.12621626863564706,0.0,1.0,0.7229810331509219,0.052083333333333336,0.0,0.173828125
focal_aggressive_selected,155,4,-3.6637359812630166e-15,28.799999999999997,0,29.85488586448904,0.015675096199089446,0.5476223433935735,0,2.78125,0.08,4,3.25,182.8706035199554,0.0,465.18162991140036,0,0.13722139608126516,0.0,1.0,0.7268462967365631,0.13541666666666666,0.0,0.173828125
focal_aggressive_selected,156,4,-1.3808398868775384e-14,28.721686114971526,0,29.541674578205875,0.010150022766843424,0.5356899985395819,0.5,2.802083333333333,0.075,3.75,3,180.32272733342336,0.07831388502847178,467.9388045626272,0,0.1366760750101784,0.0,0.9972807678809559,0.731154382129105,0.125,0.020833333333333332,0.17513020833333331
focal_aggressive_selected,157,4,-1.0408340855860843e-14,28.799999999999997,0,29.70425330284954,0.00955172647755698,0.6349739200008849,0,2.8125,0.09,4.5,1.75,182.54644941346672,0.0,465.8943618654325,0,0.12589291462675878,0.0,1.0,0.7279599404147382,0.07291666666666667,0.0,0.17578125
focal_aggressive_selected,158,4,-5.612177389480166e-14,28.323217185859342,0,29.0247861284184,0.010567581156270552,0.5134010300356785,0.75,2.822916666666667,0.09,4.5,4.25,179.28988269935564,0.47678281414065804,469.24909649206694,0,0.15849731342322704,0.0,0.9834450411756717,0.7332017132688546,0.17708333333333334,0.03125,0.17643229166666669
focal_aggressive_selected,159,4,-5.648259637780484e-15,28.199999999999996,0,29.544650749827934,0.0098676778732909,0.5613473193672568,0.5,2.822916666666667,0.105,5.25,4,178.4909013483512,0.6,470.726381273532,0,0.13320452723310258,0.0,0.9791666666666666,0.7355099707398938,0.16666666666666666,0.020833333333333332,0.17643229166666669
focal_aggressive_selected,160,4,1.0547118733938987e-15,28.779999999999998,0,29.77793069490323,0.009573960876243463,0.713999628305998,0.25,2.8333333333333335,0.08,4,1.25,184.6168831353451,0.019999999999999962,464.8043305531354,0,0.11491261320836578,0.0,0.9993055555555556,0.7262567664892741,0.052083333333333336,0.010416666666666666,0.17708333333333334
focal_aggressive_selected,161,4,5.953570969552402e-15,28.499999999999996,0,29.637715114215258,0.009224489342182299,0.5313608401372351,0.25,2.8645833333333335,0.095,4.75,3.75,182.0585643020696,0.3,467.8740036604889,0,0.1543537623434955,0.0,0.9895833333333333,0.7310531307195138,0.15625,0.010416666666666666,0.17903645833333334
focal_aggressive_selected,162,4,-2.42861286636753e-14,28.799999999999997,0,29.357969555761827,0.010066179695456918,0.5279514763392918,0,2.875,0.09,4.5,3.75,179.03818664269488,0.0,470.8343993992861,0,0.16070018884341924,0.0,1.0,0.7356787490613845,0.15625,0.0,0.1796875
focal_aggressive_selected,163,4,3.608224830031759e-15,28.534515403230234,0,29.373847432149233,0.012005601940095277,0.7096339010166247,0.25,2.875,0.1,5,2,185.17573238927926,0.265484596769764,464.72655178060415,0,0.13394849839580433,0.0,0.9907817848343832,0.726135237157194,0.08333333333333333,0.010416666666666666,0.1796875
focal_aggressive_selected,164,4,2.955968803064479e-14,28.799999999999997,0,29.439433629444657,0.015819554511050795,0.5604289471326009,0,2.8958333333333335,0.08,4,3,183.7567507987767,0.0,466.1445380534188,0,0.1454089137342894,0.0,1.0,0.7283508407084669,0.125,0.0,0.18098958333333334
focal_aggressive_selected,165,4,-4.193867475521529e-14,28.799999999999997,0,29.496117759399986,0.014237923732508772,0.5668991317920815,0,2.90625,0.075,3.75,2.75,182.6598082565887,0.0,467.2956992232147,0,0.14693963580231276,0.0,1.0,0.7301495300362729,0.11458333333333333,0.0,0.181640625
focal_aggressive_selected,166,4,2.9226621123257246e-14,28.78348956832981,0,30.260178021447192,0.009490478949031088,0.622994595621522,0.25,2.9375,0.08499999999999999,4.25,2.5,184.31805387371344,0.016510431670188563,466.40614746358574,0,0.14467606901426378,0.0,0.9994267211225629,0.7287596054118527,0.10416666666666667,0.010416666666666666,0.18359375
focal_aggressive_selected,167,4,1.1879386363489175e-14,28.499999999999996,0,30.016042925606886,0.009816116397727639,0.5699639730334407,0.25,2.9375,0.065,3.25,2.5,183.68128855235204,0.3,467.9239917375206,0,0.14692689599241224,0.0,0.9895833333333333,0.7311312370898759,0.10416666666666667,0.010416666666666666,0.18359375
focal_aggressive_selected,168,4,-2.914335439641036e-16,28.499999999999996,0,29.939599695290166,0.010004176987095303,0.6023173128008332,0.25,2.96875,0.08,4,2.5,184.61483687959284,0.3,467.74772579276913,0,0.14655417949954053,0.0,0.9895833333333333,0.7308558215512018,0.10416666666666667,0.010416666666666666,0.185546875
focal_aggressive_selected,169,4,-4.604649994632837e-14,28.799999999999997,0,30.235502673303667,0.009804289607833933,0.6167586117527272,0,2.9791666666666665,0.10500000000000001,5.25,2.75,185.93100885547648,0.0,467.14529787843645,0,0.15765882260313122,0.0,1.0,0.729914527935057,0.11458333333333333,0.0,0.18619791666666666
focal_aggressive_selected,170,4,-1.5543122344752192e-15,28.799999999999997,0,29.680370272218205,0.010135203010691578,0.5146444576444668,0,2.9791666666666665,0.1,5,4.25,182.24858728005535,0.0,471.0934452684313,0,0.17100516025280688,0.0,1.0,0.7360835082319239,0.17708333333333334,0.0,0.18619791666666666
focal_aggressive_selected,171,4,-2.3064883336587627e-14,28.799999999999997,0,29.861729602663182,0.010266632983289925,0.5915306122448981,0,2.989583333333333,0.12,6,4,182.31358728005534,0.0,471.3786442588496,0,0.15414822268280912,0.0,1.0,0.7365291316544524,0.16666666666666666,0.0,0.18684895833333331
focal_aggressive_selected,172,4,-2.3592239273284576e-14,28.799999999999997,0,30.159456889454546,0.0045303847604952876,0.6651476651894401,0,3.052083333333333,0.08,4,1.25,186.0258228743379,0.0,468.2807178888321,0,0.12534307651252985,0.0,1.0,0.7316886217013001,0.052083333333333336,0.0,0.19075520833333331
focal_aggressive_selected,173,4,3.161360062620133e-14,28.799999999999997,0,29.847388617648924,0.004771854133112694,0.5858163265306123,0,3.0729166666666665,0.08,4,2.75,185.8508228743379,0.0,468.83729017995046,0,0.13613162741500037,0.0,1.0,0.7325582659061726,0.11458333333333333,0.0,0.19205729166666666
focal_aggressive_selected,174,4,1.0311196341206141e-14,28.799999999999997,0,29.7087879119682,0.004801277282633169,0.5222753742151625,0,3.0729166666666665,0.065,3.25,2.25,182.57731621088084,0.0,472.4323093811605,0,0.15204970913994356,0.0,1.0,0.7381754834080633,0.09375,0.0,0.19205729166666666
focal_aggressive_selected,175,4,1.5501488981328748e-14,28.799999999999997,0,29.618591517609346,0.004714142569526535,0.5851711747285866,0,3.09375,0.08,4,2.25,182.37070377258158,0.0,472.79234216234056,0,0.15477353856075587,0.0,1.0,0.7387380346286572,0.09375,0.0,0.193359375
focal_aggressive_selected,176,4,2.942091015256665e-15,28.28447184019811,0,28.989244914449582,0.004538588005122912,0.4923622496266639,0.75,3.104166666666667,0.11,5.5,5,178.10198216409,0.515528159801887,477.16347459545693,0,0.19741058924111227,0.0,0.9820997166735456,0.7455679290554015,0.20833333333333334,0.03125,0.19401041666666669
focal_aggressive_selected,177,4,3.477773624638303e-14,28.638370882170175,0,28.840022967679744,0.00522430183779509,0.559228503208132,0.5,3.145833333333333,0.135,6.75,4.5,176.73080793911828,0.16162911782982176,478.0420724027301,0,0.19144225254514197,0.0,0.9943878778531312,0.7469407381292659,0.1875,0.020833333333333332,0.19661458333333331
focal_aggressive_selected,178,4,-2.706168622523819e-14,28.343258942710328,0,29.31917391873475,0.004672500352285655,0.6421833763590423,0.5,3.145833333333333,0.125,6.25,3.5,179.72953443800102,0.4567410572896716,475.25207750351274,0,0.16190287075041315,0.0,0.9841409355107754,0.7425813710992386,0.14583333333333334,0.020833333333333332,0.19661458333333331
focal_aggressive_selected,179,4,4.718447854656915e-16,28.799539481751975,0,29.44993025876528,0.004955399905977929,0.6503828181729949,0,3.145833333333333,0.14,7,3.75,182.6587530467258,0.0004605182480240111,472.1828668536283,0,0.15799855950431343,0.0,0.9999840097830548,0.7377857294587942,0.15625,0.0,0.19661458333333331
focal_aggressive_selected,180,4,-1.7791323969618134e-14,28.799999999999997,0,28.997679452460815,0.004517813699547135,0.5416503380084969,0,3.145833333333333,0.10500000000000001,5.25,4,180.29461960914216,0.0,474.09802940566425,0,0.15993978426277464,0.0,1.0,0.7407781709463503,0.16666666666666666,0.0,0.19661458333333331
focal_aggressive_selected,181,4,-1.5709655798445965e-14,28.799999999999997,0,29.507845107148167,0.005276076818084442,0.6263229483804282,0,3.1979166666666665,0.11,5.5,3,182.07444407978312,0.0,472.28972709379104,0,0.18168936169487285,0.0,1.0,0.7379526985840485,0.125,0.0,0.19986979166666666
focal_aggressive_selected,182,4,1.6486811915683575e-14,28.56309602742391,0,29.40307131480042,0.005397906272721258,0.5762972698231159,0.5,3.2395833333333335,0.075,3.75,2.25,181.67491427369188,0.23690397257608847,472.87793491743565,0,0.19932694958705915,0.0,0.9917741676188858,0.7388717733084932,0.09375,0.020833333333333332,0.20247395833333334
focal_aggressive_selected,183,4,-8.743006318923108e-15,28.180440360910374,0,29.09773069556035,0.00451775581262341,0.5609521202883795,1,3.28125,0.095,4.75,3,180.8861278069121,0.6195596390896216,473.9280595985771,0,0.20740269934691233,0.0,0.9784875125316104,0.7405125931227767,0.125,0.041666666666666664,0.205078125
focal_aggressive_selected,184,4,3.2029934260435766e-14,27.599999999999998,0,28.49429743201995,0.004865320010563916,0.4118367346938777,1,3.28125,0.155,7.75,7.75,173.31112780691208,1.2,481.83052029590317,0,0.26406777681933835,0.0,0.9583333333333334,0.7528601879623487,0.3229166666666667,0.041666666666666664,0.205078125
focal_aggressive_selected,185,4,-3.617939281497229e-14,28.799999999999997,0,28.058150564259087,0.004755046607792759,0.6290900313495329,0,3.322916666666667,0.155,7.75,4,175.1815393430392,0.0,478.43416929268557,0,0.24947105988342605,0.0,1.0,0.7475533895198212,0.16666666666666666,0.0,0.20768229166666669
focal_aggressive_selected,186,4,-3.84969833788773e-14,28.708407816194114,0,29.098438515604183,0.005462846669623018,0.7088869153230847,1,3.354166666666667,0.14500000000000002,7.25,3.25,181.06359037767623,0.09159218380588285,472.0882620421355,0,0.19829931670593037,0.0,0.9968197158400736,0.7376379094408367,0.13541666666666666,0.041666666666666664,0.20963541666666669
focal_aggressive_selected,187,4,2.033095913844818e-14,27.599999999999998,0,28.976438620468745,0.00846759243513347,0.5071207842619286,1,3.354166666666667,0.08499999999999999,4.25,4.25,178.2275088065107,1.2,475.7086614495079,0,0.21435587872518022,0.0,0.9583333333333334,0.743294783514856,0.17708333333333334,0.041666666666666664,0.20963541666666669
focal_aggressive_selected,188,4,-6.439293542825908e-15,28.799999999999997,0,28.90061037181219,0.01019666353771083,0.628928784931785,0,3.4270833333333335,0.1,5,1.75,180.14501926816817,0.0,473.16283257473077,0,0.21905452378223733,0.0,1.0,0.7393169258980168,0.07291666666666667,0.0,0.21419270833333334
focal_aggressive_selected,189,4,3.68594044175552e-14,28.338854808713705,0,28.562471052161417,0.01000806513361609,0.5682123762449783,0.5,3.4270833333333335,0.1,5,3.75,179.5485708954584,0.4611451912862934,473.3146848146433,0,0.23077187321904272,0.0,0.9839880141914482,0.7395541950228801,0.15625,0.020833333333333332,0.21419270833333334
focal_aggressive_selected,190,4,-6.897260540483785e-15,28.314994354929805,0,28.791379488221647,0.014400222373567398,0.5147318356115499,1,3.4270833333333335,0.14,7,5.75,176.31543648549453,0.4850056450701935,476.3694725222874,0,0.2432907062052012,0.0,0.9831595262128405,0.7443273008160741,0.23958333333333334,0.041666666666666664,0.21419270833333334
focal_aggressive_selected,191,4,6.916689443414725e-14,28.799999999999997,0,27.969463483091744,0.0149497382472609,0.6243692207956723,0,3.447916666666667,0.155,7.75,4.75,177.95452830448247,0.0,473.1204749655956,0,0.23269326778788957,0.0,1.0,0.7392507421337431,0.19791666666666666,0.0,0.21549479166666669
focal_aggressive_selected,192,4,-3.502753642692369e-14,28.799999999999997,0,28.516814436682125,0.015934070399798793,0.6487871874954481,0,3.46875,0.145,7.25,3.75,180.8001004917594,0.0,469.1979300275053,0,0.21541712429298018,0.0,1.0,0.733121765667977,0.15625,0.0,0.216796875
focal_aggressive_selected,193,4,-2.4771851236948805e-14,28.799999999999997,0,28.95225902698424,0.015094245075634727,0.48033569015891864,0,3.479166666666667,0.17,8.5,7.25,175.36654930954643,0.0,474.1334045465436,0,0.2384497119079844,0.0,1.0,0.7408334446039744,0.3020833333333333,0.0,0.21744791666666669
focal_aggressive_selected,194,4,3.164135620181696e-15,28.630239106056685,0,28.936394506172814,0.016059464065721236,0.6172563558321844,0.25,3.4895833333333335,0.14500000000000002,7.25,3.75,176.83687163926675,0.1697608939433116,472.2069812611072,0,0.20534015550361978,0.0,0.9941055245158572,0.73782340822048,0.15625,0.010416666666666666,0.21809895833333334
focal_aggressive_selected,195,4,6.375455718909961e-14,28.680029953973126,0,29.325045847951493,0.020576163882859336,0.6456928731118429,0,3.520833333333333,0.15,7.5,3.75,179.64579246777393,0.11997004602687367,469.24738345346657,0,0.22445608607971984,0.0,0.9958343734018448,0.7331990366460415,0.15625,0.0,0.22005208333333331
focal_aggressive_selected,196,4,5.134781488891349e-16,28.42133097050175,0,28.797353370209006,0.019859018236342455,0.4510738332495627,0.75,3.520833333333333,0.15,7.5,6.5,173.17707932650075,0.37866902949825004,475.49104516119746,0,0.26130996595679973,0.0,0.9868517698090886,0.7429547580643711,0.2708333333333333,0.03125,0.22005208333333331
focal_aggressive_selected,197,4,2.180200464607651e-14,28.319999999999997,0,28.82871997989173,0.019251182408943017,0.5719509816623202,0.5,3.541666666666667,0.165,8.25,5.5,172.71767742795444,0.48,475.7222160579732,0,0.2188232363654245,0.0,0.9833333333333333,0.7433159625905831,0.22916666666666666,0.020833333333333332,0.22135416666666669
focal_aggressive_selected,198,4,-2.609024107869118e-15,28.2580941942892,0,29.284063957682605,0.02234785936297293,0.6755227172696401,1.25,3.5625,0.125,6.25,3,177.4351963798776,0.5419058057107975,471.2301441521738,0,0.20984845942837033,0.0,0.9811838261905973,0.7362971002377716,0.125,0.052083333333333336,0.22265625
focal_aggressive_selected,199,4,-2.5091040356528538e-14,28.199999999999996,0,29.210322232799964,0.026926645634200636,0.6086313194597548,0.5,3.59375,0.105,5.25,3.25,178.95313103340555,0.6,470.008900411986,0,0.20994288722949406,0.0,0.9791666666666666,0.7343889068937282,0.13541666666666666,0.020833333333333332,0.224609375
focal_aggressive_selected,200,4,1.058875209736243e-14,28.39715949755009,0,28.76914231134939,0.03000692392091359,0.4836245038168282,0.75,3.604166666666667,0.115,5.75,5.25,174.13857222288004,0.40284050244990866,474.596817532494,0,0.24401533648800422,0.0,0.9860124825538226,0.7415575273945219,0.21875,0.03125,0.22526041666666669
focal_aggressive_selected,201,4,2.067790383364354e-15,27.966335722129656,0,28.673354157429344,0.030638833782467643,0.6179859445486938,0.75,3.604166666666667,0.125,6.25,3.5,176.3285477836364,0.8336642778703411,472.3708744624887,0,0.21321034403252764,0.0,0.9710533236850576,0.7380794913476386,0.14583333333333334,0.03125,0.22526041666666669
focal_aggressive_selected,202,4,-1.201816424156732e-14,27.930581968901752,0,28.96768294137037,0.030295158240948708,0.591565400175048,1,3.625,0.1,5,2.75,177.28467042331198,0.8694180310982451,471.7602873951066,0,0.2226993604458615,0.0,0.9698118739201999,0.7371254490548541,0.11458333333333333,0.041666666666666664,0.2265625
focal_aggressive_selected,203,4,-8.61116733474887e-15,28.015493363690908,0,28.834584882343677,0.030249090431884736,0.5118813020487891,0.75,3.6354166666666665,0.15,7.5,6.25,174.2013608600117,0.7845066363090917,475.0008071750109,0,0.26428860497629264,0.0,0.9727601862392677,0.7421887612109546,0.2604166666666667,0.03125,0.22721354166666666
focal_aggressive_selected,204,4,-1.5917822615563182e-14,28.640787774783625,0,28.278976313336,0.029760885788721044,0.5825837011362078,0.5,3.65625,0.15,7.5,5,173.95717444090226,0.15921222521637166,474.1505984315365,0,0.2594689833433062,0.0,0.9944717977355426,0.7408603100492758,0.20833333333333334,0.020833333333333332,0.228515625
focal_aggressive_selected,205,4,-1.0200174038743626e-14,28.3740837440182,0,29.050558765439682,0.03038288645490852,0.677105907335287,0.5,3.6770833333333335,0.14500000000000002,7.25,3.75,178.6162801563131,0.4259162559817954,469.3458618302118,0,0.23192395861018636,0.0,0.9852112411117432,0.733352909109706,0.15625,0.020833333333333332,0.22981770833333334
focal_aggressive_selected,206,4,-3.7470027081099033e-14,28.199999999999996,0,28.303049330173952,0.03086784635966347,0.5558467102747153,0.5,3.6979166666666665,0.11499999999999999,5.75,4.5,177.53776895977416,0.6,469.85657564664996,0,0.25619258266675554,0.0,0.9791666666666666,0.7341508994478906,0.1875,0.020833333333333332,0.23111979166666666
focal_aggressive_selected,207,4,-6.661338147750939e-16,28.317810458445635,0,27.87286780184892,0.02908542984916443,0.5114104972379907,0.25,3.7083333333333335,0.14500000000000002,7.25,5,174.13407286599008,0.48218954155436367,472.1589185865994,0,0.27945265842627026,0.0,0.983257307584918,0.7377483102915615,0.20833333333333334,0.010416666666666666,0.23177083333333334
focal_aggressive_selected,208,4,9.46465128492946e-15,27.9,0,28.23936193689745,0.030807513064619516,0.5971513044043774,0.75,3.7083333333333335,0.155,7.75,5,175.33948678180457,0.8999999999999999,470.540715303278,0,0.25335870538514044,0.0,0.96875,0.7352198676613718,0.20833333333333334,0.03125,0.23177083333333334
focal_aggressive_selected,209,4,-8.493206138382448e-15,27.780936819481877,0,28.83236763175303,0.029380353807073874,0.6313716410793295,1,3.7083333333333335,0.115,5.75,3.25,178.38076037520983,1.0190631805181212,467.80450088106454,0,0.22291269040594439,0.0,0.9646158617875653,0.7309445326266634,0.13541666666666666,0.041666666666666664,0.23177083333333334
focal_aggressive_selected,210,4,-5.190292640122607e-15,28.799999999999997,0.25,28.46661980457059,0.02926762467422615,0.6970061278391257,0,3.7083333333333335,0.1,5,2,183.63406063932698,0.0,461.4208142936788,0,0.22553853867871482,0.0,1.0,0.7209700223338731,0.08333333333333333,0.0,0.23177083333333334
focal_aggressive_selected,211,4,-1.965094753586527e-14,28.799999999999997,0,28.279498059732134,0.03406712693950354,0.4856195286565699,0,3.7083333333333335,0.12000000000000001,6,5.5,178.5094175434989,0.0,465.41933592058245,0,0.23889215158482222,0.0,1.0,0.72721771237591,0.22916666666666666,0.0,0.23177083333333334
focal_aggressive_selected,212,4,-3.3181790648484366e-14,28.799999999999997,0.25,27.379289186105645,0.035894502455745096,0.544863769055314,0,3.729166666666667,0.11,5.5,3.75,176.29774222720926,0.0,465.5554366539224,0,0.23062968870289213,0.0,1.0,0.7274303697717538,0.15625,0.0,0.23307291666666669
focal_aggressive_selected,213,4,-6.772360450213455e-15,28.7944729482639,0.25,28.4273989262515,0.02984667508653464,0.6306798591299123,0,3.7604166666666665,0.12,6,2.25,178.28658237631106,0.005527051736098909,462.4488426236783,0,0.23481836340380816,0.0,0.9998080884813855,0.7225763165994973,0.09375,0.0,0.23502604166666666
focal_aggressive_selected,214,4,7.674416657721395e-15,26.9341947565019,0.25,27.960519489878326,0.03045316599393584,0.47034405151654846,2.25,3.7604166666666665,0.1,5,5,174.29924614412002,1.8658052434980987,466.8921595377292,0,0.25865414569328443,0.0,0.9352150957118716,0.7295189992777018,0.20833333333333334,0.09375,0.23502604166666666
focal_aggressive_selected,215,4,1.5681900222830336e-14,26.917299337204362,0.25,28.073532625547745,0.028391286026560866,0.5776931933367552,1.75,3.78125,0.125,6.25,4,175.56391328041667,1.882700662795636,466.0810324964392,0,0.250077151133284,0.0,0.9346284492084849,0.7282516132756862,0.16666666666666666,0.07291666666666667,0.236328125
focal_aggressive_selected,216,4,1.7361112547575885e-14,28.799999999999997,0.25,28.533995222727746,0.03506128840812248,0.694397524758663,0,3.833333333333333,0.13,6.5,3,180.65939199359116,0.0,459.89515148123377,0,0.24729359368322082,0.0,1.0,0.7185861741894277,0.125,0.0,0.23958333333333331
focal_aggressive_selected,217,4,-1.765254609153999e-14,28.783722983971032,0.25,28.000708218659412,0.03588660462005714,0.4989795918367348,0.5,3.8541666666666665,0.16,8,6.75,176.1656690096201,0.016277016028965252,462.94688010805646,0,0.27800413736270385,0.0,0.9994348258323276,0.7233545001688382,0.28125,0.020833333333333332,0.24088541666666666
focal_aggressive_selected,218,4,-1.84297022087776e-14,28.799999999999997,0.25,27.340676766771143,0.03537315637770116,0.5185212841010558,0,3.8645833333333335,0.155,7.75,6,172.61821193057185,0.0,464.3614926697748,0,0.2604966614254955,0.0,1.0,0.7255648322965231,0.25,0.0,0.24153645833333334
focal_aggressive_selected,219,4,-1.0630385460785874e-14,28.779999999999998,0.25,28.223647646181863,0.03146557606177552,0.7841356685723765,0.25,3.9479166666666665,0.15,7.5,2.5,182.11085969061827,0.019999999999999962,453.3783568873379,0,0.2088158417622825,0.0,0.9993055555555556,0.7084036826364655,0.10416666666666667,0.010416666666666666,0.24674479166666666
focal_aggressive_selected,220,4,-8.701372955499664e-15,28.499999999999996,0.25,28.1535697620254,0.031515311070371296,0.4725710446471804,0.25,3.958333333333333,0.135,6.75,5.75,176.6318408783301,0.3,457.9033744170042,0,0.24746784972184732,0.0,0.9895833333333333,0.7154740225265691,0.23958333333333334,0.010416666666666666,0.24739583333333331
focal_aggressive_selected,221,4,-2.706168622523819e-15,28.799999999999997,0,28.713085811269078,0.030748303879695536,0.53496166015077,0,3.958333333333333,0.15,7.5,5.75,173.89496222571785,0.0,459.8683772207348,0,0.2530675299514037,0.0,1.0,0.7185443394073981,0.23958333333333334,0.0,0.24739583333333331
focal_aggressive_selected,222,4,1.226796442210798e-14,28.24,0,28.347167839205966,0.030005116455652556,0.6421054151693233,0.75,3.9791666666666665,0.14,7,4,176.97812756901467,0.5600000000000004,456.11027430147465,0,0.24478027069642894,0.0,0.9805555555555556,0.7126723035960542,0.16666666666666666,0.03125,0.24869791666666666
focal_aggressive_selected,223,4,9.853229343548264e-15,27.86,0,28.370776010694346,0.02526585530629369,0.477724801067237,1.25,4.020833333333333,0.16,8,6.5,172.36664282130928,0.9399999999999995,460.5948102588071,0,0.2724106919510326,0.0,0.9673611111111112,0.7196793910293862,0.2708333333333333,0.052083333333333336,0.2513020833333333
focal_aggressive_selected,224,4,-2.3619994848900205e-14,27.942946843650724,0,28.160144079333666,0.02579534846957455,0.5232236035381252,1.25,4.09375,0.175,8.75,5.75,169.88665255102669,0.857053156349274,462.5937741612345,0,0.2598107526444109,0.0,0.9702412098489835,0.7228027721269289,0.23958333333333334,0.052083333333333336,0.255859375
focal_aggressive_selected,225,4,-1.0130785099704553e-15,27.35577309824025,0,28.544892631983664,0.02586352904535423,0.5664169164249256,2,4.135416666666667,0.195,9.75,7,170.0903083576078,1.4442269017597482,462.8178209719719,0,0.27155210668048446,0.0,0.9498532325777865,0.7231528452687062,0.2916666666666667,0.08333333333333333,0.2584635416666667
focal_aggressive_selected,226,4,-4.676814491233472e-15,27.0,0,28.800236121945524,0.023885391038611464,0.5494152385789516,1.5,4.145833333333333,0.16999999999999998,8.5,6,169.84165504797642,1.7999999999999998,464.1472951649698,0,0.2514788186927956,0.0,0.9375000000000001,0.7252301486952654,0.25,0.0625,0.2591145833333333
focal_aggressive_selected,227,4,-4.1217029789208937e-14,28.779999999999998,0.25,29.152251258575433,0.025424643437580094,0.6976112325159682,0.25,4.25,0.16,8,3.75,175.08460544125884,0.019999999999999962,458.4189847977469,0,0.2384573434178061,0.0,0.9993055555555556,0.7162796637464794,0.15625,0.010416666666666666,0.265625
focal_aggressive_selected,228,4,-7.230327447871332e-15,28.40575359301155,0.25,28.426508736962603,0.024634807250083608,0.5191306448282399,0.75,4.260416666666666,0.135,6.75,5.5,171.98125344483103,0.39424640698844865,460.8889612932975,0,0.2459854524782756,0.0,0.9863108886462345,0.7201390020207773,0.22916666666666666,0.03125,0.26627604166666663
focal_aggressive_selected,229,4,-6.6058269965196814e-15,28.45282804428094,0.25,28.005105609811018,0.02483000023321798,0.6011340294876828,1.25,4.270833333333333,0.135,6.75,4.5,172.84899284544656,0.3471719557190582,458.83736542872435,0,0.24597530757725775,0.0,0.9879454182041993,0.7169333834823818,0.1875,0.052083333333333336,0.2669270833333333
focal_aggressive_selected,230,4,1.4557799410397365e-14,28.542411397145905,0.25,28.41822177825128,0.025338379304211508,0.5793545821657909,0,4.322916666666667,0.16499999999999998,8.25,5,172.5299559744244,0.25758860285409324,458.2878580986861,0,0.2668154388673419,0.0,0.9910559512897885,0.7160747782791971,0.20833333333333334,0.0,0.2701822916666667
focal_aggressive_selected,231,4,6.127043317150083e-15,27.328903610449228,0,28.757909812787794,0.021691141310844562,0.40557013733196023,2,4.322916666666667,0.195,9.75,9,164.87898909324122,1.4710963895507718,466.76726104487585,0,0.3184692162280744,0.0,0.9489202642517094,0.7293238453826185,0.375,0.08333333333333333,0.2701822916666667
focal_aggressive_selected,232,4,-4.676814491233472e-15,28.415690065715474,0,28.4754366965433,0.029067148676209763,0.7162855554339106,0.5,4.333333333333333,0.195,9.75,4.75,171.36629124378734,0.3843099342845221,459.4284199697237,0,0.25666233332942584,0.0,0.9866559050595651,0.7178569062026933,0.19791666666666666,0.020833333333333332,0.2708333333333333
focal_aggressive_selected,233,4,4.088396288182139e-14,27.855407799007335,0,29.478003633241084,0.020477278737210412,0.6364195928377205,1.25,4.34375,0.16,8,4.5,174.53544349382832,0.9445922009926647,457.0854439610787,0,0.20994769337640812,0.0,0.9672016596877547,0.7141960061891854,0.1875,0.052083333333333336,0.271484375
focal_aggressive_selected,234,4,-1.4488410471358293e-14,27.599999999999998,0,29.152758857302274,0.02060352323085933,0.5287418784927898,0.75,4.354166666666667,0.11,5.5,4.25,172.733795539975,1.2,459.80110889374146,0,0.2072302958751653,0.0,0.9583333333333334,0.718439232646471,0.17708333333333334,0.03125,0.2721354166666667
focal_aggressive_selected,235,4,3.147482274812319e-14,27.634999999999998,0,29.367356024976523,0.020438530266276136,0.645608141078903,0.75,4.395833333333333,0.12,6,2.25,176.61359445284126,1.165,456.88805786477286,0,0.19213478744194976,0.0,0.9595486111111111,0.7138875904137076,0.09375,0.03125,0.2747395833333333
focal_aggressive_selected,236,4,3.4708347307343956e-14,26.924608483222848,0,28.751343208326613,0.01972870078602544,0.45014514276390044,1.75,4.40625,0.12,6,5.5,171.6260979650495,1.87539151677715,463.13214393490443,0,0.22444475833783784,0.0,0.9348822390007934,0.7236439748982881,0.22916666666666666,0.07291666666666667,0.275390625
focal_aggressive_selected,237,4,-1.529332216421153e-14,27.0,0,28.914100547033907,0.019223615800506456,0.5791763782781751,1,4.40625,0.125,6.25,4,172.88074050068008,1.7999999999999998,463.08742556802963,0,0.22007577876741158,0.0,0.9375000000000001,0.7235741024500463,0.16666666666666666,0.041666666666666664,0.275390625
focal_aggressive_selected,238,4,-1.189326415129699e-14,27.27853916192736,0,28.750514762714577,0.020614624895072136,0.5661708068675178,1,4.458333333333334,0.13,6.5,3.75,173.21457087526107,1.5214608380726395,463.52939998736827,0,0.2431482282597741,0.0,0.9471714986780334,0.724264687480263,0.15625,0.041666666666666664,0.27864583333333337
focal_aggressive_selected,239,4,1.9068080447937064e-14,26.80223420302218,0,28.025459564011776,0.02398686930275335,0.46304349511195064,1.25,4.458333333333334,0.135,6.75,6,168.96646793272447,1.9977657969778175,468.40268479578253,0,0.2501618890475668,0.0,0.9306331320493814,0.7318791949934103,0.25,0.052083333333333336,0.27864583333333337
focal_aggressive_selected,240,4,1.0658141036401503e-14,27.544828126635448,0,28.454081825310702,0.024153933727877247,0.5880806101053534,1.5,4.489583333333333,0.13,6.5,4,170.10758970125136,1.2551718733645507,467.4527361158256,0,0.2244172993610058,0.0,0.9564176432859531,0.7303949001809775,0.16666666666666666,0.0625,0.2805989583333333
focal_aggressive_selected,241,4,-2.4119595209981526e-14,27.188974032794103,0,28.799328693587547,0.025079720150570774,0.6876755026694674,1,4.5,0.12000000000000001,6,2.25,176.49471529926114,1.6110259672058946,461.86828967593976,0,0.20265672238036572,0.0,0.9440615983609064,0.7216692026186559,0.09375,0.041666666666666664,0.28125
focal_aggressive_selected,242,4,2.182976022169214e-14,28.141781164191663,0,28.19105505271795,0.025069168683934235,0.5174719420911116,0.25,4.5,0.1,5,4,173.60905929753392,0.6582188358083367,464.18574762410213,0,0.221475409051908,0.0,0.9771451793122106,0.7252902306626596,0.16666666666666666,0.010416666666666666,0.28125
focal_aggressive_selected,243,4,-3.1225022567582528e-15,28.315832506576673,0,27.9623154485437,0.024499463500713907,0.5442836388997414,0.5,4.510416666666667,0.095,4.75,3.5,171.86812509704458,0.4841674934233245,464.93388112765876,0,0.2157902768743314,0.0,0.983188628700579,0.7264591892619668,0.14583333333333334,0.020833333333333332,0.2819010416666667
focal_aggressive_selected,244,4,1.2684298056342413e-14,27.33180639495494,0,28.538884096333717,0.024937485287115445,0.5788028409019151,1.5,4.53125,0.12000000000000001,6,3.5,172.77765790628348,1.468193605045057,464.5326231788967,0,0.22910401855190313,0.0,0.94902105538038,0.725832223717026,0.14583333333333334,0.0625,0.283203125
focal_aggressive_selected,245,4,-1.4613310561628623e-14,26.725254403999422,0,28.197527866455953,0.025605781995137456,0.4719305131860472,2,4.552083333333334,0.135,6.75,6,169.04199864840035,2.0747455960005774,469.1336253860503,0,0.26384772918833593,0.0,0.9279602223610911,0.7330212896657036,0.25,0.08333333333333333,0.28450520833333337
focal_aggressive_selected,246,4,1.532107773982716e-14,26.65376345535558,0,27.895360797681207,0.025191202352033752,0.600320154557346,2,4.5625,0.155,7.75,5,171.6489227663547,2.1462365446444176,467.01297845586424,0,0.22894573025230255,0.0,0.9254778977554022,0.7297077788372879,0.20833333333333334,0.08333333333333333,0.28515625
focal_aggressive_selected,247,4,1.304512053934559e-14,28.12878674903248,0,28.597789427151373,0.025438292465916022,0.6209539639113899,0.5,4.5625,0.15,7.5,4.5,173.79688024898036,0.6712132509675195,464.5630696874461,0,0.23522935834550565,0.0,0.9766939843414056,0.7258797963866346,0.1875,0.020833333333333332,0.28515625
focal_aggressive_selected,248,4,-2.5368596112684827e-14,27.769718086309226,0,28.253560903094158,0.02530765798184573,0.5277421158347774,1.25,4.5625,0.13999999999999999,7,5.5,171.7465258385752,1.0302819136907724,466.42952479880137,0,0.2611799290683116,0.0,0.9642263224412927,0.7287961324981271,0.22916666666666666,0.052083333333333336,0.28515625
focal_aggressive_selected,249,4,1.441902153231922e-14,27.599999999999998,0,28.354992908498417,0.025884981978396733,0.5851132516924993,1,4.614583333333333,0.145,7.25,4.25,172.67207517150766,1.2,465.5288551226748,0,0.26157004664547423,0.0,0.9583333333333334,0.7273888361291794,0.17708333333333334,0.041666666666666664,0.2884114583333333
focal_aggressive_selected,250,4,-9.228728892196614e-15,28.71313544295179,0,27.90232401367513,0.02495696218226189,0.5099187889433963,0.5,4.666666666666667,0.16999999999999998,8.5,6,168.77496038678228,0.08686455704820803,467.93523968918015,0,0.292153805147958,0.0,0.9969838695469372,0.731148812014344,0.25,0.020833333333333332,0.2916666666666667
focal_aggressive_selected,251,4,5.152822613041508e-14,27.418187964637,0,27.969601597682498,0.024153897343790923,0.5386814902414746,2,4.666666666666667,0.16,8,5.75,167.59216544397754,1.381812035362997,468.97076677478896,0,0.28510637730125915,0.0,0.9520204154387848,0.7327668230856077,0.23958333333333334,0.08333333333333333,0.2916666666666667
focal_aggressive_selected,252,4,8.465450562766819e-16,27.273818781120525,0,27.767684216504737,0.024492368426185542,0.5482431396627248,1.25,4.697916666666667,0.185,9.25,5.75,166.99726050633052,1.526181218879474,469.32629400815745,0,0.2719546606190831,0.0,0.947007596566685,0.733322334387746,0.23958333333333334,0.052083333333333336,0.2936197916666667
focal_aggressive_selected,253,4,-3.3029134982598407e-15,27.954759938369328,0,27.587219991478193,0.031105685137057058,0.5006371592917711,2,4.697916666666667,0.175,8.75,7,163.39872137325796,0.8452400616306692,471.8816560350471,0,0.27230771317866287,0.0,0.9706513867489351,0.7373150875547612,0.2916666666666667,0.08333333333333333,0.2936197916666667
focal_aggressive_selected,254,4,-2.9157232184218174e-14,25.86,0,27.996461585443775,0.03410028999866348,0.5880533001322866,2.5,4.729166666666667,0.165,8.25,5,166.18833307974,2.94,470.47545261387654,0,0.2614869297365688,0.0,0.8979166666666667,0.7351178947091821,0.20833333333333334,0.10416666666666667,0.2955729166666667
focal_aggressive_selected,255,4,-3.3306690738754696e-16,27.144430553590535,0,27.956120338643135,0.04021983453073432,0.62870617770064,1.75,4.739583333333334,0.16,8,5,169.69050523348082,1.6555694464094632,466.9962640674877,0,0.2797105258109935,0.0,0.9425149497774492,0.7296816626054495,0.20833333333333334,0.07291666666666667,0.29622395833333337
focal_aggressive_selected,256,4,-1.892930256985892e-14,27.45803967198486,0,27.952389531901087,0.03595181422692593,0.5108109608700191,1,4.770833333333333,0.16499999999999998,8.25,5.75,167.09720264412687,1.341960328015137,469.4081055558878,0,0.2666387432815756,0.0,0.9534041552772522,0.7334501649310747,0.23958333333333334,0.041666666666666664,0.2981770833333333
all_aggressive,1,4,-7.327471962526033e-15,28.799999999999997,0,19.514304660460205,0.0,1.92,0,1,0.16,8,0,113.12,0.0,563.5143046604602,0,0.0,0.0,1.0,0.880491101031969,0.0,0.0,0.0625
all_aggressive,2,4,-4.529709940470639e-14,28.799999999999997,0,29.44135945604789,0.0,1.92,0,1,0.0,0,0,178.39999999999998,0.0,496.9556641165081,0,0.0,0.0,1.0,0.7764932251820439,0.0,0.0,0.0625
all_aggressive,3,4,-5.3290705182007514e-14,28.799999999999997,0,33.67287810264269,0.0,1.92,0,1,0.0,0,0,243.67999999999995,0.0,434.6285422191508,0,0.0,0.0,1.0,0.6791070972174231,0.0,0.0,0.0625
all_aggressive,4,4,1.2434497875801753e-14,28.799999999999997,0,33.460797624158985,0.0,1.92,0,1,0.0,0,0,308.96,0.0,372.0893398433098,0,0.0,0.0,1.0,0.5813895935051716,0.0,0.0,0.0625
all_aggressive,5,4,4.618527782440651e-14,28.799999999999997,0,30.162756306775314,0.0,1.92,0,1,0.0,0,0,374.24,0.0,306.2520961500851,0,0.0,0.0,1.0,0.47851890023450794,0.0,0.0,0.0625
all_aggressive,6,4,3.108624468950438e-14,28.799999999999997,8,22.336852903452108,0.0,1.92,0,1,0.0,0,0,439.5200000000001,0.0,232.5889490535372,0,0.0,0.0,1.0,0.3634202328961519,0.0,0.0,0.0625
all_aggressive,7,4,9.547918011776346e-15,28.799999999999997,8,21.278120248014766,0.0,0.848330271814962,0,1,0.17,8.5,8.5,452.11818331893323,0.0,211.45055571080388,0,0.01792290973107208,0.0,1.0,0.33039149329813106,0.3541666666666667,0.0,0.0625
all_aggressive,8,4,3.3889557826682903e-14,28.799999999999997,8,19.48447763249997,0.0,0.8694132445577226,0,1,0.32,16,7.5,465.59943230226173,0.0,187.46437111541772,0,0.0002616045732714639,0.0,1.0,0.2929130798678402,0.3125,0.0,0.0625
all_aggressive,9,4,4.551914400963142e-14,28.799999999999997,8,19.293936843546525,0.0,0.6433485385378748,0,1,0.32,16,8.5,468.00351069061765,0.0,174.5908810320705,0,0.0002969104897320691,0.0,1.0,0.2727982516126102,0.3541666666666667,0.0,0.0625
all_aggressive,10,4,3.1336044870045043e-14,28.799999999999997,8,19.540469910179805,0.0,0.6438004542685705,0,1,0.32,16,11.5,470.4297329497776,0.0,161.9413282288218,0,0.00026459630256186025,0.0,1.0,0.25303332535753403,0.4791666666666667,0.0,0.0625
all_aggressive,11,4,5.1209037010835345e-14,28.799999999999997,8,17.855713809663584,0.0,0.9633868326727918,0,1.1666666666666667,0.32,16,7.75,488.51568775074446,0.0,131.62770040484577,0,0.00029673135362535177,0.0,1.0,0.20566828188257152,0.3229166666666667,0.0,0.07291666666666667
all_aggressive,12,4,-8.881784197001252e-16,28.799999999999997,8.5,12.911718632588666,0.0,1.22,0,1.3020833333333335,0.24,12,8.75,519.2556877507445,0.0,83.53941903743444,0,0.0007700105213649126,0.0,1.0,0.1305303422459913,0.3645833333333333,0.0,0.08138020833333334
all_aggressive,13,4,-2.020605904817785e-14,28.799999999999997,13,4.598952224457695,0.0,1.1976495674680447,0,1.4895833333333333,0.205,10.25,5,548.9355165566786,0.0,28.255892888489907,0,0.0011121648380444191,0.0,1.0,0.04414983263826548,0.20833333333333334,0.0,0.09309895833333333
all_aggressive,14,4,4.876654635666e-14,28.799999999999997,15,2.684615142063669,0.0,0.3155174851913383,0,1.6354166666666667,0.38,19,14,535.2158733310542,0.0,15.164633770986661,0,0.002090423063983296,0.0,1.0,0.02369474026716666,0.5833333333333334,0.0,0.10221354166666667
all_aggressive,15,4,-2.637126628179942e-14,28.799999999999997,15,2.16722394221602,0.0,0.11461890564557087,0,1.6354166666666667,0.44,22,16,511.59219970768714,0.0,11.600912430924136,0,0.0024474161878523326,0.0,1.0,0.018126425673318965,0.6666666666666666,0.0,0.10221354166666667
all_aggressive,16,4,3.5318969970887792e-15,28.799999999999997,15.25,1.482627415389612,0.0,0.12037627309152735,0,1.6666666666666667,0.46,23,13,488.230637089172,0.0,7.064726191737382,0,0.001504709446182836,0.0,1.0,0.011038634674589659,0.5416666666666666,0.0,0.10416666666666667
all_aggressive,17,4,-9.10556352540226e-15,28.799999999999997,15.75,1.0591833832512023,0.0,0.0781828067631279,0,1.6666666666666667,0.465,23.25,12.25,462.79659462056526,0.0,4.214769236832189,0,0.0016537181848764607,0.0,1.0,0.006585576932550295,0.5104166666666666,0.0,0.10416666666666667
all_aggressive,18,4,-2.9113864097318753e-14,28.799999999999997,16,0.44007403400261647,0.0,0.07404853497091861,0,1.6666666666666667,0.465,23.25,19.25,437.15997283414026,0.0,0.9524165222888751,0,0.0009909618660151576,0.0,1.0,0.0014881508160763672,0.8020833333333334,0.0,0.10416666666666667
all_aggressive,19,4,-1.9898362471626463e-15,28.799999999999997,16,0.506618875228478,0.0,0.004259676761152473,0,1.7916666666666667,0.48,24,14.75,408.08869699543675,0.0,1.2460515594597295,0,0.0017886789994012854,0.0,1.0,0.0019469555616558273,0.6145833333333334,0.0,0.11197916666666667
all_aggressive,20,4,2.465475740232037e-15,28.799999999999997,16,0.4482795099836948,0.0,0.014364511291895777,0,2.0416666666666665,0.48,24,13,379.5125580487396,0.0,0.9761055048486353,0,0.001304581772957552,0.0,1.0,0.0015251648513259926,0.5416666666666666,0.0,0.12760416666666666
all_aggressive,21,4,3.5494881773373566e-15,28.799999999999997,16,0.49779844044641874,0.0,0.004143925073079032,0,2.1041666666666665,0.48,24,19.75,350.4356103773205,0.0,1.2667076916411024,0,0.0018863011247731007,0.0,1.0,0.0019792307681892225,0.8229166666666666,0.0,0.13151041666666666
all_aggressive,22,4,-1.085351426788339e-14,28.799999999999997,16,0.47792077831314717,0.0,0.012083362619981912,0,2.15625,0.48,24,14,321.7476951456996,0.0,1.1404603389551542,0,0.001596260811633068,0.0,1.0,0.0017819692796174284,0.5833333333333334,0.0,0.134765625
all_aggressive,23,4,2.1953792950224482e-14,26.224093289174775,16,0.40828636892333253,0.0,0.015438899230493436,1.25,2.166666666666667,0.48,24,14,295.80010791881904,2.575906710825224,0.7768017463538149,0,0.0009732869207200119,0.0,0.910558794763013,0.0012137527286778358,0.5833333333333334,0.052083333333333336,0.13541666666666669
all_aggressive,24,4,1.193131964755123e-14,23.258250645610463,16,0.4261191983202688,0.0,0.006688318860103178,5.25,2.1770833333333335,0.48,24,20,272.38958489735364,5.541749354389536,0.8685050016689249,0,0.0012389352554606,0.0,0.80757814741703,0.001357039065107695,0.8333333333333334,0.21875,0.13606770833333334
all_aggressive,25,4,1.4597698050344832e-15,21.19184866321352,16,0.43655491576459615,0.0,0.007203314688673984,3,2.2916666666666665,0.48,24,14.25,251.07069865388513,7.608151336786478,0.9448941829998219,0,0.0013124504864379565,0.0,0.7358280785838028,0.0014763971609372216,0.59375,0.125,0.14322916666666666
all_aggressive,26,4,1.2274035954273899e-14,19.362268305403784,16,0.4536844637681333,0.0,0.007673706681148341,4.5,2.3125,0.47,23.5,13.5,231.61444197585763,9.437731694596213,1.0148933127105382,0,0.0013758139751811225,0.0,0.6723009828265204,0.001585770801110216,0.5625,0.1875,0.14453125
all_aggressive,27,4,5.708107597701684e-15,18.546158470062238,16,0.5132023431159659,0.0,0.004550476924671036,6.25,2.333333333333333,0.45,22.5,18.25,212.84125687510428,10.25384152993776,1.3005718095929522,0,0.001922992904757881,0.0,0.64396383576605,0.002032143452488988,0.7604166666666666,0.2604166666666667,0.14583333333333331
all_aggressive,28,4,-9.631184738623233e-15,18.192509193334082,16,0.49118887180788023,0.0,0.011850185137061375,3.75,2.364583333333333,0.45499999999999996,22.75,13,194.7744067534862,10.607490806665915,1.1992514245477637,0,0.0016737901767373358,0.0,0.6316843469907668,0.0018738303508558807,0.5416666666666666,0.15625,0.14778645833333331
all_aggressive,29,4,-9.107298248878237e-17,17.478390247419814,16,0.42045943824474624,0.0,0.015577766574909134,5.25,2.364583333333333,0.44,22,13.25,177.61932706823694,11.321609752580184,0.8408225340470532,0,0.0010407952575011657,0.0,0.6068885502576324,0.0013137852094485206,0.5520833333333334,0.21875,0.14778645833333331
all_aggressive,30,4,4.054590864444041e-15,16.09128422253862,16,0.4421826629684267,0.0,0.006559856191967503,5.25,2.3854166666666665,0.41000000000000003,20.5,16,161.43947579910474,12.708715777461382,0.9550123874171048,0,0.0013284130539072477,0.0,0.5587251466159243,0.0014922068553392264,0.6666666666666666,0.21875,0.14908854166666666
all_aggressive,31,4,-1.6490715043504522e-16,14.262265931392674,16,0.4235587182569896,0.0,0.010281930554137704,5.5,2.4479166666666665,0.41000000000000003,20.5,12,147.2710244648648,14.537734068607325,0.8644745779672092,0,0.0011510708433432324,0.0,0.4952175670622457,0.0013507415280737643,0.5,0.22916666666666666,0.15299479166666666
all_aggressive,32,4,-2.5808348513844948e-15,11.098269937269109,16,0.45242889720196905,0.0,0.005467789967371503,8.25,2.5,0.395,19.75,12.5,136.0456762359969,17.701730062730892,1.043513976800603,0,0.0013903142882923725,0.0,0.38535659504406633,0.0016304905887509422,0.5208333333333334,0.34375,0.15625
all_aggressive,33,4,8.129022628644567e-15,9.705796314547035,16,0.5016378223857815,0.0,0.0059143845336185295,8.5,2.5,0.4,20,15,126.22968476359719,19.094203685452964,1.249432572505458,0,0.0017869906301804244,0.0,0.3370068164773276,0.0019522383945397783,0.625,0.3541666666666667,0.15625
all_aggressive,34,4,-1.4602034859034774e-15,9.825006885909799,16,0.44120711879283436,0.0,0.014898000025157173,5.75,2.5,0.395,19.75,11.5,116.73967987892009,18.9749931140902,0.9457396900404338,0,0.001200225430463652,0.0,0.3411460724274236,0.0014777182656881779,0.4791666666666667,0.23958333333333334,0.15625
all_aggressive,35,4,9.718246173073819e-15,9.637607038546303,16,0.4203387507262658,0.0,0.01067979958638109,10,2.5,0.42,21,13,107.20538302010647,19.162392961453694,0.8320884614476451,0,0.0010655645739184494,0.0,0.33463913328285777,0.0013001382210119455,0.5416666666666666,0.4166666666666667,0.15625
all_aggressive,36,4,1.4186568586538328e-14,9.675112734579173,16,0.42896015373664453,0.0,0.007689760763730156,6.5,2.5208333333333335,0.38,19,13.25,97.52706856295008,19.124887265420824,0.8765605769977819,0,0.0011166728319783985,0.0,0.3359414143951102,0.0013696259015590342,0.5520833333333334,0.2708333333333333,0.15755208333333334
all_aggressive,37,4,3.9150540448451565e-15,9.627511743425627,16,0.44334945873680076,0.0,0.007465863163179114,4.75,2.6041666666666665,0.365,18.25,11.25,87.90038411452022,19.172488256574372,0.946616877575627,0,0.0012080013918505383,0.0,0.33428860220227874,0.0014790888712119172,0.46875,0.19791666666666666,0.16276041666666666
all_aggressive,38,4,6.677601180338222e-15,9.607288114914281,16,0.43969848954300206,0.0,0.009048878249713429,7,2.6458333333333335,0.33,16.5,10,78.40649103384192,19.192711885085718,0.9338714546329576,0,0.0011785182877098112,0.0,0.33358639287896813,0.0014591741478639964,0.4166666666666667,0.2916666666666667,0.16536458333333334
all_aggressive,39,4,5.929393261105975e-15,9.652760037797957,16,0.4623022941849634,0.0,0.006462120026356075,5,2.71875,0.355,17.75,11.75,68.7153748773354,19.14723996220204,1.0730677475001171,0,0.0014096578150390876,0.0,0.3351652790902069,0.001676668355468933,0.4895833333333333,0.20833333333333334,0.169921875
all_aggressive,40,4,2.280727690040507e-15,9.840655308451241,16,0.4340228371563928,0.0,0.011831154928184878,6.5,2.729166666666667,0.335,16.75,10.75,59.11944616036523,18.959344691548758,0.9155328382472661,0,0.0011603407452166247,0.0,0.3416894204323348,0.0014305200597613532,0.4479166666666667,0.2708333333333333,0.17057291666666669
all_aggressive,41,4,1.2542050731312315e-15,9.491176388540826,16,0.4529141790247165,0.0,0.0074621687453162635,6.75,2.75,0.37,18.5,10.75,49.623916040344895,19.308823611459175,0.9953385800061694,0,0.0013049285123429939,0.0,0.32955473571322313,0.0015552165312596397,0.4479166666666667,0.28125,0.171875
all_aggressive,42,4,1.1818345781178241e-15,9.010874072118504,16,0.5219586203114791,0.0,0.003500953837590431,6.25,2.770833333333333,0.33,16.5,12.75,40.454588706268325,19.789125927881493,1.342249508438127,0,0.001911756167369588,0.0,0.3128775719485592,0.0020972648569345734,0.53125,0.2604166666666667,0.17317708333333331
all_aggressive,43,4,1.083334810747516e-15,8.799456065434319,16,0.4778703383201348,0.0,0.014080405935450624,6,2.8958333333333335,0.355,17.75,9.75,31.99007253167109,20.00054393456568,1.1160995499857307,0,0.0014245617156164883,0.0,0.30553666893869164,0.0017439055468527042,0.40625,0.25,0.18098958333333334
all_aggressive,44,4,2.868040006875905e-15,6.182456570442838,16,0.5037618536881466,0.0,0.006384325564439862,8.75,2.9583333333333335,0.35,17.5,12,25.770447913885807,22.61754342955716,1.300645125451884,0,0.0018204112279359241,0.0,0.2146686309181541,0.002032258008518569,0.5,0.3645833333333333,0.18489583333333334
all_aggressive,45,4,6.770842567171975e-16,4.038865980019576,16,0.4890833849049756,0.0,0.012103654577584552,11,2.96875,0.375,18.75,12.25,21.949661008167872,24.761134019980425,1.1845457814776323,0,0.0016331944393282128,0.0,0.14023840208401306,0.0018508527835588006,0.5104166666666666,0.4583333333333333,0.185546875
all_aggressive,46,4,1.3664199979834812e-15,3.2815814292247008,16,0.48800764595084367,0.0,0.009567990236552977,9.75,2.9791666666666665,0.345,17.25,11,18.79191110053427,25.5184185707753,1.194153915600827,0,0.0016075311001452774,0.0,0.11394379962585767,0.0018658654931262922,0.4583333333333333,0.40625,0.18619791666666666
all_aggressive,47,4,1.6438673339225218e-15,2.3482423657950555,16,0.43188967740953904,0.0,0.014442822607889975,7.5,2.9895833333333335,0.335,16.75,8.75,16.816367042525826,26.451757634204945,0.9039024626158674,0,0.001121554567809277,0.0,0.08153619325677276,0.0014123475978372927,0.3645833333333333,0.3125,0.18684895833333334
all_aggressive,48,4,2.0402516481832222e-15,1.9560543585924228,16,0.4312230451210326,0.0,0.008950432061303595,9.75,3.052083333333333,0.30000000000000004,15,11,14.99888385493728,26.843945641407576,0.8876039046717201,0,0.0011371583161470312,0.0,0.06791855411779246,0.0013868811010495628,0.4583333333333333,0.40625,0.19075520833333331
all_aggressive,49,4,-1.360673726469308e-16,1.568782853474987,16,0.4350020765304986,0.0,0.008259149668533212,9.5,3.104166666666667,0.3,15,9.5,13.53479933522042,27.23121714652501,0.9096484977755582,0,0.0011451715482205032,0.0,0.054471626856770386,0.0014213257777743098,0.3958333333333333,0.3958333333333333,0.19401041666666669
all_aggressive,50,4,1.0282573403852524e-15,1.251928160212657,16,0.45701212730933866,0.0,0.006788279715472538,8.75,3.177083333333333,0.31,15.5,9.75,12.305496881065919,27.54807183978734,1.02724663931127,0,0.0013638282900787057,0.0,0.043469727785161706,0.0016050728739238594,0.40625,0.3645833333333333,0.19856770833333331
all_aggressive,51,4,1.6117749496169509e-15,1.2958716653015245,16,0.48109900444823295,0.0,0.006891862747492374,10.5,3.1979166666666665,0.31,15.5,11.25,11.037326490391521,27.504128334698475,1.1637525063848844,0,0.0015961023336907,0.0,0.044995543934080715,0.001818363291226382,0.46875,0.4375,0.19986979166666666
all_aggressive,52,4,3.8825279796705914e-16,1.3282295401342594,16,0.49060749414147925,0.0,0.008928881955705598,10.25,3.2604166666666665,0.345,17.25,10.5,9.801612166086837,27.471770459865738,1.2079159027410837,0,0.001615887395083598,0.0,0.04611908125466179,0.0018873685980329434,0.4375,0.4270833333333333,0.20377604166666666
all_aggressive,53,4,7.923349476524066e-16,1.310785658915582,16,0.5196795614193557,0.0,0.007741574828997339,8,3.2604166666666665,0.3,15,9,8.570163673792125,27.489214341084416,1.3405167227105725,0,0.0018528870054231286,0.0,0.045513390934568826,0.0020945573792352694,0.375,0.3333333333333333,0.20377604166666666
all_aggressive,54,4,4.982993184743378e-16,1.23455117982279,16,0.5725002441296807,0.0,0.0056747007361167955,6.5,3.291666666666667,0.25,12.5,7.25,7.363672830039059,27.56544882017721,1.6292819300344135,0,0.002285424255357374,0.0,0.042866360410513546,0.002545753015678771,0.3020833333333333,0.2708333333333333,0.20572916666666669
all_aggressive,55,4,-1.1188966420050406e-16,1.318995018937533,16,0.6112654140150543,0.0,0.008439221657753924,6,3.3125,0.215,10.75,6.25,6.243199672331468,27.481004981062465,1.8185862611617716,0,0.002562787227135605,0.0,0.04579843815755323,0.002841541033065268,0.2604166666666667,0.25,0.20703125
all_aggressive,56,4,7.945033519973776e-16,1.0482228806470952,16,0.6438586569128869,0.0,0.0076966607841123975,8,3.3125,0.25,12.5,8.75,5.322113170105881,27.7517771193529,2.0776118788690385,0,0.0029865431503956945,0.0,0.03639662780024636,0.0032462685607328725,0.3645833333333333,0.3333333333333333,0.20703125
all_aggressive,57,4,2.1358782797964437e-17,1.0529425926389242,16,0.7119885618188363,0.0,0.0075702946255956855,9,3.333333333333333,0.265,13.25,9.5,4.375115014121145,27.747057407361076,2.4110857094080904,0,0.003517056079872336,0.0,0.03656050668885154,0.003767321420950141,0.3958333333333333,0.375,0.20833333333333331
all_aggressive,58,4,5.453536927602087e-16,1.2239700968492948,16,0.7275241561679087,0.0,0.012990484130332155,7.25,3.3645833333333335,0.265,13.25,7.5,3.5226786396581264,27.576029903150705,2.4890856590593917,0,0.003628514689136238,0.0,0.04249896169615607,0.0038891963422802997,0.3125,0.3020833333333333,0.21028645833333334
all_aggressive,59,4,-4.7704895589362195e-17,2.2431353549110593,16,0.5234715437224313,0.0,0.033542783166346894,6.75,3.3645833333333335,0.24000000000000002,12,7.5,2.6831396598980652,26.55686464508894,1.335418044464478,0,0.0018117083605011654,0.0,0.07788664426774512,0.002086590694475747,0.3125,0.28125,0.21028645833333334
all_aggressive,60,4,4.9873299934333204e-17,0.9542790814914127,16,0.5044226197573048,0.0,0.011047711722250437,9.5,3.40625,0.265,13.25,9.75,2.0051984527969235,27.845720918508583,1.287455078109261,0,0.0017713943076706287,0.0,0.03313469032956295,0.0020116485595457205,0.40625,0.3958333333333333,0.212890625
all_aggressive,61,4,1.46150452851046e-16,0.7071073417815205,16,0.5422417892155703,0.0,0.007713037921722975,8.5,3.40625,0.27,13.5,8.75,1.406029969179829,28.092892658218478,1.4440449712386827,0,0.001998362481694038,0.0,0.024552338256302795,0.0022563202675604417,0.3645833333333333,0.3541666666666667,0.212890625
all_aggressive,62,4,-1.2923689896027213e-16,0.35808843238500176,16,0.5781365860762726,0.0,0.006720225155445343,9.25,3.4375,0.3,15,9.25,1.0772325694116491,28.441911567614998,1.6861702995426882,0,0.002392827267001696,0.0,0.012433626124479229,0.00263464109303545,0.3854166666666667,0.3854166666666667,0.21484375
all_aggressive,63,4,-5.7462715141731735e-18,0.42265600142482285,16,0.5524789443352076,0.0,0.014852295140828762,8.5,3.447916666666667,0.26,13,8.5,1.1223390298874354,28.377343998575174,1.4960344868364577,0,0.0020641798437509087,0.0,0.014675555605028572,0.0023375538856819653,0.3541666666666667,0.3541666666666667,0.21549479166666669
all_aggressive,64,4,-1.9949319973733282e-17,0.29837651274121096,16,0.5359175570653136,0.0,0.011803319126604185,9.75,3.479166666666667,0.305,15.25,9.75,1.0973251543498297,28.50162348725879,1.441786087571562,0,0.0019944419425715464,0.0,0.010360295581292048,0.002252790761830566,0.40625,0.40625,0.21744791666666669
all_aggressive,65,4,-7.003946034256359e-17,0.1571388398164629,16,0.5719624459256375,0.0,0.007625955124200278,11,3.479166666666667,0.29500000000000004,14.75,11,1.0188581156191805,28.642861160183536,1.6324507772871857,0,0.0023159848921022923,0.0,0.005456209715849407,0.0025507043395112277,0.4583333333333333,0.4583333333333333,0.21744791666666669
all_aggressive,66,4,6.114900252818245e-17,0.5992615889671523,16,0.4751146065231538,0.0,0.01999272469331667,7.5,3.4895833333333335,0.28500000000000003,14.25,7.5,1.1142400366245448,28.200738411032848,1.107929149144506,0,0.0014427450917020917,0.0,0.020807694061359457,0.0017311392955382907,0.3125,0.3125,0.21809895833333334
all_aggressive,67,4,-2.7582103268031233e-16,0.29765163171837494,16,0.44301043306418547,0.0,0.011910072031511969,9,3.5104166666666665,0.28,14,9,1.1201819344502564,28.502348368281623,0.9554359806330929,0,0.0012091391384451715,0.0,0.010335126101332465,0.0014928687197392075,0.375,0.375,0.21940104166666666
all_aggressive,68,4,7.43762690325056e-17,0.05650668570797686,16,0.4855234238042502,0.0,0.00535409041387931,9.75,3.520833333333333,0.285,14.25,9.75,1.0410256790223655,28.743493314292024,1.1732548837433776,0,0.0016173085924913932,0.0,0.001962037698193641,0.0018332107558490275,0.40625,0.40625,0.22005208333333331
all_aggressive,69,4,3.881443777498106e-17,0.14124568991851671,16,0.47987232005012986,0.0,0.010023219113913007,7.25,3.53125,0.25,12.5,7.25,1.1409177256855862,28.658754310081484,1.1519662480978572,0,0.0015351020369507706,0.0,0.004904364233281831,0.001799947262652902,0.3020833333333333,0.3020833333333333,0.220703125
all_aggressive,70,4,-5.2909066017292616e-17,0.1553960030904288,16,0.48712600622034824,0.0,0.00905409056983605,9,3.552083333333333,0.28,14,9,1.149172160517124,28.64460399690957,1.1863877258264028,0,0.001595280257620749,0.0,0.005395694551751001,0.0018537308216037545,0.375,0.375,0.22200520833333331
all_aggressive,71,4,1.6263032587282567e-17,0.006170900440975961,16,0.5629199057289376,0.0,0.004071879730278903,10.25,3.5625,0.265,13.25,10.25,1.077523366859814,28.793829099559023,1.5457136450413955,0,0.002210468770180438,0.0,0.00021426737642277644,0.0024151775703771805,0.4270833333333333,0.4270833333333333,0.22265625
all_aggressive,72,4,-8.803721640582296e-17,0.47898726490589943,16,0.4813852317271018,0.0,0.017754718231935165,6.5,3.5833333333333335,0.255,12.75,6.5,1.2135172953187374,28.3210127350941,1.1393629651717392,0,0.0014910372130628638,0.0,0.016631502253677065,0.0017802546330808425,0.2708333333333333,0.2708333333333333,0.22395833333333334
all_aggressive,73,4,4.90059381963448e-17,0.25324785310822573,16,0.46866067188523575,0.0,0.010400302999784769,8.75,3.604166666666667,0.265,13.25,8.75,1.2048842891999656,28.546752146891773,1.0880084870677362,0,0.0014381233672544173,0.0,0.008793328232924506,0.0017000132610433378,0.3645833333333333,0.3645833333333333,0.22526041666666669
all_aggressive,74,4,-1.2706849461530112e-16,0.0691212606332415,16,0.5178331026098397,0.0,0.005150326409398302,13.25,3.6145833333333335,0.305,15.25,13.25,1.0831290226272408,28.73087873936676,1.348325269207661,0,0.0019186888922996296,0.0,0.0024000437719875526,0.0021067582331369705,0.5520833333333334,0.5520833333333334,0.22591145833333334
all_aggressive,75,4,-3.903127820947816e-18,0.36141875747756547,16,0.4493889837448735,0.0,0.015987369221198793,8.75,3.635416666666667,0.33999999999999997,17,8.75,1.165091356988416,28.43858124252243,0.9983457918925949,0,0.0012644931663326755,0.0,0.012549262412415468,0.0015599152998321795,0.3645833333333333,0.3645833333333333,0.22721354166666669
all_aggressive,76,4,-1.474514954580286e-17,0.11469231874898317,16,0.4668313975486418,0.0,0.0077694744494637,11.25,3.635416666666667,0.325,16.25,11.25,1.1061032862631541,28.685307681251015,1.0767034669680515,0,0.0014331887764199467,0.0,0.003982372178784138,0.0016823491671375806,0.46875,0.46875,0.22721354166666669
all_aggressive,77,4,-1.7780915628762273e-16,0.08611555443070126,16,0.47539501237685844,0.0,0.008117259318319529,9.25,3.65625,0.29500000000000004,14.75,9.25,1.1227334384301098,28.7138844455693,1.1462355134289335,0,0.001539025601867031,0.0,0.002990123417732683,0.0017909929897327085,0.3854166666666667,0.3854166666666667,0.228515625
all_aggressive,78,4,-1.8431436932253575e-17,0.16396412656215714,16,0.47981826028039054,0.0,0.009529424772063167,8.75,3.6770833333333335,0.305,15.25,8.75,1.1207111256990478,28.63603587343784,1.1495825351061657,0,0.0015291101535381889,0.0,0.00569319883896379,0.001796222711103384,0.3645833333333333,0.3645833333333333,0.22981770833333334
all_aggressive,79,4,8.912141857830846e-17,0.07743210907523848,16,0.5262892456150308,0.0,0.005786517857945434,8.25,3.6875,0.255,12.75,8.25,1.0718183916631356,28.722567890924758,1.386545887823925,0,0.0019197331824692201,0.0,0.002688614898445781,0.002166477949724883,0.34375,0.34375,0.23046875
all_aggressive,80,4,1.3053794156725473e-16,0.22443933393375476,16,0.527061131645376,0.0,0.010480502706817307,8,3.71875,0.26,13,8,1.1009236903634287,28.575560666066245,1.3895818841284355,0,0.001885934995868111,0.0,0.007793032428255374,0.0021712216939506804,0.3333333333333333,0.3333333333333333,0.232421875
all_aggressive,81,4,-3.74049749507499e-17,0.12176048113859661,16,0.5606435441988289,0.0,0.007068733587276031,9,3.7291666666666665,0.265,13.25,9,1.0605311550013576,28.678239518861403,1.596788748963463,0,0.0022330219210197704,0.0,0.0042277944839790495,0.002494982420255411,0.375,0.375,0.23307291666666666
all_aggressive,82,4,8.348356728138384e-18,0.11950587466772147,16,0.6040426446006758,0.0,0.008573650970855435,8.75,3.75,0.28500000000000003,14.25,8.75,1.0761341779055524,28.680494125332277,1.772148845021367,0,0.002504754707114704,0.0,0.0041495095370736625,0.0027689825703458857,0.3645833333333333,0.3645833333333333,0.234375
all_aggressive,83,4,1.0636023312082798e-16,0.5368886970008243,16,0.5548790417773268,0.0,0.01623745913777534,9.5,3.770833333333333,0.27,13.5,9.5,1.0648809786557196,28.263111302999175,1.515154929909927,0,0.0021293133468498066,0.0,0.018641968645861956,0.002367429577984261,0.3958333333333333,0.3958333333333333,0.23567708333333331
all_aggressive,84,4,-6.288372600415926e-18,0.34137765141443777,16,0.5118691558546182,0.0,0.01421828659850239,7.75,3.78125,0.265,13.25,7.75,1.1551993705678991,28.45862234858556,1.3161097558394257,0,0.0017713223500010577,0.0,0.011853390674112424,0.002056421493499103,0.3229166666666667,0.3229166666666667,0.236328125
all_aggressive,85,4,5.2366964931049864e-17,0.180514411743756,16,0.5272642704889005,0.0,0.008895447225544913,9,3.8229166666666665,0.275,13.75,9,1.1355618728758439,28.619485588256243,1.3986016650510804,0,0.0019482455379370327,0.0,0.0062678615188804165,0.0021853151016423132,0.375,0.375,0.23893229166666666
all_aggressive,86,4,-2.673642557349254e-16,0.20272423732632297,16,0.5457174921519883,0.0,0.008959644619954733,9.75,3.864583333333333,0.275,13.75,9.75,1.0968602219273027,28.597275762673675,1.496336926205332,0,0.002078259719362475,0.0,0.007039036018275104,0.0023380264471958316,0.40625,0.40625,0.24153645833333331
all_aggressive,87,4,1.3400738851920835e-16,0.4941687248138074,16,0.46874027433657883,0.0,0.017324090396214496,8.25,3.895833333333333,0.28,14,8.25,1.1715719265280056,28.305831275186193,1.0988726807311862,0,0.0014321419955143535,0.0,0.017158636278257203,0.0017169885636424784,0.34375,0.34375,0.24348958333333331
all_aggressive,88,4,-1.7715863498413142e-16,0.038839320218460656,16,0.519544687140869,0.0,0.0053769958849588136,10.5,3.916666666666667,0.305,15.25,10.5,1.0912054046725266,28.761160679781536,1.3495675736241144,0,0.0018501691808147872,0.0,0.0013485875075854397,0.002108699333787679,0.4375,0.4375,0.24479166666666669
all_aggressive,89,4,-4.618701254788249e-17,0.2956478621896402,16,0.4859157366433855,0.0,0.012925681913189867,9.25,3.916666666666667,0.28500000000000003,14.25,9.25,1.1439159562291898,28.504352137810358,1.1891992146080066,0,0.0015731181716295136,0.0,0.010265550770473619,0.0018581237728250103,0.3854166666666667,0.3854166666666667,0.24479166666666669
all_aggressive,90,4,-4.629543276513104e-17,0.25015470078182045,16,0.48120158934999435,0.0,0.010700954363911839,9.75,3.9479166666666665,0.305,15.25,9.75,1.1131080192790495,28.549845299218177,1.135353085762409,0,0.0015207451944555747,0.0,0.008685927110479878,0.0017739891965037641,0.40625,0.40625,0.24674479166666666
all_aggressive,91,4,-1.0690233420707074e-16,0.2872024483026875,16,0.4611640272181721,0.0,0.011182239663976672,10,3.96875,0.29000000000000004,14.5,10,1.083835314511219,28.51279755169731,1.0374051297817475,0,0.0013697174530243894,0.0,0.009972307232732205,0.0016209455152839804,0.4166666666666667,0.4166666666666667,0.248046875
all_aggressive,92,4,2.4069288229178198e-17,0.06348909572895824,16,0.4797199292306007,0.0,0.007524150516949293,8,4.010416666666667,0.275,13.75,8,1.1140295941127762,28.73651090427104,1.1409175331648835,0,0.0015337079170497112,0.0,0.002204482490588828,0.0017826836455701305,0.3333333333333333,0.3333333333333333,0.2506510416666667
all_aggressive,93,4,5.2258544713801314e-17,0.2619768568748622,16,0.4609366430235914,0.0,0.010824080594457424,8,4.03125,0.255,12.75,8,1.1274326863663275,28.538023143125137,1.0606501464656037,0,0.0013846955483676714,0.0,0.009096418641488272,0.0016572658538525058,0.3333333333333333,0.3333333333333333,0.251953125
all_aggressive,94,4,1.857238321467669e-16,0.1389722293159328,16,0.48583960004428134,0.0,0.0073086161055213785,9,4.0625,0.27,13.5,9,1.0765826462209425,28.661027770684065,1.1810589412338162,0,0.0016197778482961516,0.0,0.0048254246290254455,0.0018454045956778377,0.375,0.375,0.25390625
all_aggressive,95,4,-3.3176586478056436e-17,0.14344112767870093,16,0.5017923599870258,0.0,0.008662396546015557,8.75,4.072916666666667,0.255,12.75,8.75,1.1025989492970036,28.6565588723213,1.2497314739200642,0,0.001683345054061055,0.0,0.004980594711066005,0.0019527054280001003,0.3645833333333333,0.3645833333333333,0.2545572916666667
all_aggressive,96,4,2.949029909160572e-17,0.1560745751032181,16,0.5174055802711294,0.0,0.008478893088758254,7.5,4.104166666666667,0.26,13,7.5,1.10199013554294,28.643925424896782,1.3431923997532809,0,0.0018305980019617549,0.0,0.005419256079972851,0.002098738124614501,0.3125,0.3125,0.2565104166666667
all_aggressive,97,4,-5.334274688628682e-17,0.3520781910513071,16,0.49618455873211553,0.0,0.012704073106005008,9,4.125,0.26,13,9,1.1124115266858783,28.447921808948692,1.2041733031851458,0,0.0016096864031571298,0.0,0.012224937189281498,0.0018815207862267903,0.375,0.375,0.2578125
all_aggressive,98,4,-3.5670251474773096e-17,0.08868099713334446,16,0.5246431937456099,0.0,0.007113917169632527,9.25,4.145833333333333,0.27,13.5,9.25,1.1023124708645275,28.711319002866652,1.3731206384491295,0,0.0018810691614286402,0.0,0.0030792012893522385,0.002145500997576765,0.3854166666666667,0.3854166666666667,0.2591145833333333
all_aggressive,99,4,1.3162214373974024e-16,0.3847867797415448,16,0.49121740500555666,0.0,0.01348908748187453,8.5,4.15625,0.28,14,8.5,1.0984909777348348,28.415213220258455,1.1898836693609596,0,0.001597468616638872,0.0,0.013360652074359195,0.0018591932333764994,0.3541666666666667,0.3541666666666667,0.259765625
all_aggressive,100,4,-1.205632815803881e-16,0.106364735921046,16,0.5025665009267499,0.0,0.008037923789697619,10.25,4.177083333333334,0.3,15,10.25,1.085984507508972,28.693635264078953,1.2905539808028288,0,0.0017756446481416506,0.0,0.0036932199972585424,0.00201649059500442,0.4270833333333333,0.4270833333333333,0.26106770833333337
all_aggressive,101,4,9.172350379227368e-17,0.08349066041890313,16,0.5410421596915275,0.0,0.007605501208779683,9.75,4.197916666666667,0.30000000000000004,15,9.75,1.0751634063202733,28.716509339581094,1.4513210800553722,0,0.001989373219798882,0.0,0.002898981264545248,0.002267689187586519,0.40625,0.40625,0.2623697916666667
all_aggressive,102,4,-1.3964523981613297e-16,0.6466631013326268,16,0.43081550847442845,0.0,0.0198806112906751,9,4.229166666666666,0.305,15.25,9,1.0976502582307266,28.153336898667373,0.8881060239960454,0,0.0011064036819774404,0.0,0.02245357990738288,0.001387665662493821,0.375,0.375,0.26432291666666663
all_aggressive,103,4,-2.8189256484623115e-18,0.12276387150547118,16,0.44421837912036916,0.0,0.0075865082087663545,10.25,4.239583333333333,0.28500000000000003,14.25,10.25,1.0616252889548066,28.677236128494528,0.9529989926780968,0,0.0012390068836352305,0.0,0.004262634427273305,0.0014890609260595263,0.4270833333333333,0.4270833333333333,0.2649739583333333
all_aggressive,104,4,-7.025630077706069e-17,0.11608112436506712,16,0.44574738223443244,0.0,0.007935876008716772,7.25,4.260416666666667,0.275,13.75,7.25,1.0594020890168614,28.68391887563493,1.0019525744766908,0,0.0012885709816403087,0.0,0.004030594596009275,0.0015655508976198293,0.3020833333333333,0.3020833333333333,0.2662760416666667
all_aggressive,105,4,-4.5536491244391186e-17,0.02651459568444942,16,0.5039640861120976,0.0,0.004475894821547175,8.5,4.291666666666667,0.245,12.25,8.5,1.0072063395882234,28.773485404315547,1.2821219195114297,0,0.0017861843591593224,0.0,0.0009206456834878272,0.002003315499236609,0.3541666666666667,0.3541666666666667,0.2682291666666667
all_aggressive,106,4,-4.9439619065339e-17,0.2396376101062172,16,0.48754533612961337,0.0,0.011277491193717362,7.5,4.3125,0.245,12.25,7.5,1.075165797974157,28.560362389893783,1.205792695955175,0,0.0016191982559444207,0.0,0.00832075035091032,0.001884051087429961,0.3125,0.3125,0.26953125
all_aggressive,107,4,4.629543276513104e-17,0.08396676192677875,16,0.532752992692936,0.0,0.0059880177518009435,7.25,4.333333333333334,0.225,11.25,7.25,1.0596119058856244,28.71603323807322,1.4391448010580639,0,0.0019864636335219297,0.0,0.0029155125669020404,0.0022486637516532246,0.3020833333333333,0.3020833333333333,0.27083333333333337
all_aggressive,108,4,-3.714476642935338e-16,0.356065856222659,16,0.497832391994099,0.0,0.013884784025563434,6.25,4.354166666666667,0.195,9.75,6.25,1.1889004669155736,28.44393414377734,1.2427379917739911,0,0.0016762121252045553,0.0,0.012363397785508995,0.0019417781121468611,0.2604166666666667,0.2604166666666667,0.2721354166666667
all_aggressive,109,4,2.662800535624399e-16,0.1842572330328312,16,0.5136132390680874,0.0,0.0085366128600356,8.5,4.385416666666666,0.245,12.25,8.5,1.1779372640244867,28.615742766967166,1.3295205878402987,0,0.0018452559247559349,0.0,0.006397820591417751,0.002077375918500467,0.3541666666666667,0.3541666666666667,0.27408854166666663
all_aggressive,110,4,-7.48099499014998e-17,0.15634797934884875,16,0.5399890607141961,0.0,0.00803193722681768,10.25,4.40625,0.265,13.25,10.25,1.1501542087897043,28.64365202065115,1.4679127872136106,0,0.0020727002588759313,0.0,0.005428749282946138,0.0022936137300212664,0.4270833333333333,0.4270833333333333,0.275390625
all_aggressive,111,4,-1.7629127324614302e-16,0.2542708648861033,16,0.520718656692071,0.0,0.012081319578003433,8,4.40625,0.275,13.75,8,1.2128680032257693,28.545729135113895,1.38456546500551,0,0.001916709242529334,0.0,0.00882884947521192,0.0021633835390711094,0.3333333333333333,0.3333333333333333,0.275390625
all_aggressive,112,4,-2.1055206189668496e-16,0.08345765260202184,16,0.5608706620943671,0.0,0.0064029495356580065,9.75,4.447916666666667,0.29000000000000004,14.5,9.75,1.1531548778709895,28.716542347397976,1.6252886503169766,0,0.0022935579441850794,0.0,0.0028978351597924255,0.002539513516120276,0.40625,0.40625,0.2779947916666667
all_aggressive,113,4,2.35380291646603e-16,0.1659912585253796,16,0.6003416097500909,0.0,0.009168571105051718,10.75,4.458333333333333,0.3,15,10.75,1.136423603493144,28.634008741474616,1.7672017048144817,0,0.00247790696115911,0.0,0.00576358536546457,0.0027612526637726276,0.4479166666666667,0.4479166666666667,0.2786458333333333
all_aggressive,114,4,2.489328188026718e-16,0.2388975907870023,16,0.6169589476446832,0.0,0.010875819823416233,10.5,4.5,0.32,16,10.5,1.110441184053537,28.561102409213,1.8403696612883533,0,0.002615768477025214,0.0,0.008295055235659803,0.002875577595763052,0.4375,0.4375,0.28125
all_aggressive,115,4,-2.985892783025079e-16,0.8085583084565362,16,0.4724342685952894,0.0,0.023863424840597787,10,4.510416666666667,0.325,16.25,10,1.1461906927862922,27.991441691543464,1.1196326878537533,0,0.0015062127321910212,0.0,0.028074941265851954,0.0017494260747714895,0.4166666666666667,0.4166666666666667,0.2819010416666667
all_aggressive,116,4,2.927345865710862e-18,0.18225228956328288,16,0.47855502752903867,0.0,0.008930707169679506,9.75,4.541666666666666,0.3,15,9.75,1.1015430545373053,28.617747710436717,1.1516523568988166,0,0.0015363451293593194,0.0,0.006328204498725101,0.0017994568076544009,0.40625,0.40625,0.28385416666666663
all_aggressive,117,4,4.380176776841438e-17,0.07907395799165101,16,0.5125537179996849,0.0,0.00644018972737607,8.5,4.552083333333333,0.29,14.5,8.5,1.0480383931870816,28.720926042008347,1.342196588529698,0,0.0018264553855741753,0.0,0.0027456235413767715,0.002097182169577653,0.3541666666666667,0.3541666666666667,0.2845052083333333
all_aggressive,118,4,7.058156142880634e-17,0.2399094603941057,16,0.5006949978401826,0.0,0.011384462557611457,7,4.572916666666667,0.245,12.25,7,1.1209675981159373,28.560090539605895,1.2736684584893079,0,0.0017347436877112922,0.0,0.00833018959701756,0.0019901069663895436,0.2916666666666667,0.2916666666666667,0.2858072916666667
all_aggressive,119,4,3.0249240612345574e-17,0.262403067853323,16,0.48806988091496095,0.0,0.011374967005211104,8.75,4.59375,0.25,12.5,8.75,1.1659379135179584,28.537596932146677,1.1929899891437135,0,0.0016240796051543392,0.0,0.009111217633795939,0.0018640468580370523,0.3645833333333333,0.3645833333333333,0.287109375
all_aggressive,120,4,-1.2332799712022613e-16,0.200750324737678,16,0.5033082472209991,0.0,0.008612725316492322,10.5,4.604166666666667,0.295,14.75,10.5,1.092211129288404,28.59924967526232,1.2656619705400967,0,0.0017734987309730717,0.0,0.006970497386724932,0.001977596828968901,0.4375,0.4375,0.2877604166666667
all_aggressive,121,4,4.7488055154865094e-17,0.18106985819892282,16,0.5210832269523069,0.0,0.008678444672099507,9,4.625,0.28500000000000003,14.25,9,1.051385060022357,28.618930141801076,1.352822963887428,0,0.0019126583260160126,0.0,0.0062871478541292655,0.0021137858810741064,0.375,0.375,0.2890625
all_aggressive,122,4,1.9971004017182992e-16,0.19303197662569677,16,0.51506812467043,0.0,0.010352728713017489,6.5,4.635416666666667,0.25,12.5,6.5,1.1156367903345172,28.606968023374304,1.3502546529069839,0,0.0018614945272012885,0.0,0.0067024991883922495,0.0021097728951671624,0.2708333333333333,0.2708333333333333,0.2897135416666667
all_aggressive,123,4,-4.2500725161431774e-17,0.09494380447205943,16,0.5569542684228007,0.0,0.006023422433654563,7.5,4.6875,0.22,11,7.5,1.0958406851115312,28.705056195527938,1.6060377996470563,0,0.002294078713460999,0.0,0.0032966598775020636,0.0025094340619485254,0.3125,0.3125,0.29296875
all_aggressive,124,4,-6.093216209368535e-17,0.11291012594356557,16,0.608993106461319,0.0,0.007138113936966584,7.5,4.71875,0.22,11,7.5,1.1126981420793283,28.687089874056433,1.8581252092600462,0,0.0026532951225794453,0.0,0.003920490484151583,0.002903320639468822,0.3125,0.3125,0.294921875
all_aggressive,125,4,5.583641188300348e-17,0.2808204975724588,16,0.6385022453130726,0.0,0.011337439779020402,7.75,4.71875,0.23500000000000001,11.75,7.75,1.1524121936788692,28.51917950242754,1.9297554656220988,0,0.002765422219115423,0.0,0.009750711721265931,0.0030152429150345295,0.3229166666666667,0.3229166666666667,0.294921875
all_aggressive,126,4,-3.903127820947816e-17,0.46282130047303105,16,0.5883971811290086,0.0,0.015794351380280413,8.75,4.71875,0.255,12.75,8.75,1.2085141108395783,28.337178699526966,1.7284350777370867,0,0.002465000482187508,0.0,0.01607018404420247,0.002700679808964198,0.3645833333333333,0.3645833333333333,0.294921875
all_aggressive,127,4,7.003946034256359e-17,0.07806495303899245,16,0.6702636954933946,0.0,0.004832146443190897,12,4.75,0.315,15.75,12,1.0522243335169397,28.721935046961004,2.1570914510709365,0,0.003190326593532372,0.0,0.002710588647187238,0.0033704553922983384,0.5,0.5,0.296875
all_aggressive,128,4,1.7607443281164592e-16,0.669816246602184,16,0.5546403293206864,0.0,0.022882313619000994,8,4.770833333333333,0.275,13.75,8,1.2286414542458044,28.130183753397816,1.5676160994415733,0,0.0021578731458822558,0.0,0.023257508562575836,0.0024494001553774583,0.3333333333333333,0.3333333333333333,0.2981770833333333
all_aggressive,129,4,-4.92227786308419e-17,0.40208532778544015,16,0.5364027458043578,0.0,0.01303671969891592,8.5,4.802083333333333,0.295,14.75,8.5,1.1703553917072442,28.39791467221456,1.452182860300135,0,0.001987612508456726,0.0,0.013961296103661118,0.002269035719218961,0.3541666666666667,0.3541666666666667,0.3001302083333333
all_aggressive,130,4,2.1380466841414147e-16,0.2026515225057923,16,0.5775225466599813,0.0,0.007613735449548879,11.5,4.802083333333333,0.27,13.5,11.5,1.070776906229347,28.597348477494208,1.6490186344826725,0,0.0023648473284724083,0.0,0.007036511198117789,0.0025765916163791756,0.4791666666666667,0.4791666666666667,0.3001302083333333
all_aggressive,131,4,6.071532165918825e-17,0.4586628273007621,16,0.5128238012885957,0.0,0.01705182605056317,8,4.8125,0.3,15,8,1.1476535554061802,28.341337172699237,1.3092511332431096,0,0.0017091395753978886,0.0,0.015925792614609795,0.0020457048956923586,0.3333333333333333,0.3333333333333333,0.30078125
all_aggressive,132,4,7.784571598445922e-17,0.4723432924904157,16,0.41493229208449556,0.0,0.018171661131505888,8,4.833333333333333,0.275,13.75,8,1.290721658359553,28.327656707509583,0.8156003687523108,0,0.0009951758886418945,0.0,0.016400808767028322,0.0012743755761754857,0.3333333333333333,0.3333333333333333,0.3020833333333333
all_aggressive,133,4,-9.540979117872439e-17,0.17593842121570366,16,0.45396921803626156,0.0,0.004736618087407033,10.5,4.84375,0.265,13.25,10.5,1.0818775234267939,28.624061578784296,1.0327386824182208,0,0.001390309676740098,0.0,0.0061089729588786,0.00161365419127847,0.4375,0.4375,0.302734375
all_aggressive,134,4,-1.3704315460216776e-16,0.1742962788832616,16,0.451739013063476,0.0,0.00990991341128339,8.75,4.885416666666667,0.28500000000000003,14.25,8.75,1.1081670016964182,28.625703721116736,0.9889820249175272,0,0.0012535520623481052,0.0,0.0060519541278910285,0.0015452844139336361,0.3645833333333333,0.3645833333333333,0.3053385416666667
all_aggressive,135,4,4.336808689942018e-17,0.13642443825369355,16,0.45394620298581817,0.0,0.008158762937914942,10,4.895833333333333,0.30000000000000004,15,10,1.0715219474005568,28.663575561746306,1.0349900810075983,0,0.0013656920404441523,0.0,0.004736959661586582,0.0016171720015743722,0.4166666666666667,0.4166666666666667,0.3059895833333333
all_aggressive,136,4,5.952269926945419e-17,0.01409393595040647,16,0.5031954375669316,0.0,0.005136767487818957,10,4.90625,0.29500000000000004,14.75,10,1.0141296183532793,28.78590606404959,1.2813471441835822,0,0.0017578110187153949,0.0,0.0004893727760557803,0.002002104912786847,0.4166666666666667,0.4166666666666667,0.306640625
all_aggressive,137,4,5.421010862427522e-18,0.28499299108123166,16,0.47207657354291716,0.0,0.012386767457147623,7,4.916666666666667,0.275,13.75,7,1.0610882326722813,28.515007008918765,1.1340853448691182,0,0.0014843657409164056,0.0,0.009895589968098322,0.0017720083513579972,0.2916666666666667,0.2916666666666667,0.3072916666666667
all_aggressive,138,4,-6.483528991463317e-17,0.06990200536507966,16,0.5148682702785772,0.0,0.006716125882442925,8.25,4.927083333333334,0.245,12.25,8.25,1.075276395546905,28.730097994634917,1.313147321025549,0,0.001774643036185853,0.0,0.0024271529640652665,0.0020517926891024203,0.34375,0.34375,0.30794270833333337
all_aggressive,139,4,-3.707971429900425e-17,0.30401381112869974,16,0.4911434670505135,0.0,0.011159075352801548,9.25,4.927083333333334,0.26,13,9.25,1.058057276705481,28.4959861888713,1.2463370204359854,0,0.0016853371802087696,0.0,0.010556035108635408,0.0019474015944312272,0.3854166666666667,0.3854166666666667,0.30794270833333337
all_aggressive,140,4,-3.8055496254241206e-17,0.007820102624246605,16,0.5473488156399818,0.0,0.005875984778110823,7.75,4.927083333333334,0.27,13.5,7.75,1.0681604282086645,28.792179897375753,1.4998865971704258,0,0.002084416771180816,0.0,0.0002715313411196738,0.0023435728080787904,0.3229166666666667,0.3229166666666667,0.30794270833333337
all_aggressive,141,4,1.728218262941894e-16,0.12855381039919755,16,0.5806733563374256,0.0,0.008182767586912075,6.25,4.927083333333334,0.22,11,6.25,1.1205622295681585,28.6714461896008,1.6714215741622478,0,0.002319484207664812,0.0,0.00446367397219436,0.0026115962096285123,0.2604166666666667,0.2604166666666667,0.30794270833333337
all_aggressive,142,4,-2.0361316799277773e-16,0.21341713687543104,16,0.618291044309805,0.0,0.009036003824709619,8.75,4.947916666666667,0.25,12.5,8.75,1.0999092801034989,28.58658286312457,1.8379124272365719,0,0.00260903411867577,0.0,0.007410317252619134,0.0028717381675571435,0.3645833333333333,0.3645833333333333,0.3092447916666667
all_aggressive,143,4,8.521829075736065e-17,0.07647735613946931,16,0.6932598725755011,0.0,0.0056377266390545844,9.25,4.947916666666667,0.255,12.75,9.25,1.0446805292777042,28.723522643860527,2.2492859678593438,0,0.003265956079230929,0.0,0.0026554637548426847,0.0035145093247802247,0.3854166666666667,0.3854166666666667,0.3092447916666667
all_aggressive,144,4,5.919743861770854e-17,0.4113842129627363,16,0.663214577033826,0.0,0.015550701989752749,8.25,4.958333333333333,0.275,13.75,8.25,1.1202807138128525,28.38861578703726,2.1349654454055322,0,0.003075044477305217,0.0,0.014284174061206124,0.003335883508446144,0.34375,0.34375,0.3098958333333333
all_aggressive,145,4,8.185726402265558e-17,0.4085151793381762,16,0.583773844719585,0.0,0.02099392525475635,10.25,4.958333333333333,0.29,14.5,10.25,1.4504678719577375,28.391484820661823,1.6690430273873,0,0.0023699826239016717,0.0,0.01418455483813112,0.0026078797302926562,0.4270833333333333,0.4270833333333333,0.3098958333333333
all_aggressive,146,4,9.259086553026208e-17,0.7115376614386721,16,0.5306067040856323,0.0,0.015520984063210836,10,4.958333333333333,0.29,14.5,10.25,1.2094584296163962,28.088462338561328,1.4236005283123907,0,0.0019669303217034924,0.0,0.024706168799953895,0.0022243758254881104,0.4270833333333333,0.4166666666666667,0.3098958333333333
all_aggressive,147,4,4.5536491244391186e-17,0.6291351968649744,16,0.4377770456874914,0.0,0.018520820021965773,6.25,5.010416666666666,0.27,13.5,6.25,1.2178434138277447,28.170864803135025,0.9353365729015933,0,0.0011402612070699342,0.0,0.02184497211336717,0.0014614633951587396,0.2604166666666667,0.2604166666666667,0.31315104166666663
all_aggressive,148,4,-1.3444106938820255e-16,0.10190016255693925,16,0.4676920558064641,0.0,0.006456796299015068,12,5.010416666666666,0.3,15,12,1.1323262699225436,28.69809983744306,1.080188813757304,0,0.0014616502943320682,0.0,0.0035382000887826132,0.0016877950214957873,0.5,0.5,0.31315104166666663
all_aggressive,149,4,-5.681219383824043e-17,0.05111247178249792,16,0.5048239266830492,0.0,0.005420371332395811,10.75,5.010416666666666,0.305,15.25,10.75,1.0418119934274404,28.7488875282175,1.3139941738205627,0,0.001817630491790973,0.0,0.0017747386035589557,0.002053115896594629,0.4479166666666667,0.4479166666666667,0.31315104166666663
all_aggressive,150,4,-2.47198095326695e-17,0.28467451247496894,16,0.4608516926832401,0.0,0.014609774584304267,6.25,5.041666666666667,0.28500000000000003,14.25,6.25,1.1880164355833807,28.51532548752503,1.0443571372885896,0,0.0013190826609749077,0.0,0.009884531683158644,0.0016318080270134212,0.2604166666666667,0.2604166666666667,0.3151041666666667
all_aggressive,151,4,1.7661653389788867e-16,0.07839251604549392,16,0.4961327937709846,0.0,0.0060375355745230334,11,5.052083333333334,0.285,14.25,11,1.1204631626895152,28.721607483954504,1.2386131523334225,0,0.001710809235561331,0.0,0.0027219623626907616,0.0019353330505209726,0.4583333333333333,0.4583333333333333,0.31575520833333337
all_aggressive,152,4,1.0408340855860843e-17,0.04990655288895373,16,0.5508255621463931,0.0,0.005042259390188004,12,5.072916666666667,0.305,15.25,12,1.0126273199197735,28.750093447111045,1.5373257449704154,0,0.002208065570376906,0.0,0.001732866419755338,0.002402071476516274,0.5,0.5,0.3170572916666667
all_aggressive,153,4,-5.204170427930421e-18,0.6217759607491505,16,0.4339593377086037,0.0,0.021368678431228617,7.75,5.083333333333334,0.32,16,7.75,1.1179166023008253,28.17822403925085,0.9028511611175881,0,0.0011316657744957956,0.0,0.021589443081567728,0.0014107049392462314,0.3229166666666667,0.3229166666666667,0.31770833333333337
all_aggressive,154,4,1.3444106938820255e-17,0.03666040796511247,16,0.4657454264459422,0.0,0.0055178311229823335,8.5,5.104166666666667,0.265,13.25,8.5,1.0866299193618474,28.76333959203489,1.0927050314144138,0,0.0014676411774878272,0.0,0.0012729308321219608,0.0017073516115850215,0.3541666666666667,0.3541666666666667,0.3190104166666667
all_aggressive,155,4,-1.1622647289044608e-16,0.07964193277491063,16,0.5160514684566022,0.0,0.005666438795802186,9,5.104166666666667,0.26,13,9,1.0246434875812438,28.72035806722509,1.3254345600809065,0,0.0018496734844372718,0.0,0.002765344888017731,0.0020709915001264163,0.375,0.375,0.3190104166666667
all_aggressive,156,4,4.5644911461639737e-17,0.049805024843290885,16,0.5562076133366567,0.0,0.006072438115938651,6.5,5.104166666666667,0.23,11.5,6.5,1.0423879304189467,28.750194975156706,1.5780202676206307,0,0.0022127470218802074,0.0,0.0017293411403920447,0.0024656566681572354,0.2708333333333333,0.2708333333333333,0.3190104166666667
all_aggressive,157,4,1.9038590148845458e-16,0.1577997098522783,16,0.5975186307623299,0.0,0.008451040977760598,6.75,5.125,0.22,11,6.75,1.0786892284769376,28.64220029014772,1.7529868494949308,0,0.002481311711181537,0.0,0.005479156592092998,0.0027390419523358293,0.28125,0.28125,0.3203125
all_aggressive,158,4,6.526897078362737e-17,0.37771532415669606,16,0.5861887213344444,0.0,0.011712273495028642,8,5.135416666666667,0.22,11,8,1.0548753055766449,28.4222846758433,1.7535618960779433,0,0.0025046360448109724,0.0,0.013115115422107504,0.0027399404626217865,0.3333333333333333,0.3333333333333333,0.3209635416666667
all_aggressive,159,4,-1.5894403848637495e-16,0.3588572016584252,16,0.56814896724608,0.0,0.014172433159768925,8,5.135416666666667,0.235,11.75,8,1.155467328746897,28.441142798341573,1.613089205335577,0,0.0022602142287110384,0.0,0.012460319502028654,0.002520451883336839,0.3333333333333333,0.3333333333333333,0.3209635416666667
all_aggressive,160,4,-2.6129272356900657e-17,0.2819064947883166,16,0.5734843741778376,0.0,0.01133442506459525,9.5,5.166666666666666,0.28500000000000003,14.25,9.5,1.1439476621237477,28.51809350521168,1.6198523262836522,0,0.002288288633655747,0.0,0.00978841995792766,0.0025310192598182067,0.3958333333333333,0.3958333333333333,0.32291666666666663
all_aggressive,161,4,-9.86623976961809e-18,0.21876057667294319,16,0.5913525397260696,0.0,0.009289652036592457,10.25,5.177083333333333,0.3,15,10.25,1.0803800352438349,28.581239423327055,1.7467222641800988,0,0.0024942829994029983,0.0,0.007595853356699417,0.0027292535377814045,0.4270833333333333,0.4270833333333333,0.3235677083333333
all_aggressive,162,4,8.153200337090993e-17,0.3337349314058741,16,0.5776250471424714,0.0,0.013577896528118775,10.5,5.197916666666667,0.315,15.75,10.5,1.0969620337157806,28.466265068594126,1.6454524849166317,0,0.002320046267648877,0.0,0.011588018451592852,0.002571019507682237,0.4375,0.4375,0.3248697916666667
all_aggressive,163,4,-9.71445146547012e-17,0.08946209025187143,16,0.6124534054176142,0.0,0.008386943087407367,8.5,5.208333333333334,0.305,15.25,8.5,1.11346015474687,28.710537909748126,1.8385587359638773,0,0.0026086143194715768,0.0,0.0031063225781899806,0.002872748024943558,0.3541666666666667,0.3541666666666667,0.32552083333333337
all_aggressive,164,4,-2.529443668408682e-16,0.6849180057595009,16,0.4821930494862828,0.0,0.023040511862249795,10.5,5.229166666666667,0.29500000000000004,14.75,10.5,1.262527230237609,28.115081994240498,1.1687261923376704,0,0.001592261190602361,0.0,0.023781875199982674,0.00182613467552761,0.4375,0.4375,0.3268229166666667
all_aggressive,165,4,-9.64939933512099e-17,0.33029453612418,16,0.47595391726817243,0.0,0.009590830446949375,9.5,5.229166666666667,0.3,15,9.5,1.1021833860139483,28.46970546387582,1.165138587258374,0,0.0015549827861389707,0.0,0.011468560282089585,0.0018205290425912092,0.3958333333333333,0.3958333333333333,0.3268229166666667
all_aggressive,166,4,2.7842311789427754e-16,0.16438582860925607,16,0.49484393057801157,0.0,0.00926593511194053,9.5,5.239583333333334,0.29000000000000004,14.5,9.5,1.1018283778897782,28.635614171390742,1.1966857622393592,0,0.001597751851558895,0.0,0.005707841271154725,0.0018698215034989988,0.3958333333333333,0.3958333333333333,0.32747395833333337
all_aggressive,167,4,-2.207435623180487e-16,0.3622377127741564,16,0.44932854400540945,0.0,0.01342092001267964,9.5,5.25,0.29000000000000004,14.5,9.5,1.107215745736924,28.437762287225844,0.9749683056107866,0,0.00129747843860525,0.0,0.012577698360213765,0.001523387977516854,0.3958333333333333,0.3958333333333333,0.328125
all_aggressive,168,4,5.2366964931049864e-17,0.15202681452091452,16,0.4504816640753157,0.0,0.008409720285575472,9.75,5.260416666666667,0.29000000000000004,14.5,9.75,1.0772652252092076,28.647973185479085,1.0049639554073289,0,0.0013178550689566771,0.0,0.005278708837531755,0.0015702561803239514,0.40625,0.40625,0.3287760416666667
all_aggressive,169,4,-9.432558900623889e-17,0.14039922323154574,16,0.46474653624675755,0.0,0.008321371203947468,9.25,5.260416666666667,0.29000000000000004,14.5,9.25,1.0546131909710876,28.659600776768453,1.053641931456713,0,0.0013996715287623103,0.0,0.004874973028873117,0.001646315517901114,0.3854166666666667,0.3854166666666667,0.3287760416666667
all_aggressive,170,4,1.940721888749053e-17,0.03603460491726832,16,0.5025421269579826,0.0,0.006177793124537324,7.75,5.28125,0.25,12.5,7.75,1.0712904491561481,28.763965395082728,1.2472944021878294,0,0.0017199668839528715,0.0,0.0012512015596273724,0.0019488975034184833,0.3229166666666667,0.3229166666666667,0.330078125
all_aggressive,171,4,-1.0126448291014611e-16,0.22096567091404742,16,0.49025170061463863,0.0,0.010668494919826497,8,5.28125,0.255,12.75,8,1.1180810293135992,28.57903432908595,1.204121356811143,0,0.001660003742426309,0.0,0.0076724191289599805,0.001881439620017411,0.3333333333333333,0.3333333333333333,0.330078125
all_aggressive,172,4,6.7220534694101275e-18,0.06532498954122587,16,0.5446057867206727,0.0,0.005520296609984474,7.75,5.291666666666666,0.23,11.5,7.75,1.0932505736616123,28.734675010458773,1.4727123130325923,0,0.0020832042626368298,0.0,0.0022682288035147874,0.0023011129891134254,0.3229166666666667,0.3229166666666667,0.33072916666666663
all_aggressive,173,4,-1.489693784995083e-16,0.1546727335045266,16,0.5676448595719257,0.0,0.008215697641151192,9,5.3125,0.265,13.25,9,1.0761470245734943,28.64532726649547,1.6295722905469583,0,0.002329321188126328,0.0,0.00537058102446273,0.0025462067039796225,0.375,0.375,0.33203125
all_aggressive,174,4,-1.7564075194265172e-17,0.32633657264473265,16,0.557083799216739,0.0,0.012505866287387719,8.25,5.3125,0.24,12,8.25,1.1225979000107598,28.473663427355266,1.5613627753943116,0,0.002203941094066227,0.0,0.011331130994608774,0.002439629336553612,0.34375,0.34375,0.33203125
all_aggressive,175,4,-1.721713049906981e-16,0.2443826387685952,16,0.5819028984792164,0.0,0.009735485154924528,9,5.322916666666666,0.28500000000000003,14.25,9,1.0702540338334663,28.555617361231405,1.6564914161273014,0,0.0023843207711754795,0.0,0.008485508290576224,0.0025882678376989085,0.375,0.375,0.33268229166666663
all_aggressive,176,4,-1.826880660638075e-17,0.3741339102677813,16,0.5705362882824246,0.0,0.01220415700504224,8.5,5.322916666666666,0.23,11.5,8.5,1.0641238168127547,28.425866089732217,1.6168198541576142,0,0.002308668497808743,0.0,0.012990760773186852,0.0025262810221212723,0.3541666666666667,0.3541666666666667,0.33268229166666663
all_aggressive,177,4,-4.401860820291148e-17,0.4050027786510816,16,0.496994013810899,0.0,0.01676443957177821,5.75,5.333333333333333,0.245,12.25,5.75,1.2355785771788055,28.394997221348916,1.2755918893796026,0,0.0017096221286222052,0.0,0.014062596480940335,0.001993112327155629,0.23958333333333334,0.23958333333333334,0.3333333333333333
all_aggressive,178,4,-9.595189226496714e-17,0.10208329123387129,16,0.554993117061291,0.0,0.005764598980774368,10.75,5.354166666666667,0.255,12.75,10.75,1.1609606360028781,28.697916708766126,1.5423550574021752,0,0.002213716021728811,0.0,0.003544558723398309,0.0024099297771908988,0.4479166666666667,0.4479166666666667,0.3346354166666667
all_aggressive,179,4,1.2197274440461925e-16,0.05544477255196367,16,0.6246897902796535,0.0,0.005375246806484918,11,5.364583333333334,0.31,15.5,11,1.0589029569686754,28.744555227448036,1.8982825073575829,0,0.0027720863119823588,0.0,0.00192516571360985,0.0029660664177462233,0.4583333333333333,0.4583333333333333,0.33528645833333337
all_aggressive,180,4,-3.426078865054194e-17,0.6437546486926057,16,0.48721163099404563,0.0,0.02393564965527866,8,5.385416666666667,0.28500000000000003,14.25,8,1.302995141384724,28.156245351307394,1.1887116555876953,0,0.0015720606936882383,0.0,0.022352591968493256,0.001857361961855774,0.3333333333333333,0.3333333333333333,0.3365885416666667
all_aggressive,181,4,1.5124620306172787e-16,0.29541387451597023,16,0.4998582247805044,0.0,0.008704299698178873,10,5.416666666666666,0.295,14.75,10,1.1390919520795186,28.50458612548403,1.253354895459256,0,0.0017026627244768433,0.0,0.01025742619847119,0.0019583670241550876,0.4166666666666667,0.4166666666666667,0.33854166666666663
all_aggressive,182,4,-2.1499729080387553e-16,0.1642999993186649,16,0.5198278417759342,0.0,0.008354662994047371,11.5,5.416666666666666,0.3,15,11.5,1.084170439469175,28.635700000681332,1.3554495875328216,0,0.0018577465080483132,0.0,0.005704861087453643,0.0021178899805200336,0.4791666666666667,0.4791666666666667,0.33854166666666663
all_aggressive,183,4,-1.0972125985553305e-16,0.4103488519861588,16,0.44352544164769336,0.0,0.01681224967541868,9,5.4375,0.32,16,9,1.1776218215785315,28.38965114801384,0.9583625454095809,0,0.0011866921539663438,0.0,0.01424822402729718,0.0014974414772024702,0.375,0.375,0.33984375
all_aggressive,184,4,9.638557313396134e-17,0.06073907020407214,16,0.46404104989150263,0.0,0.006715851483392154,10.5,5.447916666666667,0.31,15.5,10.5,1.1359594740606749,28.739260929795925,1.086611021131476,0,0.0014327753406049725,0.0,0.0021089954931969497,0.001697829720517931,0.4375,0.4375,0.3404947916666667
all_aggressive,185,4,-2.0317948712378353e-16,0.1920077173494012,16,0.47516640921084313,0.0,0.008468082839666427,10.75,5.458333333333333,0.305,15.25,10.75,1.0538878158549285,28.6079922826506,1.1383732883589976,0,0.0015362936798961955,0.0,0.006666934630187542,0.0017787082630609339,0.4479166666666667,0.4479166666666667,0.3411458333333333
all_aggressive,186,4,5.0523821237824507e-17,0.388232894223944,16,0.42137160064004786,0.0,0.014457813137107792,8.5,5.46875,0.3,15,8.5,1.0740877653492664,28.411767105776054,0.8368542321436558,0,0.0010281426358211693,0.0,0.01348030882722028,0.0013075847377244623,0.3541666666666667,0.3541666666666667,0.341796875
all_aggressive,187,4,-1.4051260155412137e-16,0.03863871358671968,16,0.46476520423809964,0.0,0.004737697784139757,8.5,5.489583333333333,0.26,13,8.5,1.0075962431853946,28.76136128641328,1.0647345471747676,0,0.0014353186709154552,0.0,0.0013416219995388778,0.0016636477299605743,0.3541666666666667,0.3541666666666667,0.3430989583333333
all_aggressive,188,4,-8.380882793312949e-17,0.086729958832067,16,0.48264655018552255,0.0,0.007638670584639544,7.25,5.520833333333333,0.235,11.75,7.25,1.0601611430006654,28.71327004116793,1.165447568128313,0,0.001564223180455999,0.0,0.0030114569038912154,0.001821011825200489,0.3020833333333333,0.3020833333333333,0.3450520833333333
all_aggressive,189,4,-1.2706849461530112e-16,0.15465975990184463,16,0.495783165826408,0.0,0.008148263963476973,7.5,5.541666666666666,0.23500000000000001,11.75,7.5,1.0697663173091922,28.645340240098154,1.2538175357808723,0,0.0017020687226648296,0.0,0.005370130552147383,0.001959089899657613,0.3125,0.3125,0.34635416666666663
all_aggressive,190,4,-1.448494102440634e-16,0.16935275613590495,16,0.51519075089941,0.0,0.008973339518544426,8,5.552083333333333,0.24,12,8,1.1001071975819643,28.630647243864093,1.320341310753061,0,0.0018087075294542702,0.0,0.0058803040324967,0.0020630332980516577,0.3333333333333333,0.3333333333333333,0.3470052083333333
all_aggressive,191,4,8.218252467440124e-17,0.30012958525641403,16,0.5011508554247069,0.0,0.010741205822983898,8.25,5.572916666666667,0.255,12.75,8.25,1.0712966976517613,28.499870414743583,1.284431875028573,0,0.0017898406100250522,0.0,0.0104211661547366,0.0020069248047321453,0.34375,0.34375,0.3483072916666667
all_aggressive,192,4,-9.324138683375338e-17,0.18872473098507392,16,0.5162958709377886,0.0,0.009142752080314457,8.25,5.583333333333334,0.245,12.25,8.25,1.0855668186020957,28.611275269014925,1.3435901419506389,0,0.001850977706152673,0.0,0.006552942048092845,0.002099359596797873,0.34375,0.34375,0.34895833333333337
all_aggressive,193,4,-3.729655473350135e-17,0.2739447502433127,16,0.5072351880630498,0.0,0.01116033192644281,7.75,5.59375,0.255,12.75,7.75,1.1034783327544808,28.526055249756688,1.2928087336915481,0,0.0017845692987805092,0.0,0.00951197049455947,0.002020013646393044,0.3229166666666667,0.3229166666666667,0.349609375
all_aggressive,194,4,-9.833713704443525e-17,0.22602945241305708,16,0.5272131281361605,0.0,0.008964383755623443,8.5,5.604166666666667,0.24,12,8.5,1.0767036843669722,28.573970547586942,1.3718026740465366,0,0.001909586857769914,0.0,0.007848244875453372,0.0021434416781977135,0.3541666666666667,0.3541666666666667,0.3502604166666667
all_aggressive,195,4,-7.914675859144182e-17,0.21599321542135227,16,0.5257756500304442,0.0,0.010279278568888692,7.5,5.635416666666667,0.245,12.25,7.5,1.119395118821166,28.584006784578648,1.383614395632546,0,0.0019050290391644264,0.0,0.0074997644243525105,0.002161897493175853,0.3125,0.3125,0.3522135416666667
all_aggressive,196,4,-1.0776969594505914e-16,0.3752232357861728,16,0.4856382621521038,0.0,0.013848329296618677,7.75,5.645833333333334,0.245,12.25,7.75,1.1777400185693083,28.424776764213824,1.1768361929537159,0,0.0015716650370473833,0.0,0.013028584575908778,0.0018388065514901811,0.3229166666666667,0.3229166666666667,0.35286458333333337
all_aggressive,197,4,8.044780119842443e-17,0.08321091095228235,16,0.5312660540348324,0.0,0.0058468794264681075,10,5.65625,0.28,14,10,1.1010261995139632,28.716789089047715,1.415758275665143,0,0.001989166761159883,0.0,0.002889267741398693,0.002212122305726786,0.4166666666666667,0.4166666666666667,0.353515625
all_aggressive,198,4,-1.1123914289701275e-16,0.2237897950994067,16,0.5336525504518027,0.0,0.010675637870531135,10,5.65625,0.29500000000000004,14.75,10,1.105342660070582,28.57621020490059,1.415628932590389,0,0.0019498570350018024,0.0,0.007770478996507178,0.0022119202071724828,0.4166666666666667,0.4166666666666667,0.353515625
all_aggressive,199,4,8.847089727481716e-17,0.24105200342022887,16,0.5140467117983897,0.0,0.011802148862798975,10,5.65625,0.32,16,10,1.1225959509275028,28.558947996579768,1.33956820124883,0,0.001825736651204771,0.0,0.008369861229869059,0.002093075314451297,0.4166666666666667,0.4166666666666667,0.353515625
all_aggressive,200,4,4.445228907190568e-18,0.2588876655367159,16,0.5211132172044283,0.0,0.010164531428891987,10.75,5.666666666666667,0.315,15.75,10.75,1.0467703254064942,28.541112334463282,1.3524548470086588,0,0.0018796081269413486,0.0,0.008989155053358192,0.0021132106984510296,0.4479166666666667,0.4479166666666667,0.3541666666666667
all_aggressive,201,4,2.7972416050126014e-17,0.36265277462370277,16,0.47626036420655654,0.0,0.013810154659240126,8.75,5.677083333333334,0.28500000000000003,14.25,8.75,1.0758151290855578,28.437347225376296,1.138207478253209,0,0.0015067961245734775,0.0,0.01259211022998968,0.001778449184770639,0.3645833333333333,0.3645833333333333,0.35481770833333337
all_aggressive,202,4,-1.5200514458246772e-16,0.2240030504899788,16,0.47170982163492625,0.0,0.010610439620298659,7.5,5.677083333333334,0.26,13,7.5,1.1117236199902132,28.57599694951002,1.0793953188732024,0,0.0014187723962053467,0.0,0.007777883697568709,0.0016865551857393787,0.3125,0.3125,0.35481770833333337
all_aggressive,203,4,-2.19225679276569e-16,0.10366142887483876,16,0.48838704777830666,0.0,0.007511876922206467,7,5.677083333333334,0.22,11,7,1.1561441603034912,28.69633857112516,1.1921885205411855,0,0.0015791001809699473,0.0,0.003599355169265235,0.0018627945633456025,0.2916666666666667,0.2916666666666667,0.35481770833333337
all_aggressive,204,4,1.8648277366750676e-17,0.1591158117118976,16,0.4995583803984244,0.0,0.00818794085861099,8.5,5.697916666666667,0.25,12.5,8.5,1.1482374506635322,28.6408841882881,1.2823498580090604,0,0.0017450984178062111,0.0,0.005524854573329778,0.0020036716531391567,0.3541666666666667,0.3541666666666667,0.3561197916666667
all_aggressive,205,4,9.681925400295555e-17,0.21817067394900064,16,0.519005898184381,0.0,0.009318097466167838,10.25,5.697916666666667,0.275,13.75,10.25,1.1116535525567557,28.581829326050997,1.3354508828850495,0,0.0018466012532549645,0.0,0.007575370623229189,0.00208664200450789,0.4270833333333333,0.4270833333333333,0.3561197916666667
all_aggressive,206,4,-1.235990476633475e-17,0.3565097031841289,16,0.47478413291471155,0.0,0.013782693094420104,9.5,5.708333333333334,0.31,15.5,9.5,1.1204958109992118,28.44349029681587,1.121100361078756,0,0.001490682584977638,0.0,0.01237880913833781,0.0017517193141855561,0.3958333333333333,0.3958333333333333,0.35677083333333337
all_aggressive,207,4,-2.043721095135176e-17,0.09495871481677354,16,0.5062098356670325,0.0,0.006930771667986585,9.25,5.71875,0.285,14.25,9.25,1.0801449079137808,28.705041285183224,1.2807716133464593,0,0.0017617147141530732,0.0,0.003297177597804637,0.0020012056458538425,0.3854166666666667,0.3854166666666667,0.357421875
all_aggressive,208,4,-2.6020852139652106e-18,0.11101777058474302,16,0.5238753686117121,0.0,0.008127606718172153,9.75,5.729166666666667,0.295,14.75,9.75,1.0723798665194733,28.688982229415256,1.3982666460495636,0,0.0019398731966511463,0.0,0.003854783700859133,0.002184791634452443,0.40625,0.40625,0.3580729166666667
all_aggressive,209,4,2.6237692574149207e-16,0.5370632222039255,16,0.4493300016492179,0.0,0.017339980797328965,8.5,5.739583333333334,0.265,13.25,8.5,1.119975703384667,28.262936777796074,0.9805976078323335,0,0.001260917641317864,0.0,0.018648028548747416,0.001532183762238021,0.3541666666666667,0.3541666666666667,0.35872395833333337
all_aggressive,210,4,-1.0321604682062002e-16,0.061251986761968163,16,0.45809469035137407,0.0,0.007614877027713075,7,5.75,0.25,12.5,7,1.1818526909806393,28.73874801323803,1.0579484467980538,0,0.0013625953084379907,0.0,0.0021268050959016727,0.001653044448121959,0.2916666666666667,0.2916666666666667,0.359375
all_aggressive,211,4,-5.4643789493269423e-17,0.1226951839117749,16,0.4927259679246522,0.0,0.007017966131647236,9,5.770833333333333,0.255,12.75,9,1.148037847519579,28.677304816088224,1.1997761081403442,0,0.0016403531385393514,0.0,0.004260249441381074,0.0018746501689692878,0.375,0.375,0.3606770833333333
all_aggressive,212,4,2.894819800536297e-17,0.11755133847045725,16,0.5138637190959091,0.0,0.006909954616433401,11.25,5.78125,0.29500000000000004,14.75,11.25,1.0740742852543583,28.68244866152954,1.3681420964145832,0,0.0019209191522091345,0.0,0.004081643696890877,0.0021377220256477863,0.46875,0.46875,0.361328125
all_aggressive,213,4,-1.6479873021779667e-17,0.3904827359729843,16,0.4761543583746262,0.0,0.014483710344529579,9.25,5.791666666666666,0.3,15,9.25,1.0932933561633233,28.409517264027016,1.1201109375627303,0,0.0014950909547553188,0.0,0.01355842833239529,0.001750173339941766,0.3854166666666667,0.3854166666666667,0.36197916666666663
all_aggressive,214,4,1.7509865085640897e-16,0.09584649945655431,16,0.4993248185397835,0.0,0.0074509829175959125,7.75,5.8125,0.265,13.25,7.75,1.097545019668969,28.704153500543445,1.2468866102227183,0,0.001688163118924952,0.0,0.0033280034533525807,0.0019482603284729973,0.3229166666666667,0.3229166666666667,0.36328125
all_aggressive,215,4,-1.7477339020466331e-16,0.17989202345217173,16,0.5139082137311485,0.0,0.009047186503000458,9,5.8125,0.255,12.75,9,1.1059651348638195,28.620107976547825,1.3084354988038438,0,0.0018050883094975023,0.0,0.006246250814311519,0.002044430466881006,0.375,0.375,0.36328125
all_aggressive,216,4,-6.505213034913027e-19,0.10728259949381577,16,0.5661624644429527,0.0,0.0062513968225157,9.25,5.822916666666666,0.28,14,9.25,1.0250009796732729,28.692717400506183,1.5620281221210115,0,0.002216053597888285,0.0,0.0037250902602019367,0.0024406689408140803,0.3854166666666667,0.3854166666666667,0.36393229166666663
all_aggressive,217,4,-1.4137996329210978e-16,0.32397027132920986,16,0.5400817912599928,0.0,0.012124612840279932,9,5.833333333333333,0.27,13.5,9,1.0251367375177798,28.476029728670788,1.4958792713670077,0,0.002093325593715489,0.0,0.011248967754486455,0.0023373113615109496,0.375,0.375,0.3645833333333333
all_aggressive,218,4,-7.914675859144182e-17,0.39734066193347606,16,0.5023466978885235,0.0,0.014200591052248062,7,5.84375,0.245,12.25,7,1.0786250371444588,28.40265933806652,1.2881964166431281,0,0.001759664575546245,0.0,0.013796550761579032,0.0020128069010048877,0.2916666666666667,0.2916666666666667,0.365234375
all_aggressive,219,4,8.7061434450586e-17,0.07459949066514925,16,0.5359396172844674,0.0,0.007191453446257035,7.5,5.854166666666667,0.225,11.25,7.5,1.1314067653459041,28.725400509334847,1.4645633616147438,0,0.0020129568732003876,0.0,0.0025902600925399046,0.0022883802525230372,0.3125,0.3125,0.3658854166666667
all_aggressive,220,4,5.355958732078392e-17,0.24980368980121437,16,0.5399071164854586,0.0,0.010900441452516388,8.75,5.854166666666667,0.255,12.75,8.75,1.1607247067179929,28.550196310198785,1.459448405474383,0,0.002006805288498925,0.0,0.008673739229208832,0.0022803881335537236,0.3645833333333333,0.3645833333333333,0.3658854166666667
all_aggressive,221,4,-2.5587171270657905e-17,0.37856170038322756,16,0.5150140428274447,0.0,0.01304983759049533,10.5,5.875,0.28,14,10.5,1.1416050482690365,28.42143829961677,1.321970568777061,0,0.0018247575576440934,0.0,0.013144503485528735,0.002065579013714158,0.4375,0.4375,0.3671875
all_aggressive,222,4,-5.421010862427522e-18,0.2730649984995285,16,0.4881913175379331,0.0,0.012367746953434506,7.75,5.885416666666666,0.28,14,7.75,1.1945596504877987,28.52693500150047,1.191774538643269,0,0.0015806133281924524,0.0,0.009481423559011406,0.0018621477166301079,0.3229166666666667,0.3229166666666667,0.36783854166666663
all_aggressive,223,4,1.8474805019152996e-16,0.1630002230113663,16,0.4981018174135783,0.0,0.008572634721353712,9.5,5.885416666666666,0.28,14,9.5,1.1716185288227643,28.63699977698863,1.2612446199891618,0,0.0017208332277940867,0.0,0.005659729965672442,0.0019706947187330655,0.3958333333333333,0.3958333333333333,0.36783854166666663
all_aggressive,224,4,-1.6620819304202783e-16,0.24218471563795632,16,0.4982087805027868,0.0,0.010159412369790441,11.75,5.90625,0.31,15.5,11.75,1.1172450193045393,28.557815284362043,1.2514827820024264,0,0.0017242938706505675,0.0,0.008409191515206818,0.001955441846878791,0.4895833333333333,0.4895833333333333,0.369140625
all_aggressive,225,4,-5.637851296924623e-18,0.3202148637183074,16,0.4760888018283897,0.0,0.012377090380988215,11.75,5.916666666666666,0.355,17.75,11.75,1.0485075842546545,28.47978513628169,1.1087170647814055,0,0.0015020729896466616,0.0,0.011118571656885673,0.0017323704137209462,0.4895833333333333,0.4895833333333333,0.36979166666666663
all_aggressive,226,4,-4.466912950640278e-17,0.056537947623144194,16,0.48550634995111847,0.0,0.007758394977947846,9,5.927083333333333,0.31,15.5,9,1.0621309905509548,28.743462052376856,1.2063036658351316,0,0.0016348639813466863,0.0,0.0019631231813591736,0.001884849477867393,0.375,0.375,0.3704427083333333
all_aggressive,227,4,-1.9873425821659296e-16,0.3169555999319094,16,0.47232214822118085,0.0,0.011887702938055656,7.75,5.9375,0.27,13.5,7.75,1.0576728345837725,28.48304440006809,1.0842406671535296,0,0.0014237770334086233,0.0,0.011005402775413523,0.00169412604242739,0.3229166666666667,0.3229166666666667,0.37109375
all_aggressive,228,4,-1.459336124165489e-16,0.0798831589261072,16,0.49893506171123403,0.0,0.006760075034399224,7.25,5.9375,0.22,11,7.25,1.0890333523432272,28.720116841073892,1.2451719771448024,0,0.0016871228184845806,0.0,0.0027737207960453892,0.0019455812142887539,0.3020833333333333,0.3020833333333333,0.37109375
all_aggressive,229,4,1.7141236346995825e-16,0.07901066349042199,16,0.5210354518616803,0.0,0.007296174042318282,6,5.958333333333334,0.215,10.75,6,1.152535216926401,28.720989336509575,1.401398726890569,0,0.0019182471100784527,0.0,0.002743425815639653,0.002189685510766514,0.25,0.25,0.37239583333333337
all_aggressive,230,4,-1.3444106938820255e-17,0.24485148202772578,16,0.539650054541424,0.0,0.009310784668948677,8.5,5.958333333333334,0.23,11.5,8.5,1.1339121836771604,28.55514851797227,1.475509547984559,0,0.0020627765631426277,0.0,0.008501787570407145,0.0023054836687258734,0.3541666666666667,0.3541666666666667,0.37239583333333337
all_aggressive,231,4,-9.562663161322149e-17,0.22650267768009302,16,0.5576006358896703,0.0,0.010105767067380098,9.25,5.96875,0.26,13,9.25,1.142592092298692,28.573497322319906,1.5278218305052245,0,0.0021329329141558,0.0,0.007864676308336564,0.002387221610164413,0.3854166666666667,0.3854166666666667,0.373046875
all_aggressive,232,4,-4.098284211995207e-17,0.30557960587219957,16,0.5245037147439993,0.0,0.01302758966840531,11,5.96875,0.315,15.75,11,1.1603643801783528,28.4944203941278,1.4009460618289582,0,0.0019521166069382736,0.0,0.010610402981673596,0.002188978221607747,0.4583333333333333,0.4583333333333333,0.373046875
all_aggressive,233,4,5.410168840702667e-17,0.08046316865602732,16,0.5773421414550567,0.0,0.006412743417978801,12.75,5.96875,0.35,17.5,12.75,1.0441256390032865,28.719536831343973,1.6576510323850748,0,0.002363305648205011,0.0,0.0027938600227787264,0.0025900797381016795,0.53125,0.53125,0.373046875
all_aggressive,234,4,1.4203048459560108e-16,0.674045699583623,16,0.4424074075883667,0.0,0.02277174083971292,9.75,6.0,0.32,16,9.75,1.1658952405655967,28.125954300416375,0.9614713979877956,0,0.0012231482807073867,0.0,0.0234043645688758,0.0015022990593559307,0.40625,0.40625,0.375
all_aggressive,235,4,-7.654467337747661e-17,0.16485380169021022,16,0.4285751505813131,0.0,0.010329883677174453,9.5,6.0,0.335,16.75,9.5,1.1722057390569347,28.63514619830979,0.8735523647103861,0,0.001080785457604905,0.0,0.005724090336465633,0.0013649255698599783,0.3958333333333333,0.3958333333333333,0.375
all_aggressive,236,4,5.670377362099188e-17,0.03467808457234847,16,0.4761704386702028,0.0,0.004326101346059549,11,6.010416666666666,0.29000000000000004,14.5,11,1.059506620441504,28.76532191542765,1.1334177360776114,0,0.0015380275003410262,0.0,0.0012041001587620999,0.0017709652126212678,0.4583333333333333,0.4583333333333333,0.37565104166666663
all_aggressive,237,4,-1.981921571303502e-16,0.19397969447213692,16,0.4650409317276432,0.0,0.010448405985949028,8,6.072916666666667,0.29,14.5,8,1.0874988192808694,28.606020305527863,1.0760383685078032,0,0.001392734052740319,0.0,0.00673540605806031,0.0016813099507934424,0.3333333333333333,0.3333333333333333,0.3795572916666667
all_aggressive,238,4,1.0972125985553305e-16,0.15988664445153575,16,0.47623259072690505,0.0,0.008912891652096811,8.5,6.09375,0.28,14,8.5,1.0843438657820774,28.640113355548465,1.1066263766298678,0,0.0014621096927859509,0.0,0.005551619599011659,0.0017291037134841685,0.3541666666666667,0.3541666666666667,0.380859375
all_aggressive,239,4,-1.218643241873707e-16,0.07809106587458811,16,0.5107732421551742,0.0,0.005707164661735296,10.5,6.09375,0.275,13.75,10.5,1.0109038683325187,28.72190893412541,1.3320413856982771,0,0.001852033474329491,0.0,0.002711495342867643,0.002081314665153558,0.4375,0.4375,0.380859375
all_aggressive,240,4,1.95590071916385e-16,0.10318457357190129,16,0.5287055437918762,0.0,0.009192073342406593,7.5,6.09375,0.28,14,7.5,1.0781308885385403,28.696815426428095,1.401143262369824,0,0.0019078378064826254,0.0,0.0035827976934687954,0.00218928634745285,0.3125,0.3125,0.380859375
all_aggressive,241,4,-8.673617379884035e-19,0.3432264482167552,16,0.5128882319468209,0.0,0.012494896329712617,7.25,6.125,0.23500000000000001,11.75,7.25,1.1121543604777033,28.456773551783243,1.289286677831014,0,0.0017487948627546038,0.0,0.011917585007526222,0.002014510434110959,0.3020833333333333,0.3020833333333333,0.3828125
all_aggressive,242,4,2.1228678537266177e-16,0.1595180835774637,16,0.5187285785500455,0.0,0.009052710560701654,9,6.125,0.25,12.5,9,1.1462190943746209,28.640481916422537,1.3553797283459768,0,0.0018455406321762969,0.0,0.0055388223464397125,0.0021177808255405887,0.375,0.375,0.3828125
all_aggressive,243,4,-1.249000902703301e-16,0.2126518998181553,16,0.5229934745469226,0.0,0.009623374842094093,9,6.135416666666666,0.265,13.25,9,1.140112561819076,28.587348100181842,1.3972044607881946,0,0.0019187336937638274,0.0,0.007383746521463726,0.002183131969981554,0.375,0.375,0.38346354166666663
all_aggressive,244,4,-7.24247051220317e-17,0.30314488914732945,16,0.5077095697237328,0.0,0.01260575128639536,10.25,6.15625,0.305,15.25,10.25,1.1496494857051192,28.49685511085267,1.2746264661921594,0,0.0017788597425817496,0.0,0.010525864206504495,0.001991603853425249,0.4270833333333333,0.4270833333333333,0.384765625
all_aggressive,245,4,1.4886095828225976e-16,0.0480593394982059,16,0.5550461450512372,0.0,0.005977294683077252,11.5,6.177083333333334,0.315,15.75,11.5,1.0794775856776986,28.75194066050179,1.530807877089534,0,0.0021643466287686853,0.0,0.0016687270659099273,0.0023918873079523967,0.4791666666666667,0.4791666666666667,0.38606770833333337
all_aggressive,246,4,-2.2963402013242984e-16,0.41520795708315983,16,0.4956954778399446,0.0,0.015779036861103053,8.75,6.1875,0.31,15.5,8.75,1.1274424347885883,28.38479204291684,1.2375515118743259,0,0.0016628753374599893,0.0,0.014416942954276384,0.0019336742373036342,0.3645833333333333,0.3645833333333333,0.38671875
all_aggressive,247,4,-6.331740687315346e-17,0.29261857363031646,16,0.48081330081205814,0.0,0.011611396516860294,8,6.197916666666667,0.26,13,8,1.1437822904844261,28.507381426369683,1.1377949868433694,0,0.0015271272073269302,0.0,0.010160367139941544,0.0017778046669427647,0.3333333333333333,0.3333333333333333,0.3873697916666667
all_aggressive,248,4,-1.8496489062602706e-16,0.16057320642993095,16,0.5005777403211826,0.0,0.00807215995428673,10,6.208333333333334,0.275,13.75,10,1.103744921814545,28.639426793570067,1.2347647294502155,0,0.001709002169877579,0.0,0.005575458556594825,0.0019293198897659617,0.4166666666666667,0.4166666666666667,0.38802083333333337
all_aggressive,249,4,-1.848564704087785e-16,0.16405372282522265,16,0.5034566227988937,0.0,0.00943410214483373,9,6.21875,0.28,14,9,1.121962204086175,28.635946277174774,1.2665162450074228,0,0.001742443026582387,0.0,0.005696309820320232,0.001978931632824098,0.375,0.375,0.388671875
all_aggressive,250,4,6.722053469410127e-17,0.29951056060946274,16,0.46827607806581006,0.0,0.01300470653332155,9.5,6.21875,0.305,15.25,9.5,1.1546822636094682,28.500489439390535,1.0845569964071553,0,0.0014549180342299634,0.0,0.010399672243384124,0.00169462030688618,0.3958333333333333,0.3958333333333333,0.388671875
all_aggressive,251,4,-8.294146619514109e-17,0.11839883047627464,16,0.49663275973680127,0.0,0.007305763223432432,10.75,6.229166666666666,0.29,14.5,10.75,1.1042658310813827,28.681601169523724,1.215901594972335,0,0.0016739888096859129,0.0,0.004111070502648425,0.0018998462421442736,0.4479166666666667,0.4479166666666667,0.38932291666666663
all_aggressive,252,4,2.1250362580715887e-17,0.054118335161621615,16,0.5247452913085849,0.0,0.007143967240574159,8,6.229166666666666,0.28,14,8,1.1202018907078948,28.74588166483838,1.3834485242522119,0,0.0019065481144528744,0.0,0.0018791088597785285,0.002161638319144081,0.3333333333333333,0.3333333333333333,0.38932291666666663
all_aggressive,253,4,-5.442694905877232e-17,0.22754082164442269,16,0.5177524779147494,0.0,0.011190038725465696,8.5,6.260416666666667,0.265,13.25,8.5,1.175972966611291,28.572459178355576,1.3416990658936765,0,0.0018282038222920535,0.0,0.007900722973764677,0.0020964047904588694,0.3541666666666667,0.3541666666666667,0.3912760416666667
all_aggressive,254,4,9.454242944073599e-17,0.21614698571351998,16,0.5272527025021242,0.0,0.009586736822144153,10.75,6.270833333333333,0.29000000000000004,14.5,10.75,1.1395760851828347,28.58385301428648,1.3896149272885931,0,0.001918288350671241,0.0,0.007505103670608334,0.002171273323888427,0.4479166666666667,0.4479166666666667,0.3919270833333333
all_aggressive,255,4,-5.2909066017292616e-17,0.14022359432257137,16,0.5407786509388954,0.0,0.00939824528155606,9.5,6.302083333333333,0.29500000000000004,14.75,9.5,1.16486650965651,28.659776405677427,1.4604813141496857,0,0.002022784692178313,0.0,0.0048688748028670615,0.002282002053358884,0.3958333333333333,0.3958333333333333,0.3938802083333333
all_aggressive,256,4,-2.0816681711721685e-17,0.5034623284084091,16,0.46969446225186207,0.0,0.016512567736977367,9.75,6.3125,0.31,15.5,9.75,1.160520000359992,28.29653767159159,1.1045473895526796,0,0.0014665104677088192,0.0,0.017481330847514208,0.0017258552961760619,0.40625,0.40625,0.39453125
