candidate_id,reserve_ticks,route_mode,stock_floor_fraction,case_id,seed,renewal_rate,need,horizon,consumption_per_agent_tick,depleted_patch_time_fraction,late_consumption_per_agent_tick,max_ledger_residual,max_relative_ledger_residual,max_unaffordable_known_returns,mean_hungry_off_site_agent_fraction,mean_off_site_agent_fraction,movement_steps_per_agent,shortfall_per_agent_tick,terminal_inventory_per_agent,terminal_mean_known_sites,terminal_stock_fraction,terminal_unoccupied_stock_fraction,total_harvest_cost,total_movement_cost,total_waste,consumption_fraction_of_need,late_consumption_fraction_of_need
r0-f00-nearest,0,nearest,0.0,grid-r0.12-n0.8-s62001,62001,0.12,0.8,256,0.28919894531006524,0.6904296875,0.004761751438730349,1.0191847366058937e-13,1.2396984564897296e-16,0,0.25537109375,0.2579752604166667,101.83333333333333,0.5108010546899335,0.0493446673760385,4.583333333333333,0.001576743739285888,0.0013294736913181426,36.30413453065442,48.88000000000003,0.0,0.36149868163758153,0.005952189298412936
r0-f00-net_yield,0,net_yield,0.0,grid-r0.12-n0.8-s62001,62001,0.12,0.8,256,0.292975398678447,0.684814453125,0.005833234233003234,1.0191847366058937e-13,1.2396984564897296e-16,0,0.2605794270833333,0.26318359375,103.04166666666667,0.5070246013215518,0.0511257785987787,5.041666666666667,0.0013350292763631777,0.0010182049779420264,36.79036465646429,49.460000000000036,0.0,0.36621924834805875,0.007291542791254043
r0-f25-nearest,0,nearest,0.25,grid-r0.12-n0.8-s62001,62001,0.12,0.8,256,0.7078811915439547,0.0,0.6407929935447552,1.0191847366058937e-13,1.2396984564897296e-16,0,0.11490885416666667,0.11751302083333333,45.291666666666664,0.092118808456047,0.06250000799999995,2.875,0.5372901573557389,0.32112453965214716,88.25432736812378,21.74000000000001,0.0,0.8848514894299433,0.800991241930944
r0-f25-net_yield,0,net_yield,0.25,grid-r0.12-n0.8-s62001,62001,0.12,0.8,256,0.7283854166666686,0.0,0.7010416666666661,1.0191847366058937e-13,1.2396984564897296e-16,0,0.08951822916666667,0.09212239583333333,35.833333333333336,0.07161458333333336,0.08000000799999996,3.125,0.5133404158835975,0.19116608159543938,90.7412244937147,17.200000000000006,0.0,0.9104817708333357,0.8763020833333326
r0-f50-nearest,0,nearest,0.5,grid-r0.12-n0.8-s62001,62001,0.12,0.8,256,0.6942150991142018,0.0,0.6698939454095583,1.0552669849062113e-13,1.2396984564897296e-16,0,0.13199869791666666,0.13460286458333334,52.125,0.10578490088579963,0.08000000799999996,2.875,0.6889323826711753,0.1781311908470742,86.61627692142173,25.020000000000014,0.0,0.8677688738927521,0.8373674317619478
r0-f50-net_yield,0,net_yield,0.5,grid-r0.12-n0.8-s62001,62001,0.12,0.8,256,0.6972287289439515,0.0,0.6708129534534717,1.0313971898767704e-13,1.2396984564897296e-16,0,0.12825520833333334,0.130859375,50.375,0.10277127105605001,0.07500000799999995,2.5416666666666665,0.6940691053239688,0.2740664820886214,86.97455736374789,24.180000000000014,0.0,0.8715359111799393,0.8385161918168396
r2-f00-nearest,2,nearest,0.0,grid-r0.12-n0.8-s62001,62001,0.12,0.8,256,0.27088301049467445,0.724365234375,0.0038857310798822006,9.703349235223868e-14,1.0540648374366227e-16,0,0.26611328125,0.2750651041666667,108.83333333333333,0.5291169895053244,0.042189539718550516,5,0.0018294168034051598,0.0016380158974428041,34.072607457806654,52.24000000000004,0.0,0.33860376311834306,0.00485716384985275
r2-f00-net_yield,2,net_yield,0.0,grid-r0.12-n0.8-s62001,62001,0.12,0.8,256,0.2711381071299279,0.724365234375,0.005546431215842712,9.703349235223868e-14,1.0540648374366227e-16,0,0.26513671875,0.2740885416666667,108.125,0.528861892870071,0.049496777855317406,4.958333333333333,0.0019450178409018408,0.0016938752948612852,34.10123373213888,51.900000000000034,0.0,0.3389226339124099,0.006933039019803389
r2-f25-nearest,2,nearest,0.25,grid-r0.12-n0.8-s62001,62001,0.12,0.8,256,0.6924252793437388,0.0078125,0.6263356361754474,9.703349235223868e-14,1.0540648374366227e-16,0,0.18212890625,0.26904296875,103.79166666666667,0.10757472065626245,0.8944164594261452,8.125,0.39125819321540634,0.17658244249891283,87.29687574110527,49.820000000000036,0.0,0.8655315991796734,0.7829195452193092
r2-f25-net_yield,2,net_yield,0.25,grid-r0.12-n0.8-s62001,62001,0.12,0.8,256,0.6903749014090305,0.001220703125,0.6566573876099613,9.703349235223868e-14,1.0540648374366227e-16,0,0.17073567708333334,0.24983723958333334,96.08333333333333,0.1096250985909708,0.8288058261351315,10.041666666666666,0.398553346970995,0.20060472393752654,86.93213743029239,46.12000000000003,0.0,0.862968626761288,0.8208217345124516
r2-f50-nearest,2,nearest,0.5,grid-r0.12-n0.8-s62001,62001,0.12,0.8,256,0.7156546427826349,0.0,0.700505778194998,9.703349235223868e-14,1.0540648374366227e-16,0,0.19352213541666666,0.31103515625,119.16666666666667,0.08434535721736662,1.350095989285501,9.333333333333334,0.638132688694298,0.1895633720235422,90.5833556938645,57.20000000000004,0.0,0.8945683034782936,0.8756322227437475
r2-f50-net_yield,2,net_yield,0.5,grid-r0.12-n0.8-s62001,62001,0.12,0.8,256,0.7387736040592742,0.0,0.72561319261154,9.703349235223868e-14,1.0540648374366227e-16,0,0.16748046875,0.2799479166666667,107.04166666666667,0.06122639594072764,1.1351988974838692,5.25,0.6456711037616873,0.2538085381199233,93.2581591199958,51.38000000000004,0.0,0.9234670050740926,0.9070164907644249
r4-f00-nearest,4,nearest,0.0,grid-r0.12-n0.8-s62001,62001,0.12,0.8,256,0.2673039055469707,0.737548828125,0.005523655888297713,1.088573675644966e-13,1.5079122305732437e-16,0,0.259765625,0.2809244791666667,111.125,0.5326960944530281,0.04430344405930941,4.916666666666667,0.0013458181808411666,0.0010958969398310952,33.647315884449235,53.34000000000004,0.0,0.33412988193371335,0.006904569860372141
r4-f00-net_yield,4,net_yield,0.0,grid-r0.12-n0.8-s62001,62001,0.12,0.8,256,0.267057947228493,0.737548828125,0.0052347923017522615,1.088573675644966e-13,1.5079122305732437e-16,0,0.2672526041666667,0.2884114583333333,113.08333333333333,0.532942052771506,0.032079844934390055,4.666666666666667,0.0015940285144946584,0.0014080109942160284,33.62967232755688,54.28000000000004,0.0,0.33382243403561623,0.006543490377190327
r4-f25-nearest,4,nearest,0.25,grid-r0.12-n0.8-s62001,62001,0.12,0.8,256,0.6572175146648123,0.058349609375,0.5998469098342327,1.088573675644966e-13,1.5079122305732437e-16,0,0.14241536458333334,0.3043619791666667,116.20833333333333,0.1427824853351885,2.189031553348679,12.833333333333334,0.28157687718223035,0.07726200261590711,83.63798300777495,55.78000000000004,0.0,0.8215218933310153,0.7498086372927909
r4-f25-net_yield,4,net_yield,0.25,grid-r0.12-n0.8-s62001,62001,0.12,0.8,256,0.6759499682986868,0.014892578125,0.5794000540698754,1.088573675644966e-13,1.5079122305732437e-16,0,0.14111328125,0.2906901041666667,110.16666666666667,0.12405003170131426,1.152194903641912,11.083333333333334,0.3590220709135271,0.1691836105810558,85.41978128397008,52.88000000000004,0.0,0.8449374603733585,0.7242500675873442
r4-f50-nearest,4,nearest,0.5,grid-r0.12-n0.8-s62001,62001,0.12,0.8,256,0.7304911498142358,0.0,0.7133417059735637,1.088573675644966e-13,1.5079122305732437e-16,0,0.09651692708333333,0.3375651041666667,129.20833333333334,0.06950885018576618,1.711254161623341,11.041666666666666,0.6379979567470762,0.33545514207169846,92.71893314974736,62.020000000000046,0.0,0.9131139372677947,0.8916771324669546
r4-f50-net_yield,4,net_yield,0.5,grid-r0.12-n0.8-s62001,62001,0.12,0.8,256,0.7413990209393644,0.0,0.7383174022898376,1.088573675644966e-13,1.5079122305732437e-16,0,0.08447265625,0.3194986979166667,120.79166666666667,0.05860097906063765,2.622615916416435,9.083333333333334,0.6047939710316232,0.17789543140610303,94.45057891113156,57.98000000000004,0.0,0.9267487761742055,0.9228967528622969
r0-f00-nearest,0,nearest,0.0,grid-r0.12-n0.8-s62002,62002,0.12,0.8,256,0.3016127665045984,0.6708984375,0.004389153924715708,1.0547118733938987e-13,1.2825730457847169e-16,0,0.2530924479166667,0.2556966145833333,100.70833333333333,0.4983872334954004,0.04542637137754482,5.333333333333333,0.0017361103616967692,0.001581201228545723,37.8477361289248,48.34000000000003,0.0,0.37701595813074795,0.005486442405894635
r0-f00-net_yield,0,net_yield,0.0,grid-r0.12-n0.8-s62002,62002,0.12,0.8,256,0.30250932326609703,0.66845703125,0.005340144948477598,1.0547118733938987e-13,1.2825730457847169e-16,0,0.24934895833333334,0.251953125,98.66666666666667,0.4974906767339018,0.04645738790174066,5.333333333333333,0.001172721821349418,0.0008956334526780162,37.94065835625599,47.36000000000003,0.0,0.37813665408262126,0.0066751811855969975
r0-f25-nearest,0,nearest,0.25,grid-r0.12-n0.8-s62002,62002,0.12,0.8,256,0.7248929241682197,0.0,0.6962449573703069,1.0547118733938987e-13,1.2825730457847169e-16,0,0.09342447916666667,0.09602864583333333,37.208333333333336,0.0751070758317822,0.07000000799999995,2.8333333333333335,0.5378830621864172,0.23015254170489619,90.3118801281949,17.860000000000007,0.0,0.9061161552102746,0.8703061967128836
r0-f25-net_yield,0,net_yield,0.25,grid-r0.12-n0.8-s62002,62002,0.12,0.8,256,0.7099328564522448,0.0,0.6653958559193971,1.0547118733938987e-13,1.2825730457847169e-16,0,0.11165364583333333,0.1142578125,44.041666666666664,0.09006714354775693,0.07000000799999995,3.3333333333333335,0.5053595852839038,0.20029652738974768,88.5030095966245,21.14000000000001,0.0,0.8874160705653059,0.8317448198992463
r0-f50-nearest,0,nearest,0.5,grid-r0.12-n0.8-s62002,62002,0.12,0.8,256,0.6963392575715333,0.0,0.6658068538284128,1.0547118733938987e-13,1.2825730457847169e-16,0,0.12858072916666666,0.13118489583333334,50.791666666666664,0.10366074242846819,0.07666667466666663,3.25,0.6978699415128164,0.20782721495790035,86.86792650431651,24.380000000000013,0.0,0.8704240719644165,0.832258567285516
r0-f50-net_yield,0,net_yield,0.5,grid-r0.12-n0.8-s62002,62002,0.12,0.8,256,0.6985888340060373,0.0,0.666145833333333,1.0547118733938987e-13,1.2825730457847169e-16,0,0.12630208333333334,0.12890625,49.666666666666664,0.10141116599396416,0.08000000799999996,3.0833333333333335,0.6996103724420089,0.28057470562243697,87.14060808826738,23.84000000000001,0.0,0.8732360425075466,0.8326822916666662
r2-f00-nearest,2,nearest,0.0,grid-r0.12-n0.8-s62002,62002,0.12,0.8,256,0.2756593506439133,0.71875,0.005123641153696558,9.481304630298837e-14,1.128662018412424e-16,0,0.24983723958333334,0.25830078125,103.04166666666667,0.5243406493560856,0.03793378388021116,5,0.0015076433590818763,0.0012581355513615333,34.612682881006705,49.460000000000036,0.0,0.34457418830489156,0.006404551442120697
r2-f00-net_yield,2,net_yield,0.0,grid-r0.12-n0.8-s62002,62002,0.12,0.8,256,0.2748967061815644,0.71875,0.0038373220771011495,9.481304630298837e-14,1.128662018412424e-16,0,0.2698567708333333,0.2783203125,109.70833333333333,0.5251032938184343,0.048409302557979275,5.041666666666667,0.0015408329897583046,0.0013514731251363784,34.58749359267192,52.66000000000004,0.0,0.3436208827269555,0.004796652596376436
r2-f25-nearest,2,nearest,0.25,grid-r0.12-n0.8-s62002,62002,0.12,0.8,256,0.6868623918266992,0.00634765625,0.6570274807421861,9.481304630298837e-14,1.128662018412424e-16,0,0.18896484375,0.2822265625,108.70833333333333,0.11313760817330187,1.0528553727653172,9.5,0.319884971219759,0.14473271076858563,86.72512376182871,52.180000000000035,0.0,0.858577989783374,0.8212843509277326
r2-f25-net_yield,2,net_yield,0.25,grid-r0.12-n0.8-s62002,62002,0.12,0.8,256,0.6703271075791323,0.002197265625,0.6093364055990577,9.481304630298837e-14,1.128662018412424e-16,0,0.19905598958333334,0.2802734375,105.91666666666667,0.12967289242086857,0.9798625904008976,9.416666666666666,0.41051092352437824,0.19055341591703057,84.58870308440433,50.84000000000003,0.0,0.8379088844739153,0.761670506998822
r2-f50-nearest,2,nearest,0.5,grid-r0.12-n0.8-s62002,62002,0.12,0.8,256,0.7259490959978228,0.0,0.7168606654852008,9.481304630298837e-14,1.128662018412424e-16,0,0.17366536458333334,0.2853190104166667,110.625,0.07405090400217883,1.2868512505233938,8.25,0.6242382324141142,0.11259182442216356,91.75950358822826,53.10000000000004,0.0,0.9074363699972784,0.896075831856501
r2-f50-net_yield,2,net_yield,0.5,grid-r0.12-n0.8-s62002,62002,0.12,0.8,256,0.7190670164779717,0.0,0.709401021677489,9.481304630298837e-14,1.128662018412424e-16,0,0.19303385416666666,0.3157552083333333,120,0.08093298352202985,1.2025000080000001,8.625,0.6281034343014549,0.2566489366195621,90.9470969271971,57.60000000000004,0.0,0.8988337705974645,0.8867512770968612
r4-f00-nearest,4,nearest,0.0,grid-r0.12-n0.8-s62002,62002,0.12,0.8,256,0.27277677825568486,0.7314453125,0.005709594393556028,1.088573675644966e-13,1.4686368219110935e-16,0,0.24251302083333334,0.26318359375,104.41666666666667,0.527223221744314,0.04966816531052626,5.333333333333333,0.0022523430281965306,0.001966270573476625,34.27046044021186,50.12000000000003,0.0,0.34097097281960603,0.007136992991945035
r4-f00-net_yield,4,net_yield,0.0,grid-r0.12-n0.8-s62002,62002,0.12,0.8,256,0.27182189709147014,0.7314453125,0.004363288116328139,1.088573675644966e-13,1.4686368219110935e-16,0,0.2584635416666667,0.279296875,110.04166666666667,0.5281781029085287,0.04934945037838482,5.291666666666667,0.001491518706149624,0.0011835599769301724,34.20567597018519,52.820000000000036,0.0,0.33977737136433767,0.005454110145410173
r4-f25-nearest,4,nearest,0.25,grid-r0.12-n0.8-s62002,62002,0.12,0.8,256,0.6600476278791906,0.03955078125,0.5822001324626416,1.088573675644966e-13,1.4686368219110935e-16,0,0.11930338541666667,0.2937825520833333,112.5,0.1399523721208103,1.5670246620875814,12,0.3341263737447674,0.22241724485476388,83.65186158326219,54.000000000000036,0.0,0.8250595348489882,0.727750165578302
r4-f25-net_yield,4,net_yield,0.25,grid-r0.12-n0.8-s62002,62002,0.12,0.8,256,0.6652814503904716,0.0283203125,0.623374383461879,1.088573675644966e-13,1.4686368219110935e-16,0,0.126953125,0.259765625,99.125,0.13471854960952934,1.6338008230565322,10.708333333333334,0.37751364287777694,0.044825141480459595,84.20980512147788,47.580000000000034,0.0,0.8316018129880894,0.7792179793273487
r4-f50-nearest,4,nearest,0.5,grid-r0.12-n0.8-s62002,62002,0.12,0.8,256,0.732231120958867,0.0,0.6936753615642944,1.088573675644966e-13,1.4686368219110935e-16,0,0.09261067708333333,0.34912109375,133.25,0.06776887904113495,2.06245065971848,12.333333333333334,0.6203876066134164,0.08721801538074707,93.1487106735616,63.96000000000004,0.0,0.9152889011985837,0.867094201955368
r4-f50-net_yield,4,net_yield,0.5,grid-r0.12-n0.8-s62002,62002,0.12,0.8,256,0.7316438931549439,0.000244140625,0.7312031852141085,1.088573675644966e-13,1.4686368219110935e-16,0,0.09521484375,0.3445638020833333,131.08333333333334,0.06835610684505805,3.053532513449683,9.833333333333334,0.5813731274673164,0.18186474130821698,93.53928285442376,62.920000000000044,0.0,0.9145548664436799,0.9140039815176356
r0-f00-nearest,0,nearest,0.0,grid-r0.12-n1.2-s62001,62001,0.12,1.2,256,0.19261662701013121,0.864990234375,0.004374876152821523,8.537615059367454e-14,1.0433699136980624e-16,0,0.3312174479166667,0.33251953125,130.875,1.0073833729898651,0.04720206208703909,5.416666666666667,0.0016578857174824983,0.0015044667918336734,24.477334813068047,62.82000000000004,0.0,0.16051385584177602,0.0036457301273512695
r0-f00-net_yield,0,net_yield,0.0,grid-r0.12-n1.2-s62001,62001,0.12,1.2,256,0.19254568932603017,0.864990234375,0.005004171516564489,8.537615059367454e-14,1.0433699136980624e-16,0,0.3341471354166667,0.33544921875,131.125,1.0074543106739662,0.04058774558669556,5.75,0.0013629711309389426,0.0011525256249257996,24.467649410473655,62.94000000000005,0.0,0.16045474110502514,0.004170142930470408
r0-f25-nearest,0,nearest,0.25,grid-r0.12-n1.2-s62001,62001,0.12,1.2,256,0.696133177860258,0.0,0.6261733152494916,8.537615059367454e-14,1.0433699136980624e-16,0,0.3948567708333333,0.3961588541666667,153.75,0.5038668221397413,0.06484037014228172,7.416666666666667,0.4494343735381071,0.25343572514323304,87.84486558483356,73.80000000000005,0.0,0.580110981550215,0.521811096041243
r0-f25-net_yield,0,net_yield,0.25,grid-r0.12-n1.2-s62001,62001,0.12,1.2,256,0.7231145732406705,0.0,0.6377638602371178,9.289791158550997e-14,1.0433699136980624e-16,0,0.3689778645833333,0.3702799479166667,142.66666666666666,0.4768854267593287,0.060000008000000056,6.416666666666667,0.45386673479379597,0.28623340216918747,91.11705996291195,68.48000000000005,0.0,0.6025954777005588,0.5314698835309316
r0-f50-nearest,0,nearest,0.5,grid-r0.12-n1.2-s62001,62001,0.12,1.2,256,0.6997834767803619,0.0,0.6632841289613792,8.598677325721837e-14,1.0433699136980624e-16,0,0.412109375,0.4134114583333333,159.95833333333334,0.5002165232196375,0.07166667466666674,5.416666666666667,0.6755626049925987,0.41953406131636745,88.36672819450101,76.78000000000006,0.0,0.5831528973169683,0.5527367741344827
r0-f50-net_yield,0,net_yield,0.5,grid-r0.12-n1.2-s62001,62001,0.12,1.2,256,0.7358961319820445,0.0,0.6621679812900697,8.537615059367454e-14,1.0433699136980624e-16,0,0.38330078125,0.3846028645833333,147.625,0.4641038680179548,0.047500008000000045,4.541666666666667,0.7112506223762349,0.6264228148370243,92.76215989978954,70.86000000000006,0.0,0.6132467766517038,0.5518066510750581
r2-f00-nearest,2,nearest,0.0,grid-r0.12-n1.2-s62001,62001,0.12,1.2,256,0.18920706652859054,0.876708984375,0.005126035464322659,7.09432512735475e-14,9.817598466019433e-17,0,0.3243815104166667,0.3317057291666667,131.08333333333334,1.0107929334714059,0.04193904191203485,5.625,0.0013946760108686474,0.0011795397187989672,24.049280688929542,62.920000000000044,0.0,0.15767255544049213,0.004271696220268882
r2-f00-net_yield,2,net_yield,0.0,grid-r0.12-n1.2-s62001,62001,0.12,1.2,256,0.189585794108994,0.876708984375,0.006191805522989702,7.09432512735475e-14,9.817598466019433e-17,0,0.3172200520833333,0.3245442708333333,127.95833333333333,1.0104142058910024,0.050158014550952396,5.708333333333333,0.0014053987213306343,0.001059033786969888,24.07018186438532,61.420000000000044,0.0,0.15798816175749503,0.0051598379358247515
r2-f25-nearest,2,nearest,0.25,grid-r0.12-n1.2-s62001,62001,0.12,1.2,256,0.6748951411574513,0.030029296875,0.6190899092216662,7.09432512735475e-14,9.817598466019433e-17,0,0.40966796875,0.5013020833333334,184.58333333333334,0.5251048588425483,0.8781915126886084,15.166666666666666,0.3099182048075991,0.20359037769270158,85.88229272603895,88.60000000000005,0.0,0.5624126176312094,0.5159082576847218
r2-f25-net_yield,2,net_yield,0.25,grid-r0.12-n1.2-s62001,62001,0.12,1.2,256,0.6683467308994185,0.029541015625,0.607256371535873,7.09432512735475e-14,9.817598466019433e-17,0,0.4078776041666667,0.5,181.5,0.5316532691005811,0.6657589271873852,15.125,0.31669364044449677,0.2629134446449022,84.92694956935766,87.12000000000005,0.0,0.5569556090828488,0.5060469762798941
r2-f50-nearest,2,nearest,0.5,grid-r0.12-n1.2-s62001,62001,0.12,1.2,256,0.789967853671046,0.0,0.7646671199086487,9.159339953157541e-14,9.817598466019433e-17,0,0.4002278645833333,0.5100911458333334,189.66666666666666,0.4100321463289528,0.7662904424276176,14.541666666666666,0.5709370427717613,0.29983023542653636,100.30598905251378,91.04000000000003,0.0,0.6583065447258717,0.6372225999238739
r2-f50-net_yield,2,net_yield,0.5,grid-r0.12-n1.2-s62001,62001,0.12,1.2,256,0.7610992204341059,0.0,0.7419119274966083,9.203748874142548e-14,9.817598466019433e-17,0,0.4064127604166667,0.50439453125,185.91666666666666,0.4389007795658933,1.0163569742210654,14.541666666666666,0.5793401528339525,0.263071410497581,96.77196281078484,89.24000000000005,0.0,0.634249350361755,0.618259939580507
r4-f00-nearest,4,nearest,0.0,grid-r0.12-n1.2-s62001,62001,0.12,1.2,256,0.18310562959553772,0.89208984375,0.0040307204566753475,9.9253938401489e-14,9.325198885925233e-17,0,0.3238932291666667,0.341796875,135.625,1.0168943704044586,0.041579647284051814,5.916666666666667,0.0014664879700901326,0.001212988838270404,23.328548974893888,65.10000000000005,0.0,0.1525880246629481,0.003358933713896123
r4-f00-net_yield,4,net_yield,0.0,grid-r0.12-n1.2-s62001,62001,0.12,1.2,256,0.18350371098390775,0.89208984375,0.006489410139830314,9.9253938401489e-14,9.325198885925233e-17,0,0.3206380208333333,0.3385416666666667,132.375,1.0164962890160885,0.04688863025312749,5.125,0.0019266549075922872,0.0017045202145949928,23.349227090024566,63.54000000000005,0.0,0.15291975915325645,0.005407841783191929
r4-f25-nearest,4,nearest,0.25,grid-r0.12-n1.2-s62001,62001,0.12,1.2,256,0.6471908505162662,0.06396484375,0.6067196175701915,9.214851104388799e-14,9.325198885925233e-17,0,0.3759765625,0.5335286458333334,194.5,0.5528091494837333,0.8853435387644364,15.625,0.2915081534411627,0.17194554903139364,82.50915980616917,93.36000000000001,0.0,0.5393257087635552,0.505599681308493
r4-f25-net_yield,4,net_yield,0.25,grid-r0.12-n1.2-s62001,62001,0.12,1.2,256,0.6653302432626361,0.041748046875,0.6018070910681111,9.214851104388799e-14,9.325198885925233e-17,0,0.3611653645833333,0.52099609375,189.79166666666666,0.5346697567373634,1.1428483234588083,15.625,0.3205226602475119,0.22358149159771995,84.86361988507451,91.10000000000005,0.0,0.5544418693855301,0.501505909223426
r4-f50-nearest,4,nearest,0.5,grid-r0.12-n1.2-s62001,62001,0.12,1.2,256,0.790565270218927,0.0,0.747418165716898,9.903189379656396e-14,9.325198885925233e-17,0,0.3359375,0.54736328125,201.20833333333334,0.4094347297810717,1.2942865078821515,15.166666666666666,0.5696995446257213,0.3280847022045662,100.75256931457695,96.58000000000003,0.0,0.6588043918491059,0.6228484714307484
r4-f50-net_yield,4,net_yield,0.5,grid-r0.12-n1.2-s62001,62001,0.12,1.2,256,0.7882530987219495,0.0,0.7356069123618403,9.214851104388799e-14,9.325198885925233e-17,0,0.3304036458333333,0.5367838541666666,197.04166666666666,0.4117469012780493,1.0585587622477963,14.75,0.5801582656333328,0.41033361937466123,100.30637650697174,94.58000000000003,0.0,0.6568775822682913,0.6130057603015336
r0-f00-nearest,0,nearest,0.0,grid-r0.12-n1.2-s62002,62002,0.12,1.2,256,0.1920580930069236,0.864990234375,0.005061750118606893,1.2090328738167955e-13,1.4772492563807578e-16,0,0.326171875,0.3274739583333333,129.16666666666666,1.0079419069930728,0.05178392472551064,5.708333333333333,0.001202101450331454,0.0009160846892765183,24.39281097199898,62.00000000000004,0.0,0.160048410839103,0.004218125098839077
r0-f00-net_yield,0,net_yield,0.0,grid-r0.12-n1.2-s62002,62002,0.12,1.2,256,0.19228628678461587,0.864990234375,0.005240092598230475,1.2090328738167955e-13,1.4772492563807578e-16,0,0.322265625,0.3235677083333333,127.33333333333333,1.0077137132153806,0.0460934717075418,5.875,0.0012660788821984754,0.0009829085405371981,24.400677333176734,61.12000000000005,0.0,0.16023857232051322,0.004366743831858729
r0-f25-nearest,0,nearest,0.25,grid-r0.12-n1.2-s62002,62002,0.12,1.2,256,0.719248400570076,0.0,0.6744200743449009,1.2090328738167955e-13,1.4772492563807578e-16,0,0.3767903645833333,0.3780924479166667,146.66666666666666,0.48075159942992335,0.07583334133333339,7.583333333333333,0.4434610426149601,0.17813924225888816,90.67922802641942,70.40000000000005,0.0,0.59937366714173,0.5620167286207508
r0-f25-net_yield,0,net_yield,0.25,grid-r0.12-n1.2-s62002,62002,0.12,1.2,256,0.7388941780517304,0.0,0.7045776658804781,1.2090328738167955e-13,1.4772492563807578e-16,0,0.3611653645833333,0.3624674479166667,139.375,0.4611058219482687,0.0633333413333334,6.083333333333333,0.3975239223315222,0.22350215829504333,93.06501694167015,66.90000000000005,0.0,0.615745148376442,0.5871480549003985
r0-f50-nearest,0,nearest,0.5,grid-r0.12-n1.2-s62002,62002,0.12,1.2,256,0.7508430264190252,0.0,0.7064386778901464,1.2090328738167955e-13,1.4772492563807578e-16,0,0.36767578125,0.3689778645833333,142.54166666666666,0.4491569735809739,0.06500000800000005,4.583333333333333,0.6589064243670542,0.38194256771665697,94.59509294919383,68.42000000000004,0.0,0.6257025220158544,0.5886988982417887
r0-f50-net_yield,0,net_yield,0.5,grid-r0.12-n1.2-s62002,62002,0.12,1.2,256,0.7088248984253056,0.0,0.6999151664452028,1.2090328738167955e-13,1.4772492563807578e-16,0,0.39892578125,0.4002278645833333,154.125,0.4911751015746938,0.06916667466666673,6.041666666666667,0.6242149862057625,0.29543688186395034,89.4420444105527,73.98000000000006,0.0,0.5906874153544214,0.5832626387043357
r2-f00-nearest,2,nearest,0.0,grid-r0.12-n1.2-s62002,62002,0.12,1.2,256,0.1890477334663944,0.876708984375,0.0045963102869724165,1.20570220474292e-13,1.4381079970842692e-16,0,0.3224283854166667,0.3289388020833333,130.20833333333334,1.010952266533602,0.04934908387594578,5.666666666666667,0.0010275494302340066,0.0006852358974127668,24.024360253684655,62.50000000000004,0.0,0.157539777888662,0.0038302585724770137
r2-f00-net_yield,2,net_yield,0.0,grid-r0.12-n1.2-s62002,62002,0.12,1.2,256,0.18893131104473462,0.876708984375,0.0043054836095922505,1.20570220474292e-13,1.4381079970842692e-16,0,0.3216145833333333,0.328125,129.25,1.0110686889552618,0.047857076167512176,5.583333333333333,0.0017344973631329692,0.001453041957245983,23.9996437732014,62.04000000000004,0.0,0.15744275920394551,0.0035879030079935424
r2-f25-nearest,2,nearest,0.25,grid-r0.12-n1.2-s62002,62002,0.12,1.2,256,0.6241063633083531,0.0927734375,0.5639480601750022,1.20570220474292e-13,1.4381079970842692e-16,0,0.3751627604166667,0.4694010416666667,173.04166666666666,0.5758936366916465,0.5216666746666666,15.458333333333334,0.3111806969739391,0.22441860311048076,79.2263162522147,83.06000000000006,0.0,0.5200886360902943,0.46995671681250184
r2-f25-net_yield,2,net_yield,0.25,grid-r0.12-n1.2-s62002,62002,0.12,1.2,256,0.6621088261705169,0.033447265625,0.5883968122359524,1.20570220474292e-13,1.4381079970842692e-16,0,0.4248046875,0.5152994791666666,188.375,0.5378911738294826,0.7209896549179596,15.583333333333334,0.3584456456591121,0.20593481139478742,84.23919142264667,90.42000000000004,0.0,0.5517573551420974,0.4903306768632937
r2-f50-nearest,2,nearest,0.5,grid-r0.12-n1.2-s62002,62002,0.12,1.2,256,0.7695314029898096,0.0,0.7216816340091895,1.20570220474292e-13,1.4381079970842692e-16,0,0.4049479166666667,0.5060221354166666,189.58333333333334,0.43046859701018947,1.5316786547270462,14.083333333333334,0.5763580192766903,0.15302005874799474,98.11757607516009,91.00000000000003,0.0,0.6412761691581746,0.6014013616743246
r2-f50-net_yield,2,net_yield,0.5,grid-r0.12-n1.2-s62002,62002,0.12,1.2,256,0.7600534524303142,0.008544921875,0.6991317414157191,1.20570220474292e-13,1.4381079970842692e-16,0,0.3990885416666667,0.5105794270833334,191.29166666666666,0.4399465475696849,0.8620212794534697,15.083333333333334,0.6044384978388827,0.3183812117048657,96.61789637630078,91.82000000000002,0.0,0.6333778770252618,0.5826097845130993
r4-f00-nearest,4,nearest,0.0,grid-r0.12-n1.2-s62002,62002,0.12,1.2,256,0.18307238535540013,0.8916015625,0.004498054607628528,1.0447198661722723e-13,1.3565171726387873e-16,0,0.3125,0.3279622395833333,130.25,1.0169276146445962,0.042759203147352425,5.916666666666667,0.0014933769903017046,0.001213228634993107,23.272305234675798,62.520000000000046,0.0,0.1525603211295001,0.00374837883969044
r4-f00-net_yield,4,net_yield,0.0,grid-r0.12-n1.2-s62002,62002,0.12,1.2,256,0.1827892929238209,0.8916015625,0.005047301760757277,1.0447198661722723e-13,1.3565171726387873e-16,0,0.3165690104166667,0.33203125,131.16666666666666,1.0172107070761756,0.044428663357484126,6.25,0.0012274824275171734,0.000977735527106738,23.246606196827234,62.96000000000004,0.0,0.15232441076985076,0.004206084800631065
r4-f25-nearest,4,nearest,0.25,grid-r0.12-n1.2-s62002,62002,0.12,1.2,256,0.6578228401370484,0.065673828125,0.612858827611783,1.0447198661722723e-13,1.3565171726387873e-16,0,0.3406575520833333,0.4990234375,182.5,0.5421771598629509,1.165767365406451,15.625,0.28245627158927655,0.16019421750915092,83.8620805422813,87.60000000000005,0.0,0.548185700114207,0.5107156896764858
r4-f25-net_yield,4,net_yield,0.25,grid-r0.12-n1.2-s62002,62002,0.12,1.2,256,0.6563686386530967,0.047119140625,0.5940512040558765,1.0447198661722723e-13,1.3565171726387873e-16,0,0.365234375,0.5328776041666666,193.25,0.5436313613469028,1.4953215909404098,15.583333333333334,0.3299357883173037,0.1132182874320049,83.94646191973877,92.76000000000003,0.0,0.5469738655442473,0.49504267004656377
r4-f50-nearest,4,nearest,0.5,grid-r0.12-n1.2-s62002,62002,0.12,1.2,256,0.7816066684505276,0.0,0.7329860614623761,1.0447198661722723e-13,1.3565171726387873e-16,0,0.3474934895833333,0.5569661458333334,205.58333333333334,0.41839333154947117,1.298111501474574,14.916666666666666,0.5779822571041318,0.36398867970211973,99.67400095909065,98.67999999999998,0.0,0.6513388903754397,0.6108217178853135
r4-f50-net_yield,4,net_yield,0.5,grid-r0.12-n1.2-s62002,62002,0.12,1.2,256,0.7715101950046311,0.0,0.766294108913801,1.0447198661722723e-13,1.3565171726387873e-16,0,0.3515625,0.5445963541666666,201.29166666666666,0.4284898049953677,1.1025102731303413,14.958333333333334,0.5742760217850555,0.33983517115980777,98.27018131966513,96.61999999999998,0.0,0.6429251625038593,0.6385784240948342
r0-f00-nearest,0,nearest,0.0,grid-r0.12-n1.6-s62001,62001,0.12,1.6,256,0.16762678702628966,0.910888671875,0.005840312064552934,6.17284001691587e-14,7.134819488478601e-17,0,0.3458658854166667,0.34716796875,136.5,1.432373212973714,0.04925481399569559,5.75,0.0017957848482272275,0.0015451506026677882,21.400022347457544,65.52000000000005,0.0,0.10476674189143104,0.0036501950403455834
r0-f00-net_yield,0,net_yield,0.0,grid-r0.12-n1.6-s62001,62001,0.12,1.6,256,0.1674851633170175,0.910888671875,0.005643395612749751,6.17284001691587e-14,7.134819488478601e-17,0,0.3445638020833333,0.3458658854166667,135.125,1.4325148366829858,0.042135084370485736,5.416666666666667,0.0018711459454725525,0.0016831612380900755,21.36530786621727,64.86000000000004,0.0,0.10467822707313593,0.003527122257968594
r0-f25-nearest,0,nearest,0.25,grid-r0.12-n1.6-s62001,62001,0.12,1.6,256,0.7201059068021632,0.0,0.665041172990415,8.08242361927114e-14,7.134819488478601e-17,0,0.4892578125,0.4905598958333333,189.20833333333334,0.8798940931978335,0.06833334133333338,9.958333333333334,0.32837057944062387,0.22289636628213966,91.19981003233674,90.82000000000004,0.0,0.450066191751352,0.41565073311900935
r0-f25-net_yield,0,net_yield,0.25,grid-r0.12-n1.6-s62001,62001,0.12,1.6,256,0.7210736134264771,0.0,0.6489097344463373,8.08242361927114e-14,7.134819488478601e-17,0,0.4874674479166667,0.48876953125,185.75,0.8789263865735196,0.06750000800000006,8.916666666666666,0.35438822988382007,0.13637623272776944,91.28686287927113,89.16000000000004,0.0,0.45067100839154817,0.4055685840289608
r0-f50-nearest,0,nearest,0.5,grid-r0.12-n1.6-s62001,62001,0.12,1.6,256,0.7529592847129394,0.0,0.722131924144608,7.949196856316121e-14,7.134819488478601e-17,0,0.49560546875,0.4969075520833333,191.91666666666666,0.8470407152870573,0.07083334133333337,8.083333333333334,0.6443396569025227,0.42104716772893996,95.34697643812882,92.11999999999999,0.0,0.4705995529455871,0.45133245259038
r0-f50-net_yield,0,net_yield,0.5,grid-r0.12-n1.6-s62001,62001,0.12,1.6,256,0.7759065357340097,0.0,0.7397279194113334,8.276712648580542e-14,7.134819488478601e-17,0,0.484375,0.4856770833333333,185.66666666666666,0.824093464265987,0.06833334133333337,7.333333333333333,0.6213577756721114,0.4119706650022551,98.16183174983202,89.12000000000003,0.0,0.48494158483375605,0.46232994963208335
r2-f00-nearest,2,nearest,0.0,grid-r0.12-n1.6-s62001,62001,0.12,1.6,256,0.16400231890425535,0.922119140625,0.0055907913359963006,1.9373391779708982e-13,2.316005025477387e-16,0,0.3346354166666667,0.34130859375,135.125,1.4359976810957482,0.04534868657663957,5.625,0.0016529725390474616,0.0013987464625457849,20.93017583317519,64.86000000000004,0.0,0.10250144931515959,0.0034942445849976875
r2-f00-net_yield,2,net_yield,0.0,grid-r0.12-n1.6-s62001,62001,0.12,1.6,256,0.16367384136568647,0.922119140625,0.005031678711238107,1.9373391779708982e-13,2.316005025477387e-16,0,0.3577473958333333,0.3644205729166667,142.33333333333334,1.436326158634317,0.05161404482700775,5.041666666666667,0.0013200858713806943,0.0011326849471571538,20.962669763808695,68.32000000000005,0.0,0.10229615085355404,0.0031447991945238165
r2-f25-nearest,2,nearest,0.25,grid-r0.12-n1.6-s62001,62001,0.12,1.6,256,0.6545030678718144,0.060546875,0.5945783470556586,1.9373391779708982e-13,2.316005025477387e-16,0,0.47021484375,0.5393880208333334,196.41666666666666,0.9454969321281829,0.5911522231388814,15.541666666666666,0.3214839650710457,0.2156446657717131,83.30070412979117,94.28,0.0,0.40906441741988403,0.3716114669097866
r2-f25-net_yield,2,net_yield,0.25,grid-r0.12-n1.6-s62001,62001,0.12,1.6,256,0.654153675070908,0.048095703125,0.589313655759503,1.9373391779708982e-13,2.316005025477387e-16,0,0.505859375,0.5828450520833334,210,0.9458463249290893,0.5317813253375284,15.5,0.3369814732370632,0.20328563888202442,83.36087615191362,100.79999999999993,0.0,0.40884604691931753,0.36832103484968937
r2-f50-nearest,2,nearest,0.5,grid-r0.12-n1.6-s62001,62001,0.12,1.6,256,0.784166191104696,0.001220703125,0.7560291578401341,1.9373391779708982e-13,2.316005025477387e-16,0,0.49267578125,0.5919596354166666,216.125,0.8158338088953013,0.6479768465665895,15.625,0.5693311272256661,0.40371983876815387,99.77976576458897,103.73999999999988,0.0,0.490103869440435,0.47251822365008384
r2-f50-net_yield,2,net_yield,0.5,grid-r0.12-n1.6-s62001,62001,0.12,1.6,256,0.776149195283287,0.001220703125,0.7445053235555481,1.9373391779708982e-13,2.316005025477387e-16,0,0.484375,0.5817057291666666,211.91666666666666,0.8238508047167105,0.5941666746666666,15.083333333333334,0.5724588607134163,0.4292605054406011,98.70695216352091,101.71999999999993,0.0,0.4850932470520543,0.46531582722221754
r4-f00-nearest,4,nearest,0.0,grid-r0.12-n1.6-s62001,62001,0.12,1.6,256,0.15695278547686364,0.9345703125,0.005401407416506166,9.692247004977617e-14,8.837489643734394e-17,0,0.3463541666666667,0.3606770833333333,143,1.4430472145231399,0.04119091233974313,5.958333333333333,0.0013978778525747717,0.0011492768749208054,20.121357058489874,68.64000000000004,0.0,0.09809549092303978,0.0033758796353163534
r4-f00-net_yield,4,net_yield,0.0,grid-r0.12-n1.6-s62001,62001,0.12,1.6,256,0.15718708210381252,0.9345703125,0.00498222009224563,9.692247004977617e-14,8.837489643734394e-17,0,0.3447265625,0.3590494791666667,141.08333333333334,1.4428129178961913,0.04459983996665216,5.916666666666667,0.0013072507430691282,0.0010520656094942852,20.13362915520456,67.72000000000006,0.0,0.09824192631488282,0.003113887557653519
r4-f25-nearest,4,nearest,0.25,grid-r0.12-n1.6-s62001,62001,0.12,1.6,256,0.6353146746926834,0.083251953125,0.5117649440329463,9.692247004977617e-14,8.837489643734394e-17,0,0.43408203125,0.5358072916666666,196.33333333333334,0.9646853253073142,1.257233171266844,15.708333333333334,0.3376845640664073,0.24538109534122426,81.22014198820935,94.24,0.0,0.3970716716829271,0.31985309002059137
r4-f25-net_yield,4,net_yield,0.25,grid-r0.12-n1.6-s62001,62001,0.12,1.6,256,0.6603400810922415,0.04833984375,0.6077756540892375,9.692247004977617e-14,8.837489643734394e-17,0,0.4676106770833333,0.5714518229166666,208.04166666666666,0.9396599189077561,0.4949291009839239,15.791666666666666,0.298612908871383,0.17977712255283948,84.09934197253781,99.85999999999996,0.0,0.41271255068265095,0.3798597838057734
r4-f50-nearest,4,nearest,0.5,grid-r0.12-n1.6-s62001,62001,0.12,1.6,256,0.7960396728441027,0.0,0.7535424939478892,8.493206138382448e-14,7.775757463352378e-17,0,0.4832356770833333,0.6160481770833334,226.70833333333334,0.8039603271558945,1.0069362616358555,15.458333333333334,0.5853574974175629,0.3832905977609926,101.5480453108865,108.8199999999998,0.0,0.4975247955275642,0.47096405871743074
r4-f50-net_yield,4,net_yield,0.5,grid-r0.12-n1.6-s62001,62001,0.12,1.6,256,0.7934218436698195,0.0,0.757054281766442,9.736655925962623e-14,7.775757463352378e-17,0,0.478515625,0.6223958333333334,224.04166666666666,0.8065781563301777,1.2636226809199347,15.583333333333334,0.5678051894144657,0.2909530301720891,101.31940309896855,107.53999999999982,0.0,0.49588865229363716,0.4731589261040262
r0-f00-nearest,0,nearest,0.0,grid-r0.12-n1.6-s62002,62002,0.12,1.6,256,0.16603219829987306,0.912353515625,0.006062035217939217,6.17284001691587e-14,6.732578311420497e-17,0,0.33935546875,0.3406575520833333,134.5,1.4339678017001303,0.04845802340299103,6.416666666666667,0.0012455567930504895,0.0009970989201903548,21.18009834522635,64.56000000000004,0.0,0.10377012393742066,0.0037887720112120106
r0-f00-net_yield,0,net_yield,0.0,grid-r0.12-n1.6-s62002,62002,0.12,1.6,256,0.16503562435154628,0.912353515625,0.004836304290512467,6.17284001691587e-14,6.732578311420497e-17,0,0.3518880208333333,0.3531901041666667,138.66666666666666,1.4349643756484571,0.04360694601400493,6.291666666666667,0.0013124047977427545,0.001099659883480294,21.093580463678276,66.56000000000004,0.0,0.10314726521971643,0.0030226901815702915
r0-f25-nearest,0,nearest,0.25,grid-r0.12-n1.6-s62002,62002,0.12,1.6,256,0.7116356977879614,0.0,0.6573810898853417,9.375833442959447e-14,6.732578311420497e-17,0,0.4928385416666667,0.494140625,190,0.8883643022120354,0.06250000800000005,9.291666666666666,0.39983000560289816,0.31844262039733406,90.1426474979846,91.20000000000005,0.0,0.4447723111174759,0.41086318117833853
r0-f25-net_yield,0,net_yield,0.25,grid-r0.12-n1.6-s62002,62002,0.12,1.6,256,0.7243203925976579,0.0,0.6594562799502314,9.375833442959447e-14,6.732578311420497e-17,0,0.484375,0.4856770833333333,184.16666666666666,0.8756796074023389,0.0691666746666667,8.333333333333334,0.35609795941345906,0.2514366837052589,91.67927535330652,88.40000000000006,0.0,0.45270024537353615,0.41216017496889457
r0-f50-nearest,0,nearest,0.5,grid-r0.12-n1.6-s62002,62002,0.12,1.6,256,0.7405157608199666,0.0,0.7098008766192545,7.763234499691407e-14,6.732578311420497e-17,0,0.5,0.5013020833333334,193,0.85948423918003,0.06083334133333339,7,0.6351894676442257,0.477282741594351,93.79242519734464,92.63999999999999,0.0,0.4628223505124791,0.44362554788703407
r0-f50-net_yield,0,net_yield,0.5,grid-r0.12-n1.6-s62002,62002,0.12,1.6,256,0.7817029659465448,0.0,0.7422717077054983,8.429368314466501e-14,6.732578311420497e-17,0,0.4781901041666667,0.4794921875,183.375,0.8182970340534518,0.060000008000000035,7.166666666666667,0.628993694010192,0.37194252003886363,98.86210250954254,88.02000000000005,0.0,0.48856435371659046,0.46391981731593646
r2-f00-nearest,2,nearest,0.0,grid-r0.12-n1.6-s62002,62002,0.12,1.6,256,0.1628515942706799,0.924072265625,0.006279277945645978,7.327471962526033e-14,9.328793471441106e-17,0,0.3435872395833333,0.3502604166666667,138.5,1.4371484057293236,0.04268051868649959,5.75,0.002628481518928007,0.0024138225383954146,20.817643421378236,66.48000000000005,0.0,0.10178224641917494,0.003924548716028736
r2-f00-net_yield,2,net_yield,0.0,grid-r0.12-n1.6-s62002,62002,0.12,1.6,256,0.16318626587099203,0.924072265625,0.005429570384491507,7.327471962526033e-14,9.328793471441106e-17,0,0.3349609375,0.3416341145833333,133.91666666666666,1.4368137341290115,0.04279400382107604,5.458333333333333,0.0012270076338100453,0.0009520454786451837,20.814764767409816,64.28000000000004,0.0,0.10199141616937,0.003393481490307192
r2-f25-nearest,2,nearest,0.25,grid-r0.12-n1.6-s62002,62002,0.12,1.6,256,0.6526667791670953,0.054443359375,0.5672510106840271,7.327471962526033e-14,9.328793471441106e-17,0,0.4786783854166667,0.5515950520833334,202.91666666666666,0.9473332208329022,0.5245881236346028,15.791666666666666,0.3021530990232351,0.16513926629582235,83.10152665652797,97.39999999999998,0.0,0.40791673697943454,0.35453188167751687
r2-f25-net_yield,2,net_yield,0.25,grid-r0.12-n1.6-s62002,62002,0.12,1.6,256,0.6678695814695802,0.0390625,0.6052316481617027,7.327471962526033e-14,9.328793471441106e-17,0,0.4718424479166667,0.5491536458333334,200.04166666666666,0.9321304185304171,0.6289185612845554,15.125,0.3239796784245822,0.23052420278868432,85.030709265713,96.02,0.0,0.4174184884184876,0.37826978010106416
r2-f50-nearest,2,nearest,0.5,grid-r0.12-n1.6-s62002,62002,0.12,1.6,256,0.7806678333152894,0.00927734375,0.7602477021453644,8.490430580820885e-14,9.328793471441106e-17,0,0.4855143229166667,0.5828450520833334,212.79166666666666,0.8193321666847079,0.5909033830030072,15.25,0.5691777952961856,0.3387706807472498,99.28050712410653,102.13999999999992,0.0,0.4879173958220559,0.47515481384085273
r2-f50-net_yield,2,net_yield,0.5,grid-r0.12-n1.6-s62002,62002,0.12,1.6,256,0.7765789999026808,0.011474609375,0.7406193969170747,8.83182416089312e-14,9.328793471441106e-17,0,0.4853515625,0.5841471354166666,210.20833333333334,0.8234210000973167,1.0198058862360742,15.625,0.5814446850012454,0.35668638581886036,98.95258605452541,100.89999999999993,0.0,0.48536187493917543,0.46288712307317165
r4-f00-nearest,4,nearest,0.0,grid-r0.12-n1.6-s62002,62002,0.12,1.6,256,0.15638454060282833,0.9365234375,0.0053252969506798935,8.981704269217516e-14,8.827144473296239e-17,0,0.3352864583333333,0.3492838541666667,138.25,1.4436154593971753,0.048354850497628735,6,0.0010125895273510742,0.0007015148320364123,20.007084364810602,66.36000000000004,0.0,0.0977403378767677,0.0033283105941749333
r4-f00-net_yield,4,net_yield,0.0,grid-r0.12-n1.6-s62002,62002,0.12,1.6,256,0.1562392078460436,0.9365234375,0.004857125850676136,8.981704269217516e-14,8.827144473296239e-17,0,0.3416341145833333,0.3556315104166667,139.75,1.44376079215396,0.04181398387462175,6,0.0020739647406480826,0.0019142368286341953,20.000351604471067,67.08000000000006,0.0,0.09764950490377723,0.0030357036566725846
r4-f25-nearest,4,nearest,0.25,grid-r0.12-n1.6-s62002,62002,0.12,1.6,256,0.6676467840339992,0.02587890625,0.6002327983466339,8.981704269217516e-14,8.827144473296239e-17,0,0.4954427083333333,0.5901692708333334,216.58333333333334,0.9323532159659982,0.7502540202785473,15.458333333333334,0.3023463070304368,0.20025338441347854,85.22424362431804,103.95999999999988,0.0,0.4172792400212495,0.3751454989666462
r4-f25-net_yield,4,net_yield,0.25,grid-r0.12-n1.6-s62002,62002,0.12,1.6,256,0.6611681481134425,0.042724609375,0.5865295821092862,8.981704269217516e-14,8.827144473296239e-17,0,0.482421875,0.5851236979166666,213.25,0.9388318518865549,0.7762394610669446,15.291666666666666,0.300745118656787,0.2238146556252108,84.39197651172661,102.35999999999991,0.0,0.41323009257090154,0.36658098881830387
r4-f50-nearest,4,nearest,0.5,grid-r0.12-n1.6-s62002,62002,0.12,1.6,256,0.7840844974894978,0.0,0.7453556520793575,1.0441647546599597e-13,7.769129112996817e-17,0,0.4733072916666667,0.6085611979166666,223.91666666666666,0.8159155025104995,1.362795462177011,15.166666666666666,0.5527595954946228,0.28659771234295306,100.19596415648435,107.47999999999982,0.0,0.4900528109309361,0.4658472825495984
r4-f50-net_yield,4,net_yield,0.5,grid-r0.12-n1.6-s62002,62002,0.12,1.6,256,0.7741580009805735,0.013427734375,0.7593949513646508,1.028066520802895e-13,7.769129112996817e-17,0,0.4646809895833333,0.5992838541666666,216.95833333333334,0.8258419990194237,0.9983832288240294,15.458333333333334,0.5569632004782262,0.29473561549006544,98.70465215339652,104.13999999999987,0.0,0.4838487506128584,0.47462184460290674
r0-f00-nearest,0,nearest,0.0,grid-r0.24-n0.8-s62001,62001,0.24,0.8,256,0.8000000000000029,0.0,0.7999999999999992,1.3744561044859438e-13,1.5231729324680084e-16,0,0.0,0.0026041666666666665,0.3333333333333333,0.0,0.08000000799999996,1,0.878333837826722,0.0,99.37306122840872,0.16,0.0,1.0000000000000036,0.9999999999999989
r0-f00-net_yield,0,net_yield,0.0,grid-r0.24-n0.8-s62001,62001,0.24,0.8,256,0.8000000000000029,0.0,0.7999999999999992,1.3744561044859438e-13,1.5231729324680084e-16,0,0.0,0.0026041666666666665,0.3333333333333333,0.0,0.08000000799999996,1,0.878333837826722,0.0,99.37306122840872,0.16,0.0,1.0000000000000036,0.9999999999999989
r0-f25-nearest,0,nearest,0.25,grid-r0.24-n0.8-s62001,62001,0.24,0.8,256,0.8000000000000029,0.0,0.7999999999999992,1.3744561044859438e-13,1.5231729324680084e-16,0,0.0,0.0026041666666666665,0.3333333333333333,0.0,0.08000000799999996,1,0.878333837826722,0.0,99.37306122840872,0.16,0.0,1.0000000000000036,0.9999999999999989
r0-f25-net_yield,0,net_yield,0.25,grid-r0.24-n0.8-s62001,62001,0.24,0.8,256,0.8000000000000029,0.0,0.7999999999999992,1.3744561044859438e-13,1.5231729324680084e-16,0,0.0,0.0026041666666666665,0.3333333333333333,0.0,0.08000000799999996,1,0.878333837826722,0.0,99.37306122840872,0.16,0.0,1.0000000000000036,0.9999999999999989
r0-f50-nearest,0,nearest,0.5,grid-r0.24-n0.8-s62001,62001,0.24,0.8,256,0.8000000000000029,0.0,0.7999999999999992,1.3744561044859438e-13,1.5231729324680084e-16,0,0.0,0.0026041666666666665,0.3333333333333333,0.0,0.08000000799999996,1,0.878333837826722,0.0,99.37306122840872,0.16,0.0,1.0000000000000036,0.9999999999999989
r0-f50-net_yield,0,net_yield,0.5,grid-r0.24-n0.8-s62001,62001,0.24,0.8,256,0.8000000000000029,0.0,0.7999999999999992,1.3744561044859438e-13,1.5231729324680084e-16,0,0.0,0.0026041666666666665,0.3333333333333333,0.0,0.08000000799999996,1,0.878333837826722,0.0,99.37306122840872,0.16,0.0,1.0000000000000036,0.9999999999999989
r2-f00-nearest,2,nearest,0.0,grid-r0.24-n0.8-s62001,62001,0.24,0.8,256,0.8000000000000029,0.0,0.7999999999999992,1.3034018309099338e-13,1.1180226614547553e-16,0,0.0,0.0,0.3333333333333333,0.0,1.6800000080000002,1,0.878333837826722,0.0,100.15673469779648,0.16,0.0,1.0000000000000036,0.9999999999999989
r2-f00-net_yield,2,net_yield,0.0,grid-r0.24-n0.8-s62001,62001,0.24,0.8,256,0.8000000000000029,0.0,0.7999999999999992,1.3034018309099338e-13,1.1180226614547553e-16,0,0.0,0.0,0.3333333333333333,0.0,1.6800000080000002,1,0.878333837826722,0.0,100.15673469779648,0.16,0.0,1.0000000000000036,0.9999999999999989
r2-f25-nearest,2,nearest,0.25,grid-r0.24-n0.8-s62001,62001,0.24,0.8,256,0.8000000000000029,0.0,0.7999999999999992,1.3034018309099338e-13,1.1180226614547553e-16,0,0.0,0.0,0.3333333333333333,0.0,1.6800000080000002,1,0.878333837826722,0.0,100.15673469779648,0.16,0.0,1.0000000000000036,0.9999999999999989
r2-f25-net_yield,2,net_yield,0.25,grid-r0.24-n0.8-s62001,62001,0.24,0.8,256,0.8000000000000029,0.0,0.7999999999999992,1.3034018309099338e-13,1.1180226614547553e-16,0,0.0,0.0,0.3333333333333333,0.0,1.6800000080000002,1,0.878333837826722,0.0,100.15673469779648,0.16,0.0,1.0000000000000036,0.9999999999999989
r2-f50-nearest,2,nearest,0.5,grid-r0.24-n0.8-s62001,62001,0.24,0.8,256,0.8000000000000029,0.0,0.7999999999999992,1.3034018309099338e-13,1.1180226614547553e-16,0,0.0,0.0,0.3333333333333333,0.0,1.6800000080000002,1,0.878333837826722,0.0,100.15673469779648,0.16,0.0,1.0000000000000036,0.9999999999999989
r2-f50-net_yield,2,net_yield,0.5,grid-r0.24-n0.8-s62001,62001,0.24,0.8,256,0.8000000000000029,0.0,0.7999999999999992,1.3034018309099338e-13,1.1180226614547553e-16,0,0.0,0.0,0.3333333333333333,0.0,1.6800000080000002,1,0.878333837826722,0.0,100.15673469779648,0.16,0.0,1.0000000000000036,0.9999999999999989
r4-f00-nearest,4,nearest,0.0,grid-r0.24-n0.8-s62001,62001,0.24,0.8,256,0.8000000000000029,0.0,0.7999999999999992,1.372790769949006e-13,1.7432622869423e-16,0,0.0,0.0,0.3333333333333333,0.0,3.280000008,1,0.878333837826722,0.0,100.94040816718424,0.16,0.0,1.0000000000000036,0.9999999999999989
r4-f00-net_yield,4,net_yield,0.0,grid-r0.24-n0.8-s62001,62001,0.24,0.8,256,0.8000000000000029,0.0,0.7999999999999992,1.372790769949006e-13,1.7432622869423e-16,0,0.0,0.0,0.3333333333333333,0.0,3.280000008,1,0.878333837826722,0.0,100.94040816718424,0.16,0.0,1.0000000000000036,0.9999999999999989
r4-f25-nearest,4,nearest,0.25,grid-r0.24-n0.8-s62001,62001,0.24,0.8,256,0.8000000000000029,0.0,0.7999999999999992,1.372790769949006e-13,1.7432622869423e-16,0,0.0,0.0,0.3333333333333333,0.0,3.280000008,1,0.878333837826722,0.0,100.94040816718424,0.16,0.0,1.0000000000000036,0.9999999999999989
r4-f25-net_yield,4,net_yield,0.25,grid-r0.24-n0.8-s62001,62001,0.24,0.8,256,0.8000000000000029,0.0,0.7999999999999992,1.372790769949006e-13,1.7432622869423e-16,0,0.0,0.0,0.3333333333333333,0.0,3.280000008,1,0.878333837826722,0.0,100.94040816718424,0.16,0.0,1.0000000000000036,0.9999999999999989
r4-f50-nearest,4,nearest,0.5,grid-r0.24-n0.8-s62001,62001,0.24,0.8,256,0.8000000000000029,0.0,0.7999999999999992,1.372790769949006e-13,1.7432622869423e-16,0,0.0,0.0,0.3333333333333333,0.0,3.280000008,1,0.878333837826722,0.0,100.94040816718424,0.16,0.0,1.0000000000000036,0.9999999999999989
r4-f50-net_yield,4,net_yield,0.5,grid-r0.24-n0.8-s62001,62001,0.24,0.8,256,0.8000000000000029,0.0,0.7999999999999992,1.372790769949006e-13,1.7432622869423e-16,0,0.0,0.0,0.3333333333333333,0.0,3.280000008,1,0.878333837826722,0.0,100.94040816718424,0.16,0.0,1.0000000000000036,0.9999999999999989
r0-f00-nearest,0,nearest,0.0,grid-r0.24-n0.8-s62002,62002,0.24,0.8,256,0.8000000000000029,0.0,0.7999999999999992,1.4455103780619538e-13,1.30452997075625e-16,0,0.0,0.0026041666666666665,0.3333333333333333,0.0,0.08000000799999996,1,0.8780902964622272,0.0,99.37306122840872,0.16,0.0,1.0000000000000036,0.9999999999999989
r0-f00-net_yield,0,net_yield,0.0,grid-r0.24-n0.8-s62002,62002,0.24,0.8,256,0.8000000000000029,0.0,0.7999999999999992,1.4455103780619538e-13,1.30452997075625e-16,0,0.0,0.0026041666666666665,0.3333333333333333,0.0,0.08000000799999996,1,0.8780902964622272,0.0,99.37306122840872,0.16,0.0,1.0000000000000036,0.9999999999999989
r0-f25-nearest,0,nearest,0.25,grid-r0.24-n0.8-s62002,62002,0.24,0.8,256,0.8000000000000029,0.0,0.7999999999999992,1.4455103780619538e-13,1.30452997075625e-16,0,0.0,0.0026041666666666665,0.3333333333333333,0.0,0.08000000799999996,1,0.8780902964622272,0.0,99.37306122840872,0.16,0.0,1.0000000000000036,0.9999999999999989
r0-f25-net_yield,0,net_yield,0.25,grid-r0.24-n0.8-s62002,62002,0.24,0.8,256,0.8000000000000029,0.0,0.7999999999999992,1.4455103780619538e-13,1.30452997075625e-16,0,0.0,0.0026041666666666665,0.3333333333333333,0.0,0.08000000799999996,1,0.8780902964622272,0.0,99.37306122840872,0.16,0.0,1.0000000000000036,0.9999999999999989
r0-f50-nearest,0,nearest,0.5,grid-r0.24-n0.8-s62002,62002,0.24,0.8,256,0.8000000000000029,0.0,0.7999999999999992,1.4455103780619538e-13,1.30452997075625e-16,0,0.0,0.0026041666666666665,0.3333333333333333,0.0,0.08000000799999996,1,0.8780902964622272,0.0,99.37306122840872,0.16,0.0,1.0000000000000036,0.9999999999999989
r0-f50-net_yield,0,net_yield,0.5,grid-r0.24-n0.8-s62002,62002,0.24,0.8,256,0.8000000000000029,0.0,0.7999999999999992,1.4455103780619538e-13,1.30452997075625e-16,0,0.0,0.0026041666666666665,0.3333333333333333,0.0,0.08000000799999996,1,0.8780902964622272,0.0,99.37306122840872,0.16,0.0,1.0000000000000036,0.9999999999999989
r2-f00-nearest,2,nearest,0.0,grid-r0.24-n0.8-s62002,62002,0.24,0.8,256,0.8000000000000029,0.0,0.7999999999999992,1.4099832412739488e-13,1.1228300715650198e-16,0,0.0,0.0,0.3333333333333333,0.0,1.6800000080000002,1,0.8780902964622272,0.0,100.15673469779648,0.16,0.0,1.0000000000000036,0.9999999999999989
r2-f00-net_yield,2,net_yield,0.0,grid-r0.24-n0.8-s62002,62002,0.24,0.8,256,0.8000000000000029,0.0,0.7999999999999992,1.4099832412739488e-13,1.1228300715650198e-16,0,0.0,0.0,0.3333333333333333,0.0,1.6800000080000002,1,0.8780902964622272,0.0,100.15673469779648,0.16,0.0,1.0000000000000036,0.9999999999999989
r2-f25-nearest,2,nearest,0.25,grid-r0.24-n0.8-s62002,62002,0.24,0.8,256,0.8000000000000029,0.0,0.7999999999999992,1.4099832412739488e-13,1.1228300715650198e-16,0,0.0,0.0,0.3333333333333333,0.0,1.6800000080000002,1,0.8780902964622272,0.0,100.15673469779648,0.16,0.0,1.0000000000000036,0.9999999999999989
r2-f25-net_yield,2,net_yield,0.25,grid-r0.24-n0.8-s62002,62002,0.24,0.8,256,0.8000000000000029,0.0,0.7999999999999992,1.4099832412739488e-13,1.1228300715650198e-16,0,0.0,0.0,0.3333333333333333,0.0,1.6800000080000002,1,0.8780902964622272,0.0,100.15673469779648,0.16,0.0,1.0000000000000036,0.9999999999999989
r2-f50-nearest,2,nearest,0.5,grid-r0.24-n0.8-s62002,62002,0.24,0.8,256,0.8000000000000029,0.0,0.7999999999999992,1.4099832412739488e-13,1.1228300715650198e-16,0,0.0,0.0,0.3333333333333333,0.0,1.6800000080000002,1,0.8780902964622272,0.0,100.15673469779648,0.16,0.0,1.0000000000000036,0.9999999999999989
r2-f50-net_yield,2,net_yield,0.5,grid-r0.24-n0.8-s62002,62002,0.24,0.8,256,0.8000000000000029,0.0,0.7999999999999992,1.4099832412739488e-13,1.1228300715650198e-16,0,0.0,0.0,0.3333333333333333,0.0,1.6800000080000002,1,0.8780902964622272,0.0,100.15673469779648,0.16,0.0,1.0000000000000036,0.9999999999999989
r4-f00-nearest,4,nearest,0.0,grid-r0.24-n0.8-s62002,62002,0.24,0.8,256,0.8000000000000029,0.0,0.7999999999999992,1.372790769949006e-13,1.3388019223235072e-16,0,0.0,0.0,0.3333333333333333,0.0,3.280000008,1,0.8780902964622272,0.0,100.94040816718424,0.16,0.0,1.0000000000000036,0.9999999999999989
r4-f00-net_yield,4,net_yield,0.0,grid-r0.24-n0.8-s62002,62002,0.24,0.8,256,0.8000000000000029,0.0,0.7999999999999992,1.372790769949006e-13,1.3388019223235072e-16,0,0.0,0.0,0.3333333333333333,0.0,3.280000008,1,0.8780902964622272,0.0,100.94040816718424,0.16,0.0,1.0000000000000036,0.9999999999999989
r4-f25-nearest,4,nearest,0.25,grid-r0.24-n0.8-s62002,62002,0.24,0.8,256,0.8000000000000029,0.0,0.7999999999999992,1.372790769949006e-13,1.3388019223235072e-16,0,0.0,0.0,0.3333333333333333,0.0,3.280000008,1,0.8780902964622272,0.0,100.94040816718424,0.16,0.0,1.0000000000000036,0.9999999999999989
r4-f25-net_yield,4,net_yield,0.25,grid-r0.24-n0.8-s62002,62002,0.24,0.8,256,0.8000000000000029,0.0,0.7999999999999992,1.372790769949006e-13,1.3388019223235072e-16,0,0.0,0.0,0.3333333333333333,0.0,3.280000008,1,0.8780902964622272,0.0,100.94040816718424,0.16,0.0,1.0000000000000036,0.9999999999999989
r4-f50-nearest,4,nearest,0.5,grid-r0.24-n0.8-s62002,62002,0.24,0.8,256,0.8000000000000029,0.0,0.7999999999999992,1.372790769949006e-13,1.3388019223235072e-16,0,0.0,0.0,0.3333333333333333,0.0,3.280000008,1,0.8780902964622272,0.0,100.94040816718424,0.16,0.0,1.0000000000000036,0.9999999999999989
r4-f50-net_yield,4,net_yield,0.5,grid-r0.24-n0.8-s62002,62002,0.24,0.8,256,0.8000000000000029,0.0,0.7999999999999992,1.372790769949006e-13,1.3388019223235072e-16,0,0.0,0.0,0.3333333333333333,0.0,3.280000008,1,0.8780902964622272,0.0,100.94040816718424,0.16,0.0,1.0000000000000036,0.9999999999999989
r0-f00-nearest,0,nearest,0.0,grid-r0.24-n1.2-s62001,62001,0.24,1.2,256,1.1410936923432449,0.075927734375,0.9706028987210652,1.0980105713542798e-13,1.1378283488214229e-16,0,0.030110677083333332,0.031412760416666664,12.791666666666666,0.058906307656749986,0.0746325628203476,2.2083333333333335,0.25785468662384226,0.0016216386817238132,142.26144545438024,6.1400000000000015,0.0,0.9509114102860374,0.808835748934221
r0-f00-net_yield,0,net_yield,0.0,grid-r0.24-n1.2-s62001,62001,0.24,1.2,256,1.142094289328075,0.073486328125,0.9746052866603859,1.0980105713542798e-13,1.1378283488214229e-16,0,0.0283203125,0.029622395833333332,11.916666666666666,0.05790571067191981,0.06484687068451399,2.0833333333333335,0.3138234002140219,0.09765519227846287,142.37354364343201,5.720000000000001,0.0,0.9517452411067292,0.8121710722169883
r0-f25-nearest,0,nearest,0.25,grid-r0.24-n1.2-s62001,62001,0.24,1.2,256,1.1935546874999943,0.0,1.1796875000000016,9.9253938401489e-14,1.1378283488214229e-16,0,0.00537109375,0.006673177083333333,2.7916666666666665,0.0064453125,0.08000000800000007,1.2916666666666667,0.7245780079926809,0.05231208467817959,148.74408163657182,1.34,0.0,0.9946289062499952,0.983072916666668
r0-f25-net_yield,0,net_yield,0.25,grid-r0.24-n1.2-s62001,62001,0.24,1.2,256,1.1935546874999943,0.0,1.1796875000000016,9.9253938401489e-14,1.1378283488214229e-16,0,0.00537109375,0.006673177083333333,2.7916666666666665,0.0064453125,0.08000000800000007,1.2916666666666667,0.7245780079926809,0.05231208467817959,148.74408163657182,1.34,0.0,0.9946289062499952,0.983072916666668
r0-f50-nearest,0,nearest,0.5,grid-r0.24-n1.2-s62001,62001,0.24,1.2,256,1.1913467928430246,0.0,1.1911684213721228,8.523737271559639e-14,1.1378283488214229e-16,0,0.007161458333333333,0.008463541666666666,3.625,0.00865320715696971,0.08000000800000007,1.3333333333333333,0.7404949518301569,0.0,148.47540194733872,1.74,0.0,0.9927889940358539,0.9926403511434356
r0-f50-net_yield,0,net_yield,0.5,grid-r0.24-n1.2-s62001,62001,0.24,1.2,256,1.1919921874999944,0.0,1.1937500000000014,8.523737271559639e-14,1.1378283488214229e-16,0,0.006673177083333333,0.007975260416666666,3.375,0.0080078125,0.08000000800000007,1.3333333333333333,0.7385640716257447,0.0,148.55387755493916,1.62,0.0,0.993326822916662,0.9947916666666679
r2-f00-nearest,2,nearest,0.0,grid-r0.24-n1.2-s62001,62001,0.24,1.2,256,1.1390162957418801,0.09423828125,0.9606113009109749,1.454392162258955e-13,1.1939847864938962e-16,0,0.033854166666666664,0.041015625,16.583333333333332,0.060983704258114654,1.0572831392190731,2.125,0.17994399529766578,0.0023188464045375483,142.51940645672275,7.960000000000003,0.0,0.9491802464515668,0.8005094174258125
r2-f00-net_yield,2,net_yield,0.0,grid-r0.24-n1.2-s62001,62001,0.24,1.2,256,1.1390162957418801,0.09423828125,0.9606113009109749,1.454392162258955e-13,1.1939847864938962e-16,0,0.033854166666666664,0.041015625,16.583333333333332,0.060983704258114654,1.0572831392190731,2.125,0.17994399529766578,0.0023188464045375483,142.51940645672275,7.960000000000003,0.0,0.9491802464515668,0.8005094174258125
r2-f25-nearest,2,nearest,0.25,grid-r0.24-n1.2-s62001,62001,0.24,1.2,256,1.1999414062499942,0.0,1.1997916666666681,1.454392162258955e-13,1.1939847864938962e-16,0,0.00146484375,0.006510416666666666,3.2916666666666665,5.8593750000000886e-05,2.480000008,1.2916666666666667,0.7162589299349873,0.0,150.72530612636774,1.58,0.0,0.9999511718749953,0.9998263888888902
r2-f25-net_yield,2,net_yield,0.25,grid-r0.24-n1.2-s62001,62001,0.24,1.2,256,1.1999414062499942,0.0,1.1997916666666681,1.454392162258955e-13,1.1939847864938962e-16,0,0.00146484375,0.006510416666666666,3.2916666666666665,5.8593750000000886e-05,2.480000008,1.2916666666666667,0.7162589299349873,0.0,150.72530612636774,1.58,0.0,0.9999511718749953,0.9998263888888902
r2-f50-nearest,2,nearest,0.5,grid-r0.24-n1.2-s62001,62001,0.24,1.2,256,1.1971263354103743,0.0,1.191137541060202,1.27675647831893e-13,1.1939847864938962e-16,0,0.00830078125,0.022786458333333332,10.125,0.002873664589620203,2.480000008,2.1666666666666665,0.7296253435693858,0.1100388005863588,150.43926948884473,4.86,0.0,0.9976052795086453,0.9926146175501684
r2-f50-net_yield,2,net_yield,0.5,grid-r0.24-n1.2-s62001,62001,0.24,1.2,256,1.1979519388583995,0.0,1.1934635416666681,1.27675647831893e-13,1.1939847864938962e-16,0,0.005696614583333333,0.017578125,7.833333333333333,0.002048061141594862,2.3791666746666666,2,0.7154225251061699,0.1820508177685633,150.47095331710327,3.76,0.0,0.9982932823819995,0.9945529513888901
r4-f00-nearest,4,nearest,0.0,grid-r0.24-n1.2-s62001,62001,0.24,1.2,256,1.1259345946058612,0.104248046875,0.9046365823682292,1.13464793116691e-13,1.095996961228116e-16,0,0.03564453125,0.04833984375,19.583333333333332,0.07406540539413364,1.8596232142298774,2.0833333333333335,0.19493808933427395,0.0025993819366052465,141.3014919673464,9.400000000000004,0.0,0.9382788288382177,0.753863818640191
r4-f00-net_yield,4,net_yield,0.0,grid-r0.24-n1.2-s62001,62001,0.24,1.2,256,1.1246081167674258,0.104248046875,0.8993306710144868,1.13464793116691e-13,1.095996961228116e-16,0,0.036295572916666664,0.048990885416666664,19.666666666666668,0.07539188323256923,1.6598280164173727,2.0833333333333335,0.2158711245581446,0.001919856604288919,141.03812534312502,9.440000000000003,0.0,0.9371734306395215,0.7494422258454058
r4-f25-nearest,4,nearest,0.25,grid-r0.24-n1.2-s62001,62001,0.24,1.2,256,1.1999999999999942,0.0,1.2000000000000015,1.13464793116691e-13,1.095996961228116e-16,0,0.0,0.006673177083333333,3.375,0.0,4.880000008,1.2916666666666667,0.7242651330652949,0.0,151.9089795957555,1.6199999999999999,0.0,0.9999999999999952,1.0000000000000013
r4-f25-net_yield,4,net_yield,0.25,grid-r0.24-n1.2-s62001,62001,0.24,1.2,256,1.1999999999999942,0.0,1.2000000000000015,1.13464793116691e-13,1.095996961228116e-16,0,0.0,0.006673177083333333,3.375,0.0,4.880000008,1.2916666666666667,0.7242651330652949,0.0,151.9089795957555,1.6199999999999999,0.0,0.9999999999999952,1.0000000000000013
r4-f50-nearest,4,nearest,0.5,grid-r0.24-n1.2-s62001,62001,0.24,1.2,256,1.1997153848584807,0.0,1.1991734920711004,1.454392162258955e-13,1.095996961228116e-16,0,0.0016276041666666665,0.07242838541666667,29.041666666666668,0.00028461514151351016,3.9948981038762787,2.625,0.754407963836293,0.33409897910676284,151.69120161354252,13.940000000000005,0.0,0.9997628207154007,0.9993112433925837
r4-f50-net_yield,4,net_yield,0.5,grid-r0.24-n1.2-s62001,62001,0.24,1.2,256,1.199942388559223,0.0,1.1997695542369173,1.1368683772161603e-13,1.095996961228116e-16,0,0.00016276041666666666,0.026529947916666664,11.25,5.7611440771032704e-05,4.727500008,2.5,0.7494544797244076,0.03968634017205333,151.90420480612084,5.4,0.0,0.9999519904660192,0.9998079618640978
r0-f00-nearest,0,nearest,0.0,grid-r0.24-n1.2-s62002,62002,0.24,1.2,256,1.1640561355255543,0.042724609375,1.0562245421022398,1.1024514634527804e-13,1.2596603845825843e-16,0,0.016764322916666668,0.01806640625,7.166666666666667,0.03594386447444035,0.07255077442936773,1.5416666666666667,0.5317305572893006,0.0628825666173463,145.08453296439512,3.4400000000000004,0.0,0.9700467796046286,0.8801871184185333
r0-f00-net_yield,0,net_yield,0.0,grid-r0.24-n1.2-s62002,62002,0.24,1.2,256,1.1640561355255543,0.042724609375,1.0562245421022398,1.1024514634527804e-13,1.2596603845825843e-16,0,0.016764322916666668,0.01806640625,7.166666666666667,0.03594386447444035,0.07255077442936773,1.5416666666666667,0.5317305572893006,0.0628825666173463,145.08453296439512,3.4400000000000004,0.0,0.9700467796046286,0.8801871184185333
r0-f25-nearest,0,nearest,0.25,grid-r0.24-n1.2-s62002,62002,0.24,1.2,256,1.1914062499999942,0.0,1.1703125000000014,1.1024514634527804e-13,1.2596603845825843e-16,0,0.007161458333333333,0.008463541666666666,3.4583333333333335,0.008593749999999999,0.07750000800000006,1.25,0.706145615142671,0.02193031429419235,148.48000000391875,1.66,0.0,0.9928385416666619,0.9752604166666679
r0-f25-net_yield,0,net_yield,0.25,grid-r0.24-n1.2-s62002,62002,0.24,1.2,256,1.1910156249999944,0.0,1.1687500000000015,1.1024514634527804e-13,1.2596603845825843e-16,0,0.007486979166666666,0.0087890625,3.6666666666666665,0.008984375,0.08000000800000007,1.3333333333333333,0.7044725528125182,0.0,148.43428571820448,1.76,0.0,0.9925130208333287,0.9739583333333346
r0-f50-nearest,0,nearest,0.5,grid-r0.24-n1.2-s62002,62002,0.24,1.2,256,1.1890624999999944,0.0,1.1835937500000016,1.1024514634527804e-13,1.2596603845825843e-16,0,0.009114583333333332,0.010416666666666666,4.458333333333333,0.0109375,0.0783333413333334,1.2916666666666667,0.7525434214096862,0.0,148.196326534531,2.14,0.0,0.990885416666662,0.9863281250000013
r0-f50-net_yield,0,net_yield,0.5,grid-r0.24-n1.2-s62002,62002,0.24,1.2,256,1.1890624999999944,0.0,1.1835937500000016,1.1024514634527804e-13,1.2596603845825843e-16,0,0.009114583333333332,0.010416666666666666,4.458333333333333,0.0109375,0.0783333413333334,1.2916666666666667,0.7525434214096862,0.0,148.196326534531,2.14,0.0,0.990885416666662,0.9863281250000013
r2-f00-nearest,2,nearest,0.0,grid-r0.24-n1.2-s62002,62002,0.24,1.2,256,1.1673212054347724,0.055419921875,1.0692848217391122,1.383337888682945e-13,9.431944312770732e-17,0,0.017252604166666668,0.02197265625,9.458333333333334,0.03267879456522225,1.872149003162115,1.8333333333333333,0.41109296390131345,0.0008669262950345005,146.3978175972894,4.540000000000001,0.0,0.9727676711956437,0.8910706847825935
r2-f00-net_yield,2,net_yield,0.0,grid-r0.24-n1.2-s62002,62002,0.24,1.2,256,1.171133984646727,0.057861328125,1.0845359385869313,1.383337888682945e-13,9.431944312770732e-17,0,0.018880208333333332,0.025390625,10.5,0.028866015353267452,1.3708045306073184,2,0.34672071150482503,0.0009029236670322497,146.64054102865543,5.040000000000001,0.0,0.9759449872056059,0.9037799488224428
r2-f25-nearest,2,nearest,0.25,grid-r0.24-n1.2-s62002,62002,0.24,1.2,256,1.1982651092910068,0.0,1.193112520497385,1.383337888682945e-13,9.431944312770732e-17,0,0.00439453125,0.011067708333333332,5.041666666666667,0.0017348907089874668,2.480000008,1.4583333333333333,0.6947392829055079,0.044395575099464464,150.53226187093875,2.4200000000000004,0.0,0.9985542577425057,0.9942604337478208
r2-f25-net_yield,2,net_yield,0.25,grid-r0.24-n1.2-s62002,62002,0.24,1.2,256,1.1979848087761424,0.0,1.1919913184379272,1.383337888682945e-13,9.431944312770732e-17,0,0.005696614583333333,0.013671875,6.083333333333333,0.0020151912238519014,2.480000008,1.5,0.6740676674981543,0.06972761535960932,150.50731970025862,2.9200000000000004,0.0,0.9983206739801187,0.9933260986982727
r2-f50-nearest,2,nearest,0.5,grid-r0.24-n1.2-s62002,62002,0.24,1.2,256,1.1978701752241885,0.0,1.1963158725155245,1.383337888682945e-13,9.431944312770732e-17,0,0.006510416666666666,0.018391927083333332,8.291666666666666,0.002129824775805864,2.480000008,1.9583333333333333,0.7344040019584723,0.0625,150.514578709581,3.98,0.0,0.9982251460201571,0.9969298937629372
r2-f50-net_yield,2,net_yield,0.5,grid-r0.24-n1.2-s62002,62002,0.24,1.2,256,1.1990197872766861,0.0,1.197473958333335,1.41886502547095e-13,9.431944312770732e-17,0,0.0048828125,0.01611328125,7.333333333333333,0.0009802127233081652,2.480000008,1.8333333333333333,0.7323352094590437,0.0625,150.6493382289799,3.52,0.0,0.9991831560639052,0.9978949652777791
r4-f00-nearest,4,nearest,0.0,grid-r0.24-n1.2-s62002,62002,0.24,1.2,256,1.1594299424642145,0.0751953125,1.039029141744644,1.0635936575909e-13,8.044084994453165e-17,0,0.020345052083333332,0.033365885416666664,13.875,0.04057005753578017,2.451158912161326,2.0833333333333335,0.29270582866493966,0.0008447371002704197,145.7352118447358,6.660000000000002,0.0,0.9661916187201788,0.8658576181205367
r4-f00-net_yield,4,net_yield,0.0,grid-r0.24-n1.2-s62002,62002,0.24,1.2,256,1.159663956946518,0.0771484375,1.0399651996738584,1.0635936575909e-13,8.044084994453165e-17,0,0.02294921875,0.037923177083333336,15.416666666666666,0.040336043053476614,1.862908019689296,2.0833333333333335,0.267423509630385,0.06354265328011502,145.4915335500408,7.400000000000002,0.0,0.966386630788765,0.866637666394882
r4-f25-nearest,4,nearest,0.25,grid-r0.24-n1.2-s62002,62002,0.24,1.2,256,1.199635856433676,0.0,1.1985434257347292,1.241229341530925e-13,8.044084994453165e-17,0,0.0006510416666666666,0.01513671875,6.583333333333333,0.0003641435663181095,4.858071875912909,1.375,0.6823033363183654,0.03443484000838126,151.8840087132749,3.1600000000000006,0.0,0.9996965470280633,0.9987861881122744
r4-f25-net_yield,4,net_yield,0.25,grid-r0.24-n1.2-s62002,62002,0.24,1.2,256,1.1993376783409155,0.0,1.1973507133636871,1.170175067954915e-13,8.044084994453165e-17,0,0.0011393229166666665,0.014485677083333332,6.291666666666667,0.0006623216590786099,4.575000008,1.625,0.6915622174542452,0.14887578567372053,151.70511624323757,3.0200000000000005,0.0,0.9994480652840964,0.997792261136406
r4-f50-nearest,4,nearest,0.5,grid-r0.24-n1.2-s62002,62002,0.24,1.2,256,1.1999001367757633,0.0,1.199696465305299,1.13464793116691e-13,8.044084994453165e-17,0,0.00048828125,0.021484375,9.416666666666666,9.986322423087949e-05,4.588948301889471,2.0416666666666665,0.7399541028117188,0.07975824262045206,151.81308570603457,4.5200000000000005,0.0,0.9999167806464695,0.9997470544210826
r4-f50-net_yield,4,net_yield,0.5,grid-r0.24-n1.2-s62002,62002,0.24,1.2,256,1.1999201694931647,0.0,1.1996806779726834,1.2534417948018017e-13,8.044084994453165e-17,0,0.0003255208333333333,0.02685546875,11.291666666666666,7.983050682950916e-05,4.727500008,2.0416666666666665,0.7484192221694268,0.096817365881155,151.90182697057264,5.420000000000001,0.0,0.9999334745776373,0.9997338983105696
r0-f00-nearest,0,nearest,0.0,grid-r0.24-n1.6-s62001,62001,0.24,1.6,256,0.2886457667932201,0.8486328125,0.010658002375265124,1.4699352846037073e-13,1.2906394279250893e-16,0,0.3273111979166667,0.32861328125,129.45833333333334,1.3113542332067816,0.0504044515869066,5.875,0.002571495293029035,0.0023514130540221037,36.505904041135295,62.14000000000004,0.0,0.18040360424576257,0.006661251484540703
r0-f00-net_yield,0,net_yield,0.0,grid-r0.24-n1.6-s62001,62001,0.24,1.6,256,0.2883295255408053,0.8486328125,0.009511876215902122,1.4699352846037073e-13,1.2906394279250893e-16,0,0.3359375,0.3372395833333333,132.04166666666666,1.3116704744591965,0.040971398833899546,5.958333333333333,0.0023933138627700067,0.0021797763557359407,36.48693711213716,63.380000000000045,0.0,0.1802059534630033,0.0059449226349388255
r0-f25-nearest,0,nearest,0.25,grid-r0.24-n1.6-s62001,62001,0.24,1.6,256,1.3532734224551113,0.0,1.2839132942504639,1.4699352846037073e-13,1.2906394279250893e-16,0,0.15299479166666666,0.154296875,60.5,0.24672657754489116,0.08000000800000007,3.7916666666666665,0.6401111758655138,0.31510987030147775,169.33616138278006,29.040000000000017,0.0,0.8457958890344445,0.8024458089065398
r0-f25-net_yield,0,net_yield,0.25,grid-r0.24-n1.6-s62001,62001,0.24,1.6,256,1.3571867800604926,0.0,1.3281249999999993,1.4699352846037073e-13,1.2906394279250893e-16,0,0.1513671875,0.15266927083333334,59.333333333333336,0.2428132199395099,0.07000000800000006,3.7083333333333335,0.6465717208436768,0.32948762771499795,169.81052197721812,28.480000000000015,0.0,0.8482417375378078,0.8300781249999996
r0-f50-nearest,0,nearest,0.5,grid-r0.24-n1.6-s62001,62001,0.24,1.6,256,1.2282013078714633,0.0,1.1773477686339857,1.4699352846037073e-13,1.2906394279250893e-16,0,0.2314453125,0.23274739583333334,89.91666666666667,0.37179869212853695,0.07250000800000006,2.625,0.7638263258005296,0.3510297964531144,153.93813950518967,43.160000000000025,0.0,0.7676258174196645,0.735842355396241
r0-f50-net_yield,0,net_yield,0.5,grid-r0.24-n1.6-s62001,62001,0.24,1.6,256,1.196610540801014,0.0,1.119678870596446,1.4699352846037073e-13,1.2906394279250893e-16,0,0.2509765625,0.2522786458333333,97.375,0.40338945919898567,0.0683333413333334,3.5833333333333335,0.7764873587505561,0.3580089443724557,150.04806454843785,46.74000000000003,0.0,0.7478815880006336,0.6997992941227787
r2-f00-nearest,2,nearest,0.0,grid-r0.24-n1.6-s62001,62001,0.24,1.6,256,0.2812034784412787,0.861328125,0.010533340618233179,1.7275070263167436e-13,2.1555158206638955e-16,0,0.3282877604166667,0.3361002604166667,132.58333333333334,1.3187965215587234,0.042849775339267274,5.291666666666667,0.00186434443030179,0.0017071261286890397,35.599644207170606,63.64000000000004,0.0,0.17575217402579918,0.006583337886395736
r2-f00-net_yield,2,net_yield,0.0,grid-r0.24-n1.6-s62001,62001,0.24,1.6,256,0.27962552856427947,0.861328125,0.007042018851728431,1.7275070263167436e-13,2.1555158206638955e-16,0,0.34619140625,0.35400390625,139.375,1.3203744714357226,0.051653201840755295,5.875,0.0020140500225386956,0.0016990396766721969,35.47263110904308,66.90000000000005,0.0,0.17476595535267467,0.004401261782330269
r2-f25-nearest,2,nearest,0.25,grid-r0.24-n1.6-s62001,62001,0.24,1.6,256,1.294853301684749,0.0185546875,1.3426716049056784,1.7275070263167436e-13,2.1555158206638955e-16,0,0.23681640625,0.3483072916666667,134.66666666666666,0.30514669831525265,1.266988853488748,9.916666666666666,0.4847656026639961,0.23578871861250109,163.31890649050686,64.64000000000004,0.0,0.8092833135529681,0.8391697530660489
r2-f25-net_yield,2,net_yield,0.25,grid-r0.24-n1.6-s62001,62001,0.24,1.6,256,1.3063185573765888,0.023681640625,1.3245025287661814,1.7275070263167436e-13,2.1555158206638955e-16,0,0.23307291666666666,0.3484700520833333,131.79166666666666,0.2936814426234131,2.25155618535956,9.083333333333334,0.43318876422351915,0.192123491955661,165.21058295857952,63.26000000000005,0.0,0.8164490983603679,0.8278140804788633
r2-f50-nearest,2,nearest,0.5,grid-r0.24-n1.6-s62001,62001,0.24,1.6,256,1.3558944817284286,0.0,1.3132918205240653,1.7275070263167436e-13,2.1555158206638955e-16,0,0.24169921875,0.3841145833333333,147.5,0.2441055182715739,1.395000008,7.583333333333333,0.7011482147932799,0.3555006547908427,171.1611366516626,70.80000000000005,0.0,0.8474340510802678,0.8208073878275408
r2-f50-net_yield,2,net_yield,0.5,grid-r0.24-n1.6-s62001,62001,0.24,1.6,256,1.3675311593097865,0.0,1.3145151279058482,1.7275070263167436e-13,2.1555158206638955e-16,0,0.23779296875,0.3815104166666667,144.125,0.23246884069021595,1.335010387747856,8.041666666666666,0.7194151351688512,0.3851094621125237,172.55778963480165,69.18000000000005,0.0,0.8547069745686166,0.8215719549411551
r4-f00-nearest,4,nearest,0.0,grid-r0.24-n1.6-s62001,62001,0.24,1.6,256,0.26127641472427376,0.881103515625,0.010489445055682972,1.1113332476497817e-13,1.0329414769646453e-16,0,0.3225911458333333,0.3390299479166667,133.41666666666666,1.3387235852757284,0.05055634682157388,5.208333333333333,0.006248693038188699,0.006087249001511847,33.112972334482734,64.04000000000005,0.0,0.1632977592026711,0.006555903159801858
r4-f00-net_yield,4,net_yield,0.0,grid-r0.24-n1.6-s62001,62001,0.24,1.6,256,0.2588968187870634,0.881591796875,0.009582081769421576,1.1113332476497817e-13,1.0329414769646453e-16,0,0.3318684895833333,0.3483072916666667,136.875,1.3411031812129388,0.039679838164327075,5.916666666666667,0.0018720724713457136,0.0017176304007506,32.84315042333999,65.70000000000005,0.0,0.1618105117419146,0.005988801105888485
r4-f25-nearest,4,nearest,0.25,grid-r0.24-n1.6-s62001,62001,0.24,1.6,256,1.2859928236714648,0.028076171875,1.1887225983423126,1.3250511798901243e-13,1.0329414769646453e-16,0,0.19547526041666666,0.3876953125,147.29166666666666,0.31400717632853653,2.6595353062945426,9.75,0.4447696913343118,0.1921412324181833,163.01364808139903,70.70000000000005,0.0,0.8037455147946655,0.7429516239639453
r4-f25-net_yield,4,net_yield,0.25,grid-r0.24-n1.6-s62001,62001,0.24,1.6,256,1.2843938433102484,0.009765625,1.1969501769866409,1.3250511798901243e-13,1.0329414769646453e-16,0,0.20540364583333334,0.3863932291666667,145.58333333333334,0.3156061566897528,1.9445465184389314,9.5,0.4865380392097379,0.23460569370435383,162.4462222396062,69.88000000000005,0.0,0.8027461520689052,0.7480938606166505
r4-f50-nearest,4,nearest,0.5,grid-r0.24-n1.6-s62001,62001,0.24,1.6,256,1.39685184157854,0.00439453125,1.3405005589827244,1.0402789740737717e-13,1.0329414769646453e-16,0,0.1513671875,0.4158528645833333,159.375,0.20314815842146292,3.4070603757302513,7.791666666666667,0.6647118674355665,0.34511814490898535,177.39851354440967,76.50000000000004,0.0,0.8730324009865875,0.8378128493642026
r4-f50-net_yield,4,net_yield,0.5,grid-r0.24-n1.6-s62001,62001,0.24,1.6,256,1.3788162354478621,0.0,1.2914047425141233,1.0402789740737717e-13,1.0329414769646453e-16,0,0.1748046875,0.4479166666666667,171.25,0.22118376455214064,3.3725391481078777,8.041666666666666,0.6721620349257892,0.1492050639644068,175.23648755400507,82.20000000000005,0.0,0.8617601471549138,0.807127964071327
r0-f00-nearest,0,nearest,0.0,grid-r0.24-n1.6-s62002,62002,0.24,1.6,256,0.30681947284476296,0.8359375,0.009926537153093098,9.725553695716371e-14,8.535866852922406e-17,0,0.3147786458333333,0.3160807291666667,124.66666666666667,1.2931805271552386,0.04549347357109017,5.833333333333333,0.0012607831708115966,0.001005410747628991,38.735320092325075,59.840000000000046,0.0,0.19176217052797684,0.006204085720683186
r0-f00-net_yield,0,net_yield,0.0,grid-r0.24-n1.6-s62002,62002,0.24,1.6,256,0.30421822818263317,0.838134765625,0.008812186128012814,9.725553695716371e-14,8.535866852922406e-17,0,0.3194986979166667,0.32080078125,125.70833333333333,1.2957817718173685,0.04707388558948951,6.041666666666667,0.004121106675686213,0.003897689562315196,38.420134024658054,60.340000000000046,0.0,0.19013639261414572,0.005507616330008008
r0-f25-nearest,0,nearest,0.25,grid-r0.24-n1.6-s62002,62002,0.24,1.6,256,1.3382269953238235,0.0,1.2635416666666661,9.725553695716371e-14,8.535866852922406e-17,0,0.16324869791666666,0.16455078125,64.04166666666667,0.26177300467617853,0.07416667466666674,3.2083333333333335,0.6606466447245981,0.32866971234552306,167.48136039717537,30.740000000000016,0.0,0.8363918720773896,0.7897135416666663
r0-f25-net_yield,0,net_yield,0.25,grid-r0.24-n1.6-s62002,62002,0.24,1.6,256,1.3464161692927412,0.0,1.2569420263975406,1.0680345496894006e-13,8.535866852922406e-17,0,0.158203125,0.15950520833333334,61.958333333333336,0.25358383070726104,0.07166667466666674,3.7083333333333335,0.6464826775161017,0.4314419577930608,168.4865498842168,29.740000000000016,0.0,0.8415101058079633,0.7855887664984629
r0-f50-nearest,0,nearest,0.5,grid-r0.24-n1.6-s62002,62002,0.24,1.6,256,1.24272891832173,0.0,1.1996389358986361,1.0114131754335176e-13,8.535866852922406e-17,0,0.22102864583333334,0.22233072916666666,86.16666666666667,0.35727108167827054,0.07333334133333339,3.5416666666666665,0.7361229556447446,0.31568142754563155,155.72339743593332,41.36000000000003,0.0,0.7767055739510812,0.7497743349366476
r0-f50-net_yield,0,net_yield,0.5,grid-r0.24-n1.6-s62002,62002,0.24,1.6,256,1.2306270654104623,0.0,1.1744364041096598,9.725553695716371e-14,8.535866852922406e-17,0,0.23014322916666666,0.2314453125,89.5,0.3693729345895381,0.0733333413333334,3,0.7675716667251927,0.3675186128421513,154.23862632803883,42.96000000000003,0.0,0.7691419158815389,0.7340227525685373
r2-f00-nearest,2,nearest,0.0,grid-r0.24-n1.6-s62002,62002,0.24,1.6,256,0.28995250665695593,0.855224609375,0.013992968020916135,1.511013536514838e-13,1.750183590985925e-16,0,0.3064778645833333,0.31494140625,125.33333333333333,1.310047493343046,0.04619531367047198,6.666666666666667,0.0016170853436901593,0.0013667688195262012,36.62728343731489,60.16000000000004,0.0,0.18122031666059746,0.008745605013072583
r2-f00-net_yield,2,net_yield,0.0,grid-r0.24-n1.6-s62002,62002,0.24,1.6,256,0.2915879800512137,0.8544921875,0.012024543041849151,1.511013536514838e-13,1.750183590985925e-16,0,0.32177734375,0.330078125,129.75,1.3084120199487879,0.049788687534673734,5.791666666666667,0.0018577375629248542,0.001670786551743701,36.877377100724274,62.280000000000044,0.0,0.18224248753200856,0.007515339401155719
r2-f25-nearest,2,nearest,0.25,grid-r0.24-n1.6-s62002,62002,0.24,1.6,256,1.3098706555159232,0.0078125,1.2689079724259127,1.511013536514838e-13,1.750183590985925e-16,0,0.23209635416666666,0.3489583333333333,132.91666666666666,0.2901293444840787,1.2683333413333333,8.958333333333334,0.45952922952229985,0.2395929246601877,165.18541444248646,63.80000000000005,0.0,0.8186691596974519,0.7930674827661954
r2-f25-net_yield,2,net_yield,0.25,grid-r0.24-n1.6-s62002,62002,0.24,1.6,256,1.2082468192952982,0.035400390625,1.1046815671078234,1.511013536514838e-13,1.750183590985925e-16,0,0.2657877604166667,0.3680013020833333,139.33333333333334,0.39175318070470205,1.2761418589017501,11.375,0.45302736655327036,0.19594933520035976,152.5097114768156,66.88000000000005,0.0,0.7551542620595614,0.6904259794423896
r2-f50-nearest,2,nearest,0.5,grid-r0.24-n1.6-s62002,62002,0.24,1.6,256,1.2676219077799096,0.001220703125,1.253090252571062,1.511013536514838e-13,1.750183590985925e-16,0,0.2687174479166667,0.4132486979166667,158.25,0.3323780922200916,1.9045718613546356,10.458333333333334,0.7055390602087332,0.25547981707074624,160.447729103516,75.96000000000005,0.0,0.7922636923624434,0.7831814078569138
r2-f50-net_yield,2,net_yield,0.5,grid-r0.24-n1.6-s62002,62002,0.24,1.6,256,1.385566136764363,0.0,1.3276051928121988,1.511013536514838e-13,1.750183590985925e-16,0,0.2373046875,0.396484375,150.91666666666666,0.21443386323563965,2.014629627946792,5.625,0.685594802812232,0.3097371972433846,175.21856031328508,72.44000000000005,0.0,0.8659788354777268,0.8297532455076242
r4-f00-nearest,4,nearest,0.0,grid-r0.24-n1.6-s62002,62002,0.24,1.6,256,0.26502606759796526,0.87841796875,0.0112415797739456,1.127986593019159e-13,1.3797554816732948e-16,0,0.3310546875,0.3466796875,136.95833333333334,1.3349739324020369,0.04279392215958472,5.833333333333333,0.0015218684726426776,0.0012966582577741278,33.61402476436177,65.74000000000005,0.0,0.16564129224872828,0.007025987358716
r4-f00-net_yield,4,net_yield,0.0,grid-r0.24-n1.6-s62002,62002,0.24,1.6,256,0.2653180307252255,0.878662109375,0.008333048834716474,1.127986593019159e-13,1.3797554816732948e-16,0,0.3304036458333333,0.3458658854166667,136.04166666666666,1.3346819692747767,0.04538100062341786,5.583333333333333,0.0028670825858211272,0.0026523864921585583,33.64292091409685,65.30000000000005,0.0,0.1658237692032659,0.005208155521697796
r4-f25-nearest,4,nearest,0.25,grid-r0.24-n1.6-s62002,62002,0.24,1.6,256,1.23090103248562,0.031982421875,1.1201315162946472,1.127986593019159e-13,1.3797554816732948e-16,0,0.22916666666666666,0.3987630208333333,151.5,0.3690989675143806,2.1377207027347076,12.291666666666666,0.4438623487765936,0.18366528199867563,155.89145388688337,72.72000000000004,0.0,0.7693131453035125,0.7000821976841545
r4-f25-net_yield,4,net_yield,0.25,grid-r0.24-n1.6-s62002,62002,0.24,1.6,256,1.2606809432387611,0.05859375,1.3608862044911405,1.127986593019159e-13,1.3797554816732948e-16,0,0.18929036458333334,0.373046875,139.95833333333334,0.33931905676123997,2.1595673481395163,12.25,0.4033821596081563,0.23862584924559904,159.5231292166184,67.18000000000005,0.0,0.7879255895242256,0.8505538778069628
r4-f50-nearest,4,nearest,0.5,grid-r0.24-n1.6-s62002,62002,0.24,1.6,256,1.3442649886099582,0.0,1.3337311641421006,1.2800871473928055e-13,1.3797554816732948e-16,0,0.18424479166666666,0.43212890625,164.83333333333334,0.255735011390044,3.504740105938008,10.041666666666666,0.656922907990934,0.20240740648582198,170.9060786237162,79.12000000000005,0.0,0.8401656178812239,0.8335819775888128
r4-f50-net_yield,4,net_yield,0.5,grid-r0.24-n1.6-s62002,62002,0.24,1.6,256,1.3645301423523624,0.0029296875,1.3451877738769609,1.1829426327381043e-13,1.3797554816732948e-16,0,0.18359375,0.46875,178.70833333333334,0.23546985764764033,1.942151211702789,9.041666666666666,0.6836340389622968,0.4580197279824911,172.81764946313825,85.78000000000003,0.0,0.8528313389702264,0.8407423586731005
r0-f00-nearest,0,nearest,0.0,grid-r0.36-n0.8-s62001,62001,0.36,0.8,256,0.8000000000000029,0.0,0.7999999999999992,1.3034018309099338e-13,1.213732630939715e-16,0,0.0,0.0026041666666666665,0.3333333333333333,0.0,0.08000000799999996,1,0.9371872809004106,0.0,99.37306122840872,0.16,0.0,1.0000000000000036,0.9999999999999989
r0-f00-net_yield,0,net_yield,0.0,grid-r0.36-n0.8-s62001,62001,0.36,0.8,256,0.8000000000000029,0.0,0.7999999999999992,1.3034018309099338e-13,1.213732630939715e-16,0,0.0,0.0026041666666666665,0.3333333333333333,0.0,0.08000000799999996,1,0.9371872809004106,0.0,99.37306122840872,0.16,0.0,1.0000000000000036,0.9999999999999989
r0-f25-nearest,0,nearest,0.25,grid-r0.36-n0.8-s62001,62001,0.36,0.8,256,0.8000000000000029,0.0,0.7999999999999992,1.3034018309099338e-13,1.213732630939715e-16,0,0.0,0.0026041666666666665,0.3333333333333333,0.0,0.08000000799999996,1,0.9371872809004106,0.0,99.37306122840872,0.16,0.0,1.0000000000000036,0.9999999999999989
r0-f25-net_yield,0,net_yield,0.25,grid-r0.36-n0.8-s62001,62001,0.36,0.8,256,0.8000000000000029,0.0,0.7999999999999992,1.3034018309099338e-13,1.213732630939715e-16,0,0.0,0.0026041666666666665,0.3333333333333333,0.0,0.08000000799999996,1,0.9371872809004106,0.0,99.37306122840872,0.16,0.0,1.0000000000000036,0.9999999999999989
r0-f50-nearest,0,nearest,0.5,grid-r0.36-n0.8-s62001,62001,0.36,0.8,256,0.8000000000000029,0.0,0.7999999999999992,1.3034018309099338e-13,1.213732630939715e-16,0,0.0,0.0026041666666666665,0.3333333333333333,0.0,0.08000000799999996,1,0.9371872809004106,0.0,99.37306122840872,0.16,0.0,1.0000000000000036,0.9999999999999989
r0-f50-net_yield,0,net_yield,0.5,grid-r0.36-n0.8-s62001,62001,0.36,0.8,256,0.8000000000000029,0.0,0.7999999999999992,1.3034018309099338e-13,1.213732630939715e-16,0,0.0,0.0026041666666666665,0.3333333333333333,0.0,0.08000000799999996,1,0.9371872809004106,0.0,99.37306122840872,0.16,0.0,1.0000000000000036,0.9999999999999989
r2-f00-nearest,2,nearest,0.0,grid-r0.36-n0.8-s62001,62001,0.36,0.8,256,0.8000000000000029,0.0,0.7999999999999992,1.3034018309099338e-13,1.0364270938400264e-16,0,0.0,0.0,0.3333333333333333,0.0,1.6800000080000002,1,0.9371872809004106,0.0,100.15673469779648,0.16,0.0,1.0000000000000036,0.9999999999999989
r2-f00-net_yield,2,net_yield,0.0,grid-r0.36-n0.8-s62001,62001,0.36,0.8,256,0.8000000000000029,0.0,0.7999999999999992,1.3034018309099338e-13,1.0364270938400264e-16,0,0.0,0.0,0.3333333333333333,0.0,1.6800000080000002,1,0.9371872809004106,0.0,100.15673469779648,0.16,0.0,1.0000000000000036,0.9999999999999989
r2-f25-nearest,2,nearest,0.25,grid-r0.36-n0.8-s62001,62001,0.36,0.8,256,0.8000000000000029,0.0,0.7999999999999992,1.3034018309099338e-13,1.0364270938400264e-16,0,0.0,0.0,0.3333333333333333,0.0,1.6800000080000002,1,0.9371872809004106,0.0,100.15673469779648,0.16,0.0,1.0000000000000036,0.9999999999999989
r2-f25-net_yield,2,net_yield,0.25,grid-r0.36-n0.8-s62001,62001,0.36,0.8,256,0.8000000000000029,0.0,0.7999999999999992,1.3034018309099338e-13,1.0364270938400264e-16,0,0.0,0.0,0.3333333333333333,0.0,1.6800000080000002,1,0.9371872809004106,0.0,100.15673469779648,0.16,0.0,1.0000000000000036,0.9999999999999989
r2-f50-nearest,2,nearest,0.5,grid-r0.36-n0.8-s62001,62001,0.36,0.8,256,0.8000000000000029,0.0,0.7999999999999992,1.3034018309099338e-13,1.0364270938400264e-16,0,0.0,0.0,0.3333333333333333,0.0,1.6800000080000002,1,0.9371872809004106,0.0,100.15673469779648,0.16,0.0,1.0000000000000036,0.9999999999999989
r2-f50-net_yield,2,net_yield,0.5,grid-r0.36-n0.8-s62001,62001,0.36,0.8,256,0.8000000000000029,0.0,0.7999999999999992,1.3034018309099338e-13,1.0364270938400264e-16,0,0.0,0.0,0.3333333333333333,0.0,1.6800000080000002,1,0.9371872809004106,0.0,100.15673469779648,0.16,0.0,1.0000000000000036,0.9999999999999989
r4-f00-nearest,4,nearest,0.0,grid-r0.36-n0.8-s62001,62001,0.36,0.8,256,0.8000000000000029,0.0,0.7999999999999992,1.408317906737011e-13,1.3405095722999261e-16,0,0.0,0.0,0.3333333333333333,0.0,3.280000008,1,0.9371872809004106,0.0,100.94040816718424,0.16,0.0,1.0000000000000036,0.9999999999999989
r4-f00-net_yield,4,net_yield,0.0,grid-r0.36-n0.8-s62001,62001,0.36,0.8,256,0.8000000000000029,0.0,0.7999999999999992,1.408317906737011e-13,1.3405095722999261e-16,0,0.0,0.0,0.3333333333333333,0.0,3.280000008,1,0.9371872809004106,0.0,100.94040816718424,0.16,0.0,1.0000000000000036,0.9999999999999989
r4-f25-nearest,4,nearest,0.25,grid-r0.36-n0.8-s62001,62001,0.36,0.8,256,0.8000000000000029,0.0,0.7999999999999992,1.408317906737011e-13,1.3405095722999261e-16,0,0.0,0.0,0.3333333333333333,0.0,3.280000008,1,0.9371872809004106,0.0,100.94040816718424,0.16,0.0,1.0000000000000036,0.9999999999999989
r4-f25-net_yield,4,net_yield,0.25,grid-r0.36-n0.8-s62001,62001,0.36,0.8,256,0.8000000000000029,0.0,0.7999999999999992,1.408317906737011e-13,1.3405095722999261e-16,0,0.0,0.0,0.3333333333333333,0.0,3.280000008,1,0.9371872809004106,0.0,100.94040816718424,0.16,0.0,1.0000000000000036,0.9999999999999989
r4-f50-nearest,4,nearest,0.5,grid-r0.36-n0.8-s62001,62001,0.36,0.8,256,0.8000000000000029,0.0,0.7999999999999992,1.408317906737011e-13,1.3405095722999261e-16,0,0.0,0.0,0.3333333333333333,0.0,3.280000008,1,0.9371872809004106,0.0,100.94040816718424,0.16,0.0,1.0000000000000036,0.9999999999999989
r4-f50-net_yield,4,net_yield,0.5,grid-r0.36-n0.8-s62001,62001,0.36,0.8,256,0.8000000000000029,0.0,0.7999999999999992,1.408317906737011e-13,1.3405095722999261e-16,0,0.0,0.0,0.3333333333333333,0.0,3.280000008,1,0.9371872809004106,0.0,100.94040816718424,0.16,0.0,1.0000000000000036,0.9999999999999989
r0-f00-nearest,0,nearest,0.0,grid-r0.36-n0.8-s62002,62002,0.36,0.8,256,0.8000000000000029,0.0,0.7999999999999992,1.3744561044859438e-13,9.781700657490364e-17,0,0.0,0.0026041666666666665,0.3333333333333333,0.0,0.08000000799999996,1,0.9373760619808948,0.0,99.37306122840872,0.16,0.0,1.0000000000000036,0.9999999999999989
r0-f00-net_yield,0,net_yield,0.0,grid-r0.36-n0.8-s62002,62002,0.36,0.8,256,0.8000000000000029,0.0,0.7999999999999992,1.3744561044859438e-13,9.781700657490364e-17,0,0.0,0.0026041666666666665,0.3333333333333333,0.0,0.08000000799999996,1,0.9373760619808948,0.0,99.37306122840872,0.16,0.0,1.0000000000000036,0.9999999999999989
r0-f25-nearest,0,nearest,0.25,grid-r0.36-n0.8-s62002,62002,0.36,0.8,256,0.8000000000000029,0.0,0.7999999999999992,1.3744561044859438e-13,9.781700657490364e-17,0,0.0,0.0026041666666666665,0.3333333333333333,0.0,0.08000000799999996,1,0.9373760619808948,0.0,99.37306122840872,0.16,0.0,1.0000000000000036,0.9999999999999989
r0-f25-net_yield,0,net_yield,0.25,grid-r0.36-n0.8-s62002,62002,0.36,0.8,256,0.8000000000000029,0.0,0.7999999999999992,1.3744561044859438e-13,9.781700657490364e-17,0,0.0,0.0026041666666666665,0.3333333333333333,0.0,0.08000000799999996,1,0.9373760619808948,0.0,99.37306122840872,0.16,0.0,1.0000000000000036,0.9999999999999989
r0-f50-nearest,0,nearest,0.5,grid-r0.36-n0.8-s62002,62002,0.36,0.8,256,0.8000000000000029,0.0,0.7999999999999992,1.3744561044859438e-13,9.781700657490364e-17,0,0.0,0.0026041666666666665,0.3333333333333333,0.0,0.08000000799999996,1,0.9373760619808948,0.0,99.37306122840872,0.16,0.0,1.0000000000000036,0.9999999999999989
r0-f50-net_yield,0,net_yield,0.5,grid-r0.36-n0.8-s62002,62002,0.36,0.8,256,0.8000000000000029,0.0,0.7999999999999992,1.3744561044859438e-13,9.781700657490364e-17,0,0.0,0.0026041666666666665,0.3333333333333333,0.0,0.08000000799999996,1,0.9373760619808948,0.0,99.37306122840872,0.16,0.0,1.0000000000000036,0.9999999999999989
r2-f00-nearest,2,nearest,0.0,grid-r0.36-n0.8-s62002,62002,0.36,0.8,256,0.8000000000000029,0.0,0.7999999999999992,1.3744561044859438e-13,1.0285116240963366e-16,0,0.0,0.0,0.3333333333333333,0.0,1.6800000080000002,1,0.9373760619808948,0.0,100.15673469779648,0.16,0.0,1.0000000000000036,0.9999999999999989
r2-f00-net_yield,2,net_yield,0.0,grid-r0.36-n0.8-s62002,62002,0.36,0.8,256,0.8000000000000029,0.0,0.7999999999999992,1.3744561044859438e-13,1.0285116240963366e-16,0,0.0,0.0,0.3333333333333333,0.0,1.6800000080000002,1,0.9373760619808948,0.0,100.15673469779648,0.16,0.0,1.0000000000000036,0.9999999999999989
r2-f25-nearest,2,nearest,0.25,grid-r0.36-n0.8-s62002,62002,0.36,0.8,256,0.8000000000000029,0.0,0.7999999999999992,1.3744561044859438e-13,1.0285116240963366e-16,0,0.0,0.0,0.3333333333333333,0.0,1.6800000080000002,1,0.9373760619808948,0.0,100.15673469779648,0.16,0.0,1.0000000000000036,0.9999999999999989
r2-f25-net_yield,2,net_yield,0.25,grid-r0.36-n0.8-s62002,62002,0.36,0.8,256,0.8000000000000029,0.0,0.7999999999999992,1.3744561044859438e-13,1.0285116240963366e-16,0,0.0,0.0,0.3333333333333333,0.0,1.6800000080000002,1,0.9373760619808948,0.0,100.15673469779648,0.16,0.0,1.0000000000000036,0.9999999999999989
r2-f50-nearest,2,nearest,0.5,grid-r0.36-n0.8-s62002,62002,0.36,0.8,256,0.8000000000000029,0.0,0.7999999999999992,1.3744561044859438e-13,1.0285116240963366e-16,0,0.0,0.0,0.3333333333333333,0.0,1.6800000080000002,1,0.9373760619808948,0.0,100.15673469779648,0.16,0.0,1.0000000000000036,0.9999999999999989
r2-f50-net_yield,2,net_yield,0.5,grid-r0.36-n0.8-s62002,62002,0.36,0.8,256,0.8000000000000029,0.0,0.7999999999999992,1.3744561044859438e-13,1.0285116240963366e-16,0,0.0,0.0,0.3333333333333333,0.0,1.6800000080000002,1,0.9373760619808948,0.0,100.15673469779648,0.16,0.0,1.0000000000000036,0.9999999999999989
r4-f00-nearest,4,nearest,0.0,grid-r0.36-n0.8-s62002,62002,0.36,0.8,256,0.8000000000000029,0.0,0.7999999999999992,1.408317906737011e-13,1.8262578083810465e-16,0,0.0,0.0,0.3333333333333333,0.0,3.280000008,1,0.9373760619808948,0.0,100.94040816718424,0.16,0.0,1.0000000000000036,0.9999999999999989
r4-f00-net_yield,4,net_yield,0.0,grid-r0.36-n0.8-s62002,62002,0.36,0.8,256,0.8000000000000029,0.0,0.7999999999999992,1.408317906737011e-13,1.8262578083810465e-16,0,0.0,0.0,0.3333333333333333,0.0,3.280000008,1,0.9373760619808948,0.0,100.94040816718424,0.16,0.0,1.0000000000000036,0.9999999999999989
r4-f25-nearest,4,nearest,0.25,grid-r0.36-n0.8-s62002,62002,0.36,0.8,256,0.8000000000000029,0.0,0.7999999999999992,1.408317906737011e-13,1.8262578083810465e-16,0,0.0,0.0,0.3333333333333333,0.0,3.280000008,1,0.9373760619808948,0.0,100.94040816718424,0.16,0.0,1.0000000000000036,0.9999999999999989
r4-f25-net_yield,4,net_yield,0.25,grid-r0.36-n0.8-s62002,62002,0.36,0.8,256,0.8000000000000029,0.0,0.7999999999999992,1.408317906737011e-13,1.8262578083810465e-16,0,0.0,0.0,0.3333333333333333,0.0,3.280000008,1,0.9373760619808948,0.0,100.94040816718424,0.16,0.0,1.0000000000000036,0.9999999999999989
r4-f50-nearest,4,nearest,0.5,grid-r0.36-n0.8-s62002,62002,0.36,0.8,256,0.8000000000000029,0.0,0.7999999999999992,1.408317906737011e-13,1.8262578083810465e-16,0,0.0,0.0,0.3333333333333333,0.0,3.280000008,1,0.9373760619808948,0.0,100.94040816718424,0.16,0.0,1.0000000000000036,0.9999999999999989
r4-f50-net_yield,4,net_yield,0.5,grid-r0.36-n0.8-s62002,62002,0.36,0.8,256,0.8000000000000029,0.0,0.7999999999999992,1.408317906737011e-13,1.8262578083810465e-16,0,0.0,0.0,0.3333333333333333,0.0,3.280000008,1,0.9373760619808948,0.0,100.94040816718424,0.16,0.0,1.0000000000000036,0.9999999999999989
r0-f00-nearest,0,nearest,0.0,grid-r0.36-n1.2-s62001,62001,0.36,1.2,256,1.1999999999999942,0.0,1.2000000000000015,1.5287771049088406e-13,1.9295489746915688e-16,0,0.0,0.0013020833333333333,0.3333333333333333,0.0,0.08000000800000007,1,0.892649014498408,0.0,149.5281632692249,0.16,0.0,0.9999999999999952,1.0000000000000013
r0-f00-net_yield,0,net_yield,0.0,grid-r0.36-n1.2-s62001,62001,0.36,1.2,256,1.1999999999999942,0.0,1.2000000000000015,1.5287771049088406e-13,1.9295489746915688e-16,0,0.0,0.0013020833333333333,0.3333333333333333,0.0,0.08000000800000007,1,0.892649014498408,0.0,149.5281632692249,0.16,0.0,0.9999999999999952,1.0000000000000013
r0-f25-nearest,0,nearest,0.25,grid-r0.36-n1.2-s62001,62001,0.36,1.2,256,1.1999999999999942,0.0,1.2000000000000015,1.5287771049088406e-13,1.9295489746915688e-16,0,0.0,0.0013020833333333333,0.3333333333333333,0.0,0.08000000800000007,1,0.892649014498408,0.0,149.5281632692249,0.16,0.0,0.9999999999999952,1.0000000000000013
r0-f25-net_yield,0,net_yield,0.25,grid-r0.36-n1.2-s62001,62001,0.36,1.2,256,1.1999999999999942,0.0,1.2000000000000015,1.5287771049088406e-13,1.9295489746915688e-16,0,0.0,0.0013020833333333333,0.3333333333333333,0.0,0.08000000800000007,1,0.892649014498408,0.0,149.5281632692249,0.16,0.0,0.9999999999999952,1.0000000000000013
r0-f50-nearest,0,nearest,0.5,grid-r0.36-n1.2-s62001,62001,0.36,1.2,256,1.1999999999999942,0.0,1.2000000000000015,1.5287771049088406e-13,1.9295489746915688e-16,0,0.0,0.0013020833333333333,0.3333333333333333,0.0,0.08000000800000007,1,0.892649014498408,0.0,149.5281632692249,0.16,0.0,0.9999999999999952,1.0000000000000013
r0-f50-net_yield,0,net_yield,0.5,grid-r0.36-n1.2-s62001,62001,0.36,1.2,256,1.1999999999999942,0.0,1.2000000000000015,1.5287771049088406e-13,1.9295489746915688e-16,0,0.0,0.0013020833333333333,0.3333333333333333,0.0,0.08000000800000007,1,0.892649014498408,0.0,149.5281632692249,0.16,0.0,0.9999999999999952,1.0000000000000013
r2-f00-nearest,2,nearest,0.0,grid-r0.36-n1.2-s62001,62001,0.36,1.2,256,1.1999999999999942,0.0,1.2000000000000015,1.454392162258955e-13,1.1712073834804091e-16,0,0.0,0.0,0.3333333333333333,0.0,2.480000008,1,0.8926490144984083,0.0,150.70367347330654,0.16,0.0,0.9999999999999952,1.0000000000000013
r2-f00-net_yield,2,net_yield,0.0,grid-r0.36-n1.2-s62001,62001,0.36,1.2,256,1.1999999999999942,0.0,1.2000000000000015,1.454392162258955e-13,1.1712073834804091e-16,0,0.0,0.0,0.3333333333333333,0.0,2.480000008,1,0.8926490144984083,0.0,150.70367347330654,0.16,0.0,0.9999999999999952,1.0000000000000013
r2-f25-nearest,2,nearest,0.25,grid-r0.36-n1.2-s62001,62001,0.36,1.2,256,1.1999999999999942,0.0,1.2000000000000015,1.454392162258955e-13,1.1712073834804091e-16,0,0.0,0.0,0.3333333333333333,0.0,2.480000008,1,0.8926490144984083,0.0,150.70367347330654,0.16,0.0,0.9999999999999952,1.0000000000000013
r2-f25-net_yield,2,net_yield,0.25,grid-r0.36-n1.2-s62001,62001,0.36,1.2,256,1.1999999999999942,0.0,1.2000000000000015,1.454392162258955e-13,1.1712073834804091e-16,0,0.0,0.0,0.3333333333333333,0.0,2.480000008,1,0.8926490144984083,0.0,150.70367347330654,0.16,0.0,0.9999999999999952,1.0000000000000013
r2-f50-nearest,2,nearest,0.5,grid-r0.36-n1.2-s62001,62001,0.36,1.2,256,1.1999999999999942,0.0,1.2000000000000015,1.454392162258955e-13,1.1712073834804091e-16,0,0.0,0.0,0.3333333333333333,0.0,2.480000008,1,0.8926490144984083,0.0,150.70367347330654,0.16,0.0,0.9999999999999952,1.0000000000000013
r2-f50-net_yield,2,net_yield,0.5,grid-r0.36-n1.2-s62001,62001,0.36,1.2,256,1.1999999999999942,0.0,1.2000000000000015,1.454392162258955e-13,1.1712073834804091e-16,0,0.0,0.0,0.3333333333333333,0.0,2.480000008,1,0.8926490144984083,0.0,150.70367347330654,0.16,0.0,0.9999999999999952,1.0000000000000013
r4-f00-nearest,4,nearest,0.0,grid-r0.36-n1.2-s62001,62001,0.36,1.2,256,1.1999999999999942,0.0,1.2000000000000015,1.099120794378905e-13,1.0010003438383663e-16,0,0.0,0.0,0.3333333333333333,0.0,4.880000008,1,0.892649014498408,0.0,151.8791836773882,0.16,0.0,0.9999999999999952,1.0000000000000013
r4-f00-net_yield,4,net_yield,0.0,grid-r0.36-n1.2-s62001,62001,0.36,1.2,256,1.1999999999999942,0.0,1.2000000000000015,1.099120794378905e-13,1.0010003438383663e-16,0,0.0,0.0,0.3333333333333333,0.0,4.880000008,1,0.892649014498408,0.0,151.8791836773882,0.16,0.0,0.9999999999999952,1.0000000000000013
r4-f25-nearest,4,nearest,0.25,grid-r0.36-n1.2-s62001,62001,0.36,1.2,256,1.1999999999999942,0.0,1.2000000000000015,1.099120794378905e-13,1.0010003438383663e-16,0,0.0,0.0,0.3333333333333333,0.0,4.880000008,1,0.892649014498408,0.0,151.8791836773882,0.16,0.0,0.9999999999999952,1.0000000000000013
r4-f25-net_yield,4,net_yield,0.25,grid-r0.36-n1.2-s62001,62001,0.36,1.2,256,1.1999999999999942,0.0,1.2000000000000015,1.099120794378905e-13,1.0010003438383663e-16,0,0.0,0.0,0.3333333333333333,0.0,4.880000008,1,0.892649014498408,0.0,151.8791836773882,0.16,0.0,0.9999999999999952,1.0000000000000013
r4-f50-nearest,4,nearest,0.5,grid-r0.36-n1.2-s62001,62001,0.36,1.2,256,1.1999999999999942,0.0,1.2000000000000015,1.099120794378905e-13,1.0010003438383663e-16,0,0.0,0.0,0.3333333333333333,0.0,4.880000008,1,0.892649014498408,0.0,151.8791836773882,0.16,0.0,0.9999999999999952,1.0000000000000013
r4-f50-net_yield,4,net_yield,0.5,grid-r0.36-n1.2-s62001,62001,0.36,1.2,256,1.1999999999999942,0.0,1.2000000000000015,1.099120794378905e-13,1.0010003438383663e-16,0,0.0,0.0,0.3333333333333333,0.0,4.880000008,1,0.892649014498408,0.0,151.8791836773882,0.16,0.0,0.9999999999999952,1.0000000000000013
r0-f00-nearest,0,nearest,0.0,grid-r0.36-n1.2-s62002,62002,0.36,1.2,256,1.1999999999999942,0.0,1.2000000000000015,1.2800871473928055e-13,1.6150193044042285e-16,0,0.0,0.0013020833333333333,0.3333333333333333,0.0,0.08000000800000007,1,0.8927510087134551,0.0,149.5281632692249,0.16,0.0,0.9999999999999952,1.0000000000000013
r0-f00-net_yield,0,net_yield,0.0,grid-r0.36-n1.2-s62002,62002,0.36,1.2,256,1.1999999999999942,0.0,1.2000000000000015,1.2800871473928055e-13,1.6150193044042285e-16,0,0.0,0.0013020833333333333,0.3333333333333333,0.0,0.08000000800000007,1,0.8927510087134551,0.0,149.5281632692249,0.16,0.0,0.9999999999999952,1.0000000000000013
r0-f25-nearest,0,nearest,0.25,grid-r0.36-n1.2-s62002,62002,0.36,1.2,256,1.1999999999999942,0.0,1.2000000000000015,1.2800871473928055e-13,1.6150193044042285e-16,0,0.0,0.0013020833333333333,0.3333333333333333,0.0,0.08000000800000007,1,0.8927510087134551,0.0,149.5281632692249,0.16,0.0,0.9999999999999952,1.0000000000000013
r0-f25-net_yield,0,net_yield,0.25,grid-r0.36-n1.2-s62002,62002,0.36,1.2,256,1.1999999999999942,0.0,1.2000000000000015,1.2800871473928055e-13,1.6150193044042285e-16,0,0.0,0.0013020833333333333,0.3333333333333333,0.0,0.08000000800000007,1,0.8927510087134551,0.0,149.5281632692249,0.16,0.0,0.9999999999999952,1.0000000000000013
r0-f50-nearest,0,nearest,0.5,grid-r0.36-n1.2-s62002,62002,0.36,1.2,256,1.1999999999999942,0.0,1.2000000000000015,1.2800871473928055e-13,1.6150193044042285e-16,0,0.0,0.0013020833333333333,0.3333333333333333,0.0,0.08000000800000007,1,0.8927510087134551,0.0,149.5281632692249,0.16,0.0,0.9999999999999952,1.0000000000000013
r0-f50-net_yield,0,net_yield,0.5,grid-r0.36-n1.2-s62002,62002,0.36,1.2,256,1.1999999999999942,0.0,1.2000000000000015,1.2800871473928055e-13,1.6150193044042285e-16,0,0.0,0.0013020833333333333,0.3333333333333333,0.0,0.08000000800000007,1,0.8927510087134551,0.0,149.5281632692249,0.16,0.0,0.9999999999999952,1.0000000000000013
r2-f00-nearest,2,nearest,0.0,grid-r0.36-n1.2-s62002,62002,0.36,1.2,256,1.1999999999999942,0.0,1.2000000000000015,1.454392162258955e-13,1.0473539657446352e-16,0,0.0,0.0,0.3333333333333333,0.0,2.480000008,1,0.8927510087134554,0.0,150.70367347330654,0.16,0.0,0.9999999999999952,1.0000000000000013
r2-f00-net_yield,2,net_yield,0.0,grid-r0.36-n1.2-s62002,62002,0.36,1.2,256,1.1999999999999942,0.0,1.2000000000000015,1.454392162258955e-13,1.0473539657446352e-16,0,0.0,0.0,0.3333333333333333,0.0,2.480000008,1,0.8927510087134554,0.0,150.70367347330654,0.16,0.0,0.9999999999999952,1.0000000000000013
r2-f25-nearest,2,nearest,0.25,grid-r0.36-n1.2-s62002,62002,0.36,1.2,256,1.1999999999999942,0.0,1.2000000000000015,1.454392162258955e-13,1.0473539657446352e-16,0,0.0,0.0,0.3333333333333333,0.0,2.480000008,1,0.8927510087134554,0.0,150.70367347330654,0.16,0.0,0.9999999999999952,1.0000000000000013
r2-f25-net_yield,2,net_yield,0.25,grid-r0.36-n1.2-s62002,62002,0.36,1.2,256,1.1999999999999942,0.0,1.2000000000000015,1.454392162258955e-13,1.0473539657446352e-16,0,0.0,0.0,0.3333333333333333,0.0,2.480000008,1,0.8927510087134554,0.0,150.70367347330654,0.16,0.0,0.9999999999999952,1.0000000000000013
r2-f50-nearest,2,nearest,0.5,grid-r0.36-n1.2-s62002,62002,0.36,1.2,256,1.1999999999999942,0.0,1.2000000000000015,1.454392162258955e-13,1.0473539657446352e-16,0,0.0,0.0,0.3333333333333333,0.0,2.480000008,1,0.8927510087134554,0.0,150.70367347330654,0.16,0.0,0.9999999999999952,1.0000000000000013
r2-f50-net_yield,2,net_yield,0.5,grid-r0.36-n1.2-s62002,62002,0.36,1.2,256,1.1999999999999942,0.0,1.2000000000000015,1.454392162258955e-13,1.0473539657446352e-16,0,0.0,0.0,0.3333333333333333,0.0,2.480000008,1,0.8927510087134554,0.0,150.70367347330654,0.16,0.0,0.9999999999999952,1.0000000000000013
r4-f00-nearest,4,nearest,0.0,grid-r0.36-n1.2-s62002,62002,0.36,1.2,256,1.1999999999999942,0.0,1.2000000000000015,1.1746159600534156e-13,6.37653724019537e-17,0,0.0,0.0,0.3333333333333333,0.0,4.880000008,1,0.8927510087134551,0.0,151.8791836773882,0.16,0.0,0.9999999999999952,1.0000000000000013
r4-f00-net_yield,4,net_yield,0.0,grid-r0.36-n1.2-s62002,62002,0.36,1.2,256,1.1999999999999942,0.0,1.2000000000000015,1.1746159600534156e-13,6.37653724019537e-17,0,0.0,0.0,0.3333333333333333,0.0,4.880000008,1,0.8927510087134551,0.0,151.8791836773882,0.16,0.0,0.9999999999999952,1.0000000000000013
r4-f25-nearest,4,nearest,0.25,grid-r0.36-n1.2-s62002,62002,0.36,1.2,256,1.1999999999999942,0.0,1.2000000000000015,1.1746159600534156e-13,6.37653724019537e-17,0,0.0,0.0,0.3333333333333333,0.0,4.880000008,1,0.8927510087134551,0.0,151.8791836773882,0.16,0.0,0.9999999999999952,1.0000000000000013
r4-f25-net_yield,4,net_yield,0.25,grid-r0.36-n1.2-s62002,62002,0.36,1.2,256,1.1999999999999942,0.0,1.2000000000000015,1.1746159600534156e-13,6.37653724019537e-17,0,0.0,0.0,0.3333333333333333,0.0,4.880000008,1,0.8927510087134551,0.0,151.8791836773882,0.16,0.0,0.9999999999999952,1.0000000000000013
r4-f50-nearest,4,nearest,0.5,grid-r0.36-n1.2-s62002,62002,0.36,1.2,256,1.1999999999999942,0.0,1.2000000000000015,1.1746159600534156e-13,6.37653724019537e-17,0,0.0,0.0,0.3333333333333333,0.0,4.880000008,1,0.8927510087134551,0.0,151.8791836773882,0.16,0.0,0.9999999999999952,1.0000000000000013
r4-f50-net_yield,4,net_yield,0.5,grid-r0.36-n1.2-s62002,62002,0.36,1.2,256,1.1999999999999942,0.0,1.2000000000000015,1.1746159600534156e-13,6.37653724019537e-17,0,0.0,0.0,0.3333333333333333,0.0,4.880000008,1,0.8927510087134551,0.0,151.8791836773882,0.16,0.0,0.9999999999999952,1.0000000000000013
r0-f00-nearest,0,nearest,0.0,grid-r0.36-n1.6-s62001,62001,0.36,1.6,256,1.6000000000000059,0.0,1.5999999999999983,1.3278267374516872e-13,1.476957174994396e-16,0,0.0,0.0013020833333333333,0.3333333333333333,0.0,0.08000000800000007,1,0.8255826085017748,0.0,199.68326531004192,0.16,0.0,1.0000000000000036,0.9999999999999989
r0-f00-net_yield,0,net_yield,0.0,grid-r0.36-n1.6-s62001,62001,0.36,1.6,256,1.6000000000000059,0.0,1.5999999999999983,1.3278267374516872e-13,1.476957174994396e-16,0,0.0,0.0013020833333333333,0.3333333333333333,0.0,0.08000000800000007,1,0.8255826085017748,0.0,199.68326531004192,0.16,0.0,1.0000000000000036,0.9999999999999989
r0-f25-nearest,0,nearest,0.25,grid-r0.36-n1.6-s62001,62001,0.36,1.6,256,1.6000000000000059,0.0,1.5999999999999983,1.3278267374516872e-13,1.476957174994396e-16,0,0.0,0.0013020833333333333,0.3333333333333333,0.0,0.08000000800000007,1,0.8255826085017748,0.0,199.68326531004192,0.16,0.0,1.0000000000000036,0.9999999999999989
r0-f25-net_yield,0,net_yield,0.25,grid-r0.36-n1.6-s62001,62001,0.36,1.6,256,1.6000000000000059,0.0,1.5999999999999983,1.3278267374516872e-13,1.476957174994396e-16,0,0.0,0.0013020833333333333,0.3333333333333333,0.0,0.08000000800000007,1,0.8255826085017748,0.0,199.68326531004192,0.16,0.0,1.0000000000000036,0.9999999999999989
r0-f50-nearest,0,nearest,0.5,grid-r0.36-n1.6-s62001,62001,0.36,1.6,256,1.6000000000000059,0.0,1.5999999999999983,1.3278267374516872e-13,1.476957174994396e-16,0,0.0,0.0013020833333333333,0.3333333333333333,0.0,0.08000000800000007,1,0.8255826085017748,0.0,199.68326531004192,0.16,0.0,1.0000000000000036,0.9999999999999989
r0-f50-net_yield,0,net_yield,0.5,grid-r0.36-n1.6-s62001,62001,0.36,1.6,256,1.6000000000000059,0.0,1.5999999999999983,1.3278267374516872e-13,1.476957174994396e-16,0,0.0,0.0013020833333333333,0.3333333333333333,0.0,0.08000000800000007,1,0.8255826085017748,0.0,199.68326531004192,0.16,0.0,1.0000000000000036,0.9999999999999989
r2-f00-nearest,2,nearest,0.0,grid-r0.36-n1.6-s62001,62001,0.36,1.6,256,1.6000000000000059,0.0,1.5999999999999983,2.0794477251229182e-13,1.163863258152122e-16,0,0.0,0.0,0.3333333333333333,0.0,3.2800000079999996,1,0.8255826085017739,0.0,201.2506122488175,0.16,0.0,1.0000000000000036,0.9999999999999989
r2-f00-net_yield,2,net_yield,0.0,grid-r0.36-n1.6-s62001,62001,0.36,1.6,256,1.6000000000000059,0.0,1.5999999999999983,2.0794477251229182e-13,1.163863258152122e-16,0,0.0,0.0,0.3333333333333333,0.0,3.2800000079999996,1,0.8255826085017739,0.0,201.2506122488175,0.16,0.0,1.0000000000000036,0.9999999999999989
r2-f25-nearest,2,nearest,0.25,grid-r0.36-n1.6-s62001,62001,0.36,1.6,256,1.6000000000000059,0.0,1.5999999999999983,2.0794477251229182e-13,1.163863258152122e-16,0,0.0,0.0,0.3333333333333333,0.0,3.2800000079999996,1,0.8255826085017739,0.0,201.2506122488175,0.16,0.0,1.0000000000000036,0.9999999999999989
r2-f25-net_yield,2,net_yield,0.25,grid-r0.36-n1.6-s62001,62001,0.36,1.6,256,1.6000000000000059,0.0,1.5999999999999983,2.0794477251229182e-13,1.163863258152122e-16,0,0.0,0.0,0.3333333333333333,0.0,3.2800000079999996,1,0.8255826085017739,0.0,201.2506122488175,0.16,0.0,1.0000000000000036,0.9999999999999989
r2-f50-nearest,2,nearest,0.5,grid-r0.36-n1.6-s62001,62001,0.36,1.6,256,1.6000000000000059,0.0,1.5999999999999983,2.0794477251229182e-13,1.163863258152122e-16,0,0.0,0.0,0.3333333333333333,0.0,3.2800000079999996,1,0.8255826085017739,0.0,201.2506122488175,0.16,0.0,1.0000000000000036,0.9999999999999989
r2-f50-net_yield,2,net_yield,0.5,grid-r0.36-n1.6-s62001,62001,0.36,1.6,256,1.6000000000000059,0.0,1.5999999999999983,2.0794477251229182e-13,1.163863258152122e-16,0,0.0,0.0,0.3333333333333333,0.0,3.2800000079999996,1,0.8255826085017739,0.0,201.2506122488175,0.16,0.0,1.0000000000000036,0.9999999999999989
r4-f00-nearest,4,nearest,0.0,grid-r0.36-n1.6-s62001,62001,0.36,1.6,256,1.6000000000000059,0.0,1.5999999999999983,1.2534417948018017e-13,1.0118957273774902e-16,0,0.0,0.0,0.3333333333333333,0.0,6.480000008000001,1,0.825582608501772,0.0,202.81795918759298,0.16,0.0,1.0000000000000036,0.9999999999999989
r4-f00-net_yield,4,net_yield,0.0,grid-r0.36-n1.6-s62001,62001,0.36,1.6,256,1.6000000000000059,0.0,1.5999999999999983,1.2534417948018017e-13,1.0118957273774902e-16,0,0.0,0.0,0.3333333333333333,0.0,6.480000008000001,1,0.825582608501772,0.0,202.81795918759298,0.16,0.0,1.0000000000000036,0.9999999999999989
r4-f25-nearest,4,nearest,0.25,grid-r0.36-n1.6-s62001,62001,0.36,1.6,256,1.6000000000000059,0.0,1.5999999999999983,1.2534417948018017e-13,1.0118957273774902e-16,0,0.0,0.0,0.3333333333333333,0.0,6.480000008000001,1,0.825582608501772,0.0,202.81795918759298,0.16,0.0,1.0000000000000036,0.9999999999999989
r4-f25-net_yield,4,net_yield,0.25,grid-r0.36-n1.6-s62001,62001,0.36,1.6,256,1.6000000000000059,0.0,1.5999999999999983,1.2534417948018017e-13,1.0118957273774902e-16,0,0.0,0.0,0.3333333333333333,0.0,6.480000008000001,1,0.825582608501772,0.0,202.81795918759298,0.16,0.0,1.0000000000000036,0.9999999999999989
r4-f50-nearest,4,nearest,0.5,grid-r0.36-n1.6-s62001,62001,0.36,1.6,256,1.6000000000000059,0.0,1.5999999999999983,1.2534417948018017e-13,1.0118957273774902e-16,0,0.0,0.0,0.3333333333333333,0.0,6.480000008000001,1,0.825582608501772,0.0,202.81795918759298,0.16,0.0,1.0000000000000036,0.9999999999999989
r4-f50-net_yield,4,net_yield,0.5,grid-r0.36-n1.6-s62001,62001,0.36,1.6,256,1.6000000000000059,0.0,1.5999999999999983,1.2534417948018017e-13,1.0118957273774902e-16,0,0.0,0.0,0.3333333333333333,0.0,6.480000008000001,1,0.825582608501772,0.0,202.81795918759298,0.16,0.0,1.0000000000000036,0.9999999999999989
r0-f00-nearest,0,nearest,0.0,grid-r0.36-n1.6-s62002,62002,0.36,1.6,256,1.6000000000000059,0.0,1.5999999999999983,1.3278267374516872e-13,1.1323384795540732e-16,0,0.0,0.0013020833333333333,0.3333333333333333,0.0,0.08000000800000007,1,0.8251266700674037,0.0,199.68326531004192,0.16,0.0,1.0000000000000036,0.9999999999999989
r0-f00-net_yield,0,net_yield,0.0,grid-r0.36-n1.6-s62002,62002,0.36,1.6,256,1.6000000000000059,0.0,1.5999999999999983,1.3278267374516872e-13,1.1323384795540732e-16,0,0.0,0.0013020833333333333,0.3333333333333333,0.0,0.08000000800000007,1,0.8251266700674037,0.0,199.68326531004192,0.16,0.0,1.0000000000000036,0.9999999999999989
r0-f25-nearest,0,nearest,0.25,grid-r0.36-n1.6-s62002,62002,0.36,1.6,256,1.6000000000000059,0.0,1.5999999999999983,1.3278267374516872e-13,1.1323384795540732e-16,0,0.0,0.0013020833333333333,0.3333333333333333,0.0,0.08000000800000007,1,0.8251266700674037,0.0,199.68326531004192,0.16,0.0,1.0000000000000036,0.9999999999999989
r0-f25-net_yield,0,net_yield,0.25,grid-r0.36-n1.6-s62002,62002,0.36,1.6,256,1.6000000000000059,0.0,1.5999999999999983,1.3278267374516872e-13,1.1323384795540732e-16,0,0.0,0.0013020833333333333,0.3333333333333333,0.0,0.08000000800000007,1,0.8251266700674037,0.0,199.68326531004192,0.16,0.0,1.0000000000000036,0.9999999999999989
r0-f50-nearest,0,nearest,0.5,grid-r0.36-n1.6-s62002,62002,0.36,1.6,256,1.6000000000000059,0.0,1.5999999999999983,1.3278267374516872e-13,1.1323384795540732e-16,0,0.0,0.0013020833333333333,0.3333333333333333,0.0,0.08000000800000007,1,0.8251266700674037,0.0,199.68326531004192,0.16,0.0,1.0000000000000036,0.9999999999999989
r0-f50-net_yield,0,net_yield,0.5,grid-r0.36-n1.6-s62002,62002,0.36,1.6,256,1.6000000000000059,0.0,1.5999999999999983,1.3278267374516872e-13,1.1323384795540732e-16,0,0.0,0.0013020833333333333,0.3333333333333333,0.0,0.08000000800000007,1,0.8251266700674037,0.0,199.68326531004192,0.16,0.0,1.0000000000000036,0.9999999999999989
r2-f00-nearest,2,nearest,0.0,grid-r0.36-n1.6-s62002,62002,0.36,1.6,256,1.6000000000000059,0.0,1.5999999999999983,2.0794477251229182e-13,2.288128052500801e-16,0,0.0,0.0,0.3333333333333333,0.0,3.2800000079999996,1,0.8251266700674028,0.0,201.2506122488175,0.16,0.0,1.0000000000000036,0.9999999999999989
r2-f00-net_yield,2,net_yield,0.0,grid-r0.36-n1.6-s62002,62002,0.36,1.6,256,1.6000000000000059,0.0,1.5999999999999983,2.0794477251229182e-13,2.288128052500801e-16,0,0.0,0.0,0.3333333333333333,0.0,3.2800000079999996,1,0.8251266700674028,0.0,201.2506122488175,0.16,0.0,1.0000000000000036,0.9999999999999989
r2-f25-nearest,2,nearest,0.25,grid-r0.36-n1.6-s62002,62002,0.36,1.6,256,1.6000000000000059,0.0,1.5999999999999983,2.0794477251229182e-13,2.288128052500801e-16,0,0.0,0.0,0.3333333333333333,0.0,3.2800000079999996,1,0.8251266700674028,0.0,201.2506122488175,0.16,0.0,1.0000000000000036,0.9999999999999989
r2-f25-net_yield,2,net_yield,0.25,grid-r0.36-n1.6-s62002,62002,0.36,1.6,256,1.6000000000000059,0.0,1.5999999999999983,2.0794477251229182e-13,2.288128052500801e-16,0,0.0,0.0,0.3333333333333333,0.0,3.2800000079999996,1,0.8251266700674028,0.0,201.2506122488175,0.16,0.0,1.0000000000000036,0.9999999999999989
r2-f50-nearest,2,nearest,0.5,grid-r0.36-n1.6-s62002,62002,0.36,1.6,256,1.6000000000000059,0.0,1.5999999999999983,2.0794477251229182e-13,2.288128052500801e-16,0,0.0,0.0,0.3333333333333333,0.0,3.2800000079999996,1,0.8251266700674028,0.0,201.2506122488175,0.16,0.0,1.0000000000000036,0.9999999999999989
r2-f50-net_yield,2,net_yield,0.5,grid-r0.36-n1.6-s62002,62002,0.36,1.6,256,1.6000000000000059,0.0,1.5999999999999983,2.0794477251229182e-13,2.288128052500801e-16,0,0.0,0.0,0.3333333333333333,0.0,3.2800000079999996,1,0.8251266700674028,0.0,201.2506122488175,0.16,0.0,1.0000000000000036,0.9999999999999989
r4-f00-nearest,4,nearest,0.0,grid-r0.36-n1.6-s62002,62002,0.36,1.6,256,1.6000000000000059,0.0,1.5999999999999983,1.2534417948018017e-13,6.528305824080961e-17,0,0.0,0.0,0.3333333333333333,0.0,6.480000008000001,1,0.8251266700674013,0.0,202.81795918759298,0.16,0.0,1.0000000000000036,0.9999999999999989
r4-f00-net_yield,4,net_yield,0.0,grid-r0.36-n1.6-s62002,62002,0.36,1.6,256,1.6000000000000059,0.0,1.5999999999999983,1.2534417948018017e-13,6.528305824080961e-17,0,0.0,0.0,0.3333333333333333,0.0,6.480000008000001,1,0.8251266700674013,0.0,202.81795918759298,0.16,0.0,1.0000000000000036,0.9999999999999989
r4-f25-nearest,4,nearest,0.25,grid-r0.36-n1.6-s62002,62002,0.36,1.6,256,1.6000000000000059,0.0,1.5999999999999983,1.2534417948018017e-13,6.528305824080961e-17,0,0.0,0.0,0.3333333333333333,0.0,6.480000008000001,1,0.8251266700674013,0.0,202.81795918759298,0.16,0.0,1.0000000000000036,0.9999999999999989
r4-f25-net_yield,4,net_yield,0.25,grid-r0.36-n1.6-s62002,62002,0.36,1.6,256,1.6000000000000059,0.0,1.5999999999999983,1.2534417948018017e-13,6.528305824080961e-17,0,0.0,0.0,0.3333333333333333,0.0,6.480000008000001,1,0.8251266700674013,0.0,202.81795918759298,0.16,0.0,1.0000000000000036,0.9999999999999989
r4-f50-nearest,4,nearest,0.5,grid-r0.36-n1.6-s62002,62002,0.36,1.6,256,1.6000000000000059,0.0,1.5999999999999983,1.2534417948018017e-13,6.528305824080961e-17,0,0.0,0.0,0.3333333333333333,0.0,6.480000008000001,1,0.8251266700674013,0.0,202.81795918759298,0.16,0.0,1.0000000000000036,0.9999999999999989
r4-f50-net_yield,4,net_yield,0.5,grid-r0.36-n1.6-s62002,62002,0.36,1.6,256,1.6000000000000059,0.0,1.5999999999999983,1.2534417948018017e-13,6.528305824080961e-17,0,0.0,0.0,0.3333333333333333,0.0,6.480000008000001,1,0.8251266700674013,0.0,202.81795918759298,0.16,0.0,1.0000000000000036,0.9999999999999989
