action,actual_budget,actual_experiment_investment,arena_id,belief,budget_absolute_error,budget_prediction_error,consumption_per_member,crps_change_all,crps_change_uncapped,delivered_bytes,external_harm,focal,focal_welfare,forecast_budget,forecast_utility,investment,menu_forecast_mae,other_society_total_utility,other_society_utility,other_society_welfare,own_unique_events_added,post_crps_all,post_crps_uncapped,pre_crps_all,pre_crps_uncapped,probe_consumption_per_member,probe_effort_cost,probe_harvest_per_member,probe_shortfall_per_member,regret,schedule,sent_bytes,shortfall_per_member,status,strategy,terminal_wealth_per_member,total_consumption_per_member,total_external_harm,total_shortfall_per_member,total_utility,utility,utility_absolute_error,utility_prediction_error
1.0,1.6685816100117716,1.5029174667435394,experiment-development-000,frozen,0.15733057626621338,-0.15733057626621338,19.22279842869875,-0.22072909173320066,-0.35758258414663957,81920,0.0,0,0.4760686763452538,1.5112510337455582,19.82430980877947,1.6685816100117716,0.470608669963094,25.758573712851188,20.261499343421722,0.5228170531499932,8,0.2637174867836195,0.39493445755491363,0.48444657851682016,0.7525170417015532,6.671465215909469,2.48,5.037600731554576,0.12853478409053093,0.19781360453149688,early,81920,7.9772015713012525,ok,active,0.12194316306283223,25.894263644608216,0.0,8.105736355391784,25.918652277220787,19.247187061311315,0.577122747468156,0.577122747468156
0.0,1.6685816100117716,1.5029174667435394,experiment-development-000,updated,0.1803055788296819,-0.1803055788296819,19.42077347883198,-0.22072909173320066,-0.35758258414663957,81920,0.0,0,0.4853487568202491,1.4882760311820897,19.565383680903487,0.0,0.19669074851290466,25.72831905729323,20.231244687863764,0.5214062378096171,8,0.2637174867836195,0.39493445755491363,0.48444657851682016,0.7525170417015532,6.671465215909469,2.48,5.037600731554576,0.12853478409053093,0.0,early,81920,7.779226521168019,ok,active,0.1211359350541745,26.092238694741447,0.0,7.907761305258551,26.116465881752283,19.445000665842812,0.12038301506067484,0.12038301506067484
0.0,1.6685816100117716,1.5029174667435394,experiment-development-000,known,0.19177159019254053,-0.19177159019254053,19.42077347883198,-0.22072909173320066,-0.35758258414663957,81920,0.0,0,0.4853487568202491,1.476810019819231,19.54909665075244,0.0,0.12216381963958511,25.72831905729323,20.231244687863764,0.5214062378096171,8,0.2637174867836195,0.39493445755491363,0.48444657851682016,0.7525170417015532,6.671465215909469,2.48,5.037600731554576,0.12853478409053093,0.0,early,81920,7.779226521168019,ok,active,0.1211359350541745,26.092238694741447,0.0,7.907761305258551,26.116465881752283,19.445000665842812,0.1040959849096268,0.1040959849096268
1.0,1.6698436363920781,1.5029174667435394,experiment-development-000,frozen,0.15550160097706534,-0.15550160097706534,19.222154054620358,-0.17451451822414976,-0.2824110486617879,81920,0.0,0,0.4760384713103293,1.5143420354150128,19.8368035821402,1.6698436363920781,0.48259285343392005,25.757566136835976,20.262007688552824,0.522840451451311,8,0.3099320602926704,0.4701059930397653,0.48444657851682016,0.7525170417015532,6.667829357973923,2.48,5.024454623426385,0.13217064202607692,0.20254282859248107,split,81920,7.9778459453796415,ok,fixed,0.12207184839038493,25.88998341259428,0.0,8.110016587405719,25.914397782272356,19.246568424298435,0.5902351578417644,0.5902351578417644
0.0,1.6698436363920781,1.5029174667435394,experiment-development-000,updated,0.1746170502148161,-0.1746170502148161,19.42487961560691,-0.17451451822414976,-0.2824110486617879,81920,0.0,0,0.4855412319815739,1.495226586177262,19.616008462130775,0.0,0.2607307838386461,25.727288598265755,20.231730149982603,0.5214285690452508,8,0.3099320602926704,0.4701059930397653,0.48444657851682016,0.7525170417015532,6.667829357973923,2.48,5.024454623426385,0.13217064202607692,0.0,split,81920,7.775120384393091,ok,fixed,0.1211581864200432,26.09270897358083,0.0,7.907291026419168,26.116940610864837,19.449111252890916,0.16689720923985973,0.16689720923985973
0.0,1.6698436363920781,1.5029174667435394,experiment-development-000,known,0.1917715901925403,-0.1917715901925403,19.42487961560691,-0.17451451822414976,-0.2824110486617879,81920,0.0,0,0.4855412319815739,1.4780720461995378,19.549417712307,0.0,0.12152795070142967,25.727288598265755,20.231730149982603,0.5214285690452508,8,0.3099320602926704,0.4701059930397653,0.48444657851682016,0.7525170417015532,6.667829357973923,2.48,5.024454623426385,0.13217064202607692,0.0,split,81920,7.775120384393091,ok,fixed,0.1211581864200432,26.09270897358083,0.0,7.907291026419168,26.116940610864837,19.449111252890916,0.1003064594160854,0.1003064594160854
1.0,1.6685816100117716,1.5029174667435394,experiment-development-000,frozen,0.15733057626621338,-0.15733057626621338,19.22279842869875,-0.22072909173320066,-0.35758258414663957,81920,0.0,0,0.4760686763452538,1.5112510337455582,19.82430980877947,1.6685816100117716,0.470608669963094,25.758573712851188,20.261499343421722,0.5228170531499932,8,0.2637174867836195,0.39493445755491363,0.48444657851682016,0.7525170417015532,6.671465215909469,2.48,5.037600731554576,0.12853478409053093,0.19781360453149688,early,81920,7.9772015713012525,ok,random,0.12194316306283223,25.894263644608216,0.0,8.105736355391784,25.918652277220787,19.247187061311315,0.577122747468156,0.577122747468156
0.0,1.6685816100117716,1.5029174667435394,experiment-development-000,updated,0.1803055788296819,-0.1803055788296819,19.42077347883198,-0.22072909173320066,-0.35758258414663957,81920,0.0,0,0.4853487568202491,1.4882760311820897,19.565383680903487,0.0,0.19669074851290466,25.72831905729323,20.231244687863764,0.5214062378096171,8,0.2637174867836195,0.39493445755491363,0.48444657851682016,0.7525170417015532,6.671465215909469,2.48,5.037600731554576,0.12853478409053093,0.0,early,81920,7.779226521168019,ok,random,0.1211359350541745,26.092238694741447,0.0,7.907761305258551,26.116465881752283,19.445000665842812,0.12038301506067484,0.12038301506067484
0.0,1.6685816100117716,1.5029174667435394,experiment-development-000,known,0.19177159019254053,-0.19177159019254053,19.42077347883198,-0.22072909173320066,-0.35758258414663957,81920,0.0,0,0.4853487568202491,1.476810019819231,19.54909665075244,0.0,0.12216381963958511,25.72831905729323,20.231244687863764,0.5214062378096171,8,0.2637174867836195,0.39493445755491363,0.48444657851682016,0.7525170417015532,6.671465215909469,2.48,5.037600731554576,0.12853478409053093,0.0,early,81920,7.779226521168019,ok,random,0.1211359350541745,26.092238694741447,0.0,7.907761305258551,26.116465881752283,19.445000665842812,0.1040959849096268,0.1040959849096268
0.5,1.6543516294053884,0.0,experiment-development-000,frozen,0.17795319026245515,-0.17795319026245515,19.414623973035017,-0.013889980284734649,-0.021229637402869983,81920,0.0,0,0.4850604987360164,1.4763984391429332,19.7724187314535,0.8271758147026942,0.3300747406645191,25.712240215064227,20.219854654434478,0.5208734654530451,8,0.4705565982320855,0.7312874042986832,0.48444657851682016,0.7525170417015532,6.758125841709848,2.48,4.98857177869431,0.04187415829015165,0.09905176190178011,redistribute,81920,7.7853760269649825,ok,redistribute,0.12107645888948557,26.172749814744865,0.0,7.827250185255134,26.19696510652276,19.438839264812913,0.333579466640586,0.333579466640586
0.0,1.6543516294053884,0.0,experiment-development-000,updated,0.18915629766360498,-0.18915629766360498,19.513714018766628,-0.013889980284734649,-0.021229637402869983,81920,0.0,0,0.4897053446296857,1.4651953317417834,19.63012084679915,0.0,0.18472697701369847,25.69650896824814,20.204123407618386,0.5201397176446246,8,0.4705565982320855,0.7312874042986832,0.48444657851682016,0.7525170417015532,6.758125841709848,2.48,4.98857177869431,0.04187415829015165,0.0,redistribute,81920,7.686285981233373,ok,redistribute,0.12088503974032186,26.271839860476476,0.0,7.728160139523524,26.29601686842454,19.537891026714693,0.09222982008445868,0.09222982008445868
0.0,1.6543516294053884,0.0,experiment-development-000,known,0.1917715901925403,-0.1917715901925403,19.513714018766628,-0.013889980284734649,-0.021229637402869983,81920,0.0,0,0.4897053446296857,1.462580039212848,19.65641650883695,0.0,0.12499325882979069,25.69650896824814,20.204123407618386,0.5201397176446246,8,0.4705565982320855,0.7312874042986832,0.48444657851682016,0.7525170417015532,6.758125841709848,2.48,4.98857177869431,0.04187415829015165,0.0,redistribute,81920,7.686285981233373,ok,redistribute,0.12088503974032186,26.271839860476476,0.0,7.728160139523524,26.29601686842454,19.537891026714693,0.11852548212225855,0.11852548212225855
0.0,1.5709941947658774,1.5692475268951283,experiment-development-000,frozen,0.11032252560111333,-0.11032252560111333,19.964685696304674,0.0681839290192367,0.10573227709575492,81920,0.0,1,0.5108446420142816,1.460671669164764,18.87791595788832,0.0,1.0502342953629527,25.883550859706883,20.039707138135547,0.5123833564049756,8,0.23481971973875648,0.3469760410837706,0.16663579071951978,0.2412437639880157,5.796545057602195,2.24,5.122639117611297,1.0034549423978047,0.0,early,81920,7.2353143036953265,ok,active,0.11168623689950871,25.76123075390687,0.0,8.238769246093131,25.78356800128677,19.987022943684575,1.1091069857962559,-1.1091069857962559
0.0,1.5709941947658774,1.5692475268951283,experiment-development-000,updated,0.07574939175362427,-0.07574939175362427,19.964685696304674,0.0681839290192367,0.10573227709575492,81920,0.0,1,0.5108446420142816,1.4952448030122532,19.251328804657074,0.0,0.6666669444018455,25.883550859706883,20.039707138135547,0.5123833564049756,8,0.23481971973875648,0.3469760410837706,0.16663579071951978,0.2412437639880157,5.796545057602195,2.24,5.122639117611297,1.0034549423978047,0.0,early,81920,7.2353143036953265,ok,active,0.11168623689950871,25.76123075390687,0.0,8.238769246093131,25.78356800128677,19.987022943684575,0.7356941390275011,-0.7356941390275011
0.0,1.5709941947658774,1.5692475268951283,experiment-development-000,known,0.06278868016947925,-0.06278868016947925,19.964685696304674,0.0681839290192367,0.10573227709575492,81920,0.0,1,0.5108446420142816,1.5082055145963982,19.66189698447801,0.0,0.31479336921501516,25.883550859706883,20.039707138135547,0.5123833564049756,8,0.23481971973875648,0.3469760410837706,0.16663579071951978,0.2412437639880157,5.796545057602195,2.24,5.122639117611297,1.0034549423978047,0.0,early,81920,7.2353143036953265,ok,active,0.11168623689950871,25.76123075390687,0.0,8.238769246093131,25.78356800128677,19.987022943684575,0.3251259592065665,-0.3251259592065665
0.0,1.5723119196709336,1.5692475268951283,experiment-development-000,frozen,0.10940338216477197,-0.10940338216477197,19.970736137853446,0.12595093160785747,0.1981931311665597,81920,0.0,1,0.5111282564618802,1.4629085375061617,18.89092733049958,0.0,1.0441534089357087,25.882520033619997,20.039460580489276,0.512371355465859,8,0.29258672232737726,0.4394368951545754,0.16663579071951978,0.2412437639880157,5.785295538371868,2.24,5.108912816516961,1.0147044616281318,0.0,split,81920,7.229263862146555,ok,fixed,0.1117094703116103,25.756031676225312,0.0,8.243968323774686,25.778373570287634,19.99307803191577,1.102150701416189,-1.102150701416189
0.0,1.5723119196709336,1.5692475268951283,experiment-development-000,updated,0.07081195428785692,-0.07081195428785692,19.970736137853446,0.12595093160785747,0.1981931311665597,81920,0.0,1,0.5111282564618802,1.5014999653830767,19.259494392684367,0.0,0.6497636049640114,25.882520033619997,20.039460580489276,0.512371355465859,8,0.29258672232737726,0.4394368951545754,0.16663579071951978,0.2412437639880157,5.785295538371868,2.24,5.108912816516961,1.0147044616281318,0.0,split,81920,7.229263862146555,ok,fixed,0.1117094703116103,25.756031676225312,0.0,8.243968323774686,25.778373570287634,19.99307803191577,0.7335836392314015,-0.7335836392314015
0.0,1.5723119196709336,1.5692475268951283,experiment-development-000,known,0.06278868016947925,-0.06278868016947925,19.970736137853446,0.12595093160785747,0.1981931311665597,81920,0.0,1,0.5111282564618802,1.5095232395014544,19.66857056470242,0.0,0.31518469567309637,25.882520033619997,20.039460580489276,0.512371355465859,8,0.29258672232737726,0.4394368951545754,0.16663579071951978,0.2412437639880157,5.785295538371868,2.24,5.108912816516961,1.0147044616281318,0.0,split,81920,7.229263862146555,ok,fixed,0.1117094703116103,25.756031676225312,0.0,8.243968323774686,25.778373570287634,19.99307803191577,0.32450746721334767,-0.32450746721334767
0.0,1.57362964457599,1.5692475268951283,experiment-development-000,frozen,0.10848423872843083,-0.10848423872843083,19.976786579402216,0.20983265125239042,0.3319341920088019,81920,0.0,1,0.5114118709094789,1.4651454058475593,18.904003423254178,0.0,1.0380511148938314,25.881489207533107,20.039214022842998,0.5123593545267423,8,0.3764684419719102,0.5731779559968176,0.16663579071951978,0.2412437639880157,5.774046019141541,2.24,5.095186515422624,1.025953980858459,0.0,late,81920,7.223213420597783,ok,random,0.11173270372371183,25.750832598543756,0.0,8.249167401456242,25.773179139288498,19.999133120146958,1.09512969689278,-1.09512969689278
0.0,1.57362964457599,1.5692475268951283,experiment-development-000,updated,0.06384895559987203,-0.06384895559987203,19.976786579402216,0.20983265125239042,0.3319341920088019,81920,0.0,1,0.5114118709094789,1.509780688976118,19.271360253937928,0.0,0.6298805865038682,25.881489207533107,20.039214022842998,0.5123593545267423,8,0.3764684419719102,0.5731779559968176,0.16663579071951978,0.2412437639880157,5.774046019141541,2.24,5.095186515422624,1.025953980858459,0.0,late,81920,7.223213420597783,ok,random,0.11173270372371183,25.750832598543756,0.0,8.249167401456242,25.773179139288498,19.999133120146958,0.7277728662090297,-0.7277728662090297
0.0,1.57362964457599,1.5692475268951283,experiment-development-000,known,0.06278868016947903,-0.06278868016947903,19.976786579402216,0.20983265125239042,0.3319341920088019,81920,0.0,1,0.5114118709094789,1.510840964406511,19.675211889534026,0.0,0.3156018942565595,25.881489207533107,20.039214022842998,0.5123593545267423,8,0.3764684419719102,0.5731779559968176,0.16663579071951978,0.2412437639880157,5.774046019141541,2.24,5.095186515422624,1.025953980858459,0.0,late,81920,7.223213420597783,ok,random,0.11173270372371183,25.750832598543756,0.0,8.249167401456242,25.773179139288498,19.999133120146958,0.32392123061293177,-0.32392123061293177
0.0,1.556136185348556,0.0,experiment-development-000,frozen,0.12068632898725395,-0.12068632898725395,19.90471896136778,0.07856030385891877,0.12130805243680085,81920,0.0,1,0.5080337013141146,1.435449856361302,18.765462371575946,0.0,1.1062579418336327,25.85099480446526,20.009567013439675,0.5109755393024101,8,0.24519609457843855,0.36255181642481654,0.16663579071951978,0.2412437639880157,6.060041380918178,2.24,5.071446311136743,0.7399586190818219,0.0,redistribute,81920,7.29528103863222,ok,redistribute,0.11142426852168028,25.96476034228596,0.0,8.035239657714042,25.987045195990294,19.927003815072116,1.1615414434961693,-1.1615414434961693
0.0,1.556136185348556,0.0,experiment-development-000,updated,0.07879113314013075,-0.07879113314013075,19.90471896136778,0.07856030385891877,0.12130805243680085,81920,0.0,1,0.5080337013141146,1.4773450522084253,19.2249327872766,0.0,0.6312671027615799,25.85099480446526,20.009567013439675,0.5109755393024101,8,0.24519609457843855,0.36255181642481654,0.16663579071951978,0.2412437639880157,6.060041380918178,2.24,5.071446311136743,0.7399586190818219,0.0,redistribute,81920,7.29528103863222,ok,redistribute,0.11142426852168028,25.96476034228596,0.0,8.035239657714042,25.987045195990294,19.927003815072116,0.7020710277955153,-0.7020710277955153
0.0,1.556136185348556,0.0,experiment-development-000,known,0.06278868016947925,-0.06278868016947925,19.90471896136778,0.07856030385891877,0.12130805243680085,81920,0.0,1,0.5080337013141146,1.4933475051790768,19.62108379908208,0.0,0.2980975707967133,25.85099480446526,20.009567013439675,0.5109755393024101,8,0.24519609457843855,0.36255181642481654,0.16663579071951978,0.2412437639880157,6.060041380918178,2.24,5.071446311136743,0.7399586190818219,0.0,redistribute,81920,7.29528103863222,ok,redistribute,0.11142426852168028,25.96476034228596,0.0,8.035239657714042,25.987045195990294,19.927003815072116,0.3059200159900364,-0.3059200159900364
0.0,1.5640202704589468,1.5666885535247994,experiment-development-000,frozen,0.056246026102477975,0.056246026102477975,20.361714325882108,-0.03580677772744184,-0.058019415832322035,81920,0.0,2,0.5294553590257238,1.6202662965614247,21.017738745015933,0.0,0.5891037462810461,26.174504653852196,19.761320928603016,0.5002224432282275,8,0.09961606421876257,0.1334616793536582,0.1354228419462044,0.19148109518598025,4.743825320185708,1.6,5.43415356172444,2.056174679814291,0.0,early,81920,6.838285674117891,ok,active,0.3047127311481169,25.105539646067818,0.0,8.894460353932182,25.166482192297437,20.42265687211173,0.5950818729042027,0.5950818729042027
0.0,1.5640202704589468,1.5666885535247994,experiment-development-000,updated,0.011458629705485501,0.011458629705485501,20.361714325882108,-0.03580677772744184,-0.058019415832322035,81920,0.0,2,0.5294553590257238,1.5754789001644323,20.620094538566015,0.0,0.1796353568154506,26.174504653852196,19.761320928603016,0.5002224432282275,8,0.09961606421876257,0.1334616793536582,0.1354228419462044,0.19148109518598025,4.743825320185708,1.6,5.43415356172444,2.056174679814291,0.0,early,81920,6.838285674117891,ok,active,0.3047127311481169,25.105539646067818,0.0,8.894460353932182,25.166482192297437,20.42265687211173,0.1974376664542845,0.1974376664542845
0.0,1.5640202704589468,1.5666885535247994,experiment-development-000,known,0.0051060894310333005,-0.0051060894310333005,20.361714325882108,-0.03580677772744184,-0.058019415832322035,81920,0.0,2,0.5294553590257238,1.5589141810279135,20.47367858947087,0.0,0.030593453548487304,26.174504653852196,19.761320928603016,0.5002224432282275,8,0.09961606421876257,0.1334616793536582,0.1354228419462044,0.19148109518598025,4.743825320185708,1.6,5.43415356172444,2.056174679814291,0.0,early,81920,6.838285674117891,ok,active,0.3047127311481169,25.105539646067818,0.0,8.894460353932182,25.166482192297437,20.42265687211173,0.051021717359141405,0.051021717359141405
0.0,1.5653358465488012,1.5666885535247994,experiment-development-000,frozen,0.05662469077051102,0.05662469077051102,20.360814937500265,-0.035242173596139806,-0.05770088063564893,81920,0.0,2,0.529413200195325,1.6219605373193122,21.02085726730229,0.0,0.5913334547641919,26.173422225574885,19.761847926137612,0.5002470996395081,8,0.1001806683500646,0.13378021455033132,0.1354228419462044,0.19148109518598025,4.740307550823099,1.6,5.420449644121789,2.059692449176901,0.0,split,81920,6.839185062499733,ok,fixed,0.3051303936576223,25.101122488323362,0.0,8.898877511676634,25.162148567054892,20.42184101623179,0.5990162510704984,0.5990162510704984
0.0,1.5653358465488012,1.5666885535247994,experiment-development-000,updated,0.011914789938760384,0.011914789938760384,20.360814937500265,-0.035242173596139806,-0.05770088063564893,81920,0.0,2,0.529413200195325,1.5772506364875616,20.631029696700054,0.0,0.1893280988598723,26.173422225574885,19.761847926137612,0.5002470996395081,8,0.1001806683500646,0.13378021455033132,0.1354228419462044,0.19148109518598025,4.740307550823099,1.6,5.420449644121789,2.059692449176901,0.0,split,81920,6.839185062499733,ok,fixed,0.3051303936576223,25.101122488323362,0.0,8.898877511676634,25.162148567054892,20.42184101623179,0.20918868046826233,0.20918868046826233
0.0,1.5653358465488012,1.5666885535247994,experiment-development-000,known,0.0051060894310333005,-0.0051060894310333005,20.360814937500265,-0.035242173596139806,-0.05770088063564893,81920,0.0,2,0.529413200195325,1.560229757117768,20.474345719354062,0.0,0.03038615716778163,26.173422225574885,19.761847926137612,0.5002470996395081,8,0.1001806683500646,0.13378021455033132,0.1354228419462044,0.19148109518598025,4.740307550823099,1.6,5.420449644121789,2.059692449176901,0.0,split,81920,6.839185062499733,ok,fixed,0.3051303936576223,25.101122488323362,0.0,8.898877511676634,25.162148567054892,20.42184101623179,0.05250470312227051,0.05250470312227051
0.0,1.5653358465488012,1.5666885535247994,experiment-development-000,frozen,0.05662469077051102,0.05662469077051102,20.360814937500265,-0.035242173596139806,-0.05770088063564893,81920,0.0,2,0.529413200195325,1.6219605373193122,21.02085726730229,0.0,0.5913334547641919,26.173422225574885,19.761847926137612,0.5002470996395081,8,0.1001806683500646,0.13378021455033132,0.1354228419462044,0.19148109518598025,4.740307550823099,1.6,5.420449644121789,2.059692449176901,0.0,split,81920,6.839185062499733,ok,random,0.3051303936576223,25.101122488323362,0.0,8.898877511676634,25.162148567054892,20.42184101623179,0.5990162510704984,0.5990162510704984
0.0,1.5653358465488012,1.5666885535247994,experiment-development-000,updated,0.011914789938760384,0.011914789938760384,20.360814937500265,-0.035242173596139806,-0.05770088063564893,81920,0.0,2,0.529413200195325,1.5772506364875616,20.631029696700054,0.0,0.1893280988598723,26.173422225574885,19.761847926137612,0.5002470996395081,8,0.1001806683500646,0.13378021455033132,0.1354228419462044,0.19148109518598025,4.740307550823099,1.6,5.420449644121789,2.059692449176901,0.0,split,81920,6.839185062499733,ok,random,0.3051303936576223,25.101122488323362,0.0,8.898877511676634,25.162148567054892,20.42184101623179,0.20918868046826233,0.20918868046826233
0.0,1.5653358465488012,1.5666885535247994,experiment-development-000,known,0.0051060894310333005,-0.0051060894310333005,20.360814937500265,-0.035242173596139806,-0.05770088063564893,81920,0.0,2,0.529413200195325,1.560229757117768,20.474345719354062,0.0,0.03038615716778163,26.173422225574885,19.761847926137612,0.5002470996395081,8,0.1001806683500646,0.13378021455033132,0.1354228419462044,0.19148109518598025,4.740307550823099,1.6,5.420449644121789,2.059692449176901,0.0,split,81920,6.839185062499733,ok,random,0.3051303936576223,25.101122488323362,0.0,8.898877511676634,25.162148567054892,20.42184101623179,0.05250470312227051,0.05250470312227051
0.0,1.5491864900111048,0.0,experiment-development-000,frozen,0.051976391991401805,0.051976391991401805,20.421242324802872,-0.031372473804193016,-0.050848336262338534,81920,0.0,2,0.5322457339751346,1.6011628820025066,21.021053978040854,0.0,0.560279221317933,26.141531032207418,19.732447420893404,0.4988695229719001,8,0.10405036814201139,0.14063275892364172,0.1354228419462044,0.19148109518598025,4.9247297403413235,1.6,5.383044235405995,1.8752702596586759,0.0,redistribute,81920,6.778757675197127,ok,redistribute,0.30000337680891714,25.345972065144196,0.0,8.654027934855803,25.40597274050598,20.481243000164657,0.539810977876197,0.539810977876197
0.0,1.5491864900111048,0.0,experiment-development-000,updated,0.010933713643365373,0.010933713643365373,20.421242324802872,-0.031372473804193016,-0.050848336262338534,81920,0.0,2,0.5322457339751346,1.5601202036544701,20.628924558498554,0.0,0.15906371149394616,26.141531032207418,19.732447420893404,0.4988695229719001,8,0.10405036814201139,0.14063275892364172,0.1354228419462044,0.19148109518598025,4.9247297403413235,1.6,5.383044235405995,1.8752702596586759,0.0,redistribute,81920,6.778757675197127,ok,redistribute,0.30000337680891714,25.345972065144196,0.0,8.654027934855803,25.40597274050598,20.481243000164657,0.14768155833389685,0.14768155833389685
0.0,1.5491864900111048,0.0,experiment-development-000,known,0.0051060894310333005,-0.0051060894310333005,20.421242324802872,-0.031372473804193016,-0.050848336262338534,81920,0.0,2,0.5322457339751346,1.5440804005800715,20.505620336714582,0.0,0.02931092370989674,26.141531032207418,19.732447420893404,0.4988695229719001,8,0.10405036814201139,0.14063275892364172,0.1354228419462044,0.19148109518598025,4.9247297403413235,1.6,5.383044235405995,1.8752702596586759,0.0,redistribute,81920,6.778757675197127,ok,redistribute,0.30000337680891714,25.345972065144196,0.0,8.654027934855803,25.40597274050598,20.481243000164657,0.024377336549925133,0.024377336549925133
1.0,1.5743256404952426,1.670649168424967,experiment-development-001,frozen,0.15029308087304183,0.15029308087304183,21.690896074558964,0.21880843745629983,0.3861735313235884,81920,0.0,0,0.5917607534949514,1.7246187213682844,22.246626810534295,1.5743256404952426,0.5624687341669604,27.580140242728824,21.591547015312592,0.5859131400465809,8,0.3525873845405685,0.5924950774662944,0.13377894708426866,0.20632154614270598,5.563396794782515,2.0,5.457039664448298,1.2366032052174842,0.0,early,81920,5.509103925441036,ok,active,0.14647392976629953,27.25429286934148,0.0,6.745707130658521,27.28358765529474,21.720190860512222,0.5264359500220728,0.5264359500220728
0.0,1.5743256404952426,1.670649168424967,experiment-development-001,updated,0.10813616585653962,0.10813616585653962,21.53307720303844,0.21880843745629983,0.3861735313235884,81920,0.0,0,0.5843629938924271,1.6824618063517822,21.935346316948504,0.0,0.27911007583809183,27.551606824419082,21.563013597002847,0.5845810419429385,8,0.3525873845405685,0.5924950774662944,0.13377894708426866,0.20632154614270598,5.563396794782515,2.0,5.457039664448298,1.2366032052174842,0.1588615537606728,early,81920,5.666922796961557,ok,active,0.14126051856554525,27.096473997820958,0.0,6.903526002179041,27.124726101534065,21.56132930675155,0.37401701019695466,0.37401701019695466
1.0,1.5743256404952426,1.670649168424967,experiment-development-001,known,0.09954045749760843,0.09954045749760843,21.690896074558964,0.21880843745629983,0.3861735313235884,81920,0.0,0,0.5917607534949514,1.673866097992851,21.675918360590487,1.5743256404952426,0.04676729540484459,27.580140242728824,21.591547015312592,0.5859131400465809,8,0.3525873845405685,0.5924950774662944,0.13377894708426866,0.20632154614270598,5.563396794782515,2.0,5.457039664448298,1.2366032052174842,0.0,early,81920,5.509103925441036,ok,active,0.14647392976629953,27.25429286934148,0.0,6.745707130658521,27.28358765529474,21.720190860512222,0.04427249992173543,-0.04427249992173543
1.0,1.5797367246009408,1.670649168424967,experiment-development-001,frozen,0.1495262020277599,0.1495262020277599,21.697769322397583,0.21033585777242522,0.36983819736507645,81920,0.0,0,0.5920829369873868,1.7292629266287007,22.241857856477655,1.5797367246009408,0.5578724280770437,27.579417446065857,21.59259390724205,0.5859618275042153,8,0.3441148048566939,0.5761597435077824,0.13377894708426866,0.20632154614270598,5.556020901656099,2.0,5.40067420501394,1.2439790983439007,0.0,split,81920,5.502230677602414,ok,fixed,0.14704610569358856,27.25379022405368,0.0,6.746209775946315,27.283199445192402,21.7271785435363,0.5146793129413538,0.5146793129413538
0.0,1.5797367246009408,1.670649168424967,experiment-development-001,updated,0.10301836485284954,0.10301836485284954,21.52306766721667,0.21033585777242522,0.36983819736507645,81920,0.0,0,0.5838937969007814,1.6827550894537904,21.895672952479053,0.0,0.24294006811739285,27.550785956097798,21.56396241727399,0.5846251508720332,8,0.3441148048566939,0.5761597435077824,0.13377894708426866,0.20632154614270598,5.556020901656099,2.0,5.40067420501394,1.2439790983439007,0.17578880871592872,split,81920,5.676932332783331,ok,fixed,0.14161033801852244,27.07908856887277,0.0,6.920911431127232,27.107410636476473,21.551389734820372,0.3442832176586812,0.3442832176586812
1.0,1.5797367246009408,1.670649168424967,experiment-development-001,known,0.09954045749760865,0.09954045749760865,21.697769322397583,0.21033585777242522,0.36983819736507645,81920,0.0,0,0.5920829369873868,1.6792771820985495,21.676995917514333,1.5797367246009408,0.04609541334607788,27.579417446065857,21.59259390724205,0.5859618275042153,8,0.3441148048566939,0.5761597435077824,0.13377894708426866,0.20632154614270598,5.556020901656099,2.0,5.40067420501394,1.2439790983439007,0.0,split,81920,5.502230677602414,ok,fixed,0.14704610569358856,27.25379022405368,0.0,6.746209775946315,27.283199445192402,21.7271785435363,0.05018262602196799,-0.05018262602196799
1.0,1.5851478087066395,1.670649168424967,experiment-development-001,frozen,0.14875932318247798,0.14875932318247798,21.68856027892119,0.1717933700439709,0.3014889073024463,81920,0.0,0,0.5916512630744308,1.7339071318891175,22.223624258102625,1.5851478087066395,0.5387574929522584,27.57869464940289,21.59358956985591,0.5860081135876809,8,0.30557231712823957,0.5078104534451523,0.13377894708426866,0.20632154614270598,5.56091781403896,2.0,5.344308745579581,1.2390821859610401,0.0,late,81920,5.511439721078809,ok,random,0.14761828162087753,27.24947809296015,0.0,6.7505219070398494,27.279001749284326,21.718083935245367,0.5055403228572573,0.5055403228572573
0.0,1.5851478087066395,1.670649168424967,experiment-development-001,updated,0.09810923138293459,0.09810923138293459,21.535284083210723,0.1717933700439709,0.3014889073024463,81920,0.0,0,0.5844664414005026,1.683257040089574,21.82388849416731,0.0,0.17805638990532202,27.549965087776506,21.564860008229527,0.584666858426959,8,0.30557231712823957,0.5078104534451523,0.13377894708426866,0.20632154614270598,5.56091781403896,2.0,5.344308745579581,1.2390821859610401,0.15440782054034585,late,81920,5.664715916789277,ok,random,0.14196015747149968,27.09620189724968,0.0,6.903798102750317,27.12459392874398,21.56367611470502,0.26021237946228837,0.26021237946228837
1.0,1.5851478087066395,1.670649168424967,experiment-development-001,known,0.09954045749760843,0.09954045749760843,21.68856027892119,0.1717933700439709,0.3014889073024463,81920,0.0,0,0.5916512630744308,1.684688266204248,21.66407123245054,1.5851478087066395,0.05991696492705264,27.57869464940289,21.59358956985591,0.5860081135876809,8,0.30557231712823957,0.5078104534451523,0.13377894708426866,0.20632154614270598,5.56091781403896,2.0,5.344308745579581,1.2390821859610401,0.0,late,81920,5.511439721078809,ok,random,0.14761828162087753,27.24947809296015,0.0,6.7505219070398494,27.279001749284326,21.718083935245367,0.054012702794828726,-0.054012702794828726
1.0,1.5133129524206037,0.0,experiment-development-001,frozen,0.1589400246026642,0.1589400246026642,21.355388810479006,0.16826583488900396,0.2948408755300724,81920,0.0,0,0.5760338504912034,1.672252977023268,21.960700977480556,1.5133129524206037,0.6283619896047542,27.547649679882333,21.562595829650956,0.5845604010697294,8,0.3020447819732726,0.5011624216727784,0.13377894708426866,0.20632154614270598,5.684739991390661,2.08,5.246822357043979,1.115260008609339,0.0,redistribute,81920,5.844611189520995,ok,redistribute,0.14226895913487939,27.040128801869667,0.0,6.959871198130334,27.068582593696643,21.383842602305982,0.5768583751745737,0.5768583751745737
0.0,1.5133129524206037,0.0,experiment-development-001,updated,0.12329011758709307,0.12329011758709307,21.15750696427631,0.16826583488900396,0.2948408755300724,81920,0.0,0,0.5667581389504519,1.6366030700076968,21.6386900502592,0.0,0.34855212519314566,27.521423158149087,21.53636930791771,0.583336229239283,8,0.3020447819732726,0.5011624216727784,0.13377894708426866,0.20632154614270598,5.684739991390661,2.08,5.246822357043979,1.115260008609339,0.19887241228445518,redistribute,81920,6.042493035723693,ok,redistribute,0.13731612872609292,26.84224695566697,0.0,7.157753044333032,26.869710181412188,21.184970190021527,0.45371986023767263,0.45371986023767263
1.0,1.5133129524206037,0.0,experiment-development-001,known,0.09954045749760843,0.09954045749760843,21.355388810479006,0.16826583488900396,0.2948408755300724,81920,0.0,0,0.5760338504912034,1.6128534099182121,21.323737671024645,1.5133129524206037,0.04493074374853497,27.547649679882333,21.562595829650956,0.5845604010697294,8,0.3020447819732726,0.5011624216727784,0.13377894708426866,0.20632154614270598,5.684739991390661,2.08,5.246822357043979,1.115260008609339,0.0,redistribute,81920,5.844611189520995,ok,redistribute,0.14226895913487939,27.040128801869667,0.0,6.959871198130334,27.068582593696643,21.383842602305982,0.060104931281337315,-0.060104931281337315
1.0,1.947036296392686,2.1811844970090997,experiment-development-001,frozen,0.01887181563535334,-0.01887181563535334,23.34943188712227,-0.007716160898304111,-0.013468085265938734,81920,0.0,1,0.6695046197088564,1.9281644807573326,22.955828639778353,1.947036296392686,0.44831059428952597,26.804589595930544,20.845804610099684,0.5510066442975476,8,0.09442539936879314,0.139027191858268,0.10214156026709725,0.15249527712420674,5.462608894821449,1.92,6.634216278737062,1.3373911051785505,0.0,early,81920,3.850568112877729,ok,active,0.19007779348961,28.812040781943722,0.0,5.18795921805628,28.850056340641643,23.387447445820193,0.4316188060418398,-0.4316188060418398
1.0,1.947036296392686,2.1811844970090997,experiment-development-001,updated,0.01274220749608701,-0.01274220749608701,23.34943188712227,-0.007716160898304111,-0.013468085265938734,81920,0.0,1,0.6695046197088564,1.934294088896599,22.979569533798735,1.947036296392686,0.430231553750365,26.804589595930544,20.845804610099684,0.5510066442975476,8,0.09442539936879314,0.139027191858268,0.10214156026709725,0.15249527712420674,5.462608894821449,1.92,6.634216278737062,1.3373911051785505,0.0,early,81920,3.850568112877729,ok,active,0.19007779348961,28.812040781943722,0.0,5.18795921805628,28.850056340641643,23.387447445820193,0.4078779120214584,-0.4078779120214584
1.0,1.947036296392686,2.1811844970090997,experiment-development-001,known,0.01839471204681664,0.01839471204681664,23.34943188712227,-0.007716160898304111,-0.013468085265938734,81920,0.0,1,0.6695046197088564,1.9654310084395026,23.315215343744136,1.947036296392686,0.0968254063884153,26.804589595930544,20.845804610099684,0.5510066442975476,8,0.09442539936879314,0.139027191858268,0.10214156026709725,0.15249527712420674,5.462608894821449,1.92,6.634216278737062,1.3373911051785505,0.0,early,81920,3.850568112877729,ok,active,0.19007779348961,28.812040781943722,0.0,5.18795921805628,28.850056340641643,23.387447445820193,0.07223210207605746,-0.07223210207605746
1.0,1.9541009590318736,2.1811844970090997,experiment-development-001,frozen,0.019107402025754228,-0.019107402025754228,23.387517703076618,-0.00646965856156953,-0.011930859342934863,81920,0.0,1,0.6712898923317165,1.9349935570061194,22.989124267954587,1.9541009590318736,0.44862250770439377,26.80355501904912,20.84563168849105,0.5509983795583919,8,0.09567190170552772,0.14056441778127188,0.10214156026709725,0.15249527712420674,5.400632386983389,1.92,6.56062604291219,1.3993676130166104,0.0,split,81920,3.81248229692338,ok,fixed,0.19188012893067533,28.788150090060007,0.0,5.21184990993999,28.826526115846143,23.425893728862754,0.4367694609081667,-0.4367694609081667
1.0,1.9541009590318736,2.1811844970090997,experiment-development-001,updated,0.01580746317055559,-0.01580746317055559,23.387517703076618,-0.00646965856156953,-0.011930859342934863,81920,0.0,1,0.6712898923317165,1.938293495861318,22.992268477247954,1.9541009590318736,0.4502759845552878,26.80355501904912,20.84563168849105,0.5509983795583919,8,0.09567190170552772,0.14056441778127188,0.10214156026709725,0.15249527712420674,5.400632386983389,1.92,6.56062604291219,1.3993676130166104,0.0,split,81920,3.81248229692338,ok,fixed,0.19188012893067533,28.788150090060007,0.0,5.21184990993999,28.826526115846143,23.425893728862754,0.43362525161479937,-0.43362525161479937
1.0,1.9541009590318736,2.1811844970090997,experiment-development-001,known,0.01839471204681664,0.01839471204681664,23.387517703076618,-0.00646965856156953,-0.011930859342934863,81920,0.0,1,0.6712898923317165,1.9724956710786903,23.349609070083467,1.9541009590318736,0.09643918804687009,26.80355501904912,20.84563168849105,0.5509983795583919,8,0.09567190170552772,0.14056441778127188,0.10214156026709725,0.15249527712420674,5.400632386983389,1.92,6.56062604291219,1.3993676130166104,0.0,split,81920,3.81248229692338,ok,fixed,0.19188012893067533,28.788150090060007,0.0,5.21184990993999,28.826526115846143,23.425893728862754,0.07628465877928647,-0.07628465877928647
1.0,1.947036296392686,2.1811844970090997,experiment-development-001,frozen,0.01887181563535334,-0.01887181563535334,23.34943188712227,-0.007716160898304111,-0.013468085265938734,81920,0.0,1,0.6695046197088564,1.9281644807573326,22.955828639778353,1.947036296392686,0.44831059428952597,26.804589595930544,20.845804610099684,0.5510066442975476,8,0.09442539936879314,0.139027191858268,0.10214156026709725,0.15249527712420674,5.462608894821449,1.92,6.634216278737062,1.3373911051785505,0.0,early,81920,3.850568112877729,ok,random,0.19007779348961,28.812040781943722,0.0,5.18795921805628,28.850056340641643,23.387447445820193,0.4316188060418398,-0.4316188060418398
1.0,1.947036296392686,2.1811844970090997,experiment-development-001,updated,0.01274220749608701,-0.01274220749608701,23.34943188712227,-0.007716160898304111,-0.013468085265938734,81920,0.0,1,0.6695046197088564,1.934294088896599,22.979569533798735,1.947036296392686,0.430231553750365,26.804589595930544,20.845804610099684,0.5510066442975476,8,0.09442539936879314,0.139027191858268,0.10214156026709725,0.15249527712420674,5.462608894821449,1.92,6.634216278737062,1.3373911051785505,0.0,early,81920,3.850568112877729,ok,random,0.19007779348961,28.812040781943722,0.0,5.18795921805628,28.850056340641643,23.387447445820193,0.4078779120214584,-0.4078779120214584
1.0,1.947036296392686,2.1811844970090997,experiment-development-001,known,0.01839471204681664,0.01839471204681664,23.34943188712227,-0.007716160898304111,-0.013468085265938734,81920,0.0,1,0.6695046197088564,1.9654310084395026,23.315215343744136,1.947036296392686,0.0968254063884153,26.804589595930544,20.845804610099684,0.5510066442975476,8,0.09442539936879314,0.139027191858268,0.10214156026709725,0.15249527712420674,5.462608894821449,1.92,6.634216278737062,1.3373911051785505,0.0,early,81920,3.850568112877729,ok,random,0.19007779348961,28.812040781943722,0.0,5.18795921805628,28.850056340641643,23.387447445820193,0.07223210207605746,-0.07223210207605746
1.0,1.867378680739773,0.0,experiment-development-001,frozen,0.016215460888063804,-0.016215460888063804,22.866662938414088,-0.004779590893426555,-0.009001057250695915,81920,0.0,1,0.6468748252381604,1.8511632198517092,22.455886884440478,1.867378680739773,0.4329277189254566,26.755258997782764,20.800893370258226,0.5489032231716889,8,0.0973619693736707,0.14349421987351083,0.10214156026709725,0.15249527712420674,5.74611643680434,1.9260461421207797,6.3597584568440455,1.0538835631956593,0.0,redistribute,81920,4.333337061585911,ok,redistribute,0.16975555714592047,28.612779375218427,0.0,5.38722062478157,28.64673048664761,22.90061404984327,0.4447271654027922,-0.4447271654027922
1.0,1.867378680739773,0.0,experiment-development-001,updated,0.01544955557774852,-0.01544955557774852,22.866662938414088,-0.004779590893426555,-0.009001057250695915,81920,0.0,1,0.6468748252381604,1.8519291251620245,22.45224569535023,1.867378680739773,0.4383565753942105,26.755258997782764,20.800893370258226,0.5489032231716889,8,0.0973619693736707,0.14349421987351083,0.10214156026709725,0.15249527712420674,5.74611643680434,1.9260461421207797,6.3597584568440455,1.0538835631956593,0.0,redistribute,81920,4.333337061585911,ok,redistribute,0.16975555714592047,28.612779375218427,0.0,5.38722062478157,28.64673048664761,22.90061404984327,0.44836835449304147,-0.44836835449304147
1.0,1.867378680739773,0.0,experiment-development-001,known,0.018394712046816863,0.018394712046816863,22.866662938414088,-0.004779590893426555,-0.009001057250695915,81920,0.0,1,0.6468748252381604,1.8857733927865898,22.803351570767465,1.867378680739773,0.09329457810525099,26.755258997782764,20.800893370258226,0.5489032231716889,8,0.0973619693736707,0.14349421987351083,0.10214156026709725,0.15249527712420674,5.74611643680434,1.9260461421207797,6.3597584568440455,1.0538835631956593,0.0,redistribute,81920,4.333337061585911,ok,redistribute,0.16975555714592047,28.612779375218427,0.0,5.38722062478157,28.64673048664761,22.90061404984327,0.09726247907580543,-0.09726247907580543
0.0,1.3157951268448358,1.4282716475043282,experiment-development-001,frozen,0.20303835606384202,0.20303835606384202,20.632118833117207,0.12223085790305416,0.19788701281162813,81920,0.0,2,0.5421305703023692,1.5188334829086778,20.553069181306324,0.0,0.1871467630193623,27.69475939214497,21.976476122016436,0.603811348748327,8,0.46698686251990423,0.7670851663401028,0.3447560046168501,0.5691981535284747,6.121599891200898,2.32,5.143215554759612,0.6784001087991023,0.1441088533994801,early,81920,6.56788116688279,ok,active,0.10608416916039712,26.753718724318105,0.0,7.246281275681892,26.774935558150183,20.653335666949285,0.10026648564296181,-0.10026648564296181
0.0,1.3157951268448358,1.4282716475043282,experiment-development-001,updated,0.1815919958442469,0.1815919958442469,20.632118833117207,0.12223085790305416,0.19788701281162813,81920,0.0,2,0.5421305703023692,1.4973871226890827,20.338748978366027,0.0,0.4158347757724492,27.69475939214497,21.976476122016436,0.603811348748327,8,0.46698686251990423,0.7670851663401028,0.3447560046168501,0.5691981535284747,6.121599891200898,2.32,5.143215554759612,0.6784001087991023,0.1441088533994801,early,81920,6.56788116688279,ok,active,0.10608416916039712,26.753718724318105,0.0,7.246281275681892,26.774935558150183,20.653335666949285,0.3145866885832582,-0.3145866885832582
1.0,1.3157951268448358,1.4282716475043282,experiment-development-001,known,0.20754633484368878,0.20754633484368878,20.775992792720306,0.12223085790305416,0.19788701281162813,81920,0.0,2,0.5488746621587643,1.5233414616885246,20.732117726129115,1.3157951268448358,0.07739583752940742,27.718745934251398,22.000462664122864,0.6049303841620282,8,0.46698686251990423,0.7670851663401028,0.3447560046168501,0.5691981535284747,6.121599891200898,2.32,5.143215554759612,0.6784001087991023,0.0,early,81920,6.424007207279693,ok,active,0.10725863814230488,26.897592683921204,0.0,7.1024073160787955,26.919044411549663,20.797444520348765,0.06532679421965071,-0.06532679421965071
0.0,1.3204211717120036,1.4282716475043282,experiment-development-001,frozen,0.20141701455421912,0.20141701455421912,20.650627011442545,0.14838952962056468,0.24578978911145566,81920,0.0,2,0.5429981411613692,1.5218381862662227,20.55388563021433,0.0,0.19696840864789897,27.694067253661,21.97643960213609,0.6038092664635768,8,0.49314553423741475,0.8149879426399304,0.3447560046168501,0.5691981535284747,6.0971013390499795,2.32,5.0950275873932815,0.7028986609500203,0.13438855261321692,split,81920,6.549372988557456,ok,fixed,0.10616573307892582,26.747728350492523,0.0,7.252271649507477,26.768961497108307,20.67186015805833,0.11797452784399809,-0.11797452784399809
0.0,1.3204211717120036,1.4282716475043282,experiment-development-001,updated,0.17929879301156926,0.17929879301156926,20.650627011442545,0.14838952962056468,0.24578978911145566,81920,0.0,2,0.5429981411613692,1.4997199647235728,20.34424454783293,0.0,0.42762191940593536,27.694067253661,21.97643960213609,0.6038092664635768,8,0.49314553423741475,0.8149879426399304,0.3447560046168501,0.5691981535284747,6.0971013390499795,2.32,5.0950275873932815,0.7028986609500203,0.13438855261321692,split,81920,6.549372988557456,ok,fixed,0.10616573307892582,26.747728350492523,0.0,7.252271649507477,26.768961497108307,20.67186015805833,0.32761561022540064,-0.32761561022540064
1.0,1.3204211717120036,1.4282716475043282,experiment-development-001,known,0.20754633484368878,0.20754633484368878,20.784779844424705,0.14838952962056468,0.24578978911145566,81920,0.0,2,0.5492865552074081,1.5279675065556924,20.744714772608056,1.3204211717120036,0.07579273681201333,27.718138127148304,22.000510475623393,0.6049322361584788,8,0.49314553423741475,0.8149879426399304,0.3447560046168501,0.5691981535284747,6.0971013390499795,2.32,5.0950275873932815,0.7028986609500203,0.0,split,81920,6.415220155575295,ok,fixed,0.10734433123420914,26.881881183474682,0.0,7.118118816525315,26.903350049721524,20.806248710671547,0.06153393806349072,-0.06153393806349072
0.0,1.3204211717120036,1.4282716475043282,experiment-development-001,frozen,0.20141701455421912,0.20141701455421912,20.650627011442545,0.14838952962056468,0.24578978911145566,81920,0.0,2,0.5429981411613692,1.5218381862662227,20.55388563021433,0.0,0.19696840864789897,27.694067253661,21.97643960213609,0.6038092664635768,8,0.49314553423741475,0.8149879426399304,0.3447560046168501,0.5691981535284747,6.0971013390499795,2.32,5.0950275873932815,0.7028986609500203,0.13438855261321692,split,81920,6.549372988557456,ok,random,0.10616573307892582,26.747728350492523,0.0,7.252271649507477,26.768961497108307,20.67186015805833,0.11797452784399809,-0.11797452784399809
0.0,1.3204211717120036,1.4282716475043282,experiment-development-001,updated,0.17929879301156926,0.17929879301156926,20.650627011442545,0.14838952962056468,0.24578978911145566,81920,0.0,2,0.5429981411613692,1.4997199647235728,20.34424454783293,0.0,0.42762191940593536,27.694067253661,21.97643960213609,0.6038092664635768,8,0.49314553423741475,0.8149879426399304,0.3447560046168501,0.5691981535284747,6.0971013390499795,2.32,5.0950275873932815,0.7028986609500203,0.13438855261321692,split,81920,6.549372988557456,ok,random,0.10616573307892582,26.747728350492523,0.0,7.252271649507477,26.768961497108307,20.67186015805833,0.32761561022540064,-0.32761561022540064
1.0,1.3204211717120036,1.4282716475043282,experiment-development-001,known,0.20754633484368878,0.20754633484368878,20.784779844424705,0.14838952962056468,0.24578978911145566,81920,0.0,2,0.5492865552074081,1.5279675065556924,20.744714772608056,1.3204211717120036,0.07579273681201333,27.718138127148304,22.000510475623393,0.6049322361584788,8,0.49314553423741475,0.8149879426399304,0.3447560046168501,0.5691981535284747,6.0971013390499795,2.32,5.0950275873932815,0.7028986609500203,0.0,split,81920,6.415220155575295,ok,random,0.10734433123420914,26.881881183474682,0.0,7.118118816525315,26.903350049721524,20.806248710671547,0.06153393806349072,-0.06153393806349072
0.0,1.2636341500449089,0.0,experiment-development-001,frozen,0.22131979502445653,0.22131979502445653,20.32909991352564,0.01225898538585235,0.019154087937691466,81920,0.0,2,0.5279265584465143,1.4849539450693654,20.3828118457908,0.0,0.0780191159410002,27.66921621075738,21.95378799665988,0.6027520194912518,8,0.3570149900027024,0.5883522414661662,0.3447560046168501,0.5691981535284747,6.223991263658416,2.32,4.963496541543119,0.5760087363415834,0.16160773657948724,redistribute,81920,6.870900086474362,ok,redistribute,0.10516449505773481,26.553091177184054,0.0,7.446908822815945,26.574124076195602,20.350132812537186,0.032679033253614875,0.032679033253614875
0.0,1.2636341500449089,0.0,experiment-development-001,updated,0.1905520291802938,0.1905520291802938,20.32909991352564,0.01225898538585235,0.019154087937691466,81920,0.0,2,0.5279265584465143,1.4541861792252027,20.02017471036433,0.0,0.41721354572410974,27.66921621075738,21.95378799665988,0.6027520194912518,8,0.3570149900027024,0.5883522414661662,0.3447560046168501,0.5691981535284747,6.223991263658416,2.32,4.963496541543119,0.5760087363415834,0.16160773657948724,redistribute,81920,6.870900086474362,ok,redistribute,0.10516449505773481,26.553091177184054,0.0,7.446908822815945,26.574124076195602,20.350132812537186,0.32995810217285637,-0.32995810217285637
1.0,1.2636341500449089,0.0,experiment-development-001,known,0.20754633484368878,0.20754633484368878,20.490482068009033,0.01225898538585235,0.019154087937691466,81920,0.0,2,0.5354913469379236,1.4711804848885977,20.433867429116074,1.2636341500449089,0.07237464896627444,27.69057148778989,21.97514327369239,0.6037479257959506,8,0.3570149900027024,0.5883522414661662,0.3447560046168501,0.5691981535284747,6.223991263658416,2.32,4.963496541543119,0.5760087363415834,0.0,redistribute,81920,6.709517931990964,ok,redistribute,0.10629240553819533,26.71447333166745,0.0,7.2855266683325475,26.73573181277509,20.511740549116674,0.07787312000059998,-0.07787312000059998
0.0,3.3010270805059228,2.931447539470274,experiment-development-002,frozen,0.3866693290577121,-0.3866693290577121,27.2,-0.002484152677314555,-0.0047948663755061904,81920,0.0,0,0.85,2.9143577514482106,29.612290425703357,0.0,0.12532696186171086,37.55524689700886,30.755246897008856,0.85,8,0.23281322629771023,0.37486722196840205,0.23529737897502478,0.37966208834390824,6.642628867819797,2.48,9.748723506199166,0.15737113218020338,0.0,early,81920,0.0,ok,active,12.82042327706463,33.8426288678198,0.0,0.15737113218020338,36.406713523232725,29.764084655412926,0.15179422970956935,-0.15179422970956935
0.0,3.3010270805059228,2.931447539470274,experiment-development-002,updated,0.39369604636609923,-0.39369604636609923,27.2,-0.002484152677314555,-0.0047948663755061904,81920,0.0,0,0.85,2.9073310341398235,29.603819261787255,0.0,0.1352125556775642,37.55524689700886,30.755246897008856,0.85,8,0.23281322629771023,0.37486722196840205,0.23529737897502478,0.37966208834390824,6.642628867819797,2.48,9.748723506199166,0.15737113218020338,0.0,early,81920,0.0,ok,active,12.82042327706463,33.8426288678198,0.0,0.15737113218020338,36.406713523232725,29.764084655412926,0.1602653936256715,-0.1602653936256715
0.0,3.3010270805059228,2.931447539470274,experiment-development-002,known,0.33461492116387115,-0.33461492116387115,27.2,-0.002484152677314555,-0.0047948663755061904,81920,0.0,0,0.85,2.9664121593420516,29.912797266390605,0.0,0.15350326301197725,37.55524689700886,30.755246897008856,0.85,8,0.23281322629771023,0.37486722196840205,0.23529737897502478,0.37966208834390824,6.642628867819797,2.48,9.748723506199166,0.15737113218020338,0.0,early,81920,0.0,ok,active,12.82042327706463,33.8426288678198,0.0,0.15737113218020338,36.406713523232725,29.764084655412926,0.14871261097767885,0.14871261097767885
0.0,3.3034886688560214,2.931447539470274,experiment-development-002,frozen,0.3847900209368813,-0.3847900209368813,27.2,0.015515502542924886,0.03012173325765327,81920,0.0,0,0.85,2.91869864791914,29.613551601402094,0.0,0.12242121589268844,37.554949287456374,30.754949287456377,0.85,8,0.25081288151794967,0.4097838216015615,0.23529737897502478,0.37966208834390824,6.643788153541799,2.48,9.723081960885638,0.1562118464582014,0.0,split,81920,0.0,ok,fixed,12.812319768451456,33.843788153541794,0.0,0.1562118464582014,36.40625210723209,29.76246395369029,0.1489123522881961,-0.1489123522881961
0.0,3.3034886688560214,2.931447539470274,experiment-development-002,updated,0.3860271954723262,-0.3860271954723262,27.2,0.015515502542924886,0.03012173325765327,81920,0.0,0,0.85,2.917461473383695,29.587294901976076,0.0,0.14577067635256094,37.554949287456374,30.754949287456377,0.85,8,0.25081288151794967,0.4097838216015615,0.23529737897502478,0.37966208834390824,6.643788153541799,2.48,9.723081960885638,0.1562118464582014,0.0,split,81920,0.0,ok,fixed,12.812319768451456,33.843788153541794,0.0,0.1562118464582014,36.40625210723209,29.76246395369029,0.1751690517142137,-0.1751690517142137
0.0,3.3034886688560214,2.931447539470274,experiment-development-002,known,0.33461492116387115,-0.33461492116387115,27.2,0.015515502542924886,0.03012173325765327,81920,0.0,0,0.85,2.9688737476921503,29.91117642692023,0.0,0.15351331789979974,37.554949287456374,30.754949287456377,0.85,8,0.25081288151794967,0.4097838216015615,0.23529737897502478,0.37966208834390824,6.643788153541799,2.48,9.723081960885638,0.1562118464582014,0.0,split,81920,0.0,ok,fixed,12.812319768451456,33.843788153541794,0.0,0.1562118464582014,36.40625210723209,29.76246395369029,0.14871247322993852,0.14871247322993852
0.0,3.3059502572061197,2.931447539470274,experiment-development-002,frozen,0.3829107128160505,-0.3829107128160505,27.2,0.02844395232601593,0.053390699200570546,81920,0.0,0,0.85,2.923039544390069,29.614812727100826,0.0,0.11951769208376462,37.5546516779039,30.754651677903897,0.85,8,0.2637413313010407,0.4330527875444788,0.23529737897502478,0.37966208834390824,6.644947439263801,2.48,9.69744041557211,0.15505256073619944,0.0,late,81920,0.0,ok,random,12.804216259838277,33.8449474392638,0.0,0.15505256073619944,36.40579069123146,29.760843251967657,0.14603052486683055,-0.14603052486683055
0.0,3.3059502572061197,2.931447539470274,experiment-development-002,updated,0.38250098364050933,-0.38250098364050933,27.2,0.02844395232601593,0.053390699200570546,81920,0.0,0,0.85,2.9234492735656104,29.584566150525156,0.0,0.14567702193987486,37.5546516779039,30.754651677903897,0.85,8,0.2637413313010407,0.4330527875444788,0.23529737897502478,0.37966208834390824,6.644947439263801,2.48,9.69744041557211,0.15505256073619944,0.0,late,81920,0.0,ok,random,12.804216259838277,33.8449474392638,0.0,0.15505256073619944,36.40579069123146,29.760843251967657,0.1762771014425013,-0.1762771014425013
0.0,3.3059502572061197,2.931447539470274,experiment-development-002,known,0.3346149211638707,-0.3346149211638707,27.2,0.02844395232601593,0.053390699200570546,81920,0.0,0,0.85,2.971335336042249,29.90955553744985,0.0,0.15352383896989252,37.5546516779039,30.754651677903897,0.85,8,0.2637413313010407,0.4330527875444788,0.23529737897502478,0.37966208834390824,6.644947439263801,2.48,9.69744041557211,0.15505256073619944,0.0,late,81920,0.0,ok,random,12.804216259838277,33.8449474392638,0.0,0.15505256073619944,36.40579069123146,29.760843251967657,0.14871228548219406,0.14871228548219406
0.0,3.273271436860582,0.0,experiment-development-002,frozen,0.4078594709835488,-0.4078594709835488,27.2,0.028026187892375987,0.05247188506406697,81920,0.0,0,0.85,2.8654119658770334,29.63112646145239,0.0,0.15806104160135823,37.54211320161656,30.742113201616558,0.85,8,0.26332356686740077,0.4321339734079752,0.23529737897502478,0.37966208834390824,6.8,2.531091243593896,9.653092304615988,0.0,0.0,redistribute,81920,0.0,ok,redistribute,13.076688326366572,34.0,0.0,0.0,36.615337665273316,29.815337665273315,0.18421120382092582,-0.18421120382092582
0.0,3.273271436860582,0.0,experiment-development-002,updated,0.41251054182020486,-0.41251054182020486,27.2,0.028026187892375987,0.05247188506406697,81920,0.0,0,0.85,2.8607608950403773,29.592035043705955,0.0,0.19309234522912178,37.54211320161656,30.742113201616558,0.85,8,0.26332356686740077,0.4321339734079752,0.23529737897502478,0.37966208834390824,6.8,2.531091243593896,9.653092304615988,0.0,0.0,redistribute,81920,0.0,ok,redistribute,13.076688326366572,34.0,0.0,0.0,36.615337665273316,29.815337665273315,0.2233026215673597,-0.2233026215673597
0.0,3.273271436860582,0.0,experiment-development-002,known,0.33461492116387115,-0.33461492116387115,27.2,0.028026187892375987,0.05247188506406697,81920,0.0,0,0.85,2.938656515696711,29.96404288277756,0.0,0.15337315894436898,37.54211320161656,30.742113201616558,0.85,8,0.26332356686740077,0.4321339734079752,0.23529737897502478,0.37966208834390824,6.8,2.531091243593896,9.653092304615988,0.0,0.0,redistribute,81920,0.0,ok,redistribute,13.076688326366572,34.0,0.0,0.0,36.615337665273316,29.815337665273315,0.1487052175042436,0.1487052175042436
0.0,3.2081290896890735,2.8549394724807224,experiment-development-002,frozen,0.3022333193755884,-0.3022333193755884,27.2,0.05018483995497114,0.09048755263637731,81920,0.0,1,0.85,2.905895770313485,30.864981503400095,0.0,0.13659987028386547,37.03053720963176,30.230537209631763,0.85,8,0.6046143238688797,1.0583852126920938,0.5544294839139086,0.9678976600557165,6.8,2.56,9.885188366734392,0.0,0.0,late,81920,0.0,ok,active,17.88254269331273,34.0,0.0,0.0,37.576508538662544,30.776508538662547,0.08847296473754795,0.08847296473754795
0.0,3.2081290896890735,2.8549394724807224,experiment-development-002,updated,0.26137552825546884,-0.26137552825546884,27.2,0.05018483995497114,0.09048755263637731,81920,0.0,1,0.85,2.9467535614336047,30.96706814769434,0.0,0.23833195935767768,37.03053720963176,30.230537209631763,0.85,8,0.6046143238688797,1.0583852126920938,0.5544294839139086,0.9678976600557165,6.8,2.56,9.885188366734392,0.0,0.0,late,81920,0.0,ok,active,17.88254269331273,34.0,0.0,0.0,37.576508538662544,30.776508538662547,0.19055960903179425,0.19055960903179425
0.0,3.2081290896890735,2.8549394724807224,experiment-development-002,known,0.3637665428909429,-0.3637665428909429,27.2,0.05018483995497114,0.09048755263637731,81920,0.0,1,0.85,2.8443625467981306,30.781956309575133,0.0,0.0111143829045659,37.03053720963176,30.230537209631763,0.85,8,0.6046143238688797,1.0583852126920938,0.5544294839139086,0.9678976600557165,6.8,2.56,9.885188366734392,0.0,0.0,late,81920,0.0,ok,active,17.88254269331273,34.0,0.0,0.0,37.576508538662544,30.776508538662547,0.005447770912585526,0.005447770912585526
0.0,3.205731746516095,2.8549394724807224,experiment-development-002,frozen,0.30600493270943163,-0.30600493270943163,27.2,0.06429151738887595,0.11857254447185239,81920,0.0,1,0.85,2.899726813806663,30.8606045271165,0.0,0.13081300877442933,37.03085124533839,30.23085124533839,0.85,8,0.6187210013027845,1.086470204527569,0.5544294839139086,0.9678976600557165,6.8,2.56,9.910160691452923,0.0,0.0,split,81920,0.0,ok,fixed,17.889305678415067,34.0,0.0,0.0,37.57786113568301,30.77786113568301,0.08274339143348897,0.08274339143348897
1.0,3.205731746516095,2.8549394724807224,experiment-development-002,updated,0.29270846435600184,-0.29270846435600184,27.2,0.06429151738887595,0.11857254447185239,81920,0.0,1,0.85,2.913023282160093,30.89035600187177,3.205731746516095,0.1613359761164214,37.04379653102289,30.243796531022895,0.85,8,0.6187210013027845,1.086470204527569,0.5544294839139086,0.9678976600557165,6.8,2.56,9.910160691452923,0.0,0.09987525413145448,split,81920,0.0,ok,fixed,17.389929407757784,34.0,0.0,0.0,37.477985881551554,30.677985881551557,0.2123701203202124,0.2123701203202124
0.0,3.205731746516095,2.8549394724807224,experiment-development-002,known,0.36376654289094335,-0.36376654289094335,27.2,0.06429151738887595,0.11857254447185239,81920,0.0,1,0.85,2.8419652036251515,30.78330889165189,0.0,0.01111436796086096,37.03085124533839,30.23085124533839,0.85,8,0.6187210013027845,1.086470204527569,0.5544294839139086,0.9678976600557165,6.8,2.56,9.910160691452923,0.0,0.0,split,81920,0.0,ok,fixed,17.889305678415067,34.0,0.0,0.0,37.57786113568301,30.77786113568301,0.0054477559688805854,0.0054477559688805854
0.0,3.2081290896890735,2.8549394724807224,experiment-development-002,frozen,0.3022333193755884,-0.3022333193755884,27.2,0.05018483995497114,0.09048755263637731,81920,0.0,1,0.85,2.905895770313485,30.864981503400095,0.0,0.13659987028386547,37.03053720963176,30.230537209631763,0.85,8,0.6046143238688797,1.0583852126920938,0.5544294839139086,0.9678976600557165,6.8,2.56,9.885188366734392,0.0,0.0,late,81920,0.0,ok,random,17.88254269331273,34.0,0.0,0.0,37.576508538662544,30.776508538662547,0.08847296473754795,0.08847296473754795
0.0,3.2081290896890735,2.8549394724807224,experiment-development-002,updated,0.26137552825546884,-0.26137552825546884,27.2,0.05018483995497114,0.09048755263637731,81920,0.0,1,0.85,2.9467535614336047,30.96706814769434,0.0,0.23833195935767768,37.03053720963176,30.230537209631763,0.85,8,0.6046143238688797,1.0583852126920938,0.5544294839139086,0.9678976600557165,6.8,2.56,9.885188366734392,0.0,0.0,late,81920,0.0,ok,random,17.88254269331273,34.0,0.0,0.0,37.576508538662544,30.776508538662547,0.19055960903179425,0.19055960903179425
0.0,3.2081290896890735,2.8549394724807224,experiment-development-002,known,0.3637665428909429,-0.3637665428909429,27.2,0.05018483995497114,0.09048755263637731,81920,0.0,1,0.85,2.8443625467981306,30.781956309575133,0.0,0.0111143829045659,37.03053720963176,30.230537209631763,0.85,8,0.6046143238688797,1.0583852126920938,0.5544294839139086,0.9678976600557165,6.8,2.56,9.885188366734392,0.0,0.0,late,81920,0.0,ok,random,17.88254269331273,34.0,0.0,0.0,37.576508538662544,30.776508538662547,0.005447770912585526,0.005447770912585526
0.0,3.1763031563021027,0.0,experiment-development-002,frozen,0.3523033786300336,-0.3523033786300336,27.2,0.04508192437016978,0.07951640486599487,81920,0.0,1,0.85,2.823999777672069,30.87467991776809,0.0,0.05977653845703775,37.018647156658666,30.21864715665867,0.85,8,0.5995114082840783,1.0474140649217114,0.5544294839139086,0.9678976600557165,6.8,2.56,9.841997700418915,0.0,0.0,redistribute,81920,0.0,ok,redistribute,18.311348775945454,34.0,0.0,0.0,37.66226975518909,30.86226975518909,0.012410162579001849,0.012410162579001849
0.0,3.1763031563021027,0.0,experiment-development-002,updated,0.30697790727080854,-0.30697790727080854,27.2,0.04508192437016978,0.07951640486599487,81920,0.0,1,0.85,2.869325249031294,30.990672100459598,0.0,0.17510529186764975,37.018647156658666,30.21864715665867,0.85,8,0.5995114082840783,1.0474140649217114,0.5544294839139086,0.9678976600557165,6.8,2.56,9.841997700418915,0.0,0.0,redistribute,81920,0.0,ok,redistribute,18.311348775945454,34.0,0.0,0.0,37.66226975518909,30.86226975518909,0.12840234527050853,0.12840234527050853
0.0,3.1763031563021027,0.0,experiment-development-002,known,0.3637665428909429,-0.3637665428909429,27.2,0.04508192437016978,0.07951640486599487,81920,0.0,1,0.85,2.81253661341116,30.86771748574074,0.0,0.011114342543627012,37.018647156658666,30.21864715665867,0.85,8,0.5995114082840783,1.0474140649217114,0.5544294839139086,0.9678976600557165,6.8,2.56,9.841997700418915,0.0,0.0,redistribute,81920,0.0,ok,redistribute,18.311348775945454,34.0,0.0,0.0,37.66226975518909,30.86226975518909,0.005447730551651375,0.005447730551651375
0.0,2.5220371227784923,3.283381846142843,experiment-development-002,frozen,0.4824086942730199,0.4824086942730199,27.2,-0.3102643771075593,-0.5740229854323634,81920,0.0,2,0.85,3.0044458170515123,30.632643690904274,0.0,0.1392822387738851,37.15320043659057,30.353200436590576,0.85,8,0.188756583058723,0.28580653726767713,0.4990209601662823,0.8598295227000405,6.8,2.56,9.425289531435281,0.0,0.0,early,81920,0.0,ok,active,16.632181807561516,34.0,0.0,0.0,37.3264363615123,30.526436361512303,0.10620732939197097,0.10620732939197097
0.0,2.5220371227784923,3.283381846142843,experiment-development-002,updated,0.3385999943632396,0.3385999943632396,27.2,-0.3102643771075593,-0.5740229854323634,81920,0.0,2,0.85,2.860637117141732,30.374807497118027,0.0,0.1524335302013687,37.15320043659057,30.353200436590576,0.85,8,0.188756583058723,0.28580653726767713,0.4990209601662823,0.8598295227000405,6.8,2.56,9.425289531435281,0.0,0.0,early,81920,0.0,ok,active,16.632181807561516,34.0,0.0,0.0,37.3264363615123,30.526436361512303,0.1516288643942758,-0.1516288643942758
0.0,2.5220371227784923,3.283381846142843,experiment-development-002,known,0.34842329861992605,0.34842329861992605,27.2,-0.3102643771075593,-0.5740229854323634,81920,0.0,2,0.85,2.8704604213984184,30.432192105221574,0.0,0.09971725255289836,37.15320043659057,30.353200436590576,0.85,8,0.188756583058723,0.28580653726767713,0.4990209601662823,0.8598295227000405,6.8,2.56,9.425289531435281,0.0,0.0,early,81920,0.0,ok,active,16.632181807561516,34.0,0.0,0.0,37.3264363615123,30.526436361512303,0.09424425629072886,-0.09424425629072886
0.0,2.524794236590889,3.283381846142843,experiment-development-002,frozen,0.486312746011766,0.486312746011766,27.2,-0.29980888005671974,-0.5544904796271415,81920,0.0,2,0.85,3.011106982602655,30.637018895068564,0.0,0.14526447411359675,37.152839273368684,30.352839273368687,0.85,8,0.19921208010956254,0.30533904307289905,0.4990209601662823,0.8598295227000405,6.8,2.56,9.39656959588948,0.0,0.0,split,81920,0.0,ok,fixed,16.624403897478032,34.0,0.0,0.0,37.32488077949561,30.524880779495607,0.11213811557295728,0.11213811557295728
0.0,2.524794236590889,3.283381846142843,experiment-development-002,updated,0.34021163729694415,0.34021163729694415,27.2,-0.29980888005671974,-0.5544904796271415,81920,0.0,2,0.85,2.8650058738878332,30.36582021669756,0.0,0.15627833442875763,37.152839273368684,30.352839273368687,0.85,8,0.19921208010956254,0.30533904307289905,0.4990209601662823,0.8598295227000405,6.8,2.56,9.39656959588948,0.0,0.0,split,81920,0.0,ok,fixed,16.624403897478032,34.0,0.0,0.0,37.32488077949561,30.524880779495607,0.1590605627980466,-0.1590605627980466
0.0,2.524794236590889,3.283381846142843,experiment-development-002,known,0.3484232986199265,0.3484232986199265,27.2,-0.29980888005671974,-0.5544904796271415,81920,0.0,2,0.85,2.8732175352108156,30.43063656031404,0.0,0.09971257014649855,37.152839273368684,30.352839273368687,0.85,8,0.19921208010956254,0.30533904307289905,0.4990209601662823,0.8598295227000405,6.8,2.56,9.39656959588948,0.0,0.0,split,81920,0.0,ok,fixed,16.624403897478032,34.0,0.0,0.0,37.32488077949561,30.524880779495607,0.09424421918156867,-0.09424421918156867
0.0,2.5220371227784923,3.283381846142843,experiment-development-002,frozen,0.4824086942730199,0.4824086942730199,27.2,-0.3102643771075593,-0.5740229854323634,81920,0.0,2,0.85,3.0044458170515123,30.632643690904274,0.0,0.1392822387738851,37.15320043659057,30.353200436590576,0.85,8,0.188756583058723,0.28580653726767713,0.4990209601662823,0.8598295227000405,6.8,2.56,9.425289531435281,0.0,0.0,early,81920,0.0,ok,random,16.632181807561516,34.0,0.0,0.0,37.3264363615123,30.526436361512303,0.10620732939197097,0.10620732939197097
0.0,2.5220371227784923,3.283381846142843,experiment-development-002,updated,0.3385999943632396,0.3385999943632396,27.2,-0.3102643771075593,-0.5740229854323634,81920,0.0,2,0.85,2.860637117141732,30.374807497118027,0.0,0.1524335302013687,37.15320043659057,30.353200436590576,0.85,8,0.188756583058723,0.28580653726767713,0.4990209601662823,0.8598295227000405,6.8,2.56,9.425289531435281,0.0,0.0,early,81920,0.0,ok,random,16.632181807561516,34.0,0.0,0.0,37.3264363615123,30.526436361512303,0.1516288643942758,-0.1516288643942758
0.0,2.5220371227784923,3.283381846142843,experiment-development-002,known,0.34842329861992605,0.34842329861992605,27.2,-0.3102643771075593,-0.5740229854323634,81920,0.0,2,0.85,2.8704604213984184,30.432192105221574,0.0,0.09971725255289836,37.15320043659057,30.353200436590576,0.85,8,0.188756583058723,0.28580653726767713,0.4990209601662823,0.8598295227000405,6.8,2.56,9.425289531435281,0.0,0.0,early,81920,0.0,ok,random,16.632181807561516,34.0,0.0,0.0,37.3264363615123,30.526436361512303,0.09424425629072886,-0.09424425629072886
0.0,2.4909492812783203,0.0,experiment-development-002,frozen,0.43838855222560946,0.43838855222560946,27.2,-0.23589034082262306,-0.4384701334870125,81920,0.0,2,0.85,2.9293378335039297,30.6612918508437,0.0,0.0718322690435554,37.1388037102312,30.338803710231204,0.85,8,0.2631306193436592,0.421359389213028,0.4990209601662823,0.8598295227000405,6.8,2.56,9.318177346422491,0.0,0.0,redistribute,81920,0.0,ok,redistribute,17.109783240220132,34.0,0.0,0.0,37.42195664804402,30.621956648044026,0.0393352027996734,0.0393352027996734
0.0,2.4909492812783203,0.0,experiment-development-002,updated,0.33434841466741805,0.33434841466741805,27.2,-0.23589034082262306,-0.4384701334870125,81920,0.0,2,0.85,2.8252976959457383,30.432278714863884,0.0,0.17552297915537687,37.1388037102312,30.338803710231204,0.85,8,0.2631306193436592,0.421359389213028,0.4990209601662823,0.8598295227000405,6.8,2.56,9.318177346422491,0.0,0.0,redistribute,81920,0.0,ok,redistribute,17.109783240220132,34.0,0.0,0.0,37.42195664804402,30.621956648044026,0.1896779331801426,-0.1896779331801426
0.0,2.4909492812783203,0.0,experiment-development-002,known,0.3484232986199265,0.3484232986199265,27.2,-0.23589034082262306,-0.4384701334870125,81920,0.0,2,0.85,2.8393725798982468,30.527712436448716,0.0,0.0996718125686004,37.1388037102312,30.338803710231204,0.85,8,0.2631306193436592,0.421359389213028,0.4990209601662823,0.8598295227000405,6.8,2.56,9.318177346422491,0.0,0.0,redistribute,81920,0.0,ok,redistribute,17.109783240220132,34.0,0.0,0.0,37.42195664804402,30.621956648044026,0.09424421159530993,-0.09424421159530993
0.0,2.831357838059584,2.8876180341892166,experiment-development-003,frozen,0.07308170758030208,0.07308170758030208,27.2,0.10916709416312592,0.21565704438638456,81920,0.0,0,0.85,2.904439545639886,30.788178110177924,0.0,0.13890590300194816,37.88026712298573,31.08026712298573,0.85,8,0.3721261705889554,0.7077544780263382,0.2629590764258295,0.4920974336399536,6.8,2.56,9.690303182494173,0.0,0.06423512025307332,early,81920,0.0,ok,active,18.470428830777948,34.0,0.0,0.0,37.69408576615559,30.89408576615559,0.10590765597766705,-0.10590765597766705
0.0,2.831357838059584,2.8876180341892166,experiment-development-003,updated,0.05776400355524558,0.05776400355524558,27.2,0.10916709416312592,0.21565704438638456,81920,0.0,0,0.85,2.8891218416148297,30.755101628016845,0.0,0.18703083459997316,37.88026712298573,31.08026712298573,0.85,8,0.3721261705889554,0.7077544780263382,0.2629590764258295,0.4920974336399536,6.8,2.56,9.690303182494173,0.0,0.06423512025307332,early,81920,0.0,ok,active,18.470428830777948,34.0,0.0,0.0,37.69408576615559,30.89408576615559,0.13898413813874555,-0.13898413813874555
1.0,2.831357838059584,2.8876180341892166,experiment-development-003,known,0.0918086560711977,0.0918086560711977,27.2,0.10916709416312592,0.21565704438638456,81920,0.0,0,0.85,2.923166494130782,30.88342845972275,2.831357838059584,0.07593385987809971,37.89170062366106,31.091700623661062,0.85,8,0.3721261705889554,0.7077544780263382,0.2629590764258295,0.4920974336399536,6.8,2.56,9.690303182494173,0.0,0.0,early,81920,0.0,ok,active,18.791604432043318,34.0,0.0,0.0,37.75832088640866,30.958320886408664,0.07489242668591345,-0.07489242668591345
0.0,2.8407105761110207,2.8876180341892166,experiment-development-003,frozen,0.07005999056649159,0.07005999056649159,27.2,0.11113138568265168,0.219602636754898,81920,0.0,0,0.85,2.9107705666775123,30.778310883010626,0.0,0.14357939338297854,37.87997396313916,31.07997396313916,0.85,8,0.3740904621084812,0.7117000703948516,0.2629590764258295,0.4920974336399536,6.8,2.56,9.592878827791706,0.0,0.0644473061680273,split,81920,0.0,ok,fixed,18.44404444458708,34.0,0.0,0.0,37.688808888917414,30.888808888917417,0.11049800590679126,-0.11049800590679126
0.0,2.8407105761110207,2.8876180341892166,experiment-development-003,updated,0.05251374959283783,0.05251374959283783,27.2,0.11113138568265168,0.219602636754898,81920,0.0,0,0.85,2.8932243257038586,30.741554249756753,0.0,0.19513405330950917,37.87997396313916,31.07997396313916,0.85,8,0.3740904621084812,0.7117000703948516,0.2629590764258295,0.4920974336399536,6.8,2.56,9.592878827791706,0.0,0.0644473061680273,split,81920,0.0,ok,fixed,18.44404444458708,34.0,0.0,0.0,37.688808888917414,30.888808888917417,0.14725463916066417,-0.14725463916066417
1.0,2.8407105761110207,2.8876180341892166,experiment-development-003,known,0.09180865607119815,0.09180865607119815,27.2,0.11113138568265168,0.219602636754898,81920,0.0,0,0.85,2.932519232182219,30.87836378934002,2.8407105761110207,0.0759338389376083,37.891445231748804,31.091445231748807,0.85,8,0.3740904621084812,0.7117000703948516,0.2629590764258295,0.4920974336399536,6.8,2.56,9.592878827791706,0.0,0.0,split,81920,0.0,ok,fixed,18.76628097542722,34.0,0.0,0.0,37.75325619508544,30.953256195085444,0.07489240574542322,-0.07489240574542322
0.0,2.8407105761110207,2.8876180341892166,experiment-development-003,frozen,0.07005999056649159,0.07005999056649159,27.2,0.11113138568265168,0.219602636754898,81920,0.0,0,0.85,2.9107705666775123,30.778310883010626,0.0,0.14357939338297854,37.87997396313916,31.07997396313916,0.85,8,0.3740904621084812,0.7117000703948516,0.2629590764258295,0.4920974336399536,6.8,2.56,9.592878827791706,0.0,0.0644473061680273,split,81920,0.0,ok,random,18.44404444458708,34.0,0.0,0.0,37.688808888917414,30.888808888917417,0.11049800590679126,-0.11049800590679126
0.0,2.8407105761110207,2.8876180341892166,experiment-development-003,updated,0.05251374959283783,0.05251374959283783,27.2,0.11113138568265168,0.219602636754898,81920,0.0,0,0.85,2.8932243257038586,30.741554249756753,0.0,0.19513405330950917,37.87997396313916,31.07997396313916,0.85,8,0.3740904621084812,0.7117000703948516,0.2629590764258295,0.4920974336399536,6.8,2.56,9.592878827791706,0.0,0.0644473061680273,split,81920,0.0,ok,random,18.44404444458708,34.0,0.0,0.0,37.688808888917414,30.888808888917417,0.14725463916066417,-0.14725463916066417
1.0,2.8407105761110207,2.8876180341892166,experiment-development-003,known,0.09180865607119815,0.09180865607119815,27.2,0.11113138568265168,0.219602636754898,81920,0.0,0,0.85,2.932519232182219,30.87836378934002,2.8407105761110207,0.0759338389376083,37.891445231748804,31.091445231748807,0.85,8,0.3740904621084812,0.7117000703948516,0.2629590764258295,0.4920974336399536,6.8,2.56,9.592878827791706,0.0,0.0,split,81920,0.0,ok,random,18.76628097542722,34.0,0.0,0.0,37.75325619508544,30.953256195085444,0.07489240574542322,-0.07489240574542322
0.0,2.7259010241883708,0.0,experiment-development-003,frozen,0.10715308292989478,0.10715308292989478,27.2,0.015734827571335597,0.030896765401531856,81920,0.0,0,0.85,2.8330541071182656,30.751445887503124,0.0,0.08620968942772696,37.86732979589401,31.06732979589401,0.85,8,0.2786939039971651,0.5229941990414855,0.2629590764258295,0.4920974336399536,6.8,2.56,9.326955030511016,0.0,0.061842617606654215,redistribute,81920,0.0,ok,redistribute,18.02797390107038,34.0,0.0,0.0,37.605594780214076,30.805594780214076,0.05414889271095191,-0.05414889271095191
0.0,2.7259010241883708,0.0,experiment-development-003,updated,0.09131024249090425,0.09131024249090425,27.2,0.015734827571335597,0.030896765401531856,81920,0.0,0,0.85,2.817211266679275,30.70930896913954,0.0,0.13111256630721022,37.86732979589401,31.06732979589401,0.85,8,0.2786939039971651,0.5229941990414855,0.2629590764258295,0.4920974336399536,6.8,2.56,9.326955030511016,0.0,0.061842617606654215,redistribute,81920,0.0,ok,redistribute,18.02797390107038,34.0,0.0,0.0,37.605594780214076,30.805594780214076,0.09628581107453726,-0.09628581107453726
1.0,2.7259010241883708,0.0,experiment-development-003,known,0.09180865607119859,0.09180865607119859,27.2,0.015734827571335597,0.030896765401531856,81920,0.0,0,0.85,2.8177096802595694,30.79254499982198,2.7259010241883708,0.07593383119093033,37.878337444161566,31.07833744416157,0.85,8,0.2786939039971651,0.5229941990414855,0.2629590764258295,0.4920974336399536,6.8,2.56,9.326955030511016,0.0,0.0,redistribute,81920,0.0,ok,redistribute,18.337186989103643,34.0,0.0,0.0,37.66743739782073,30.86743739782073,0.0748923979987488,-0.0748923979987488
1.0,3.1675363478567173,3.167861237788242,experiment-development-003,frozen,0.1373778357018809,-0.1373778357018809,27.2,-0.05122544590170389,-0.1025296388304523,81920,0.0,1,0.85,3.0301585121548364,30.863661231183094,3.1675363478567173,0.13331996570779361,37.868240774773966,31.068240774773965,0.85,8,0.16703295500727813,0.3011225760307166,0.21825840090898202,0.4036522148611689,6.8,2.56,10.82778284089811,0.0,0.0,early,81920,0.0,ok,active,19.133408749741843,34.0,0.0,0.0,37.826681749948364,31.026681749948366,0.16302051876527202,-0.16302051876527202
1.0,3.1675363478567173,3.167861237788242,experiment-development-003,updated,0.04497747758070636,-0.04497747758070636,27.2,-0.05122544590170389,-0.1025296388304523,81920,0.0,1,0.85,3.122558870276011,31.092298523325137,3.1675363478567173,0.08743361291567453,37.868240774773966,31.068240774773965,0.85,8,0.16703295500727813,0.3011225760307166,0.21825840090898202,0.4036522148611689,6.8,2.56,10.82778284089811,0.0,0.0,early,81920,0.0,ok,active,19.133408749741843,34.0,0.0,0.0,37.826681749948364,31.026681749948366,0.06561677337677096,0.06561677337677096
1.0,3.1675363478567173,3.167861237788242,experiment-development-003,known,0.03171938956572795,-0.03171938956572795,27.2,-0.05122544590170389,-0.1025296388304523,81920,0.0,1,0.85,3.1358169582909894,31.118840633285622,3.1675363478567173,0.09251869282083547,37.868240774773966,31.068240774773965,0.85,8,0.16703295500727813,0.3011225760307166,0.21825840090898202,0.4036522148611689,6.8,2.56,10.82778284089811,0.0,0.0,early,81920,0.0,ok,active,19.133408749741843,34.0,0.0,0.0,37.826681749948364,31.026681749948366,0.0921588833372553,0.0921588833372553
1.0,3.1777967687259387,3.167861237788242,experiment-development-003,frozen,0.1400586947415361,-0.1400586947415361,27.2,-0.05708712105156746,-0.11429613719522952,81920,0.0,1,0.85,3.0377380739844027,30.85387144701827,3.1777967687259387,0.13747299190492276,37.867960597087816,31.06796059708782,0.85,8,0.16117127985741456,0.2893560776659394,0.21825840090898202,0.4036522148611689,6.8,2.56,10.720903456843725,0.0,0.0,split,81920,0.0,ok,fixed,19.10562765277156,34.0,0.0,0.0,37.82112553055431,31.02112553055431,0.1672540835360401,-0.1672540835360401
1.0,3.1777967687259387,3.167861237788242,experiment-development-003,updated,0.04864507674963514,-0.04864507674963514,27.2,-0.05708712105156746,-0.11429613719522952,81920,0.0,1,0.85,3.1291516919763036,31.077542271090014,3.1777967687259387,0.0755803019395908,37.867960597087816,31.06796059708782,0.85,8,0.16117127985741456,0.2893560776659394,0.21825840090898202,0.4036522148611689,6.8,2.56,10.720903456843725,0.0,0.0,split,81920,0.0,ok,fixed,19.10562765277156,34.0,0.0,0.0,37.82112553055431,31.02112553055431,0.05641674053570256,0.05641674053570256
1.0,3.1777967687259387,3.167861237788242,experiment-development-003,known,0.031719389565728395,-0.031719389565728395,27.2,-0.05708712105156746,-0.11429613719522952,81920,0.0,1,0.85,3.1460773791602104,31.11328449070244,3.1777967687259387,0.09251876963171195,37.867960597087816,31.06796059708782,0.85,8,0.16117127985741456,0.2893560776659394,0.21825840090898202,0.4036522148611689,6.8,2.56,10.720903456843725,0.0,0.0,split,81920,0.0,ok,fixed,19.10562765277156,34.0,0.0,0.0,37.82112553055431,31.02112553055431,0.09215896014812941,0.09215896014812941
1.0,3.1777967687259387,3.167861237788242,experiment-development-003,frozen,0.1400586947415361,-0.1400586947415361,27.2,-0.05708712105156746,-0.11429613719522952,81920,0.0,1,0.85,3.0377380739844027,30.85387144701827,3.1777967687259387,0.13747299190492276,37.867960597087816,31.06796059708782,0.85,8,0.16117127985741456,0.2893560776659394,0.21825840090898202,0.4036522148611689,6.8,2.56,10.720903456843725,0.0,0.0,split,81920,0.0,ok,random,19.10562765277156,34.0,0.0,0.0,37.82112553055431,31.02112553055431,0.1672540835360401,-0.1672540835360401
1.0,3.1777967687259387,3.167861237788242,experiment-development-003,updated,0.04864507674963514,-0.04864507674963514,27.2,-0.05708712105156746,-0.11429613719522952,81920,0.0,1,0.85,3.1291516919763036,31.077542271090014,3.1777967687259387,0.0755803019395908,37.867960597087816,31.06796059708782,0.85,8,0.16117127985741456,0.2893560776659394,0.21825840090898202,0.4036522148611689,6.8,2.56,10.720903456843725,0.0,0.0,split,81920,0.0,ok,random,19.10562765277156,34.0,0.0,0.0,37.82112553055431,31.02112553055431,0.05641674053570256,0.05641674053570256
1.0,3.1777967687259387,3.167861237788242,experiment-development-003,known,0.031719389565728395,-0.031719389565728395,27.2,-0.05708712105156746,-0.11429613719522952,81920,0.0,1,0.85,3.1460773791602104,31.11328449070244,3.1777967687259387,0.09251876963171195,37.867960597087816,31.06796059708782,0.85,8,0.16117127985741456,0.2893560776659394,0.21825840090898202,0.4036522148611689,6.8,2.56,10.720903456843725,0.0,0.0,split,81920,0.0,ok,random,19.10562765277156,34.0,0.0,0.0,37.82112553055431,31.02112553055431,0.09215896014812941,0.09215896014812941
1.0,3.0518449548234745,0.0,experiment-development-003,frozen,0.10714980502198834,-0.10714980502198834,27.2,-0.02781377808361804,-0.055495280499069044,81920,0.0,1,0.85,2.944695149801486,30.81169398984744,3.0518449548234745,0.08649159269781019,37.85358069929,31.053580699290002,0.85,8,0.19044462282536398,0.3481569343620999,0.21825840090898202,0.4036522148611689,6.8,2.56,10.429171766697426,0.0,0.0,redistribute,81920,0.0,ok,redistribute,18.634890113890606,34.0,0.0,0.0,37.72697802277812,30.926978022778123,0.11528403293068124,-0.11528403293068124
1.0,3.0518449548234745,0.0,experiment-development-003,updated,0.041867752702881234,-0.041867752702881234,27.2,-0.02781377808361804,-0.055495280499069044,81920,0.0,1,0.85,3.0099772021205933,30.982213027600125,3.0518449548234745,0.08167563063201655,37.85358069929,31.053580699290002,0.85,8,0.19044462282536398,0.3481569343620999,0.21825840090898202,0.4036522148611689,6.8,2.56,10.429171766697426,0.0,0.0,redistribute,81920,0.0,ok,redistribute,18.634890113890606,34.0,0.0,0.0,37.72697802277812,30.926978022778123,0.055235004822002054,0.055235004822002054
1.0,3.0518449548234745,0.0,experiment-development-003,known,0.03171938956572795,-0.03171938956572795,27.2,-0.02781377808361804,-0.055495280499069044,81920,0.0,1,0.85,3.0201255652577466,31.019136959066095,3.0518449548234745,0.09251874577155779,37.85358069929,31.053580699290002,0.85,8,0.19044462282536398,0.3481569343620999,0.21825840090898202,0.4036522148611689,6.8,2.56,10.429171766697426,0.0,0.0,redistribute,81920,0.0,ok,redistribute,18.634890113890606,34.0,0.0,0.0,37.72697802277812,30.926978022778123,0.09215893628797289,0.09215893628797289
1.0,3.1917442588961604,3.613980497695708,experiment-development-003,frozen,0.3695224803921202,0.3695224803921202,27.2,0.005122912281352171,0.010071990261348918,81920,0.0,2,0.85,3.5612667392882806,31.496648899863604,3.1917442588961604,0.02585375180736804,37.66074817525767,30.860748175257672,0.85,8,0.15847773262983028,0.28299612049423006,0.1533548203484781,0.27292413023288115,6.8,2.56,12.314516215445428,0.0,0.0,early,81920,0.0,ok,active,21.30040227675866,34.0,0.0,0.0,38.26008045535173,31.460080455351733,0.03656844451187169,0.03656844451187169
1.0,3.1917442588961604,3.613980497695708,experiment-development-003,updated,0.37767716591849565,0.37767716591849565,27.2,0.005122912281352171,0.010071990261348918,81920,0.0,2,0.85,3.569421424814656,31.507380661547966,3.1917442588961604,0.0345628139771712,37.66074817525767,30.860748175257672,0.85,8,0.15847773262983028,0.28299612049423006,0.1533548203484781,0.27292413023288115,6.8,2.56,12.314516215445428,0.0,0.0,early,81920,0.0,ok,active,21.30040227675866,34.0,0.0,0.0,38.26008045535173,31.460080455351733,0.04730020619623332,0.04730020619623332
1.0,3.1917442588961604,3.613980497695708,experiment-development-003,known,0.38247912013442953,0.38247912013442953,27.2,0.005122912281352171,0.010071990261348918,81920,0.0,2,0.85,3.57422337903059,31.572993187568304,3.1917442588961604,0.10857407322655277,37.66074817525767,30.860748175257672,0.85,8,0.15847773262983028,0.28299612049423006,0.1533548203484781,0.27292413023288115,6.8,2.56,12.314516215445428,0.0,0.0,early,81920,0.0,ok,active,21.30040227675866,34.0,0.0,0.0,38.26008045535173,31.460080455351733,0.1129127322165715,0.1129127322165715
1.0,3.2034496203801766,3.613980497695708,experiment-development-003,frozen,0.3701109011226449,0.3701109011226449,27.2,0.006836384866190509,0.013579550689864217,81920,0.0,2,0.85,3.5735605215028214,31.491264830701013,3.2034496203801766,0.026778036470587335,37.66042854108887,30.860428541088872,0.85,8,0.16019120521466862,0.28650368092274536,0.1533548203484781,0.27292413023288115,6.8,2.56,12.19258536665359,0.0,0.0,split,81920,0.0,ok,fixed,21.268708861195627,34.0,0.0,0.0,38.253741772239124,31.453741772239127,0.037523058461886194,0.037523058461886194
1.0,3.2034496203801766,3.613980497695708,experiment-development-003,updated,0.37931110883065555,0.37931110883065555,27.2,0.006836384866190509,0.013579550689864217,81920,0.0,2,0.85,3.582760729210832,31.50573480922158,3.2034496203801766,0.039345454884555174,37.66042854108887,30.860428541088872,0.85,8,0.16019120521466862,0.28650368092274536,0.1533548203484781,0.27292413023288115,6.8,2.56,12.19258536665359,0.0,0.0,split,81920,0.0,ok,fixed,21.268708861195627,34.0,0.0,0.0,38.253741772239124,31.453741772239127,0.05199303698245217,0.05199303698245217
1.0,3.2034496203801766,3.613980497695708,experiment-development-003,known,0.38247912013442953,0.38247912013442953,27.2,0.006836384866190509,0.013579550689864217,81920,0.0,2,0.85,3.585928740514606,31.56665457421407,3.2034496203801766,0.10857414298492192,37.66042854108887,30.860428541088872,0.85,8,0.16019120521466862,0.28650368092274536,0.1533548203484781,0.27292413023288115,6.8,2.56,12.19258536665359,0.0,0.0,split,81920,0.0,ok,fixed,21.268708861195627,34.0,0.0,0.0,38.253741772239124,31.453741772239127,0.11291280197494302,0.11291280197494302
1.0,3.2034496203801766,3.613980497695708,experiment-development-003,frozen,0.3701109011226449,0.3701109011226449,27.2,0.006836384866190509,0.013579550689864217,81920,0.0,2,0.85,3.5735605215028214,31.491264830701013,3.2034496203801766,0.026778036470587335,37.66042854108887,30.860428541088872,0.85,8,0.16019120521466862,0.28650368092274536,0.1533548203484781,0.27292413023288115,6.8,2.56,12.19258536665359,0.0,0.0,split,81920,0.0,ok,random,21.268708861195627,34.0,0.0,0.0,38.253741772239124,31.453741772239127,0.037523058461886194,0.037523058461886194
1.0,3.2034496203801766,3.613980497695708,experiment-development-003,updated,0.37931110883065555,0.37931110883065555,27.2,0.006836384866190509,0.013579550689864217,81920,0.0,2,0.85,3.582760729210832,31.50573480922158,3.2034496203801766,0.039345454884555174,37.66042854108887,30.860428541088872,0.85,8,0.16019120521466862,0.28650368092274536,0.1533548203484781,0.27292413023288115,6.8,2.56,12.19258536665359,0.0,0.0,split,81920,0.0,ok,random,21.268708861195627,34.0,0.0,0.0,38.253741772239124,31.453741772239127,0.05199303698245217,0.05199303698245217
1.0,3.2034496203801766,3.613980497695708,experiment-development-003,known,0.38247912013442953,0.38247912013442953,27.2,0.006836384866190509,0.013579550689864217,81920,0.0,2,0.85,3.585928740514606,31.56665457421407,3.2034496203801766,0.10857414298492192,37.66042854108887,30.860428541088872,0.85,8,0.16019120521466862,0.28650368092274536,0.1533548203484781,0.27292413023288115,6.8,2.56,12.19258536665359,0.0,0.0,split,81920,0.0,ok,random,21.268708861195627,34.0,0.0,0.0,38.253741772239124,31.453741772239127,0.11291280197494302,0.11291280197494302
1.0,3.0597604354931804,0.0,experiment-development-003,frozen,0.36288774144020275,0.36288774144020275,27.2,0.007446004466536232,0.014598419995233702,81920,0.0,2,0.85,3.422648176933383,31.372141318705502,3.0597604354931804,0.015432816820088865,37.6440235705743,30.8440235705743,0.85,8,0.16080082481501434,0.28752255022811485,0.1533548203484781,0.27292413023288115,6.8,2.56,11.859770082268017,0.0,0.0,redistribute,81920,0.0,ok,redistribute,20.73167893552982,34.0,0.0,0.0,38.14633578710596,31.346335787105964,0.0258055315995378,0.0258055315995378
1.0,3.0597604354931804,0.0,experiment-development-003,updated,0.3695269894236124,0.3695269894236124,27.2,0.007446004466536232,0.014598419995233702,81920,0.0,2,0.85,3.429287424916793,31.38445335124456,3.0597604354931804,0.026480239985296805,37.6440235705743,30.8440235705743,0.85,8,0.16080082481501434,0.28752255022811485,0.1533548203484781,0.27292413023288115,6.8,2.56,11.859770082268017,0.0,0.0,redistribute,81920,0.0,ok,redistribute,20.73167893552982,34.0,0.0,0.0,38.14633578710596,31.346335787105964,0.03811756413859513,0.03811756413859513
1.0,3.0597604354931804,0.0,experiment-development-003,known,0.3824791201344291,0.3824791201344291,27.2,0.007446004466536232,0.014598419995233702,81920,0.0,2,0.85,3.4422395556276095,31.459248571073232,3.0597604354931804,0.10857412497724894,37.6440235705743,30.8440235705743,0.85,8,0.16080082481501434,0.28752255022811485,0.1533548203484781,0.27292413023288115,6.8,2.56,11.859770082268017,0.0,0.0,redistribute,81920,0.0,ok,redistribute,20.73167893552982,34.0,0.0,0.0,38.14633578710596,31.346335787105964,0.11291278396726767,0.11291278396726767
0.0,3.8704587626811766,4.411365553536112,experiment-development-004,frozen,0.4809632598436031,0.4809632598436031,27.2,0.025792955575224596,0.05160022277537546,81920,0.0,0,0.85,4.35142202252478,36.006274513373405,0.0,0.35420863160105637,42.44677950223558,35.64677950223558,0.85,8,0.32510700209678906,0.6211238078711635,0.29931404652156446,0.569523585095788,6.8,2.56,14.880406269170777,0.0,0.0,early,81920,0.0,ok,active,42.416330731013915,34.0,0.0,0.0,42.48326614620278,35.68326614620278,0.32300836717062253,0.32300836717062253
0.0,3.8704587626811766,4.411365553536112,experiment-development-004,updated,0.485128632468411,0.485128632468411,27.2,0.025792955575224596,0.05160022277537546,81920,0.0,0,0.85,4.355587395149588,36.00599663829165,0.0,0.3560035414396528,42.44677950223558,35.64677950223558,0.85,8,0.32510700209678906,0.6211238078711635,0.29931404652156446,0.569523585095788,6.8,2.56,14.880406269170777,0.0,0.0,early,81920,0.0,ok,active,42.416330731013915,34.0,0.0,0.0,42.48326614620278,35.68326614620278,0.3227304920888656,0.3227304920888656
0.0,3.8704587626811766,4.411365553536112,experiment-development-004,known,0.35921760784116197,0.35921760784116197,27.2,0.025792955575224596,0.05160022277537546,81920,0.0,0,0.85,4.229676370522339,35.82636321113944,0.0,0.13750131446398464,42.44677950223558,35.64677950223558,0.85,8,0.32510700209678906,0.6211238078711635,0.29931404652156446,0.569523585095788,6.8,2.56,14.880406269170777,0.0,0.0,early,81920,0.0,ok,active,42.416330731013915,34.0,0.0,0.0,42.48326614620278,35.68326614620278,0.1430970649366543,0.1430970649366543
0.0,3.874163064364356,4.411365553536112,experiment-development-004,frozen,0.48443306285970333,0.48443306285970333,27.2,0.027027752084657464,0.05407086027855934,81920,0.0,0,0.85,4.358596127224059,36.00945558707173,0.0,0.35951291944110625,42.446331646863605,35.64633164686361,0.85,8,0.3263417986062219,0.6235944453743474,0.29931404652156446,0.569523585095788,6.8,2.56,14.841819793304328,0.0,0.0,split,81920,0.0,ok,fixed,42.40588077233453,34.0,0.0,0.0,42.4811761544669,35.681176154466904,0.3282794326048233,0.3282794326048233
0.0,3.874163064364356,4.411365553536112,experiment-development-004,updated,0.4904626738012494,0.4904626738012494,27.2,0.027027752084657464,0.05407086027855934,81920,0.0,0,0.85,4.364625738165605,36.014177424668745,0.0,0.36638452277892003,42.446331646863605,35.64633164686361,0.85,8,0.3263417986062219,0.6235944453743474,0.29931404652156446,0.569523585095788,6.8,2.56,14.841819793304328,0.0,0.0,split,81920,0.0,ok,fixed,42.40588077233453,34.0,0.0,0.0,42.4811761544669,35.681176154466904,0.3330012702018408,0.3330012702018408
0.0,3.874163064364356,4.411365553536112,experiment-development-004,known,0.3592176078411615,0.3592176078411615,27.2,0.027027752084657464,0.05407086027855934,81920,0.0,0,0.85,4.233380672205517,35.82427321457685,0.0,0.13750130963727494,42.446331646863605,35.64633164686361,0.85,8,0.3263417986062219,0.6235944453743474,0.29931404652156446,0.569523585095788,6.8,2.56,14.841819793304328,0.0,0.0,split,81920,0.0,ok,fixed,42.40588077233453,34.0,0.0,0.0,42.4811761544669,35.681176154466904,0.1430970601099446,0.1430970601099446
0.0,3.8778673660475347,4.411365553536112,experiment-development-004,frozen,0.487902865875804,0.487902865875804,27.2,0.028124653981348224,0.056265080568998815,81920,0.0,0,0.85,4.365770231923339,36.01263661077006,0.0,0.36481715728115677,42.44588379149163,35.645883791491634,0.85,8,0.3274387005029127,0.6257886656647869,0.29931404652156446,0.569523585095788,6.8,2.56,14.80323331743788,0.0,0.0,late,81920,0.0,ok,random,42.39543081365516,34.0,0.0,0.0,42.47908616273103,35.67908616273103,0.333550448039027,0.333550448039027
0.0,3.8778673660475347,4.411365553536112,experiment-development-004,updated,0.4886667428242051,0.4886667428242051,27.2,0.028124653981348224,0.056265080568998815,81920,0.0,0,0.85,4.36653410887174,36.01420442675271,0.0,0.3654517621619486,42.44588379149163,35.645883791491634,0.85,8,0.3274387005029127,0.6257886656647869,0.29931404652156446,0.569523585095788,6.8,2.56,14.80323331743788,0.0,0.0,late,81920,0.0,ok,random,42.39543081365516,34.0,0.0,0.0,42.47908616273103,35.67908616273103,0.33511826402168055,0.33511826402168055
0.0,3.8778673660475347,4.411365553536112,experiment-development-004,known,0.3592176078411624,0.3592176078411624,27.2,0.028124653981348224,0.056265080568998815,81920,0.0,0,0.85,4.237084973888697,35.82218316801426,0.0,0.1375012548105611,42.44588379149163,35.645883791491634,0.85,8,0.3274387005029127,0.6257886656647869,0.29931404652156446,0.569523585095788,6.8,2.56,14.80323331743788,0.0,0.0,late,81920,0.0,ok,random,42.39543081365516,34.0,0.0,0.0,42.47908616273103,35.67908616273103,0.14309700528323077,0.14309700528323077
0.0,3.8286909027264304,0.0,experiment-development-004,frozen,0.441839490009972,0.441839490009972,27.2,0.03339320289875558,0.06679321044561393,81920,0.0,0,0.85,4.2705303927364024,36.075176182126086,0.0,0.29440006377631533,42.42701536500845,35.627015365008454,0.85,8,0.33270724942032004,0.636316795541402,0.29931404652156446,0.569523585095788,6.8,2.56,14.736496414797763,0.0,0.0,redistribute,81920,0.0,ok,redistribute,43.0580089174316,34.0,0.0,0.0,42.611601783486314,35.81160178348632,0.2635743986397685,0.2635743986397685
0.0,3.8286909027264304,0.0,experiment-development-004,updated,0.44021119696123634,0.44021119696123634,27.2,0.03339320289875558,0.06679321044561393,81920,0.0,0,0.85,4.268902099687667,36.063352980718015,0.0,0.28561334844522196,42.42701536500845,35.627015365008454,0.85,8,0.33270724942032004,0.636316795541402,0.29931404652156446,0.569523585095788,6.8,2.56,14.736496414797763,0.0,0.0,redistribute,81920,0.0,ok,redistribute,43.0580089174316,34.0,0.0,0.0,42.611601783486314,35.81160178348632,0.25175119723169814,0.25175119723169814
0.0,3.8286909027264304,0.0,experiment-development-004,known,0.3592176078411615,0.3592176078411615,27.2,0.03339320289875558,0.06679321044561393,81920,0.0,0,0.85,4.187908510567592,35.95469884162077,0.0,0.13750130766177904,42.42701536500845,35.627015365008454,0.85,8,0.33270724942032004,0.636316795541402,0.29931404652156446,0.569523585095788,6.8,2.56,14.736496414797763,0.0,0.0,redistribute,81920,0.0,ok,redistribute,43.0580089174316,34.0,0.0,0.0,42.611601783486314,35.81160178348632,0.14309705813445106,0.14309705813445106
0.0,4.714604498961291,4.359645655624945,experiment-development-004,frozen,0.20761170037208565,-0.20761170037208565,27.2,-0.020139103033639583,-0.04028215328461343,81920,0.0,1,0.85,4.506992798589206,35.34625171282062,0.0,0.3506890545825622,42.78104646528849,35.98104646528849,0.85,8,0.22059395175487534,0.4116668706989081,0.24073305478851492,0.45194902398352155,6.8,2.56,14.973538168830657,0.0,0.0,early,81920,0.0,ok,active,39.078867093599115,34.0,0.0,0.0,41.81577341871982,35.015773418719824,0.3304782941007929,0.3304782941007929
0.0,4.714604498961291,4.359645655624945,experiment-development-004,updated,0.26507435520914946,-0.26507435520914946,27.2,-0.020139103033639583,-0.04028215328461343,81920,0.0,1,0.85,4.449530143752142,35.25902881476856,0.0,0.2548886816424864,42.78104646528849,35.98104646528849,0.85,8,0.22059395175487534,0.4116668706989081,0.24073305478851492,0.45194902398352155,6.8,2.56,14.973538168830657,0.0,0.0,early,81920,0.0,ok,active,39.078867093599115,34.0,0.0,0.0,41.81577341871982,35.015773418719824,0.24325539604873825,0.24325539604873825
0.0,4.714604498961291,4.359645655624945,experiment-development-004,known,0.3498900163080165,-0.3498900163080165,27.2,-0.020139103033639583,-0.04028215328461343,81920,0.0,1,0.85,4.364714482653275,35.09236945000349,0.0,0.08204648020766096,42.78104646528849,35.98104646528849,0.85,8,0.22059395175487534,0.4116668706989081,0.24073305478851492,0.45194902398352155,6.8,2.56,14.973538168830657,0.0,0.0,early,81920,0.0,ok,active,39.078867093599115,34.0,0.0,0.0,41.81577341871982,35.015773418719824,0.07659603128366399,0.07659603128366399
0.0,4.718265370531377,4.359645655624945,experiment-development-004,frozen,0.20616719649563908,-0.20616719649563908,27.2,-0.016790580138294514,-0.03358892729556667,81920,0.0,1,0.85,4.512098174035738,35.34638067476223,0.0,0.3528861836279731,42.78060386067931,35.98060386067931,0.85,8,0.2239424746502204,0.4183600966879549,0.24073305478851492,0.45194902398352155,6.8,2.56,14.935404089975597,0.0,0.0,split,81920,0.0,ok,fixed,39.06853965271826,34.0,0.0,0.0,41.81370793054365,35.01370793054365,0.33267274421857707,0.33267274421857707
0.0,4.718265370531377,4.359645655624945,experiment-development-004,updated,0.2572928893437254,-0.2572928893437254,27.2,-0.016790580138294514,-0.03358892729556667,81920,0.0,1,0.85,4.460972481187651,35.25518664757348,0.0,0.25560274394542876,42.78060386067931,35.98060386067931,0.85,8,0.2239424746502204,0.4183600966879549,0.24073305478851492,0.45194902398352155,6.8,2.56,14.935404089975597,0.0,0.0,split,81920,0.0,ok,fixed,39.06853965271826,34.0,0.0,0.0,41.81370793054365,35.01370793054365,0.24147871702982826,0.24147871702982826
0.0,4.718265370531377,4.359645655624945,experiment-development-004,known,0.3498900163080165,-0.3498900163080165,27.2,-0.016790580138294514,-0.03358892729556667,81920,0.0,1,0.85,4.36837535422336,35.090304027598336,0.0,0.08204654597867507,42.78060386067931,35.98060386067931,0.85,8,0.2239424746502204,0.4183600966879549,0.24073305478851492,0.45194902398352155,6.8,2.56,14.935404089975597,0.0,0.0,split,81920,0.0,ok,fixed,39.06853965271826,34.0,0.0,0.0,41.81370793054365,35.01370793054365,0.07659609705468284,0.07659609705468284
0.0,4.718265370531377,4.359645655624945,experiment-development-004,frozen,0.20616719649563908,-0.20616719649563908,27.2,-0.016790580138294514,-0.03358892729556667,81920,0.0,1,0.85,4.512098174035738,35.34638067476223,0.0,0.3528861836279731,42.78060386067931,35.98060386067931,0.85,8,0.2239424746502204,0.4183600966879549,0.24073305478851492,0.45194902398352155,6.8,2.56,14.935404089975597,0.0,0.0,split,81920,0.0,ok,random,39.06853965271826,34.0,0.0,0.0,41.81370793054365,35.01370793054365,0.33267274421857707,0.33267274421857707
0.0,4.718265370531377,4.359645655624945,experiment-development-004,updated,0.2572928893437254,-0.2572928893437254,27.2,-0.016790580138294514,-0.03358892729556667,81920,0.0,1,0.85,4.460972481187651,35.25518664757348,0.0,0.25560274394542876,42.78060386067931,35.98060386067931,0.85,8,0.2239424746502204,0.4183600966879549,0.24073305478851492,0.45194902398352155,6.8,2.56,14.935404089975597,0.0,0.0,split,81920,0.0,ok,random,39.06853965271826,34.0,0.0,0.0,41.81370793054365,35.01370793054365,0.24147871702982826,0.24147871702982826
0.0,4.718265370531377,4.359645655624945,experiment-development-004,known,0.3498900163080165,-0.3498900163080165,27.2,-0.016790580138294514,-0.03358892729556667,81920,0.0,1,0.85,4.36837535422336,35.090304027598336,0.0,0.08204654597867507,42.78060386067931,35.98060386067931,0.85,8,0.2239424746502204,0.4183600966879549,0.24073305478851492,0.45194902398352155,6.8,2.56,14.935404089975597,0.0,0.0,split,81920,0.0,ok,random,39.06853965271826,34.0,0.0,0.0,41.81370793054365,35.01370793054365,0.07659609705468284,0.07659609705468284
0.0,4.6733263353208985,0.0,experiment-development-004,frozen,0.2238992062978129,-0.2238992062978129,27.2,-0.01531716625375068,-0.03064395139081183,81920,0.0,1,0.85,4.449427129023086,35.448339969578086,0.0,0.3259161053081267,42.76151404750226,35.96151404750226,0.85,8,0.22541588853476424,0.4213050725927097,0.24073305478851492,0.45194902398352155,6.8,2.56,14.831315547783982,0.0,0.0,redistribute,81920,0.0,ok,redistribute,39.71302209249345,34.0,0.0,0.0,41.94260441849869,35.14260441849869,0.305735551079394,0.305735551079394
0.0,4.6733263353208985,0.0,experiment-development-004,updated,0.2648754926121306,-0.2648754926121306,27.2,-0.01531716625375068,-0.03064395139081183,81920,0.0,1,0.85,4.408450842708768,35.36284560429928,0.0,0.2371532534732926,42.76151404750226,35.96151404750226,0.85,8,0.22541588853476424,0.4213050725927097,0.24073305478851492,0.45194902398352155,6.8,2.56,14.831315547783982,0.0,0.0,redistribute,81920,0.0,ok,redistribute,39.71302209249345,34.0,0.0,0.0,41.94260441849869,35.14260441849869,0.22024118580058882,0.22024118580058882
0.0,4.6733263353208985,0.0,experiment-development-004,known,0.3498900163080174,-0.3498900163080174,27.2,-0.01531716625375068,-0.03064395139081183,81920,0.0,1,0.85,4.323436319012881,35.219200491210444,0.0,0.08204652163574859,42.76151404750226,35.96151404750226,0.85,8,0.22541588853476424,0.4213050725927097,0.24073305478851492,0.45194902398352155,6.8,2.56,14.831315547783982,0.0,0.0,redistribute,81920,0.0,ok,redistribute,39.71302209249345,34.0,0.0,0.0,41.94260441849869,35.14260441849869,0.07659607271175162,0.07659607271175162
0.0,4.628560337901528,4.448439837402314,experiment-development-004,frozen,0.4316036560858363,-0.4316036560858363,27.2,-0.024329622456059963,-0.04866949334477366,81920,0.0,2,0.85,4.196956681815692,35.94501359940455,0.0,0.058484256485466325,42.29703334126075,35.49703334126075,0.85,8,0.3777397030892372,0.7261427643706674,0.4020693255452972,0.774812257715441,6.8,2.56,13.981119616798267,0.0,0.0,early,81920,0.0,ok,active,43.91006053783292,34.0,0.0,0.0,42.78201210756658,35.98201210756658,0.03699850816203565,-0.03699850816203565
0.0,4.628560337901528,4.448439837402314,experiment-development-004,updated,0.44941264438757234,-0.44941264438757234,27.2,-0.024329622456059963,-0.04866949334477366,81920,0.0,2,0.85,4.179147693513956,35.91531004172001,0.0,0.043372694395110045,42.29703334126075,35.49703334126075,0.85,8,0.3777397030892372,0.7261427643706674,0.4020693255452972,0.774812257715441,6.8,2.56,13.981119616798267,0.0,0.0,early,81920,0.0,ok,active,43.91006053783292,34.0,0.0,0.0,42.78201210756658,35.98201210756658,0.06670206584657024,-0.06670206584657024
0.0,4.628560337901528,4.448439837402314,experiment-development-004,known,0.47573626797335145,-0.47573626797335145,27.2,-0.024329622456059963,-0.04866949334477366,81920,0.0,2,0.85,4.152824069928177,35.920516941098064,0.0,0.05408433418115995,42.29703334126075,35.49703334126075,0.85,8,0.3777397030892372,0.7261427643706674,0.4020693255452972,0.774812257715441,6.8,2.56,13.981119616798267,0.0,0.0,early,81920,0.0,ok,active,43.91006053783292,34.0,0.0,0.0,42.78201210756658,35.98201210756658,0.06149516646851794,-0.06149516646851794
0.0,4.632295771516636,4.448439837402314,experiment-development-004,frozen,0.4255745626943952,-0.4255745626943952,27.2,0.04384926184370774,0.08770839214229764,81920,0.0,2,0.85,4.206721208822241,35.95206495268618,0.0,0.061628941089528176,42.296581721993675,35.49658172199368,0.85,8,0.4459185873890049,0.8625206498577387,0.4020693255452972,0.774812257715441,6.8,2.56,13.942208849974222,0.0,0.0,split,81920,0.0,ok,fixed,43.89952275493454,34.0,0.0,0.0,42.779904550986906,35.97990455098691,0.027839598300730017,-0.027839598300730017
1.0,4.632295771516636,4.448439837402314,experiment-development-004,updated,0.42635054691342056,-0.42635054691342056,27.2,0.04384926184370774,0.08770839214229764,81920,0.0,2,0.85,4.205945224603216,35.951225849925706,4.632295771516636,0.06265619555300835,42.315287713910365,35.51528771391037,0.85,8,0.4459185873890049,0.8625206498577387,0.4020693255452972,0.774812257715441,6.8,2.56,13.942208849974222,0.0,0.14432015963129174,split,81920,0.0,ok,fixed,43.177921956778086,34.0,0.0,0.0,42.635584391355614,35.83558439135562,0.11564145857008867,0.11564145857008867
0.0,4.632295771516636,4.448439837402314,experiment-development-004,known,0.47573626797335145,-0.47573626797335145,27.2,0.04384926184370774,0.08770839214229764,81920,0.0,2,0.85,4.156559503543285,35.9184093378832,0.0,0.054084380816351064,42.296581721993675,35.49658172199368,0.85,8,0.4459185873890049,0.8625206498577387,0.4020693255452972,0.774812257715441,6.8,2.56,13.942208849974222,0.0,0.0,split,81920,0.0,ok,fixed,43.89952275493454,34.0,0.0,0.0,42.779904550986906,35.97990455098691,0.06149521310371142,-0.06149521310371142
0.0,4.628560337901528,4.448439837402314,experiment-development-004,frozen,0.4316036560858363,-0.4316036560858363,27.2,-0.024329622456059963,-0.04866949334477366,81920,0.0,2,0.85,4.196956681815692,35.94501359940455,0.0,0.058484256485466325,42.29703334126075,35.49703334126075,0.85,8,0.3777397030892372,0.7261427643706674,0.4020693255452972,0.774812257715441,6.8,2.56,13.981119616798267,0.0,0.0,early,81920,0.0,ok,random,43.91006053783292,34.0,0.0,0.0,42.78201210756658,35.98201210756658,0.03699850816203565,-0.03699850816203565
0.0,4.628560337901528,4.448439837402314,experiment-development-004,updated,0.44941264438757234,-0.44941264438757234,27.2,-0.024329622456059963,-0.04866949334477366,81920,0.0,2,0.85,4.179147693513956,35.91531004172001,0.0,0.043372694395110045,42.29703334126075,35.49703334126075,0.85,8,0.3777397030892372,0.7261427643706674,0.4020693255452972,0.774812257715441,6.8,2.56,13.981119616798267,0.0,0.0,early,81920,0.0,ok,random,43.91006053783292,34.0,0.0,0.0,42.78201210756658,35.98201210756658,0.06670206584657024,-0.06670206584657024
0.0,4.628560337901528,4.448439837402314,experiment-development-004,known,0.47573626797335145,-0.47573626797335145,27.2,-0.024329622456059963,-0.04866949334477366,81920,0.0,2,0.85,4.152824069928177,35.920516941098064,0.0,0.05408433418115995,42.29703334126075,35.49703334126075,0.85,8,0.3777397030892372,0.7261427643706674,0.4020693255452972,0.774812257715441,6.8,2.56,13.981119616798267,0.0,0.0,early,81920,0.0,ok,random,43.91006053783292,34.0,0.0,0.0,42.78201210756658,35.98201210756658,0.06149516646851794,-0.06149516646851794
0.0,4.586441449795147,0.0,experiment-development-004,frozen,0.49958470891726225,-0.49958470891726225,27.2,0.033730631593897664,0.06747142753361957,81920,0.0,2,0.85,4.086856740877884,35.97115594404532,0.0,0.07048740362942141,42.277103100992505,35.47710310099251,0.85,8,0.43579995713919484,0.8422836852490606,0.4020693255452972,0.774812257715441,6.8,2.56,13.836000305914018,0.0,0.0,redistribute,81920,0.0,ok,redistribute,44.55713155759106,34.0,0.0,0.0,42.91142631151821,36.111426311518215,0.140270367472894,-0.140270367472894
0.0,4.586441449795147,0.0,experiment-development-004,updated,0.4742001461308192,-0.4742001461308192,27.2,0.033730631593897664,0.06747142753361957,81920,0.0,2,0.85,4.1122413036643275,36.02256687176177,0.0,0.05230908347888885,42.277103100992505,35.47710310099251,0.85,8,0.43579995713919484,0.8422836852490606,0.4020693255452972,0.774812257715441,6.8,2.56,13.836000305914018,0.0,0.0,redistribute,81920,0.0,ok,redistribute,44.55713155759106,34.0,0.0,0.0,42.91142631151821,36.111426311518215,0.0888594397564475,-0.0888594397564475
0.0,4.586441449795147,0.0,experiment-development-004,known,0.47573626797335145,-0.47573626797335145,27.2,0.033730631593897664,0.06747142753361957,81920,0.0,2,0.85,4.110705181821795,36.04993111535642,0.0,0.05408436387442824,42.277103100992505,35.47710310099251,0.85,8,0.43579995713919484,0.8422836852490606,0.4020693255452972,0.774812257715441,6.8,2.56,13.836000305914018,0.0,0.0,redistribute,81920,0.0,ok,redistribute,44.55713155759106,34.0,0.0,0.0,42.91142631151821,36.111426311518215,0.06149519616179333,-0.06149519616179333
1.0,5.677217927613799,5.240232222195112,experiment-development-005,frozen,0.6170524326575313,-0.6170524326575313,27.2,-0.015339129019964343,-0.030678258039928685,81920,0.0,0,0.85,5.0601654949562676,36.97975467916362,5.677217927613799,0.5089457573784651,43.02280059495997,36.22280059495997,0.85,8,0.19382408450366742,0.35383542728317763,0.20916321352363176,0.3845136853231063,6.8,2.56,18.20020679615328,0.0,0.0,early,81920,0.0,ok,active,51.58290798650633,34.0,0.0,0.0,44.316581597301266,37.51658159730127,0.536826918137649,-0.536826918137649
1.0,5.677217927613799,5.240232222195112,experiment-development-005,updated,0.5767668014994145,-0.5767668014994145,27.2,-0.015339129019964343,-0.030678258039928685,81920,0.0,0,0.85,5.100451126114384,37.04105169414771,5.677217927613799,0.456710028056771,43.02280059495997,36.22280059495997,0.85,8,0.19382408450366742,0.35383542728317763,0.20916321352363176,0.3845136853231063,6.8,2.56,18.20020679615328,0.0,0.0,early,81920,0.0,ok,active,51.58290798650633,34.0,0.0,0.0,44.316581597301266,37.51658159730127,0.47552990315355714,-0.47552990315355714
1.0,5.677217927613799,5.240232222195112,experiment-development-005,known,0.4881706388463387,-0.4881706388463387,27.2,-0.015339129019964343,-0.030678258039928685,81920,0.0,0,0.85,5.18904728876746,37.22514025151591,5.677217927613799,0.2859037730934091,43.02280059495997,36.22280059495997,0.85,8,0.19382408450366742,0.35383542728317763,0.20916321352363176,0.3845136853231063,6.8,2.56,18.20020679615328,0.0,0.0,early,81920,0.0,ok,active,51.58290798650633,34.0,0.0,0.0,44.316581597301266,37.51658159730127,0.2914413457853584,-0.2914413457853584
1.0,5.694190573830372,5.240232222195112,experiment-development-005,frozen,0.619375183400483,-0.619375183400483,27.2,-0.013620598294362907,-0.027241196588725813,81920,0.0,0,0.85,5.074815390429889,36.96736846908263,5.694190573830372,0.512065384323229,43.02233712890869,36.22233712890869,0.85,8,0.19554261522926886,0.3572724887343805,0.20916321352363176,0.3845136853231063,6.8,2.56,18.02340839806398,0.0,0.0,split,81920,0.0,ok,fixed,51.53695288033717,34.0,0.0,0.0,44.307390576067434,37.507390576067436,0.5400221069848072,-0.5400221069848072
1.0,5.694190573830372,5.240232222195112,experiment-development-005,updated,0.5792806456722159,-0.5792806456722159,27.2,-0.013620598294362907,-0.027241196588725813,81920,0.0,0,0.85,5.1149099281581565,37.02726008094307,5.694190573830372,0.461731816958275,43.02233712890869,36.22233712890869,0.85,8,0.19554261522926886,0.3572724887343805,0.20916321352363176,0.3845136853231063,6.8,2.56,18.02340839806398,0.0,0.0,split,81920,0.0,ok,fixed,51.53695288033717,34.0,0.0,0.0,44.307390576067434,37.507390576067436,0.4801304951243637,-0.4801304951243637
1.0,5.694190573830372,5.240232222195112,experiment-development-005,known,0.4890724271664242,-0.4890724271664242,27.2,-0.013620598294362907,-0.027241196588725813,81920,0.0,0,0.85,5.205118146663948,37.215928800994895,5.694190573830372,0.2859139729280689,43.02233712890869,36.22233712890869,0.85,8,0.19554261522926886,0.3572724887343805,0.20916321352363176,0.3845136853231063,6.8,2.56,18.02340839806398,0.0,0.0,split,81920,0.0,ok,fixed,51.53695288033717,34.0,0.0,0.0,44.307390576067434,37.507390576067436,0.29146177507254123,-0.29146177507254123
1.0,5.677217927613799,5.240232222195112,experiment-development-005,frozen,0.6170524326575313,-0.6170524326575313,27.2,-0.015339129019964343,-0.030678258039928685,81920,0.0,0,0.85,5.0601654949562676,36.97975467916362,5.677217927613799,0.5089457573784651,43.02280059495997,36.22280059495997,0.85,8,0.19382408450366742,0.35383542728317763,0.20916321352363176,0.3845136853231063,6.8,2.56,18.20020679615328,0.0,0.0,early,81920,0.0,ok,random,51.58290798650633,34.0,0.0,0.0,44.316581597301266,37.51658159730127,0.536826918137649,-0.536826918137649
1.0,5.677217927613799,5.240232222195112,experiment-development-005,updated,0.5767668014994145,-0.5767668014994145,27.2,-0.015339129019964343,-0.030678258039928685,81920,0.0,0,0.85,5.100451126114384,37.04105169414771,5.677217927613799,0.456710028056771,43.02280059495997,36.22280059495997,0.85,8,0.19382408450366742,0.35383542728317763,0.20916321352363176,0.3845136853231063,6.8,2.56,18.20020679615328,0.0,0.0,early,81920,0.0,ok,random,51.58290798650633,34.0,0.0,0.0,44.316581597301266,37.51658159730127,0.47552990315355714,-0.47552990315355714
1.0,5.677217927613799,5.240232222195112,experiment-development-005,known,0.4881706388463387,-0.4881706388463387,27.2,-0.015339129019964343,-0.030678258039928685,81920,0.0,0,0.85,5.18904728876746,37.22514025151591,5.677217927613799,0.2859037730934091,43.02280059495997,36.22280059495997,0.85,8,0.19382408450366742,0.35383542728317763,0.20916321352363176,0.3845136853231063,6.8,2.56,18.20020679615328,0.0,0.0,early,81920,0.0,ok,random,51.58290798650633,34.0,0.0,0.0,44.316581597301266,37.51658159730127,0.2914413457853584,-0.2914413457853584
1.0,5.485842826213615,0.0,experiment-development-005,frozen,0.593504988476635,-0.593504988476635,27.2,-0.011193994225722093,-0.022387988451444185,81920,0.0,0,0.85,4.89233783773698,36.85078691489625,5.485842826213615,0.4738035176221942,42.99855010096279,36.19855010096279,0.85,8,0.19796921929790967,0.36212569687166213,0.20916321352363176,0.3845136853231063,6.8,2.56,17.54082987325226,0.0,0.0,redistribute,81920,0.0,ok,redistribute,50.75826535765924,34.0,0.0,0.0,44.15165307153185,37.35165307153185,0.5008661566356025,-0.5008661566356025
1.0,5.485842826213615,0.0,experiment-development-005,updated,0.5702288082909659,-0.5702288082909659,27.2,-0.011193994225722093,-0.022387988451444185,81920,0.0,0,0.85,4.915614017922649,36.88427446903886,5.485842826213615,0.44756208927030156,42.99855010096279,36.19855010096279,0.85,8,0.19796921929790967,0.36212569687166213,0.20916321352363176,0.3845136853231063,6.8,2.56,17.54082987325226,0.0,0.0,redistribute,81920,0.0,ok,redistribute,50.75826535765924,34.0,0.0,0.0,44.15165307153185,37.35165307153185,0.46737860249299246,-0.46737860249299246
1.0,5.485842826213615,0.0,experiment-development-005,known,0.4872981539611114,-0.4872981539611114,27.2,-0.011193994225722093,-0.022387988451444185,81920,0.0,0,0.85,4.998544672252503,37.06023154331389,5.485842826213615,0.28589385257448896,42.99855010096279,36.19855010096279,0.85,8,0.19796921929790967,0.36212569687166213,0.20916321352363176,0.3845136853231063,6.8,2.56,17.54082987325226,0.0,0.0,redistribute,81920,0.0,ok,redistribute,50.75826535765924,34.0,0.0,0.0,44.15165307153185,37.35165307153185,0.29142152821795975,-0.29142152821795975
0.0,4.771929116614367,4.545045881594508,experiment-development-005,frozen,0.34828271383205855,-0.34828271383205855,27.2,0.006638278396119357,0.013276556792238714,81920,0.0,1,0.85,4.423646402782309,36.619260346744845,0.0,0.06108287658161752,43.431213519498456,36.63121351949846,0.85,8,0.3184226740524232,0.6026436666028504,0.31178439565630384,0.5893671098106117,6.8,2.56,14.771522784701489,0.0,0.10826093280209648,early,81920,0.0,ok,active,46.48786071984892,34.0,0.0,0.0,43.29757214396978,36.497572143969784,0.12168820277506143,0.12168820277506143
0.0,4.771929116614367,4.545045881594508,experiment-development-005,updated,0.3836851854056009,-0.3836851854056009,27.2,0.006638278396119357,0.013276556792238714,81920,0.0,1,0.85,4.388243931208766,36.52649418941025,0.0,0.050663390681459454,43.431213519498456,36.63121351949846,0.85,8,0.3184226740524232,0.6026436666028504,0.31178439565630384,0.5893671098106117,6.8,2.56,14.771522784701489,0.0,0.10826093280209648,early,81920,0.0,ok,active,46.48786071984892,34.0,0.0,0.0,43.29757214396978,36.497572143969784,0.02892204544046706,0.02892204544046706
1.0,4.771929116614367,4.545045881594508,experiment-development-005,known,0.4505141054384749,-0.4505141054384749,27.2,0.006638278396119357,0.013276556792238714,81920,0.0,1,0.85,4.321415011175892,36.40443613354975,4.771929116614367,0.19628652811501013,43.450483374422504,36.65048337442251,0.85,8,0.3184226740524232,0.6026436666028504,0.31178439565630384,0.5893671098106117,6.8,2.56,14.771522784701489,0.0,0.0,early,81920,0.0,ok,active,47.02916538385941,34.0,0.0,0.0,43.40583307677188,36.60583307677188,0.20139694322212875,-0.20139694322212875
0.0,4.7866501160883335,4.545045881594508,experiment-development-005,frozen,0.35360175079687206,-0.35360175079687206,27.2,-0.018263954900727353,-0.036527909801454705,81920,0.0,1,0.85,4.433048365291461,36.602874368633124,0.0,0.05843900349554806,43.43075209248923,36.63075209248923,0.85,8,0.2935204407555765,0.552839200009157,0.31178439565630384,0.5893671098106117,6.8,2.56,14.618179040181008,0.0,0.10859490866298671,split,81920,0.0,ok,fixed,46.44633228901929,34.0,0.0,0.0,43.289266457803855,36.48926645780386,0.11360791082926625,0.11360791082926625
1.0,4.7866501160883335,4.545045881594508,experiment-development-005,updated,0.4032438331041135,-0.4032438331041135,27.2,-0.018263954900727353,-0.036527909801454705,81920,0.0,1,0.85,4.38340628298422,36.45707003989098,4.7866501160883335,0.08685983503770463,43.450081393292976,36.65008139329298,0.85,8,0.2935204407555765,0.552839200009157,0.31178439565630384,0.5893671098106117,6.8,2.56,14.618179040181008,0.0,0.0,split,81920,0.0,ok,fixed,46.989306832334236,34.0,0.0,0.0,43.39786136646684,36.597861366466844,0.14079132657586513,-0.14079132657586513
1.0,4.7866501160883335,4.545045881594508,experiment-development-005,known,0.45051410543847403,-0.45051410543847403,27.2,-0.018263954900727353,-0.036527909801454705,81920,0.0,1,0.85,4.336136010649859,36.39646442214882,4.7866501160883335,0.19628652921091808,43.450081393292976,36.65008139329298,0.85,8,0.2935204407555765,0.552839200009157,0.31178439565630384,0.5893671098106117,6.8,2.56,14.618179040181008,0.0,0.0,split,81920,0.0,ok,fixed,46.989306832334236,34.0,0.0,0.0,43.39786136646684,36.597861366466844,0.20139694431802724,-0.20139694431802724
0.0,4.7866501160883335,4.545045881594508,experiment-development-005,frozen,0.35360175079687206,-0.35360175079687206,27.2,-0.018263954900727353,-0.036527909801454705,81920,0.0,1,0.85,4.433048365291461,36.602874368633124,0.0,0.05843900349554806,43.43075209248923,36.63075209248923,0.85,8,0.2935204407555765,0.552839200009157,0.31178439565630384,0.5893671098106117,6.8,2.56,14.618179040181008,0.0,0.10859490866298671,split,81920,0.0,ok,random,46.44633228901929,34.0,0.0,0.0,43.289266457803855,36.48926645780386,0.11360791082926625,0.11360791082926625
1.0,4.7866501160883335,4.545045881594508,experiment-development-005,updated,0.4032438331041135,-0.4032438331041135,27.2,-0.018263954900727353,-0.036527909801454705,81920,0.0,1,0.85,4.38340628298422,36.45707003989098,4.7866501160883335,0.08685983503770463,43.450081393292976,36.65008139329298,0.85,8,0.2935204407555765,0.552839200009157,0.31178439565630384,0.5893671098106117,6.8,2.56,14.618179040181008,0.0,0.0,split,81920,0.0,ok,random,46.989306832334236,34.0,0.0,0.0,43.39786136646684,36.597861366466844,0.14079132657586513,-0.14079132657586513
1.0,4.7866501160883335,4.545045881594508,experiment-development-005,known,0.45051410543847403,-0.45051410543847403,27.2,-0.018263954900727353,-0.036527909801454705,81920,0.0,1,0.85,4.336136010649859,36.39646442214882,4.7866501160883335,0.19628652921091808,43.450081393292976,36.65008139329298,0.85,8,0.2935204407555765,0.552839200009157,0.31178439565630384,0.5893671098106117,6.8,2.56,14.618179040181008,0.0,0.0,split,81920,0.0,ok,random,46.989306832334236,34.0,0.0,0.0,43.39786136646684,36.597861366466844,0.20139694431802724,-0.20139694431802724
0.0,4.605942461905718,0.0,experiment-development-005,frozen,0.288307903451674,-0.288307903451674,27.2,0.05193063393405123,0.10386126786810257,81920,0.0,1,0.85,4.317634558454044,36.57108682792701,0.0,0.15291343901380353,43.41085045744494,36.61085045744494,0.85,8,0.36371502959035507,0.6932283776787143,0.31178439565630384,0.5893671098106117,6.8,2.56,14.19962096035937,0.0,0.10449518741227592,redistribute,81920,0.0,ok,redistribute,45.79144660543047,34.0,0.0,0.0,43.15828932108609,36.35828932108609,0.21279750684092136,0.21279750684092136
0.0,4.605942461905718,0.0,experiment-development-005,updated,0.38713118743964436,-0.38713118743964436,27.2,0.05193063393405123,0.10386126786810257,81920,0.0,1,0.85,4.2188112744660735,36.307558408353344,0.0,0.11327517313696707,43.41085045744494,36.61085045744494,0.85,8,0.36371502959035507,0.6932283776787143,0.31178439565630384,0.5893671098106117,6.8,2.56,14.19962096035937,0.0,0.10449518741227592,redistribute,81920,0.0,ok,redistribute,45.79144660543047,34.0,0.0,0.0,43.15828932108609,36.35828932108609,0.05073091273274599,-0.05073091273274599
1.0,4.605942461905718,0.0,experiment-development-005,known,0.4505141054384758,-0.4505141054384758,27.2,0.05193063393405123,0.10386126786810257,81920,0.0,1,0.85,4.155428356467242,36.261387536064944,4.605942461905718,0.19628655732631017,43.429450030250905,36.62945003025091,0.85,8,0.36371502959035507,0.6932283776787143,0.31178439565630384,0.5893671098106117,6.8,2.56,14.19962096035937,0.0,0.0,redistribute,81920,0.0,ok,redistribute,46.313922542491845,34.0,0.0,0.0,43.26278450849836,36.462784508498366,0.2013969724334217,-0.2013969724334217
0.0,5.0667801294558465,4.410932181091215,experiment-development-005,frozen,0.6235891907775137,-0.6235891907775137,27.2,-0.07043295752543044,-0.14087204475909276,81920,0.0,2,0.85,4.443190938678333,36.00905040131603,0.0,0.18907492606432422,43.61250463210661,36.81250463210661,0.85,8,0.3394555044581986,0.6448272493156633,0.40988846198362905,0.785699294074756,6.8,2.56,14.89642113381886,0.0,0.11495022866291293,early,81920,0.0,ok,active,44.64839137341761,34.0,0.0,0.0,42.92967827468352,36.12967827468352,0.12062787336748926,-0.12062787336748926
1.0,5.0667801294558465,4.410932181091215,experiment-development-005,updated,0.5908298541390842,-0.5908298541390842,27.2,-0.07043295752543044,-0.14087204475909276,81920,0.0,2,0.85,4.475950275316762,36.05286988512003,5.0667801294558465,0.13456205615128405,43.632965145169706,36.83296514516971,0.85,8,0.3394555044581986,0.6448272493156633,0.40988846198362905,0.785699294074756,6.8,2.56,14.89642113381886,0.0,0.0,early,81920,0.0,ok,active,45.22314251673219,34.0,0.0,0.0,43.04462850334643,36.24462850334643,0.19175861822640172,-0.19175861822640172
1.0,5.0667801294558465,4.410932181091215,experiment-development-005,known,0.45090717404728675,-0.45090717404728675,27.2,-0.07043295752543044,-0.14087204475909276,81920,0.0,2,0.85,4.61587295540856,36.38214716448651,5.0667801294558465,0.14263353502824572,43.632965145169706,36.83296514516971,0.85,8,0.3394555044581986,0.6448272493156633,0.40988846198362905,0.785699294074756,6.8,2.56,14.89642113381886,0.0,0.0,early,81920,0.0,ok,active,45.22314251673219,34.0,0.0,0.0,43.04462850334643,36.24462850334643,0.13751866114007782,0.13751866114007782
0.0,5.081066746579008,4.410932181091215,experiment-development-005,frozen,0.6290747671097776,-0.6290747671097776,27.2,-0.04683270692929248,-0.09367154356681673,81920,0.0,2,0.85,4.451991979469231,35.99265654700254,0.0,0.19756082099497974,43.61205682073194,36.81205682073194,0.85,8,0.36305575505433657,0.6920277505079393,0.40988846198362905,0.785699294074756,6.8,2.56,14.74760220545259,0.0,0.11527434967530326,split,81920,0.0,ok,fixed,44.60808834969711,34.0,0.0,0.0,42.92161766993942,36.121617669939425,0.12896112293688589,-0.12896112293688589
0.0,5.081066746579008,4.410932181091215,experiment-development-005,updated,0.6181145042933238,-0.6181145042933238,27.2,-0.04683270692929248,-0.09367154356681673,81920,0.0,2,0.85,4.462952242285684,36.000371114657,0.0,0.18449557548973652,43.61205682073194,36.81205682073194,0.85,8,0.36305575505433657,0.6920277505079393,0.40988846198362905,0.785699294074756,6.8,2.56,14.74760220545259,0.0,0.11527434967530326,split,81920,0.0,ok,fixed,44.60808834969711,34.0,0.0,0.0,42.92161766993942,36.121617669939425,0.12124655528242556,-0.12124655528242556
1.0,5.081066746579008,4.410932181091215,experiment-development-005,known,0.45090717404728586,-0.45090717404728586,27.2,-0.04683270692929248,-0.09367154356681673,81920,0.0,2,0.85,4.630159572531722,36.374410716428066,5.081066746579008,0.14263357070150326,43.6325750255655,36.832575025565504,0.85,8,0.36305575505433657,0.6920277505079393,0.40988846198362905,0.785699294074756,6.8,2.56,14.74760220545259,0.0,0.0,split,81920,0.0,ok,fixed,45.18446009807364,34.0,0.0,0.0,43.036892019614726,36.23689201961473,0.13751869681333773,0.13751869681333773
0.0,5.0667801294558465,4.410932181091215,experiment-development-005,frozen,0.6235891907775137,-0.6235891907775137,27.2,-0.07043295752543044,-0.14087204475909276,81920,0.0,2,0.85,4.443190938678333,36.00905040131603,0.0,0.18907492606432422,43.61250463210661,36.81250463210661,0.85,8,0.3394555044581986,0.6448272493156633,0.40988846198362905,0.785699294074756,6.8,2.56,14.89642113381886,0.0,0.11495022866291293,early,81920,0.0,ok,random,44.64839137341761,34.0,0.0,0.0,42.92967827468352,36.12967827468352,0.12062787336748926,-0.12062787336748926
1.0,5.0667801294558465,4.410932181091215,experiment-development-005,updated,0.5908298541390842,-0.5908298541390842,27.2,-0.07043295752543044,-0.14087204475909276,81920,0.0,2,0.85,4.475950275316762,36.05286988512003,5.0667801294558465,0.13456205615128405,43.632965145169706,36.83296514516971,0.85,8,0.3394555044581986,0.6448272493156633,0.40988846198362905,0.785699294074756,6.8,2.56,14.89642113381886,0.0,0.0,early,81920,0.0,ok,random,45.22314251673219,34.0,0.0,0.0,43.04462850334643,36.24462850334643,0.19175861822640172,-0.19175861822640172
1.0,5.0667801294558465,4.410932181091215,experiment-development-005,known,0.45090717404728675,-0.45090717404728675,27.2,-0.07043295752543044,-0.14087204475909276,81920,0.0,2,0.85,4.61587295540856,36.38214716448651,5.0667801294558465,0.14263353502824572,43.632965145169706,36.83296514516971,0.85,8,0.3394555044581986,0.6448272493156633,0.40988846198362905,0.785699294074756,6.8,2.56,14.89642113381886,0.0,0.0,early,81920,0.0,ok,random,45.22314251673219,34.0,0.0,0.0,43.04462850334643,36.24462850334643,0.13751866114007782,0.13751866114007782
0.0,4.905691353685513,0.0,experiment-development-005,frozen,0.5617365654750239,-0.5617365654750239,27.2,-0.025095687704067116,-0.050197547135889864,81920,0.0,2,0.85,4.343954788210489,35.96783951967025,0.0,0.09339174295532142,43.59274243650784,36.792742436507844,0.85,8,0.38479277427956193,0.7355017469388662,0.40988846198362905,0.785699294074756,6.8,2.56,14.341394798082412,0.0,0.1112956016341613,redistribute,81920,0.0,ok,redistribute,43.97252681480138,34.0,0.0,0.0,42.79450536296027,35.994505362960275,0.026665843290025748,-0.026665843290025748
0.0,4.905691353685513,0.0,experiment-development-005,updated,0.5824244935352549,-0.5824244935352549,27.2,-0.025095687704067116,-0.050197547135889864,81920,0.0,2,0.85,4.323266860150258,35.91015992880082,0.0,0.1496198382223947,43.59274243650784,36.792742436507844,0.85,8,0.38479277427956193,0.7355017469388662,0.40988846198362905,0.785699294074756,6.8,2.56,14.341394798082412,0.0,0.1112956016341613,redistribute,81920,0.0,ok,redistribute,43.97252681480138,34.0,0.0,0.0,42.79450536296027,35.994505362960275,0.08434543415945228,-0.08434543415945228
1.0,4.905691353685513,0.0,experiment-development-005,known,0.45090717404728675,-0.45090717404728675,27.2,-0.025095687704067116,-0.050197547135889864,81920,0.0,2,0.85,4.454784179638226,36.24331968382725,4.905691353685513,0.1426335931209787,43.61255244591442,36.81255244591442,0.85,8,0.38479277427956193,0.7355017469388662,0.40988846198362905,0.785699294074756,6.8,2.56,14.341394798082412,0.0,0.0,redistribute,81920,0.0,ok,redistribute,44.5290048229722,34.0,0.0,0.0,42.905800964594434,36.10580096459444,0.13751871923281556,0.13751871923281556
