condition,need,arm,tick,metric,n,mean,lower95,upper95
moderate,1.2,L0,0,agent_site_pairs,4,384,384.0,384.0
moderate,1.2,L0,0,between_agent_log_median_dispersion,4,0.12416118271766949,0.10746362672537282,0.14085873870996615
moderate,1.2,L0,0,biased_absolute_log_error,0,,,
moderate,1.2,L0,0,capacity_absolute_log_error,4,0.40147371675757654,0.3967023813375627,0.4062450521775904
moderate,1.2,L0,0,clean_eligible_fraction,0,,,
moderate,1.2,L0,0,coverage90,4,1,1.0,1.0
moderate,1.2,L0,0,directly_seen_pairs,4,24,24.0,24.0
moderate,1.2,L0,0,ever_within10_fraction,4,0.18880208333333334,0.1816247933683435,0.19597937329832318
moderate,1.2,L0,0,evidence_belief_messages,4,0,0.0,0.0
moderate,1.2,L0,0,evidence_clean_own,4,0,0.0,0.0
moderate,1.2,L0,0,evidence_clean_receipts,4,0,0.0,0.0
moderate,1.2,L0,0,evidence_confounded,4,0,0.0,0.0
moderate,1.2,L0,0,evidence_duplicates,4,0,0.0,0.0
moderate,1.2,L0,0,evidence_eligible,4,0,0.0,0.0
moderate,1.2,L0,0,evidence_new_relay,4,0,0.0,0.0
moderate,1.2,L0,0,mean_log_interval_width,4,2.21430973039523,2.206875365641541,2.221744095148919
moderate,1.2,L0,0,other_absolute_log_error,4,0.40147371675757654,0.3967023813375627,0.4062450521775904
moderate,1.2,L0,0,pairs_with_posterior,4,24,24.0,24.0
moderate,1.2,L0,0,seen_only_absolute_log_error,4,0.26844400005973273,0.17743658194730888,0.3594514181721566
moderate,1.2,L0,0,seen_only_coverage90,4,1,1.0,1.0
moderate,1.2,L0,16,agent_site_pairs,4,384,384.0,384.0
moderate,1.2,L0,16,between_agent_log_median_dispersion,4,0.14509888882790706,0.13828133743033183,0.15191644022548229
moderate,1.2,L0,16,biased_absolute_log_error,0,,,
moderate,1.2,L0,16,capacity_absolute_log_error,4,0.39164462274159845,0.38394549768648323,0.39934374779671367
moderate,1.2,L0,16,clean_eligible_fraction,4,0.27834377560728196,0.21493201621025693,0.341755535004307
moderate,1.2,L0,16,coverage90,4,0.99609375,0.9907441139146852,1.001443386085315
moderate,1.2,L0,16,directly_seen_pairs,4,35.25,28.70531896839511,41.79468103160489
moderate,1.2,L0,16,ever_within10_fraction,4,0.21158854166666666,0.20451163832344663,0.2186654450098867
moderate,1.2,L0,16,evidence_belief_messages,4,0,0.0,0.0
moderate,1.2,L0,16,evidence_clean_own,4,94.25,75.81308572287757,112.68691427712243
moderate,1.2,L0,16,evidence_clean_receipts,4,0,0.0,0.0
moderate,1.2,L0,16,evidence_confounded,4,245.25,211.16227602918644,279.33772397081356
moderate,1.2,L0,16,evidence_duplicates,4,0,0.0,0.0
moderate,1.2,L0,16,evidence_eligible,4,339.5,316.4592938807116,362.5407061192884
moderate,1.2,L0,16,evidence_new_relay,4,0,0.0,0.0
moderate,1.2,L0,16,mean_log_interval_width,4,2.1434881563909314,2.1137036265520717,2.173272686229791
moderate,1.2,L0,16,other_absolute_log_error,4,0.39164462274159845,0.38394549768648323,0.39934374779671367
moderate,1.2,L0,16,pairs_with_posterior,4,35.25,28.70531896839511,41.79468103160489
moderate,1.2,L0,16,seen_only_absolute_log_error,4,0.1899853139987407,0.12589600251691352,0.25407462548056786
moderate,1.2,L0,16,seen_only_coverage90,4,0.9571862348178137,0.8990646832939988,1.0153077863416287
moderate,1.2,L0,32,agent_site_pairs,4,384,384.0,384.0
moderate,1.2,L0,32,between_agent_log_median_dispersion,4,0.15331318632825697,0.14419078513124803,0.1624355875252659
moderate,1.2,L0,32,biased_absolute_log_error,0,,,
moderate,1.2,L0,32,capacity_absolute_log_error,4,0.3879712375671964,0.3773206840092583,0.3986217911251346
moderate,1.2,L0,32,clean_eligible_fraction,4,0.2794380575375469,0.22660333715980893,0.33227277791528487
moderate,1.2,L0,32,coverage90,4,0.9954427083333334,0.9883658049901134,1.0025196116765533
moderate,1.2,L0,32,directly_seen_pairs,4,40.5,34.33721922971736,46.66278077028264
moderate,1.2,L0,32,ever_within10_fraction,4,0.21940104166666666,0.21232413832344663,0.2264779450098867
moderate,1.2,L0,32,evidence_belief_messages,4,0,0.0,0.0
moderate,1.2,L0,32,evidence_clean_own,4,193.5,160.00862697907962,226.99137302092038
moderate,1.2,L0,32,evidence_clean_receipts,4,0,0.0,0.0
moderate,1.2,L0,32,evidence_confounded,4,499.75,446.4281936709823,553.0718063290177
moderate,1.2,L0,32,evidence_duplicates,4,0,0.0,0.0
moderate,1.2,L0,32,evidence_eligible,4,693.25,654.5693103273875,731.9306896726125
moderate,1.2,L0,32,evidence_new_relay,4,0,0.0,0.0
moderate,1.2,L0,32,mean_log_interval_width,4,2.113536479226831,2.0733990741056427,2.153673884348019
moderate,1.2,L0,32,other_absolute_log_error,4,0.3879712375671964,0.3773206840092583,0.3986217911251346
moderate,1.2,L0,32,pairs_with_posterior,4,40.5,34.33721922971736,46.66278077028264
moderate,1.2,L0,32,seen_only_absolute_log_error,4,0.17338015867367443,0.1038257710923723,0.24293454625497657
moderate,1.2,L0,32,seen_only_coverage90,4,0.957034632034632,0.8939680326395144,1.0201012314297497
moderate,1.2,L0,64,agent_site_pairs,4,384,384.0,384.0
moderate,1.2,L0,64,between_agent_log_median_dispersion,4,0.17124626499870427,0.15199142180562292,0.19050110819178562
moderate,1.2,L0,64,biased_absolute_log_error,0,,,
moderate,1.2,L0,64,capacity_absolute_log_error,4,0.3862226096503453,0.36721316927263303,0.4052320500280576
moderate,1.2,L0,64,clean_eligible_fraction,4,0.2820906165578147,0.17749992582698,0.3866813072886494
moderate,1.2,L0,64,coverage90,4,0.9876302083333334,0.9731268723066473,1.0021335443600194
moderate,1.2,L0,64,directly_seen_pairs,4,47.5,38.35911891502553,56.64088108497447
moderate,1.2,L0,64,ever_within10_fraction,4,0.22981770833333334,0.2099807268121214,0.24965468985454528
moderate,1.2,L0,64,evidence_belief_messages,4,0,0.0,0.0
moderate,1.2,L0,64,evidence_clean_own,4,397.75,257.0646645966983,538.4353354033017
moderate,1.2,L0,64,evidence_clean_receipts,4,0,0.0,0.0
moderate,1.2,L0,64,evidence_confounded,4,1014.5,846.9574753382358,1182.0425246617642
moderate,1.2,L0,64,evidence_duplicates,4,0,0.0,0.0
moderate,1.2,L0,64,evidence_eligible,4,1412.25,1343.3128087618622,1481.1871912381378
moderate,1.2,L0,64,evidence_new_relay,4,0,0.0,0.0
moderate,1.2,L0,64,mean_log_interval_width,4,2.0802050428272034,2.0308454331457266,2.12956465250868
moderate,1.2,L0,64,other_absolute_log_error,4,0.3862226096503453,0.36721316927263303,0.4052320500280576
moderate,1.2,L0,64,pairs_with_posterior,4,47.5,38.35911891502553,56.64088108497447
moderate,1.2,L0,64,seen_only_absolute_log_error,4,0.18814772481798714,0.09821667160206873,0.27807877803390557
moderate,1.2,L0,64,seen_only_coverage90,4,0.9036998327759197,0.8019281566433573,1.0054715089084822
moderate,1.2,L0,128,agent_site_pairs,4,384,384.0,384.0
moderate,1.2,L0,128,between_agent_log_median_dispersion,4,0.17988481105667756,0.16255482051646256,0.19721480159689256
moderate,1.2,L0,128,biased_absolute_log_error,0,,,
moderate,1.2,L0,128,capacity_absolute_log_error,4,0.3839271759878574,0.36348701489869517,0.40436733707701966
moderate,1.2,L0,128,clean_eligible_fraction,4,0.28598895271324326,0.16930719652328113,0.4026707089032054
moderate,1.2,L0,128,coverage90,4,0.986328125,0.9754300877492835,0.9972261622507165
moderate,1.2,L0,128,directly_seen_pairs,4,52,37.53240634921063,66.46759365078937
moderate,1.2,L0,128,ever_within10_fraction,4,0.23502604166666669,0.21434155077693803,0.2557105325563953
moderate,1.2,L0,128,evidence_belief_messages,4,0,0.0,0.0
moderate,1.2,L0,128,evidence_clean_own,4,834.5,499.791716318461,1169.208283681539
moderate,1.2,L0,128,evidence_clean_receipts,4,0,0.0,0.0
moderate,1.2,L0,128,evidence_confounded,4,2084.5,1733.8515537503517,2435.1484462496483
moderate,1.2,L0,128,evidence_duplicates,4,0,0.0,0.0
moderate,1.2,L0,128,evidence_eligible,4,2919,2814.6726985190035,3023.3273014809965
moderate,1.2,L0,128,evidence_new_relay,4,0,0.0,0.0
moderate,1.2,L0,128,mean_log_interval_width,4,2.0579326662042665,1.983965384970631,2.131899947437902
moderate,1.2,L0,128,other_absolute_log_error,4,0.3839271759878574,0.36348701489869517,0.40436733707701966
moderate,1.2,L0,128,pairs_with_posterior,4,52,37.53240634921063,66.46759365078937
moderate,1.2,L0,128,seen_only_absolute_log_error,4,0.18909376322414922,0.11472688639332347,0.263460640054975
moderate,1.2,L0,128,seen_only_coverage90,4,0.902198275862069,0.8463471740641899,0.9580493776599481
moderate,1.2,L0,256,agent_site_pairs,4,384,384.0,384.0
moderate,1.2,L0,256,between_agent_log_median_dispersion,4,0.199158702768547,0.16396022136382607,0.23435718417326792
moderate,1.2,L0,256,biased_absolute_log_error,0,,,
moderate,1.2,L0,256,capacity_absolute_log_error,4,0.3775748818724568,0.35020434976897163,0.40494541397594197
moderate,1.2,L0,256,clean_eligible_fraction,4,0.2914150316786268,0.2169771986216789,0.3658528647355747
moderate,1.2,L0,256,coverage90,4,0.9811197916666666,0.9630969955216679,0.9991425878116653
moderate,1.2,L0,256,directly_seen_pairs,4,62,38.11397899651381,85.88602100348619
moderate,1.2,L0,256,ever_within10_fraction,4,0.24674479166666669,0.22089436699263462,0.2725952163406988
moderate,1.2,L0,256,evidence_belief_messages,4,0,0.0,0.0
moderate,1.2,L0,256,evidence_clean_own,4,1732.25,1292.633745386996,2171.866254613004
moderate,1.2,L0,256,evidence_clean_receipts,4,0,0.0,0.0
moderate,1.2,L0,256,evidence_confounded,4,4212.5,3758.289167261264,4666.710832738736
moderate,1.2,L0,256,evidence_duplicates,4,0,0.0,0.0
moderate,1.2,L0,256,evidence_eligible,4,5944.75,5812.321893069033,6077.178106930967
moderate,1.2,L0,256,evidence_new_relay,4,0,0.0,0.0
moderate,1.2,L0,256,mean_log_interval_width,4,2.013504828680345,1.9037143903581681,2.1232952670025216
moderate,1.2,L0,256,other_absolute_log_error,4,0.3775748818724568,0.35020434976897163,0.40494541397594197
moderate,1.2,L0,256,pairs_with_posterior,4,62,38.11397899651381,85.88602100348619
moderate,1.2,L0,256,seen_only_absolute_log_error,4,0.19388959387617138,0.11074273843161758,0.2770364493207252
moderate,1.2,L0,256,seen_only_coverage90,4,0.8898977213661743,0.8179908268038605,0.9618046159284881
moderate,1.2,L0,384,agent_site_pairs,4,384,384.0,384.0
moderate,1.2,L0,384,between_agent_log_median_dispersion,4,0.22195667622224774,0.20161982180199542,0.24229353064250006
moderate,1.2,L0,384,biased_absolute_log_error,0,,,
moderate,1.2,L0,384,capacity_absolute_log_error,4,0.3674612114082338,0.3398613212313082,0.3950611015851594
moderate,1.2,L0,384,clean_eligible_fraction,4,0.29514465209493795,0.2314841248290726,0.3588051793608033
moderate,1.2,L0,384,coverage90,4,0.9791666666666667,0.9640356108554413,0.9942977224778922
moderate,1.2,L0,384,directly_seen_pairs,4,76.5,59.386643431109,93.61335656889099
moderate,1.2,L0,384,ever_within10_fraction,4,0.26106770833333337,0.24010832843159513,0.2820270882350716
moderate,1.2,L0,384,evidence_belief_messages,4,0,0.0,0.0
moderate,1.2,L0,384,evidence_clean_own,4,2642.5,2077.5515378965347,3207.4484621034653
moderate,1.2,L0,384,evidence_clean_receipts,4,0,0.0,0.0
moderate,1.2,L0,384,evidence_confounded,4,6311.75,5726.922092248778,6896.577907751222
moderate,1.2,L0,384,evidence_duplicates,4,0,0.0,0.0
moderate,1.2,L0,384,evidence_eligible,4,8954.25,8848.401760933888,9060.098239066112
moderate,1.2,L0,384,evidence_new_relay,4,0,0.0,0.0
moderate,1.2,L0,384,mean_log_interval_width,4,1.9528741037217285,1.868267117060438,2.037481090383019
moderate,1.2,L0,384,other_absolute_log_error,4,0.3674612114082338,0.3398613212313082,0.3950611015851594
moderate,1.2,L0,384,pairs_with_posterior,4,76.5,59.386643431109,93.61335656889099
moderate,1.2,L0,384,seen_only_absolute_log_error,4,0.19555429908398794,0.12916518447190178,0.2619434136960741
moderate,1.2,L0,384,seen_only_coverage90,4,0.8989757983731042,0.8445938303474612,0.9533577663987471
moderate,1.2,L0,512,agent_site_pairs,4,384,384.0,384.0
moderate,1.2,L0,512,between_agent_log_median_dispersion,4,0.2387093963309453,0.21093738468080067,0.2664814079810899
moderate,1.2,L0,512,biased_absolute_log_error,0,,,
moderate,1.2,L0,512,capacity_absolute_log_error,4,0.36358148505406657,0.3375485313658656,0.38961443874226753
moderate,1.2,L0,512,clean_eligible_fraction,4,0.30280399149198667,0.24914102696231447,0.3564669560216589
moderate,1.2,L0,512,coverage90,4,0.9759114583333334,0.9552269674436048,0.9965959492230619
moderate,1.2,L0,512,directly_seen_pairs,4,88.25,69.9509337446155,106.5490662553845
moderate,1.2,L0,512,ever_within10_fraction,4,0.27278645833333337,0.2535351999101377,0.29203771675652906
moderate,1.2,L0,512,evidence_belief_messages,4,0,0.0,0.0
moderate,1.2,L0,512,evidence_clean_own,4,3619,2983.7570913432905,4254.24290865671
moderate,1.2,L0,512,evidence_clean_receipts,4,0,0.0,0.0
moderate,1.2,L0,512,evidence_confounded,4,8333.5,7680.39447996362,8986.605520036379
moderate,1.2,L0,512,evidence_duplicates,4,0,0.0,0.0
moderate,1.2,L0,512,evidence_eligible,4,11952.5,11888.342587594841,12016.657412405159
moderate,1.2,L0,512,evidence_new_relay,4,0,0.0,0.0
moderate,1.2,L0,512,mean_log_interval_width,4,1.9022106728414174,1.8005600466175595,2.0038612990652753
moderate,1.2,L0,512,other_absolute_log_error,4,0.36358148505406657,0.3375485313658656,0.38961443874226753
moderate,1.2,L0,512,pairs_with_posterior,4,88.25,69.9509337446155,106.5490662553845
moderate,1.2,L0,512,seen_only_absolute_log_error,4,0.20147220873281635,0.14224693496460006,0.26069748250103264
moderate,1.2,L0,512,seen_only_coverage90,4,0.8987294483010595,0.8315903212321516,0.9658685753699674
moderate,1.2,R-pool,0,agent_site_pairs,4,384,384.0,384.0
moderate,1.2,R-pool,0,between_agent_log_median_dispersion,4,0.0,0.0,0.0
moderate,1.2,R-pool,0,biased_absolute_log_error,0,,,
moderate,1.2,R-pool,0,capacity_absolute_log_error,4,0.2662223392589592,0.18584554095738676,0.3465991375605317
moderate,1.2,R-pool,0,clean_eligible_fraction,0,,,
moderate,1.2,R-pool,0,coverage90,4,1,1.0,1.0
moderate,1.2,R-pool,0,directly_seen_pairs,4,24,24.0,24.0
moderate,1.2,R-pool,0,ever_within10_fraction,4,0.21875,0.11929855295986679,0.3182014470401332
moderate,1.2,R-pool,0,evidence_belief_messages,4,0,0.0,0.0
moderate,1.2,R-pool,0,evidence_clean_own,4,0,0.0,0.0
moderate,1.2,R-pool,0,evidence_clean_receipts,4,0,0.0,0.0
moderate,1.2,R-pool,0,evidence_confounded,4,0,0.0,0.0
moderate,1.2,R-pool,0,evidence_duplicates,4,0,0.0,0.0
moderate,1.2,R-pool,0,evidence_eligible,4,0,0.0,0.0
moderate,1.2,R-pool,0,evidence_new_relay,4,0,0.0,0.0
moderate,1.2,R-pool,0,mean_log_interval_width,4,1.3372595398484086,1.1971767889953209,1.4773422907014964
moderate,1.2,R-pool,0,other_absolute_log_error,4,0.2662223392589592,0.18584554095738676,0.3465991375605317
moderate,1.2,R-pool,0,pairs_with_posterior,4,384,384.0,384.0
moderate,1.2,R-pool,0,seen_only_absolute_log_error,4,0.26844400005973273,0.17743658194730888,0.3594514181721566
moderate,1.2,R-pool,0,seen_only_coverage90,4,1,1.0,1.0
moderate,1.2,R-pool,16,agent_site_pairs,4,384,384.0,384.0
moderate,1.2,R-pool,16,between_agent_log_median_dispersion,4,0.0,0.0,0.0
moderate,1.2,R-pool,16,biased_absolute_log_error,0,,,
moderate,1.2,R-pool,16,capacity_absolute_log_error,4,0.006678885036538655,0.003997788580666204,0.009359981492411105
moderate,1.2,R-pool,16,clean_eligible_fraction,4,1.0,1.0,1.0
moderate,1.2,R-pool,16,coverage90,4,0.84375,0.6367253040988479,1.0507746959011521
moderate,1.2,R-pool,16,directly_seen_pairs,4,33.5,29.712131247188633,37.28786875281136
moderate,1.2,R-pool,16,ever_within10_fraction,4,1.0,1.0,1.0
moderate,1.2,R-pool,16,evidence_belief_messages,4,0,0.0,0.0
moderate,1.2,R-pool,16,evidence_clean_own,4,0,0.0,0.0
moderate,1.2,R-pool,16,evidence_clean_receipts,4,5568,5285.639704572457,5850.360295427543
moderate,1.2,R-pool,16,evidence_confounded,4,0,0.0,0.0
moderate,1.2,R-pool,16,evidence_duplicates,4,0,0.0,0.0
moderate,1.2,R-pool,16,evidence_eligible,4,5568,5285.639704572457,5850.360295427543
moderate,1.2,R-pool,16,evidence_new_relay,4,0,0.0,0.0
moderate,1.2,R-pool,16,mean_log_interval_width,4,0.026686462286316263,0.01947879386732899,0.03389413070530353
moderate,1.2,R-pool,16,other_absolute_log_error,4,0.006678885036538655,0.003997788580666204,0.009359981492411105
moderate,1.2,R-pool,16,pairs_with_posterior,4,384,384.0,384.0
moderate,1.2,R-pool,16,seen_only_absolute_log_error,4,0.007234145532503857,0.006191173748456424,0.008277117316551291
moderate,1.2,R-pool,16,seen_only_coverage90,4,0.8485215053763441,0.6249564838669126,1.0720865268857755
moderate,1.2,R-pool,32,agent_site_pairs,4,384,384.0,384.0
moderate,1.2,R-pool,32,between_agent_log_median_dispersion,4,0.0,0.0,0.0
moderate,1.2,R-pool,32,biased_absolute_log_error,0,,,
moderate,1.2,R-pool,32,capacity_absolute_log_error,4,0.004118709324308167,0.0021778499199416224,0.006059568728674712
moderate,1.2,R-pool,32,clean_eligible_fraction,4,1.0,1.0,1.0
moderate,1.2,R-pool,32,coverage90,4,0.921875,0.8721492764799333,0.9716007235200667
moderate,1.2,R-pool,32,directly_seen_pairs,4,38.5,33.726330542073605,43.273669457926395
moderate,1.2,R-pool,32,ever_within10_fraction,4,1.0,1.0,1.0
moderate,1.2,R-pool,32,evidence_belief_messages,4,0,0.0,0.0
moderate,1.2,R-pool,32,evidence_clean_own,4,0,0.0,0.0
moderate,1.2,R-pool,32,evidence_clean_receipts,4,10824,10335.932663753114,11312.067336246886
moderate,1.2,R-pool,32,evidence_confounded,4,0,0.0,0.0
moderate,1.2,R-pool,32,evidence_duplicates,4,0,0.0,0.0
moderate,1.2,R-pool,32,evidence_eligible,4,10824,10335.932663753114,11312.067336246886
moderate,1.2,R-pool,32,evidence_new_relay,4,0,0.0,0.0
moderate,1.2,R-pool,32,mean_log_interval_width,4,0.018450266772351512,0.007932023090940921,0.028968510453762104
moderate,1.2,R-pool,32,other_absolute_log_error,4,0.004118709324308167,0.0021778499199416224,0.006059568728674712
moderate,1.2,R-pool,32,pairs_with_posterior,4,384,384.0,384.0
moderate,1.2,R-pool,32,seen_only_absolute_log_error,4,0.0047745979666580975,0.0020727712580037006,0.007476424675312494
moderate,1.2,R-pool,32,seen_only_coverage90,4,0.9295178453715038,0.874642971863785,0.9843927188792226
moderate,1.2,R-pool,64,agent_site_pairs,4,384,384.0,384.0
moderate,1.2,R-pool,64,between_agent_log_median_dispersion,4,0.0,0.0,0.0
moderate,1.2,R-pool,64,biased_absolute_log_error,0,,,
moderate,1.2,R-pool,64,capacity_absolute_log_error,4,0.0020466181188517596,0.0004639123341547743,0.0036293239035487448
moderate,1.2,R-pool,64,clean_eligible_fraction,4,1.0,1.0,1.0
moderate,1.2,R-pool,64,coverage90,4,0.78125,0.6817985529598668,0.8807014470401332
moderate,1.2,R-pool,64,directly_seen_pairs,4,46.5,36.065651998103206,56.934348001896794
moderate,1.2,R-pool,64,ever_within10_fraction,4,1.0,1.0,1.0
moderate,1.2,R-pool,64,evidence_belief_messages,4,0,0.0,0.0
moderate,1.2,R-pool,64,evidence_clean_own,4,0,0.0,0.0
moderate,1.2,R-pool,64,evidence_clean_receipts,4,20910,19395.730647641478,22424.269352358522
moderate,1.2,R-pool,64,evidence_confounded,4,0,0.0,0.0
moderate,1.2,R-pool,64,evidence_duplicates,4,0,0.0,0.0
moderate,1.2,R-pool,64,evidence_eligible,4,20910,19395.730647641478,22424.269352358522
moderate,1.2,R-pool,64,evidence_new_relay,4,0,0.0,0.0
moderate,1.2,R-pool,64,mean_log_interval_width,4,0.008054560177557638,0.00036609314628416236,0.015743027208831112
moderate,1.2,R-pool,64,other_absolute_log_error,4,0.0020466181188517596,0.0004639123341547743,0.0036293239035487448
moderate,1.2,R-pool,64,pairs_with_posterior,4,384,384.0,384.0
moderate,1.2,R-pool,64,seen_only_absolute_log_error,4,0.002547439788112641,0.0005121896399737703,0.004582689936251511
moderate,1.2,R-pool,64,seen_only_coverage90,4,0.761139058014058,0.613284401272563,0.908993714755553
moderate,1.2,R-pool,128,agent_site_pairs,4,384,384.0,384.0
moderate,1.2,R-pool,128,between_agent_log_median_dispersion,4,0.0,0.0,0.0
moderate,1.2,R-pool,128,biased_absolute_log_error,0,,,
moderate,1.2,R-pool,128,capacity_absolute_log_error,4,0.0011464094803082332,0.00022369278590220404,0.0020691261747142623
moderate,1.2,R-pool,128,clean_eligible_fraction,4,1.0,1.0,1.0
moderate,1.2,R-pool,128,coverage90,4,0.703125,0.5539478294398001,0.8523021705601999
moderate,1.2,R-pool,128,directly_seen_pairs,4,55,35.29622780707538,74.70377219292462
moderate,1.2,R-pool,128,ever_within10_fraction,4,1.0,1.0,1.0
moderate,1.2,R-pool,128,evidence_belief_messages,4,0,0.0,0.0
moderate,1.2,R-pool,128,evidence_clean_own,4,0,0.0,0.0
moderate,1.2,R-pool,128,evidence_clean_receipts,4,41148,36034.855517346536,46261.144482653464
moderate,1.2,R-pool,128,evidence_confounded,4,0,0.0,0.0
moderate,1.2,R-pool,128,evidence_duplicates,4,0,0.0,0.0
moderate,1.2,R-pool,128,evidence_eligible,4,41148,36034.855517346536,46261.144482653464
moderate,1.2,R-pool,128,evidence_new_relay,4,0,0.0,0.0
moderate,1.2,R-pool,128,mean_log_interval_width,4,0.00440607914961422,-0.0001757847113581651,0.008987943010586604
moderate,1.2,R-pool,128,other_absolute_log_error,4,0.0011464094803082332,0.00022369278590220404,0.0020691261747142623
moderate,1.2,R-pool,128,pairs_with_posterior,4,384,384.0,384.0
moderate,1.2,R-pool,128,seen_only_absolute_log_error,4,0.0011644319138947902,0.00021509772555328003,0.0021137661022363006
moderate,1.2,R-pool,128,seen_only_coverage90,4,0.6829307506302413,0.4390997385707339,0.9267617626897487
moderate,1.2,R-pool,256,agent_site_pairs,4,384,384.0,384.0
moderate,1.2,R-pool,256,between_agent_log_median_dispersion,4,0.0,0.0,0.0
moderate,1.2,R-pool,256,biased_absolute_log_error,0,,,
moderate,1.2,R-pool,256,capacity_absolute_log_error,4,0.0008180913847715842,-7.73326762223696e-05,0.001713515445765538
moderate,1.2,R-pool,256,clean_eligible_fraction,4,1.0,1.0,1.0
moderate,1.2,R-pool,256,coverage90,4,0.625,0.310506910753568,0.9394930892464319
moderate,1.2,R-pool,256,directly_seen_pairs,4,81.25,11.328158946114698,151.17184105388532
moderate,1.2,R-pool,256,ever_within10_fraction,4,1.0,1.0,1.0
moderate,1.2,R-pool,256,evidence_belief_messages,4,0,0.0,0.0
moderate,1.2,R-pool,256,evidence_clean_own,4,0,0.0,0.0
moderate,1.2,R-pool,256,evidence_clean_receipts,4,80196,65027.10011702243,95364.89988297757
moderate,1.2,R-pool,256,evidence_confounded,4,0,0.0,0.0
moderate,1.2,R-pool,256,evidence_duplicates,4,0,0.0,0.0
moderate,1.2,R-pool,256,evidence_eligible,4,80196,65027.10011702243,95364.89988297757
moderate,1.2,R-pool,256,evidence_new_relay,4,0,0.0,0.0
moderate,1.2,R-pool,256,mean_log_interval_width,4,0.002590544202529285,-0.0012565173001921471,0.006437605705250718
moderate,1.2,R-pool,256,other_absolute_log_error,4,0.0008180913847715842,-7.73326762223696e-05,0.001713515445765538
moderate,1.2,R-pool,256,pairs_with_posterior,4,384,384.0,384.0
moderate,1.2,R-pool,256,seen_only_absolute_log_error,4,0.0007889887148070711,0.00010877262587147057,0.0014692048037426716
moderate,1.2,R-pool,256,seen_only_coverage90,4,0.5707009885092077,0.18538985588043339,0.956012121137982
moderate,1.2,R-pool,384,agent_site_pairs,4,384,384.0,384.0
moderate,1.2,R-pool,384,between_agent_log_median_dispersion,4,0.0,0.0,0.0
moderate,1.2,R-pool,384,biased_absolute_log_error,0,,,
moderate,1.2,R-pool,384,capacity_absolute_log_error,4,0.0002725609165009664,-4.680983270507181e-05,0.0005919316657070047
moderate,1.2,R-pool,384,clean_eligible_fraction,4,1.0,1.0,1.0
moderate,1.2,R-pool,384,coverage90,4,0.59375,0.19182176196056894,0.9956782380394311
moderate,1.2,R-pool,384,directly_seen_pairs,4,96,24.23601222660578,167.7639877733942
moderate,1.2,R-pool,384,ever_within10_fraction,4,1.0,1.0,1.0
moderate,1.2,R-pool,384,evidence_belief_messages,4,0,0.0,0.0
moderate,1.2,R-pool,384,evidence_clean_own,4,0,0.0,0.0
moderate,1.2,R-pool,384,evidence_clean_receipts,4,119442,95832.48548018013,143051.51451981987
moderate,1.2,R-pool,384,evidence_confounded,4,0,0.0,0.0
moderate,1.2,R-pool,384,evidence_duplicates,4,0,0.0,0.0
moderate,1.2,R-pool,384,evidence_eligible,4,119442,95832.48548018013,143051.51451981987
moderate,1.2,R-pool,384,evidence_new_relay,4,0,0.0,0.0
moderate,1.2,R-pool,384,mean_log_interval_width,4,0.0007686936465787573,2.7705717231311174e-05,0.0015096815759262036
moderate,1.2,R-pool,384,other_absolute_log_error,4,0.0002725609165009664,-4.680983270507181e-05,0.0005919316657070047
moderate,1.2,R-pool,384,pairs_with_posterior,4,384,384.0,384.0
moderate,1.2,R-pool,384,seen_only_absolute_log_error,4,0.00026662945938322525,-6.572374500077039e-05,0.000598982663767221
moderate,1.2,R-pool,384,seen_only_coverage90,4,0.5388595947063689,0.03873779297259372,1.038981396440144
moderate,1.2,R-pool,512,agent_site_pairs,4,384,384.0,384.0
moderate,1.2,R-pool,512,between_agent_log_median_dispersion,4,0.0,0.0,0.0
moderate,1.2,R-pool,512,biased_absolute_log_error,0,,,
moderate,1.2,R-pool,512,capacity_absolute_log_error,4,0.00025907759225730394,-8.600313142916895e-05,0.0006041583159437768
moderate,1.2,R-pool,512,clean_eligible_fraction,4,1.0,1.0,1.0
moderate,1.2,R-pool,512,coverage90,4,0.609375,0.20847340026059158,1.0102765997394085
moderate,1.2,R-pool,512,directly_seen_pairs,4,105.5,41.89750150250801,169.10249849749198
moderate,1.2,R-pool,512,ever_within10_fraction,4,1.0,1.0,1.0
moderate,1.2,R-pool,512,evidence_belief_messages,4,0,0.0,0.0
moderate,1.2,R-pool,512,evidence_clean_own,4,0,0.0,0.0
moderate,1.2,R-pool,512,evidence_clean_receipts,4,157818,128617.3259265365,187018.6740734635
moderate,1.2,R-pool,512,evidence_confounded,4,0,0.0,0.0
moderate,1.2,R-pool,512,evidence_duplicates,4,0,0.0,0.0
moderate,1.2,R-pool,512,evidence_eligible,4,157818,128617.3259265365,187018.6740734635
moderate,1.2,R-pool,512,evidence_new_relay,4,0,0.0,0.0
moderate,1.2,R-pool,512,mean_log_interval_width,4,0.0006459733695662394,-2.6786089053040872e-05,0.0013187328281855197
moderate,1.2,R-pool,512,other_absolute_log_error,4,0.00025907759225730394,-8.600313142916895e-05,0.0006041583159437768
moderate,1.2,R-pool,512,pairs_with_posterior,4,384,384.0,384.0
moderate,1.2,R-pool,512,seen_only_absolute_log_error,4,0.000242147994480532,-8.385825344100231e-05,0.0005681542424020663
moderate,1.2,R-pool,512,seen_only_coverage90,4,0.5766409528238172,0.11626600986976704,1.0370158957778675
moderate,1.6,L0,0,agent_site_pairs,4,384,384.0,384.0
moderate,1.6,L0,0,between_agent_log_median_dispersion,4,0.12416118271766949,0.10746362672537282,0.14085873870996615
moderate,1.6,L0,0,biased_absolute_log_error,0,,,
moderate,1.6,L0,0,capacity_absolute_log_error,4,0.40147371675757654,0.3967023813375627,0.4062450521775904
moderate,1.6,L0,0,clean_eligible_fraction,0,,,
moderate,1.6,L0,0,coverage90,4,1,1.0,1.0
moderate,1.6,L0,0,directly_seen_pairs,4,24,24.0,24.0
moderate,1.6,L0,0,ever_within10_fraction,4,0.18880208333333334,0.1816247933683435,0.19597937329832318
moderate,1.6,L0,0,evidence_belief_messages,4,0,0.0,0.0
moderate,1.6,L0,0,evidence_clean_own,4,0,0.0,0.0
moderate,1.6,L0,0,evidence_clean_receipts,4,0,0.0,0.0
moderate,1.6,L0,0,evidence_confounded,4,0,0.0,0.0
moderate,1.6,L0,0,evidence_duplicates,4,0,0.0,0.0
moderate,1.6,L0,0,evidence_eligible,4,0,0.0,0.0
moderate,1.6,L0,0,evidence_new_relay,4,0,0.0,0.0
moderate,1.6,L0,0,mean_log_interval_width,4,2.21430973039523,2.206875365641541,2.221744095148919
moderate,1.6,L0,0,other_absolute_log_error,4,0.40147371675757654,0.3967023813375627,0.4062450521775904
moderate,1.6,L0,0,pairs_with_posterior,4,24,24.0,24.0
moderate,1.6,L0,0,seen_only_absolute_log_error,4,0.26844400005973273,0.17743658194730888,0.3594514181721566
moderate,1.6,L0,0,seen_only_coverage90,4,1,1.0,1.0
moderate,1.6,L0,16,agent_site_pairs,4,384,384.0,384.0
moderate,1.6,L0,16,between_agent_log_median_dispersion,4,0.1536507374714037,0.14675584892227028,0.16054562602053712
moderate,1.6,L0,16,biased_absolute_log_error,0,,,
moderate,1.6,L0,16,capacity_absolute_log_error,4,0.383589431698674,0.37654374343921543,0.39063511995813255
moderate,1.6,L0,16,clean_eligible_fraction,4,0.29785650784740875,0.2550626184141226,0.3406503972806949
moderate,1.6,L0,16,coverage90,4,0.9973958333333334,0.994012426396809,1.0007792402698577
moderate,1.6,L0,16,directly_seen_pairs,4,42.25,35.96853029590662,48.53146970409338
moderate,1.6,L0,16,ever_within10_fraction,4,0.22721354166666666,0.2186708579006877,0.23575622543264563
moderate,1.6,L0,16,evidence_belief_messages,4,0,0.0,0.0
moderate,1.6,L0,16,evidence_clean_own,4,90.25,80.66956795574787,99.83043204425213
moderate,1.6,L0,16,evidence_clean_receipts,4,0,0.0,0.0
moderate,1.6,L0,16,evidence_confounded,4,213.5,185.3483886601341,241.6516113398659
moderate,1.6,L0,16,evidence_duplicates,4,0,0.0,0.0
moderate,1.6,L0,16,evidence_eligible,4,303.75,279.32675475342387,328.17324524657613
moderate,1.6,L0,16,evidence_new_relay,4,0,0.0,0.0
moderate,1.6,L0,16,mean_log_interval_width,4,2.108065381172705,2.0826947888203398,2.13343597352507
moderate,1.6,L0,16,other_absolute_log_error,4,0.383589431698674,0.37654374343921543,0.39063511995813255
moderate,1.6,L0,16,pairs_with_posterior,4,42.25,35.96853029590662,48.53146970409338
moderate,1.6,L0,16,seen_only_absolute_log_error,4,0.17220101874680802,0.1325788634586949,0.21182317403492112
moderate,1.6,L0,16,seen_only_coverage90,4,0.9765411893071467,0.9486087590795453,1.0044736195347481
moderate,1.6,L0,32,agent_site_pairs,4,384,384.0,384.0
moderate,1.6,L0,32,between_agent_log_median_dispersion,4,0.18279771277255372,0.17797627351065765,0.1876191520344498
moderate,1.6,L0,32,biased_absolute_log_error,0,,,
moderate,1.6,L0,32,capacity_absolute_log_error,4,0.373598161188299,0.3635023958163227,0.38369392656027534
moderate,1.6,L0,32,clean_eligible_fraction,4,0.34207419231144637,0.3045155348309545,0.37963284979193823
moderate,1.6,L0,32,coverage90,4,0.9928385416666666,0.9888711453624243,0.996805937970909
moderate,1.6,L0,32,directly_seen_pairs,4,66.25,58.97258189386742,73.52741810613257
moderate,1.6,L0,32,ever_within10_fraction,4,0.2526041666666667,0.23568713198404512,0.26952120134928825
moderate,1.6,L0,32,evidence_belief_messages,4,0,0.0,0.0
moderate,1.6,L0,32,evidence_clean_own,4,197.75,178.41920359421218,217.08079640578782
moderate,1.6,L0,32,evidence_clean_receipts,4,0,0.0,0.0
moderate,1.6,L0,32,evidence_confounded,4,381,338.24374209865704,423.75625790134296
moderate,1.6,L0,32,evidence_duplicates,4,0,0.0,0.0
moderate,1.6,L0,32,evidence_eligible,4,578.75,536.3231843272504,621.1768156727496
moderate,1.6,L0,32,evidence_new_relay,4,0,0.0,0.0
moderate,1.6,L0,32,mean_log_interval_width,4,2.022501299075315,1.9938960938245196,2.05110650432611
moderate,1.6,L0,32,other_absolute_log_error,4,0.373598161188299,0.3635023958163227,0.38369392656027534
moderate,1.6,L0,32,pairs_with_posterior,4,66.25,58.97258189386742,73.52741810613257
moderate,1.6,L0,32,seen_only_absolute_log_error,4,0.1787366831105861,0.14435748892403785,0.21311587729713435
moderate,1.6,L0,32,seen_only_coverage90,4,0.958715226683484,0.9374841434836034,0.9799463098833645
moderate,1.6,L0,64,agent_site_pairs,4,384,384.0,384.0
moderate,1.6,L0,64,between_agent_log_median_dispersion,4,0.21762472687653744,0.1939088867450628,0.2413405670080121
moderate,1.6,L0,64,biased_absolute_log_error,0,,,
moderate,1.6,L0,64,capacity_absolute_log_error,4,0.33755107516096705,0.32089450312880685,0.35420764719312725
moderate,1.6,L0,64,clean_eligible_fraction,4,0.34416117518752853,0.3001786245816127,0.38814372579344436
moderate,1.6,L0,64,coverage90,4,0.986328125,0.9749169612374329,0.9977392887625671
moderate,1.6,L0,64,directly_seen_pairs,4,106,80.84055286028544,131.15944713971456
moderate,1.6,L0,64,ever_within10_fraction,4,0.32291666666666663,0.2973725044687614,0.34846082886457186
moderate,1.6,L0,64,evidence_belief_messages,4,0,0.0,0.0
moderate,1.6,L0,64,evidence_clean_own,4,379,340.4148891482146,417.5851108517854
moderate,1.6,L0,64,evidence_clean_receipts,4,0,0.0,0.0
moderate,1.6,L0,64,evidence_confounded,4,723.75,640.8395368748659,806.6604631251341
moderate,1.6,L0,64,evidence_duplicates,4,0,0.0,0.0
moderate,1.6,L0,64,evidence_eligible,4,1102.75,1035.5989375501836,1169.9010624498164
moderate,1.6,L0,64,evidence_new_relay,4,0,0.0,0.0
moderate,1.6,L0,64,mean_log_interval_width,4,1.8513994096069044,1.7788830827854438,1.923915736428365
moderate,1.6,L0,64,other_absolute_log_error,4,0.33755107516096705,0.32089450312880685,0.35420764719312725
moderate,1.6,L0,64,pairs_with_posterior,4,106,80.84055286028544,131.15944713971456
moderate,1.6,L0,64,seen_only_absolute_log_error,4,0.15181591241667164,0.10235091427191279,0.2012809105614305
moderate,1.6,L0,64,seen_only_coverage90,4,0.9517603860123545,0.9158863241313319,0.9876344478933771
moderate,1.6,L0,128,agent_site_pairs,4,384,384.0,384.0
moderate,1.6,L0,128,between_agent_log_median_dispersion,4,0.24661940656840886,0.23405522529587064,0.2591835878409471
moderate,1.6,L0,128,biased_absolute_log_error,0,,,
moderate,1.6,L0,128,capacity_absolute_log_error,4,0.2986018481391075,0.264933427390163,0.332270268888052
moderate,1.6,L0,128,clean_eligible_fraction,4,0.3563620023223003,0.3083360520721048,0.4043879525724958
moderate,1.6,L0,128,coverage90,4,0.9609375,0.9403570390617588,0.9815179609382412
moderate,1.6,L0,128,directly_seen_pairs,4,158.25,126.4686617931196,190.0313382068804
moderate,1.6,L0,128,ever_within10_fraction,4,0.4055989583333333,0.36452503913683393,0.4466728775298327
moderate,1.6,L0,128,evidence_belief_messages,4,0,0.0,0.0
moderate,1.6,L0,128,evidence_clean_own,4,778,700.3717907640503,855.6282092359497
moderate,1.6,L0,128,evidence_clean_receipts,4,0,0.0,0.0
moderate,1.6,L0,128,evidence_confounded,4,1408.5,1245.953614765206,1571.046385234794
moderate,1.6,L0,128,evidence_duplicates,4,0,0.0,0.0
moderate,1.6,L0,128,evidence_eligible,4,2186.5,2090.194841892708,2282.805158107292
moderate,1.6,L0,128,evidence_new_relay,4,0,0.0,0.0
moderate,1.6,L0,128,mean_log_interval_width,4,1.5929207434971184,1.452446775405193,1.7333947115890438
moderate,1.6,L0,128,other_absolute_log_error,4,0.2986018481391075,0.264933427390163,0.332270268888052
moderate,1.6,L0,128,pairs_with_posterior,4,158.25,126.4686617931196,190.0313382068804
moderate,1.6,L0,128,seen_only_absolute_log_error,4,0.14520175888680695,0.11087908715099523,0.17952443062261866
moderate,1.6,L0,128,seen_only_coverage90,4,0.9069582848478437,0.8730770780123804,0.9408394916833069
moderate,1.6,L0,256,agent_site_pairs,4,384,384.0,384.0
moderate,1.6,L0,256,between_agent_log_median_dispersion,4,0.2613059427379506,0.24203108460724476,0.28058080086865644
moderate,1.6,L0,256,biased_absolute_log_error,0,,,
moderate,1.6,L0,256,capacity_absolute_log_error,4,0.2380709441507563,0.20198391882264033,0.2741579694788723
moderate,1.6,L0,256,clean_eligible_fraction,4,0.35203521345248406,0.3188561586993288,0.3852142682056393
moderate,1.6,L0,256,coverage90,4,0.9283854166666666,0.9043417928517109,0.9524290404816224
moderate,1.6,L0,256,directly_seen_pairs,4,234.75,202.49418886962894,267.00581113037106
moderate,1.6,L0,256,ever_within10_fraction,4,0.5247395833333334,0.4748414997695201,0.5746376668971466
moderate,1.6,L0,256,evidence_belief_messages,4,0,0.0,0.0
moderate,1.6,L0,256,evidence_clean_own,4,1509,1386.7965481885526,1631.2034518114474
moderate,1.6,L0,256,evidence_clean_receipts,4,0,0.0,0.0
moderate,1.6,L0,256,evidence_confounded,4,2779.25,2592.330941350598,2966.169058649402
moderate,1.6,L0,256,evidence_duplicates,4,0,0.0,0.0
moderate,1.6,L0,256,evidence_eligible,4,4288.25,4198.374059529931,4378.125940470069
moderate,1.6,L0,256,evidence_new_relay,4,0,0.0,0.0
moderate,1.6,L0,256,mean_log_interval_width,4,1.1976019985933906,1.0331234120891306,1.3620805850976505
moderate,1.6,L0,256,other_absolute_log_error,4,0.2380709441507563,0.20198391882264033,0.2741579694788723
moderate,1.6,L0,256,pairs_with_posterior,4,234.75,202.49418886962894,267.00581113037106
moderate,1.6,L0,256,seen_only_absolute_log_error,4,0.138026575503313,0.11618568784306844,0.15986746316355754
moderate,1.6,L0,256,seen_only_coverage90,4,0.8835831132868227,0.8571037404302114,0.910062486143434
moderate,1.6,L0,384,agent_site_pairs,4,384,384.0,384.0
moderate,1.6,L0,384,between_agent_log_median_dispersion,4,0.24167846150234767,0.2147268533581644,0.26863006964653097
moderate,1.6,L0,384,biased_absolute_log_error,0,,,
moderate,1.6,L0,384,capacity_absolute_log_error,4,0.18356100334270814,0.16038389896960237,0.2067381077158139
moderate,1.6,L0,384,clean_eligible_fraction,4,0.3513737925136856,0.33942524927333173,0.3633223357540395
moderate,1.6,L0,384,coverage90,4,0.90234375,0.8719872165829787,0.9327002834170213
moderate,1.6,L0,384,directly_seen_pairs,4,296,274.5332260431663,317.4667739568337
moderate,1.6,L0,384,ever_within10_fraction,4,0.6490885416666667,0.6209075849173452,0.6772694984159883
moderate,1.6,L0,384,evidence_belief_messages,4,0,0.0,0.0
moderate,1.6,L0,384,evidence_clean_own,4,2272.5,2205.8393337999073,2339.1606662000927
moderate,1.6,L0,384,evidence_clean_receipts,4,0,0.0,0.0
moderate,1.6,L0,384,evidence_confounded,4,4195.75,4045.396251358434,4346.103748641566
moderate,1.6,L0,384,evidence_duplicates,4,0,0.0,0.0
moderate,1.6,L0,384,evidence_eligible,4,6468.25,6323.630223823274,6612.869776176726
moderate,1.6,L0,384,evidence_new_relay,4,0,0.0,0.0
moderate,1.6,L0,384,mean_log_interval_width,4,0.8599585915467989,0.7698600646116217,0.950057118481976
moderate,1.6,L0,384,other_absolute_log_error,4,0.18356100334270814,0.16038389896960237,0.2067381077158139
moderate,1.6,L0,384,pairs_with_posterior,4,296,274.5332260431663,317.4667739568337
moderate,1.6,L0,384,seen_only_absolute_log_error,4,0.12253014515222205,0.10933435968866402,0.1357259306157801
moderate,1.6,L0,384,seen_only_coverage90,4,0.8736059828943104,0.8382854471368818,0.9089265186517389
moderate,1.6,L0,512,agent_site_pairs,4,384,384.0,384.0
moderate,1.6,L0,512,between_agent_log_median_dispersion,4,0.21220637288422792,0.1896373806863447,0.23477536508211114
moderate,1.6,L0,512,biased_absolute_log_error,0,,,
moderate,1.6,L0,512,capacity_absolute_log_error,4,0.147556714014905,0.12642358810732418,0.16868983992248582
moderate,1.6,L0,512,clean_eligible_fraction,4,0.3531215142701046,0.34755573290856184,0.3586872956316473
moderate,1.6,L0,512,coverage90,4,0.8802083333333334,0.8527214054424981,0.9076952612241687
moderate,1.6,L0,512,directly_seen_pairs,4,341.75,327.2024140179293,356.2975859820707
moderate,1.6,L0,512,ever_within10_fraction,4,0.7278645833333333,0.6956777297113972,0.7600514369552693
moderate,1.6,L0,512,evidence_belief_messages,4,0,0.0,0.0
moderate,1.6,L0,512,evidence_clean_own,4,3056.25,3001.0920601205266,3111.4079398794734
moderate,1.6,L0,512,evidence_clean_receipts,4,0,0.0,0.0
moderate,1.6,L0,512,evidence_confounded,4,5599.25,5439.691359596334,5758.808640403666
moderate,1.6,L0,512,evidence_duplicates,4,0,0.0,0.0
moderate,1.6,L0,512,evidence_eligible,4,8655.5,8460.95168394127,8850.04831605873
moderate,1.6,L0,512,evidence_new_relay,4,0,0.0,0.0
moderate,1.6,L0,512,mean_log_interval_width,4,0.6062887282161684,0.5201346836770974,0.6924427727552395
moderate,1.6,L0,512,other_absolute_log_error,4,0.147556714014905,0.12642358810732418,0.16868983992248582
moderate,1.6,L0,512,pairs_with_posterior,4,341.75,327.2024140179293,356.2975859820707
moderate,1.6,L0,512,seen_only_absolute_log_error,4,0.11550383790434986,0.10283664175030441,0.1281710340583953
moderate,1.6,L0,512,seen_only_coverage90,4,0.8656504720903648,0.8390126232221697,0.8922883209585599
moderate,1.6,R-pool,0,agent_site_pairs,4,384,384.0,384.0
moderate,1.6,R-pool,0,between_agent_log_median_dispersion,4,0.0,0.0,0.0
moderate,1.6,R-pool,0,biased_absolute_log_error,0,,,
moderate,1.6,R-pool,0,capacity_absolute_log_error,4,0.2662223392589592,0.18584554095738676,0.3465991375605317
moderate,1.6,R-pool,0,clean_eligible_fraction,0,,,
moderate,1.6,R-pool,0,coverage90,4,1,1.0,1.0
moderate,1.6,R-pool,0,directly_seen_pairs,4,24,24.0,24.0
moderate,1.6,R-pool,0,ever_within10_fraction,4,0.21875,0.11929855295986679,0.3182014470401332
moderate,1.6,R-pool,0,evidence_belief_messages,4,0,0.0,0.0
moderate,1.6,R-pool,0,evidence_clean_own,4,0,0.0,0.0
moderate,1.6,R-pool,0,evidence_clean_receipts,4,0,0.0,0.0
moderate,1.6,R-pool,0,evidence_confounded,4,0,0.0,0.0
moderate,1.6,R-pool,0,evidence_duplicates,4,0,0.0,0.0
moderate,1.6,R-pool,0,evidence_eligible,4,0,0.0,0.0
moderate,1.6,R-pool,0,evidence_new_relay,4,0,0.0,0.0
moderate,1.6,R-pool,0,mean_log_interval_width,4,1.3372595398484086,1.1971767889953209,1.4773422907014964
moderate,1.6,R-pool,0,other_absolute_log_error,4,0.2662223392589592,0.18584554095738676,0.3465991375605317
moderate,1.6,R-pool,0,pairs_with_posterior,4,384,384.0,384.0
moderate,1.6,R-pool,0,seen_only_absolute_log_error,4,0.26844400005973273,0.17743658194730888,0.3594514181721566
moderate,1.6,R-pool,0,seen_only_coverage90,4,1,1.0,1.0
moderate,1.6,R-pool,16,agent_site_pairs,4,384,384.0,384.0
moderate,1.6,R-pool,16,between_agent_log_median_dispersion,4,0.0,0.0,0.0
moderate,1.6,R-pool,16,biased_absolute_log_error,0,,,
moderate,1.6,R-pool,16,capacity_absolute_log_error,4,0.010540469905324364,0.004918470907270873,0.016162468903377854
moderate,1.6,R-pool,16,clean_eligible_fraction,4,1.0,1.0,1.0
moderate,1.6,R-pool,16,coverage90,4,0.84375,0.6533149773963652,1.0341850226036349
moderate,1.6,R-pool,16,directly_seen_pairs,4,42.75,37.33438395402466,48.16561604597534
moderate,1.6,R-pool,16,ever_within10_fraction,4,1.0,1.0,1.0
moderate,1.6,R-pool,16,evidence_belief_messages,4,0,0.0,0.0
moderate,1.6,R-pool,16,evidence_clean_own,4,0,0.0,0.0
moderate,1.6,R-pool,16,evidence_clean_receipts,4,5160,4622.628133016502,5697.371866983498
moderate,1.6,R-pool,16,evidence_confounded,4,0,0.0,0.0
moderate,1.6,R-pool,16,evidence_duplicates,4,0,0.0,0.0
moderate,1.6,R-pool,16,evidence_eligible,4,5160,4622.628133016502,5697.371866983498
moderate,1.6,R-pool,16,evidence_new_relay,4,0,0.0,0.0
moderate,1.6,R-pool,16,mean_log_interval_width,4,0.04847034244108662,0.0005741295949796346,0.0963665552871936
moderate,1.6,R-pool,16,other_absolute_log_error,4,0.010540469905324364,0.004918470907270873,0.016162468903377854
moderate,1.6,R-pool,16,pairs_with_posterior,4,384,384.0,384.0
moderate,1.6,R-pool,16,seen_only_absolute_log_error,4,0.010145162410209468,0.006553903935972464,0.013736420884446472
moderate,1.6,R-pool,16,seen_only_coverage90,4,0.8366779497098646,0.6575059462103032,1.015849953209426
moderate,1.6,R-pool,32,agent_site_pairs,4,384,384.0,384.0
moderate,1.6,R-pool,32,between_agent_log_median_dispersion,4,0.0,0.0,0.0
moderate,1.6,R-pool,32,biased_absolute_log_error,0,,,
moderate,1.6,R-pool,32,capacity_absolute_log_error,4,0.005515398776620752,-5.781271067411761e-05,0.011088610263915622
moderate,1.6,R-pool,32,clean_eligible_fraction,4,1.0,1.0,1.0
moderate,1.6,R-pool,32,coverage90,4,0.875,0.7601633605601625,0.9898366394398375
moderate,1.6,R-pool,32,directly_seen_pairs,4,66.75,42.815443575441755,90.68455642455825
moderate,1.6,R-pool,32,ever_within10_fraction,4,1.0,1.0,1.0
moderate,1.6,R-pool,32,evidence_belief_messages,4,0,0.0,0.0
moderate,1.6,R-pool,32,evidence_clean_own,4,0,0.0,0.0
moderate,1.6,R-pool,32,evidence_clean_receipts,4,9816,8499.343847034224,11132.656152965776
moderate,1.6,R-pool,32,evidence_confounded,4,0,0.0,0.0
moderate,1.6,R-pool,32,evidence_duplicates,4,0,0.0,0.0
moderate,1.6,R-pool,32,evidence_eligible,4,9816,8499.343847034224,11132.656152965776
moderate,1.6,R-pool,32,evidence_new_relay,4,0,0.0,0.0
moderate,1.6,R-pool,32,mean_log_interval_width,4,0.030900865233143674,-0.019642784138228803,0.08144451460451615
moderate,1.6,R-pool,32,other_absolute_log_error,4,0.005515398776620752,-5.781271067411761e-05,0.011088610263915622
moderate,1.6,R-pool,32,pairs_with_posterior,4,384,384.0,384.0
moderate,1.6,R-pool,32,seen_only_absolute_log_error,4,0.005101212471348745,0.0018885004855141588,0.00831392445718333
moderate,1.6,R-pool,32,seen_only_coverage90,4,0.8809227161324842,0.7820029167040717,0.9798425155608966
moderate,1.6,R-pool,64,agent_site_pairs,4,384,384.0,384.0
moderate,1.6,R-pool,64,between_agent_log_median_dispersion,4,0.0,0.0,0.0
moderate,1.6,R-pool,64,biased_absolute_log_error,0,,,
moderate,1.6,R-pool,64,capacity_absolute_log_error,4,0.0030799544742006364,0.0003738058563930685,0.005786103092008204
moderate,1.6,R-pool,64,clean_eligible_fraction,4,1.0,1.0,1.0
moderate,1.6,R-pool,64,coverage90,4,0.75,0.6687982335234164,0.8312017664765836
moderate,1.6,R-pool,64,directly_seen_pairs,4,103.25,62.13655848917184,144.36344151082815
moderate,1.6,R-pool,64,ever_within10_fraction,4,1.0,1.0,1.0
moderate,1.6,R-pool,64,evidence_belief_messages,4,0,0.0,0.0
moderate,1.6,R-pool,64,evidence_clean_own,4,0,0.0,0.0
moderate,1.6,R-pool,64,evidence_clean_receipts,4,18216,15169.296701841673,21262.70329815833
moderate,1.6,R-pool,64,evidence_confounded,4,0,0.0,0.0
moderate,1.6,R-pool,64,evidence_duplicates,4,0,0.0,0.0
moderate,1.6,R-pool,64,evidence_eligible,4,18216,15169.296701841673,21262.70329815833
moderate,1.6,R-pool,64,evidence_new_relay,4,0,0.0,0.0
moderate,1.6,R-pool,64,mean_log_interval_width,4,0.02042700013916687,-0.015566832350778877,0.05642083262911261
moderate,1.6,R-pool,64,other_absolute_log_error,4,0.0030799544742006364,0.0003738058563930685,0.005786103092008204
moderate,1.6,R-pool,64,pairs_with_posterior,4,384,384.0,384.0
moderate,1.6,R-pool,64,seen_only_absolute_log_error,4,0.002780266434561382,0.0006846661186544426,0.004875866750468322
moderate,1.6,R-pool,64,seen_only_coverage90,4,0.7717105263157895,0.6935494481734268,0.8498716044581522
moderate,1.6,R-pool,128,agent_site_pairs,4,384,384.0,384.0
moderate,1.6,R-pool,128,between_agent_log_median_dispersion,4,0.0,0.0,0.0
moderate,1.6,R-pool,128,biased_absolute_log_error,0,,,
moderate,1.6,R-pool,128,capacity_absolute_log_error,4,0.0015810850060449988,0.0005105758128722405,0.002651594199217757
moderate,1.6,R-pool,128,clean_eligible_fraction,4,1.0,1.0,1.0
moderate,1.6,R-pool,128,coverage90,4,0.671875,0.451355758816793,0.892394241183207
moderate,1.6,R-pool,128,directly_seen_pairs,4,161.25,91.77620583725333,230.72379416274669
moderate,1.6,R-pool,128,ever_within10_fraction,4,1.0,1.0,1.0
moderate,1.6,R-pool,128,evidence_belief_messages,4,0,0.0,0.0
moderate,1.6,R-pool,128,evidence_clean_own,4,0,0.0,0.0
moderate,1.6,R-pool,128,evidence_clean_receipts,4,34356,29030.855285644677,39681.14471435532
moderate,1.6,R-pool,128,evidence_confounded,4,0,0.0,0.0
moderate,1.6,R-pool,128,evidence_duplicates,4,0,0.0,0.0
moderate,1.6,R-pool,128,evidence_eligible,4,34356,29030.855285644677,39681.14471435532
moderate,1.6,R-pool,128,evidence_new_relay,4,0,0.0,0.0
moderate,1.6,R-pool,128,mean_log_interval_width,4,0.014558706603558527,-0.01911045152754068,0.04822786473465773
moderate,1.6,R-pool,128,other_absolute_log_error,4,0.0015810850060449988,0.0005105758128722405,0.002651594199217757
moderate,1.6,R-pool,128,pairs_with_posterior,4,384,384.0,384.0
moderate,1.6,R-pool,128,seen_only_absolute_log_error,4,0.0014123877011169939,0.0004975827440978884,0.002327192658136099
moderate,1.6,R-pool,128,seen_only_coverage90,4,0.7041552994754143,0.4541645763010326,0.9541460226497961
moderate,1.6,R-pool,256,agent_site_pairs,4,384,384.0,384.0
moderate,1.6,R-pool,256,between_agent_log_median_dispersion,4,0.0,0.0,0.0
moderate,1.6,R-pool,256,biased_absolute_log_error,0,,,
moderate,1.6,R-pool,256,capacity_absolute_log_error,4,0.0007906723551622831,0.0002569079250244507,0.0013244367853001155
moderate,1.6,R-pool,256,clean_eligible_fraction,4,1.0,1.0,1.0
moderate,1.6,R-pool,256,coverage90,4,0.53125,0.19155863952543883,0.8709413604745612
moderate,1.6,R-pool,256,directly_seen_pairs,4,225.75,141.59675783080263,309.90324216919737
moderate,1.6,R-pool,256,ever_within10_fraction,4,1.0,1.0,1.0
moderate,1.6,R-pool,256,evidence_belief_messages,4,0,0.0,0.0
moderate,1.6,R-pool,256,evidence_clean_own,4,0,0.0,0.0
moderate,1.6,R-pool,256,evidence_clean_receipts,4,66438,58482.97143472967,74393.02856527033
moderate,1.6,R-pool,256,evidence_confounded,4,0,0.0,0.0
moderate,1.6,R-pool,256,evidence_duplicates,4,0,0.0,0.0
moderate,1.6,R-pool,256,evidence_eligible,4,66438,58482.97143472967,74393.02856527033
moderate,1.6,R-pool,256,evidence_new_relay,4,0,0.0,0.0
moderate,1.6,R-pool,256,mean_log_interval_width,4,0.0019748749456878884,0.0009007929994383677,0.003048956891937409
moderate,1.6,R-pool,256,other_absolute_log_error,4,0.0007906723551622831,0.0002569079250244507,0.0013244367853001155
moderate,1.6,R-pool,256,pairs_with_posterior,4,384,384.0,384.0
moderate,1.6,R-pool,256,seen_only_absolute_log_error,4,0.000714435403444952,0.0003498817270513368,0.001078989079838567
moderate,1.6,R-pool,256,seen_only_coverage90,4,0.5476993753767028,0.1958724031619931,0.8995263475914124
moderate,1.6,R-pool,384,agent_site_pairs,4,384,384.0,384.0
moderate,1.6,R-pool,384,between_agent_log_median_dispersion,4,0.0,0.0,0.0
moderate,1.6,R-pool,384,biased_absolute_log_error,0,,,
moderate,1.6,R-pool,384,capacity_absolute_log_error,4,0.00039545054834379245,0.0003196715844190914,0.0004712295122684935
moderate,1.6,R-pool,384,clean_eligible_fraction,4,1.0,1.0,1.0
moderate,1.6,R-pool,384,coverage90,4,0.515625,0.2186551412507945,0.8125948587492056
moderate,1.6,R-pool,384,directly_seen_pairs,4,268.5,198.37175494137915,338.62824505862085
moderate,1.6,R-pool,384,ever_within10_fraction,4,1.0,1.0,1.0
moderate,1.6,R-pool,384,evidence_belief_messages,4,0,0.0,0.0
moderate,1.6,R-pool,384,evidence_clean_own,4,0,0.0,0.0
moderate,1.6,R-pool,384,evidence_clean_receipts,4,97074,91355.24759251783,102792.75240748217
moderate,1.6,R-pool,384,evidence_confounded,4,0,0.0,0.0
moderate,1.6,R-pool,384,evidence_duplicates,4,0,0.0,0.0
moderate,1.6,R-pool,384,evidence_eligible,4,97074,91355.24759251783,102792.75240748217
moderate,1.6,R-pool,384,evidence_new_relay,4,0,0.0,0.0
moderate,1.6,R-pool,384,mean_log_interval_width,4,0.0009805209202406757,0.0007755299529123793,0.001185511887568972
moderate,1.6,R-pool,384,other_absolute_log_error,4,0.00039545054834379245,0.0003196715844190914,0.0004712295122684935
moderate,1.6,R-pool,384,pairs_with_posterior,4,384,384.0,384.0
moderate,1.6,R-pool,384,seen_only_absolute_log_error,4,0.0003877879304086311,0.00029242372670822044,0.0004831521341090418
moderate,1.6,R-pool,384,seen_only_coverage90,4,0.5342439887486895,0.23591428835249556,0.8325736891448834
moderate,1.6,R-pool,512,agent_site_pairs,4,384,384.0,384.0
moderate,1.6,R-pool,512,between_agent_log_median_dispersion,4,0.0,0.0,0.0
moderate,1.6,R-pool,512,biased_absolute_log_error,0,,,
moderate,1.6,R-pool,512,capacity_absolute_log_error,4,0.0002723314712593019,0.0001752928087866543,0.00036937013373194945
moderate,1.6,R-pool,512,clean_eligible_fraction,4,1.0,1.0,1.0
moderate,1.6,R-pool,512,coverage90,4,0.53125,0.22204288535949657,0.8404571146405034
moderate,1.6,R-pool,512,directly_seen_pairs,4,305.25,248.15228053418426,362.34771946581577
moderate,1.6,R-pool,512,ever_within10_fraction,4,1.0,1.0,1.0
moderate,1.6,R-pool,512,evidence_belief_messages,4,0,0.0,0.0
moderate,1.6,R-pool,512,evidence_clean_own,4,0,0.0,0.0
moderate,1.6,R-pool,512,evidence_clean_receipts,4,127938,122686.68586285732,133189.31413714268
moderate,1.6,R-pool,512,evidence_confounded,4,0,0.0,0.0
moderate,1.6,R-pool,512,evidence_duplicates,4,0,0.0,0.0
moderate,1.6,R-pool,512,evidence_eligible,4,127938,122686.68586285732,133189.31413714268
moderate,1.6,R-pool,512,evidence_new_relay,4,0,0.0,0.0
moderate,1.6,R-pool,512,mean_log_interval_width,4,0.0006752573748489917,0.0004539022980617755,0.0008966124516362078
moderate,1.6,R-pool,512,other_absolute_log_error,4,0.0002723314712593019,0.0001752928087866543,0.00036937013373194945
moderate,1.6,R-pool,512,pairs_with_posterior,4,384,384.0,384.0
moderate,1.6,R-pool,512,seen_only_absolute_log_error,4,0.0002710465203305726,0.00019453397134907064,0.00034755906931207463
moderate,1.6,R-pool,512,seen_only_coverage90,4,0.5415964041147354,0.2513533124410722,0.8318394957883987
wide,1.2,L0,0,agent_site_pairs,4,384,384.0,384.0
wide,1.2,L0,0,between_agent_log_median_dispersion,4,0.11244001085375759,0.102073446591835,0.12280657511568017
wide,1.2,L0,0,biased_absolute_log_error,0,,,
wide,1.2,L0,0,capacity_absolute_log_error,4,0.6667254234207544,0.6614648521534287,0.6719859946880801
wide,1.2,L0,0,clean_eligible_fraction,0,,,
wide,1.2,L0,0,coverage90,4,1,1.0,1.0
wide,1.2,L0,0,directly_seen_pairs,4,24,24.0,24.0
wide,1.2,L0,0,ever_within10_fraction,4,0.013671875,0.00040520893769903366,0.026938541062300966
wide,1.2,L0,0,evidence_belief_messages,4,0,0.0,0.0
wide,1.2,L0,0,evidence_clean_own,4,0,0.0,0.0
wide,1.2,L0,0,evidence_clean_receipts,4,0,0.0,0.0
wide,1.2,L0,0,evidence_confounded,4,0,0.0,0.0
wide,1.2,L0,0,evidence_duplicates,4,0,0.0,0.0
wide,1.2,L0,0,evidence_eligible,4,0,0.0,0.0
wide,1.2,L0,0,evidence_new_relay,4,0,0.0,0.0
wide,1.2,L0,0,mean_log_interval_width,4,2.2199906451213827,2.2151693119525797,2.2248119782901856
wide,1.2,L0,0,other_absolute_log_error,4,0.6667254234207544,0.6614648521534287,0.6719859946880801
wide,1.2,L0,0,pairs_with_posterior,4,24,24.0,24.0
wide,1.2,L0,0,seen_only_absolute_log_error,4,0.43868381550746494,0.34420972040071574,0.5331579106142141
wide,1.2,L0,0,seen_only_coverage90,4,1,1.0,1.0
wide,1.2,L0,16,agent_site_pairs,4,384,384.0,384.0
wide,1.2,L0,16,between_agent_log_median_dispersion,4,0.19887256037289738,0.18489430372072005,0.21285081702507472
wide,1.2,L0,16,biased_absolute_log_error,0,,,
wide,1.2,L0,16,capacity_absolute_log_error,4,0.6333676330520421,0.6268875845161422,0.639847681587942
wide,1.2,L0,16,clean_eligible_fraction,4,0.27962659637734477,0.20141337001654647,0.3578398227381431
wide,1.2,L0,16,coverage90,4,0.9973958333333334,0.994012426396809,1.0007792402698577
wide,1.2,L0,16,directly_seen_pairs,4,39.5,34.55268616575194,44.44731383424806
wide,1.2,L0,16,ever_within10_fraction,4,0.06315104166666667,0.0512488527539395,0.07505323057939385
wide,1.2,L0,16,evidence_belief_messages,4,0,0.0,0.0
wide,1.2,L0,16,evidence_clean_own,4,88.5,65.05981925482556,111.94018074517444
wide,1.2,L0,16,evidence_clean_receipts,4,0,0.0,0.0
wide,1.2,L0,16,evidence_confounded,4,228.5,197.3591490235708,259.6408509764292
wide,1.2,L0,16,evidence_duplicates,4,0,0.0,0.0
wide,1.2,L0,16,evidence_eligible,4,317,301.3552199841154,332.6447800158846
wide,1.2,L0,16,evidence_new_relay,4,0,0.0,0.0
wide,1.2,L0,16,mean_log_interval_width,4,2.114090131628637,2.104596017754002,2.1235842455032716
wide,1.2,L0,16,other_absolute_log_error,4,0.6333676330520421,0.6268875845161422,0.639847681587942
wide,1.2,L0,16,pairs_with_posterior,4,39.5,34.55268616575194,44.44731383424806
wide,1.2,L0,16,seen_only_absolute_log_error,4,0.21773288114590422,0.16376318179403987,0.2717025804977686
wide,1.2,L0,16,seen_only_coverage90,4,0.974930590799176,0.9406558401993751,1.0092053413989768
wide,1.2,L0,32,agent_site_pairs,4,384,384.0,384.0
wide,1.2,L0,32,between_agent_log_median_dispersion,4,0.2155838840876932,0.2120258069784044,0.21914196119698198
wide,1.2,L0,32,biased_absolute_log_error,0,,,
wide,1.2,L0,32,capacity_absolute_log_error,4,0.624388920247657,0.6160892257162341,0.6326886147790799
wide,1.2,L0,32,clean_eligible_fraction,4,0.24462643150458252,0.19699117809940506,0.29226168490976
wide,1.2,L0,32,coverage90,4,0.994140625,0.9889264447256868,0.9993548052743132
wide,1.2,L0,32,directly_seen_pairs,4,45.75,39.60436190762586,51.89563809237414
wide,1.2,L0,32,ever_within10_fraction,4,0.07747395833333334,0.06420729227103238,0.09074062439563431
wide,1.2,L0,32,evidence_belief_messages,4,0,0.0,0.0
wide,1.2,L0,32,evidence_clean_own,4,159.5,133.1765965298616,185.8234034701384
wide,1.2,L0,32,evidence_clean_receipts,4,0,0.0,0.0
wide,1.2,L0,32,evidence_confounded,4,493.75,444.8538588794525,542.6461411205476
wide,1.2,L0,32,evidence_duplicates,4,0,0.0,0.0
wide,1.2,L0,32,evidence_eligible,4,653.25,625.800439750195,680.699560249805
wide,1.2,L0,32,evidence_new_relay,4,0,0.0,0.0
wide,1.2,L0,32,mean_log_interval_width,4,2.0855910935496995,2.0701248784799557,2.1010573086194433
wide,1.2,L0,32,other_absolute_log_error,4,0.624388920247657,0.6160892257162341,0.6326886147790799
wide,1.2,L0,32,pairs_with_posterior,4,45.75,39.60436190762586,51.89563809237414
wide,1.2,L0,32,seen_only_absolute_log_error,4,0.20667463069960607,0.16779858745630366,0.24555067394290847
wide,1.2,L0,32,seen_only_coverage90,4,0.9506468595343276,0.9045594443110017,0.9967342747576535
wide,1.2,L0,64,agent_site_pairs,4,384,384.0,384.0
wide,1.2,L0,64,between_agent_log_median_dispersion,4,0.24248855299761007,0.22432903538549398,0.26064807060972617
wide,1.2,L0,64,biased_absolute_log_error,0,,,
wide,1.2,L0,64,capacity_absolute_log_error,4,0.6061676589242556,0.5928142505124847,0.6195210673360265
wide,1.2,L0,64,clean_eligible_fraction,4,0.2225407304720525,0.1878084346966096,0.25727302624749543
wide,1.2,L0,64,coverage90,4,0.990234375,0.9881624698533306,0.9923062801466694
wide,1.2,L0,64,directly_seen_pairs,4,59.75,50.169567955747866,69.33043204425213
wide,1.2,L0,64,ever_within10_fraction,4,0.09895833333333334,0.08137763518311009,0.1165390314835566
wide,1.2,L0,64,evidence_belief_messages,4,0,0.0,0.0
wide,1.2,L0,64,evidence_clean_own,4,295.75,260.2314896668012,331.2685103331988
wide,1.2,L0,64,evidence_clean_receipts,4,0,0.0,0.0
wide,1.2,L0,64,evidence_confounded,4,1035.5,949.5493973522626,1121.4506026477372
wide,1.2,L0,64,evidence_duplicates,4,0,0.0,0.0
wide,1.2,L0,64,evidence_eligible,4,1331.25,1278.26163189446,1384.23836810554
wide,1.2,L0,64,evidence_new_relay,4,0,0.0,0.0
wide,1.2,L0,64,mean_log_interval_width,4,2.017730655683213,1.9687915649111742,2.0666697464552515
wide,1.2,L0,64,other_absolute_log_error,4,0.6061676589242556,0.5928142505124847,0.6195210673360265
wide,1.2,L0,64,pairs_with_posterior,4,59.75,50.169567955747866,69.33043204425213
wide,1.2,L0,64,seen_only_absolute_log_error,4,0.19833820497739585,0.18445969729398753,0.21221671266080416
wide,1.2,L0,64,seen_only_coverage90,4,0.9371947024423805,0.9264164944619393,0.9479729104228216
wide,1.2,L0,128,agent_site_pairs,4,384,384.0,384.0
wide,1.2,L0,128,between_agent_log_median_dispersion,4,0.2697939560933784,0.2506569663891238,0.288930945797633
wide,1.2,L0,128,biased_absolute_log_error,0,,,
wide,1.2,L0,128,capacity_absolute_log_error,4,0.5890676709255454,0.5708805436342337,0.607254798216857
wide,1.2,L0,128,clean_eligible_fraction,4,0.20040472438834708,0.18609801356230632,0.21471143521438785
wide,1.2,L0,128,coverage90,4,0.984375,0.9754233466618257,0.9933266533381743
wide,1.2,L0,128,directly_seen_pairs,4,72.25,59.10433934552269,85.39566065447731
wide,1.2,L0,128,ever_within10_fraction,4,0.125,0.09814503998547727,0.15185496001452273
wide,1.2,L0,128,evidence_belief_messages,4,0,0.0,0.0
wide,1.2,L0,128,evidence_clean_own,4,558.5,526.0843199142096,590.9156800857904
wide,1.2,L0,128,evidence_clean_receipts,4,0,0.0,0.0
wide,1.2,L0,128,evidence_confounded,4,2229.5,2129.0594871323633,2329.9405128676367
wide,1.2,L0,128,evidence_duplicates,4,0,0.0,0.0
wide,1.2,L0,128,evidence_eligible,4,2788,2699.30923149801,2876.69076850199
wide,1.2,L0,128,evidence_new_relay,4,0,0.0,0.0
wide,1.2,L0,128,mean_log_interval_width,4,1.956743120783824,1.8869660130554862,2.0265202285121617
wide,1.2,L0,128,other_absolute_log_error,4,0.5890676709255454,0.5708805436342337,0.607254798216857
wide,1.2,L0,128,pairs_with_posterior,4,72.25,59.10433934552269,85.39566065447731
wide,1.2,L0,128,seen_only_absolute_log_error,4,0.19301256081598883,0.15917858400830465,0.22684653762367302
wide,1.2,L0,128,seen_only_coverage90,4,0.917352198211446,0.8700442493500785,0.9646601470728134
wide,1.2,L0,256,agent_site_pairs,4,384,384.0,384.0
wide,1.2,L0,256,between_agent_log_median_dispersion,4,0.299271919659283,0.2638341819834646,0.33470965733510144
wide,1.2,L0,256,biased_absolute_log_error,0,,,
wide,1.2,L0,256,capacity_absolute_log_error,4,0.5625904525128365,0.5038497548405103,0.6213311501851626
wide,1.2,L0,256,clean_eligible_fraction,4,0.19523416308895455,0.17182259929354443,0.21864572688436468
wide,1.2,L0,256,coverage90,4,0.9713541666666666,0.9486575829498286,0.9940507503835047
wide,1.2,L0,256,directly_seen_pairs,4,93,60.91142899081085,125.08857100918915
wide,1.2,L0,256,ever_within10_fraction,4,0.15494791666666666,0.08947221723896859,0.22042361609436473
wide,1.2,L0,256,evidence_belief_messages,4,0,0.0,0.0
wide,1.2,L0,256,evidence_clean_own,4,1119.75,976.4552234060859,1263.044776593914
wide,1.2,L0,256,evidence_clean_receipts,4,0,0.0,0.0
wide,1.2,L0,256,evidence_confounded,4,4614.5,4469.535582602331,4759.464417397669
wide,1.2,L0,256,evidence_duplicates,4,0,0.0,0.0
wide,1.2,L0,256,evidence_eligible,4,5734.25,5610.7113927384335,5857.7886072615665
wide,1.2,L0,256,evidence_new_relay,4,0,0.0,0.0
wide,1.2,L0,256,mean_log_interval_width,4,1.8697228131003807,1.7230834306277552,2.016362195573006
wide,1.2,L0,256,other_absolute_log_error,4,0.5625904525128365,0.5038497548405103,0.6213311501851626
wide,1.2,L0,256,pairs_with_posterior,4,93,60.91142899081085,125.08857100918915
wide,1.2,L0,256,seen_only_absolute_log_error,4,0.2080237184413987,0.16828090340914095,0.24776653347365643
wide,1.2,L0,256,seen_only_coverage90,4,0.8848971218868547,0.7973974567886627,0.9723967869850466
wide,1.2,L0,384,agent_site_pairs,4,384,384.0,384.0
wide,1.2,L0,384,between_agent_log_median_dispersion,4,0.31622996488664595,0.2771623513774287,0.35529757839586323
wide,1.2,L0,384,biased_absolute_log_error,0,,,
wide,1.2,L0,384,capacity_absolute_log_error,4,0.5361484050666435,0.4505371297657949,0.6217596803674921
wide,1.2,L0,384,clean_eligible_fraction,4,0.18806677019137413,0.17071968964291664,0.20541385073983162
wide,1.2,L0,384,coverage90,4,0.9596354166666667,0.9205427885444858,0.9987280447888477
wide,1.2,L0,384,directly_seen_pairs,4,113.25,64.94429828968016,161.55570171031985
wide,1.2,L0,384,ever_within10_fraction,4,0.18489583333333334,0.08429991309628378,0.2854917535703829
wide,1.2,L0,384,evidence_belief_messages,4,0,0.0,0.0
wide,1.2,L0,384,evidence_clean_own,4,1633,1475.7933801013342,1790.2066198986658
wide,1.2,L0,384,evidence_clean_receipts,4,0,0.0,0.0
wide,1.2,L0,384,evidence_confounded,4,7049.5,6874.16434418446,7224.83565581554
wide,1.2,L0,384,evidence_duplicates,4,0,0.0,0.0
wide,1.2,L0,384,evidence_eligible,4,8682.5,8541.50828997799,8823.49171002201
wide,1.2,L0,384,evidence_new_relay,4,0,0.0,0.0
wide,1.2,L0,384,mean_log_interval_width,4,1.781732245092246,1.5537184137810387,2.009746076403453
wide,1.2,L0,384,other_absolute_log_error,4,0.5361484050666435,0.4505371297657949,0.6217596803674921
wide,1.2,L0,384,pairs_with_posterior,4,113.25,64.94429828968016,161.55570171031985
wide,1.2,L0,384,seen_only_absolute_log_error,4,0.21150471086377826,0.1658740437469512,0.2571353779806053
wide,1.2,L0,384,seen_only_coverage90,4,0.8720485805551786,0.7530905691576264,0.9910065919527309
wide,1.2,L0,512,agent_site_pairs,4,384,384.0,384.0
wide,1.2,L0,512,between_agent_log_median_dispersion,4,0.33742593159681045,0.30002791977492943,0.37482394341869146
wide,1.2,L0,512,biased_absolute_log_error,0,,,
wide,1.2,L0,512,capacity_absolute_log_error,4,0.5092605348086304,0.4272900360307291,0.5912310335865317
wide,1.2,L0,512,clean_eligible_fraction,4,0.19457884919981372,0.17395069121867582,0.21520700718095162
wide,1.2,L0,512,coverage90,4,0.947265625,0.9052275596823929,0.9893036903176071
wide,1.2,L0,512,directly_seen_pairs,4,130,85.8835951669183,174.1164048330817
wide,1.2,L0,512,ever_within10_fraction,4,0.21223958333333334,0.11230013376705622,0.31217903289961046
wide,1.2,L0,512,evidence_belief_messages,4,0,0.0,0.0
wide,1.2,L0,512,evidence_clean_own,4,2263.5,2015.0058240638064,2511.9941759361936
wide,1.2,L0,512,evidence_clean_receipts,4,0,0.0,0.0
wide,1.2,L0,512,evidence_confounded,4,9368,9156.52889751077,9579.47110248923
wide,1.2,L0,512,evidence_duplicates,4,0,0.0,0.0
wide,1.2,L0,512,evidence_eligible,4,11631.5,11560.975716524908,11702.024283475092
wide,1.2,L0,512,evidence_new_relay,4,0,0.0,0.0
wide,1.2,L0,512,mean_log_interval_width,4,1.6989718499295496,1.4863007261311396,1.9116429737279597
wide,1.2,L0,512,other_absolute_log_error,4,0.5092605348086304,0.4272900360307291,0.5912310335865317
wide,1.2,L0,512,pairs_with_posterior,4,130,85.8835951669183,174.1164048330817
wide,1.2,L0,512,seen_only_absolute_log_error,4,0.2052386934116106,0.14805054641295512,0.2624268404102661
wide,1.2,L0,512,seen_only_coverage90,4,0.8520449405753436,0.7566940515691095,0.9473958295815778
wide,1.2,R-pool,0,agent_site_pairs,4,384,384.0,384.0
wide,1.2,R-pool,0,between_agent_log_median_dispersion,4,0.0,0.0,0.0
wide,1.2,R-pool,0,biased_absolute_log_error,0,,,
wide,1.2,R-pool,0,capacity_absolute_log_error,4,0.4418945407806656,0.3727286999394045,0.5110603816219267
wide,1.2,R-pool,0,clean_eligible_fraction,0,,,
wide,1.2,R-pool,0,coverage90,4,1,1.0,1.0
wide,1.2,R-pool,0,directly_seen_pairs,4,24,24.0,24.0
wide,1.2,R-pool,0,ever_within10_fraction,4,0.21875,0.046495040840243834,0.3910049591597562
wide,1.2,R-pool,0,evidence_belief_messages,4,0,0.0,0.0
wide,1.2,R-pool,0,evidence_clean_own,4,0,0.0,0.0
wide,1.2,R-pool,0,evidence_clean_receipts,4,0,0.0,0.0
wide,1.2,R-pool,0,evidence_confounded,4,0,0.0,0.0
wide,1.2,R-pool,0,evidence_duplicates,4,0,0.0,0.0
wide,1.2,R-pool,0,evidence_eligible,4,0,0.0,0.0
wide,1.2,R-pool,0,evidence_new_relay,4,0,0.0,0.0
wide,1.2,R-pool,0,mean_log_interval_width,4,1.4237374646752476,1.3277540152843725,1.5197209140661228
wide,1.2,R-pool,0,other_absolute_log_error,4,0.4418945407806656,0.3727286999394045,0.5110603816219267
wide,1.2,R-pool,0,pairs_with_posterior,4,384,384.0,384.0
wide,1.2,R-pool,0,seen_only_absolute_log_error,4,0.43868381550746494,0.34420972040071574,0.5331579106142141
wide,1.2,R-pool,0,seen_only_coverage90,4,1,1.0,1.0
wide,1.2,R-pool,16,agent_site_pairs,4,384,384.0,384.0
wide,1.2,R-pool,16,between_agent_log_median_dispersion,4,0.0,0.0,0.0
wide,1.2,R-pool,16,biased_absolute_log_error,0,,,
wide,1.2,R-pool,16,capacity_absolute_log_error,4,0.009465121478471774,0.008021992436191219,0.01090825052075233
wide,1.2,R-pool,16,clean_eligible_fraction,4,1.0,1.0,1.0
wide,1.2,R-pool,16,coverage90,4,0.890625,0.7207793197627195,1.0604706802372805
wide,1.2,R-pool,16,directly_seen_pairs,4,37.75,32.18071896575254,43.31928103424746
wide,1.2,R-pool,16,ever_within10_fraction,4,1.0,1.0,1.0
wide,1.2,R-pool,16,evidence_belief_messages,4,0,0.0,0.0
wide,1.2,R-pool,16,evidence_clean_own,4,0,0.0,0.0
wide,1.2,R-pool,16,evidence_clean_receipts,4,5142,4897.717444847949,5386.282555152051
wide,1.2,R-pool,16,evidence_confounded,4,0,0.0,0.0
wide,1.2,R-pool,16,evidence_duplicates,4,0,0.0,0.0
wide,1.2,R-pool,16,evidence_eligible,4,5142,4897.717444847949,5386.282555152051
wide,1.2,R-pool,16,evidence_new_relay,4,0,0.0,0.0
wide,1.2,R-pool,16,mean_log_interval_width,4,0.03329061131935344,0.016796118597322978,0.04978510404138389
wide,1.2,R-pool,16,other_absolute_log_error,4,0.009465121478471774,0.008021992436191219,0.01090825052075233
wide,1.2,R-pool,16,pairs_with_posterior,4,384,384.0,384.0
wide,1.2,R-pool,16,seen_only_absolute_log_error,4,0.010773333900263986,0.008816546958988487,0.012730120841539485
wide,1.2,R-pool,16,seen_only_coverage90,4,0.8586780866192631,0.6268199361767047,1.0905362370618217
wide,1.2,R-pool,32,agent_site_pairs,4,384,384.0,384.0
wide,1.2,R-pool,32,between_agent_log_median_dispersion,4,0.0,0.0,0.0
wide,1.2,R-pool,32,biased_absolute_log_error,0,,,
wide,1.2,R-pool,32,capacity_absolute_log_error,4,0.0047109074182599435,0.002341245580786024,0.007080569255733863
wide,1.2,R-pool,32,clean_eligible_fraction,4,1.0,1.0,1.0
wide,1.2,R-pool,32,coverage90,4,0.9375,0.8562982335234164,1.0187017664765836
wide,1.2,R-pool,32,directly_seen_pairs,4,45.25,34.988975158272126,55.511024841727874
wide,1.2,R-pool,32,ever_within10_fraction,4,1.0,1.0,1.0
wide,1.2,R-pool,32,evidence_belief_messages,4,0,0.0,0.0
wide,1.2,R-pool,32,evidence_clean_own,4,0,0.0,0.0
wide,1.2,R-pool,32,evidence_clean_receipts,4,9588,8650.219955293423,10525.780044706577
wide,1.2,R-pool,32,evidence_confounded,4,0,0.0,0.0
wide,1.2,R-pool,32,evidence_duplicates,4,0,0.0,0.0
wide,1.2,R-pool,32,evidence_eligible,4,9588,8650.219955293423,10525.780044706577
wide,1.2,R-pool,32,evidence_new_relay,4,0,0.0,0.0
wide,1.2,R-pool,32,mean_log_interval_width,4,0.018490100010023998,0.012756378793540933,0.024223821226507063
wide,1.2,R-pool,32,other_absolute_log_error,4,0.0047109074182599435,0.002341245580786024,0.007080569255733863
wide,1.2,R-pool,32,pairs_with_posterior,4,384,384.0,384.0
wide,1.2,R-pool,32,seen_only_absolute_log_error,4,0.004593711913627665,0.0021242619437354393,0.007063161883519891
wide,1.2,R-pool,32,seen_only_coverage90,4,0.9427612481857764,0.8754444291148841,1.010078067256669
wide,1.2,R-pool,64,agent_site_pairs,4,384,384.0,384.0
wide,1.2,R-pool,64,between_agent_log_median_dispersion,4,0.0,0.0,0.0
wide,1.2,R-pool,64,biased_absolute_log_error,0,,,
wide,1.2,R-pool,64,capacity_absolute_log_error,4,0.0028899023591365948,0.0010605622381137465,0.004719242480159443
wide,1.2,R-pool,64,clean_eligible_fraction,4,1.0,1.0,1.0
wide,1.2,R-pool,64,coverage90,4,0.84375,0.7153587339524451,0.9721412660475549
wide,1.2,R-pool,64,directly_seen_pairs,4,61.75,39.195195275457344,84.30480472454266
wide,1.2,R-pool,64,ever_within10_fraction,4,1.0,1.0,1.0
wide,1.2,R-pool,64,evidence_belief_messages,4,0,0.0,0.0
wide,1.2,R-pool,64,evidence_clean_own,4,0,0.0,0.0
wide,1.2,R-pool,64,evidence_clean_receipts,4,18066,16203.347046230007,19928.652953769993
wide,1.2,R-pool,64,evidence_confounded,4,0,0.0,0.0
wide,1.2,R-pool,64,evidence_duplicates,4,0,0.0,0.0
wide,1.2,R-pool,64,evidence_eligible,4,18066,16203.347046230007,19928.652953769993
wide,1.2,R-pool,64,evidence_new_relay,4,0,0.0,0.0
wide,1.2,R-pool,64,mean_log_interval_width,4,0.012431886786651887,0.002420889456130653,0.02244288411717312
wide,1.2,R-pool,64,other_absolute_log_error,4,0.0028899023591365948,0.0010605622381137465,0.004719242480159443
wide,1.2,R-pool,64,pairs_with_posterior,4,384,384.0,384.0
wide,1.2,R-pool,64,seen_only_absolute_log_error,4,0.002327116435905912,0.0008411310260426133,0.00381310184576921
wide,1.2,R-pool,64,seen_only_coverage90,4,0.8365208115791789,0.7709947158461226,0.9020469073122352
wide,1.2,R-pool,128,agent_site_pairs,4,384,384.0,384.0
wide,1.2,R-pool,128,between_agent_log_median_dispersion,4,0.0,0.0,0.0
wide,1.2,R-pool,128,biased_absolute_log_error,0,,,
wide,1.2,R-pool,128,capacity_absolute_log_error,4,0.0026996881032267674,0.0008506660915983131,0.004548710114855222
wide,1.2,R-pool,128,clean_eligible_fraction,4,1.0,1.0,1.0
wide,1.2,R-pool,128,coverage90,4,0.609375,0.5141574886981826,0.7045925113018174
wide,1.2,R-pool,128,directly_seen_pairs,4,83,53.2876977606157,112.7123022393843
wide,1.2,R-pool,128,ever_within10_fraction,4,1.0,1.0,1.0
wide,1.2,R-pool,128,evidence_belief_messages,4,0,0.0,0.0
wide,1.2,R-pool,128,evidence_clean_own,4,0,0.0,0.0
wide,1.2,R-pool,128,evidence_clean_receipts,4,33312,30770.183502901862,35853.81649709814
wide,1.2,R-pool,128,evidence_confounded,4,0,0.0,0.0
wide,1.2,R-pool,128,evidence_duplicates,4,0,0.0,0.0
wide,1.2,R-pool,128,evidence_eligible,4,33312,30770.183502901862,35853.81649709814
wide,1.2,R-pool,128,evidence_new_relay,4,0,0.0,0.0
wide,1.2,R-pool,128,mean_log_interval_width,4,0.009292918206267608,-0.0004957077023653896,0.019081544114900605
wide,1.2,R-pool,128,other_absolute_log_error,4,0.0026996881032267674,0.0008506660915983131,0.004548710114855222
wide,1.2,R-pool,128,pairs_with_posterior,4,384,384.0,384.0
wide,1.2,R-pool,128,seen_only_absolute_log_error,4,0.00202447395731512,0.0005614605943745318,0.0034874873202557083
wide,1.2,R-pool,128,seen_only_coverage90,4,0.6141818380624351,0.5023947469602347,0.7259689291646355
wide,1.2,R-pool,256,agent_site_pairs,4,384,384.0,384.0
wide,1.2,R-pool,256,between_agent_log_median_dispersion,4,0.0,0.0,0.0
wide,1.2,R-pool,256,biased_absolute_log_error,0,,,
wide,1.2,R-pool,256,capacity_absolute_log_error,4,0.002009969810857937,-0.0004121152500396173,0.004432054871755492
wide,1.2,R-pool,256,clean_eligible_fraction,4,1.0,1.0,1.0
wide,1.2,R-pool,256,coverage90,4,0.546875,0.3770293197627194,0.7167206802372805
wide,1.2,R-pool,256,directly_seen_pairs,4,105.75,74.10172219827592,137.39827780172408
wide,1.2,R-pool,256,ever_within10_fraction,4,1.0,1.0,1.0
wide,1.2,R-pool,256,evidence_belief_messages,4,0,0.0,0.0
wide,1.2,R-pool,256,evidence_clean_own,4,0,0.0,0.0
wide,1.2,R-pool,256,evidence_clean_receipts,4,64350,58231.483987042775,70468.51601295723
wide,1.2,R-pool,256,evidence_confounded,4,0,0.0,0.0
wide,1.2,R-pool,256,evidence_duplicates,4,0,0.0,0.0
wide,1.2,R-pool,256,evidence_eligible,4,64350,58231.483987042775,70468.51601295723
wide,1.2,R-pool,256,evidence_new_relay,4,0,0.0,0.0
wide,1.2,R-pool,256,mean_log_interval_width,4,0.004370360611959845,-0.0010736560496093107,0.009814377273529
wide,1.2,R-pool,256,other_absolute_log_error,4,0.002009969810857937,-0.0004121152500396173,0.004432054871755492
wide,1.2,R-pool,256,pairs_with_posterior,4,384,384.0,384.0
wide,1.2,R-pool,256,seen_only_absolute_log_error,4,0.001750902977750212,-0.0004612654230343315,0.003963071378534756
wide,1.2,R-pool,256,seen_only_coverage90,4,0.5866654566277102,0.48007448571001754,0.6932564275454028
wide,1.2,R-pool,384,agent_site_pairs,4,384,384.0,384.0
wide,1.2,R-pool,384,between_agent_log_median_dispersion,4,0.0,0.0,0.0
wide,1.2,R-pool,384,biased_absolute_log_error,0,,,
wide,1.2,R-pool,384,capacity_absolute_log_error,4,0.0013564735098791376,-0.000499677558650812,0.003212624578409087
wide,1.2,R-pool,384,clean_eligible_fraction,4,1.0,1.0,1.0
wide,1.2,R-pool,384,coverage90,4,0.5,0.359354414798214,0.640645585201786
wide,1.2,R-pool,384,directly_seen_pairs,4,128.5,92.8125857743,164.1874142257
wide,1.2,R-pool,384,ever_within10_fraction,4,1.0,1.0,1.0
wide,1.2,R-pool,384,evidence_belief_messages,4,0,0.0,0.0
wide,1.2,R-pool,384,evidence_clean_own,4,0,0.0,0.0
wide,1.2,R-pool,384,evidence_clean_receipts,4,92022,83492.77553558827,100551.22446441173
wide,1.2,R-pool,384,evidence_confounded,4,0,0.0,0.0
wide,1.2,R-pool,384,evidence_duplicates,4,0,0.0,0.0
wide,1.2,R-pool,384,evidence_eligible,4,92022,83492.77553558827,100551.22446441173
wide,1.2,R-pool,384,evidence_new_relay,4,0,0.0,0.0
wide,1.2,R-pool,384,mean_log_interval_width,4,0.0029099847846589923,-0.0009035244396342055,0.00672349400895219
wide,1.2,R-pool,384,other_absolute_log_error,4,0.0013564735098791376,-0.000499677558650812,0.003212624578409087
wide,1.2,R-pool,384,pairs_with_posterior,4,384,384.0,384.0
wide,1.2,R-pool,384,seen_only_absolute_log_error,4,0.0009801668387822394,4.630809063920025e-05,0.0019140255869252785
wide,1.2,R-pool,384,seen_only_coverage90,4,0.5094844233335105,0.4298164632933348,0.5891523833736863
wide,1.2,R-pool,512,agent_site_pairs,4,384,384.0,384.0
wide,1.2,R-pool,512,between_agent_log_median_dispersion,4,0.0,0.0,0.0
wide,1.2,R-pool,512,biased_absolute_log_error,0,,,
wide,1.2,R-pool,512,capacity_absolute_log_error,4,0.0012262956838978236,-0.0007009220976222097,0.003153513465417857
wide,1.2,R-pool,512,clean_eligible_fraction,4,1.0,1.0,1.0
wide,1.2,R-pool,512,coverage90,4,0.453125,0.32798467341648285,0.5782653265835171
wide,1.2,R-pool,512,directly_seen_pairs,4,147,91.80190840064984,202.19809159935016
wide,1.2,R-pool,512,ever_within10_fraction,4,1.0,1.0,1.0
wide,1.2,R-pool,512,evidence_belief_messages,4,0,0.0,0.0
wide,1.2,R-pool,512,evidence_clean_own,4,0,0.0,0.0
wide,1.2,R-pool,512,evidence_clean_receipts,4,118902,106863.63218297347,130940.36781702653
wide,1.2,R-pool,512,evidence_confounded,4,0,0.0,0.0
wide,1.2,R-pool,512,evidence_duplicates,4,0,0.0,0.0
wide,1.2,R-pool,512,evidence_eligible,4,118902,106863.63218297347,130940.36781702653
wide,1.2,R-pool,512,evidence_new_relay,4,0,0.0,0.0
wide,1.2,R-pool,512,mean_log_interval_width,4,0.002619775070958878,-0.0013071142803681756,0.006546664422285932
wide,1.2,R-pool,512,other_absolute_log_error,4,0.0012262956838978236,-0.0007009220976222097,0.003153513465417857
wide,1.2,R-pool,512,pairs_with_posterior,4,384,384.0,384.0
wide,1.2,R-pool,512,seen_only_absolute_log_error,4,0.0008199943380626938,-6.835747531691604e-05,0.0017083461514423037
wide,1.2,R-pool,512,seen_only_coverage90,4,0.456072137017418,0.4168632299422068,0.4952810440926292
wide,1.6,L0,0,agent_site_pairs,4,384,384.0,384.0
wide,1.6,L0,0,between_agent_log_median_dispersion,4,0.11244001085375759,0.102073446591835,0.12280657511568017
wide,1.6,L0,0,biased_absolute_log_error,0,,,
wide,1.6,L0,0,capacity_absolute_log_error,4,0.6667254234207544,0.6614648521534287,0.6719859946880801
wide,1.6,L0,0,clean_eligible_fraction,0,,,
wide,1.6,L0,0,coverage90,4,1,1.0,1.0
wide,1.6,L0,0,directly_seen_pairs,4,24,24.0,24.0
wide,1.6,L0,0,ever_within10_fraction,4,0.013671875,0.00040520893769903366,0.026938541062300966
wide,1.6,L0,0,evidence_belief_messages,4,0,0.0,0.0
wide,1.6,L0,0,evidence_clean_own,4,0,0.0,0.0
wide,1.6,L0,0,evidence_clean_receipts,4,0,0.0,0.0
wide,1.6,L0,0,evidence_confounded,4,0,0.0,0.0
wide,1.6,L0,0,evidence_duplicates,4,0,0.0,0.0
wide,1.6,L0,0,evidence_eligible,4,0,0.0,0.0
wide,1.6,L0,0,evidence_new_relay,4,0,0.0,0.0
wide,1.6,L0,0,mean_log_interval_width,4,2.2199906451213827,2.2151693119525797,2.2248119782901856
wide,1.6,L0,0,other_absolute_log_error,4,0.6667254234207544,0.6614648521534287,0.6719859946880801
wide,1.6,L0,0,pairs_with_posterior,4,24,24.0,24.0
wide,1.6,L0,0,seen_only_absolute_log_error,4,0.43868381550746494,0.34420972040071574,0.5331579106142141
wide,1.6,L0,0,seen_only_coverage90,4,1,1.0,1.0
wide,1.6,L0,16,agent_site_pairs,4,384,384.0,384.0
wide,1.6,L0,16,between_agent_log_median_dispersion,4,0.20562385252475096,0.19408340001640065,0.21716430503310127
wide,1.6,L0,16,biased_absolute_log_error,0,,,
wide,1.6,L0,16,capacity_absolute_log_error,4,0.6286763424439858,0.623501431470961,0.6338512534170107
wide,1.6,L0,16,clean_eligible_fraction,4,0.2799829837393448,0.23333235935314134,0.3266336081255483
wide,1.6,L0,16,coverage90,4,0.9947916666666666,0.9858400133284924,1.003743320004841
wide,1.6,L0,16,directly_seen_pairs,4,42.75,35.58949581311041,49.91050418688959
wide,1.6,L0,16,ever_within10_fraction,4,0.06315104166666667,0.05279151593331946,0.07351056740001388
wide,1.6,L0,16,evidence_belief_messages,4,0,0.0,0.0
wide,1.6,L0,16,evidence_clean_own,4,84,66.13856441073256,101.86143558926744
wide,1.6,L0,16,evidence_clean_receipts,4,0,0.0,0.0
wide,1.6,L0,16,evidence_confounded,4,215.5,202.21860769855795,228.78139230144205
wide,1.6,L0,16,evidence_duplicates,4,0,0.0,0.0
wide,1.6,L0,16,evidence_eligible,4,299.5,279.9899342577695,319.0100657422305
wide,1.6,L0,16,evidence_new_relay,4,0,0.0,0.0
wide,1.6,L0,16,mean_log_interval_width,4,2.1043522095668834,2.086664242898679,2.122040176235088
wide,1.6,L0,16,other_absolute_log_error,4,0.6286763424439858,0.623501431470961,0.6338512534170107
wide,1.6,L0,16,pairs_with_posterior,4,42.75,35.58949581311041,49.91050418688959
wide,1.6,L0,16,seen_only_absolute_log_error,4,0.20979978083440456,0.14830949759704098,0.27129006407176814
wide,1.6,L0,16,seen_only_coverage90,4,0.9554192830978545,0.885953594214713,1.024884971980996
wide,1.6,L0,32,agent_site_pairs,4,384,384.0,384.0
wide,1.6,L0,32,between_agent_log_median_dispersion,4,0.226387916389754,0.21227479934006369,0.24050103343944432
wide,1.6,L0,32,biased_absolute_log_error,0,,,
wide,1.6,L0,32,capacity_absolute_log_error,4,0.6137426822208017,0.5993123663157724,0.628172998125831
wide,1.6,L0,32,clean_eligible_fraction,4,0.2438120036517938,0.22673642126029467,0.260887586043293
wide,1.6,L0,32,coverage90,4,0.9876302083333334,0.981414492893325,0.9938459237733417
wide,1.6,L0,32,directly_seen_pairs,4,58.75,47.928512608260505,69.5714873917395
wide,1.6,L0,32,ever_within10_fraction,4,0.08463541666666666,0.07367192515026236,0.09559890818307096
wide,1.6,L0,32,evidence_belief_messages,4,0,0.0,0.0
wide,1.6,L0,32,evidence_clean_own,4,146.5,140.0691481913691,152.9308518086309
wide,1.6,L0,32,evidence_clean_receipts,4,0,0.0,0.0
wide,1.6,L0,32,evidence_confounded,4,455,417.7277700068081,492.2722299931919
wide,1.6,L0,32,evidence_duplicates,4,0,0.0,0.0
wide,1.6,L0,32,evidence_eligible,4,601.5,563.1672614138641,639.8327385861359
wide,1.6,L0,32,evidence_new_relay,4,0,0.0,0.0
wide,1.6,L0,32,mean_log_interval_width,4,2.041284731459235,2.0011397048901727,2.0814297580282974
wide,1.6,L0,32,other_absolute_log_error,4,0.6137426822208017,0.5993123663157724,0.628172998125831
wide,1.6,L0,32,pairs_with_posterior,4,58.75,47.928512608260505,69.5714873917395
wide,1.6,L0,32,seen_only_absolute_log_error,4,0.2404805943185272,0.14420005869816926,0.33676112993888513
wide,1.6,L0,32,seen_only_coverage90,4,0.9186646686646687,0.8752425468340337,0.9620867904953037
wide,1.6,L0,64,agent_site_pairs,4,384,384.0,384.0
wide,1.6,L0,64,between_agent_log_median_dispersion,4,0.2822918360890751,0.2616320197495152,0.302951652428635
wide,1.6,L0,64,biased_absolute_log_error,0,,,
wide,1.6,L0,64,capacity_absolute_log_error,4,0.5703925954516538,0.5405348967387728,0.6002502941645348
wide,1.6,L0,64,clean_eligible_fraction,4,0.2587247608290793,0.2204263303435214,0.29702319131463717
wide,1.6,L0,64,coverage90,4,0.9733072916666666,0.9562638514801955,0.9903507318531377
wide,1.6,L0,64,directly_seen_pairs,4,90.75,73.01303586159916,108.48696413840084
wide,1.6,L0,64,ever_within10_fraction,4,0.14518229166666666,0.10729795317169089,0.18306663016164243
wide,1.6,L0,64,evidence_belief_messages,4,0,0.0,0.0
wide,1.6,L0,64,evidence_clean_own,4,305.5,268.2617516853452,342.7382483146548
wide,1.6,L0,64,evidence_clean_receipts,4,0,0.0,0.0
wide,1.6,L0,64,evidence_confounded,4,876.75,803.2272821153101,950.2727178846899
wide,1.6,L0,64,evidence_duplicates,4,0,0.0,0.0
wide,1.6,L0,64,evidence_eligible,4,1182.25,1137.4431036547628,1227.0568963452372
wide,1.6,L0,64,evidence_new_relay,4,0,0.0,0.0
wide,1.6,L0,64,mean_log_interval_width,4,1.8921415183798782,1.8090509187802968,1.9752321179794596
wide,1.6,L0,64,other_absolute_log_error,4,0.5703925954516538,0.5405348967387728,0.6002502941645348
wide,1.6,L0,64,pairs_with_posterior,4,90.75,73.01303586159916,108.48696413840084
wide,1.6,L0,64,seen_only_absolute_log_error,4,0.2161073676974385,0.13377842670622417,0.2984363086886528
wide,1.6,L0,64,seen_only_coverage90,4,0.8868033482997868,0.8130110231003621,0.9605956734992115
wide,1.6,L0,128,agent_site_pairs,4,384,384.0,384.0
wide,1.6,L0,128,between_agent_log_median_dispersion,4,0.3246073868737528,0.30145686067326094,0.34775791307424464
wide,1.6,L0,128,biased_absolute_log_error,0,,,
wide,1.6,L0,128,capacity_absolute_log_error,4,0.5038384473504499,0.4413632642401588,0.566313630460741
wide,1.6,L0,128,clean_eligible_fraction,4,0.2638332821317367,0.22065655222817981,0.30701001203529354
wide,1.6,L0,128,coverage90,4,0.9563802083333334,0.950164492893325,0.9625959237733417
wide,1.6,L0,128,directly_seen_pairs,4,136.5,105.2509267999804,167.7490732000196
wide,1.6,L0,128,ever_within10_fraction,4,0.23177083333333334,0.1610422509095436,0.3024994157571231
wide,1.6,L0,128,evidence_belief_messages,4,0,0.0,0.0
wide,1.6,L0,128,evidence_clean_own,4,609.25,515.8195424893659,702.6804575106341
wide,1.6,L0,128,evidence_clean_receipts,4,0,0.0,0.0
wide,1.6,L0,128,evidence_confounded,4,1701.75,1548.4555167352005,1855.0444832647995
wide,1.6,L0,128,evidence_duplicates,4,0,0.0,0.0
wide,1.6,L0,128,evidence_eligible,4,2311,2186.973026884554,2435.026973115446
wide,1.6,L0,128,evidence_new_relay,4,0,0.0,0.0
wide,1.6,L0,128,mean_log_interval_width,4,1.6719700646434466,1.5254451478579585,1.8184949814289346
wide,1.6,L0,128,other_absolute_log_error,4,0.5038384473504499,0.4413632642401588,0.566313630460741
wide,1.6,L0,128,pairs_with_posterior,4,136.5,105.2509267999804,167.7490732000196
wide,1.6,L0,128,seen_only_absolute_log_error,4,0.1927809164360439,0.1261953118744215,0.25936652099766627
wide,1.6,L0,128,seen_only_coverage90,4,0.8741355745132268,0.8270470769559691,0.9212240720704844
wide,1.6,L0,256,agent_site_pairs,4,384,384.0,384.0
wide,1.6,L0,256,between_agent_log_median_dispersion,4,0.34791582666346377,0.33443314117721457,0.36139851214971297
wide,1.6,L0,256,biased_absolute_log_error,0,,,
wide,1.6,L0,256,capacity_absolute_log_error,4,0.38374920036537613,0.353054223756731,0.41444417697402125
wide,1.6,L0,256,clean_eligible_fraction,4,0.26074086951106956,0.24076536240269264,0.2807163766194465
wide,1.6,L0,256,coverage90,4,0.9296875,0.9138179147830304,0.9455570852169696
wide,1.6,L0,256,directly_seen_pairs,4,215.25,205.07156020199787,225.42843979800213
wide,1.6,L0,256,ever_within10_fraction,4,0.3951822916666667,0.33863028685770774,0.45173429647562563
wide,1.6,L0,256,evidence_belief_messages,4,0,0.0,0.0
wide,1.6,L0,256,evidence_clean_own,4,1176.75,1056.9151192478912,1296.5848807521088
wide,1.6,L0,256,evidence_clean_receipts,4,0,0.0,0.0
wide,1.6,L0,256,evidence_confounded,4,3334.5,3201.2514887849434,3467.7485112150566
wide,1.6,L0,256,evidence_duplicates,4,0,0.0,0.0
wide,1.6,L0,256,evidence_eligible,4,4511.25,4316.593800165388,4705.906199834612
wide,1.6,L0,256,evidence_new_relay,4,0,0.0,0.0
wide,1.6,L0,256,mean_log_interval_width,4,1.2824612719208865,1.194912625974196,1.370009917867577
wide,1.6,L0,256,other_absolute_log_error,4,0.38374920036537613,0.353054223756731,0.41444417697402125
wide,1.6,L0,256,pairs_with_posterior,4,215.25,205.07156020199787,225.42843979800213
wide,1.6,L0,256,seen_only_absolute_log_error,4,0.16665447073382628,0.12860370894156498,0.20470523252608758
wide,1.6,L0,256,seen_only_coverage90,4,0.874578270836994,0.8474318156467032,0.9017247260272848
wide,1.6,L0,384,agent_site_pairs,4,384,384.0,384.0
wide,1.6,L0,384,between_agent_log_median_dispersion,4,0.3285100899057717,0.30116727534332005,0.3558529044682233
wide,1.6,L0,384,biased_absolute_log_error,0,,,
wide,1.6,L0,384,capacity_absolute_log_error,4,0.29462798893844666,0.25684882047169516,0.33240715740519816
wide,1.6,L0,384,clean_eligible_fraction,4,0.2566300709641592,0.2384247900418803,0.27483535188643804
wide,1.6,L0,384,coverage90,4,0.9029947916666666,0.8831578101454547,0.9228317731878786
wide,1.6,L0,384,directly_seen_pairs,4,277,262.59086151210425,291.40913848789575
wide,1.6,L0,384,ever_within10_fraction,4,0.5266927083333334,0.45773633496830674,0.59564908169836
wide,1.6,L0,384,evidence_belief_messages,4,0,0.0,0.0
wide,1.6,L0,384,evidence_clean_own,4,1728.5,1579.1819842787652,1877.8180157212348
wide,1.6,L0,384,evidence_clean_receipts,4,0,0.0,0.0
wide,1.6,L0,384,evidence_confounded,4,5004.75,4934.442961469304,5075.057038530696
wide,1.6,L0,384,evidence_duplicates,4,0,0.0,0.0
wide,1.6,L0,384,evidence_eligible,4,6733.25,6609.452054705234,6857.047945294766
wide,1.6,L0,384,evidence_new_relay,4,0,0.0,0.0
wide,1.6,L0,384,mean_log_interval_width,4,0.9681957053119761,0.8455368657406036,1.0908545448833484
wide,1.6,L0,384,other_absolute_log_error,4,0.29462798893844666,0.25684882047169516,0.33240715740519816
wide,1.6,L0,384,pairs_with_posterior,4,277,262.59086151210425,291.40913848789575
wide,1.6,L0,384,seen_only_absolute_log_error,4,0.15249701467315732,0.11937245478584929,0.18562157456046535
wide,1.6,L0,384,seen_only_coverage90,4,0.8653937608574636,0.8370194548839206,0.8937680668310065
wide,1.6,L0,512,agent_site_pairs,4,384,384.0,384.0
wide,1.6,L0,512,between_agent_log_median_dispersion,4,0.298694382414961,0.26759681598826646,0.3297919488416555
wide,1.6,L0,512,biased_absolute_log_error,0,,,
wide,1.6,L0,512,capacity_absolute_log_error,4,0.22854999500088663,0.19352848983076024,0.26357150017101305
wide,1.6,L0,512,clean_eligible_fraction,4,0.2472824424931485,0.23770984341915544,0.25685504156714156
wide,1.6,L0,512,coverage90,4,0.8658854166666667,0.8443535467716972,0.8874172865616363
wide,1.6,L0,512,directly_seen_pairs,4,318.75,308.1650764232061,329.3349235767939
wide,1.6,L0,512,ever_within10_fraction,4,0.6360677083333333,0.5694760193796089,0.7026593972870576
wide,1.6,L0,512,evidence_belief_messages,4,0,0.0,0.0
wide,1.6,L0,512,evidence_clean_own,4,2234.5,2115.023969156985,2353.976030843015
wide,1.6,L0,512,evidence_clean_receipts,4,0,0.0,0.0
wide,1.6,L0,512,evidence_confounded,4,6800.5,6674.826945533644,6926.173054466356
wide,1.6,L0,512,evidence_duplicates,4,0,0.0,0.0
wide,1.6,L0,512,evidence_eligible,4,9035,8836.626095439897,9233.373904560103
wide,1.6,L0,512,evidence_new_relay,4,0,0.0,0.0
wide,1.6,L0,512,mean_log_interval_width,4,0.7212593812329244,0.5915518862546351,0.8509668762112138
wide,1.6,L0,512,other_absolute_log_error,4,0.22854999500088663,0.19352848983076024,0.26357150017101305
wide,1.6,L0,512,pairs_with_posterior,4,318.75,308.1650764232061,329.3349235767939
wide,1.6,L0,512,seen_only_absolute_log_error,4,0.1328472439662509,0.09400768871127282,0.17168679922122895
wide,1.6,L0,512,seen_only_coverage90,4,0.8385380257395391,0.8155254326516771,0.861550618827401
wide,1.6,R-pool,0,agent_site_pairs,4,384,384.0,384.0
wide,1.6,R-pool,0,between_agent_log_median_dispersion,4,0.0,0.0,0.0
wide,1.6,R-pool,0,biased_absolute_log_error,0,,,
wide,1.6,R-pool,0,capacity_absolute_log_error,4,0.4418945407806656,0.3727286999394045,0.5110603816219267
wide,1.6,R-pool,0,clean_eligible_fraction,0,,,
wide,1.6,R-pool,0,coverage90,4,1,1.0,1.0
wide,1.6,R-pool,0,directly_seen_pairs,4,24,24.0,24.0
wide,1.6,R-pool,0,ever_within10_fraction,4,0.21875,0.046495040840243834,0.3910049591597562
wide,1.6,R-pool,0,evidence_belief_messages,4,0,0.0,0.0
wide,1.6,R-pool,0,evidence_clean_own,4,0,0.0,0.0
wide,1.6,R-pool,0,evidence_clean_receipts,4,0,0.0,0.0
wide,1.6,R-pool,0,evidence_confounded,4,0,0.0,0.0
wide,1.6,R-pool,0,evidence_duplicates,4,0,0.0,0.0
wide,1.6,R-pool,0,evidence_eligible,4,0,0.0,0.0
wide,1.6,R-pool,0,evidence_new_relay,4,0,0.0,0.0
wide,1.6,R-pool,0,mean_log_interval_width,4,1.4237374646752476,1.3277540152843725,1.5197209140661228
wide,1.6,R-pool,0,other_absolute_log_error,4,0.4418945407806656,0.3727286999394045,0.5110603816219267
wide,1.6,R-pool,0,pairs_with_posterior,4,384,384.0,384.0
wide,1.6,R-pool,0,seen_only_absolute_log_error,4,0.43868381550746494,0.34420972040071574,0.5331579106142141
wide,1.6,R-pool,0,seen_only_coverage90,4,1,1.0,1.0
wide,1.6,R-pool,16,agent_site_pairs,4,384,384.0,384.0
wide,1.6,R-pool,16,between_agent_log_median_dispersion,4,0.0,0.0,0.0
wide,1.6,R-pool,16,biased_absolute_log_error,0,,,
wide,1.6,R-pool,16,capacity_absolute_log_error,4,0.011641380415362432,0.0036541810210238748,0.019628579809700987
wide,1.6,R-pool,16,clean_eligible_fraction,4,1.0,1.0,1.0
wide,1.6,R-pool,16,coverage90,4,0.8125,0.5976603198838182,1.0273396801161818
wide,1.6,R-pool,16,directly_seen_pairs,4,43.5,35.86876184393382,51.13123815606618
wide,1.6,R-pool,16,ever_within10_fraction,4,1.0,1.0,1.0
wide,1.6,R-pool,16,evidence_belief_messages,4,0,0.0,0.0
wide,1.6,R-pool,16,evidence_clean_own,4,0,0.0,0.0
wide,1.6,R-pool,16,evidence_clean_receipts,4,5004,4664.56558219159,5343.43441780841
wide,1.6,R-pool,16,evidence_confounded,4,0,0.0,0.0
wide,1.6,R-pool,16,evidence_duplicates,4,0,0.0,0.0
wide,1.6,R-pool,16,evidence_eligible,4,5004,4664.56558219159,5343.43441780841
wide,1.6,R-pool,16,evidence_new_relay,4,0,0.0,0.0
wide,1.6,R-pool,16,mean_log_interval_width,4,0.0384808683145908,0.020560452332780102,0.0564012842964015
wide,1.6,R-pool,16,other_absolute_log_error,4,0.011641380415362432,0.0036541810210238748,0.019628579809700987
wide,1.6,R-pool,16,pairs_with_posterior,4,384,384.0,384.0
wide,1.6,R-pool,16,seen_only_absolute_log_error,4,0.011703490648070435,0.003831842362780802,0.01957513893336007
wide,1.6,R-pool,16,seen_only_coverage90,4,0.8059853489738474,0.6113079716422495,1.0006627263054453
wide,1.6,R-pool,32,agent_site_pairs,4,384,384.0,384.0
wide,1.6,R-pool,32,between_agent_log_median_dispersion,4,0.0,0.0,0.0
wide,1.6,R-pool,32,biased_absolute_log_error,0,,,
wide,1.6,R-pool,32,capacity_absolute_log_error,4,0.005384345272350077,0.0020940696033419125,0.008674620941358242
wide,1.6,R-pool,32,clean_eligible_fraction,4,1.0,1.0,1.0
wide,1.6,R-pool,32,coverage90,4,0.84375,0.6533149773963652,1.0341850226036349
wide,1.6,R-pool,32,directly_seen_pairs,4,60.25,53.83557440416946,66.66442559583054
wide,1.6,R-pool,32,ever_within10_fraction,4,1.0,1.0,1.0
wide,1.6,R-pool,32,evidence_belief_messages,4,0,0.0,0.0
wide,1.6,R-pool,32,evidence_clean_own,4,0,0.0,0.0
wide,1.6,R-pool,32,evidence_clean_receipts,4,9204,8427.274444541003,9980.725555458997
wide,1.6,R-pool,32,evidence_confounded,4,0,0.0,0.0
wide,1.6,R-pool,32,evidence_duplicates,4,0,0.0,0.0
wide,1.6,R-pool,32,evidence_eligible,4,9204,8427.274444541003,9980.725555458997
wide,1.6,R-pool,32,evidence_new_relay,4,0,0.0,0.0
wide,1.6,R-pool,32,mean_log_interval_width,4,0.020124195856944332,0.01510432362256313,0.025144068091325536
wide,1.6,R-pool,32,other_absolute_log_error,4,0.005384345272350077,0.0020940696033419125,0.008674620941358242
wide,1.6,R-pool,32,pairs_with_posterior,4,384,384.0,384.0
wide,1.6,R-pool,32,seen_only_absolute_log_error,4,0.00527512883463034,0.0014110056024559756,0.009139252066804705
wide,1.6,R-pool,32,seen_only_coverage90,4,0.85792842215256,0.6565559983936354,1.0593008459114848
wide,1.6,R-pool,64,agent_site_pairs,4,384,384.0,384.0
wide,1.6,R-pool,64,between_agent_log_median_dispersion,4,0.0,0.0,0.0
wide,1.6,R-pool,64,biased_absolute_log_error,0,,,
wide,1.6,R-pool,64,capacity_absolute_log_error,4,0.002712247818708498,0.0014268235385535774,0.003997672098863418
wide,1.6,R-pool,64,clean_eligible_fraction,4,1.0,1.0,1.0
wide,1.6,R-pool,64,coverage90,4,0.84375,0.7863316802800813,0.9011683197199187
wide,1.6,R-pool,64,directly_seen_pairs,4,94.25,79.87751671899629,108.62248328100371
wide,1.6,R-pool,64,ever_within10_fraction,4,1.0,1.0,1.0
wide,1.6,R-pool,64,evidence_belief_messages,4,0,0.0,0.0
wide,1.6,R-pool,64,evidence_clean_own,4,0,0.0,0.0
wide,1.6,R-pool,64,evidence_clean_receipts,4,16884,15380.321904271255,18387.678095728745
wide,1.6,R-pool,64,evidence_confounded,4,0,0.0,0.0
wide,1.6,R-pool,64,evidence_duplicates,4,0,0.0,0.0
wide,1.6,R-pool,64,evidence_eligible,4,16884,15380.321904271255,18387.678095728745
wide,1.6,R-pool,64,evidence_new_relay,4,0,0.0,0.0
wide,1.6,R-pool,64,mean_log_interval_width,4,0.011323015576753503,0.006961864650256335,0.01568416650325067
wide,1.6,R-pool,64,other_absolute_log_error,4,0.002712247818708498,0.0014268235385535774,0.003997672098863418
wide,1.6,R-pool,64,pairs_with_posterior,4,384,384.0,384.0
wide,1.6,R-pool,64,seen_only_absolute_log_error,4,0.0028048067653559327,0.0008067323829286039,0.0048028811477832615
wide,1.6,R-pool,64,seen_only_coverage90,4,0.8485923749461194,0.6927490601586903,1.0044356897335485
wide,1.6,R-pool,128,agent_site_pairs,4,384,384.0,384.0
wide,1.6,R-pool,128,between_agent_log_median_dispersion,4,0.0,0.0,0.0
wide,1.6,R-pool,128,biased_absolute_log_error,0,,,
wide,1.6,R-pool,128,capacity_absolute_log_error,4,0.0019364383228071091,0.001329539778252585,0.0025433368673616332
wide,1.6,R-pool,128,clean_eligible_fraction,4,1.0,1.0,1.0
wide,1.6,R-pool,128,coverage90,4,0.703125,0.5779846734164829,0.8282653265835171
wide,1.6,R-pool,128,directly_seen_pairs,4,142.75,123.20211878266512,162.29788121733486
wide,1.6,R-pool,128,ever_within10_fraction,4,1.0,1.0,1.0
wide,1.6,R-pool,128,evidence_belief_messages,4,0,0.0,0.0
wide,1.6,R-pool,128,evidence_clean_own,4,0,0.0,0.0
wide,1.6,R-pool,128,evidence_clean_receipts,4,30234,28834.519463405777,31633.480536594223
wide,1.6,R-pool,128,evidence_confounded,4,0,0.0,0.0
wide,1.6,R-pool,128,evidence_duplicates,4,0,0.0,0.0
wide,1.6,R-pool,128,evidence_eligible,4,30234,28834.519463405777,31633.480536594223
wide,1.6,R-pool,128,evidence_new_relay,4,0,0.0,0.0
wide,1.6,R-pool,128,mean_log_interval_width,4,0.00518743516984735,0.0038360477898501232,0.0065388225498445775
wide,1.6,R-pool,128,other_absolute_log_error,4,0.0019364383228071091,0.001329539778252585,0.0025433368673616332
wide,1.6,R-pool,128,pairs_with_posterior,4,384,384.0,384.0
wide,1.6,R-pool,128,seen_only_absolute_log_error,4,0.0016994270207439045,0.0008547442885556702,0.0025441097529321386
wide,1.6,R-pool,128,seen_only_coverage90,4,0.7337889918244432,0.5893269834965502,0.8782510001523363
wide,1.6,R-pool,256,agent_site_pairs,4,384,384.0,384.0
wide,1.6,R-pool,256,between_agent_log_median_dispersion,4,0.0,0.0,0.0
wide,1.6,R-pool,256,biased_absolute_log_error,0,,,
wide,1.6,R-pool,256,capacity_absolute_log_error,4,0.0010031250427453339,0.0007492617964835099,0.0012569882890071577
wide,1.6,R-pool,256,clean_eligible_fraction,4,1.0,1.0,1.0
wide,1.6,R-pool,256,coverage90,4,0.484375,0.4346492764799334,0.5341007235200667
wide,1.6,R-pool,256,directly_seen_pairs,4,201.25,157.66529696202292,244.83470303797708
wide,1.6,R-pool,256,ever_within10_fraction,4,1.0,1.0,1.0
wide,1.6,R-pool,256,evidence_belief_messages,4,0,0.0,0.0
wide,1.6,R-pool,256,evidence_clean_own,4,0,0.0,0.0
wide,1.6,R-pool,256,evidence_clean_receipts,4,55686,52820.80133225561,58551.19866774439
wide,1.6,R-pool,256,evidence_confounded,4,0,0.0,0.0
wide,1.6,R-pool,256,evidence_duplicates,4,0,0.0,0.0
wide,1.6,R-pool,256,evidence_eligible,4,55686,52820.80133225561,58551.19866774439
wide,1.6,R-pool,256,evidence_new_relay,4,0,0.0,0.0
wide,1.6,R-pool,256,mean_log_interval_width,4,0.0022697737953409174,0.0017484378914853185,0.002791109699196516
wide,1.6,R-pool,256,other_absolute_log_error,4,0.0010031250427453339,0.0007492617964835099,0.0012569882890071577
wide,1.6,R-pool,256,pairs_with_posterior,4,384,384.0,384.0
wide,1.6,R-pool,256,seen_only_absolute_log_error,4,0.000985100549418305,0.0007797653072601988,0.001190435791576411
wide,1.6,R-pool,256,seen_only_coverage90,4,0.49958022388059703,0.4156005291184702,0.5835599186427238
wide,1.6,R-pool,384,agent_site_pairs,4,384,384.0,384.0
wide,1.6,R-pool,384,between_agent_log_median_dispersion,4,0.0,0.0,0.0
wide,1.6,R-pool,384,biased_absolute_log_error,0,,,
wide,1.6,R-pool,384,capacity_absolute_log_error,4,0.0006271099317210271,0.00029732457270172666,0.0009568952907403276
wide,1.6,R-pool,384,clean_eligible_fraction,4,1.0,1.0,1.0
wide,1.6,R-pool,384,coverage90,4,0.4375,0.4375,0.4375
wide,1.6,R-pool,384,directly_seen_pairs,4,258,213.27558847800847,302.7244115219915
wide,1.6,R-pool,384,ever_within10_fraction,4,1.0,1.0,1.0
wide,1.6,R-pool,384,evidence_belief_messages,4,0,0.0,0.0
wide,1.6,R-pool,384,evidence_clean_own,4,0,0.0,0.0
wide,1.6,R-pool,384,evidence_clean_receipts,4,83178,79900.77248346622,86455.22751653378
wide,1.6,R-pool,384,evidence_confounded,4,0,0.0,0.0
wide,1.6,R-pool,384,evidence_duplicates,4,0,0.0,0.0
wide,1.6,R-pool,384,evidence_eligible,4,83178,79900.77248346622,86455.22751653378
wide,1.6,R-pool,384,evidence_new_relay,4,0,0.0,0.0
wide,1.6,R-pool,384,mean_log_interval_width,4,0.0014666060499722367,0.0007622336234644994,0.002170978476479974
wide,1.6,R-pool,384,other_absolute_log_error,4,0.0006271099317210271,0.00029732457270172666,0.0009568952907403276
wide,1.6,R-pool,384,pairs_with_posterior,4,384,384.0,384.0
wide,1.6,R-pool,384,seen_only_absolute_log_error,4,0.0006460090624654629,0.00027997767485967784,0.0010120404500712481
wide,1.6,R-pool,384,seen_only_coverage90,4,0.458660073754473,0.3879472172350493,0.5293729302738966
wide,1.6,R-pool,512,agent_site_pairs,4,384,384.0,384.0
wide,1.6,R-pool,512,between_agent_log_median_dispersion,4,0.0,0.0,0.0
wide,1.6,R-pool,512,biased_absolute_log_error,0,,,
wide,1.6,R-pool,512,capacity_absolute_log_error,4,0.0005214759369914419,0.00017104234963692493,0.0008719095243459588
wide,1.6,R-pool,512,clean_eligible_fraction,4,1.0,1.0,1.0
wide,1.6,R-pool,512,coverage90,4,0.421875,0.3266574886981826,0.5170925113018174
wide,1.6,R-pool,512,directly_seen_pairs,4,306.25,262.7622273678723,349.7377726321277
wide,1.6,R-pool,512,ever_within10_fraction,4,1.0,1.0,1.0
wide,1.6,R-pool,512,evidence_belief_messages,4,0,0.0,0.0
wide,1.6,R-pool,512,evidence_clean_own,4,0,0.0,0.0
wide,1.6,R-pool,512,evidence_clean_receipts,4,111210,107926.54813527991,114493.45186472009
wide,1.6,R-pool,512,evidence_confounded,4,0,0.0,0.0
wide,1.6,R-pool,512,evidence_duplicates,4,0,0.0,0.0
wide,1.6,R-pool,512,evidence_eligible,4,111210,107926.54813527991,114493.45186472009
wide,1.6,R-pool,512,evidence_new_relay,4,0,0.0,0.0
wide,1.6,R-pool,512,mean_log_interval_width,4,0.0012152177133864237,0.0005069424218285758,0.0019234930049442716
wide,1.6,R-pool,512,other_absolute_log_error,4,0.0005214759369914419,0.00017104234963692493,0.0008719095243459588
wide,1.6,R-pool,512,pairs_with_posterior,4,384,384.0,384.0
wide,1.6,R-pool,512,seen_only_absolute_log_error,4,0.0005178920364399484,0.0001707654463766761,0.0008650186265032208
wide,1.6,R-pool,512,seen_only_coverage90,4,0.4330908112861881,0.309952914390621,0.5562287081817552
