arena_id,society,condition,tick,unique_observations,probe_mse,probe_crps,probe_crps_all,coverage_90,interval_width_90,parameter_nrmse,ess,updates_failed,learning_cpu_seconds
evaluation-000,0,prior,0,0,2.7544086528239733,0.9739683979013745,0.5199917275155034,1.0,6.56848943720478,0.20482163069198656,1024.0,0,0.0
evaluation-000,1,prior,0,0,2.7544086528239733,0.9739683979013745,0.5199917275155034,1.0,6.56848943720478,0.20482163069198656,1024.0,0,0.0
evaluation-000,2,prior,0,0,2.7544086528239733,0.9739683979013745,0.5199917275155034,1.0,6.56848943720478,0.20482163069198656,1024.0,0,0.0
evaluation-000,0,pooled,0,0,2.7544086528239733,0.9739683979013745,0.5199917275155034,1.0,6.56848943720478,0.20482163069198656,1024.0,0,0.0
evaluation-000,1,pooled,0,0,2.7544086528239733,0.9739683979013745,0.5199917275155034,1.0,6.56848943720478,0.20482163069198656,1024.0,0,0.0
evaluation-000,2,pooled,0,0,2.7544086528239733,0.9739683979013745,0.5199917275155034,1.0,6.56848943720478,0.20482163069198656,1024.0,0,0.0
evaluation-000,0,private,0,0,2.7544086528239733,0.9739683979013745,0.5199917275155034,1.0,6.56848943720478,0.20482163069198656,1024.0,0,0.0
evaluation-000,1,private,0,0,2.7544086528239733,0.9739683979013745,0.5199917275155034,1.0,6.56848943720478,0.20482163069198656,1024.0,0,0.0
evaluation-000,2,private,0,0,2.7544086528239733,0.9739683979013745,0.5199917275155034,1.0,6.56848943720478,0.20482163069198656,1024.0,0,0.0
evaluation-000,0,prior,4,0,2.7544086528239733,0.9739683979013745,0.5199917275155034,1.0,6.56848943720478,0.20482163069198656,1024.0,0,0.0
evaluation-000,1,prior,4,0,2.7544086528239733,0.9739683979013745,0.5199917275155034,1.0,6.56848943720478,0.20482163069198656,1024.0,0,0.0
evaluation-000,2,prior,4,0,2.7544086528239733,0.9739683979013745,0.5199917275155034,1.0,6.56848943720478,0.20482163069198656,1024.0,0,0.0
evaluation-000,0,pooled,4,12,0.813532783279272,0.5057845064734656,0.2685078544651134,0.875,2.4567251582239096,0.2059588476946403,1024.0,0,0.02661249200000082
evaluation-000,1,pooled,4,12,0.813532783279272,0.5057845064734656,0.2685078544651134,0.875,2.4567251582239096,0.2059588476946403,1024.0,0,0.02661249200000082
evaluation-000,2,pooled,4,12,0.813532783279272,0.5057845064734656,0.2685078544651134,0.875,2.4567251582239096,0.2059588476946403,1024.0,0,0.02661249200000082
evaluation-000,0,private,4,4,0.37472126515557347,0.3960372599569717,0.21345370484659038,1.0,3.5879562348401635,0.19900900369931837,626.0456395513476,0,0.0068822620000004164
evaluation-000,1,private,4,4,1.4375960909788335,0.7025297789222222,0.36923726199631735,0.90625,3.4703163823551386,0.19027425002847445,902.529353104702,0,0.005469867000000406
evaluation-000,2,private,4,4,0.5621566463521158,0.4173013034213698,0.2244157113370724,0.96875,2.7008174294571465,0.1848117379153477,1024.0,0,0.012778014000001114
evaluation-000,0,prior,8,0,2.7544086528239733,0.9739683979013745,0.5199917275155034,1.0,6.56848943720478,0.20482163069198656,1024.0,0,0.0
evaluation-000,1,prior,8,0,2.7544086528239733,0.9739683979013745,0.5199917275155034,1.0,6.56848943720478,0.20482163069198656,1024.0,0,0.0
evaluation-000,2,prior,8,0,2.7544086528239733,0.9739683979013745,0.5199917275155034,1.0,6.56848943720478,0.20482163069198656,1024.0,0,0.0
evaluation-000,0,pooled,8,24,0.5381006927227636,0.4121740619287385,0.2217941318586313,0.875,2.2151832935941735,0.17478776495553802,683.9253436899725,0,0.03137771000000189
evaluation-000,1,pooled,8,24,0.5381006927227636,0.4121740619287385,0.2217941318586313,0.875,2.2151832935941735,0.17478776495553802,683.9253436899725,0,0.03137771000000189
evaluation-000,2,pooled,8,24,0.5381006927227636,0.4121740619287385,0.2217941318586313,0.875,2.2151832935941735,0.17478776495553802,683.9253436899725,0,0.03137771000000189
evaluation-000,0,private,8,8,0.6762165232315945,0.4729411490263036,0.25215628751955277,0.96875,3.2809653654925848,0.19364492421582258,988.9017537642778,0,0.01320484399999966
evaluation-000,1,private,8,8,1.1836238975544477,0.625132691725397,0.32951044849264366,0.8125,3.0311391108474846,0.18803852070950178,1019.1539578560477,0,0.014219706999999637
evaluation-000,2,private,8,8,0.42030327020974667,0.3734483359953039,0.2024998734633739,0.96875,2.5826993016182995,0.16476597958010164,943.0089824115651,0,0.01427348500000214
evaluation-000,0,prior,16,0,2.7544086528239733,0.9739683979013745,0.5199917275155034,1.0,6.56848943720478,0.20482163069198656,1024.0,0,0.0
evaluation-000,1,prior,16,0,2.7544086528239733,0.9739683979013745,0.5199917275155034,1.0,6.56848943720478,0.20482163069198656,1024.0,0,0.0
evaluation-000,2,prior,16,0,2.7544086528239733,0.9739683979013745,0.5199917275155034,1.0,6.56848943720478,0.20482163069198656,1024.0,0,0.0
evaluation-000,0,pooled,16,48,0.3295274511273335,0.331070857201154,0.18131706819164672,0.90625,1.7733120453564188,0.13219730980601394,1022.9563061200042,0,0.09915843800000168
evaluation-000,1,pooled,16,48,0.3295274511273335,0.331070857201154,0.18131706819164672,0.90625,1.7733120453564188,0.13219730980601394,1022.9563061200042,0,0.09915843800000168
evaluation-000,2,pooled,16,48,0.3295274511273335,0.331070857201154,0.18131706819164672,0.90625,1.7733120453564188,0.13219730980601394,1022.9563061200042,0,0.09915843800000168
evaluation-000,0,private,16,16,0.9813811920114858,0.5539600620553078,0.2928874746508096,0.9375,3.1275762544479804,0.2584371823441875,894.126199322215,0,0.02447756499999887
evaluation-000,1,private,16,16,0.323698638937002,0.3394541186911139,0.18569788355279726,0.96875,2.5903801410789367,0.08658553321277053,791.0230928224687,0,0.024813031999997293
evaluation-000,2,private,16,16,0.32962941476306284,0.331643989388933,0.18169224241308807,0.9375,1.8696304114881028,0.151104490215987,783.6159981812712,0,0.026118033000003926
evaluation-000,0,prior,32,0,2.7544086528239733,0.9739683979013745,0.5199917275155034,1.0,6.56848943720478,0.20482163069198656,1024.0,0,0.0
evaluation-000,1,prior,32,0,2.7544086528239733,0.9739683979013745,0.5199917275155034,1.0,6.56848943720478,0.20482163069198656,1024.0,0,0.0
evaluation-000,2,prior,32,0,2.7544086528239733,0.9739683979013745,0.5199917275155034,1.0,6.56848943720478,0.20482163069198656,1024.0,0,0.0
evaluation-000,0,pooled,32,96,0.2569030724891489,0.29127676712144324,0.16136290769940825,0.90625,1.578956858533991,0.03390248441173198,856.176757479387,0,0.22410344299999974
evaluation-000,1,pooled,32,96,0.2569030724891489,0.29127676712144324,0.16136290769940825,0.90625,1.578956858533991,0.03390248441173198,856.176757479387,0,0.22410344299999974
evaluation-000,2,pooled,32,96,0.2569030724891489,0.29127676712144324,0.16136290769940825,0.90625,1.578956858533991,0.03390248441173198,856.176757479387,0,0.22410344299999974
evaluation-000,0,private,32,32,0.2566749152392799,0.3098129903702467,0.17058113686888327,0.96875,2.4862471977865113,0.09527373679468051,980.3423397768386,0,0.051155926999999046
evaluation-000,1,private,32,32,0.37233425125001474,0.3477099071715487,0.18982902640376098,0.84375,1.661242780102329,0.13572665618246826,618.9597712645069,0,0.042882562999997376
evaluation-000,2,private,32,32,0.281144328413715,0.30639112561454435,0.16910516933908268,0.875,1.6566641095591206,0.12433328302642152,1024.0,0,0.06971489600000602
evaluation-000,0,prior,64,0,2.7544086528239733,0.9739683979013745,0.5199917275155034,1.0,6.56848943720478,0.20482163069198656,1024.0,0,0.0
evaluation-000,1,prior,64,0,2.7544086528239733,0.9739683979013745,0.5199917275155034,1.0,6.56848943720478,0.20482163069198656,1024.0,0,0.0
evaluation-000,2,prior,64,0,2.7544086528239733,0.9739683979013745,0.5199917275155034,1.0,6.56848943720478,0.20482163069198656,1024.0,0,0.0
evaluation-000,0,pooled,64,192,0.2579759752216578,0.2918200162460387,0.1615827457292221,0.90625,1.5660095472894326,0.010872868323747314,702.3197102677378,0,0.340693094999998
evaluation-000,1,pooled,64,192,0.2579759752216578,0.2918200162460387,0.1615827457292221,0.90625,1.5660095472894326,0.010872868323747314,702.3197102677378,0,0.340693094999998
evaluation-000,2,pooled,64,192,0.2579759752216578,0.2918200162460387,0.1615827457292221,0.90625,1.5660095472894326,0.010872868323747314,702.3197102677378,0,0.340693094999998
evaluation-000,0,private,64,64,0.2600383281904868,0.2931563846448585,0.16221305868276925,0.90625,1.5830993754345315,0.024072418254744567,1022.9526323500448,0,0.1854777319999954
evaluation-000,1,private,64,64,0.2609953473988148,0.2946186242332175,0.16306961612805246,0.90625,1.580515930417438,0.00974214671666593,758.9537913953054,0,0.10613946800000118
evaluation-000,2,private,64,64,0.2589007685079108,0.29254914112698355,0.16201978699918657,0.90625,1.5679388268559202,0.024430221510593812,856.9119512584151,0,0.11444169100000678
evaluation-000,0,prior,128,0,2.7544086528239733,0.9739683979013745,0.5199917275155034,1.0,6.56848943720478,0.20482163069198656,1024.0,0,0.0
evaluation-000,1,prior,128,0,2.7544086528239733,0.9739683979013745,0.5199917275155034,1.0,6.56848943720478,0.20482163069198656,1024.0,0,0.0
evaluation-000,2,prior,128,0,2.7544086528239733,0.9739683979013745,0.5199917275155034,1.0,6.56848943720478,0.20482163069198656,1024.0,0,0.0
evaluation-000,0,pooled,128,384,0.2614141401411207,0.2934525520973683,0.16241620053441264,0.90625,1.5576414898394464,0.024906892306955117,916.373190271393,0,0.8123085059999964
evaluation-000,1,pooled,128,384,0.2614141401411207,0.2934525520973683,0.16241620053441264,0.90625,1.5576414898394464,0.024906892306955117,916.373190271393,0,0.8123085059999964
evaluation-000,2,pooled,128,384,0.2614141401411207,0.2934525520973683,0.16241620053441264,0.90625,1.5576414898394464,0.024906892306955117,916.373190271393,0,0.8123085059999964
evaluation-000,0,private,128,128,0.25394355918312667,0.289168131452834,0.16023115993139114,0.90625,1.5710690777605727,0.050575283192155464,549.5721159922239,0,0.2135752130000057
evaluation-000,1,private,128,128,0.2641660327724108,0.2955428930374411,0.1635737092547156,0.875,1.548510811753952,0.018583079974372814,741.7070005914941,0,0.24956469300000172
evaluation-000,2,private,128,128,0.2628885112340724,0.29412695669836897,0.1627482767628157,0.90625,1.560232655314629,0.03259379272454131,773.7613441306373,0,0.2805225040000021
evaluation-001,0,prior,0,0,0.2460818365614046,0.5813168556228261,0.3227880067370994,1.0,6.641736792769949,0.19518319088089328,1024.0,0,0.0
evaluation-001,1,prior,0,0,0.2460818365614046,0.5813168556228261,0.3227880067370994,1.0,6.641736792769949,0.19518319088089328,1024.0,0,0.0
evaluation-001,2,prior,0,0,0.2460818365614046,0.5813168556228261,0.3227880067370994,1.0,6.641736792769949,0.19518319088089328,1024.0,0,0.0
evaluation-001,0,pooled,0,0,0.2460818365614046,0.5813168556228261,0.3227880067370994,1.0,6.641736792769949,0.19518319088089328,1024.0,0,0.0
evaluation-001,1,pooled,0,0,0.2460818365614046,0.5813168556228261,0.3227880067370994,1.0,6.641736792769949,0.19518319088089328,1024.0,0,0.0
evaluation-001,2,pooled,0,0,0.2460818365614046,0.5813168556228261,0.3227880067370994,1.0,6.641736792769949,0.19518319088089328,1024.0,0,0.0
evaluation-001,0,private,0,0,0.2460818365614046,0.5813168556228261,0.3227880067370994,1.0,6.641736792769949,0.19518319088089328,1024.0,0,0.0
evaluation-001,1,private,0,0,0.2460818365614046,0.5813168556228261,0.3227880067370994,1.0,6.641736792769949,0.19518319088089328,1024.0,0,0.0
evaluation-001,2,private,0,0,0.2460818365614046,0.5813168556228261,0.3227880067370994,1.0,6.641736792769949,0.19518319088089328,1024.0,0,0.0
evaluation-001,0,prior,4,0,0.2460818365614046,0.5813168556228261,0.3227880067370994,1.0,6.641736792769949,0.19518319088089328,1024.0,0,0.0
evaluation-001,1,prior,4,0,0.2460818365614046,0.5813168556228261,0.3227880067370994,1.0,6.641736792769949,0.19518319088089328,1024.0,0,0.0
evaluation-001,2,prior,4,0,0.2460818365614046,0.5813168556228261,0.3227880067370994,1.0,6.641736792769949,0.19518319088089328,1024.0,0,0.0
evaluation-001,0,pooled,4,12,0.2014447331955287,0.2905320943941277,0.16337508346269958,1.0,2.5812829557767563,0.12988061013968277,919.223611163016,0,0.01341082899999968
evaluation-001,1,pooled,4,12,0.2014447331955287,0.2905320943941277,0.16337508346269958,1.0,2.5812829557767563,0.12988061013968277,919.223611163016,0,0.01341082899999968
evaluation-001,2,pooled,4,12,0.2014447331955287,0.2905320943941277,0.16337508346269958,1.0,2.5812829557767563,0.12988061013968277,919.223611163016,0,0.01341082899999968
evaluation-001,0,private,4,4,0.22387250982293647,0.31641608369967933,0.17648015838286663,1.0,2.9310982705048385,0.14279060557611492,700.7374164667616,0,0.005398359999997382
evaluation-001,1,private,4,4,0.2721320638652401,0.31637927467541904,0.17895831937849496,0.9375,2.60661912267738,0.17707768624988257,1024.0,0,0.006615056000001118
evaluation-001,2,private,4,4,0.3366405000859718,0.3660769277564137,0.2017465241238645,1.0,3.133813492186886,0.18549295465687415,1022.1480214435228,0,0.00622956099999783
evaluation-001,0,prior,8,0,0.2460818365614046,0.5813168556228261,0.3227880067370994,1.0,6.641736792769949,0.19518319088089328,1024.0,0,0.0
evaluation-001,1,prior,8,0,0.2460818365614046,0.5813168556228261,0.3227880067370994,1.0,6.641736792769949,0.19518319088089328,1024.0,0,0.0
evaluation-001,2,prior,8,0,0.2460818365614046,0.5813168556228261,0.3227880067370994,1.0,6.641736792769949,0.19518319088089328,1024.0,0,0.0
evaluation-001,0,pooled,8,24,0.46011216455430454,0.40554934284658334,0.2208710947079334,0.625,1.5474250700002539,0.161098405481142,984.9604423183088,0,0.038176434999998676
evaluation-001,1,pooled,8,24,0.46011216455430454,0.40554934284658334,0.2208710947079334,0.625,1.5474250700002539,0.161098405481142,984.9604423183088,0,0.038176434999998676
evaluation-001,2,pooled,8,24,0.46011216455430454,0.40554934284658334,0.2208710947079334,0.625,1.5474250700002539,0.161098405481142,984.9604423183088,0,0.038176434999998676
evaluation-001,0,private,8,8,0.3171062049277069,0.33628119550255947,0.18680088979544138,1.0,2.7497930867152975,0.1618228866697122,615.9929023500183,0,0.007020595999996715
evaluation-001,1,private,8,8,0.2520711638041798,0.29301049284831404,0.1666489090359455,0.90625,1.674406893441296,0.18052211295287607,838.411333104151,0,0.012151509000002392
evaluation-001,2,private,8,8,0.5004960646044717,0.41676485580891875,0.22926153597865218,0.96875,3.010262587829349,0.1948266218727038,952.9624011178257,0,0.010918862000000473
evaluation-001,0,prior,16,0,0.2460818365614046,0.5813168556228261,0.3227880067370994,1.0,6.641736792769949,0.19518319088089328,1024.0,0,0.0
evaluation-001,1,prior,16,0,0.2460818365614046,0.5813168556228261,0.3227880067370994,1.0,6.641736792769949,0.19518319088089328,1024.0,0,0.0
evaluation-001,2,prior,16,0,0.2460818365614046,0.5813168556228261,0.3227880067370994,1.0,6.641736792769949,0.19518319088089328,1024.0,0,0.0
evaluation-001,0,pooled,16,48,0.2243924510739685,0.27788609385492813,0.15649985211542977,0.84375,1.3009502437283547,0.034688221860959746,1023.8662818423571,0,0.10434303299999748
evaluation-001,1,pooled,16,48,0.2243924510739685,0.27788609385492813,0.15649985211542977,0.84375,1.3009502437283547,0.034688221860959746,1023.8662818423571,0,0.10434303299999748
evaluation-001,2,pooled,16,48,0.2243924510739685,0.27788609385492813,0.15649985211542977,0.84375,1.3009502437283547,0.034688221860959746,1023.8662818423571,0,0.10434303299999748
evaluation-001,0,private,16,16,0.35690165649768685,0.34402715813528295,0.18967826371883267,0.9375,1.9127729507651292,0.1714941448701206,1021.9992776461405,0,0.03851246199999636
evaluation-001,1,private,16,16,0.20334828024660084,0.2612037870569903,0.15182094877300434,0.90625,1.4695877642663366,0.20096726481948296,1024.0,0,0.030353145000004744
evaluation-001,2,private,16,16,0.39092055582954355,0.3832388203992122,0.2108208293828511,1.0,3.0140418357282823,0.15432849811022914,844.0167364721289,0,0.021587704999996404
evaluation-001,0,prior,32,0,0.2460818365614046,0.5813168556228261,0.3227880067370994,1.0,6.641736792769949,0.19518319088089328,1024.0,0,0.0
evaluation-001,1,prior,32,0,0.2460818365614046,0.5813168556228261,0.3227880067370994,1.0,6.641736792769949,0.19518319088089328,1024.0,0,0.0
evaluation-001,2,prior,32,0,0.2460818365614046,0.5813168556228261,0.3227880067370994,1.0,6.641736792769949,0.19518319088089328,1024.0,0,0.0
evaluation-001,0,pooled,32,96,0.22515714208496287,0.27861243643288885,0.15699034271786286,0.84375,1.2522915484937005,0.04666208544955361,1023.5504650997483,0,0.1744684869999915
evaluation-001,1,pooled,32,96,0.22515714208496287,0.27861243643288885,0.15699034271786286,0.84375,1.2522915484937005,0.04666208544955361,1023.5504650997483,0,0.1744684869999915
evaluation-001,2,pooled,32,96,0.22515714208496287,0.27861243643288885,0.15699034271786286,0.84375,1.2522915484937005,0.04666208544955361,1023.5504650997483,0,0.1744684869999915
evaluation-001,0,private,32,32,0.1900479925620249,0.25433962836969637,0.14596669367109139,0.96875,1.4815156825799103,0.215236306833198,1024.0,0,0.0635896429999967
evaluation-001,1,private,32,32,0.2679841705463734,0.3019770698167098,0.17043343134080258,0.875,1.4136008943120406,0.17126298607938395,907.6469678830065,0,0.045844057000007155
evaluation-001,2,private,32,32,0.4018387861498005,0.3778218240617108,0.20819143984575306,0.96875,2.8988087051474114,0.19607173016725274,867.1936956356267,0,0.036774337999997186
evaluation-001,0,prior,64,0,0.2460818365614046,0.5813168556228261,0.3227880067370994,1.0,6.641736792769949,0.19518319088089328,1024.0,0,0.0
evaluation-001,1,prior,64,0,0.2460818365614046,0.5813168556228261,0.3227880067370994,1.0,6.641736792769949,0.19518319088089328,1024.0,0,0.0
evaluation-001,2,prior,64,0,0.2460818365614046,0.5813168556228261,0.3227880067370994,1.0,6.641736792769949,0.19518319088089328,1024.0,0,0.0
evaluation-001,0,pooled,64,192,0.17190274280726403,0.23995560431654017,0.1378732850885521,0.9375,1.175667328783593,0.013810917287467028,1014.214155581434,0,0.4000225219999951
evaluation-001,1,pooled,64,192,0.17190274280726403,0.23995560431654017,0.1378732850885521,0.9375,1.175667328783593,0.013810917287467028,1014.214155581434,0,0.4000225219999951
evaluation-001,2,pooled,64,192,0.17190274280726403,0.23995560431654017,0.1378732850885521,0.9375,1.175667328783593,0.013810917287467028,1014.214155581434,0,0.4000225219999951
evaluation-001,0,private,64,64,0.17338108975551342,0.24107404015332112,0.138581142250075,0.9375,1.2261509664071668,0.05316270898538036,1022.0363156667481,0,0.16329182399999453
evaluation-001,1,private,64,64,0.17198441375551343,0.240231235227547,0.13796580534294103,0.9375,1.199899986728726,0.06106386742107944,915.3308428005652,0,0.1238429589999992
evaluation-001,2,private,64,64,0.17032464257490593,0.23866699499267233,0.13751510104591963,0.875,1.2639504244014055,0.12693557915622308,974.5685609777944,0,0.12768622300000487
evaluation-001,0,prior,128,0,0.2460818365614046,0.5813168556228261,0.3227880067370994,1.0,6.641736792769949,0.19518319088089328,1024.0,0,0.0
evaluation-001,1,prior,128,0,0.2460818365614046,0.5813168556228261,0.3227880067370994,1.0,6.641736792769949,0.19518319088089328,1024.0,0,0.0
evaluation-001,2,prior,128,0,0.2460818365614046,0.5813168556228261,0.3227880067370994,1.0,6.641736792769949,0.19518319088089328,1024.0,0,0.0
evaluation-001,0,pooled,128,384,0.17503841333906597,0.24212731329799522,0.13898906152171692,0.96875,1.180610089730586,0.025642356942442223,561.8123401343975,0,1.0656165869999867
evaluation-001,1,pooled,128,384,0.17503841333906597,0.24212731329799522,0.13898906152171692,0.96875,1.180610089730586,0.025642356942442223,561.8123401343975,0,1.0656165869999867
evaluation-001,2,pooled,128,384,0.17503841333906597,0.24212731329799522,0.13898906152171692,0.96875,1.180610089730586,0.025642356942442223,561.8123401343975,0,1.0656165869999867
evaluation-001,0,private,128,128,0.1684132168642109,0.23717873456308153,0.13656577082163748,0.9375,1.1816600190701192,0.011254578229904265,717.0367041526856,0,0.2622521289999966
evaluation-001,1,private,128,128,0.17863357957206577,0.24527094792715448,0.14045307721595907,0.96875,1.1717397433811816,0.010073354064330964,1010.1369748670526,0,0.45039075700000275
evaluation-001,2,private,128,128,0.17820885757550517,0.2442694952288783,0.1401026392910728,0.90625,1.1982116147585076,0.07323629897366493,1007.645812265962,0,0.43498806900001163
evaluation-002,0,prior,0,0,6.169509193854684,1.5070206994603366,0.8956846233274058,0.96875,6.46994892957223,0.24368784423989684,1024.0,0,0.0
evaluation-002,1,prior,0,0,6.169509193854684,1.5070206994603366,0.8956846233274058,0.96875,6.46994892957223,0.24368784423989684,1024.0,0,0.0
evaluation-002,2,prior,0,0,6.169509193854684,1.5070206994603366,0.8956846233274058,0.96875,6.46994892957223,0.24368784423989684,1024.0,0,0.0
evaluation-002,0,pooled,0,0,6.169509193854684,1.5070206994603366,0.8956846233274058,0.96875,6.46994892957223,0.24368784423989684,1024.0,0,0.0
evaluation-002,1,pooled,0,0,6.169509193854684,1.5070206994603366,0.8956846233274058,0.96875,6.46994892957223,0.24368784423989684,1024.0,0,0.0
evaluation-002,2,pooled,0,0,6.169509193854684,1.5070206994603366,0.8956846233274058,0.96875,6.46994892957223,0.24368784423989684,1024.0,0,0.0
evaluation-002,0,private,0,0,6.169509193854684,1.5070206994603366,0.8956846233274058,0.96875,6.46994892957223,0.24368784423989684,1024.0,0,0.0
evaluation-002,1,private,0,0,6.169509193854684,1.5070206994603366,0.8956846233274058,0.96875,6.46994892957223,0.24368784423989684,1024.0,0,0.0
evaluation-002,2,private,0,0,6.169509193854684,1.5070206994603366,0.8956846233274058,0.96875,6.46994892957223,0.24368784423989684,1024.0,0,0.0
evaluation-002,0,prior,4,0,6.169509193854684,1.5070206994603366,0.8956846233274058,0.96875,6.46994892957223,0.24368784423989684,1024.0,0,0.0
evaluation-002,1,prior,4,0,6.169509193854684,1.5070206994603366,0.8956846233274058,0.96875,6.46994892957223,0.24368784423989684,1024.0,0,0.0
evaluation-002,2,prior,4,0,6.169509193854684,1.5070206994603366,0.8956846233274058,0.96875,6.46994892957223,0.24368784423989684,1024.0,0,0.0
evaluation-002,0,pooled,4,12,0.12892792890002958,0.23440216626091676,0.15605453974294908,1.0,2.1041665744522438,0.07049354291297259,812.2267373337241,0,0.01573708899999815
evaluation-002,1,pooled,4,12,0.12892792890002958,0.23440216626091676,0.15605453974294908,1.0,2.1041665744522438,0.07049354291297259,812.2267373337241,0,0.01573708899999815
evaluation-002,2,pooled,4,12,0.12892792890002958,0.23440216626091676,0.15605453974294908,1.0,2.1041665744522438,0.07049354291297259,812.2267373337241,0,0.01573708899999815
evaluation-002,0,private,4,4,0.0879689871218117,0.22783669097637999,0.14853543645146933,0.96875,2.10543099763324,0.05931460271637766,599.5265131567081,0,0.00735759499999844
evaluation-002,1,private,4,4,0.09506038944658804,0.2541622433032883,0.16842569259250703,1.0,2.4485326311369855,0.058398321470847676,1024.0,0,0.009736185999999591
evaluation-002,2,private,4,4,0.06098719601006049,0.2343890064843099,0.15220623491008894,1.0,2.3977401539951817,0.02412486705354097,987.7894941199531,0,0.011026394999998246
evaluation-002,0,prior,8,0,6.169509193854684,1.5070206994603366,0.8956846233274058,0.96875,6.46994892957223,0.24368784423989684,1024.0,0,0.0
evaluation-002,1,prior,8,0,6.169509193854684,1.5070206994603366,0.8956846233274058,0.96875,6.46994892957223,0.24368784423989684,1024.0,0,0.0
evaluation-002,2,prior,8,0,6.169509193854684,1.5070206994603366,0.8956846233274058,0.96875,6.46994892957223,0.24368784423989684,1024.0,0,0.0
evaluation-002,0,pooled,8,24,0.0939394168460697,0.1846753669976875,0.11897924890282978,1.0,1.3394281600982088,0.10354201190303326,942.0676630839541,0,0.038002961999994866
evaluation-002,1,pooled,8,24,0.0939394168460697,0.1846753669976875,0.11897924890282978,1.0,1.3394281600982088,0.10354201190303326,942.0676630839541,0,0.038002961999994866
evaluation-002,2,pooled,8,24,0.0939394168460697,0.1846753669976875,0.11897924890282978,1.0,1.3394281600982088,0.10354201190303326,942.0676630839541,0,0.038002961999994866
evaluation-002,0,private,8,8,0.37231751442771266,0.3617658946407782,0.21527201061446408,0.875,1.5361272711448857,0.14204508434876933,1024.0,0,0.015289921999999123
evaluation-002,1,private,8,8,0.07703003100705244,0.2466225807388675,0.1617171207132413,1.0,2.4782406092310154,0.045613414081076345,795.4824111763016,0,0.011457738999999023
evaluation-002,2,private,8,8,0.3397352446526944,0.3434616750337933,0.20196064112058632,1.0,1.9002758006580804,0.11209138156119713,1024.0,0,0.01949244899999769
evaluation-002,0,prior,16,0,6.169509193854684,1.5070206994603366,0.8956846233274058,0.96875,6.46994892957223,0.24368784423989684,1024.0,0,0.0
evaluation-002,1,prior,16,0,6.169509193854684,1.5070206994603366,0.8956846233274058,0.96875,6.46994892957223,0.24368784423989684,1024.0,0,0.0
evaluation-002,2,prior,16,0,6.169509193854684,1.5070206994603366,0.8956846233274058,0.96875,6.46994892957223,0.24368784423989684,1024.0,0,0.0
evaluation-002,0,pooled,16,48,0.06952384076146961,0.1515351864486819,0.10681072946926634,0.90625,0.9896528987867762,0.032086344270818634,657.301860769022,0,0.1303315899999955
evaluation-002,1,pooled,16,48,0.06952384076146961,0.1515351864486819,0.10681072946926634,0.90625,0.9896528987867762,0.032086344270818634,657.301860769022,0,0.1303315899999955
evaluation-002,2,pooled,16,48,0.06952384076146961,0.1515351864486819,0.10681072946926634,0.90625,0.9896528987867762,0.032086344270818634,657.301860769022,0,0.1303315899999955
evaluation-002,0,private,16,16,0.06834100349585015,0.1567959296868363,0.10833582835179557,0.9375,1.1655744963692052,0.038780961209162676,666.3149871638317,0,0.04192783399999733
evaluation-002,1,private,16,16,0.1843458783542405,0.2898879557923656,0.19359782946183582,0.9375,2.3623295967050075,0.1458017488687197,564.1795080884258,0,0.016752790999998268
evaluation-002,2,private,16,16,0.0789886868725571,0.188008980304043,0.12237968680698012,1.0,1.6544572558013826,0.031931357884903096,529.0349470744819,0,0.025450668999992487
evaluation-002,0,prior,32,0,6.169509193854684,1.5070206994603366,0.8956846233274058,0.96875,6.46994892957223,0.24368784423989684,1024.0,0,0.0
evaluation-002,1,prior,32,0,6.169509193854684,1.5070206994603366,0.8956846233274058,0.96875,6.46994892957223,0.24368784423989684,1024.0,0,0.0
evaluation-002,2,prior,32,0,6.169509193854684,1.5070206994603366,0.8956846233274058,0.96875,6.46994892957223,0.24368784423989684,1024.0,0,0.0
evaluation-002,0,pooled,32,96,0.05173465146637995,0.13203339024034016,0.09103413539785468,1.0,0.7526526045538366,0.022699719101572955,575.466371288549,0,0.27559676199999217
evaluation-002,1,pooled,32,96,0.05173465146637995,0.13203339024034016,0.09103413539785468,1.0,0.7526526045538366,0.022699719101572955,575.466371288549,0,0.27559676199999217
evaluation-002,2,pooled,32,96,0.05173465146637995,0.13203339024034016,0.09103413539785468,1.0,0.7526526045538366,0.022699719101572955,575.466371288549,0,0.27559676199999217
evaluation-002,0,private,32,32,0.06894971351519519,0.15371567720136103,0.10720072035985288,0.9375,1.0049065945131195,0.03819148461275475,914.3814460624735,0,0.12898819799999117
evaluation-002,1,private,32,32,0.1678307783902953,0.2736966964888559,0.18154833407786652,0.9375,2.190251038798625,0.09571821669609033,644.943225026649,0,0.05922206599999491
evaluation-002,2,private,32,32,0.08203908160216526,0.1695902553806452,0.11119655066626954,0.96875,1.0938091948930637,0.039850409690645024,655.2394871546118,0,0.09923864499999624
evaluation-002,0,prior,64,0,6.169509193854684,1.5070206994603366,0.8956846233274058,0.96875,6.46994892957223,0.24368784423989684,1024.0,0,0.0
evaluation-002,1,prior,64,0,6.169509193854684,1.5070206994603366,0.8956846233274058,0.96875,6.46994892957223,0.24368784423989684,1024.0,0,0.0
evaluation-002,2,prior,64,0,6.169509193854684,1.5070206994603366,0.8956846233274058,0.96875,6.46994892957223,0.24368784423989684,1024.0,0,0.0
evaluation-002,0,pooled,64,192,0.05244807386385892,0.13260093242500856,0.09184674514174887,0.90625,0.6987771209023242,0.02125406795135261,668.42301430904,0,0.7002020449999904
evaluation-002,1,pooled,64,192,0.05244807386385892,0.13260093242500856,0.09184674514174887,0.90625,0.6987771209023242,0.02125406795135261,668.42301430904,0,0.7002020449999904
evaluation-002,2,pooled,64,192,0.05244807386385892,0.13260093242500856,0.09184674514174887,0.90625,0.6987771209023242,0.02125406795135261,668.42301430904,0,0.7002020449999904
evaluation-002,0,private,64,64,0.06567736382143999,0.14756805754478247,0.09879829504769055,0.8125,0.7540250900886724,0.08326613902244998,1004.2531300513338,0,0.3370926259999898
evaluation-002,1,private,64,64,0.07260715667297252,0.15508667189679815,0.10759501759729775,0.8125,0.7782335950605135,0.052399468150341494,981.8469639363855,0,0.2297703259999988
evaluation-002,2,private,64,64,0.05288393922548157,0.13485223480346462,0.09236831215208258,0.96875,0.7876861256067392,0.06764819010429726,723.9936450040292,0,0.2492338699999923
evaluation-002,0,prior,128,0,6.169509193854684,1.5070206994603366,0.8956846233274058,0.96875,6.46994892957223,0.24368784423989684,1024.0,0,0.0
evaluation-002,1,prior,128,0,6.169509193854684,1.5070206994603366,0.8956846233274058,0.96875,6.46994892957223,0.24368784423989684,1024.0,0,0.0
evaluation-002,2,prior,128,0,6.169509193854684,1.5070206994603366,0.8956846233274058,0.96875,6.46994892957223,0.24368784423989684,1024.0,0,0.0
evaluation-002,0,pooled,128,384,0.0527175753848124,0.1329995391038395,0.09214114317375784,0.875,0.6835950484427953,0.006738696236874621,712.8504695035714,0,1.089203510000008
evaluation-002,1,pooled,128,384,0.0527175753848124,0.1329995391038395,0.09214114317375784,0.875,0.6835950484427953,0.006738696236874621,712.8504695035714,0,1.089203510000008
evaluation-002,2,pooled,128,384,0.0527175753848124,0.1329995391038395,0.09214114317375784,0.875,0.6835950484427953,0.006738696236874621,712.8504695035714,0,1.089203510000008
evaluation-002,0,private,128,128,0.06745715879027522,0.15020485990588414,0.09998891885535574,0.78125,0.6803885094512043,0.09365596843171758,730.3943979593851,0,0.46376668500000306
evaluation-002,1,private,128,128,0.05904109929396364,0.14019101121977462,0.09777882845411828,0.84375,0.7144889183066327,0.0676784305324815,900.5971435048197,0,0.5255956190000095
evaluation-002,2,private,128,128,0.05531185370152241,0.13603072324812848,0.09487642490905604,0.875,0.7106370327091596,0.02632300435362262,804.1697151753834,0,0.4297076869999916
evaluation-003,0,prior,0,0,0.632791269470725,0.6327234239361287,0.3506870726001769,1.0,6.619684991221711,0.13418466357095146,1024.0,0,0.0
evaluation-003,1,prior,0,0,0.632791269470725,0.6327234239361287,0.3506870726001769,1.0,6.619684991221711,0.13418466357095146,1024.0,0,0.0
evaluation-003,2,prior,0,0,0.632791269470725,0.6327234239361287,0.3506870726001769,1.0,6.619684991221711,0.13418466357095146,1024.0,0,0.0
evaluation-003,0,pooled,0,0,0.632791269470725,0.6327234239361287,0.3506870726001769,1.0,6.619684991221711,0.13418466357095146,1024.0,0,0.0
evaluation-003,1,pooled,0,0,0.632791269470725,0.6327234239361287,0.3506870726001769,1.0,6.619684991221711,0.13418466357095146,1024.0,0,0.0
evaluation-003,2,pooled,0,0,0.632791269470725,0.6327234239361287,0.3506870726001769,1.0,6.619684991221711,0.13418466357095146,1024.0,0,0.0
evaluation-003,0,private,0,0,0.632791269470725,0.6327234239361287,0.3506870726001769,1.0,6.619684991221711,0.13418466357095146,1024.0,0,0.0
evaluation-003,1,private,0,0,0.632791269470725,0.6327234239361287,0.3506870726001769,1.0,6.619684991221711,0.13418466357095146,1024.0,0,0.0
evaluation-003,2,private,0,0,0.632791269470725,0.6327234239361287,0.3506870726001769,1.0,6.619684991221711,0.13418466357095146,1024.0,0,0.0
evaluation-003,0,prior,4,0,0.632791269470725,0.6327234239361287,0.3506870726001769,1.0,6.619684991221711,0.13418466357095146,1024.0,0,0.0
evaluation-003,1,prior,4,0,0.632791269470725,0.6327234239361287,0.3506870726001769,1.0,6.619684991221711,0.13418466357095146,1024.0,0,0.0
evaluation-003,2,prior,4,0,0.632791269470725,0.6327234239361287,0.3506870726001769,1.0,6.619684991221711,0.13418466357095146,1024.0,0,0.0
evaluation-003,0,pooled,4,12,0.948908211647118,0.5431171321079837,0.28559350193622646,1.0,3.0583804540133457,0.15507288789340418,774.4891670298191,0,0.030744343000005614
evaluation-003,1,pooled,4,12,0.948908211647118,0.5431171321079837,0.28559350193622646,1.0,3.0583804540133457,0.15507288789340418,774.4891670298191,0,0.030744343000005614
evaluation-003,2,pooled,4,12,0.948908211647118,0.5431171321079837,0.28559350193622646,1.0,3.0583804540133457,0.15507288789340418,774.4891670298191,0,0.030744343000005614
evaluation-003,0,private,4,4,0.5022468490298393,0.42058480970168655,0.22451441430329785,1.0,3.288087561836576,0.10549781116483525,1024.0,0,0.023742375000001203
evaluation-003,1,private,4,4,0.5117129960893192,0.4108507455147507,0.21937090370634332,1.0,3.2014356343926575,0.08141611412877513,990.7281504331129,0,0.015190840999991906
evaluation-003,2,private,4,4,1.1729221350099086,0.6157193486874173,0.32133283860400313,0.96875,3.2901827121817067,0.11413339809296996,709.0462902493922,0,0.008023449999999599
evaluation-003,0,prior,8,0,0.632791269470725,0.6327234239361287,0.3506870726001769,1.0,6.619684991221711,0.13418466357095146,1024.0,0,0.0
evaluation-003,1,prior,8,0,0.632791269470725,0.6327234239361287,0.3506870726001769,1.0,6.619684991221711,0.13418466357095146,1024.0,0,0.0
evaluation-003,2,prior,8,0,0.632791269470725,0.6327234239361287,0.3506870726001769,1.0,6.619684991221711,0.13418466357095146,1024.0,0,0.0
evaluation-003,0,pooled,8,24,0.27976476886204477,0.30922651942618107,0.16842910265056216,1.0,2.0762984861816274,0.027811347870833086,1024.0,0,0.085432528000009
evaluation-003,1,pooled,8,24,0.27976476886204477,0.30922651942618107,0.16842910265056216,1.0,2.0762984861816274,0.027811347870833086,1024.0,0,0.085432528000009
evaluation-003,2,pooled,8,24,0.27976476886204477,0.30922651942618107,0.16842910265056216,1.0,2.0762984861816274,0.027811347870833086,1024.0,0,0.085432528000009
evaluation-003,0,private,8,8,0.528295504416787,0.4244296146090429,0.2264732910882644,1.0,3.1866497209159896,0.10694292704834539,597.0057720251705,0,0.026726761000002597
evaluation-003,1,private,8,8,0.9360821354990638,0.5460043572645248,0.2868304024951448,0.96875,3.091679003705343,0.1301504622895832,639.8554754382345,0,0.01828306099999466
evaluation-003,2,private,8,8,0.29424936907214616,0.31571654637081104,0.1716243032413502,1.0,2.173977635082375,0.054108910259525404,853.3686283758287,0,0.022562439999997963
evaluation-003,0,prior,16,0,0.632791269470725,0.6327234239361287,0.3506870726001769,1.0,6.619684991221711,0.13418466357095146,1024.0,0,0.0
evaluation-003,1,prior,16,0,0.632791269470725,0.6327234239361287,0.3506870726001769,1.0,6.619684991221711,0.13418466357095146,1024.0,0,0.0
evaluation-003,2,prior,16,0,0.632791269470725,0.6327234239361287,0.3506870726001769,1.0,6.619684991221711,0.13418466357095146,1024.0,0,0.0
evaluation-003,0,pooled,16,48,0.3015231967821593,0.3155829550156371,0.17121573019998146,0.90625,1.741425579951836,0.1408691416307308,784.4342478081252,0,0.17942314900001222
evaluation-003,1,pooled,16,48,0.3015231967821593,0.3155829550156371,0.17121573019998146,0.90625,1.741425579951836,0.1408691416307308,784.4342478081252,0,0.17942314900001222
evaluation-003,2,pooled,16,48,0.3015231967821593,0.3155829550156371,0.17121573019998146,0.90625,1.741425579951836,0.1408691416307308,784.4342478081252,0,0.17942314900001222
evaluation-003,0,private,16,16,0.6124435406912281,0.44939134124277025,0.23854730400023727,1.0,3.148561453518007,0.10862523666056974,966.0118738221769,0,0.05330520400000793
evaluation-003,1,private,16,16,1.4356721808822213,0.6976388832035209,0.3628580722704692,0.75,2.7831383138696015,0.18571407912924776,1004.0430169493292,0,0.03624698499999823
evaluation-003,2,private,16,16,0.3079565051226841,0.32070692777587567,0.17391149948625145,0.90625,1.9904524709675335,0.0705802310890696,893.5241406538481,0,0.05519495899999427
evaluation-003,0,prior,32,0,0.632791269470725,0.6327234239361287,0.3506870726001769,1.0,6.619684991221711,0.13418466357095146,1024.0,0,0.0
evaluation-003,1,prior,32,0,0.632791269470725,0.6327234239361287,0.3506870726001769,1.0,6.619684991221711,0.13418466357095146,1024.0,0,0.0
evaluation-003,2,prior,32,0,0.632791269470725,0.6327234239361287,0.3506870726001769,1.0,6.619684991221711,0.13418466357095146,1024.0,0,0.0
evaluation-003,0,pooled,32,96,0.28220740221360974,0.30625190291526994,0.16705918889120433,0.96875,1.6738598223806869,0.01302410993903245,984.5329622939386,0,0.32117748100000654
evaluation-003,1,pooled,32,96,0.28220740221360974,0.30625190291526994,0.16705918889120433,0.96875,1.6738598223806869,0.01302410993903245,984.5329622939386,0,0.32117748100000654
evaluation-003,2,pooled,32,96,0.28220740221360974,0.30625190291526994,0.16705918889120433,0.96875,1.6738598223806869,0.01302410993903245,984.5329622939386,0,0.32117748100000654
evaluation-003,0,private,32,32,1.0722293701724637,0.5877821710607614,0.30832727749967026,0.96875,2.96141078079657,0.17287196203508703,1015.3247730358148,0,0.1034408920000125
evaluation-003,1,private,32,32,0.32788155530121965,0.332461516091201,0.18000729045607036,0.96875,2.029421973212852,0.04128281966784201,1022.218152973684,0,0.10819624699998798
evaluation-003,2,private,32,32,0.2936796819198219,0.31424646633467945,0.17086597572575268,0.96875,1.904368244312986,0.03962309093817862,928.1015999042296,0,0.08881371799999371
evaluation-003,0,prior,64,0,0.632791269470725,0.6327234239361287,0.3506870726001769,1.0,6.619684991221711,0.13418466357095146,1024.0,0,0.0
evaluation-003,1,prior,64,0,0.632791269470725,0.6327234239361287,0.3506870726001769,1.0,6.619684991221711,0.13418466357095146,1024.0,0,0.0
evaluation-003,2,prior,64,0,0.632791269470725,0.6327234239361287,0.3506870726001769,1.0,6.619684991221711,0.13418466357095146,1024.0,0,0.0
evaluation-003,0,pooled,64,192,0.2772587471765167,0.3034986786007151,0.16556718847609891,0.96875,1.649796900227638,0.024543210852078154,807.9909200842045,0,0.726260156999988
evaluation-003,1,pooled,64,192,0.2772587471765167,0.3034986786007151,0.16556718847609891,0.96875,1.649796900227638,0.024543210852078154,807.9909200842045,0,0.726260156999988
evaluation-003,2,pooled,64,192,0.2772587471765167,0.3034986786007151,0.16556718847609891,0.96875,1.649796900227638,0.024543210852078154,807.9909200842045,0,0.726260156999988
evaluation-003,0,private,64,64,0.27682794345724476,0.30338827327358053,0.1658821880022679,0.96875,1.651793709166602,0.051485586095793866,1023.27819456024,0,0.33678211900000576
evaluation-003,1,private,64,64,0.28074571042836166,0.30504098372265315,0.1660657051784355,0.9375,1.7061598272155964,0.07844914600044017,539.7393336483202,0,0.334403058999996
evaluation-003,2,private,64,64,0.27782738242894184,0.30414288182060756,0.1657805072926124,0.96875,1.6787745352179488,0.040795108953251794,534.6586546153169,0,0.2894796190000051
evaluation-003,0,prior,128,0,0.632791269470725,0.6327234239361287,0.3506870726001769,1.0,6.619684991221711,0.13418466357095146,1024.0,0,0.0
evaluation-003,1,prior,128,0,0.632791269470725,0.6327234239361287,0.3506870726001769,1.0,6.619684991221711,0.13418466357095146,1024.0,0,0.0
evaluation-003,2,prior,128,0,0.632791269470725,0.6327234239361287,0.3506870726001769,1.0,6.619684991221711,0.13418466357095146,1024.0,0,0.0
evaluation-003,0,pooled,128,384,0.2780124742267214,0.30411276136534476,0.16594500433533146,0.96875,1.642159234641397,0.00883065251698185,662.0486928658287,0,1.1122058999999993
evaluation-003,1,pooled,128,384,0.2780124742267214,0.30411276136534476,0.16594500433533146,0.96875,1.642159234641397,0.00883065251698185,662.0486928658287,0,1.1122058999999993
evaluation-003,2,pooled,128,384,0.2780124742267214,0.30411276136534476,0.16594500433533146,0.96875,1.642159234641397,0.00883065251698185,662.0486928658287,0,1.1122058999999993
evaluation-003,0,private,128,128,0.28038545325719355,0.30564744295872937,0.16684073239596697,0.9375,1.6368687903987056,0.012899189805306088,1021.5976099037523,0,0.7166728700000107
evaluation-003,1,private,128,128,0.2794193985101503,0.3046065666828208,0.16608544056465158,0.9375,1.6623399037666173,0.028662988862474478,943.9114661165755,0,0.6466035489999982
evaluation-003,2,private,128,128,0.2769550039487331,0.30364800841099043,0.16576371384083322,0.90625,1.6317451279516957,0.020687496475118673,580.1583789497971,0,0.5341905500000017
evaluation-004,0,prior,0,0,2.4944087269613844,0.9592365743530541,0.514302106796126,1.0,6.584086494793838,0.12655178293251734,1024.0,0,0.0
evaluation-004,1,prior,0,0,2.4944087269613844,0.9592365743530541,0.514302106796126,1.0,6.584086494793838,0.12655178293251734,1024.0,0,0.0
evaluation-004,2,prior,0,0,2.4944087269613844,0.9592365743530541,0.514302106796126,1.0,6.584086494793838,0.12655178293251734,1024.0,0,0.0
evaluation-004,0,pooled,0,0,2.4944087269613844,0.9592365743530541,0.514302106796126,1.0,6.584086494793838,0.12655178293251734,1024.0,0,0.0
evaluation-004,1,pooled,0,0,2.4944087269613844,0.9592365743530541,0.514302106796126,1.0,6.584086494793838,0.12655178293251734,1024.0,0,0.0
evaluation-004,2,pooled,0,0,2.4944087269613844,0.9592365743530541,0.514302106796126,1.0,6.584086494793838,0.12655178293251734,1024.0,0,0.0
evaluation-004,0,private,0,0,2.4944087269613844,0.9592365743530541,0.514302106796126,1.0,6.584086494793838,0.12655178293251734,1024.0,0,0.0
evaluation-004,1,private,0,0,2.4944087269613844,0.9592365743530541,0.514302106796126,1.0,6.584086494793838,0.12655178293251734,1024.0,0,0.0
evaluation-004,2,private,0,0,2.4944087269613844,0.9592365743530541,0.514302106796126,1.0,6.584086494793838,0.12655178293251734,1024.0,0,0.0
evaluation-004,0,prior,4,0,2.4944087269613844,0.9592365743530541,0.514302106796126,1.0,6.584086494793838,0.12655178293251734,1024.0,0,0.0
evaluation-004,1,prior,4,0,2.4944087269613844,0.9592365743530541,0.514302106796126,1.0,6.584086494793838,0.12655178293251734,1024.0,0,0.0
evaluation-004,2,prior,4,0,2.4944087269613844,0.9592365743530541,0.514302106796126,1.0,6.584086494793838,0.12655178293251734,1024.0,0,0.0
evaluation-004,0,pooled,4,12,0.7929576931336122,0.5192928511642931,0.27783811817538334,1.0,3.2789515342010676,0.13727395602675413,595.3195491030734,0,0.01277663400000506
evaluation-004,1,pooled,4,12,0.7929576931336122,0.5192928511642931,0.27783811817538334,1.0,3.2789515342010676,0.13727395602675413,595.3195491030734,0,0.01277663400000506
evaluation-004,2,pooled,4,12,0.7929576931336122,0.5192928511642931,0.27783811817538334,1.0,3.2789515342010676,0.13727395602675413,595.3195491030734,0,0.01277663400000506
evaluation-004,0,private,4,4,0.7480373203058297,0.49988278887220494,0.26752307049583424,1.0,3.4398513491491904,0.09264160877965344,987.3697532386512,0,0.0074382160000077135
evaluation-004,1,private,4,4,0.5299386488768791,0.44414425558983894,0.24034046304554507,0.96875,3.4945884736808246,0.10973659921282465,639.674233863228,0,0.003961725000003469
evaluation-004,2,private,4,4,0.4775412158370879,0.43606671084216486,0.23639021050989686,0.96875,3.495166087308506,0.08981084196880491,750.1543773288811,0,0.008322926999994706
evaluation-004,0,prior,8,0,2.4944087269613844,0.9592365743530541,0.514302106796126,1.0,6.584086494793838,0.12655178293251734,1024.0,0,0.0
evaluation-004,1,prior,8,0,2.4944087269613844,0.9592365743530541,0.514302106796126,1.0,6.584086494793838,0.12655178293251734,1024.0,0,0.0
evaluation-004,2,prior,8,0,2.4944087269613844,0.9592365743530541,0.514302106796126,1.0,6.584086494793838,0.12655178293251734,1024.0,0,0.0
evaluation-004,0,pooled,8,24,0.27750015306375225,0.3188860776612628,0.17803609253294606,1.0,2.351408979856876,0.08056200634227079,726.8086711493429,0,0.03620956400000708
evaluation-004,1,pooled,8,24,0.27750015306375225,0.3188860776612628,0.17803609253294606,1.0,2.351408979856876,0.08056200634227079,726.8086711493429,0,0.03620956400000708
evaluation-004,2,pooled,8,24,0.27750015306375225,0.3188860776612628,0.17803609253294606,1.0,2.351408979856876,0.08056200634227079,726.8086711493429,0,0.03620956400000708
evaluation-004,0,private,8,8,0.8380618360787371,0.5243826369183697,0.27962572832164095,0.96875,3.3547637886334947,0.09687621592118928,877.120288718219,0,0.009601653000011368
evaluation-004,1,private,8,8,0.3719667522684573,0.37741778095766043,0.20755915222858318,0.9375,2.8737064016375298,0.05504354188945418,1020.4481139834545,0,0.013212629000001641
evaluation-004,2,private,8,8,0.588848565427785,0.45987451606429464,0.24784876430652233,1.0,3.487848241493345,0.1030855347795404,1022.8522322506138,0,0.015690563999996243
evaluation-004,0,prior,16,0,2.4944087269613844,0.9592365743530541,0.514302106796126,1.0,6.584086494793838,0.12655178293251734,1024.0,0,0.0
evaluation-004,1,prior,16,0,2.4944087269613844,0.9592365743530541,0.514302106796126,1.0,6.584086494793838,0.12655178293251734,1024.0,0,0.0
evaluation-004,2,prior,16,0,2.4944087269613844,0.9592365743530541,0.514302106796126,1.0,6.584086494793838,0.12655178293251734,1024.0,0,0.0
evaluation-004,0,pooled,16,48,0.2916023657783417,0.3144109916134621,0.17590127121770827,0.96875,1.7600750100416067,0.053829453044938566,863.1633063888926,0,0.08487356500000942
evaluation-004,1,pooled,16,48,0.2916023657783417,0.3144109916134621,0.17590127121770827,0.96875,1.7600750100416067,0.053829453044938566,863.1633063888926,0,0.08487356500000942
evaluation-004,2,pooled,16,48,0.2916023657783417,0.3144109916134621,0.17590127121770827,0.96875,1.7600750100416067,0.053829453044938566,863.1633063888926,0,0.08487356500000942
evaluation-004,0,private,16,16,0.3281504976695851,0.3526705478419063,0.19498559100209728,0.9375,2.7049351783546336,0.07240725409055548,894.4118253471223,0,0.02081561700001444
evaluation-004,1,private,16,16,0.3777379349586404,0.35656867386111285,0.19703478487846854,0.9375,2.1262393274458633,0.0744814383574648,957.0443075141092,0,0.026067078000004074
evaluation-004,2,private,16,16,0.6506175855440346,0.48079810071651075,0.2584104656746326,1.0,3.4881329778313725,0.1084913382242335,823.1064377960369,0,0.018446088999997556
evaluation-004,0,prior,32,0,2.4944087269613844,0.9592365743530541,0.514302106796126,1.0,6.584086494793838,0.12655178293251734,1024.0,0,0.0
evaluation-004,1,prior,32,0,2.4944087269613844,0.9592365743530541,0.514302106796126,1.0,6.584086494793838,0.12655178293251734,1024.0,0,0.0
evaluation-004,2,prior,32,0,2.4944087269613844,0.9592365743530541,0.514302106796126,1.0,6.584086494793838,0.12655178293251734,1024.0,0,0.0
evaluation-004,0,pooled,32,96,0.28337560963189673,0.3093862500361537,0.17343174954357274,0.9375,1.6348488377635118,0.10702985372430553,681.3356853316266,0,0.30800785200000647
evaluation-004,1,pooled,32,96,0.28337560963189673,0.3093862500361537,0.17343174954357274,0.9375,1.6348488377635118,0.10702985372430553,681.3356853316266,0,0.30800785200000647
evaluation-004,2,pooled,32,96,0.28337560963189673,0.3093862500361537,0.17343174954357274,0.9375,1.6348488377635118,0.10702985372430553,681.3356853316266,0,0.30800785200000647
evaluation-004,0,private,32,32,0.5797870608618836,0.44506056069284683,0.2411836258883981,0.71875,1.9553151225105134,0.11281266764230376,905.7060518275783,0,0.06805461300000104
evaluation-004,1,private,32,32,0.33163840276527,0.333716800321892,0.1856692433292618,0.9375,1.7774675452939872,0.04558884042003112,518.8619144651885,0,0.07242930000000314
evaluation-004,2,private,32,32,0.763720641065518,0.5112642077116202,0.27348656930321297,1.0,3.4607376336807567,0.1299485186950485,566.9330513239942,0,0.029639807000005902
evaluation-004,0,prior,64,0,2.4944087269613844,0.9592365743530541,0.514302106796126,1.0,6.584086494793838,0.12655178293251734,1024.0,0,0.0
evaluation-004,1,prior,64,0,2.4944087269613844,0.9592365743530541,0.514302106796126,1.0,6.584086494793838,0.12655178293251734,1024.0,0,0.0
evaluation-004,2,prior,64,0,2.4944087269613844,0.9592365743530541,0.514302106796126,1.0,6.584086494793838,0.12655178293251734,1024.0,0,0.0
evaluation-004,0,pooled,64,192,0.292201257977485,0.3140904889213179,0.1757292101132204,0.96875,1.6225770350009283,0.06720709135470211,933.1683158586376,0,0.8807258290000277
evaluation-004,1,pooled,64,192,0.292201257977485,0.3140904889213179,0.1757292101132204,0.96875,1.6225770350009283,0.06720709135470211,933.1683158586376,0,0.8807258290000277
evaluation-004,2,pooled,64,192,0.292201257977485,0.3140904889213179,0.1757292101132204,0.96875,1.6225770350009283,0.06720709135470211,933.1683158586376,0,0.8807258290000277
evaluation-004,0,private,64,64,0.3143730458661511,0.3259552681955455,0.18168163856267222,0.9375,1.6495244400829367,0.04735651497284967,695.6532846695973,0,0.1805483719999934
evaluation-004,1,private,64,64,0.2922312756482736,0.3136945745545402,0.17562107294143106,0.96875,1.6610090697764757,0.07646747365960907,594.962480668464,0,0.22802163299999734
evaluation-004,2,private,64,64,0.27432601381697386,0.30451720508913926,0.17099770291385785,0.96875,1.6463360251938575,0.11591126344942718,964.0499020630024,0,0.419007182000005
evaluation-004,0,prior,128,0,2.4944087269613844,0.9592365743530541,0.514302106796126,1.0,6.584086494793838,0.12655178293251734,1024.0,0,0.0
evaluation-004,1,prior,128,0,2.4944087269613844,0.9592365743530541,0.514302106796126,1.0,6.584086494793838,0.12655178293251734,1024.0,0,0.0
evaluation-004,2,prior,128,0,2.4944087269613844,0.9592365743530541,0.514302106796126,1.0,6.584086494793838,0.12655178293251734,1024.0,0,0.0
evaluation-004,0,pooled,128,384,0.29868578840295557,0.3175100113372794,0.17737763349232055,0.9375,1.6156458187717666,0.03182582434377508,804.9022320076014,0,1.4511540260000153
evaluation-004,1,pooled,128,384,0.29868578840295557,0.3175100113372794,0.17737763349232055,0.9375,1.6156458187717666,0.03182582434377508,804.9022320076014,0,1.4511540260000153
evaluation-004,2,pooled,128,384,0.29868578840295557,0.3175100113372794,0.17737763349232055,0.9375,1.6156458187717666,0.03182582434377508,804.9022320076014,0,1.4511540260000153
evaluation-004,0,private,128,128,0.31091200300456556,0.32417747966982785,0.18075097599707782,0.9375,1.6306664025645181,0.04073159272237129,587.6181720739439,0,0.36835933899999773
evaluation-004,1,private,128,128,0.2926038427428943,0.3147055840538444,0.17598938900059335,0.96875,1.6252920293806095,0.039942962586547205,515.0409112602235,0,0.436234055000007
evaluation-004,2,private,128,128,0.2947938955589879,0.31543372634092537,0.17635848080722202,0.96875,1.6148029463522247,0.03037431804207038,839.3567303159953,0,0.5759025400000013
evaluation-005,0,prior,0,0,0.9342973079089912,0.6934965934241528,0.38633524583754375,1.0,6.369272099914307,0.23287395256850918,1024.0,0,0.0
evaluation-005,1,prior,0,0,0.9342973079089912,0.6934965934241528,0.38633524583754375,1.0,6.369272099914307,0.23287395256850918,1024.0,0,0.0
evaluation-005,2,prior,0,0,0.9342973079089912,0.6934965934241528,0.38633524583754375,1.0,6.369272099914307,0.23287395256850918,1024.0,0,0.0
evaluation-005,0,pooled,0,0,0.9342973079089912,0.6934965934241528,0.38633524583754375,1.0,6.369272099914307,0.23287395256850918,1024.0,0,0.0
evaluation-005,1,pooled,0,0,0.9342973079089912,0.6934965934241528,0.38633524583754375,1.0,6.369272099914307,0.23287395256850918,1024.0,0,0.0
evaluation-005,2,pooled,0,0,0.9342973079089912,0.6934965934241528,0.38633524583754375,1.0,6.369272099914307,0.23287395256850918,1024.0,0,0.0
evaluation-005,0,private,0,0,0.9342973079089912,0.6934965934241528,0.38633524583754375,1.0,6.369272099914307,0.23287395256850918,1024.0,0,0.0
evaluation-005,1,private,0,0,0.9342973079089912,0.6934965934241528,0.38633524583754375,1.0,6.369272099914307,0.23287395256850918,1024.0,0,0.0
evaluation-005,2,private,0,0,0.9342973079089912,0.6934965934241528,0.38633524583754375,1.0,6.369272099914307,0.23287395256850918,1024.0,0,0.0
evaluation-005,0,prior,4,0,0.9342973079089912,0.6934965934241528,0.38633524583754375,1.0,6.369272099914307,0.23287395256850918,1024.0,0,0.0
evaluation-005,1,prior,4,0,0.9342973079089912,0.6934965934241528,0.38633524583754375,1.0,6.369272099914307,0.23287395256850918,1024.0,0,0.0
evaluation-005,2,prior,4,0,0.9342973079089912,0.6934965934241528,0.38633524583754375,1.0,6.369272099914307,0.23287395256850918,1024.0,0,0.0
evaluation-005,0,pooled,4,12,0.8411365982377317,0.48519878935166444,0.2615463848075845,0.96875,3.0695592938304794,0.22668531617503304,828.6269884713848,0,0.01662859799999694
evaluation-005,1,pooled,4,12,0.8411365982377317,0.48519878935166444,0.2615463848075845,0.96875,3.0695592938304794,0.22668531617503304,828.6269884713848,0,0.01662859799999694
evaluation-005,2,pooled,4,12,0.8411365982377317,0.48519878935166444,0.2615463848075845,0.96875,3.0695592938304794,0.22668531617503304,828.6269884713848,0,0.01662859799999694
evaluation-005,0,private,4,4,0.8434510390723153,0.48208689231039037,0.2609264952364673,0.96875,3.1289532677832783,0.20171972828339807,651.2897206467311,0,0.010198410999990415
evaluation-005,1,private,4,4,0.6937714821487893,0.46633206795914833,0.2513440950594702,0.96875,3.139573048914184,0.2180555340267405,537.2202990593637,0,0.00641694999999487
evaluation-005,2,private,4,4,0.7917817466643677,0.46869133702470034,0.2544016712086413,0.9375,3.071109096769966,0.20824070362071567,999.8904611423003,0,0.011536456000001749
evaluation-005,0,prior,8,0,0.9342973079089912,0.6934965934241528,0.38633524583754375,1.0,6.369272099914307,0.23287395256850918,1024.0,0,0.0
evaluation-005,1,prior,8,0,0.9342973079089912,0.6934965934241528,0.38633524583754375,1.0,6.369272099914307,0.23287395256850918,1024.0,0,0.0
evaluation-005,2,prior,8,0,0.9342973079089912,0.6934965934241528,0.38633524583754375,1.0,6.369272099914307,0.23287395256850918,1024.0,0,0.0
evaluation-005,0,pooled,8,24,0.48261325111873987,0.401333390444772,0.21906162374738442,0.78125,1.9612037481722653,0.14021703794090853,992.3542661868479,0,0.04467356499997521
evaluation-005,1,pooled,8,24,0.48261325111873987,0.401333390444772,0.21906162374738442,0.78125,1.9612037481722653,0.14021703794090853,992.3542661868479,0,0.04467356499997521
evaluation-005,2,pooled,8,24,0.48261325111873987,0.401333390444772,0.21906162374738442,0.78125,1.9612037481722653,0.14021703794090853,992.3542661868479,0,0.04467356499997521
evaluation-005,0,private,8,8,0.498073877176452,0.4110961032920917,0.2237967704595671,0.78125,2.006756787876845,0.16991170506383044,1020.7552915103147,0,0.021767610999994247
evaluation-005,1,private,8,8,0.674972621382,0.471800302601853,0.2539403858886194,0.96875,3.1602341377984784,0.21366808038984264,1006.2041616668778,0,0.015788080999996623
evaluation-005,2,private,8,8,0.3828443099472796,0.36526979299643847,0.2012153889060877,0.9375,2.4942387506056085,0.20384155208567237,1024.0,0,0.02164680799999985
evaluation-005,0,prior,16,0,0.9342973079089912,0.6934965934241528,0.38633524583754375,1.0,6.369272099914307,0.23287395256850918,1024.0,0,0.0
evaluation-005,1,prior,16,0,0.9342973079089912,0.6934965934241528,0.38633524583754375,1.0,6.369272099914307,0.23287395256850918,1024.0,0,0.0
evaluation-005,2,prior,16,0,0.9342973079089912,0.6934965934241528,0.38633524583754375,1.0,6.369272099914307,0.23287395256850918,1024.0,0,0.0
evaluation-005,0,pooled,16,48,0.25701578298884503,0.29480989016241166,0.1660716869963068,0.90625,1.7217248528520606,0.019108681186758406,1020.8748794877458,0,0.11236737800000185
evaluation-005,1,pooled,16,48,0.25701578298884503,0.29480989016241166,0.1660716869963068,0.90625,1.7217248528520606,0.019108681186758406,1020.8748794877458,0,0.11236737800000185
evaluation-005,2,pooled,16,48,0.25701578298884503,0.29480989016241166,0.1660716869963068,0.90625,1.7217248528520606,0.019108681186758406,1020.8748794877458,0,0.11236737800000185
evaluation-005,0,private,16,16,0.3997946627773341,0.36564745844746904,0.20102480982129034,0.84375,1.9268903967880866,0.1545973145693548,556.1498720986889,0,0.02917860300000541
evaluation-005,1,private,16,16,0.9578627281767348,0.5108563649523021,0.2744981937497875,1.0,3.020180038581951,0.18179579061095505,765.1162847454657,0,0.029838994999984436
evaluation-005,2,private,16,16,0.48820966379926684,0.3959793102931332,0.21673149715512746,0.9375,2.270402959142539,0.202346243207091,631.2513552065254,0,0.02496395999999379
evaluation-005,0,prior,32,0,0.9342973079089912,0.6934965934241528,0.38633524583754375,1.0,6.369272099914307,0.23287395256850918,1024.0,0,0.0
evaluation-005,1,prior,32,0,0.9342973079089912,0.6934965934241528,0.38633524583754375,1.0,6.369272099914307,0.23287395256850918,1024.0,0,0.0
evaluation-005,2,prior,32,0,0.9342973079089912,0.6934965934241528,0.38633524583754375,1.0,6.369272099914307,0.23287395256850918,1024.0,0,0.0
evaluation-005,0,pooled,32,96,0.25622391395761024,0.29427126339409815,0.16558748958342567,0.875,1.5566444782833266,0.042775814589455924,1001.2256094355658,0,0.3316247499999889
evaluation-005,1,pooled,32,96,0.25622391395761024,0.29427126339409815,0.16558748958342567,0.875,1.5566444782833266,0.042775814589455924,1001.2256094355658,0,0.3316247499999889
evaluation-005,2,pooled,32,96,0.25622391395761024,0.29427126339409815,0.16558748958342567,0.875,1.5566444782833266,0.042775814589455924,1001.2256094355658,0,0.3316247499999889
evaluation-005,0,private,32,32,0.3292521161613464,0.33200630375949025,0.18426385586615213,0.8125,1.7293094886615887,0.08217727796611235,525.4826695092199,0,0.05758601499999827
evaluation-005,1,private,32,32,1.0940852995700907,0.5407871571650553,0.28916911430094366,0.96875,2.868088308818206,0.1757751080955579,889.9391547456232,0,0.06548115699996515
evaluation-005,2,private,32,32,0.393315161876471,0.3659279478105354,0.20163886219167493,0.84375,1.7949532092967821,0.17377635587548956,1006.2352927911335,0,0.10015113000000753
evaluation-005,0,prior,64,0,0.9342973079089912,0.6934965934241528,0.38633524583754375,1.0,6.369272099914307,0.23287395256850918,1024.0,0,0.0
evaluation-005,1,prior,64,0,0.9342973079089912,0.6934965934241528,0.38633524583754375,1.0,6.369272099914307,0.23287395256850918,1024.0,0,0.0
evaluation-005,2,prior,64,0,0.9342973079089912,0.6934965934241528,0.38633524583754375,1.0,6.369272099914307,0.23287395256850918,1024.0,0,0.0
evaluation-005,0,pooled,64,192,0.26970163410212766,0.3014098165622923,0.16914019462071625,0.84375,1.5393204939355536,0.0162054170476447,942.7490596714487,0,0.7339270380000045
evaluation-005,1,pooled,64,192,0.26970163410212766,0.3014098165622923,0.16914019462071625,0.84375,1.5393204939355536,0.0162054170476447,942.7490596714487,0,0.7339270380000045
evaluation-005,2,pooled,64,192,0.26970163410212766,0.3014098165622923,0.16914019462071625,0.84375,1.5393204939355536,0.0162054170476447,942.7490596714487,0,0.7339270380000045
evaluation-005,0,private,64,64,0.2588883104307467,0.2951530378792025,0.16629797936924645,0.875,1.5762608543206287,0.018109843275867496,544.0092037243392,0,0.18826776900001363
evaluation-005,1,private,64,64,0.30689789983095384,0.3210759205055459,0.17875560571038246,0.75,1.5612344235232873,0.05804765814891914,547.2899116246207,0,0.1786872179999861
evaluation-005,2,private,64,64,0.2584118999360265,0.29461803497700245,0.16597819525277674,0.875,1.5812020163711256,0.021802462075160695,561.5520314704446,0,0.2776284039999908
evaluation-005,0,prior,128,0,0.9342973079089912,0.6934965934241528,0.38633524583754375,1.0,6.369272099914307,0.23287395256850918,1024.0,0,0.0
evaluation-005,1,prior,128,0,0.9342973079089912,0.6934965934241528,0.38633524583754375,1.0,6.369272099914307,0.23287395256850918,1024.0,0,0.0
evaluation-005,2,prior,128,0,0.9342973079089912,0.6934965934241528,0.38633524583754375,1.0,6.369272099914307,0.23287395256850918,1024.0,0,0.0
evaluation-005,0,pooled,128,384,0.26820679217371657,0.3008832133548166,0.16894324697991697,0.84375,1.5354502008610167,0.006829758143231564,614.1018416790685,0,1.161671536999961
evaluation-005,1,pooled,128,384,0.26820679217371657,0.3008832133548166,0.16894324697991697,0.84375,1.5354502008610167,0.006829758143231564,614.1018416790685,0,1.161671536999961
evaluation-005,2,pooled,128,384,0.26820679217371657,0.3008832133548166,0.16894324697991697,0.84375,1.5354502008610167,0.006829758143231564,614.1018416790685,0,1.161671536999961
evaluation-005,0,private,128,128,0.2670395062443751,0.30036235152528645,0.1685356551185579,0.84375,1.533079096826605,0.02833387115328429,555.692463377299,0,0.3962248050000241
evaluation-005,1,private,128,128,0.27145195306445685,0.30224242098419735,0.16999099383211133,0.9375,1.5686811764042918,0.0472679118500569,774.542361030676,0,0.6227038600000014
evaluation-005,2,private,128,128,0.2541111917480618,0.29251637089357285,0.1648025236365084,0.84375,1.5455669822464844,0.04601224508943854,809.8337058128365,0,0.49250453900003066
evaluation-006,0,prior,0,0,0.8483466122369808,0.6739639785189817,0.37215110182918926,1.0,6.453519947015763,0.28559756698084404,1024.0,0,0.0
evaluation-006,1,prior,0,0,0.8483466122369808,0.6739639785189817,0.37215110182918926,1.0,6.453519947015763,0.28559756698084404,1024.0,0,0.0
evaluation-006,2,prior,0,0,0.8483466122369808,0.6739639785189817,0.37215110182918926,1.0,6.453519947015763,0.28559756698084404,1024.0,0,0.0
evaluation-006,0,pooled,0,0,0.8483466122369808,0.6739639785189817,0.37215110182918926,1.0,6.453519947015763,0.28559756698084404,1024.0,0,0.0
evaluation-006,1,pooled,0,0,0.8483466122369808,0.6739639785189817,0.37215110182918926,1.0,6.453519947015763,0.28559756698084404,1024.0,0,0.0
evaluation-006,2,pooled,0,0,0.8483466122369808,0.6739639785189817,0.37215110182918926,1.0,6.453519947015763,0.28559756698084404,1024.0,0,0.0
evaluation-006,0,private,0,0,0.8483466122369808,0.6739639785189817,0.37215110182918926,1.0,6.453519947015763,0.28559756698084404,1024.0,0,0.0
evaluation-006,1,private,0,0,0.8483466122369808,0.6739639785189817,0.37215110182918926,1.0,6.453519947015763,0.28559756698084404,1024.0,0,0.0
evaluation-006,2,private,0,0,0.8483466122369808,0.6739639785189817,0.37215110182918926,1.0,6.453519947015763,0.28559756698084404,1024.0,0,0.0
evaluation-006,0,prior,4,0,0.8483466122369808,0.6739639785189817,0.37215110182918926,1.0,6.453519947015763,0.28559756698084404,1024.0,0,0.0
evaluation-006,1,prior,4,0,0.8483466122369808,0.6739639785189817,0.37215110182918926,1.0,6.453519947015763,0.28559756698084404,1024.0,0,0.0
evaluation-006,2,prior,4,0,0.8483466122369808,0.6739639785189817,0.37215110182918926,1.0,6.453519947015763,0.28559756698084404,1024.0,0,0.0
evaluation-006,0,pooled,4,12,1.7065199004782567,0.7410881345937715,0.38282952358077754,0.75,3.2662053265793625,0.23133627314893787,675.923846774639,0,0.018475202000004742
evaluation-006,1,pooled,4,12,1.7065199004782567,0.7410881345937715,0.38282952358077754,0.75,3.2662053265793625,0.23133627314893787,675.923846774639,0,0.018475202000004742
evaluation-006,2,pooled,4,12,1.7065199004782567,0.7410881345937715,0.38282952358077754,0.75,3.2662053265793625,0.23133627314893787,675.923846774639,0,0.018475202000004742
evaluation-006,0,private,4,4,1.8633516242062762,0.7831976478463731,0.40385632299288454,0.8125,3.3433052739330447,0.24019773657649154,1024.0,0,0.012445716999998524
evaluation-006,1,private,4,4,1.8949548151232851,0.7976849688350065,0.41110547372513784,0.8125,3.3415788906709594,0.2205970088120844,1022.8268464687068,0,0.011038989000006438
evaluation-006,2,private,4,4,1.705344487649548,0.7721019325607262,0.3983295057938147,0.625,3.0431543254019364,0.20011951080563684,603.1007002972918,0,0.005698707999997055
evaluation-006,0,prior,8,0,0.8483466122369808,0.6739639785189817,0.37215110182918926,1.0,6.453519947015763,0.28559756698084404,1024.0,0,0.0
evaluation-006,1,prior,8,0,0.8483466122369808,0.6739639785189817,0.37215110182918926,1.0,6.453519947015763,0.28559756698084404,1024.0,0,0.0
evaluation-006,2,prior,8,0,0.8483466122369808,0.6739639785189817,0.37215110182918926,1.0,6.453519947015763,0.28559756698084404,1024.0,0,0.0
evaluation-006,0,pooled,8,24,0.434351061789996,0.38533774473455984,0.20499744478154355,0.84375,2.1120622718467947,0.06275399418499963,591.88848586564,0,0.056629726000004155
evaluation-006,1,pooled,8,24,0.434351061789996,0.38533774473455984,0.20499744478154355,0.84375,2.1120622718467947,0.06275399418499963,591.88848586564,0,0.056629726000004155
evaluation-006,2,pooled,8,24,0.434351061789996,0.38533774473455984,0.20499744478154355,0.84375,2.1120622718467947,0.06275399418499963,591.88848586564,0,0.056629726000004155
evaluation-006,0,private,8,8,1.7801623892849363,0.7607143563340085,0.392639948639411,0.8125,3.3356545141513863,0.24804374259149026,853.4145259447791,0,0.017445101999989276
evaluation-006,1,private,8,8,0.811003919278193,0.507413764362967,0.2660671161141691,0.8125,2.651135635646465,0.15309929331110195,833.0952403783292,0,0.03190272500000901
evaluation-006,2,private,8,8,0.47694684005689836,0.402958902031057,0.2138417369074554,0.8125,2.171727412648151,0.06845335452086196,1023.2238362844381,0,0.03916743000000622
evaluation-006,0,prior,16,0,0.8483466122369808,0.6739639785189817,0.37215110182918926,1.0,6.453519947015763,0.28559756698084404,1024.0,0,0.0
evaluation-006,1,prior,16,0,0.8483466122369808,0.6739639785189817,0.37215110182918926,1.0,6.453519947015763,0.28559756698084404,1024.0,0,0.0
evaluation-006,2,prior,16,0,0.8483466122369808,0.6739639785189817,0.37215110182918926,1.0,6.453519947015763,0.28559756698084404,1024.0,0,0.0
evaluation-006,0,pooled,16,48,0.43618455456705074,0.385330248434378,0.20500391617562924,0.875,1.8658370848772179,0.06789775899150455,990.8852405945419,0,0.12116587000000578
evaluation-006,1,pooled,16,48,0.43618455456705074,0.385330248434378,0.20500391617562924,0.875,1.8658370848772179,0.06789775899150455,990.8852405945419,0,0.12116587000000578
evaluation-006,2,pooled,16,48,0.43618455456705074,0.385330248434378,0.20500391617562924,0.875,1.8658370848772179,0.06789775899150455,990.8852405945419,0,0.12116587000000578
evaluation-006,0,private,16,16,1.7644389383020194,0.7486264135854299,0.3865925916944908,0.75,3.2478924976194326,0.2729464516538891,1020.0763905952342,0,0.04431521899997648
evaluation-006,1,private,16,16,0.8394386235156075,0.5175504056471611,0.2711539708342071,0.8125,2.60153817088491,0.15859711253806438,807.2323441289406,0,0.03547356500000376
evaluation-006,2,private,16,16,0.4109830434943277,0.3748059882943865,0.19980015353793878,0.90625,1.9745947260662158,0.031768443544924814,1006.2829765567614,0,0.05285593900000407
evaluation-006,0,prior,32,0,0.8483466122369808,0.6739639785189817,0.37215110182918926,1.0,6.453519947015763,0.28559756698084404,1024.0,0,0.0
evaluation-006,1,prior,32,0,0.8483466122369808,0.6739639785189817,0.37215110182918926,1.0,6.453519947015763,0.28559756698084404,1024.0,0,0.0
evaluation-006,2,prior,32,0,0.8483466122369808,0.6739639785189817,0.37215110182918926,1.0,6.453519947015763,0.28559756698084404,1024.0,0,0.0
evaluation-006,0,pooled,32,96,0.4046417512827921,0.37063340147077595,0.19766483710219204,0.90625,1.8435338823245102,0.010270348123712393,538.0306138851953,0,0.17140838500002076
evaluation-006,1,pooled,32,96,0.4046417512827921,0.37063340147077595,0.19766483710219204,0.90625,1.8435338823245102,0.010270348123712393,538.0306138851953,0,0.17140838500002076
evaluation-006,2,pooled,32,96,0.4046417512827921,0.37063340147077595,0.19766483710219204,0.90625,1.8435338823245102,0.010270348123712393,538.0306138851953,0,0.17140838500002076
evaluation-006,0,private,32,32,1.7347315733976805,0.7473611357260961,0.38597731968531707,0.8125,3.2447815913819955,0.26180507756877647,929.4028539821977,0,0.05915346799997678
evaluation-006,1,private,32,32,0.40692793879567546,0.37289595421444577,0.1987905601395018,0.90625,1.9476344756545236,0.0410321226558766,1023.0099058721623,0,0.07116669800000608
evaluation-006,2,private,32,32,0.4030275035141909,0.3718966507339316,0.19836984281605732,0.90625,1.9395567190804277,0.020008656680164445,806.6029481941066,0,0.061809543999991945
evaluation-006,0,prior,64,0,0.8483466122369808,0.6739639785189817,0.37215110182918926,1.0,6.453519947015763,0.28559756698084404,1024.0,0,0.0
evaluation-006,1,prior,64,0,0.8483466122369808,0.6739639785189817,0.37215110182918926,1.0,6.453519947015763,0.28559756698084404,1024.0,0,0.0
evaluation-006,2,prior,64,0,0.8483466122369808,0.6739639785189817,0.37215110182918926,1.0,6.453519947015763,0.28559756698084404,1024.0,0,0.0
evaluation-006,0,pooled,64,192,0.43217661218206044,0.38489785376420094,0.20484053816616798,0.84375,1.7629866027503904,0.09431167200672219,823.8120919115796,0,0.5875672210000147
evaluation-006,1,pooled,64,192,0.43217661218206044,0.38489785376420094,0.20484053816616798,0.84375,1.7629866027503904,0.09431167200672219,823.8120919115796,0,0.5875672210000147
evaluation-006,2,pooled,64,192,0.43217661218206044,0.38489785376420094,0.20484053816616798,0.84375,1.7629866027503904,0.09431167200672219,823.8120919115796,0,0.5875672210000147
evaluation-006,0,private,64,64,0.4590603056450229,0.39769425448247864,0.21118823280735707,0.75,1.8091246239267618,0.16520905718050205,620.6280892124115,0,0.14844463399995078
evaluation-006,1,private,64,64,0.39739420106891576,0.36772845098580637,0.19617808004215326,0.90625,1.8534664226322284,0.0703249437953904,673.5047221041873,0,0.12231055000003721
evaluation-006,2,private,64,64,0.44151622980023564,0.3898736535019681,0.20744636857587506,0.78125,1.770044272027393,0.09543873979714573,1021.8672096617112,0,0.1654648889999848
evaluation-006,0,prior,128,0,0.8483466122369808,0.6739639785189817,0.37215110182918926,1.0,6.453519947015763,0.28559756698084404,1024.0,0,0.0
evaluation-006,1,prior,128,0,0.8483466122369808,0.6739639785189817,0.37215110182918926,1.0,6.453519947015763,0.28559756698084404,1024.0,0,0.0
evaluation-006,2,prior,128,0,0.8483466122369808,0.6739639785189817,0.37215110182918926,1.0,6.453519947015763,0.28559756698084404,1024.0,0,0.0
evaluation-006,0,pooled,128,384,0.4147192294938212,0.37612646546706274,0.20045330733237288,0.84375,1.7474774183727395,0.04318988153867466,610.4963827112972,0,1.1836982209999576
evaluation-006,1,pooled,128,384,0.4147192294938212,0.37612646546706274,0.20045330733237288,0.84375,1.7474774183727395,0.04318988153867466,610.4963827112972,0,1.1836982209999576
evaluation-006,2,pooled,128,384,0.4147192294938212,0.37612646546706274,0.20045330733237288,0.84375,1.7474774183727395,0.04318988153867466,610.4963827112972,0,1.1836982209999576
evaluation-006,0,private,128,128,0.42427693880274686,0.38085588499969475,0.2027957951217443,0.84375,1.768753225405983,0.07456787405899819,884.3019374263814,0,0.35975515699996663
evaluation-006,1,private,128,128,0.4170117227712862,0.3766048103932439,0.2006091820489184,0.84375,1.7703124281361569,0.04862707660534423,1023.8147773272356,0,0.3449115240000822
evaluation-006,2,private,128,128,0.4134339583086065,0.37622352554936855,0.20057144820626097,0.84375,1.7336134477711096,0.04065602172284168,625.1893277442974,0,0.369726235999984
evaluation-007,0,prior,0,0,1.6100149768382055,0.8172695680777206,0.43059946375260444,1.0,6.336997104644171,0.11396473952972401,1024.0,0,0.0
evaluation-007,1,prior,0,0,1.6100149768382055,0.8172695680777206,0.43059946375260444,1.0,6.336997104644171,0.11396473952972401,1024.0,0,0.0
evaluation-007,2,prior,0,0,1.6100149768382055,0.8172695680777206,0.43059946375260444,1.0,6.336997104644171,0.11396473952972401,1024.0,0,0.0
evaluation-007,0,pooled,0,0,1.6100149768382055,0.8172695680777206,0.43059946375260444,1.0,6.336997104644171,0.11396473952972401,1024.0,0,0.0
evaluation-007,1,pooled,0,0,1.6100149768382055,0.8172695680777206,0.43059946375260444,1.0,6.336997104644171,0.11396473952972401,1024.0,0,0.0
evaluation-007,2,pooled,0,0,1.6100149768382055,0.8172695680777206,0.43059946375260444,1.0,6.336997104644171,0.11396473952972401,1024.0,0,0.0
evaluation-007,0,private,0,0,1.6100149768382055,0.8172695680777206,0.43059946375260444,1.0,6.336997104644171,0.11396473952972401,1024.0,0,0.0
evaluation-007,1,private,0,0,1.6100149768382055,0.8172695680777206,0.43059946375260444,1.0,6.336997104644171,0.11396473952972401,1024.0,0,0.0
evaluation-007,2,private,0,0,1.6100149768382055,0.8172695680777206,0.43059946375260444,1.0,6.336997104644171,0.11396473952972401,1024.0,0,0.0
evaluation-007,0,prior,4,0,1.6100149768382055,0.8172695680777206,0.43059946375260444,1.0,6.336997104644171,0.11396473952972401,1024.0,0,0.0
evaluation-007,1,prior,4,0,1.6100149768382055,0.8172695680777206,0.43059946375260444,1.0,6.336997104644171,0.11396473952972401,1024.0,0,0.0
evaluation-007,2,prior,4,0,1.6100149768382055,0.8172695680777206,0.43059946375260444,1.0,6.336997104644171,0.11396473952972401,1024.0,0,0.0
evaluation-007,0,pooled,4,12,0.5138294655103868,0.3947445804838844,0.21189776556646794,0.96875,2.8759614349367544,0.06476291570065551,783.3058081938938,0,0.01494595000000487
evaluation-007,1,pooled,4,12,0.5138294655103868,0.3947445804838844,0.21189776556646794,0.96875,2.8759614349367544,0.06476291570065551,783.3058081938938,0,0.01494595000000487
evaluation-007,2,pooled,4,12,0.5138294655103868,0.3947445804838844,0.21189776556646794,0.96875,2.8759614349367544,0.06476291570065551,783.3058081938938,0,0.01494595000000487
evaluation-007,0,private,4,4,0.5592854018154884,0.41147743209241916,0.2202623993939496,1.0,2.9646379016734805,0.07937121362735901,1022.3433797485153,0,0.014437023000006377
evaluation-007,1,private,4,4,0.5646961771713213,0.41171226648754755,0.22036979557315084,0.96875,2.7586287448364653,0.06998203855566079,922.8883370361871,0,0.011423108999998988
evaluation-007,2,private,4,4,0.6896692538348677,0.4541371770222185,0.2415793790151398,1.0,3.0871294784718932,0.10837849779491358,537.9423715863625,0,0.005540916000008167
evaluation-007,0,prior,8,0,1.6100149768382055,0.8172695680777206,0.43059946375260444,1.0,6.336997104644171,0.11396473952972401,1024.0,0,0.0
evaluation-007,1,prior,8,0,1.6100149768382055,0.8172695680777206,0.43059946375260444,1.0,6.336997104644171,0.11396473952972401,1024.0,0,0.0
evaluation-007,2,prior,8,0,1.6100149768382055,0.8172695680777206,0.43059946375260444,1.0,6.336997104644171,0.11396473952972401,1024.0,0,0.0
evaluation-007,0,pooled,8,24,0.2924249855777286,0.3078898452275456,0.16853201474927293,1.0,2.135045178513823,0.051643189446314845,1024.0,0,0.0482745919999914
evaluation-007,1,pooled,8,24,0.2924249855777286,0.3078898452275456,0.16853201474927293,1.0,2.135045178513823,0.051643189446314845,1024.0,0,0.0482745919999914
evaluation-007,2,pooled,8,24,0.2924249855777286,0.3078898452275456,0.16853201474927293,1.0,2.135045178513823,0.051643189446314845,1024.0,0,0.0482745919999914
evaluation-007,0,private,8,8,0.5822083888640791,0.4077905279112608,0.21843608518404536,0.96875,2.6353587314706535,0.07289956102591827,704.1126799918209,0,0.018009830000018212
evaluation-007,1,private,8,8,0.2711676341542908,0.2975676947035129,0.16337004340033448,1.0,2.30583734468044,0.015691005933126594,726.8921030471595,0,0.017841227999994658
evaluation-007,2,private,8,8,0.501978949099491,0.3914980449197534,0.21026838626254565,1.0,2.8833811913936582,0.0913926506456113,1024.0,0,0.017146578999998496
evaluation-007,0,prior,16,0,1.6100149768382055,0.8172695680777206,0.43059946375260444,1.0,6.336997104644171,0.11396473952972401,1024.0,0,0.0
evaluation-007,1,prior,16,0,1.6100149768382055,0.8172695680777206,0.43059946375260444,1.0,6.336997104644171,0.11396473952972401,1024.0,0,0.0
evaluation-007,2,prior,16,0,1.6100149768382055,0.8172695680777206,0.43059946375260444,1.0,6.336997104644171,0.11396473952972401,1024.0,0,0.0
evaluation-007,0,pooled,16,48,0.19347122019704677,0.2581136643960556,0.1436419069656582,1.0,1.7356266146519954,0.03727875135728099,1013.273396886229,0,0.13773283799999803
evaluation-007,1,pooled,16,48,0.19347122019704677,0.2581136643960556,0.1436419069656582,1.0,1.7356266146519954,0.03727875135728099,1013.273396886229,0,0.13773283799999803
evaluation-007,2,pooled,16,48,0.19347122019704677,0.2581136643960556,0.1436419069656582,1.0,1.7356266146519954,0.03727875135728099,1013.273396886229,0,0.13773283799999803
evaluation-007,0,private,16,16,0.22468652808222572,0.27925458741247594,0.15420976740095182,0.96875,2.239896396647888,0.04539544013049002,941.0942682544392,0,0.03564962100000457
evaluation-007,1,private,16,16,0.1967850680645104,0.2609296359573607,0.14504989274631075,1.0,1.8488274080580478,0.04151555011795413,682.7748201469714,0,0.035939355999992983
evaluation-007,2,private,16,16,0.6230887002327803,0.428403847325062,0.2287340784553026,0.96875,2.847498584460798,0.10787021506348939,880.9514462481017,0,0.027807988999995814
evaluation-007,0,prior,32,0,1.6100149768382055,0.8172695680777206,0.43059946375260444,1.0,6.336997104644171,0.11396473952972401,1024.0,0,0.0
evaluation-007,1,prior,32,0,1.6100149768382055,0.8172695680777206,0.43059946375260444,1.0,6.336997104644171,0.11396473952972401,1024.0,0,0.0
evaluation-007,2,prior,32,0,1.6100149768382055,0.8172695680777206,0.43059946375260444,1.0,6.336997104644171,0.11396473952972401,1024.0,0,0.0
evaluation-007,0,pooled,32,96,0.2499854033159717,0.2880931661291456,0.15863165783220318,0.90625,1.5290723373315445,0.03841399005092588,937.5517512928491,0,0.36933532199999064
evaluation-007,1,pooled,32,96,0.2499854033159717,0.2880931661291456,0.15863165783220318,0.90625,1.5290723373315445,0.03841399005092588,937.5517512928491,0,0.36933532199999064
evaluation-007,2,pooled,32,96,0.2499854033159717,0.2880931661291456,0.15863165783220318,0.90625,1.5290723373315445,0.03841399005092588,937.5517512928491,0,0.36933532199999064
evaluation-007,0,private,32,32,0.24335516011911235,0.2846227835946246,0.15689646656494272,0.875,1.6181429849672995,0.0924181692911977,1023.287335706336,0,0.1429447299999964
evaluation-007,1,private,32,32,0.30731787467938954,0.3195793503147085,0.17437474992498467,0.84375,1.6879601943886882,0.09238860924819033,969.8656328515414,0,0.08258703999999994
evaluation-007,2,private,32,32,0.23720908267681443,0.2936680699548842,0.16141522110146567,0.96875,2.386249525291327,0.10857486111913481,933.6828128815011,0,0.07665554199999036
evaluation-007,0,prior,64,0,1.6100149768382055,0.8172695680777206,0.43059946375260444,1.0,6.336997104644171,0.11396473952972401,1024.0,0,0.0
evaluation-007,1,prior,64,0,1.6100149768382055,0.8172695680777206,0.43059946375260444,1.0,6.336997104644171,0.11396473952972401,1024.0,0,0.0
evaluation-007,2,prior,64,0,1.6100149768382055,0.8172695680777206,0.43059946375260444,1.0,6.336997104644171,0.11396473952972401,1024.0,0,0.0
evaluation-007,0,pooled,64,192,0.2359506551165978,0.28032313565173916,0.15474664259349996,0.90625,1.5073842900314296,0.05457844539184014,532.3635704675884,0,0.5515232830000301
evaluation-007,1,pooled,64,192,0.2359506551165978,0.28032313565173916,0.15474664259349996,0.90625,1.5073842900314296,0.05457844539184014,532.3635704675884,0,0.5515232830000301
evaluation-007,2,pooled,64,192,0.2359506551165978,0.28032313565173916,0.15474664259349996,0.90625,1.5073842900314296,0.05457844539184014,532.3635704675884,0,0.5515232830000301
evaluation-007,0,private,64,64,0.2240117132887273,0.27342403566693874,0.1512970926010998,0.875,1.4930281842233653,0.11293154200409826,520.3184314413176,0,0.20437611300003056
evaluation-007,1,private,64,64,0.24353311803425842,0.28398620073972136,0.1565781751374911,0.875,1.5231745777326624,0.016296725405187274,584.750323178795,0,0.19042277000000496
evaluation-007,2,private,64,64,0.22496771275544472,0.27398408526603,0.15157711740064542,0.84375,1.522355844534907,0.13628869941618957,719.3089374237318,0,0.20866022499998138
evaluation-007,0,prior,128,0,1.6100149768382055,0.8172695680777206,0.43059946375260444,1.0,6.336997104644171,0.11396473952972401,1024.0,0,0.0
evaluation-007,1,prior,128,0,1.6100149768382055,0.8172695680777206,0.43059946375260444,1.0,6.336997104644171,0.11396473952972401,1024.0,0,0.0
evaluation-007,2,prior,128,0,1.6100149768382055,0.8172695680777206,0.43059946375260444,1.0,6.336997104644171,0.11396473952972401,1024.0,0,0.0
evaluation-007,0,pooled,128,384,0.2300009287415864,0.2769972363795381,0.15308369295739946,0.90625,1.5080108557608174,0.05293146803019982,540.3363079338295,0,1.9687226759999987
evaluation-007,1,pooled,128,384,0.2300009287415864,0.2769972363795381,0.15308369295739946,0.90625,1.5080108557608174,0.05293146803019982,540.3363079338295,0,1.9687226759999987
evaluation-007,2,pooled,128,384,0.2300009287415864,0.2769972363795381,0.15308369295739946,0.90625,1.5080108557608174,0.05293146803019982,540.3363079338295,0,1.9687226759999987
evaluation-007,0,private,128,128,0.21865084745220825,0.27027605594932824,0.14972310274229453,0.875,1.455930985820339,0.13713006270489736,1015.8897500522168,0,0.6259965810000168
evaluation-007,1,private,128,128,0.24242978073678256,0.2838832943761911,0.15652672195572592,0.875,1.5220837336462458,0.020148801455823782,682.0177047781023,0,0.3707596870000103
evaluation-007,2,private,128,128,0.24759199561092554,0.2868713790756609,0.15802076430546086,0.84375,1.507971322557491,0.08342075005201693,682.5874580376417,0,0.4837297599999957
evaluation-008,0,prior,0,0,1.3145454948286548,0.7200924616342421,0.3982460026815593,1.0,6.415564677231123,0.22510182193820996,1024.0,0,0.0
evaluation-008,1,prior,0,0,1.3145454948286548,0.7200924616342421,0.3982460026815593,1.0,6.415564677231123,0.22510182193820996,1024.0,0,0.0
evaluation-008,2,prior,0,0,1.3145454948286548,0.7200924616342421,0.3982460026815593,1.0,6.415564677231123,0.22510182193820996,1024.0,0,0.0
evaluation-008,0,pooled,0,0,1.3145454948286548,0.7200924616342421,0.3982460026815593,1.0,6.415564677231123,0.22510182193820996,1024.0,0,0.0
evaluation-008,1,pooled,0,0,1.3145454948286548,0.7200924616342421,0.3982460026815593,1.0,6.415564677231123,0.22510182193820996,1024.0,0,0.0
evaluation-008,2,pooled,0,0,1.3145454948286548,0.7200924616342421,0.3982460026815593,1.0,6.415564677231123,0.22510182193820996,1024.0,0,0.0
evaluation-008,0,private,0,0,1.3145454948286548,0.7200924616342421,0.3982460026815593,1.0,6.415564677231123,0.22510182193820996,1024.0,0,0.0
evaluation-008,1,private,0,0,1.3145454948286548,0.7200924616342421,0.3982460026815593,1.0,6.415564677231123,0.22510182193820996,1024.0,0,0.0
evaluation-008,2,private,0,0,1.3145454948286548,0.7200924616342421,0.3982460026815593,1.0,6.415564677231123,0.22510182193820996,1024.0,0,0.0
evaluation-008,0,prior,4,0,1.3145454948286548,0.7200924616342421,0.3982460026815593,1.0,6.415564677231123,0.22510182193820996,1024.0,0,0.0
evaluation-008,1,prior,4,0,1.3145454948286548,0.7200924616342421,0.3982460026815593,1.0,6.415564677231123,0.22510182193820996,1024.0,0,0.0
evaluation-008,2,prior,4,0,1.3145454948286548,0.7200924616342421,0.3982460026815593,1.0,6.415564677231123,0.22510182193820996,1024.0,0,0.0
evaluation-008,0,pooled,4,12,0.45436413085439087,0.37062803462396926,0.21451815774609412,0.96875,2.6862374686093533,0.2138734483219265,536.4799369470031,0,0.01575368199999616
evaluation-008,1,pooled,4,12,0.45436413085439087,0.37062803462396926,0.21451815774609412,0.96875,2.6862374686093533,0.2138734483219265,536.4799369470031,0,0.01575368199999616
evaluation-008,2,pooled,4,12,0.45436413085439087,0.37062803462396926,0.21451815774609412,0.96875,2.6862374686093533,0.2138734483219265,536.4799369470031,0,0.01575368199999616
evaluation-008,0,private,4,4,0.9417977844140444,0.5380164301382936,0.301043085642746,0.9375,2.600460162644523,0.26401523489554835,544.1880295368857,0,0.004518621000002554
evaluation-008,1,private,4,4,0.4499452152953153,0.39659851905500154,0.2278683739840303,1.0,3.0507235265848225,0.23501420731699896,663.2524715282319,0,0.003611845999998309
evaluation-008,2,private,4,4,0.17361386804871312,0.28231763864688714,0.16895277464948497,0.96875,2.678373191268289,0.19928047507316435,520.2128124522502,0,0.006366144000011786
evaluation-008,0,prior,8,0,1.3145454948286548,0.7200924616342421,0.3982460026815593,1.0,6.415564677231123,0.22510182193820996,1024.0,0,0.0
evaluation-008,1,prior,8,0,1.3145454948286548,0.7200924616342421,0.3982460026815593,1.0,6.415564677231123,0.22510182193820996,1024.0,0,0.0
evaluation-008,2,prior,8,0,1.3145454948286548,0.7200924616342421,0.3982460026815593,1.0,6.415564677231123,0.22510182193820996,1024.0,0,0.0
evaluation-008,0,pooled,8,24,0.16381434608850415,0.24385409448408618,0.1483667346767509,0.96875,1.8871887248930241,0.2078864943327594,939.6549861340409,0,0.04479291399998431
evaluation-008,1,pooled,8,24,0.16381434608850415,0.24385409448408618,0.1483667346767509,0.96875,1.8871887248930241,0.2078864943327594,939.6549861340409,0,0.04479291399998431
evaluation-008,2,pooled,8,24,0.16381434608850415,0.24385409448408618,0.1483667346767509,0.96875,1.8871887248930241,0.2078864943327594,939.6549861340409,0,0.04479291399998431
evaluation-008,0,private,8,8,0.3109331512797606,0.31575289600989875,0.1865960319425765,1.0,2.187468611017592,0.23151444069596266,545.7895405623557,0,0.010282502000009686
evaluation-008,1,private,8,8,0.5388442219315022,0.416099329892033,0.23886205369711222,0.96875,2.9352526393093266,0.23256250989002186,1023.2452161077946,0,0.014196806000001061
evaluation-008,2,private,8,8,0.16693811506289313,0.27340353836244735,0.16337791228263998,1.0,2.3223990151622766,0.17014061720763404,746.8034161071066,0,0.011843051000013816
evaluation-008,0,prior,16,0,1.3145454948286548,0.7200924616342421,0.3982460026815593,1.0,6.415564677231123,0.22510182193820996,1024.0,0,0.0
evaluation-008,1,prior,16,0,1.3145454948286548,0.7200924616342421,0.3982460026815593,1.0,6.415564677231123,0.22510182193820996,1024.0,0,0.0
evaluation-008,2,prior,16,0,1.3145454948286548,0.7200924616342421,0.3982460026815593,1.0,6.415564677231123,0.22510182193820996,1024.0,0,0.0
evaluation-008,0,pooled,16,48,0.2462414449577234,0.2849676285367496,0.1718672023724473,0.84375,1.4032217511979865,0.26709227297950366,886.2584944517342,0,0.08334185299997898
evaluation-008,1,pooled,16,48,0.2462414449577234,0.2849676285367496,0.1718672023724473,0.84375,1.4032217511979865,0.26709227297950366,886.2584944517342,0,0.08334185299997898
evaluation-008,2,pooled,16,48,0.2462414449577234,0.2849676285367496,0.1718672023724473,0.84375,1.4032217511979865,0.26709227297950366,886.2584944517342,0,0.08334185299997898
evaluation-008,0,private,16,16,0.19582710380105217,0.25679216385135395,0.1555176003211329,0.9375,1.5707016969873615,0.2197256203016088,1000.3553510858065,0,0.03644579099999845
evaluation-008,1,private,16,16,0.44762892496514184,0.38538899127662607,0.22169501726623614,0.96875,2.871322868641607,0.2042427666878742,625.9436718992777,0,0.017366949999995995
evaluation-008,2,private,16,16,0.5341284466101935,0.3982911005320595,0.2288408454230915,0.9375,2.0164732993347676,0.22356214592595006,962.8019921443811,0,0.023831330000007256
evaluation-008,0,prior,32,0,1.3145454948286548,0.7200924616342421,0.3982460026815593,1.0,6.415564677231123,0.22510182193820996,1024.0,0,0.0
evaluation-008,1,prior,32,0,1.3145454948286548,0.7200924616342421,0.3982460026815593,1.0,6.415564677231123,0.22510182193820996,1024.0,0,0.0
evaluation-008,2,prior,32,0,1.3145454948286548,0.7200924616342421,0.3982460026815593,1.0,6.415564677231123,0.22510182193820996,1024.0,0,0.0
evaluation-008,0,pooled,32,96,0.1718194295895215,0.2394137247466384,0.14301481240477798,0.84375,1.2660796506995364,0.055016953559331054,989.3792597351911,0,0.28023916399999393
evaluation-008,1,pooled,32,96,0.1718194295895215,0.2394137247466384,0.14301481240477798,0.84375,1.2660796506995364,0.055016953559331054,989.3792597351911,0,0.28023916399999393
evaluation-008,2,pooled,32,96,0.1718194295895215,0.2394137247466384,0.14301481240477798,0.84375,1.2660796506995364,0.055016953559331054,989.3792597351911,0,0.28023916399999393
evaluation-008,0,private,32,32,0.160180458832174,0.2313478093543237,0.14114296113708874,0.96875,1.477093459643489,0.20082112667515994,991.9516405491952,0,0.06327532900001387
evaluation-008,1,private,32,32,0.2239828715116469,0.2984058418573393,0.17564317361693488,0.96875,2.20723015183592,0.07058260248149804,894.3141369003887,0,0.053569593999988285
evaluation-008,2,private,32,32,0.18103791665341537,0.24116404636385816,0.14919294874624583,0.9375,1.516429865329201,0.2881254464198175,590.1398855473132,0,0.04577696300001577
evaluation-008,0,prior,64,0,1.3145454948286548,0.7200924616342421,0.3982460026815593,1.0,6.415564677231123,0.22510182193820996,1024.0,0,0.0
evaluation-008,1,prior,64,0,1.3145454948286548,0.7200924616342421,0.3982460026815593,1.0,6.415564677231123,0.22510182193820996,1024.0,0,0.0
evaluation-008,2,prior,64,0,1.3145454948286548,0.7200924616342421,0.3982460026815593,1.0,6.415564677231123,0.22510182193820996,1024.0,0,0.0
evaluation-008,0,pooled,64,192,0.16966986787705987,0.23841579369214586,0.14249226129834985,0.8125,1.2102230148361224,0.03587447150100623,904.6715987502529,0,0.5423454969999781
evaluation-008,1,pooled,64,192,0.16966986787705987,0.23841579369214586,0.14249226129834985,0.8125,1.2102230148361224,0.03587447150100623,904.6715987502529,0,0.5423454969999781
evaluation-008,2,pooled,64,192,0.16966986787705987,0.23841579369214586,0.14249226129834985,0.8125,1.2102230148361224,0.03587447150100623,904.6715987502529,0,0.5423454969999781
evaluation-008,0,private,64,64,0.17287870785347437,0.24147686779550206,0.1443229323126462,0.8125,1.236417463535774,0.08572740349926908,1015.7242876611608,0,0.15784702799999906
evaluation-008,1,private,64,64,0.1735410105346243,0.2420103009980136,0.14434684319265376,0.875,1.234429836828667,0.02861823986040453,545.1346140401565,0,0.1358553150000006
evaluation-008,2,private,64,64,0.16375087848760211,0.23464462297375432,0.1408309772008367,0.875,1.247536193617206,0.05262592308221497,921.6309791311453,0,0.158531540999995
evaluation-008,0,prior,128,0,1.3145454948286548,0.7200924616342421,0.3982460026815593,1.0,6.415564677231123,0.22510182193820996,1024.0,0,0.0
evaluation-008,1,prior,128,0,1.3145454948286548,0.7200924616342421,0.3982460026815593,1.0,6.415564677231123,0.22510182193820996,1024.0,0,0.0
evaluation-008,2,prior,128,0,1.3145454948286548,0.7200924616342421,0.3982460026815593,1.0,6.415564677231123,0.22510182193820996,1024.0,0,0.0
evaluation-008,0,pooled,128,384,0.17412156583700772,0.24171776055091307,0.1441178270712602,0.78125,1.2084173782329184,0.014678398786884626,791.4224061279945,0,0.8074965950000106
evaluation-008,1,pooled,128,384,0.17412156583700772,0.24171776055091307,0.1441178270712602,0.78125,1.2084173782329184,0.014678398786884626,791.4224061279945,0,0.8074965950000106
evaluation-008,2,pooled,128,384,0.17412156583700772,0.24171776055091307,0.1441178270712602,0.78125,1.2084173782329184,0.014678398786884626,791.4224061279945,0,0.8074965950000106
evaluation-008,0,private,128,128,0.184350163749724,0.2505875836911683,0.14905069489495504,0.75,1.1596446788555936,0.1046836609980845,652.3559686694759,0,0.25885421699999256
evaluation-008,1,private,128,128,0.17713477362171792,0.2437976860714268,0.14514105565949037,0.78125,1.2251092663964345,0.017506395939742733,628.4927093848163,0,0.25777897600001154
evaluation-008,2,private,128,128,0.1680293064969154,0.23746185326195765,0.14193145916004501,0.84375,1.217469734153265,0.03150311158202848,581.8374094645072,0,0.25073864299995563
evaluation-009,0,prior,0,0,14.91191086562409,2.6898242073974052,1.6082577890433196,0.09375,6.361750533937558,0.35027790172799206,1024.0,0,0.0
evaluation-009,1,prior,0,0,14.91191086562409,2.6898242073974052,1.6082577890433196,0.09375,6.361750533937558,0.35027790172799206,1024.0,0,0.0
evaluation-009,2,prior,0,0,14.91191086562409,2.6898242073974052,1.6082577890433196,0.09375,6.361750533937558,0.35027790172799206,1024.0,0,0.0
evaluation-009,0,pooled,0,0,14.91191086562409,2.6898242073974052,1.6082577890433196,0.09375,6.361750533937558,0.35027790172799206,1024.0,0,0.0
evaluation-009,1,pooled,0,0,14.91191086562409,2.6898242073974052,1.6082577890433196,0.09375,6.361750533937558,0.35027790172799206,1024.0,0,0.0
evaluation-009,2,pooled,0,0,14.91191086562409,2.6898242073974052,1.6082577890433196,0.09375,6.361750533937558,0.35027790172799206,1024.0,0,0.0
evaluation-009,0,private,0,0,14.91191086562409,2.6898242073974052,1.6082577890433196,0.09375,6.361750533937558,0.35027790172799206,1024.0,0,0.0
evaluation-009,1,private,0,0,14.91191086562409,2.6898242073974052,1.6082577890433196,0.09375,6.361750533937558,0.35027790172799206,1024.0,0,0.0
evaluation-009,2,private,0,0,14.91191086562409,2.6898242073974052,1.6082577890433196,0.09375,6.361750533937558,0.35027790172799206,1024.0,0,0.0
evaluation-009,0,prior,4,0,14.91191086562409,2.6898242073974052,1.6082577890433196,0.09375,6.361750533937558,0.35027790172799206,1024.0,0,0.0
evaluation-009,1,prior,4,0,14.91191086562409,2.6898242073974052,1.6082577890433196,0.09375,6.361750533937558,0.35027790172799206,1024.0,0,0.0
evaluation-009,2,prior,4,0,14.91191086562409,2.6898242073974052,1.6082577890433196,0.09375,6.361750533937558,0.35027790172799206,1024.0,0,0.0
evaluation-009,0,pooled,4,12,0.7365434779487022,0.4988360104207092,0.323635550871981,0.6875,1.9317920253052678,0.17495908968076546,1024.0,0,0.01663526700000517
evaluation-009,1,pooled,4,12,0.7365434779487022,0.4988360104207092,0.323635550871981,0.6875,1.9317920253052678,0.17495908968076546,1024.0,0,0.01663526700000517
evaluation-009,2,pooled,4,12,0.7365434779487022,0.4988360104207092,0.323635550871981,0.6875,1.9317920253052678,0.17495908968076546,1024.0,0,0.01663526700000517
evaluation-009,0,private,4,4,1.905370761717571,0.7850557040377787,0.5011370751951087,0.84375,2.8766697991145436,0.2500459407346646,933.1485632164565,0,0.007002735999996901
evaluation-009,1,private,4,4,2.193709507005831,0.880814900748023,0.5592713008998202,0.65625,2.8045019709817134,0.2862921333538166,617.0343526792528,0,0.004273820000001649
evaluation-009,2,private,4,4,1.3719716825694903,0.6840679278669706,0.4406953032336659,0.59375,2.3600135692508535,0.23157997205454006,1024.0,0,0.006551481999991893
evaluation-009,0,prior,8,0,14.91191086562409,2.6898242073974052,1.6082577890433196,0.09375,6.361750533937558,0.35027790172799206,1024.0,0,0.0
evaluation-009,1,prior,8,0,14.91191086562409,2.6898242073974052,1.6082577890433196,0.09375,6.361750533937558,0.35027790172799206,1024.0,0,0.0
evaluation-009,2,prior,8,0,14.91191086562409,2.6898242073974052,1.6082577890433196,0.09375,6.361750533937558,0.35027790172799206,1024.0,0,0.0
evaluation-009,0,pooled,8,24,0.11063977991885968,0.18894545238734087,0.12895087587361218,1.0,1.3418935220792076,0.12856689948987196,924.1434602901991,0,0.037766692000005264
evaluation-009,1,pooled,8,24,0.11063977991885968,0.18894545238734087,0.12895087587361218,1.0,1.3418935220792076,0.12856689948987196,924.1434602901991,0,0.037766692000005264
evaluation-009,2,pooled,8,24,0.11063977991885968,0.18894545238734087,0.12895087587361218,1.0,1.3418935220792076,0.12856689948987196,924.1434602901991,0,0.037766692000005264
evaluation-009,0,private,8,8,2.059131999538101,0.832388416641227,0.5279007374708575,0.78125,2.849093717337869,0.2584250704569344,868.3798001977298,0,0.009722861999996724
evaluation-009,1,private,8,8,1.7112260898647076,0.7425087712746545,0.47247757793697764,0.84375,2.692169042703518,0.2671376693474519,768.97387683109,0,0.012337602000016545
evaluation-009,2,private,8,8,0.1519049028268608,0.2136380159935461,0.14437175425572285,1.0,1.4942664068875942,0.12708990454415664,998.785037659434,0,0.01964950000000698
evaluation-009,0,prior,16,0,14.91191086562409,2.6898242073974052,1.6082577890433196,0.09375,6.361750533937558,0.35027790172799206,1024.0,0,0.0
evaluation-009,1,prior,16,0,14.91191086562409,2.6898242073974052,1.6082577890433196,0.09375,6.361750533937558,0.35027790172799206,1024.0,0,0.0
evaluation-009,2,prior,16,0,14.91191086562409,2.6898242073974052,1.6082577890433196,0.09375,6.361750533937558,0.35027790172799206,1024.0,0,0.0
evaluation-009,0,pooled,16,48,0.24191319886912888,0.29606860200858776,0.19135216058015475,0.65625,1.0664852160849638,0.289887886421092,816.2362697892763,0,0.06404820399999522
evaluation-009,1,pooled,16,48,0.24191319886912888,0.29606860200858776,0.19135216058015475,0.65625,1.0664852160849638,0.289887886421092,816.2362697892763,0,0.06404820399999522
evaluation-009,2,pooled,16,48,0.24191319886912888,0.29606860200858776,0.19135216058015475,0.65625,1.0664852160849638,0.289887886421092,816.2362697892763,0,0.06404820399999522
evaluation-009,0,private,16,16,2.3356924155389036,0.9268702277324945,0.5880375237766149,0.40625,2.775071548208712,0.30544076192115693,965.7260916447619,0,0.024559376999995663
evaluation-009,1,private,16,16,3.191493788717417,1.2082804607722466,0.7600698850926555,0.25,2.4268746623705257,0.35310339163044346,964.7222162518242,0,0.02359085400001959
evaluation-009,2,private,16,16,0.15449947580106696,0.2228791563986512,0.14789361825442335,1.0,1.3414954190551596,0.13333785883056382,768.8362242809526,0,0.023914844000017865
evaluation-009,0,prior,32,0,14.91191086562409,2.6898242073974052,1.6082577890433196,0.09375,6.361750533937558,0.35027790172799206,1024.0,0,0.0
evaluation-009,1,prior,32,0,14.91191086562409,2.6898242073974052,1.6082577890433196,0.09375,6.361750533937558,0.35027790172799206,1024.0,0,0.0
evaluation-009,2,prior,32,0,14.91191086562409,2.6898242073974052,1.6082577890433196,0.09375,6.361750533937558,0.35027790172799206,1024.0,0,0.0
evaluation-009,0,pooled,32,96,0.09721347368930072,0.18224854708115248,0.12284805111051844,0.875,0.8550957665313573,0.12976755249990796,913.9044268137453,0,0.20408280200000206
evaluation-009,1,pooled,32,96,0.09721347368930072,0.18224854708115248,0.12284805111051844,0.875,0.8550957665313573,0.12976755249990796,913.9044268137453,0,0.20408280200000206
evaluation-009,2,pooled,32,96,0.09721347368930072,0.18224854708115248,0.12284805111051844,0.875,0.8550957665313573,0.12976755249990796,913.9044268137453,0,0.20408280200000206
evaluation-009,0,private,32,32,0.45978676928081513,0.33094977715125184,0.21869677624162928,0.90625,2.2401062435330443,0.1106641549141917,966.8668399702028,0,0.05058907499999066
evaluation-009,1,private,32,32,0.08576030295005932,0.16771224333115267,0.11552980609663913,0.9375,1.0458638918384624,0.08767973505779317,666.0474744112694,0,0.05491968500001576
evaluation-009,2,private,32,32,0.12459609368320168,0.20640207039113562,0.13745029486779237,0.875,1.0157159130364748,0.16426220619375237,680.6481640284943,0,0.05358519400001427
evaluation-009,0,prior,64,0,14.91191086562409,2.6898242073974052,1.6082577890433196,0.09375,6.361750533937558,0.35027790172799206,1024.0,0,0.0
evaluation-009,1,prior,64,0,14.91191086562409,2.6898242073974052,1.6082577890433196,0.09375,6.361750533937558,0.35027790172799206,1024.0,0,0.0
evaluation-009,2,prior,64,0,14.91191086562409,2.6898242073974052,1.6082577890433196,0.09375,6.361750533937558,0.35027790172799206,1024.0,0,0.0
evaluation-009,0,pooled,64,192,0.06913787470332823,0.15196355675089335,0.10611679651220887,0.875,0.7664387735851317,0.07714382446271832,574.6074159134175,0,0.334802500999956
evaluation-009,1,pooled,64,192,0.06913787470332823,0.15196355675089335,0.10611679651220887,0.875,0.7664387735851317,0.07714382446271832,574.6074159134175,0,0.334802500999956
evaluation-009,2,pooled,64,192,0.06913787470332823,0.15196355675089335,0.10611679651220887,0.875,0.7664387735851317,0.07714382446271832,574.6074159134175,0,0.334802500999956
evaluation-009,0,private,64,64,0.09388069498472949,0.17469645756684213,0.11881009322290247,0.90625,1.015179391176723,0.03513756556838776,515.0777166236821,0,0.09096671599998984
evaluation-009,1,private,64,64,0.10051699117566396,0.18465453473536655,0.12408989703001022,0.875,0.9234852537449537,0.13430935913051947,848.8524311619732,0,0.12060948700000296
evaluation-009,2,private,64,64,0.059228160675251856,0.1413591095477219,0.10064018799069649,0.96875,0.875475849584419,0.05513497503891416,589.2161717508412,0,0.1220972730000085
evaluation-009,0,prior,128,0,14.91191086562409,2.6898242073974052,1.6082577890433196,0.09375,6.361750533937558,0.35027790172799206,1024.0,0,0.0
evaluation-009,1,prior,128,0,14.91191086562409,2.6898242073974052,1.6082577890433196,0.09375,6.361750533937558,0.35027790172799206,1024.0,0,0.0
evaluation-009,2,prior,128,0,14.91191086562409,2.6898242073974052,1.6082577890433196,0.09375,6.361750533937558,0.35027790172799206,1024.0,0,0.0
evaluation-009,0,pooled,128,384,0.04685838849050229,0.12498556833893297,0.09336703532204663,0.9375,0.7467638729830852,0.03206666771747956,825.4879779974045,0,1.0272775039999615
evaluation-009,1,pooled,128,384,0.04685838849050229,0.12498556833893297,0.09336703532204663,0.9375,0.7467638729830852,0.03206666771747956,825.4879779974045,0,1.0272775039999615
evaluation-009,2,pooled,128,384,0.04685838849050229,0.12498556833893297,0.09336703532204663,0.9375,0.7467638729830852,0.03206666771747956,825.4879779974045,0,1.0272775039999615
evaluation-009,0,private,128,128,0.045983810131423206,0.12416418884878382,0.09327240659945243,0.96875,0.8143323899547723,0.020117888942037688,662.3783667188749,0,0.21844490800003058
evaluation-009,1,private,128,128,0.047547464160656666,0.125157254243295,0.0940522553983896,0.9375,0.7830401390486945,0.04616317555357248,1024.0,0,0.27739192800003565
evaluation-009,2,private,128,128,0.05385877178584074,0.133910757733146,0.09719290094443375,0.9375,0.7810855487288049,0.057678504052638094,778.4963065288159,0,0.2522475630000116
evaluation-010,0,prior,0,0,0.7437146905957444,0.6188732281380978,0.33913801164283564,1.0,6.206304866034362,0.2508309768879591,1024.0,0,0.0
evaluation-010,1,prior,0,0,0.7437146905957444,0.6188732281380978,0.33913801164283564,1.0,6.206304866034362,0.2508309768879591,1024.0,0,0.0
evaluation-010,2,prior,0,0,0.7437146905957444,0.6188732281380978,0.33913801164283564,1.0,6.206304866034362,0.2508309768879591,1024.0,0,0.0
evaluation-010,0,pooled,0,0,0.7437146905957444,0.6188732281380978,0.33913801164283564,1.0,6.206304866034362,0.2508309768879591,1024.0,0,0.0
evaluation-010,1,pooled,0,0,0.7437146905957444,0.6188732281380978,0.33913801164283564,1.0,6.206304866034362,0.2508309768879591,1024.0,0,0.0
evaluation-010,2,pooled,0,0,0.7437146905957444,0.6188732281380978,0.33913801164283564,1.0,6.206304866034362,0.2508309768879591,1024.0,0,0.0
evaluation-010,0,private,0,0,0.7437146905957444,0.6188732281380978,0.33913801164283564,1.0,6.206304866034362,0.2508309768879591,1024.0,0,0.0
evaluation-010,1,private,0,0,0.7437146905957444,0.6188732281380978,0.33913801164283564,1.0,6.206304866034362,0.2508309768879591,1024.0,0,0.0
evaluation-010,2,private,0,0,0.7437146905957444,0.6188732281380978,0.33913801164283564,1.0,6.206304866034362,0.2508309768879591,1024.0,0,0.0
evaluation-010,0,prior,4,0,0.7437146905957444,0.6188732281380978,0.33913801164283564,1.0,6.206304866034362,0.2508309768879591,1024.0,0,0.0
evaluation-010,1,prior,4,0,0.7437146905957444,0.6188732281380978,0.33913801164283564,1.0,6.206304866034362,0.2508309768879591,1024.0,0,0.0
evaluation-010,2,prior,4,0,0.7437146905957444,0.6188732281380978,0.33913801164283564,1.0,6.206304866034362,0.2508309768879591,1024.0,0,0.0
evaluation-010,0,pooled,4,12,1.232152651822001,0.6163451016290082,0.33266448707630025,0.78125,2.4769109311212136,0.28197130141242893,1024.0,0,0.020616251999996393
evaluation-010,1,pooled,4,12,1.232152651822001,0.6163451016290082,0.33266448707630025,0.78125,2.4769109311212136,0.28197130141242893,1024.0,0,0.020616251999996393
evaluation-010,2,pooled,4,12,1.232152651822001,0.6163451016290082,0.33266448707630025,0.78125,2.4769109311212136,0.28197130141242893,1024.0,0,0.020616251999996393
evaluation-010,0,private,4,4,0.6937699354986397,0.4423336789430239,0.2465361887253262,1.0,2.722721155727249,0.24039952886718854,694.2984228391822,0,0.007101572000003387
evaluation-010,1,private,4,4,1.1232270775159803,0.5932348010184848,0.3237174216339635,0.75,2.533991408221972,0.26155730814468936,1024.0,0,0.007071746000001156
evaluation-010,2,private,4,4,0.691391416072215,0.43604581300993106,0.24114397457331344,1.0,2.8372104593730816,0.24958446409765964,1024.0,0,0.006973001000005752
evaluation-010,0,prior,8,0,0.7437146905957444,0.6188732281380978,0.33913801164283564,1.0,6.206304866034362,0.2508309768879591,1024.0,0,0.0
evaluation-010,1,prior,8,0,0.7437146905957444,0.6188732281380978,0.33913801164283564,1.0,6.206304866034362,0.2508309768879591,1024.0,0,0.0
evaluation-010,2,prior,8,0,0.7437146905957444,0.6188732281380978,0.33913801164283564,1.0,6.206304866034362,0.2508309768879591,1024.0,0,0.0
evaluation-010,0,pooled,8,24,0.3076570801120899,0.30519658878906364,0.1775126955425922,0.96875,1.9172938649124762,0.2285944420510014,987.5404870901457,0,0.03377185200000099
evaluation-010,1,pooled,8,24,0.3076570801120899,0.30519658878906364,0.1775126955425922,0.96875,1.9172938649124762,0.2285944420510014,987.5404870901457,0,0.03377185200000099
evaluation-010,2,pooled,8,24,0.3076570801120899,0.30519658878906364,0.1775126955425922,0.96875,1.9172938649124762,0.2285944420510014,987.5404870901457,0,0.03377185200000099
evaluation-010,0,private,8,8,0.5309613890281966,0.39047247385915695,0.2206284382915816,0.9375,2.4674232357581705,0.22596600225936891,962.9973794257924,0,0.013276308000008896
evaluation-010,1,private,8,8,0.2774607833073113,0.29511515368522845,0.17348027307311129,0.96875,1.9983219867287039,0.21099825711661496,1013.5687365486522,0,0.0129951180000063
evaluation-010,2,private,8,8,0.6769444661372699,0.4352964660953209,0.24029237495419742,1.0,2.832615150758855,0.25403468532340406,1008.8511979906583,0,0.008288839000002213
evaluation-010,0,prior,16,0,0.7437146905957444,0.6188732281380978,0.33913801164283564,1.0,6.206304866034362,0.2508309768879591,1024.0,0,0.0
evaluation-010,1,prior,16,0,0.7437146905957444,0.6188732281380978,0.33913801164283564,1.0,6.206304866034362,0.2508309768879591,1024.0,0,0.0
evaluation-010,2,prior,16,0,0.7437146905957444,0.6188732281380978,0.33913801164283564,1.0,6.206304866034362,0.2508309768879591,1024.0,0,0.0
evaluation-010,0,pooled,16,48,0.5680577627342009,0.42633103405385475,0.24100690324038965,0.71875,1.5334781732343892,0.31654320050002605,951.3384992705127,0,0.0681019139999961
evaluation-010,1,pooled,16,48,0.5680577627342009,0.42633103405385475,0.24100690324038965,0.71875,1.5334781732343892,0.31654320050002605,951.3384992705127,0,0.0681019139999961
evaluation-010,2,pooled,16,48,0.5680577627342009,0.42633103405385475,0.24100690324038965,0.71875,1.5334781732343892,0.31654320050002605,951.3384992705127,0,0.0681019139999961
evaluation-010,0,private,16,16,0.45508127119543806,0.3736479536979302,0.21251440828965756,0.875,2.053729421448689,0.22589051474112545,646.4476129486928,0,0.01729334600000243
evaluation-010,1,private,16,16,0.41405838270071094,0.35836083007885816,0.2050716430266824,0.8125,1.646562741727045,0.23049206437533185,1015.6830379193711,0,0.02740976600000522
evaluation-010,2,private,16,16,1.012606638363366,0.5371343932396999,0.2963692763140392,0.875,2.7592552031426436,0.3264907813069198,1023.1101043355706,0,0.0190985779999977
evaluation-010,0,prior,32,0,0.7437146905957444,0.6188732281380978,0.33913801164283564,1.0,6.206304866034362,0.2508309768879591,1024.0,0,0.0
evaluation-010,1,prior,32,0,0.7437146905957444,0.6188732281380978,0.33913801164283564,1.0,6.206304866034362,0.2508309768879591,1024.0,0,0.0
evaluation-010,2,prior,32,0,0.7437146905957444,0.6188732281380978,0.33913801164283564,1.0,6.206304866034362,0.2508309768879591,1024.0,0,0.0
evaluation-010,0,pooled,32,96,0.2547717757759312,0.28672617380693743,0.16769140038512614,0.8125,1.4063097003638105,0.15973771227058267,668.8426940821289,0,0.17092020600002655
evaluation-010,1,pooled,32,96,0.2547717757759312,0.28672617380693743,0.16769140038512614,0.8125,1.4063097003638105,0.15973771227058267,668.8426940821289,0,0.17092020600002655
evaluation-010,2,pooled,32,96,0.2547717757759312,0.28672617380693743,0.16769140038512614,0.8125,1.4063097003638105,0.15973771227058267,668.8426940821289,0,0.17092020600002655
evaluation-010,0,private,32,32,0.2840516346315709,0.3051147038957453,0.18089416584540535,0.8125,1.5338133555033622,0.2858219614490297,1022.5078536171819,0,0.056103846000020496
evaluation-010,1,private,32,32,0.33094538132915474,0.3232828288836401,0.18979332191596415,0.8125,1.586631313579974,0.2492782367700938,630.58947321515,0,0.04580058299998768
evaluation-010,2,private,32,32,0.5475767295567332,0.39676090995978364,0.2234969891892257,0.84375,2.500201689768586,0.26008053880014403,928.4739962111925,0,0.04119497599998567
evaluation-010,0,prior,64,0,0.7437146905957444,0.6188732281380978,0.33913801164283564,1.0,6.206304866034362,0.2508309768879591,1024.0,0,0.0
evaluation-010,1,prior,64,0,0.7437146905957444,0.6188732281380978,0.33913801164283564,1.0,6.206304866034362,0.2508309768879591,1024.0,0,0.0
evaluation-010,2,prior,64,0,0.7437146905957444,0.6188732281380978,0.33913801164283564,1.0,6.206304866034362,0.2508309768879591,1024.0,0,0.0
evaluation-010,0,pooled,64,192,0.16500836145461747,0.23579877525883247,0.14064532093828608,0.9375,1.4112760185668027,0.014269511401583081,948.6892114743825,0,0.46618904800001815
evaluation-010,1,pooled,64,192,0.16500836145461747,0.23579877525883247,0.14064532093828608,0.9375,1.4112760185668027,0.014269511401583081,948.6892114743825,0,0.46618904800001815
evaluation-010,2,pooled,64,192,0.16500836145461747,0.23579877525883247,0.14064532093828608,0.9375,1.4112760185668027,0.014269511401583081,948.6892114743825,0,0.46618904800001815
evaluation-010,0,private,64,64,0.16932688898426443,0.23820244375149846,0.14249090109828905,0.9375,1.4218402876306022,0.017605295931673707,1023.8172878369195,0,0.1966611900000217
evaluation-010,1,private,64,64,0.17037031570115285,0.239490719572897,0.14226583904569945,0.875,1.409168000256992,0.01814876765628658,665.0971518782613,0,0.1087727509999894
evaluation-010,2,private,64,64,0.3552271859587382,0.34808772222263906,0.19959420066518496,0.75,1.4133732031024973,0.2856051641151642,1024.0,0,0.15449209200000524
evaluation-010,0,prior,128,0,0.7437146905957444,0.6188732281380978,0.33913801164283564,1.0,6.206304866034362,0.2508309768879591,1024.0,0,0.0
evaluation-010,1,prior,128,0,0.7437146905957444,0.6188732281380978,0.33913801164283564,1.0,6.206304866034362,0.2508309768879591,1024.0,0,0.0
evaluation-010,2,prior,128,0,0.7437146905957444,0.6188732281380978,0.33913801164283564,1.0,6.206304866034362,0.2508309768879591,1024.0,0,0.0
evaluation-010,0,pooled,128,384,0.17011066884421924,0.23887559964289554,0.1423755263347396,0.875,1.4033013384248865,0.017957020912777344,519.9278775062718,0,0.7985930710000275
evaluation-010,1,pooled,128,384,0.17011066884421924,0.23887559964289554,0.1423755263347396,0.875,1.4033013384248865,0.017957020912777344,519.9278775062718,0,0.7985930710000275
evaluation-010,2,pooled,128,384,0.17011066884421924,0.23887559964289554,0.1423755263347396,0.875,1.4033013384248865,0.017957020912777344,519.9278775062718,0,0.7985930710000275
evaluation-010,0,private,128,128,0.16584901437295452,0.23581959314186912,0.1405701717260836,0.9375,1.4073959319375355,0.010692853731642485,1010.2668986785226,0,0.35047076100001107
evaluation-010,1,private,128,128,0.16568334108346155,0.2361216172468296,0.1414192258237234,0.9375,1.424667938608925,0.007467729159101533,683.2549152523757,0,0.24655905100001263
evaluation-010,2,private,128,128,0.19820280399372683,0.25596134465714077,0.15085079477686808,0.84375,1.3786167649583645,0.11640889634927216,827.3553963136135,0,0.3185402269999784
evaluation-011,0,prior,0,0,1.7999696687728535,0.7925960937733809,0.44498209963309676,1.0,6.104230129984668,0.19362475690925463,1024.0,0,0.0
evaluation-011,1,prior,0,0,1.7999696687728535,0.7925960937733809,0.44498209963309676,1.0,6.104230129984668,0.19362475690925463,1024.0,0,0.0
evaluation-011,2,prior,0,0,1.7999696687728535,0.7925960937733809,0.44498209963309676,1.0,6.104230129984668,0.19362475690925463,1024.0,0,0.0
evaluation-011,0,pooled,0,0,1.7999696687728535,0.7925960937733809,0.44498209963309676,1.0,6.104230129984668,0.19362475690925463,1024.0,0,0.0
evaluation-011,1,pooled,0,0,1.7999696687728535,0.7925960937733809,0.44498209963309676,1.0,6.104230129984668,0.19362475690925463,1024.0,0,0.0
evaluation-011,2,pooled,0,0,1.7999696687728535,0.7925960937733809,0.44498209963309676,1.0,6.104230129984668,0.19362475690925463,1024.0,0,0.0
evaluation-011,0,private,0,0,1.7999696687728535,0.7925960937733809,0.44498209963309676,1.0,6.104230129984668,0.19362475690925463,1024.0,0,0.0
evaluation-011,1,private,0,0,1.7999696687728535,0.7925960937733809,0.44498209963309676,1.0,6.104230129984668,0.19362475690925463,1024.0,0,0.0
evaluation-011,2,private,0,0,1.7999696687728535,0.7925960937733809,0.44498209963309676,1.0,6.104230129984668,0.19362475690925463,1024.0,0,0.0
evaluation-011,0,prior,4,0,1.7999696687728535,0.7925960937733809,0.44498209963309676,1.0,6.104230129984668,0.19362475690925463,1024.0,0,0.0
evaluation-011,1,prior,4,0,1.7999696687728535,0.7925960937733809,0.44498209963309676,1.0,6.104230129984668,0.19362475690925463,1024.0,0,0.0
evaluation-011,2,prior,4,0,1.7999696687728535,0.7925960937733809,0.44498209963309676,1.0,6.104230129984668,0.19362475690925463,1024.0,0,0.0
evaluation-011,0,pooled,4,12,0.14072749690550096,0.23362524139463697,0.15390024699148058,1.0,1.9664321455455946,0.1370576770857959,1019.3104234862183,0,0.015573986000006812
evaluation-011,1,pooled,4,12,0.14072749690550096,0.23362524139463697,0.15390024699148058,1.0,1.9664321455455946,0.1370576770857959,1019.3104234862183,0,0.015573986000006812
evaluation-011,2,pooled,4,12,0.14072749690550096,0.23362524139463697,0.15390024699148058,1.0,1.9664321455455946,0.1370576770857959,1019.3104234862183,0,0.015573986000006812
evaluation-011,0,private,4,4,0.24321907121816425,0.29577064994524255,0.1831103503040258,1.0,2.1722200811604155,0.1814324838737847,1024.0,0,0.008551907999986952
evaluation-011,1,private,4,4,0.3530300626129651,0.34432485678378905,0.21010541895138365,1.0,2.60922560725772,0.1725929118337394,585.0097714587846,0,0.0033327200000101698
evaluation-011,2,private,4,4,0.2572935358139007,0.3036573852119121,0.18821063956929207,1.0,2.4799810061331753,0.17645439748519626,598.6700918675073,0,0.0031136610000075393
evaluation-011,0,prior,8,0,1.7999696687728535,0.7925960937733809,0.44498209963309676,1.0,6.104230129984668,0.19362475690925463,1024.0,0,0.0
evaluation-011,1,prior,8,0,1.7999696687728535,0.7925960937733809,0.44498209963309676,1.0,6.104230129984668,0.19362475690925463,1024.0,0,0.0
evaluation-011,2,prior,8,0,1.7999696687728535,0.7925960937733809,0.44498209963309676,1.0,6.104230129984668,0.19362475690925463,1024.0,0,0.0
evaluation-011,0,pooled,8,24,0.16091660326252724,0.2425380597660256,0.15816688705680998,1.0,1.8093239119350306,0.10627092176344449,559.5923646342366,0,0.020540310000022544
evaluation-011,1,pooled,8,24,0.16091660326252724,0.2425380597660256,0.15816688705680998,1.0,1.8093239119350306,0.10627092176344449,559.5923646342366,0,0.020540310000022544
evaluation-011,2,pooled,8,24,0.16091660326252724,0.2425380597660256,0.15816688705680998,1.0,1.8093239119350306,0.10627092176344449,559.5923646342366,0,0.020540310000022544
evaluation-011,0,private,8,8,0.18886859888926488,0.26182269697885907,0.16667873718938742,1.0,1.9819250534081447,0.16348361559192673,827.5714661921138,0,0.010330238999991082
evaluation-011,1,private,8,8,0.28051666033167,0.3190872792708357,0.19574979028764686,1.0,2.5307081030723895,0.18563557179772014,1008.9128742682962,0,0.010466302000018857
evaluation-011,2,private,8,8,0.6051483093285942,0.4476214798143549,0.26293653314672716,0.9375,2.300411452492102,0.21456305100623285,838.3405703759513,0,0.010150769000020432
evaluation-011,0,prior,16,0,1.7999696687728535,0.7925960937733809,0.44498209963309676,1.0,6.104230129984668,0.19362475690925463,1024.0,0,0.0
evaluation-011,1,prior,16,0,1.7999696687728535,0.7925960937733809,0.44498209963309676,1.0,6.104230129984668,0.19362475690925463,1024.0,0,0.0
evaluation-011,2,prior,16,0,1.7999696687728535,0.7925960937733809,0.44498209963309676,1.0,6.104230129984668,0.19362475690925463,1024.0,0,0.0
evaluation-011,0,pooled,16,48,0.10341982053858084,0.189956029671887,0.1356991573556362,1.0,1.366625541635199,0.04458151816978785,948.6627623454867,0,0.11355026500003618
evaluation-011,1,pooled,16,48,0.10341982053858084,0.189956029671887,0.1356991573556362,1.0,1.366625541635199,0.04458151816978785,948.6627623454867,0,0.11355026500003618
evaluation-011,2,pooled,16,48,0.10341982053858084,0.189956029671887,0.1356991573556362,1.0,1.366625541635199,0.04458151816978785,948.6627623454867,0,0.11355026500003618
evaluation-011,0,private,16,16,0.16352683211733854,0.23143906615229454,0.15823434758814786,0.9375,1.4591021699295876,0.13878113332161138,610.9557292405996,0,0.026766807999983655
evaluation-011,1,private,16,16,0.3437126926369252,0.3359784773025932,0.20522490649861852,1.0,2.506676051213841,0.13390259029113738,1021.1236495813635,0,0.020451414000007162
evaluation-011,2,private,16,16,0.412712723853463,0.3638509583100148,0.21931364018207164,0.9375,1.8966679552978993,0.20612334138636126,1016.9972210678516,0,0.02090311400000644
evaluation-011,0,prior,32,0,1.7999696687728535,0.7925960937733809,0.44498209963309676,1.0,6.104230129984668,0.19362475690925463,1024.0,0,0.0
evaluation-011,1,prior,32,0,1.7999696687728535,0.7925960937733809,0.44498209963309676,1.0,6.104230129984668,0.19362475690925463,1024.0,0,0.0
evaluation-011,2,prior,32,0,1.7999696687728535,0.7925960937733809,0.44498209963309676,1.0,6.104230129984668,0.19362475690925463,1024.0,0,0.0
evaluation-011,0,pooled,32,96,0.10062951557067493,0.18505926381640433,0.13205975511462498,0.96875,1.1544592814920536,0.01784975988285954,769.7730831422549,0,0.27649224800001804
evaluation-011,1,pooled,32,96,0.10062951557067493,0.18505926381640433,0.13205975511462498,0.96875,1.1544592814920536,0.01784975988285954,769.7730831422549,0,0.27649224800001804
evaluation-011,2,pooled,32,96,0.10062951557067493,0.18505926381640433,0.13205975511462498,0.96875,1.1544592814920536,0.01784975988285954,769.7730831422549,0,0.27649224800001804
evaluation-011,0,private,32,32,0.17986184049075016,0.24726608299457598,0.16349812849850004,0.9375,1.3856238310080826,0.18733890334996994,902.3429900332768,0,0.046307468999977175
evaluation-011,1,private,32,32,0.13502752012808608,0.2211559507593514,0.1504330077764075,1.0,1.7679571340277358,0.12058979884999481,610.8447975907177,0,0.047093898000021284
evaluation-011,2,private,32,32,0.12610784198994418,0.2083102031709445,0.14214051899725563,0.96875,1.3865099537565024,0.12155954769315552,1017.7738534356852,0,0.0584974410000072
evaluation-011,0,prior,64,0,1.7999696687728535,0.7925960937733809,0.44498209963309676,1.0,6.104230129984668,0.19362475690925463,1024.0,0,0.0
evaluation-011,1,prior,64,0,1.7999696687728535,0.7925960937733809,0.44498209963309676,1.0,6.104230129984668,0.19362475690925463,1024.0,0,0.0
evaluation-011,2,prior,64,0,1.7999696687728535,0.7925960937733809,0.44498209963309676,1.0,6.104230129984668,0.19362475690925463,1024.0,0,0.0
evaluation-011,0,pooled,64,192,0.1028258691997202,0.18633774893821636,0.13337613435798215,0.96875,1.1100363008172642,0.01624964708511264,533.945738358057,0,0.3874203740000297
evaluation-011,1,pooled,64,192,0.1028258691997202,0.18633774893821636,0.13337613435798215,0.96875,1.1100363008172642,0.01624964708511264,533.945738358057,0,0.3874203740000297
evaluation-011,2,pooled,64,192,0.1028258691997202,0.18633774893821636,0.13337613435798215,0.96875,1.1100363008172642,0.01624964708511264,533.945738358057,0,0.3874203740000297
evaluation-011,0,private,64,64,0.10128260294375614,0.18525934187770257,0.1335675394606947,0.9375,1.1349235882467286,0.037240140277541085,739.6150719245729,0,0.13449307299999447
evaluation-011,1,private,64,64,0.11109973486948893,0.19371950357863849,0.1353557873296509,0.96875,1.1854635258288446,0.06435062599579702,1021.7898046521565,0,0.17072858400000968
evaluation-011,2,private,64,64,0.11530791889789477,0.19830562152114378,0.1372973225368101,0.9375,1.2593978792174276,0.08350904860688314,996.3089387993833,0,0.16275345300000055
evaluation-011,0,prior,128,0,1.7999696687728535,0.7925960937733809,0.44498209963309676,1.0,6.104230129984668,0.19362475690925463,1024.0,0,0.0
evaluation-011,1,prior,128,0,1.7999696687728535,0.7925960937733809,0.44498209963309676,1.0,6.104230129984668,0.19362475690925463,1024.0,0,0.0
evaluation-011,2,prior,128,0,1.7999696687728535,0.7925960937733809,0.44498209963309676,1.0,6.104230129984668,0.19362475690925463,1024.0,0,0.0
evaluation-011,0,pooled,128,384,0.1045794166791422,0.18778559240475598,0.13377759540373468,0.90625,1.1008634344660946,0.011673077819295349,588.6278891721045,0,0.8874700970000617
evaluation-011,1,pooled,128,384,0.1045794166791422,0.18778559240475598,0.13377759540373468,0.90625,1.1008634344660946,0.011673077819295349,588.6278891721045,0,0.8874700970000617
evaluation-011,2,pooled,128,384,0.1045794166791422,0.18778559240475598,0.13377759540373468,0.90625,1.1008634344660946,0.011673077819295349,588.6278891721045,0,0.8874700970000617
evaluation-011,0,private,128,128,0.100703640510978,0.18463844647893715,0.13345925381767898,0.96875,1.1145414012028794,0.0366069969578359,785.0503907093309,0,0.34402061199998
evaluation-011,1,private,128,128,0.11410480958066876,0.19523298829006808,0.13634585179048547,0.9375,1.126177836083437,0.037067652665473495,1012.4926713771096,0,0.3672318309999625
evaluation-011,2,private,128,128,0.1101737980846484,0.19246016140313563,0.1348080543910173,0.9375,1.1253996653168277,0.04652765208711386,720.4590584762658,0,0.3857802899999214
evaluation-012,0,prior,0,0,0.44495328148858626,0.6012615626759303,0.32771208085930176,1.0,6.397907756890239,0.1947526055138793,1024.0,0,0.0
evaluation-012,1,prior,0,0,0.44495328148858626,0.6012615626759303,0.32771208085930176,1.0,6.397907756890239,0.1947526055138793,1024.0,0,0.0
evaluation-012,2,prior,0,0,0.44495328148858626,0.6012615626759303,0.32771208085930176,1.0,6.397907756890239,0.1947526055138793,1024.0,0,0.0
evaluation-012,0,pooled,0,0,0.44495328148858626,0.6012615626759303,0.32771208085930176,1.0,6.397907756890239,0.1947526055138793,1024.0,0,0.0
evaluation-012,1,pooled,0,0,0.44495328148858626,0.6012615626759303,0.32771208085930176,1.0,6.397907756890239,0.1947526055138793,1024.0,0,0.0
evaluation-012,2,pooled,0,0,0.44495328148858626,0.6012615626759303,0.32771208085930176,1.0,6.397907756890239,0.1947526055138793,1024.0,0,0.0
evaluation-012,0,private,0,0,0.44495328148858626,0.6012615626759303,0.32771208085930176,1.0,6.397907756890239,0.1947526055138793,1024.0,0,0.0
evaluation-012,1,private,0,0,0.44495328148858626,0.6012615626759303,0.32771208085930176,1.0,6.397907756890239,0.1947526055138793,1024.0,0,0.0
evaluation-012,2,private,0,0,0.44495328148858626,0.6012615626759303,0.32771208085930176,1.0,6.397907756890239,0.1947526055138793,1024.0,0,0.0
evaluation-012,0,prior,4,0,0.44495328148858626,0.6012615626759303,0.32771208085930176,1.0,6.397907756890239,0.1947526055138793,1024.0,0,0.0
evaluation-012,1,prior,4,0,0.44495328148858626,0.6012615626759303,0.32771208085930176,1.0,6.397907756890239,0.1947526055138793,1024.0,0,0.0
evaluation-012,2,prior,4,0,0.44495328148858626,0.6012615626759303,0.32771208085930176,1.0,6.397907756890239,0.1947526055138793,1024.0,0,0.0
evaluation-012,0,pooled,4,12,0.20764120910037426,0.26599342850769403,0.15627847795232325,0.96875,1.7208411585039007,0.07791522822066321,1022.0394798868174,0,0.02329691100000275
evaluation-012,1,pooled,4,12,0.20764120910037426,0.26599342850769403,0.15627847795232325,0.96875,1.7208411585039007,0.07791522822066321,1022.0394798868174,0,0.02329691100000275
evaluation-012,2,pooled,4,12,0.20764120910037426,0.26599342850769403,0.15627847795232325,0.96875,1.7208411585039007,0.07791522822066321,1022.0394798868174,0,0.02329691100000275
evaluation-012,0,private,4,4,1.7371911053653908,0.7669024393816167,0.41800058528730244,0.6875,3.1015758696135762,0.18072714191031541,706.5401106578113,0,0.004091082000002189
evaluation-012,1,private,4,4,0.8855984937355879,0.5098607343137401,0.2798404659096131,0.90625,2.9278734526021974,0.13619050378868588,1024.0,0,0.007442628999982048
evaluation-012,2,private,4,4,0.3064130815979028,0.3457638208963938,0.19164282699720286,0.96875,2.936458966297371,0.1582004491339457,605.258126100571,0,0.00438628800003471
evaluation-012,0,prior,8,0,0.44495328148858626,0.6012615626759303,0.32771208085930176,1.0,6.397907756890239,0.1947526055138793,1024.0,0,0.0
evaluation-012,1,prior,8,0,0.44495328148858626,0.6012615626759303,0.32771208085930176,1.0,6.397907756890239,0.1947526055138793,1024.0,0,0.0
evaluation-012,2,prior,8,0,0.44495328148858626,0.6012615626759303,0.32771208085930176,1.0,6.397907756890239,0.1947526055138793,1024.0,0,0.0
evaluation-012,0,pooled,8,24,0.20842997777130318,0.2672339906121002,0.15672767158166168,0.96875,1.675312986122834,0.07540105249041316,839.0298006926623,0,0.029597447000014654
evaluation-012,1,pooled,8,24,0.20842997777130318,0.2672339906121002,0.15672767158166168,0.96875,1.675312986122834,0.07540105249041316,839.0298006926623,0,0.029597447000014654
evaluation-012,2,pooled,8,24,0.20842997777130318,0.2672339906121002,0.15672767158166168,0.96875,1.675312986122834,0.07540105249041316,839.0298006926623,0,0.029597447000014654
evaluation-012,0,private,8,8,1.4520699702963966,0.6742214473178483,0.36703426894205726,0.84375,3.0598546642193654,0.17501387744391309,1024.0,0,0.01343886499998348
evaluation-012,1,private,8,8,0.1755733320759242,0.2586421138601293,0.1504133151037771,1.0,2.0859966806536843,0.022699290678631617,849.0690809501613,0,0.013383435999983817
evaluation-012,2,private,8,8,0.4650138770032068,0.3821911378049062,0.2105162707907291,0.96875,2.599108654601518,0.17384117143641611,990.522503689181,0,0.010476098000026468
evaluation-012,0,prior,16,0,0.44495328148858626,0.6012615626759303,0.32771208085930176,1.0,6.397907756890239,0.1947526055138793,1024.0,0,0.0
evaluation-012,1,prior,16,0,0.44495328148858626,0.6012615626759303,0.32771208085930176,1.0,6.397907756890239,0.1947526055138793,1024.0,0,0.0
evaluation-012,2,prior,16,0,0.44495328148858626,0.6012615626759303,0.32771208085930176,1.0,6.397907756890239,0.1947526055138793,1024.0,0,0.0
evaluation-012,0,pooled,16,48,0.16295430706465208,0.23697193301565297,0.14392774132503297,0.9375,1.470519465628863,0.14512267742195367,584.9175769851057,0,0.06300558900002784
evaluation-012,1,pooled,16,48,0.16295430706465208,0.23697193301565297,0.14392774132503297,0.9375,1.470519465628863,0.14512267742195367,584.9175769851057,0,0.06300558900002784
evaluation-012,2,pooled,16,48,0.16295430706465208,0.23697193301565297,0.14392774132503297,0.9375,1.470519465628863,0.14512267742195367,584.9175769851057,0,0.06300558900002784
evaluation-012,0,private,16,16,1.5876389206712531,0.7174196861890667,0.3909142244501921,0.75,3.026770523294497,0.17623733019517712,791.8451889563512,0,0.019476434000011977
evaluation-012,1,private,16,16,0.16391475571080316,0.24797969553078644,0.1450819421991079,1.0,1.8726891205063365,0.02228616022109733,725.7250553407766,0,0.016276618999995662
evaluation-012,2,private,16,16,0.22492794360568208,0.27732393468741817,0.159449408662385,0.9375,1.8422701562713113,0.115850844673626,829.527718547017,0,0.022341528000012545
evaluation-012,0,prior,32,0,0.44495328148858626,0.6012615626759303,0.32771208085930176,1.0,6.397907756890239,0.1947526055138793,1024.0,0,0.0
evaluation-012,1,prior,32,0,0.44495328148858626,0.6012615626759303,0.32771208085930176,1.0,6.397907756890239,0.1947526055138793,1024.0,0,0.0
evaluation-012,2,prior,32,0,0.44495328148858626,0.6012615626759303,0.32771208085930176,1.0,6.397907756890239,0.1947526055138793,1024.0,0,0.0
evaluation-012,0,pooled,32,96,0.15802811293621796,0.23025982839665918,0.13864747521937526,0.90625,1.2054507511885288,0.07604576778049853,1024.0,0,0.23498086799999385
evaluation-012,1,pooled,32,96,0.15802811293621796,0.23025982839665918,0.13864747521937526,0.90625,1.2054507511885288,0.07604576778049853,1024.0,0,0.23498086799999385
evaluation-012,2,pooled,32,96,0.15802811293621796,0.23025982839665918,0.13864747521937526,0.90625,1.2054507511885288,0.07604576778049853,1024.0,0,0.23498086799999385
evaluation-012,0,private,32,32,1.1495105948649136,0.5961469887216111,0.32193053050609083,0.84375,2.819715132428815,0.19986460079157062,784.100808766064,0,0.03665545900004474
evaluation-012,1,private,32,32,0.16320519387084081,0.23496485189063496,0.14162256285464436,0.84375,1.3263327564396015,0.09645297777966363,1022.9077535354921,0,0.05232324999998639
evaluation-012,2,private,32,32,0.18578512904129643,0.25032269836530163,0.14479166950190603,0.9375,1.4456173272218011,0.0578186098159913,1024.0,0,0.0598206800000014
evaluation-012,0,prior,64,0,0.44495328148858626,0.6012615626759303,0.32771208085930176,1.0,6.397907756890239,0.1947526055138793,1024.0,0,0.0
evaluation-012,1,prior,64,0,0.44495328148858626,0.6012615626759303,0.32771208085930176,1.0,6.397907756890239,0.1947526055138793,1024.0,0,0.0
evaluation-012,2,prior,64,0,0.44495328148858626,0.6012615626759303,0.32771208085930176,1.0,6.397907756890239,0.1947526055138793,1024.0,0,0.0
evaluation-012,0,pooled,64,192,0.16122215855086586,0.2320412114162998,0.13842419732600364,0.875,1.1876493099356156,0.04615590028385037,679.5857573844996,0,0.46739008399993054
evaluation-012,1,pooled,64,192,0.16122215855086586,0.2320412114162998,0.13842419732600364,0.875,1.1876493099356156,0.04615590028385037,679.5857573844996,0,0.46739008399993054
evaluation-012,2,pooled,64,192,0.16122215855086586,0.2320412114162998,0.13842419732600364,0.875,1.1876493099356156,0.04615590028385037,679.5857573844996,0,0.46739008399993054
evaluation-012,0,private,64,64,0.1809392641490864,0.24771011461005876,0.14384553382412174,0.875,1.1666646672561556,0.10741413371200048,1024.0,0,0.20495139700004472
evaluation-012,1,private,64,64,0.16245596727425263,0.23406290916060168,0.1390140990982383,0.875,1.2109469293383985,0.018594915650920085,861.5515744326102,0,0.13022462699998982
evaluation-012,2,private,64,64,0.18249999993637855,0.24679854605963597,0.1465849218275358,0.84375,1.2940895086778328,0.15317605541989796,571.798970897225,0,0.09632063699997673
evaluation-012,0,prior,128,0,0.44495328148858626,0.6012615626759303,0.32771208085930176,1.0,6.397907756890239,0.1947526055138793,1024.0,0,0.0
evaluation-012,1,prior,128,0,0.44495328148858626,0.6012615626759303,0.32771208085930176,1.0,6.397907756890239,0.1947526055138793,1024.0,0,0.0
evaluation-012,2,prior,128,0,0.44495328148858626,0.6012615626759303,0.32771208085930176,1.0,6.397907756890239,0.1947526055138793,1024.0,0,0.0
evaluation-012,0,pooled,128,384,0.16059423082922936,0.2316091328827652,0.13788834890398521,0.875,1.1808600782508427,0.025705028261474958,678.7564015624888,0,0.7172368510000382
evaluation-012,1,pooled,128,384,0.16059423082922936,0.2316091328827652,0.13788834890398521,0.875,1.1808600782508427,0.025705028261474958,678.7564015624888,0,0.7172368510000382
evaluation-012,2,pooled,128,384,0.16059423082922936,0.2316091328827652,0.13788834890398521,0.875,1.1808600782508427,0.025705028261474958,678.7564015624888,0,0.7172368510000382
evaluation-012,0,private,128,128,0.16456556728772637,0.23485665771987443,0.13885177401864335,0.90625,1.1692598103566816,0.022790578426270632,995.2161642363211,0,0.3675101710001343
evaluation-012,1,private,128,128,0.16185624084530942,0.23261667198344468,0.1380987834911016,0.875,1.1757988312309933,0.007606636286842491,844.34973331192,0,0.28329181800000924
evaluation-012,2,private,128,128,0.1595042264236453,0.23082246074655424,0.1387011427828581,0.875,1.2019270687962065,0.09138959281875031,688.7111489940692,0,0.25244173800007275
evaluation-013,0,prior,0,0,0.7305507515523249,0.6443244729640827,0.34701956918263843,1.0,6.398723750417705,0.3090136623729345,1024.0,0,0.0
evaluation-013,1,prior,0,0,0.7305507515523249,0.6443244729640827,0.34701956918263843,1.0,6.398723750417705,0.3090136623729345,1024.0,0,0.0
evaluation-013,2,prior,0,0,0.7305507515523249,0.6443244729640827,0.34701956918263843,1.0,6.398723750417705,0.3090136623729345,1024.0,0,0.0
evaluation-013,0,pooled,0,0,0.7305507515523249,0.6443244729640827,0.34701956918263843,1.0,6.398723750417705,0.3090136623729345,1024.0,0,0.0
evaluation-013,1,pooled,0,0,0.7305507515523249,0.6443244729640827,0.34701956918263843,1.0,6.398723750417705,0.3090136623729345,1024.0,0,0.0
evaluation-013,2,pooled,0,0,0.7305507515523249,0.6443244729640827,0.34701956918263843,1.0,6.398723750417705,0.3090136623729345,1024.0,0,0.0
evaluation-013,0,private,0,0,0.7305507515523249,0.6443244729640827,0.34701956918263843,1.0,6.398723750417705,0.3090136623729345,1024.0,0,0.0
evaluation-013,1,private,0,0,0.7305507515523249,0.6443244729640827,0.34701956918263843,1.0,6.398723750417705,0.3090136623729345,1024.0,0,0.0
evaluation-013,2,private,0,0,0.7305507515523249,0.6443244729640827,0.34701956918263843,1.0,6.398723750417705,0.3090136623729345,1024.0,0,0.0
evaluation-013,0,prior,4,0,0.7305507515523249,0.6443244729640827,0.34701956918263843,1.0,6.398723750417705,0.3090136623729345,1024.0,0,0.0
evaluation-013,1,prior,4,0,0.7305507515523249,0.6443244729640827,0.34701956918263843,1.0,6.398723750417705,0.3090136623729345,1024.0,0,0.0
evaluation-013,2,prior,4,0,0.7305507515523249,0.6443244729640827,0.34701956918263843,1.0,6.398723750417705,0.3090136623729345,1024.0,0,0.0
evaluation-013,0,pooled,4,12,0.32319182152236803,0.3303873119306605,0.17800502992287015,0.90625,2.0464272802661396,0.11173748699629707,718.4416289760874,0,0.029791266000017913
evaluation-013,1,pooled,4,12,0.32319182152236803,0.3303873119306605,0.17800502992287015,0.90625,2.0464272802661396,0.11173748699629707,718.4416289760874,0,0.029791266000017913
evaluation-013,2,pooled,4,12,0.32319182152236803,0.3303873119306605,0.17800502992287015,0.90625,2.0464272802661396,0.11173748699629707,718.4416289760874,0,0.029791266000017913
evaluation-013,0,private,4,4,1.120709598352418,0.5767491149280055,0.301076131722675,0.8125,2.7975339195229565,0.22757355025502407,1016.79221297583,0,0.008684994999995865
evaluation-013,1,private,4,4,0.5120353700658639,0.40037384009700805,0.21323693984646558,0.90625,2.566572661227712,0.21655557674097503,1024.0,0,0.010544750999997632
evaluation-013,2,private,4,4,1.506831666679663,0.6679759675814296,0.3466934377031145,0.875,3.0199610118961013,0.26826667883751265,721.2506970711352,0,0.009841526999991856
evaluation-013,0,prior,8,0,0.7305507515523249,0.6443244729640827,0.34701956918263843,1.0,6.398723750417705,0.3090136623729345,1024.0,0,0.0
evaluation-013,1,prior,8,0,0.7305507515523249,0.6443244729640827,0.34701956918263843,1.0,6.398723750417705,0.3090136623729345,1024.0,0,0.0
evaluation-013,2,prior,8,0,0.7305507515523249,0.6443244729640827,0.34701956918263843,1.0,6.398723750417705,0.3090136623729345,1024.0,0,0.0
evaluation-013,0,pooled,8,24,0.6133040342004181,0.46256127896985977,0.2439509907722719,0.71875,1.8302609526335907,0.23738914720869592,1024.0,0,0.06601218800000197
evaluation-013,1,pooled,8,24,0.6133040342004181,0.46256127896985977,0.2439509907722719,0.71875,1.8302609526335907,0.23738914720869592,1024.0,0,0.06601218800000197
evaluation-013,2,pooled,8,24,0.6133040342004181,0.46256127896985977,0.2439509907722719,0.71875,1.8302609526335907,0.23738914720869592,1024.0,0,0.06601218800000197
evaluation-013,0,private,8,8,0.6632997124985149,0.45689225211564444,0.24115499202741222,0.84375,2.381709980746125,0.16913658641557183,770.2736687126376,0,0.01206835699998976
evaluation-013,1,private,8,8,0.8711659462637815,0.5573404332913967,0.29138647370528326,0.625,2.0198594911309042,0.24524144117498944,1024.0,0,0.018256968000017082
evaluation-013,2,private,8,8,1.9454460286527016,0.787456386627349,0.4064190980872186,0.75,2.972740358326996,0.3426304153106671,1024.0,0,0.015832188999979735
evaluation-013,0,prior,16,0,0.7305507515523249,0.6443244729640827,0.34701956918263843,1.0,6.398723750417705,0.3090136623729345,1024.0,0,0.0
evaluation-013,1,prior,16,0,0.7305507515523249,0.6443244729640827,0.34701956918263843,1.0,6.398723750417705,0.3090136623729345,1024.0,0,0.0
evaluation-013,2,prior,16,0,0.7305507515523249,0.6443244729640827,0.34701956918263843,1.0,6.398723750417705,0.3090136623729345,1024.0,0,0.0
evaluation-013,0,pooled,16,48,0.27711291071476735,0.30472206772940635,0.1651390945910507,0.90625,1.6844839816089185,0.07380528393487105,758.1378236897957,0,0.09253134099999727
evaluation-013,1,pooled,16,48,0.27711291071476735,0.30472206772940635,0.1651390945910507,0.90625,1.6844839816089185,0.07380528393487105,758.1378236897957,0,0.09253134099999727
evaluation-013,2,pooled,16,48,0.27711291071476735,0.30472206772940635,0.1651390945910507,0.90625,1.6844839816089185,0.07380528393487105,758.1378236897957,0,0.09253134099999727
evaluation-013,0,private,16,16,0.3009173004773582,0.3181321123619359,0.1718271275503853,0.90625,1.8544641883302124,0.09923968665447025,907.2609758287057,0,0.023221695000003706
evaluation-013,1,private,16,16,0.2926130847813055,0.3115529241105708,0.1684582773697798,0.90625,1.8145650850590573,0.16378143910038284,964.3843917245545,0,0.02677118000001144
evaluation-013,2,private,16,16,1.9384601508468753,0.7894011910576646,0.40736935666915663,0.75,2.935048986818355,0.3684917351638613,905.3431872904368,0,0.018774135999947816
evaluation-013,0,prior,32,0,0.7305507515523249,0.6443244729640827,0.34701956918263843,1.0,6.398723750417705,0.3090136623729345,1024.0,0,0.0
evaluation-013,1,prior,32,0,0.7305507515523249,0.6443244729640827,0.34701956918263843,1.0,6.398723750417705,0.3090136623729345,1024.0,0,0.0
evaluation-013,2,prior,32,0,0.7305507515523249,0.6443244729640827,0.34701956918263843,1.0,6.398723750417705,0.3090136623729345,1024.0,0,0.0
evaluation-013,0,pooled,32,96,0.2760129895227692,0.3032966096263682,0.16459120780585684,0.84375,1.637328979005601,0.02121972487969688,864.9752086094603,0,0.15874810999999056
evaluation-013,1,pooled,32,96,0.2760129895227692,0.3032966096263682,0.16459120780585684,0.84375,1.637328979005601,0.02121972487969688,864.9752086094603,0,0.15874810999999056
evaluation-013,2,pooled,32,96,0.2760129895227692,0.3032966096263682,0.16459120780585684,0.84375,1.637328979005601,0.02121972487969688,864.9752086094603,0,0.15874810999999056
evaluation-013,0,private,32,32,0.2616431088303203,0.2959591877294066,0.16094022813931297,0.8125,1.7033857941513029,0.028522241795404794,929.086145927936,0,0.04475241899999105
evaluation-013,1,private,32,32,0.2796030154759743,0.3048704841347346,0.1651504965803577,0.90625,1.7917969965676663,0.12192470275200104,642.201720247761,0,0.03220068299999923
evaluation-013,2,private,32,32,1.2080288341175396,0.6041306971996581,0.3147839003054721,0.8125,2.741658741225293,0.18598954695379408,854.9760600667894,0,0.055681651999961446
evaluation-013,0,prior,64,0,0.7305507515523249,0.6443244729640827,0.34701956918263843,1.0,6.398723750417705,0.3090136623729345,1024.0,0,0.0
evaluation-013,1,prior,64,0,0.7305507515523249,0.6443244729640827,0.34701956918263843,1.0,6.398723750417705,0.3090136623729345,1024.0,0,0.0
evaluation-013,2,prior,64,0,0.7305507515523249,0.6443244729640827,0.34701956918263843,1.0,6.398723750417705,0.3090136623729345,1024.0,0,0.0
evaluation-013,0,pooled,64,192,0.2714769939485852,0.3004205102437658,0.16310541879315874,0.84375,1.6318959958924295,0.0037033414252870224,924.2842519730513,0,0.3891175749999576
evaluation-013,1,pooled,64,192,0.2714769939485852,0.3004205102437658,0.16310541879315874,0.84375,1.6318959958924295,0.0037033414252870224,924.2842519730513,0,0.3891175749999576
evaluation-013,2,pooled,64,192,0.2714769939485852,0.3004205102437658,0.16310541879315874,0.84375,1.6318959958924295,0.0037033414252870224,924.2842519730513,0,0.3891175749999576
evaluation-013,0,private,64,64,0.2614974938729451,0.29435854030317155,0.16003837054459807,0.875,1.6324156464468225,0.0426577705200568,1005.9221866616112,0,0.15875936100002264
evaluation-013,1,private,64,64,0.27126920282490113,0.2996136331331869,0.16253825042111947,0.90625,1.6715633490885575,0.053749743691082374,1012.3664094332033,0,0.10931504399992775
evaluation-013,2,private,64,64,0.25687018919778737,0.2924611256036644,0.1591474442615139,0.875,1.639231118738952,0.046035376182774757,582.9011321223101,0,0.13476122499993437
evaluation-013,0,prior,128,0,0.7305507515523249,0.6443244729640827,0.34701956918263843,1.0,6.398723750417705,0.3090136623729345,1024.0,0,0.0
evaluation-013,1,prior,128,0,0.7305507515523249,0.6443244729640827,0.34701956918263843,1.0,6.398723750417705,0.3090136623729345,1024.0,0,0.0
evaluation-013,2,prior,128,0,0.7305507515523249,0.6443244729640827,0.34701956918263843,1.0,6.398723750417705,0.3090136623729345,1024.0,0,0.0
evaluation-013,0,pooled,128,384,0.27291920366157946,0.30113516209283275,0.16346917900334543,0.84375,1.6324804512588502,0.005404936086479729,917.152078917941,0,0.6776176310000466
evaluation-013,1,pooled,128,384,0.27291920366157946,0.30113516209283275,0.16346917900334543,0.84375,1.6324804512588502,0.005404936086479729,917.152078917941,0,0.6776176310000466
evaluation-013,2,pooled,128,384,0.27291920366157946,0.30113516209283275,0.16346917900334543,0.84375,1.6324804512588502,0.005404936086479729,917.152078917941,0,0.6776176310000466
evaluation-013,0,private,128,128,0.26049652161335046,0.29442372485230905,0.16006982611435666,0.8125,1.6064145310947653,0.05541583621668928,826.6977106279621,0,0.26556492299997103
evaluation-013,1,private,128,128,0.27692730398898213,0.30357078115946134,0.1646284589498949,0.875,1.651883136803395,0.012212295192066382,609.3942603867628,0,0.2501405809999113
evaluation-013,2,private,128,128,0.26095604391587834,0.2945196852349149,0.16018201664848514,0.84375,1.6228840297658544,0.027883561081917644,1017.2959876527284,0,0.2859224669998923
evaluation-014,0,prior,0,0,6.1812049559871,1.4983241987715825,0.7795611579127213,0.84375,6.247374118051793,0.2803290232559519,1024.0,0,0.0
evaluation-014,1,prior,0,0,6.1812049559871,1.4983241987715825,0.7795611579127213,0.84375,6.247374118051793,0.2803290232559519,1024.0,0,0.0
evaluation-014,2,prior,0,0,6.1812049559871,1.4983241987715825,0.7795611579127213,0.84375,6.247374118051793,0.2803290232559519,1024.0,0,0.0
evaluation-014,0,pooled,0,0,6.1812049559871,1.4983241987715825,0.7795611579127213,0.84375,6.247374118051793,0.2803290232559519,1024.0,0,0.0
evaluation-014,1,pooled,0,0,6.1812049559871,1.4983241987715825,0.7795611579127213,0.84375,6.247374118051793,0.2803290232559519,1024.0,0,0.0
evaluation-014,2,pooled,0,0,6.1812049559871,1.4983241987715825,0.7795611579127213,0.84375,6.247374118051793,0.2803290232559519,1024.0,0,0.0
evaluation-014,0,private,0,0,6.1812049559871,1.4983241987715825,0.7795611579127213,0.84375,6.247374118051793,0.2803290232559519,1024.0,0,0.0
evaluation-014,1,private,0,0,6.1812049559871,1.4983241987715825,0.7795611579127213,0.84375,6.247374118051793,0.2803290232559519,1024.0,0,0.0
evaluation-014,2,private,0,0,6.1812049559871,1.4983241987715825,0.7795611579127213,0.84375,6.247374118051793,0.2803290232559519,1024.0,0,0.0
evaluation-014,0,prior,4,0,6.1812049559871,1.4983241987715825,0.7795611579127213,0.84375,6.247374118051793,0.2803290232559519,1024.0,0,0.0
evaluation-014,1,prior,4,0,6.1812049559871,1.4983241987715825,0.7795611579127213,0.84375,6.247374118051793,0.2803290232559519,1024.0,0,0.0
evaluation-014,2,prior,4,0,6.1812049559871,1.4983241987715825,0.7795611579127213,0.84375,6.247374118051793,0.2803290232559519,1024.0,0,0.0
evaluation-014,0,pooled,4,12,0.9277585873120615,0.5143741160940962,0.2706255265368861,0.90625,2.7847454878044924,0.20036210301937918,730.5733825472287,0,0.013022595999970576
evaluation-014,1,pooled,4,12,0.9277585873120615,0.5143741160940962,0.2706255265368861,0.90625,2.7847454878044924,0.20036210301937918,730.5733825472287,0,0.013022595999970576
evaluation-014,2,pooled,4,12,0.9277585873120615,0.5143741160940962,0.2706255265368861,0.90625,2.7847454878044924,0.20036210301937918,730.5733825472287,0,0.013022595999970576
evaluation-014,0,private,4,4,0.7666779005914461,0.4833772904868945,0.2551271137332852,1.0,3.369913027298045,0.23667720969597997,880.6464182008733,0,0.004048632000007046
evaluation-014,1,private,4,4,1.5539957098763026,0.663723706617557,0.3453041418332262,0.78125,3.1850707449862163,0.23638172473885727,1023.4096446490294,0,0.0072504540000011275
evaluation-014,2,private,4,4,1.6209927296146804,0.6898681998791898,0.3583727393323094,0.8125,3.069308542235209,0.27359421545826756,1024.0,0,0.007324375000010264
evaluation-014,0,prior,8,0,6.1812049559871,1.4983241987715825,0.7795611579127213,0.84375,6.247374118051793,0.2803290232559519,1024.0,0,0.0
evaluation-014,1,prior,8,0,6.1812049559871,1.4983241987715825,0.7795611579127213,0.84375,6.247374118051793,0.2803290232559519,1024.0,0,0.0
evaluation-014,2,prior,8,0,6.1812049559871,1.4983241987715825,0.7795611579127213,0.84375,6.247374118051793,0.2803290232559519,1024.0,0,0.0
evaluation-014,0,pooled,8,24,0.34461724304946,0.33890662781910275,0.18289178239938936,0.96875,1.9654955147277033,0.0490823699084906,1023.2103178647009,0,0.0388797249999584
evaluation-014,1,pooled,8,24,0.34461724304946,0.33890662781910275,0.18289178239938936,0.96875,1.9654955147277033,0.0490823699084906,1023.2103178647009,0,0.0388797249999584
evaluation-014,2,pooled,8,24,0.34461724304946,0.33890662781910275,0.18289178239938936,0.96875,1.9654955147277033,0.0490823699084906,1023.2103178647009,0,0.0388797249999584
evaluation-014,0,private,8,8,0.5116818089018699,0.4131008904860647,0.21998891373287036,0.9375,2.4900262174030625,0.17809958291956382,1024.0,0,0.015687300000024607
evaluation-014,1,private,8,8,1.2225425001665688,0.5861814620737212,0.306529613758542,0.90625,3.1773909113385406,0.2130276677414777,1023.7053024594484,0,0.013396430000000237
evaluation-014,2,private,8,8,1.5652344766243766,0.673441529706593,0.35015923334313453,0.84375,3.0497861703812483,0.2650353110979133,1013.9638170500663,0,0.009085857000002306
evaluation-014,0,prior,16,0,6.1812049559871,1.4983241987715825,0.7795611579127213,0.84375,6.247374118051793,0.2803290232559519,1024.0,0,0.0
evaluation-014,1,prior,16,0,6.1812049559871,1.4983241987715825,0.7795611579127213,0.84375,6.247374118051793,0.2803290232559519,1024.0,0,0.0
evaluation-014,2,prior,16,0,6.1812049559871,1.4983241987715825,0.7795611579127213,0.84375,6.247374118051793,0.2803290232559519,1024.0,0,0.0
evaluation-014,0,pooled,16,48,0.44984368670863006,0.38885918540458,0.20786806119212797,0.71875,1.7969817928655676,0.07913467570283671,843.9756297927555,0,0.0726238419999703
evaluation-014,1,pooled,16,48,0.44984368670863006,0.38885918540458,0.20786806119212797,0.71875,1.7969817928655676,0.07913467570283671,843.9756297927555,0,0.0726238419999703
evaluation-014,2,pooled,16,48,0.44984368670863006,0.38885918540458,0.20786806119212797,0.71875,1.7969817928655676,0.07913467570283671,843.9756297927555,0,0.0726238419999703
evaluation-014,0,private,16,16,0.42252858406128974,0.377005889053881,0.20194141301677848,0.84375,2.105443703989206,0.11236626564619391,1001.0699585985029,0,0.02851256300002092
evaluation-014,1,private,16,16,1.1373689644663632,0.5682576988385992,0.2975676864317142,0.9375,3.157967008755096,0.21274858607204122,773.6043685959331,0,0.016133177000000387
evaluation-014,2,private,16,16,0.3839296610083089,0.3586802573976371,0.19277859718865653,0.875,1.9224833642102066,0.03224062683742875,1023.7748721083115,0,0.020743462999988083
evaluation-014,0,prior,32,0,6.1812049559871,1.4983241987715825,0.7795611579127213,0.84375,6.247374118051793,0.2803290232559519,1024.0,0,0.0
evaluation-014,1,prior,32,0,6.1812049559871,1.4983241987715825,0.7795611579127213,0.84375,6.247374118051793,0.2803290232559519,1024.0,0,0.0
evaluation-014,2,prior,32,0,6.1812049559871,1.4983241987715825,0.7795611579127213,0.84375,6.247374118051793,0.2803290232559519,1024.0,0,0.0
evaluation-014,0,pooled,32,96,0.3463104947556294,0.33977359606945623,0.18332526652456613,0.84375,1.751700309976333,0.019802255454534325,732.661065198445,0,0.18900152399987746
evaluation-014,1,pooled,32,96,0.3463104947556294,0.33977359606945623,0.18332526652456613,0.84375,1.751700309976333,0.019802255454534325,732.661065198445,0,0.18900152399987746
evaluation-014,2,pooled,32,96,0.3463104947556294,0.33977359606945623,0.18332526652456613,0.84375,1.751700309976333,0.019802255454534325,732.661065198445,0,0.18900152399987746
evaluation-014,0,private,32,32,0.40277401201500895,0.36830522917464614,0.19759108307716106,0.90625,2.03237305742901,0.126203983343603,699.2874951679969,0,0.0501921230000022
evaluation-014,1,private,32,32,0.34570680885011956,0.34298196786452684,0.1849294524221014,0.96875,2.0046850555237916,0.026762600399053323,605.3323389856355,0,0.0562029069999852
evaluation-014,2,private,32,32,0.36183299071359526,0.347162111572894,0.18701952427628502,0.875,1.8362422886149898,0.024723127841486472,650.9355176837747,0,0.026200372999952037
evaluation-014,0,prior,64,0,6.1812049559871,1.4983241987715825,0.7795611579127213,0.84375,6.247374118051793,0.2803290232559519,1024.0,0,0.0
evaluation-014,1,prior,64,0,6.1812049559871,1.4983241987715825,0.7795611579127213,0.84375,6.247374118051793,0.2803290232559519,1024.0,0,0.0
evaluation-014,2,prior,64,0,6.1812049559871,1.4983241987715825,0.7795611579127213,0.84375,6.247374118051793,0.2803290232559519,1024.0,0,0.0
evaluation-014,0,pooled,64,192,0.34405854836496963,0.33851859947104956,0.1826977682253628,0.90625,1.7507548332784952,0.013291678519442142,844.4457892560752,0,0.30506038799993007
evaluation-014,1,pooled,64,192,0.34405854836496963,0.33851859947104956,0.1826977682253628,0.90625,1.7507548332784952,0.013291678519442142,844.4457892560752,0,0.30506038799993007
evaluation-014,2,pooled,64,192,0.34405854836496963,0.33851859947104956,0.1826977682253628,0.90625,1.7507548332784952,0.013291678519442142,844.4457892560752,0,0.30506038799993007
evaluation-014,0,private,64,64,0.36891757608117715,0.3501384913287617,0.18850771415421883,0.875,1.81012554996481,0.046320220560971334,753.2095097507846,0,0.13148202800000774
evaluation-014,1,private,64,64,0.3497406219973775,0.3410876625808569,0.18398229978026642,0.875,1.7561945468232354,0.0263786950517506,670.6186959694611,0,0.12939994700001023
evaluation-014,2,private,64,64,0.3590521495598489,0.3463697248394524,0.18662333090956418,0.875,1.771676637471058,0.052994200822717046,717.9261594446416,0,0.08015620899989528
evaluation-014,0,prior,128,0,6.1812049559871,1.4983241987715825,0.7795611579127213,0.84375,6.247374118051793,0.2803290232559519,1024.0,0,0.0
evaluation-014,1,prior,128,0,6.1812049559871,1.4983241987715825,0.7795611579127213,0.84375,6.247374118051793,0.2803290232559519,1024.0,0,0.0
evaluation-014,2,prior,128,0,6.1812049559871,1.4983241987715825,0.7795611579127213,0.84375,6.247374118051793,0.2803290232559519,1024.0,0,0.0
evaluation-014,0,pooled,128,384,0.3441302308905661,0.3387781989414306,0.18282756796055327,0.875,1.7436843841380916,0.014474956179746238,1024.0,0,0.6508909849999327
evaluation-014,1,pooled,128,384,0.3441302308905661,0.3387781989414306,0.18282756796055327,0.875,1.7436843841380916,0.014474956179746238,1024.0,0,0.6508909849999327
evaluation-014,2,pooled,128,384,0.3441302308905661,0.3387781989414306,0.18282756796055327,0.875,1.7436843841380916,0.014474956179746238,1024.0,0,0.6508909849999327
evaluation-014,0,private,128,128,0.3577465601988502,0.3446025167510619,0.18573972686536894,0.84375,1.7931683501567248,0.03890310574664162,992.8911504425963,0,0.26551991399996666
evaluation-014,1,private,128,128,0.3511246266602247,0.3414902719447469,0.18418360446221146,0.875,1.7649321264130329,0.03689055005509366,528.6681898639326,0,0.1605495970000419
evaluation-014,2,private,128,128,0.3563574068946153,0.3444694899199917,0.18567321344983384,0.875,1.7620499308013522,0.032584695618895765,790.9620289130856,0,0.3000167209999205
evaluation-015,0,prior,0,0,3.8637734847117065,1.124278688022141,0.6431674772612181,1.0,6.3855122309730135,0.2985787770097472,1024.0,0,0.0
evaluation-015,1,prior,0,0,3.8637734847117065,1.124278688022141,0.6431674772612181,1.0,6.3855122309730135,0.2985787770097472,1024.0,0,0.0
evaluation-015,2,prior,0,0,3.8637734847117065,1.124278688022141,0.6431674772612181,1.0,6.3855122309730135,0.2985787770097472,1024.0,0,0.0
evaluation-015,0,pooled,0,0,3.8637734847117065,1.124278688022141,0.6431674772612181,1.0,6.3855122309730135,0.2985787770097472,1024.0,0,0.0
evaluation-015,1,pooled,0,0,3.8637734847117065,1.124278688022141,0.6431674772612181,1.0,6.3855122309730135,0.2985787770097472,1024.0,0,0.0
evaluation-015,2,pooled,0,0,3.8637734847117065,1.124278688022141,0.6431674772612181,1.0,6.3855122309730135,0.2985787770097472,1024.0,0,0.0
evaluation-015,0,private,0,0,3.8637734847117065,1.124278688022141,0.6431674772612181,1.0,6.3855122309730135,0.2985787770097472,1024.0,0,0.0
evaluation-015,1,private,0,0,3.8637734847117065,1.124278688022141,0.6431674772612181,1.0,6.3855122309730135,0.2985787770097472,1024.0,0,0.0
evaluation-015,2,private,0,0,3.8637734847117065,1.124278688022141,0.6431674772612181,1.0,6.3855122309730135,0.2985787770097472,1024.0,0,0.0
evaluation-015,0,prior,4,0,3.8637734847117065,1.124278688022141,0.6431674772612181,1.0,6.3855122309730135,0.2985787770097472,1024.0,0,0.0
evaluation-015,1,prior,4,0,3.8637734847117065,1.124278688022141,0.6431674772612181,1.0,6.3855122309730135,0.2985787770097472,1024.0,0,0.0
evaluation-015,2,prior,4,0,3.8637734847117065,1.124278688022141,0.6431674772612181,1.0,6.3855122309730135,0.2985787770097472,1024.0,0,0.0
evaluation-015,0,pooled,4,12,0.16625096054566896,0.2456239075797065,0.16354284182092524,0.9375,1.8699831992434577,0.1296658411369772,1022.5828744689823,0,0.020615131000013776
evaluation-015,1,pooled,4,12,0.16625096054566896,0.2456239075797065,0.16354284182092524,0.9375,1.8699831992434577,0.1296658411369772,1022.5828744689823,0,0.020615131000013776
evaluation-015,2,pooled,4,12,0.16625096054566896,0.2456239075797065,0.16354284182092524,0.9375,1.8699831992434577,0.1296658411369772,1022.5828744689823,0,0.020615131000013776
evaluation-015,0,private,4,4,0.9698363980180775,0.5156858278172571,0.31675190824290467,0.90625,2.782706519799386,0.26783900990705195,1024.0,0,0.008545895000011683
evaluation-015,1,private,4,4,0.5111985488811013,0.39164422414361033,0.24083022045223265,0.96875,2.5352465825829578,0.258648222092421,997.9485237170519,0,0.007780107999991515
evaluation-015,2,private,4,4,0.6864394576329897,0.4630445720216769,0.27873245270277086,0.90625,2.332417649439072,0.2900318853897671,1024.0,0,0.007741842000001498
evaluation-015,0,prior,8,0,3.8637734847117065,1.124278688022141,0.6431674772612181,1.0,6.3855122309730135,0.2985787770097472,1024.0,0,0.0
evaluation-015,1,prior,8,0,3.8637734847117065,1.124278688022141,0.6431674772612181,1.0,6.3855122309730135,0.2985787770097472,1024.0,0,0.0
evaluation-015,2,prior,8,0,3.8637734847117065,1.124278688022141,0.6431674772612181,1.0,6.3855122309730135,0.2985787770097472,1024.0,0,0.0
evaluation-015,0,pooled,8,24,0.14062179816303105,0.224659047211419,0.15314366034846502,1.0,1.6403057616661116,0.07641018580922418,815.9991004122021,0,0.03566324100000884
evaluation-015,1,pooled,8,24,0.14062179816303105,0.224659047211419,0.15314366034846502,1.0,1.6403057616661116,0.07641018580922418,815.9991004122021,0,0.03566324100000884
evaluation-015,2,pooled,8,24,0.14062179816303105,0.224659047211419,0.15314366034846502,1.0,1.6403057616661116,0.07641018580922418,815.9991004122021,0,0.03566324100000884
evaluation-015,0,private,8,8,1.1087572873552947,0.5564824177857712,0.3419218963807964,0.90625,2.7560494740395263,0.2658847851561154,710.6768246473541,0,0.01078853700002469
evaluation-015,1,private,8,8,0.6720623924132599,0.44230766640937624,0.2696714359455481,0.9375,2.4932726210791367,0.27092719382937425,888.5773074671943,0,0.009581672999999569
evaluation-015,2,private,8,8,1.2339432223834523,0.6673174546116425,0.3933464292080544,0.6875,2.030099066157559,0.3538333680128404,716.0842335915805,0,0.009350526000005743
evaluation-015,0,prior,16,0,3.8637734847117065,1.124278688022141,0.6431674772612181,1.0,6.3855122309730135,0.2985787770097472,1024.0,0,0.0
evaluation-015,1,prior,16,0,3.8637734847117065,1.124278688022141,0.6431674772612181,1.0,6.3855122309730135,0.2985787770097472,1024.0,0,0.0
evaluation-015,2,prior,16,0,3.8637734847117065,1.124278688022141,0.6431674772612181,1.0,6.3855122309730135,0.2985787770097472,1024.0,0,0.0
evaluation-015,0,pooled,16,48,0.13655463421892933,0.21440831659810522,0.1497706497321906,1.0,1.1950009509321635,0.012174835623684484,1013.6309366494944,0,0.13506823899994913
evaluation-015,1,pooled,16,48,0.13655463421892933,0.21440831659810522,0.1497706497321906,1.0,1.1950009509321635,0.012174835623684484,1013.6309366494944,0,0.13506823899994913
evaluation-015,2,pooled,16,48,0.13655463421892933,0.21440831659810522,0.1497706497321906,1.0,1.1950009509321635,0.012174835623684484,1013.6309366494944,0,0.13506823899994913
evaluation-015,0,private,16,16,0.9457440574173147,0.5091388468976836,0.3141237813542923,0.9375,2.6410205160203613,0.2711978015864995,789.3218328360531,0,0.022344492000030414
evaluation-015,1,private,16,16,1.5024698162637433,0.7616738973813544,0.45276434833248835,0.4375,1.7455626195758032,0.33624882051438915,1024.0,0,0.03512105899999085
evaluation-015,2,private,16,16,0.25716922549013627,0.290347816587578,0.19190437368471075,0.75,1.3617381261798829,0.1683538724669065,1019.682432128323,0,0.03507943400002489
evaluation-015,0,prior,32,0,3.8637734847117065,1.124278688022141,0.6431674772612181,1.0,6.3855122309730135,0.2985787770097472,1024.0,0,0.0
evaluation-015,1,prior,32,0,3.8637734847117065,1.124278688022141,0.6431674772612181,1.0,6.3855122309730135,0.2985787770097472,1024.0,0,0.0
evaluation-015,2,prior,32,0,3.8637734847117065,1.124278688022141,0.6431674772612181,1.0,6.3855122309730135,0.2985787770097472,1024.0,0,0.0
evaluation-015,0,pooled,32,96,0.141587975236503,0.21851423217640292,0.1510243832588861,0.96875,1.086744944244391,0.03016950737371739,1000.6085117497709,0,0.25652284799991776
evaluation-015,1,pooled,32,96,0.141587975236503,0.21851423217640292,0.1510243832588861,0.96875,1.086744944244391,0.03016950737371739,1000.6085117497709,0,0.25652284799991776
evaluation-015,2,pooled,32,96,0.141587975236503,0.21851423217640292,0.1510243832588861,0.96875,1.086744944244391,0.03016950737371739,1000.6085117497709,0,0.25652284799991776
evaluation-015,0,private,32,32,0.6944208879529532,0.4253835217969605,0.26820838201772923,0.9375,2.482807900534386,0.23877302610785722,515.7292532134464,0,0.02995265100008737
evaluation-015,1,private,32,32,0.5888138753400078,0.4537391057178349,0.2820026359945444,0.6875,1.4829687136000862,0.2304574784589183,967.920336216871,0,0.058952908999941656
evaluation-015,2,private,32,32,0.22691214005892132,0.2740678298382214,0.1807010923938631,0.78125,1.2543728329506691,0.17858589198902963,545.4718474440693,0,0.05570607400002814
evaluation-015,0,prior,64,0,3.8637734847117065,1.124278688022141,0.6431674772612181,1.0,6.3855122309730135,0.2985787770097472,1024.0,0,0.0
evaluation-015,1,prior,64,0,3.8637734847117065,1.124278688022141,0.6431674772612181,1.0,6.3855122309730135,0.2985787770097472,1024.0,0,0.0
evaluation-015,2,prior,64,0,3.8637734847117065,1.124278688022141,0.6431674772612181,1.0,6.3855122309730135,0.2985787770097472,1024.0,0,0.0
evaluation-015,0,pooled,64,192,0.16685241416197932,0.23841795231760138,0.16109169163468828,0.8125,1.0665651658358541,0.09726171934078119,830.722346657745,0,0.5823836579999693
evaluation-015,1,pooled,64,192,0.16685241416197932,0.23841795231760138,0.16109169163468828,0.8125,1.0665651658358541,0.09726171934078119,830.722346657745,0,0.5823836579999693
evaluation-015,2,pooled,64,192,0.16685241416197932,0.23841795231760138,0.16109169163468828,0.8125,1.0665651658358541,0.09726171934078119,830.722346657745,0,0.5823836579999693
evaluation-015,0,private,64,64,0.1761981529136548,0.24486762469214146,0.16507234356818296,0.8125,1.1335734915212266,0.09790755579427433,668.3603060163273,0,0.1200148040001352
evaluation-015,1,private,64,64,0.1446693043686904,0.22119077143914562,0.1516763367309549,0.9375,1.1120402330135455,0.0696800431882976,1023.0662499609628,0,0.20498367799999073
evaluation-015,2,private,64,64,0.24846543761807094,0.2930992368868266,0.19032949184115916,0.75,1.1058750166737166,0.2099651514425935,809.233344931659,0,0.12990424700004155
evaluation-015,0,prior,128,0,3.8637734847117065,1.124278688022141,0.6431674772612181,1.0,6.3855122309730135,0.2985787770097472,1024.0,0,0.0
evaluation-015,1,prior,128,0,3.8637734847117065,1.124278688022141,0.6431674772612181,1.0,6.3855122309730135,0.2985787770097472,1024.0,0,0.0
evaluation-015,2,prior,128,0,3.8637734847117065,1.124278688022141,0.6431674772612181,1.0,6.3855122309730135,0.2985787770097472,1024.0,0,0.0
evaluation-015,0,pooled,128,384,0.15482274628095022,0.22994308921197393,0.15692623593050814,0.84375,1.0535126420981609,0.056771295915583476,881.2957607736251,0,1.2010683030000138
evaluation-015,1,pooled,128,384,0.15482274628095022,0.22994308921197393,0.15692623593050814,0.84375,1.0535126420981609,0.056771295915583476,881.2957607736251,0,1.2010683030000138
evaluation-015,2,pooled,128,384,0.15482274628095022,0.22994308921197393,0.15692623593050814,0.84375,1.0535126420981609,0.056771295915583476,881.2957607736251,0,1.2010683030000138
evaluation-015,0,private,128,128,0.15182738240518875,0.22745577814896295,0.1549509609634322,0.8125,1.07219713138233,0.05914582336226917,548.3640692128769,0,0.21980712000021185
evaluation-015,1,private,128,128,0.15423950738364084,0.22931564266423543,0.1571054811910118,0.84375,1.0748024784668129,0.06449424958145636,981.6397337231753,0,0.45000047799997844
evaluation-015,2,private,128,128,0.163231866328701,0.23647414497664235,0.16051943153031295,0.78125,1.063634741679423,0.07472121225074878,613.14359328435,0,0.31101163899995754
evaluation-016,0,prior,0,0,0.45591905946877687,0.5843843397244648,0.3219654769413788,1.0,6.365046307094473,0.17625255955338512,1024.0,0,0.0
evaluation-016,1,prior,0,0,0.45591905946877687,0.5843843397244648,0.3219654769413788,1.0,6.365046307094473,0.17625255955338512,1024.0,0,0.0
evaluation-016,2,prior,0,0,0.45591905946877687,0.5843843397244648,0.3219654769413788,1.0,6.365046307094473,0.17625255955338512,1024.0,0,0.0
evaluation-016,0,pooled,0,0,0.45591905946877687,0.5843843397244648,0.3219654769413788,1.0,6.365046307094473,0.17625255955338512,1024.0,0,0.0
evaluation-016,1,pooled,0,0,0.45591905946877687,0.5843843397244648,0.3219654769413788,1.0,6.365046307094473,0.17625255955338512,1024.0,0,0.0
evaluation-016,2,pooled,0,0,0.45591905946877687,0.5843843397244648,0.3219654769413788,1.0,6.365046307094473,0.17625255955338512,1024.0,0,0.0
evaluation-016,0,private,0,0,0.45591905946877687,0.5843843397244648,0.3219654769413788,1.0,6.365046307094473,0.17625255955338512,1024.0,0,0.0
evaluation-016,1,private,0,0,0.45591905946877687,0.5843843397244648,0.3219654769413788,1.0,6.365046307094473,0.17625255955338512,1024.0,0,0.0
evaluation-016,2,private,0,0,0.45591905946877687,0.5843843397244648,0.3219654769413788,1.0,6.365046307094473,0.17625255955338512,1024.0,0,0.0
evaluation-016,0,prior,4,0,0.45591905946877687,0.5843843397244648,0.3219654769413788,1.0,6.365046307094473,0.17625255955338512,1024.0,0,0.0
evaluation-016,1,prior,4,0,0.45591905946877687,0.5843843397244648,0.3219654769413788,1.0,6.365046307094473,0.17625255955338512,1024.0,0,0.0
evaluation-016,2,prior,4,0,0.45591905946877687,0.5843843397244648,0.3219654769413788,1.0,6.365046307094473,0.17625255955338512,1024.0,0,0.0
evaluation-016,0,pooled,4,12,0.7638215183347515,0.50294494407863,0.280801083947738,0.8125,2.108443886129243,0.1906309932327648,947.0899946532967,0,0.018370400999998537
evaluation-016,1,pooled,4,12,0.7638215183347515,0.50294494407863,0.280801083947738,0.8125,2.108443886129243,0.1906309932327648,947.0899946532967,0,0.018370400999998537
evaluation-016,2,pooled,4,12,0.7638215183347515,0.50294494407863,0.280801083947738,0.8125,2.108443886129243,0.1906309932327648,947.0899946532967,0,0.018370400999998537
evaluation-016,0,private,4,4,0.23579223829683993,0.30976838356505915,0.17808519391223704,1.0,2.62560974449452,0.11540061845539025,1023.4906142035277,0,0.009373232999990933
evaluation-016,1,private,4,4,0.9533699702978824,0.57814213586191,0.3335994358537196,0.8125,2.501405559703298,0.16195366760166321,701.4376644632792,0,0.0038218240000134074
evaluation-016,2,private,4,4,0.4048160249310988,0.37626971427488776,0.2162912641093349,1.0,2.722363651491537,0.15687046144514502,918.2745906462587,0,0.0060509270000039805
evaluation-016,0,prior,8,0,0.45591905946877687,0.5843843397244648,0.3219654769413788,1.0,6.365046307094473,0.17625255955338512,1024.0,0,0.0
evaluation-016,1,prior,8,0,0.45591905946877687,0.5843843397244648,0.3219654769413788,1.0,6.365046307094473,0.17625255955338512,1024.0,0,0.0
evaluation-016,2,prior,8,0,0.45591905946877687,0.5843843397244648,0.3219654769413788,1.0,6.365046307094473,0.17625255955338512,1024.0,0,0.0
evaluation-016,0,pooled,8,24,0.1336310734084173,0.21381204891209699,0.12606276683749537,1.0,1.633934007789973,0.05932414799493514,904.8632321983837,0,0.03447357000001716
evaluation-016,1,pooled,8,24,0.1336310734084173,0.21381204891209699,0.12606276683749537,1.0,1.633934007789973,0.05932414799493514,904.8632321983837,0,0.03447357000001716
evaluation-016,2,pooled,8,24,0.1336310734084173,0.21381204891209699,0.12606276683749537,1.0,1.633934007789973,0.05932414799493514,904.8632321983837,0,0.03447357000001716
evaluation-016,0,private,8,8,0.1976395372713506,0.2753017223473919,0.1595280505729738,1.0,2.288429632695541,0.09843137723281362,723.0296944527333,0,0.011103607999999099
evaluation-016,1,private,8,8,0.13116096203525954,0.2248184494451753,0.13733136500584456,0.96875,1.9601275649104468,0.11307425432965647,1012.4614086103007,0,0.01246143500002006
evaluation-016,2,private,8,8,0.4038475225832068,0.3742052802775113,0.21515682579185585,1.0,2.658195906349592,0.15398604483307582,827.7169812602118,0,0.0073536020000091185
evaluation-016,0,prior,16,0,0.45591905946877687,0.5843843397244648,0.3219654769413788,1.0,6.365046307094473,0.17625255955338512,1024.0,0,0.0
evaluation-016,1,prior,16,0,0.45591905946877687,0.5843843397244648,0.3219654769413788,1.0,6.365046307094473,0.17625255955338512,1024.0,0,0.0
evaluation-016,2,prior,16,0,0.45591905946877687,0.5843843397244648,0.3219654769413788,1.0,6.365046307094473,0.17625255955338512,1024.0,0,0.0
evaluation-016,0,pooled,16,48,0.10923124495771999,0.1905415748437752,0.11345747642977129,0.9375,1.2830163698445867,0.03157052376716277,1021.9362724173661,0,0.10249076900005605
evaluation-016,1,pooled,16,48,0.10923124495771999,0.1905415748437752,0.11345747642977129,0.9375,1.2830163698445867,0.03157052376716277,1021.9362724173661,0,0.10249076900005605
evaluation-016,2,pooled,16,48,0.10923124495771999,0.1905415748437752,0.11345747642977129,0.9375,1.2830163698445867,0.03157052376716277,1021.9362724173661,0,0.10249076900005605
evaluation-016,0,private,16,16,0.26801037520343907,0.29691751094944224,0.1712392923387031,0.90625,1.854430873368686,0.12495131491038597,960.2773633993413,0,0.02269986500000698
evaluation-016,1,private,16,16,0.13817525917176554,0.21181876521014384,0.1309380197088809,0.96875,1.4271161515440527,0.104846499283483,668.1005387599373,0,0.028088787000001503
evaluation-016,2,private,16,16,0.30072281132257367,0.33727400846611677,0.19239778993637394,1.0,2.617717077622787,0.11195541236992546,1023.2938187749697,0,0.017827601999997
evaluation-016,0,prior,32,0,0.45591905946877687,0.5843843397244648,0.3219654769413788,1.0,6.365046307094473,0.17625255955338512,1024.0,0,0.0
evaluation-016,1,prior,32,0,0.45591905946877687,0.5843843397244648,0.3219654769413788,1.0,6.365046307094473,0.17625255955338512,1024.0,0,0.0
evaluation-016,2,prior,32,0,0.45591905946877687,0.5843843397244648,0.3219654769413788,1.0,6.365046307094473,0.17625255955338512,1024.0,0,0.0
evaluation-016,0,pooled,32,96,0.10422330808117308,0.18605693899530293,0.11206877508957622,0.9375,1.10626290098486,0.026639918436281804,532.2594183831683,0,0.20765819500009286
evaluation-016,1,pooled,32,96,0.10422330808117308,0.18605693899530293,0.11206877508957622,0.9375,1.10626290098486,0.026639918436281804,532.2594183831683,0,0.20765819500009286
evaluation-016,2,pooled,32,96,0.10422330808117308,0.18605693899530293,0.11206877508957622,0.9375,1.10626290098486,0.026639918436281804,532.2594183831683,0,0.20765819500009286
evaluation-016,0,private,32,32,0.13477209059655526,0.20649344186166219,0.12543182761454277,1.0,1.3356672881806917,0.13313366443561053,573.4801003603931,0,0.042034242999960725
evaluation-016,1,private,32,32,0.10437003937001416,0.18755283427978414,0.11329804824492234,0.96875,1.2854348853823154,0.02522930461578302,666.7462614425182,0,0.06213626499999236
evaluation-016,2,private,32,32,0.9333358940467535,0.5800707106233476,0.32310542169038936,0.84375,2.1219071187722482,0.20140415971041123,1024.0,0,0.04380980000001955
evaluation-016,0,prior,64,0,0.45591905946877687,0.5843843397244648,0.3219654769413788,1.0,6.365046307094473,0.17625255955338512,1024.0,0,0.0
evaluation-016,1,prior,64,0,0.45591905946877687,0.5843843397244648,0.3219654769413788,1.0,6.365046307094473,0.17625255955338512,1024.0,0,0.0
evaluation-016,2,prior,64,0,0.45591905946877687,0.5843843397244648,0.3219654769413788,1.0,6.365046307094473,0.17625255955338512,1024.0,0,0.0
evaluation-016,0,pooled,64,192,0.10414240063112831,0.18567313123539375,0.11108906385951052,0.875,1.0732364559154002,0.009641318394981122,1022.1207626220154,0,0.44221994600010817
evaluation-016,1,pooled,64,192,0.10414240063112831,0.18567313123539375,0.11108906385951052,0.875,1.0732364559154002,0.009641318394981122,1022.1207626220154,0,0.44221994600010817
evaluation-016,2,pooled,64,192,0.10414240063112831,0.18567313123539375,0.11108906385951052,0.875,1.0732364559154002,0.009641318394981122,1022.1207626220154,0,0.44221994600010817
evaluation-016,0,private,64,64,0.10801492038880325,0.1891660191316697,0.11247227471872256,0.96875,1.1555061836848848,0.009775027727655636,804.7945115264491,0,0.10945948299993802
evaluation-016,1,private,64,64,0.10556261873428524,0.18718470917428096,0.1132483909593785,0.875,1.0729254041927083,0.0265768930776385,938.3877988388141,0,0.13582425099997408
evaluation-016,2,private,64,64,0.106446057284884,0.18848288563881352,0.1130476738565449,0.9375,1.1398573260836906,0.04837079561129261,732.8760142482419,0,0.14065971700001967
evaluation-016,0,prior,128,0,0.45591905946877687,0.5843843397244648,0.3219654769413788,1.0,6.365046307094473,0.17625255955338512,1024.0,0,0.0
evaluation-016,1,prior,128,0,0.45591905946877687,0.5843843397244648,0.3219654769413788,1.0,6.365046307094473,0.17625255955338512,1024.0,0,0.0
evaluation-016,2,prior,128,0,0.45591905946877687,0.5843843397244648,0.3219654769413788,1.0,6.365046307094473,0.17625255955338512,1024.0,0,0.0
evaluation-016,0,pooled,128,384,0.10283141783092979,0.18479129651614545,0.11062439042086539,0.90625,1.0693027188382391,0.006537512285074226,836.9119124723968,0,0.7206375220000751
evaluation-016,1,pooled,128,384,0.10283141783092979,0.18479129651614545,0.11062439042086539,0.90625,1.0693027188382391,0.006537512285074226,836.9119124723968,0,0.7206375220000751
evaluation-016,2,pooled,128,384,0.10283141783092979,0.18479129651614545,0.11062439042086539,0.90625,1.0693027188382391,0.006537512285074226,836.9119124723968,0,0.7206375220000751
evaluation-016,0,private,128,128,0.10462608362206238,0.186266542472416,0.11124608674278219,0.90625,1.087701541684377,0.01871461324207817,635.5099489373479,0,0.27535275900000045
evaluation-016,1,private,128,128,0.10269104916405514,0.18467306917260012,0.11093135241436604,0.90625,1.0720552222979924,0.01230135991056672,609.6211613391218,0,0.22296097199995302
evaluation-016,2,private,128,128,0.10088290431532534,0.18318149158559774,0.10936459098161178,0.90625,1.0828865485806376,0.01774227471253237,544.6077097771523,0,0.21497711900002514
evaluation-017,0,prior,0,0,3.742266623521732,1.130685687661611,0.6317944492557134,1.0,6.284897319818175,0.26113196529934013,1024.0,0,0.0
evaluation-017,1,prior,0,0,3.742266623521732,1.130685687661611,0.6317944492557134,1.0,6.284897319818175,0.26113196529934013,1024.0,0,0.0
evaluation-017,2,prior,0,0,3.742266623521732,1.130685687661611,0.6317944492557134,1.0,6.284897319818175,0.26113196529934013,1024.0,0,0.0
evaluation-017,0,pooled,0,0,3.742266623521732,1.130685687661611,0.6317944492557134,1.0,6.284897319818175,0.26113196529934013,1024.0,0,0.0
evaluation-017,1,pooled,0,0,3.742266623521732,1.130685687661611,0.6317944492557134,1.0,6.284897319818175,0.26113196529934013,1024.0,0,0.0
evaluation-017,2,pooled,0,0,3.742266623521732,1.130685687661611,0.6317944492557134,1.0,6.284897319818175,0.26113196529934013,1024.0,0,0.0
evaluation-017,0,private,0,0,3.742266623521732,1.130685687661611,0.6317944492557134,1.0,6.284897319818175,0.26113196529934013,1024.0,0,0.0
evaluation-017,1,private,0,0,3.742266623521732,1.130685687661611,0.6317944492557134,1.0,6.284897319818175,0.26113196529934013,1024.0,0,0.0
evaluation-017,2,private,0,0,3.742266623521732,1.130685687661611,0.6317944492557134,1.0,6.284897319818175,0.26113196529934013,1024.0,0,0.0
evaluation-017,0,prior,4,0,3.742266623521732,1.130685687661611,0.6317944492557134,1.0,6.284897319818175,0.26113196529934013,1024.0,0,0.0
evaluation-017,1,prior,4,0,3.742266623521732,1.130685687661611,0.6317944492557134,1.0,6.284897319818175,0.26113196529934013,1024.0,0,0.0
evaluation-017,2,prior,4,0,3.742266623521732,1.130685687661611,0.6317944492557134,1.0,6.284897319818175,0.26113196529934013,1024.0,0,0.0
evaluation-017,0,pooled,4,12,0.0811195478518572,0.18025620941596046,0.10953360539068403,0.96875,1.4914385352357433,0.06730960925693825,909.4995833559116,0,0.025577740000017002
evaluation-017,1,pooled,4,12,0.0811195478518572,0.18025620941596046,0.10953360539068403,0.96875,1.4914385352357433,0.06730960925693825,909.4995833559116,0,0.025577740000017002
evaluation-017,2,pooled,4,12,0.0811195478518572,0.18025620941596046,0.10953360539068403,0.96875,1.4914385352357433,0.06730960925693825,909.4995833559116,0,0.025577740000017002
evaluation-017,0,private,4,4,0.08004394148620472,0.19502004304447443,0.12171305883856706,1.0,1.9327357944518668,0.024874111752678563,1024.0,0,0.007567014000002814
evaluation-017,1,private,4,4,0.6355967471939428,0.4376967655937163,0.27835069620353936,0.90625,2.473066253727384,0.1163747228719014,531.1275756952891,0,0.00443476600000281
evaluation-017,2,private,4,4,0.42982676385399643,0.3548198361843028,0.22491971237304187,0.90625,2.2873950643988934,0.10542986950609273,730.8100024877878,0,0.006484268000036764
evaluation-017,0,prior,8,0,3.742266623521732,1.130685687661611,0.6317944492557134,1.0,6.284897319818175,0.26113196529934013,1024.0,0,0.0
evaluation-017,1,prior,8,0,3.742266623521732,1.130685687661611,0.6317944492557134,1.0,6.284897319818175,0.26113196529934013,1024.0,0,0.0
evaluation-017,2,prior,8,0,3.742266623521732,1.130685687661611,0.6317944492557134,1.0,6.284897319818175,0.26113196529934013,1024.0,0,0.0
evaluation-017,0,pooled,8,24,0.07186961147377763,0.1626917498955817,0.10226811773596516,0.96875,1.2557370522178994,0.007075721119653605,1016.8483034355729,0,0.053129117999986875
evaluation-017,1,pooled,8,24,0.07186961147377763,0.1626917498955817,0.10226811773596516,0.96875,1.2557370522178994,0.007075721119653605,1016.8483034355729,0,0.053129117999986875
evaluation-017,2,pooled,8,24,0.07186961147377763,0.1626917498955817,0.10226811773596516,0.96875,1.2557370522178994,0.007075721119653605,1016.8483034355729,0,0.053129117999986875
evaluation-017,0,private,8,8,0.1488278715482919,0.2189145615666173,0.1365902867948365,0.9375,1.6747001081615984,0.04650296283780452,595.3425932015564,0,0.009252861000007329
evaluation-017,1,private,8,8,0.5262605515048664,0.39353962049087876,0.2499195834283428,0.9375,2.4797980869757184,0.1294224034044169,858.31289560446,0,0.013658419000023514
evaluation-017,2,private,8,8,0.09682867968491785,0.20948148128292154,0.12697106163209004,0.9375,1.6776851003992181,0.050588032929046525,1023.2606236924132,0,0.02051861900004326
evaluation-017,0,prior,16,0,3.742266623521732,1.130685687661611,0.6317944492557134,1.0,6.284897319818175,0.26113196529934013,1024.0,0,0.0
evaluation-017,1,prior,16,0,3.742266623521732,1.130685687661611,0.6317944492557134,1.0,6.284897319818175,0.26113196529934013,1024.0,0,0.0
evaluation-017,2,prior,16,0,3.742266623521732,1.130685687661611,0.6317944492557134,1.0,6.284897319818175,0.26113196529934013,1024.0,0,0.0
evaluation-017,0,pooled,16,48,0.06320238692067848,0.14942762066006948,0.09490371794890748,0.90625,0.9855801879104245,0.06101748209757642,568.5728096789328,0,0.08596415699996385
evaluation-017,1,pooled,16,48,0.06320238692067848,0.14942762066006948,0.09490371794890748,0.90625,0.9855801879104245,0.06101748209757642,568.5728096789328,0,0.08596415699996385
evaluation-017,2,pooled,16,48,0.06320238692067848,0.14942762066006948,0.09490371794890748,0.90625,0.9855801879104245,0.06101748209757642,568.5728096789328,0,0.08596415699996385
evaluation-017,0,private,16,16,0.06957395389607635,0.1562521265222493,0.09694810440642082,0.90625,1.1533795917880307,0.04310169001965968,1021.5305062306601,0,0.03025875699999858
evaluation-017,1,private,16,16,0.44471685443152364,0.36014665517635436,0.23036240132669283,0.96875,2.4632309400624157,0.11125839576105702,769.5463667722308,0,0.016564155000011738
evaluation-017,2,private,16,16,0.11515366881353911,0.21036136535862743,0.12737047056734266,0.9375,1.4426328000485675,0.061777348221708855,863.2691681279467,0,0.023263828000054332
evaluation-017,0,prior,32,0,3.742266623521732,1.130685687661611,0.6317944492557134,1.0,6.284897319818175,0.26113196529934013,1024.0,0,0.0
evaluation-017,1,prior,32,0,3.742266623521732,1.130685687661611,0.6317944492557134,1.0,6.284897319818175,0.26113196529934013,1024.0,0,0.0
evaluation-017,2,prior,32,0,3.742266623521732,1.130685687661611,0.6317944492557134,1.0,6.284897319818175,0.26113196529934013,1024.0,0,0.0
evaluation-017,0,pooled,32,96,0.06268020008775244,0.14508321561228113,0.09187623619443086,0.84375,0.7895739035738423,0.012521521123120648,1024.0,0,0.24167953399995667
evaluation-017,1,pooled,32,96,0.06268020008775244,0.14508321561228113,0.09187623619443086,0.84375,0.7895739035738423,0.012521521123120648,1024.0,0,0.24167953399995667
evaluation-017,2,pooled,32,96,0.06268020008775244,0.14508321561228113,0.09187623619443086,0.84375,0.7895739035738423,0.012521521123120648,1024.0,0,0.24167953399995667
evaluation-017,0,private,32,32,0.0658400454373422,0.14873679377362803,0.09297028153574532,0.875,0.9698283572342803,0.030955966614758298,573.8135025964332,0,0.061574781000004464
evaluation-017,1,private,32,32,0.5819148302380133,0.41273803812863286,0.2658048709420433,0.9375,2.3288518179036055,0.14944111933625218,786.7432879907855,0,0.04453644300002679
evaluation-017,2,private,32,32,0.07323897716324812,0.1596442576604576,0.10187548253838524,0.875,0.9318249643967862,0.04546098717018047,1024.0,0,0.08504920300008223
evaluation-017,0,prior,64,0,3.742266623521732,1.130685687661611,0.6317944492557134,1.0,6.284897319818175,0.26113196529934013,1024.0,0,0.0
evaluation-017,1,prior,64,0,3.742266623521732,1.130685687661611,0.6317944492557134,1.0,6.284897319818175,0.26113196529934013,1024.0,0,0.0
evaluation-017,2,prior,64,0,3.742266623521732,1.130685687661611,0.6317944492557134,1.0,6.284897319818175,0.26113196529934013,1024.0,0,0.0
evaluation-017,0,pooled,64,192,0.06823000007758231,0.15216722427638096,0.0965029606824748,0.84375,0.7260153705215939,0.014463342834749093,789.9125172437125,0,0.5464267639999889
evaluation-017,1,pooled,64,192,0.06823000007758231,0.15216722427638096,0.0965029606824748,0.84375,0.7260153705215939,0.014463342834749093,789.9125172437125,0,0.5464267639999889
evaluation-017,2,pooled,64,192,0.06823000007758231,0.15216722427638096,0.0965029606824748,0.84375,0.7260153705215939,0.014463342834749093,789.9125172437125,0,0.5464267639999889
evaluation-017,0,private,64,64,0.06644613721901578,0.14787328805286773,0.09261833816511242,0.8125,0.8108811710272561,0.03494306875019275,732.9953561163313,0,0.13244711599998027
evaluation-017,1,private,64,64,0.07125067272212672,0.1559045612441581,0.10006318017513265,0.8125,0.7639228175088754,0.1311178051650084,1023.6190619509889,0,0.15226626300002977
evaluation-017,2,private,64,64,0.08211054383697206,0.16518114073731646,0.10325193247851877,0.84375,0.8506209711770886,0.049227188541204316,997.2899189590349,0,0.1759017390000679
evaluation-017,0,prior,128,0,3.742266623521732,1.130685687661611,0.6317944492557134,1.0,6.284897319818175,0.26113196529934013,1024.0,0,0.0
evaluation-017,1,prior,128,0,3.742266623521732,1.130685687661611,0.6317944492557134,1.0,6.284897319818175,0.26113196529934013,1024.0,0,0.0
evaluation-017,2,prior,128,0,3.742266623521732,1.130685687661611,0.6317944492557134,1.0,6.284897319818175,0.26113196529934013,1024.0,0,0.0
evaluation-017,0,pooled,128,384,0.06616698070208098,0.1494347998935534,0.09428835611007426,0.8125,0.7142973129284387,0.007272517895596921,633.247499890013,0,1.1901620969999414
evaluation-017,1,pooled,128,384,0.06616698070208098,0.1494347998935534,0.09428835611007426,0.8125,0.7142973129284387,0.007272517895596921,633.247499890013,0,1.1901620969999414
evaluation-017,2,pooled,128,384,0.06616698070208098,0.1494347998935534,0.09428835611007426,0.8125,0.7142973129284387,0.007272517895596921,633.247499890013,0,1.1901620969999414
evaluation-017,0,private,128,128,0.0706208126003335,0.15425267752762106,0.09595594956672868,0.8125,0.731085675325982,0.041896566852291026,525.2467289576267,0,0.28476732299996854
evaluation-017,1,private,128,128,0.0648041550713798,0.14801148239296347,0.09425712100795315,0.84375,0.7208326041802855,0.03256483236470657,825.9462475854062,0,0.3029709760000685
evaluation-017,2,private,128,128,0.06546407434379112,0.14880625259549024,0.09445406107610378,0.8125,0.7299366226903505,0.01086885616480927,997.3641700229161,0,0.41437547500004257
evaluation-018,0,prior,0,0,0.9982475294071209,0.6625662882427026,0.37884299535279137,1.0,6.201302370912503,0.25008561993886597,1024.0,0,0.0
evaluation-018,1,prior,0,0,0.9982475294071209,0.6625662882427026,0.37884299535279137,1.0,6.201302370912503,0.25008561993886597,1024.0,0,0.0
evaluation-018,2,prior,0,0,0.9982475294071209,0.6625662882427026,0.37884299535279137,1.0,6.201302370912503,0.25008561993886597,1024.0,0,0.0
evaluation-018,0,pooled,0,0,0.9982475294071209,0.6625662882427026,0.37884299535279137,1.0,6.201302370912503,0.25008561993886597,1024.0,0,0.0
evaluation-018,1,pooled,0,0,0.9982475294071209,0.6625662882427026,0.37884299535279137,1.0,6.201302370912503,0.25008561993886597,1024.0,0,0.0
evaluation-018,2,pooled,0,0,0.9982475294071209,0.6625662882427026,0.37884299535279137,1.0,6.201302370912503,0.25008561993886597,1024.0,0,0.0
evaluation-018,0,private,0,0,0.9982475294071209,0.6625662882427026,0.37884299535279137,1.0,6.201302370912503,0.25008561993886597,1024.0,0,0.0
evaluation-018,1,private,0,0,0.9982475294071209,0.6625662882427026,0.37884299535279137,1.0,6.201302370912503,0.25008561993886597,1024.0,0,0.0
evaluation-018,2,private,0,0,0.9982475294071209,0.6625662882427026,0.37884299535279137,1.0,6.201302370912503,0.25008561993886597,1024.0,0,0.0
evaluation-018,0,prior,4,0,0.9982475294071209,0.6625662882427026,0.37884299535279137,1.0,6.201302370912503,0.25008561993886597,1024.0,0,0.0
evaluation-018,1,prior,4,0,0.9982475294071209,0.6625662882427026,0.37884299535279137,1.0,6.201302370912503,0.25008561993886597,1024.0,0,0.0
evaluation-018,2,prior,4,0,0.9982475294071209,0.6625662882427026,0.37884299535279137,1.0,6.201302370912503,0.25008561993886597,1024.0,0,0.0
evaluation-018,0,pooled,4,12,0.5711885775942432,0.36614219602834996,0.2091945134229435,1.0,2.4733770209979675,0.1501988643078126,657.5219416132628,0,0.014097601999992548
evaluation-018,1,pooled,4,12,0.5711885775942432,0.36614219602834996,0.2091945134229435,1.0,2.4733770209979675,0.1501988643078126,657.5219416132628,0,0.014097601999992548
evaluation-018,2,pooled,4,12,0.5711885775942432,0.36614219602834996,0.2091945134229435,1.0,2.4733770209979675,0.1501988643078126,657.5219416132628,0,0.014097601999992548
evaluation-018,0,private,4,4,0.8425956949318181,0.463303863212143,0.26129524669170395,1.0,2.7051299390093346,0.18605736648857432,1018.9778035071446,0,0.006926968000001921
evaluation-018,1,private,4,4,0.6725657399164601,0.40151700514793454,0.2288493367414111,1.0,2.551517268900369,0.16815853013141147,1022.9400337857,0,0.007372863000000507
evaluation-018,2,private,4,4,0.5830589039307427,0.38839649383434033,0.22444313572952385,1.0,2.4878264119142592,0.19096353893232404,789.1744218004939,0,0.005871474999992188
evaluation-018,0,prior,8,0,0.9982475294071209,0.6625662882427026,0.37884299535279137,1.0,6.201302370912503,0.25008561993886597,1024.0,0,0.0
evaluation-018,1,prior,8,0,0.9982475294071209,0.6625662882427026,0.37884299535279137,1.0,6.201302370912503,0.25008561993886597,1024.0,0,0.0
evaluation-018,2,prior,8,0,0.9982475294071209,0.6625662882427026,0.37884299535279137,1.0,6.201302370912503,0.25008561993886597,1024.0,0,0.0
evaluation-018,0,pooled,8,24,0.3693330050922583,0.31018750055092037,0.18159270169264907,0.96875,2.0538348152193873,0.1303016985983056,878.9872840741978,0,0.03608731000001342
evaluation-018,1,pooled,8,24,0.3693330050922583,0.31018750055092037,0.18159270169264907,0.96875,2.0538348152193873,0.1303016985983056,878.9872840741978,0,0.03608731000001342
evaluation-018,2,pooled,8,24,0.3693330050922583,0.31018750055092037,0.18159270169264907,0.96875,2.0538348152193873,0.1303016985983056,878.9872840741978,0,0.03608731000001342
evaluation-018,0,private,8,8,0.8510123385464385,0.4678156524856969,0.2644585117254159,1.0,2.6423864006378293,0.19199993995081246,787.8666956825028,0,0.009068361999993613
evaluation-018,1,private,8,8,0.617765201836108,0.38464389440864954,0.21968950308262225,1.0,2.494571690290922,0.1600992748682774,990.1797630656146,0,0.010383065000013403
evaluation-018,2,private,8,8,0.6636591369320568,0.41784774885117826,0.23674965348488047,0.84375,2.1588671685410232,0.18215446406590485,898.3987722844879,0,0.0133026269999732
evaluation-018,0,prior,16,0,0.9982475294071209,0.6625662882427026,0.37884299535279137,1.0,6.201302370912503,0.25008561993886597,1024.0,0,0.0
evaluation-018,1,prior,16,0,0.9982475294071209,0.6625662882427026,0.37884299535279137,1.0,6.201302370912503,0.25008561993886597,1024.0,0,0.0
evaluation-018,2,prior,16,0,0.9982475294071209,0.6625662882427026,0.37884299535279137,1.0,6.201302370912503,0.25008561993886597,1024.0,0,0.0
evaluation-018,0,pooled,16,48,0.13950597964990788,0.22161007237672897,0.14076435421532946,0.90625,1.2253160149203137,0.11723821364731726,620.0067231775179,0,0.06963276300001553
evaluation-018,1,pooled,16,48,0.13950597964990788,0.22161007237672897,0.14076435421532946,0.90625,1.2253160149203137,0.11723821364731726,620.0067231775179,0,0.06963276300001553
evaluation-018,2,pooled,16,48,0.13950597964990788,0.22161007237672897,0.14076435421532946,0.90625,1.2253160149203137,0.11723821364731726,620.0067231775179,0,0.06963276300001553
evaluation-018,0,private,16,16,0.8488812841268377,0.46546622316847075,0.2651836592554344,1.0,2.630465912029787,0.2015342008805351,640.9930176675437,0,0.013731356999997502
evaluation-018,1,private,16,16,0.4535886883734833,0.32694640966322236,0.18858202213794112,1.0,2.362008343932014,0.13435324215162917,845.8607904455836,0,0.014437296000011202
evaluation-018,2,private,16,16,0.0916013009515611,0.1816018506709191,0.11430812233261448,0.96875,1.3877607548628794,0.009397211340668487,533.5190256455237,0,0.024993538999979137
evaluation-018,0,prior,32,0,0.9982475294071209,0.6625662882427026,0.37884299535279137,1.0,6.201302370912503,0.25008561993886597,1024.0,0,0.0
evaluation-018,1,prior,32,0,0.9982475294071209,0.6625662882427026,0.37884299535279137,1.0,6.201302370912503,0.25008561993886597,1024.0,0,0.0
evaluation-018,2,prior,32,0,0.9982475294071209,0.6625662882427026,0.37884299535279137,1.0,6.201302370912503,0.25008561993886597,1024.0,0,0.0
evaluation-018,0,pooled,32,96,0.09635112178428512,0.1802821976209333,0.11472774669457111,0.9375,1.031477292522814,0.03684518771189281,686.0063687716514,0,0.1740795870000511
evaluation-018,1,pooled,32,96,0.09635112178428512,0.1802821976209333,0.11472774669457111,0.9375,1.031477292522814,0.03684518771189281,686.0063687716514,0,0.1740795870000511
evaluation-018,2,pooled,32,96,0.09635112178428512,0.1802821976209333,0.11472774669457111,0.9375,1.031477292522814,0.03684518771189281,686.0063687716514,0,0.1740795870000511
evaluation-018,0,private,32,32,0.8470653636049075,0.47021508896863484,0.2613365525638791,0.90625,2.382539177397497,0.17938606135368856,550.8054636604734,0,0.031768087999978434
evaluation-018,1,private,32,32,0.1016651825938421,0.18409408044251,0.11788199547069375,1.0,1.2796288198519945,0.06179089438742296,870.3459345241914,0,0.04700884100000735
evaluation-018,2,private,32,32,0.0863396727748274,0.17750196563972953,0.11150763637496565,0.96875,1.2756527916026608,0.010764446432634907,796.8577980473475,0,0.040998744999996006
evaluation-018,0,prior,64,0,0.9982475294071209,0.6625662882427026,0.37884299535279137,1.0,6.201302370912503,0.25008561993886597,1024.0,0,0.0
evaluation-018,1,prior,64,0,0.9982475294071209,0.6625662882427026,0.37884299535279137,1.0,6.201302370912503,0.25008561993886597,1024.0,0,0.0
evaluation-018,2,prior,64,0,0.9982475294071209,0.6625662882427026,0.37884299535279137,1.0,6.201302370912503,0.25008561993886597,1024.0,0,0.0
evaluation-018,0,pooled,64,192,0.09070432752109904,0.173487537326161,0.11035439476305921,0.9375,0.9300756890202864,0.016662498820591086,1020.8437915050815,0,0.5113239289999996
evaluation-018,1,pooled,64,192,0.09070432752109904,0.173487537326161,0.11035439476305921,0.9375,0.9300756890202864,0.016662498820591086,1020.8437915050815,0,0.5113239289999996
evaluation-018,2,pooled,64,192,0.09070432752109904,0.173487537326161,0.11035439476305921,0.9375,0.9300756890202864,0.016662498820591086,1020.8437915050815,0,0.5113239289999996
evaluation-018,0,private,64,64,0.0871353300509429,0.17129270251005044,0.10731038535826488,0.9375,0.9971356312611566,0.06653617117158077,671.5332831089636,0,0.16554298599993444
evaluation-018,1,private,64,64,0.10177107898933728,0.1852422907168514,0.11918137624735595,0.90625,1.05531695390555,0.06851140462644317,792.0948384444669,0,0.1064934899999912
evaluation-018,2,private,64,64,0.09783294886284352,0.17817718260806747,0.1129215527388737,0.90625,1.0346883913761094,0.02465816562483147,690.5062920300971,0,0.14173924199999988
evaluation-018,0,prior,128,0,0.9982475294071209,0.6625662882427026,0.37884299535279137,1.0,6.201302370912503,0.25008561993886597,1024.0,0,0.0
evaluation-018,1,prior,128,0,0.9982475294071209,0.6625662882427026,0.37884299535279137,1.0,6.201302370912503,0.25008561993886597,1024.0,0,0.0
evaluation-018,2,prior,128,0,0.9982475294071209,0.6625662882427026,0.37884299535279137,1.0,6.201302370912503,0.25008561993886597,1024.0,0,0.0
evaluation-018,0,pooled,128,384,0.08998846678185896,0.1730461280629948,0.11004657444106467,0.9375,0.9153648938829667,0.01992930723902795,938.0829285392525,0,1.0136939340002158
evaluation-018,1,pooled,128,384,0.08998846678185896,0.1730461280629948,0.11004657444106467,0.9375,0.9153648938829667,0.01992930723902795,938.0829285392525,0,1.0136939340002158
evaluation-018,2,pooled,128,384,0.08998846678185896,0.1730461280629948,0.11004657444106467,0.9375,0.9153648938829667,0.01992930723902795,938.0829285392525,0,1.0136939340002158
evaluation-018,0,private,128,128,0.08870534405143338,0.17207666163022572,0.10923751137020286,0.9375,0.9297535224196469,0.0013678896352235961,988.7692217154132,0,0.3725091489999386
evaluation-018,1,private,128,128,0.09172606600818428,0.17434244308828045,0.11094293417487315,0.875,0.9235267508550599,0.025211942468004466,610.6377076332819,0,0.2576789109998998
evaluation-018,2,private,128,128,0.08936319894389859,0.17273747358703556,0.10971923592494574,0.90625,0.9262493900759536,0.013293854002177564,682.3194045641894,0,0.28529419499999165
evaluation-019,0,prior,0,0,0.809372777941044,0.6589970475361246,0.35569497769521685,1.0,6.499639306866907,0.1449123380677057,1024.0,0,0.0
evaluation-019,1,prior,0,0,0.809372777941044,0.6589970475361246,0.35569497769521685,1.0,6.499639306866907,0.1449123380677057,1024.0,0,0.0
evaluation-019,2,prior,0,0,0.809372777941044,0.6589970475361246,0.35569497769521685,1.0,6.499639306866907,0.1449123380677057,1024.0,0,0.0
evaluation-019,0,pooled,0,0,0.809372777941044,0.6589970475361246,0.35569497769521685,1.0,6.499639306866907,0.1449123380677057,1024.0,0,0.0
evaluation-019,1,pooled,0,0,0.809372777941044,0.6589970475361246,0.35569497769521685,1.0,6.499639306866907,0.1449123380677057,1024.0,0,0.0
evaluation-019,2,pooled,0,0,0.809372777941044,0.6589970475361246,0.35569497769521685,1.0,6.499639306866907,0.1449123380677057,1024.0,0,0.0
evaluation-019,0,private,0,0,0.809372777941044,0.6589970475361246,0.35569497769521685,1.0,6.499639306866907,0.1449123380677057,1024.0,0,0.0
evaluation-019,1,private,0,0,0.809372777941044,0.6589970475361246,0.35569497769521685,1.0,6.499639306866907,0.1449123380677057,1024.0,0,0.0
evaluation-019,2,private,0,0,0.809372777941044,0.6589970475361246,0.35569497769521685,1.0,6.499639306866907,0.1449123380677057,1024.0,0,0.0
evaluation-019,0,prior,4,0,0.809372777941044,0.6589970475361246,0.35569497769521685,1.0,6.499639306866907,0.1449123380677057,1024.0,0,0.0
evaluation-019,1,prior,4,0,0.809372777941044,0.6589970475361246,0.35569497769521685,1.0,6.499639306866907,0.1449123380677057,1024.0,0,0.0
evaluation-019,2,prior,4,0,0.809372777941044,0.6589970475361246,0.35569497769521685,1.0,6.499639306866907,0.1449123380677057,1024.0,0,0.0
evaluation-019,0,pooled,4,12,0.9065253641230213,0.5444589622142983,0.2866368296233146,0.9375,2.8268704169651624,0.1308833521483794,645.8651424482808,0,0.009094473999979868
evaluation-019,1,pooled,4,12,0.9065253641230213,0.5444589622142983,0.2866368296233146,0.9375,2.8268704169651624,0.1308833521483794,645.8651424482808,0,0.009094473999979868
evaluation-019,2,pooled,4,12,0.9065253641230213,0.5444589622142983,0.2866368296233146,0.9375,2.8268704169651624,0.1308833521483794,645.8651424482808,0,0.009094473999979868
evaluation-019,0,private,4,4,0.43881371125108204,0.39415210118738314,0.21147848542506154,1.0,3.173235178217886,0.04984582768916379,1024.0,0,0.007444330999987869
evaluation-019,1,private,4,4,1.2503812295068861,0.6532675248428058,0.34103867522064235,0.875,2.9506838453595745,0.16599161657520814,974.1290878564197,0,0.006202215999991267
evaluation-019,2,private,4,4,0.3870519991460754,0.38050959441338383,0.20466280109062102,1.0,3.3223312076704907,0.0909575589388158,542.0469357223527,0,0.0036031709999946315
evaluation-019,0,prior,8,0,0.809372777941044,0.6589970475361246,0.35569497769521685,1.0,6.499639306866907,0.1449123380677057,1024.0,0,0.0
evaluation-019,1,prior,8,0,0.809372777941044,0.6589970475361246,0.35569497769521685,1.0,6.499639306866907,0.1449123380677057,1024.0,0,0.0
evaluation-019,2,prior,8,0,0.809372777941044,0.6589970475361246,0.35569497769521685,1.0,6.499639306866907,0.1449123380677057,1024.0,0,0.0
evaluation-019,0,pooled,8,24,0.4878210938338562,0.3900827777978053,0.20943505285595346,0.8125,1.958460638727892,0.18472210215890564,863.0672011880238,0,0.044103450999969596
evaluation-019,1,pooled,8,24,0.4878210938338562,0.3900827777978053,0.20943505285595346,0.8125,1.958460638727892,0.18472210215890564,863.0672011880238,0,0.044103450999969596
evaluation-019,2,pooled,8,24,0.4878210938338562,0.3900827777978053,0.20943505285595346,0.8125,1.958460638727892,0.18472210215890564,863.0672011880238,0,0.044103450999969596
evaluation-019,0,private,8,8,0.4776006957528645,0.38892443446218183,0.2088540001094093,0.875,2.136862355808664,0.10863101100356211,1023.7483397831251,0,0.015174214999987612
evaluation-019,1,private,8,8,0.3518468422748178,0.33515451281258923,0.18197606642112432,0.875,2.0422924125630835,0.11316359888832561,1023.6276074812034,0,0.014485198999992122
evaluation-019,2,private,8,8,0.7771848718968427,0.503727470776206,0.266262244790157,1.0,3.3260444180516107,0.09653181041351268,526.2609681564521,0,0.008983202999985451
evaluation-019,0,prior,16,0,0.809372777941044,0.6589970475361246,0.35569497769521685,1.0,6.499639306866907,0.1449123380677057,1024.0,0,0.0
evaluation-019,1,prior,16,0,0.809372777941044,0.6589970475361246,0.35569497769521685,1.0,6.499639306866907,0.1449123380677057,1024.0,0,0.0
evaluation-019,2,prior,16,0,0.809372777941044,0.6589970475361246,0.35569497769521685,1.0,6.499639306866907,0.1449123380677057,1024.0,0,0.0
evaluation-019,0,pooled,16,48,0.28451372965352806,0.3052710763583199,0.16702798487810652,0.90625,1.7981544419087296,0.09514664974296469,568.9123212863035,0,0.07257891599999766
evaluation-019,1,pooled,16,48,0.28451372965352806,0.3052710763583199,0.16702798487810652,0.90625,1.7981544419087296,0.09514664974296469,568.9123212863035,0,0.07257891599999766
evaluation-019,2,pooled,16,48,0.28451372965352806,0.3052710763583199,0.16702798487810652,0.90625,1.7981544419087296,0.09514664974296469,568.9123212863035,0,0.07257891599999766
evaluation-019,0,private,16,16,0.27026992554141316,0.3034619852182882,0.16611759131148462,0.9375,2.045692241468565,0.053161196444571686,1023.7353622412114,0,0.03024063199997329
evaluation-019,1,private,16,16,0.28174142269324554,0.30645518944212563,0.1676291473178202,0.9375,1.9846923852599458,0.07138083220963136,959.263709381287,0,0.024074573999968152
evaluation-019,2,private,16,16,0.6417150806903578,0.46657929724070146,0.24768985806159355,1.0,3.2593433866321746,0.12716799806337012,1023.5401333814209,0,0.022567725000016026
evaluation-019,0,prior,32,0,0.809372777941044,0.6589970475361246,0.35569497769521685,1.0,6.499639306866907,0.1449123380677057,1024.0,0,0.0
evaluation-019,1,prior,32,0,0.809372777941044,0.6589970475361246,0.35569497769521685,1.0,6.499639306866907,0.1449123380677057,1024.0,0,0.0
evaluation-019,2,prior,32,0,0.809372777941044,0.6589970475361246,0.35569497769521685,1.0,6.499639306866907,0.1449123380677057,1024.0,0,0.0
evaluation-019,0,pooled,32,96,0.2777386831249158,0.3046790421731883,0.1667301652859362,0.90625,1.707746073269701,0.041644271949568844,868.6013141560063,0,0.2839594829999754
evaluation-019,1,pooled,32,96,0.2777386831249158,0.3046790421731883,0.1667301652859362,0.90625,1.707746073269701,0.041644271949568844,868.6013141560063,0,0.2839594829999754
evaluation-019,2,pooled,32,96,0.2777386831249158,0.3046790421731883,0.1667301652859362,0.90625,1.707746073269701,0.041644271949568844,868.6013141560063,0,0.2839594829999754
evaluation-019,0,private,32,32,0.3377087992081131,0.3350745363958675,0.18192550812791072,0.90625,1.8818811091367622,0.06297450357978493,870.5239476504685,0,0.05061827699995547
evaluation-019,1,private,32,32,0.2640382808835533,0.2977194521816051,0.1632542538232245,0.9375,1.8641414285322084,0.03697814814750774,727.7018755159497,0,0.07715401299995506
evaluation-019,2,private,32,32,0.6632663100824122,0.4650096418908135,0.2469046194196992,1.0,3.060956577007056,0.132752382887217,870.5681880857823,0,0.039448696000008
evaluation-019,0,prior,64,0,0.809372777941044,0.6589970475361246,0.35569497769521685,1.0,6.499639306866907,0.1449123380677057,1024.0,0,0.0
evaluation-019,1,prior,64,0,0.809372777941044,0.6589970475361246,0.35569497769521685,1.0,6.499639306866907,0.1449123380677057,1024.0,0,0.0
evaluation-019,2,prior,64,0,0.809372777941044,0.6589970475361246,0.35569497769521685,1.0,6.499639306866907,0.1449123380677057,1024.0,0,0.0
evaluation-019,0,pooled,64,192,0.26884674329949265,0.30026489154882446,0.16452511670984654,0.875,1.7037254298041713,0.007424713726804699,847.7935755380568,0,0.5069053640000902
evaluation-019,1,pooled,64,192,0.26884674329949265,0.30026489154882446,0.16452511670984654,0.875,1.7037254298041713,0.007424713726804699,847.7935755380568,0,0.5069053640000902
evaluation-019,2,pooled,64,192,0.26884674329949265,0.30026489154882446,0.16452511670984654,0.875,1.7037254298041713,0.007424713726804699,847.7935755380568,0,0.5069053640000902
evaluation-019,0,private,64,64,0.27232421559654235,0.302113326386862,0.16544897463901326,0.90625,1.7007154119349428,0.05009203026263097,746.8116489150324,0,0.15836604099992257
evaluation-019,1,private,64,64,0.2710448819641216,0.3013035836521211,0.1650420866525839,0.875,1.7033417291134267,0.013009588980953245,701.3903090110884,0,0.14024898199994595
evaluation-019,2,private,64,64,0.2947315816636052,0.3135415448214347,0.17117577570054468,0.9375,1.7810679809955814,0.11856221648179802,675.8762537671898,0,0.1517473480000291
evaluation-019,0,prior,128,0,0.809372777941044,0.6589970475361246,0.35569497769521685,1.0,6.499639306866907,0.1449123380677057,1024.0,0,0.0
evaluation-019,1,prior,128,0,0.809372777941044,0.6589970475361246,0.35569497769521685,1.0,6.499639306866907,0.1449123380677057,1024.0,0,0.0
evaluation-019,2,prior,128,0,0.809372777941044,0.6589970475361246,0.35569497769521685,1.0,6.499639306866907,0.1449123380677057,1024.0,0,0.0
evaluation-019,0,pooled,128,384,0.2653037347518373,0.29819039439410294,0.1634875276733982,0.875,1.7062607548225206,0.018490939541558036,774.3428795530723,0,0.7642806860002054
evaluation-019,1,pooled,128,384,0.2653037347518373,0.29819039439410294,0.1634875276733982,0.875,1.7062607548225206,0.018490939541558036,774.3428795530723,0,0.7642806860002054
evaluation-019,2,pooled,128,384,0.2653037347518373,0.29819039439410294,0.1634875276733982,0.875,1.7062607548225206,0.018490939541558036,774.3428795530723,0,0.7642806860002054
evaluation-019,0,private,128,128,0.2639248220739028,0.29731865681777725,0.16305119970737753,0.875,1.6983315386540783,0.011261646195379534,584.2854234982742,0,0.25178434799993
evaluation-019,1,private,128,128,0.26628391267459184,0.29875289461370114,0.16376828557416145,0.875,1.704968694484911,0.009488422409633282,753.5221994626914,0,0.2244040359999957
evaluation-019,2,private,128,128,0.27400160553321784,0.3028424534863131,0.16581955925690262,0.90625,1.7396486237986,0.07213085824539028,558.7833828158806,0,0.23153657399998906
evaluation-020,0,prior,0,0,2.466180053879879,0.9076125933252601,0.5007086593612616,1.0,6.188285098704425,0.23388150715761605,1024.0,0,0.0
evaluation-020,1,prior,0,0,2.466180053879879,0.9076125933252601,0.5007086593612616,1.0,6.188285098704425,0.23388150715761605,1024.0,0,0.0
evaluation-020,2,prior,0,0,2.466180053879879,0.9076125933252601,0.5007086593612616,1.0,6.188285098704425,0.23388150715761605,1024.0,0,0.0
evaluation-020,0,pooled,0,0,2.466180053879879,0.9076125933252601,0.5007086593612616,1.0,6.188285098704425,0.23388150715761605,1024.0,0,0.0
evaluation-020,1,pooled,0,0,2.466180053879879,0.9076125933252601,0.5007086593612616,1.0,6.188285098704425,0.23388150715761605,1024.0,0,0.0
evaluation-020,2,pooled,0,0,2.466180053879879,0.9076125933252601,0.5007086593612616,1.0,6.188285098704425,0.23388150715761605,1024.0,0,0.0
evaluation-020,0,private,0,0,2.466180053879879,0.9076125933252601,0.5007086593612616,1.0,6.188285098704425,0.23388150715761605,1024.0,0,0.0
evaluation-020,1,private,0,0,2.466180053879879,0.9076125933252601,0.5007086593612616,1.0,6.188285098704425,0.23388150715761605,1024.0,0,0.0
evaluation-020,2,private,0,0,2.466180053879879,0.9076125933252601,0.5007086593612616,1.0,6.188285098704425,0.23388150715761605,1024.0,0,0.0
evaluation-020,0,prior,4,0,2.466180053879879,0.9076125933252601,0.5007086593612616,1.0,6.188285098704425,0.23388150715761605,1024.0,0,0.0
evaluation-020,1,prior,4,0,2.466180053879879,0.9076125933252601,0.5007086593612616,1.0,6.188285098704425,0.23388150715761605,1024.0,0,0.0
evaluation-020,2,prior,4,0,2.466180053879879,0.9076125933252601,0.5007086593612616,1.0,6.188285098704425,0.23388150715761605,1024.0,0,0.0
evaluation-020,0,pooled,4,12,0.22318616231431676,0.27133080992120273,0.17091559770582587,1.0,2.0769174694785018,0.07712122721177456,828.7729204289936,0,0.012725369999998293
evaluation-020,1,pooled,4,12,0.22318616231431676,0.27133080992120273,0.17091559770582587,1.0,2.0769174694785018,0.07712122721177456,828.7729204289936,0,0.012725369999998293
evaluation-020,2,pooled,4,12,0.22318616231431676,0.27133080992120273,0.17091559770582587,1.0,2.0769174694785018,0.07712122721177456,828.7729204289936,0,0.012725369999998293
evaluation-020,0,private,4,4,0.20729686127606095,0.26454263656405497,0.1679854452171676,1.0,2.079639787708963,0.09076037954283231,871.8803291594339,0,0.006116572999999903
evaluation-020,1,private,4,4,1.864355691206206,0.7846878935211192,0.4411371169438175,0.75,3.1171587166336843,0.22594360776479486,776.068357564237,0,0.0067374750000084305
evaluation-020,2,private,4,4,1.4404910427121957,0.6632327920783891,0.3742918434815312,0.9375,2.9897986202263693,0.22863180159721289,763.5070754401875,0,0.004854590999997299
evaluation-020,0,prior,8,0,2.466180053879879,0.9076125933252601,0.5007086593612616,1.0,6.188285098704425,0.23388150715761605,1024.0,0,0.0
evaluation-020,1,prior,8,0,2.466180053879879,0.9076125933252601,0.5007086593612616,1.0,6.188285098704425,0.23388150715761605,1024.0,0,0.0
evaluation-020,2,prior,8,0,2.466180053879879,0.9076125933252601,0.5007086593612616,1.0,6.188285098704425,0.23388150715761605,1024.0,0,0.0
evaluation-020,0,pooled,8,24,0.24416495692598078,0.28683521110825905,0.179583058372084,1.0,1.8252020465030858,0.05250471205136484,877.150469386407,0,0.02711175399998922
evaluation-020,1,pooled,8,24,0.24416495692598078,0.28683521110825905,0.179583058372084,1.0,1.8252020465030858,0.05250471205136484,877.150469386407,0,0.02711175399998922
evaluation-020,2,pooled,8,24,0.24416495692598078,0.28683521110825905,0.179583058372084,1.0,1.8252020465030858,0.05250471205136484,877.150469386407,0,0.02711175399998922
evaluation-020,0,private,8,8,0.2302051703456686,0.27822128374202515,0.17510573383219796,1.0,1.8413195920414658,0.0948997903258854,623.0476439588134,0,0.008058310999984997
evaluation-020,1,private,8,8,1.8752265392503982,0.7930558402838832,0.4449387492677198,0.6875,3.0746213701004512,0.2197162592285714,624.3602559056754,0,0.00821231500000863
evaluation-020,2,private,8,8,0.6739379914247616,0.4348891339405912,0.25538788502925264,1.0,2.556761503735343,0.201233670494479,1006.1629823503116,0,0.010062519999991082
evaluation-020,0,prior,16,0,2.466180053879879,0.9076125933252601,0.5007086593612616,1.0,6.188285098704425,0.23388150715761605,1024.0,0,0.0
evaluation-020,1,prior,16,0,2.466180053879879,0.9076125933252601,0.5007086593612616,1.0,6.188285098704425,0.23388150715761605,1024.0,0,0.0
evaluation-020,2,prior,16,0,2.466180053879879,0.9076125933252601,0.5007086593612616,1.0,6.188285098704425,0.23388150715761605,1024.0,0,0.0
evaluation-020,0,pooled,16,48,0.15822988649275904,0.23113693692481516,0.1514706904174909,1.0,1.5915296850955158,0.040267122547447624,984.7732904037603,0,0.06375213799998392
evaluation-020,1,pooled,16,48,0.15822988649275904,0.23113693692481516,0.1514706904174909,1.0,1.5915296850955158,0.040267122547447624,984.7732904037603,0,0.06375213799998392
evaluation-020,2,pooled,16,48,0.15822988649275904,0.23113693692481516,0.1514706904174909,1.0,1.5915296850955158,0.040267122547447624,984.7732904037603,0,0.06375213799998392
evaluation-020,0,private,16,16,0.15315607021162073,0.22680763779533955,0.14885726820083522,1.0,1.6634832133245787,0.05379100538552628,1021.0008120858915,0,0.02911803099999588
evaluation-020,1,private,16,16,1.3859774961524418,0.6571092594453593,0.3726451279316769,0.8125,2.8095154254579078,0.20844508541428053,1005.0708407933571,0,0.019363081999969722
evaluation-020,2,private,16,16,0.5392346448189151,0.40263547702363744,0.24000758665810829,0.96875,2.083229006310013,0.18453451474322471,1022.9630823310436,0,0.02119847499999139
evaluation-020,0,prior,32,0,2.466180053879879,0.9076125933252601,0.5007086593612616,1.0,6.188285098704425,0.23388150715761605,1024.0,0,0.0
evaluation-020,1,prior,32,0,2.466180053879879,0.9076125933252601,0.5007086593612616,1.0,6.188285098704425,0.23388150715761605,1024.0,0,0.0
evaluation-020,2,prior,32,0,2.466180053879879,0.9076125933252601,0.5007086593612616,1.0,6.188285098704425,0.23388150715761605,1024.0,0,0.0
evaluation-020,0,pooled,32,96,0.15195117640585745,0.22416812615026155,0.1472571925154233,0.9375,1.3144899130436707,0.024835139788863668,1024.0,0,0.2578728979999738
evaluation-020,1,pooled,32,96,0.15195117640585745,0.22416812615026155,0.1472571925154233,0.9375,1.3144899130436707,0.024835139788863668,1024.0,0,0.2578728979999738
evaluation-020,2,pooled,32,96,0.15195117640585745,0.22416812615026155,0.1472571925154233,0.9375,1.3144899130436707,0.024835139788863668,1024.0,0,0.2578728979999738
evaluation-020,0,private,32,32,0.15501520287993373,0.22650579523943842,0.1486155038627144,1.0,1.5581737023545221,0.012708792018439418,561.2762389550546,0,0.048992957999985265
evaluation-020,1,private,32,32,1.1790704498237674,0.609836600537678,0.34807290212869924,0.75,2.4881521146981647,0.18715283544196343,882.551739282677,0,0.0442700599999597
evaluation-020,2,private,32,32,0.14892620302714474,0.22136160212877437,0.1465792284253152,0.96875,1.4450955129220961,0.026809145395515297,1024.0,0,0.06942250899996338
evaluation-020,0,prior,64,0,2.466180053879879,0.9076125933252601,0.5007086593612616,1.0,6.188285098704425,0.23388150715761605,1024.0,0,0.0
evaluation-020,1,prior,64,0,2.466180053879879,0.9076125933252601,0.5007086593612616,1.0,6.188285098704425,0.23388150715761605,1024.0,0,0.0
evaluation-020,2,prior,64,0,2.466180053879879,0.9076125933252601,0.5007086593612616,1.0,6.188285098704425,0.23388150715761605,1024.0,0,0.0
evaluation-020,0,pooled,64,192,0.15054597672098086,0.22355334228348928,0.14701757419006817,0.875,1.2898674306316207,0.06597769047558864,1023.8904356643644,0,0.6691931590000451
evaluation-020,1,pooled,64,192,0.15054597672098086,0.22355334228348928,0.14701757419006817,0.875,1.2898674306316207,0.06597769047558864,1023.8904356643644,0,0.6691931590000451
evaluation-020,2,pooled,64,192,0.15054597672098086,0.22355334228348928,0.14701757419006817,0.875,1.2898674306316207,0.06597769047558864,1023.8904356643644,0,0.6691931590000451
evaluation-020,0,private,64,64,0.15295362198614582,0.22494453136365805,0.14786482402769213,0.9375,1.3000630445155381,0.03075218512775198,836.6996801888464,0,0.12234986399997183
evaluation-020,1,private,64,64,0.17055231038444285,0.23536115250929485,0.15586957990849312,0.875,1.286007966930442,0.12579300564930335,839.6770997427009,0,0.13503428799998574
evaluation-020,2,private,64,64,0.1520825646829093,0.2246642353426039,0.14708752059566005,0.96875,1.3925417167883345,0.08372227478174032,1010.339423268729,0,0.17552070999995806
evaluation-020,0,prior,128,0,2.466180053879879,0.9076125933252601,0.5007086593612616,1.0,6.188285098704425,0.23388150715761605,1024.0,0,0.0
evaluation-020,1,prior,128,0,2.466180053879879,0.9076125933252601,0.5007086593612616,1.0,6.188285098704425,0.23388150715761605,1024.0,0,0.0
evaluation-020,2,prior,128,0,2.466180053879879,0.9076125933252601,0.5007086593612616,1.0,6.188285098704425,0.23388150715761605,1024.0,0,0.0
evaluation-020,0,pooled,128,384,0.1607537970384593,0.22929138632957585,0.15020415953153293,0.90625,1.2565934931666618,0.012891354100366256,848.1743517922719,0,1.501607689000167
evaluation-020,1,pooled,128,384,0.1607537970384593,0.22929138632957585,0.15020415953153293,0.90625,1.2565934931666618,0.012891354100366256,848.1743517922719,0,1.501607689000167
evaluation-020,2,pooled,128,384,0.1607537970384593,0.22929138632957585,0.15020415953153293,0.90625,1.2565934931666618,0.012891354100366256,848.1743517922719,0,1.501607689000167
evaluation-020,0,private,128,128,0.15960861582893404,0.22898032692871795,0.1496302964672495,0.9375,1.2696522074417838,0.02034313238682955,790.5463511708999,0,0.23459571200002927
evaluation-020,1,private,128,128,0.18383487602653042,0.2425039371564432,0.15853289005126447,0.875,1.2573562727259253,0.1369228890670506,1020.6374994607385,0,0.44571045699994727
evaluation-020,2,private,128,128,0.1635064109173836,0.23095895926913426,0.1510929663885589,0.9375,1.2652472625979478,0.02982005334563717,591.0389143570957,0,0.2837838330000011
evaluation-021,0,prior,0,0,8.640803773684436,1.8471297109217975,1.1278907733297232,0.75,6.4209997134715335,0.2866131359326338,1024.0,0,0.0
evaluation-021,1,prior,0,0,8.640803773684436,1.8471297109217975,1.1278907733297232,0.75,6.4209997134715335,0.2866131359326338,1024.0,0,0.0
evaluation-021,2,prior,0,0,8.640803773684436,1.8471297109217975,1.1278907733297232,0.75,6.4209997134715335,0.2866131359326338,1024.0,0,0.0
evaluation-021,0,pooled,0,0,8.640803773684436,1.8471297109217975,1.1278907733297232,0.75,6.4209997134715335,0.2866131359326338,1024.0,0,0.0
evaluation-021,1,pooled,0,0,8.640803773684436,1.8471297109217975,1.1278907733297232,0.75,6.4209997134715335,0.2866131359326338,1024.0,0,0.0
evaluation-021,2,pooled,0,0,8.640803773684436,1.8471297109217975,1.1278907733297232,0.75,6.4209997134715335,0.2866131359326338,1024.0,0,0.0
evaluation-021,0,private,0,0,8.640803773684436,1.8471297109217975,1.1278907733297232,0.75,6.4209997134715335,0.2866131359326338,1024.0,0,0.0
evaluation-021,1,private,0,0,8.640803773684436,1.8471297109217975,1.1278907733297232,0.75,6.4209997134715335,0.2866131359326338,1024.0,0,0.0
evaluation-021,2,private,0,0,8.640803773684436,1.8471297109217975,1.1278907733297232,0.75,6.4209997134715335,0.2866131359326338,1024.0,0,0.0
evaluation-021,0,prior,4,0,8.640803773684436,1.8471297109217975,1.1278907733297232,0.75,6.4209997134715335,0.2866131359326338,1024.0,0,0.0
evaluation-021,1,prior,4,0,8.640803773684436,1.8471297109217975,1.1278907733297232,0.75,6.4209997134715335,0.2866131359326338,1024.0,0,0.0
evaluation-021,2,prior,4,0,8.640803773684436,1.8471297109217975,1.1278907733297232,0.75,6.4209997134715335,0.2866131359326338,1024.0,0,0.0
evaluation-021,0,pooled,4,12,0.48485443698620956,0.38969601481912736,0.2506823627193675,0.9375,1.9550363838413691,0.1300311053534844,845.1796515328142,0,0.029597523000020942
evaluation-021,1,pooled,4,12,0.48485443698620956,0.38969601481912736,0.2506823627193675,0.9375,1.9550363838413691,0.1300311053534844,845.1796515328142,0,0.029597523000020942
evaluation-021,2,pooled,4,12,0.48485443698620956,0.38969601481912736,0.2506823627193675,0.9375,1.9550363838413691,0.1300311053534844,845.1796515328142,0,0.029597523000020942
evaluation-021,0,private,4,4,1.315989140335721,0.6600612629381202,0.41356798397679134,0.84375,2.682084319463927,0.21280160226476905,669.6121061227431,0,0.005842732999994382
evaluation-021,1,private,4,4,0.569791391052481,0.39365242079891,0.25097019487646016,0.96875,2.3200226476153336,0.16850125142098613,1024.0,0,0.012243078999986778
evaluation-021,2,private,4,4,0.4002595777455815,0.35289097066012526,0.2329576018706383,0.90625,1.9256548367293962,0.14320770987227943,1024.0,0,0.020910655999998085
evaluation-021,0,prior,8,0,8.640803773684436,1.8471297109217975,1.1278907733297232,0.75,6.4209997134715335,0.2866131359326338,1024.0,0,0.0
evaluation-021,1,prior,8,0,8.640803773684436,1.8471297109217975,1.1278907733297232,0.75,6.4209997134715335,0.2866131359326338,1024.0,0,0.0
evaluation-021,2,prior,8,0,8.640803773684436,1.8471297109217975,1.1278907733297232,0.75,6.4209997134715335,0.2866131359326338,1024.0,0,0.0
evaluation-021,0,pooled,8,24,0.07113201671316105,0.16251352833181335,0.11235637068669219,1.0,1.236681660134436,0.06022615461270326,901.4237228433315,0,0.06460686900003054
evaluation-021,1,pooled,8,24,0.07113201671316105,0.16251352833181335,0.11235637068669219,1.0,1.236681660134436,0.06022615461270326,901.4237228433315,0,0.06460686900003054
evaluation-021,2,pooled,8,24,0.07113201671316105,0.16251352833181335,0.11235637068669219,1.0,1.236681660134436,0.06022615461270326,901.4237228433315,0,0.06460686900003054
evaluation-021,0,private,8,8,0.902899759725422,0.5185382743827937,0.32871959478798607,0.9375,2.5338738515015216,0.20314487804055248,716.3869139488223,0,0.017429082999996126
evaluation-021,1,private,8,8,0.6493620443156611,0.42936861146684613,0.272840120887217,0.9375,2.3168572905418188,0.18444515134980743,987.3593069515307,0,0.015637036999976317
evaluation-021,2,private,8,8,0.08964559810846434,0.17634727444094295,0.12341645114570585,0.96875,1.3085299993427117,0.14408327979797889,1018.6356356655583,0,0.041208750000009786
evaluation-021,0,prior,16,0,8.640803773684436,1.8471297109217975,1.1278907733297232,0.75,6.4209997134715335,0.2866131359326338,1024.0,0,0.0
evaluation-021,1,prior,16,0,8.640803773684436,1.8471297109217975,1.1278907733297232,0.75,6.4209997134715335,0.2866131359326338,1024.0,0,0.0
evaluation-021,2,prior,16,0,8.640803773684436,1.8471297109217975,1.1278907733297232,0.75,6.4209997134715335,0.2866131359326338,1024.0,0,0.0
evaluation-021,0,pooled,16,48,0.07199581677084041,0.15755246994816421,0.10953269285542352,0.96875,1.10165924177698,0.0745055308828701,717.0891211195561,0,0.11697424700001591
evaluation-021,1,pooled,16,48,0.07199581677084041,0.15755246994816421,0.10953269285542352,0.96875,1.10165924177698,0.0745055308828701,717.0891211195561,0,0.11697424700001591
evaluation-021,2,pooled,16,48,0.07199581677084041,0.15755246994816421,0.10953269285542352,0.96875,1.10165924177698,0.0745055308828701,717.0891211195561,0,0.11697424700001591
evaluation-021,0,private,16,16,0.8801715814352461,0.5118584780043591,0.3226257285523138,0.875,2.467265405684245,0.2095994336888542,521.4829525220887,0,0.02386924799998269
evaluation-021,1,private,16,16,0.49793929811568405,0.386631267377888,0.2484415488763818,0.875,1.9192724021292,0.1345577318272081,1024.0,0,0.05753082100000029
evaluation-021,2,private,16,16,0.09877417334411707,0.18272715133149342,0.12517891441778436,0.90625,1.254980887570849,0.14356775128653768,857.5612087273756,0,0.046620762000003424
evaluation-021,0,prior,32,0,8.640803773684436,1.8471297109217975,1.1278907733297232,0.75,6.4209997134715335,0.2866131359326338,1024.0,0,0.0
evaluation-021,1,prior,32,0,8.640803773684436,1.8471297109217975,1.1278907733297232,0.75,6.4209997134715335,0.2866131359326338,1024.0,0,0.0
evaluation-021,2,prior,32,0,8.640803773684436,1.8471297109217975,1.1278907733297232,0.75,6.4209997134715335,0.2866131359326338,1024.0,0,0.0
evaluation-021,0,pooled,32,96,0.0636567264763226,0.14584877780926386,0.10463147172834392,1.0,0.9175872829661711,0.0262587086898659,834.7349194844272,0,0.3320692519999824
evaluation-021,1,pooled,32,96,0.0636567264763226,0.14584877780926386,0.10463147172834392,1.0,0.9175872829661711,0.0262587086898659,834.7349194844272,0,0.3320692519999824
evaluation-021,2,pooled,32,96,0.0636567264763226,0.14584877780926386,0.10463147172834392,1.0,0.9175872829661711,0.0262587086898659,834.7349194844272,0,0.3320692519999824
evaluation-021,0,private,32,32,0.15370654020775038,0.2199664058517417,0.1486726723831782,1.0,1.7795024742733045,0.06697627182962249,887.9368860975907,0,0.09928363299998466
evaluation-021,1,private,32,32,0.07102211549820192,0.15785047833482416,0.1127081950489589,1.0,1.2358087606297805,0.06614335684086899,901.6512060363002,0,0.10103390200002593
evaluation-021,2,private,32,32,0.08246311178310828,0.16255028462044668,0.1162755105319829,1.0,1.1437581222141264,0.0911024545523006,563.9835011641647,0,0.07545162499999947
evaluation-021,0,prior,64,0,8.640803773684436,1.8471297109217975,1.1278907733297232,0.75,6.4209997134715335,0.2866131359326338,1024.0,0,0.0
evaluation-021,1,prior,64,0,8.640803773684436,1.8471297109217975,1.1278907733297232,0.75,6.4209997134715335,0.2866131359326338,1024.0,0,0.0
evaluation-021,2,prior,64,0,8.640803773684436,1.8471297109217975,1.1278907733297232,0.75,6.4209997134715335,0.2866131359326338,1024.0,0,0.0
evaluation-021,0,pooled,64,192,0.06695823884790908,0.14896909842686246,0.10598363365691768,0.96875,0.8416730685287916,0.00769543331895214,1024.0,0,0.9999694880000334
evaluation-021,1,pooled,64,192,0.06695823884790908,0.14896909842686246,0.10598363365691768,0.96875,0.8416730685287916,0.00769543331895214,1024.0,0,0.9999694880000334
evaluation-021,2,pooled,64,192,0.06695823884790908,0.14896909842686246,0.10598363365691768,0.96875,0.8416730685287916,0.00769543331895214,1024.0,0,0.9999694880000334
evaluation-021,0,private,64,64,0.0636019907492808,0.14541355036441128,0.10369618826228123,1.0,0.9517323663727644,0.08881386913561361,811.477173210651,0,0.23631780799995283
evaluation-021,1,private,64,64,0.0701643428771197,0.15255914144980343,0.10745941871395244,0.90625,0.8821182642002467,0.06550044010273454,1024.0,0,0.3813516780000583
evaluation-021,2,private,64,64,0.06329969120198262,0.14472738612136882,0.1038916479300675,1.0,0.9002380609369791,0.015701479409459894,1024.0,0,0.21266613300002746
evaluation-021,0,prior,128,0,8.640803773684436,1.8471297109217975,1.1278907733297232,0.75,6.4209997134715335,0.2866131359326338,1024.0,0,0.0
evaluation-021,1,prior,128,0,8.640803773684436,1.8471297109217975,1.1278907733297232,0.75,6.4209997134715335,0.2866131359326338,1024.0,0,0.0
evaluation-021,2,prior,128,0,8.640803773684436,1.8471297109217975,1.1278907733297232,0.75,6.4209997134715335,0.2866131359326338,1024.0,0,0.0
evaluation-021,0,pooled,128,384,0.0660681556718362,0.14741321324256335,0.10515338619273482,0.90625,0.8197433975305795,0.014569746449612233,893.2938930054918,0,1.9146080379999688
evaluation-021,1,pooled,128,384,0.0660681556718362,0.14741321324256335,0.10515338619273482,0.90625,0.8197433975305795,0.014569746449612233,893.2938930054918,0,1.9146080379999688
evaluation-021,2,pooled,128,384,0.0660681556718362,0.14741321324256335,0.10515338619273482,0.90625,0.8197433975305795,0.014569746449612233,893.2938930054918,0,1.9146080379999688
evaluation-021,0,private,128,128,0.07515838101792036,0.15719373061036676,0.11139823394972972,0.9375,0.8527750359563224,0.061589071023006106,544.1376351844843,0,0.35288156399997206
evaluation-021,1,private,128,128,0.06288262570422729,0.1446535719281293,0.10305384181049096,0.9375,0.85177293710084,0.0685634026175361,1009.7847923646468,0,0.6394192449999565
evaluation-021,2,private,128,128,0.06576965222671541,0.1464869722096555,0.1054881365621586,0.90625,0.841325967704647,0.04965083593831877,733.2741831084148,0,0.47901410699998337
evaluation-022,0,prior,0,0,0.7995486225596663,0.6681075335447948,0.3733344334009354,1.0,6.351590413488621,0.22895627270513408,1024.0,0,0.0
evaluation-022,1,prior,0,0,0.7995486225596663,0.6681075335447948,0.3733344334009354,1.0,6.351590413488621,0.22895627270513408,1024.0,0,0.0
evaluation-022,2,prior,0,0,0.7995486225596663,0.6681075335447948,0.3733344334009354,1.0,6.351590413488621,0.22895627270513408,1024.0,0,0.0
evaluation-022,0,pooled,0,0,0.7995486225596663,0.6681075335447948,0.3733344334009354,1.0,6.351590413488621,0.22895627270513408,1024.0,0,0.0
evaluation-022,1,pooled,0,0,0.7995486225596663,0.6681075335447948,0.3733344334009354,1.0,6.351590413488621,0.22895627270513408,1024.0,0,0.0
evaluation-022,2,pooled,0,0,0.7995486225596663,0.6681075335447948,0.3733344334009354,1.0,6.351590413488621,0.22895627270513408,1024.0,0,0.0
evaluation-022,0,private,0,0,0.7995486225596663,0.6681075335447948,0.3733344334009354,1.0,6.351590413488621,0.22895627270513408,1024.0,0,0.0
evaluation-022,1,private,0,0,0.7995486225596663,0.6681075335447948,0.3733344334009354,1.0,6.351590413488621,0.22895627270513408,1024.0,0,0.0
evaluation-022,2,private,0,0,0.7995486225596663,0.6681075335447948,0.3733344334009354,1.0,6.351590413488621,0.22895627270513408,1024.0,0,0.0
evaluation-022,0,prior,4,0,0.7995486225596663,0.6681075335447948,0.3733344334009354,1.0,6.351590413488621,0.22895627270513408,1024.0,0,0.0
evaluation-022,1,prior,4,0,0.7995486225596663,0.6681075335447948,0.3733344334009354,1.0,6.351590413488621,0.22895627270513408,1024.0,0,0.0
evaluation-022,2,prior,4,0,0.7995486225596663,0.6681075335447948,0.3733344334009354,1.0,6.351590413488621,0.22895627270513408,1024.0,0,0.0
evaluation-022,0,pooled,4,12,0.4802616429482027,0.39225301791749373,0.20824595005335153,0.96875,2.9951641299815015,0.19931878597433383,1024.0,0,0.024268532999997205
evaluation-022,1,pooled,4,12,0.4802616429482027,0.39225301791749373,0.20824595005335153,0.96875,2.9951641299815015,0.19931878597433383,1024.0,0,0.024268532999997205
evaluation-022,2,pooled,4,12,0.4802616429482027,0.39225301791749373,0.20824595005335153,0.96875,2.9951641299815015,0.19931878597433383,1024.0,0,0.024268532999997205
evaluation-022,0,private,4,4,0.5178796695332415,0.4129179207334236,0.21888759226656918,1.0,3.0165573089415636,0.17242392549282648,1023.3553215244591,0,0.012722151999994935
evaluation-022,1,private,4,4,0.6302633292916384,0.45411338986857525,0.2406460414784585,1.0,2.987300974268239,0.22914382484860468,670.1367879005953,0,0.005092778999994607
evaluation-022,2,private,4,4,0.9460978006809837,0.5329050725863035,0.2783298477483497,0.96875,3.2403308919701423,0.1936479406138427,1024.0,0,0.01189576800000225
evaluation-022,0,prior,8,0,0.7995486225596663,0.6681075335447948,0.3733344334009354,1.0,6.351590413488621,0.22895627270513408,1024.0,0,0.0
evaluation-022,1,prior,8,0,0.7995486225596663,0.6681075335447948,0.3733344334009354,1.0,6.351590413488621,0.22895627270513408,1024.0,0,0.0
evaluation-022,2,prior,8,0,0.7995486225596663,0.6681075335447948,0.3733344334009354,1.0,6.351590413488621,0.22895627270513408,1024.0,0,0.0
evaluation-022,0,pooled,8,24,0.3452819256534563,0.33899060927837743,0.18172141754715207,0.9375,2.012572376590407,0.14762161179866976,1023.6706984096664,0,0.05286641199995756
evaluation-022,1,pooled,8,24,0.3452819256534563,0.33899060927837743,0.18172141754715207,0.9375,2.012572376590407,0.14762161179866976,1023.6706984096664,0,0.05286641199995756
evaluation-022,2,pooled,8,24,0.3452819256534563,0.33899060927837743,0.18172141754715207,0.9375,2.012572376590407,0.14762161179866976,1023.6706984096664,0,0.05286641199995756
evaluation-022,0,private,8,8,0.3748520812704421,0.35742743827526224,0.191252643897788,0.96875,2.55939689993291,0.13701341041907295,558.9960038742461,0,0.015510290999998233
evaluation-022,1,private,8,8,0.9663484757331049,0.5734545980948313,0.3007187947895014,0.75,2.277244531093321,0.2681335247845265,673.4416823115698,0,0.01692555900000059
evaluation-022,2,private,8,8,0.8411404697387861,0.5112197045293556,0.2675553983218373,0.96875,3.1726875329252033,0.18638281919156532,860.2827624949822,0,0.013898674000017763
evaluation-022,0,prior,16,0,0.7995486225596663,0.6681075335447948,0.3733344334009354,1.0,6.351590413488621,0.22895627270513408,1024.0,0,0.0
evaluation-022,1,prior,16,0,0.7995486225596663,0.6681075335447948,0.3733344334009354,1.0,6.351590413488621,0.22895627270513408,1024.0,0,0.0
evaluation-022,2,prior,16,0,0.7995486225596663,0.6681075335447948,0.3733344334009354,1.0,6.351590413488621,0.22895627270513408,1024.0,0,0.0
evaluation-022,0,pooled,16,48,0.5036480522109472,0.41066752458729705,0.21738663130534022,0.71875,1.761855644720298,0.27616924236467333,1022.9437010503292,0,0.16303610299998184
evaluation-022,1,pooled,16,48,0.5036480522109472,0.41066752458729705,0.21738663130534022,0.71875,1.761855644720298,0.27616924236467333,1022.9437010503292,0,0.16303610299998184
evaluation-022,2,pooled,16,48,0.5036480522109472,0.41066752458729705,0.21738663130534022,0.71875,1.761855644720298,0.27616924236467333,1022.9437010503292,0,0.16303610299998184
evaluation-022,0,private,16,16,1.294995046310806,0.683038238632393,0.3540780204640812,0.6875,2.1176381286359547,0.28439243541320275,1024.0,0,0.03125322799999708
evaluation-022,1,private,16,16,0.4708090634998384,0.3981438760581174,0.21195905376514215,0.8125,1.9171979907122538,0.18485613506183637,909.2442977917906,0,0.03251418700004649
evaluation-022,2,private,16,16,0.7379540930244162,0.47826542600448546,0.251072535791404,0.96875,3.1208310748614627,0.13159948727694024,538.3677871514128,0,0.02756654500002753
evaluation-022,0,prior,32,0,0.7995486225596663,0.6681075335447948,0.3733344334009354,1.0,6.351590413488621,0.22895627270513408,1024.0,0,0.0
evaluation-022,1,prior,32,0,0.7995486225596663,0.6681075335447948,0.3733344334009354,1.0,6.351590413488621,0.22895627270513408,1024.0,0,0.0
evaluation-022,2,prior,32,0,0.7995486225596663,0.6681075335447948,0.3733344334009354,1.0,6.351590413488621,0.22895627270513408,1024.0,0,0.0
evaluation-022,0,pooled,32,96,0.3274074796702575,0.33283032503519105,0.17850155014495214,0.875,1.7068213050678236,0.023299423996646036,1020.8606247199142,0,0.36173810199994705
evaluation-022,1,pooled,32,96,0.3274074796702575,0.33283032503519105,0.17850155014495214,0.875,1.7068213050678236,0.023299423996646036,1020.8606247199142,0,0.36173810199994705
evaluation-022,2,pooled,32,96,0.3274074796702575,0.33283032503519105,0.17850155014495214,0.875,1.7068213050678236,0.023299423996646036,1020.8606247199142,0,0.36173810199994705
evaluation-022,0,private,32,32,0.31708097373925165,0.3248098620931871,0.17422924816637494,0.90625,1.7493098089434638,0.3014000747892169,924.9086610549743,0,0.07581345099998771
evaluation-022,1,private,32,32,0.33819412226113543,0.3379989492893205,0.18141532254663223,0.84375,1.7599024723285341,0.12218410571434946,592.2779380961688,0,0.057598045000077036
evaluation-022,2,private,32,32,0.6132250818550921,0.4411327354125324,0.23257435180096014,0.96875,3.0014525077779677,0.09491094148320077,1023.7754831672363,0,0.08362032800005181
evaluation-022,0,prior,64,0,0.7995486225596663,0.6681075335447948,0.3733344334009354,1.0,6.351590413488621,0.22895627270513408,1024.0,0,0.0
evaluation-022,1,prior,64,0,0.7995486225596663,0.6681075335447948,0.3733344334009354,1.0,6.351590413488621,0.22895627270513408,1024.0,0,0.0
evaluation-022,2,prior,64,0,0.7995486225596663,0.6681075335447948,0.3733344334009354,1.0,6.351590413488621,0.22895627270513408,1024.0,0,0.0
evaluation-022,0,pooled,64,192,0.32638574170336726,0.3320677151802136,0.1780782833432772,0.875,1.6970720166970907,0.009844445200455267,679.3838671267887,0,0.48686441699994987
evaluation-022,1,pooled,64,192,0.32638574170336726,0.3320677151802136,0.1780782833432772,0.875,1.6970720166970907,0.009844445200455267,679.3838671267887,0,0.48686441699994987
evaluation-022,2,pooled,64,192,0.32638574170336726,0.3320677151802136,0.1780782833432772,0.875,1.6970720166970907,0.009844445200455267,679.3838671267887,0,0.48686441699994987
evaluation-022,0,private,64,64,0.3253362467744504,0.33195449402794863,0.17806035621657387,0.875,1.699211619780244,0.003463334672167467,702.0048359419598,0,0.1736249220000019
evaluation-022,1,private,64,64,0.3248489096320033,0.33144793973107856,0.1778331221667857,0.875,1.7003907172488462,0.005906796982032452,842.2508208417952,0,0.12105960200003096
evaluation-022,2,private,64,64,0.3531392007171353,0.3450961486049966,0.18459648518854796,0.84375,1.7417135081503337,0.04837054508937799,674.6527423873142,0,0.16922079300003645
evaluation-022,0,prior,128,0,0.7995486225596663,0.6681075335447948,0.3733344334009354,1.0,6.351590413488621,0.22895627270513408,1024.0,0,0.0
evaluation-022,1,prior,128,0,0.7995486225596663,0.6681075335447948,0.3733344334009354,1.0,6.351590413488621,0.22895627270513408,1024.0,0,0.0
evaluation-022,2,prior,128,0,0.7995486225596663,0.6681075335447948,0.3733344334009354,1.0,6.351590413488621,0.22895627270513408,1024.0,0,0.0
evaluation-022,0,pooled,128,384,0.3229233400725807,0.3304348134086208,0.17727350216170012,0.875,1.6914656330816746,0.00310007874908139,824.6993615671375,0,0.7786716859998535
evaluation-022,1,pooled,128,384,0.3229233400725807,0.3304348134086208,0.17727350216170012,0.875,1.6914656330816746,0.00310007874908139,824.6993615671375,0,0.7786716859998535
evaluation-022,2,pooled,128,384,0.3229233400725807,0.3304348134086208,0.17727350216170012,0.875,1.6914656330816746,0.00310007874908139,824.6993615671375,0,0.7786716859998535
evaluation-022,0,private,128,128,0.3279868806079847,0.33316615700990404,0.17867614586414246,0.875,1.6946411036013096,0.015513440105528051,897.9331755850376,0,0.3860143870000883
evaluation-022,1,private,128,128,0.3146886067330379,0.32547988006165585,0.17473974419880567,0.90625,1.6959622700897152,0.028997904598105712,646.9760858175447,0,0.21851570199997639
evaluation-022,2,private,128,128,0.32813830777914477,0.33310894228788834,0.17859859976142134,0.875,1.7154590695676115,0.024295387578446282,627.4154675264649,0,0.2619232990000455
evaluation-023,0,prior,0,0,0.6138221885440579,0.6255861384190524,0.33788635810239265,1.0,6.678173005965679,0.34419939607716077,1024.0,0,0.0
evaluation-023,1,prior,0,0,0.6138221885440579,0.6255861384190524,0.33788635810239265,1.0,6.678173005965679,0.34419939607716077,1024.0,0,0.0
evaluation-023,2,prior,0,0,0.6138221885440579,0.6255861384190524,0.33788635810239265,1.0,6.678173005965679,0.34419939607716077,1024.0,0,0.0
evaluation-023,0,pooled,0,0,0.6138221885440579,0.6255861384190524,0.33788635810239265,1.0,6.678173005965679,0.34419939607716077,1024.0,0,0.0
evaluation-023,1,pooled,0,0,0.6138221885440579,0.6255861384190524,0.33788635810239265,1.0,6.678173005965679,0.34419939607716077,1024.0,0,0.0
evaluation-023,2,pooled,0,0,0.6138221885440579,0.6255861384190524,0.33788635810239265,1.0,6.678173005965679,0.34419939607716077,1024.0,0,0.0
evaluation-023,0,private,0,0,0.6138221885440579,0.6255861384190524,0.33788635810239265,1.0,6.678173005965679,0.34419939607716077,1024.0,0,0.0
evaluation-023,1,private,0,0,0.6138221885440579,0.6255861384190524,0.33788635810239265,1.0,6.678173005965679,0.34419939607716077,1024.0,0,0.0
evaluation-023,2,private,0,0,0.6138221885440579,0.6255861384190524,0.33788635810239265,1.0,6.678173005965679,0.34419939607716077,1024.0,0,0.0
evaluation-023,0,prior,4,0,0.6138221885440579,0.6255861384190524,0.33788635810239265,1.0,6.678173005965679,0.34419939607716077,1024.0,0,0.0
evaluation-023,1,prior,4,0,0.6138221885440579,0.6255861384190524,0.33788635810239265,1.0,6.678173005965679,0.34419939607716077,1024.0,0,0.0
evaluation-023,2,prior,4,0,0.6138221885440579,0.6255861384190524,0.33788635810239265,1.0,6.678173005965679,0.34419939607716077,1024.0,0,0.0
evaluation-023,0,pooled,4,12,0.34513384911321876,0.3374108102628245,0.1810917766525389,0.9375,2.1030089175280398,0.22604684074144793,570.529375332646,0,0.01446240599996429
evaluation-023,1,pooled,4,12,0.34513384911321876,0.3374108102628245,0.1810917766525389,0.9375,2.1030089175280398,0.22604684074144793,570.529375332646,0,0.01446240599996429
evaluation-023,2,pooled,4,12,0.34513384911321876,0.3374108102628245,0.1810917766525389,0.9375,2.1030089175280398,0.22604684074144793,570.529375332646,0,0.01446240599996429
evaluation-023,0,private,4,4,0.32848251025062003,0.3347142833861948,0.17977975783133696,1.0,2.1794337648084805,0.21615738156336264,555.7245377504902,0,0.008758842999995409
evaluation-023,1,private,4,4,2.155631850685163,0.8493163349032016,0.43698720158492227,0.71875,3.439391568944827,0.30998551187475,1023.3922013815525,0,0.00870546600000921
evaluation-023,2,private,4,4,0.5943955847204387,0.4349143800095199,0.22979950672995425,0.875,2.539132819401549,0.17683382490044725,1024.0,0,0.009029270000013412
evaluation-023,0,prior,8,0,0.6138221885440579,0.6255861384190524,0.33788635810239265,1.0,6.678173005965679,0.34419939607716077,1024.0,0,0.0
evaluation-023,1,prior,8,0,0.6138221885440579,0.6255861384190524,0.33788635810239265,1.0,6.678173005965679,0.34419939607716077,1024.0,0,0.0
evaluation-023,2,prior,8,0,0.6138221885440579,0.6255861384190524,0.33788635810239265,1.0,6.678173005965679,0.34419939607716077,1024.0,0,0.0
evaluation-023,0,pooled,8,24,0.35864007174957074,0.34353013519337033,0.1841517288451667,0.9375,2.1044748882876334,0.23269752015163567,577.3688864946089,0,0.018734967999961327
evaluation-023,1,pooled,8,24,0.35864007174957074,0.34353013519337033,0.1841517288451667,0.9375,2.1044748882876334,0.23269752015163567,577.3688864946089,0,0.018734967999961327
evaluation-023,2,pooled,8,24,0.35864007174957074,0.34353013519337033,0.1841517288451667,0.9375,2.1044748882876334,0.23269752015163567,577.3688864946089,0,0.018734967999961327
evaluation-023,0,private,8,8,0.34188509338879924,0.3394486288290124,0.18213856541980755,0.96875,2.17178551962545,0.2208411614532309,546.1171292778073,0,0.010961376000011569
evaluation-023,1,private,8,8,2.113897479571161,0.83503136417313,0.4298561253009845,0.71875,3.472788887189929,0.31233556071439483,1009.1049811890297,0,0.010062363000017172
evaluation-023,2,private,8,8,0.6116188538536085,0.43891158763744426,0.2317988147024891,0.875,2.5826629403134103,0.18171214176179634,1020.570438720409,0,0.01048120400001551
evaluation-023,0,prior,16,0,0.6138221885440579,0.6255861384190524,0.33788635810239265,1.0,6.678173005965679,0.34419939607716077,1024.0,0,0.0
evaluation-023,1,prior,16,0,0.6138221885440579,0.6255861384190524,0.33788635810239265,1.0,6.678173005965679,0.34419939607716077,1024.0,0,0.0
evaluation-023,2,prior,16,0,0.6138221885440579,0.6255861384190524,0.33788635810239265,1.0,6.678173005965679,0.34419939607716077,1024.0,0,0.0
evaluation-023,0,pooled,16,48,0.24545869061714767,0.289177630685776,0.15697684235887646,0.96875,1.74270412070685,0.0320459611103134,1023.267087168695,0,0.10345034399996678
evaluation-023,1,pooled,16,48,0.24545869061714767,0.289177630685776,0.15697684235887646,0.96875,1.74270412070685,0.0320459611103134,1023.267087168695,0,0.10345034399996678
evaluation-023,2,pooled,16,48,0.24545869061714767,0.289177630685776,0.15697684235887646,0.96875,1.74270412070685,0.0320459611103134,1023.267087168695,0,0.10345034399996678
evaluation-023,0,private,16,16,0.3270539507826135,0.3287256589809086,0.1767718008417358,0.90625,1.9290545973765836,0.22561555314419385,1023.697931600623,0,0.04149031300001127
evaluation-023,1,private,16,16,1.6693212535261734,0.7226120295773752,0.3736474508530388,0.75,3.3835929252303254,0.26649295636389125,1024.0,0,0.02400808300004087
evaluation-023,2,private,16,16,0.2628862284261799,0.2997903003499538,0.1622862343832216,0.96875,1.824071203325743,0.036679597180982765,1023.8485882714099,0,0.030092426000010164
evaluation-023,0,prior,32,0,0.6138221885440579,0.6255861384190524,0.33788635810239265,1.0,6.678173005965679,0.34419939607716077,1024.0,0,0.0
evaluation-023,1,prior,32,0,0.6138221885440579,0.6255861384190524,0.33788635810239265,1.0,6.678173005965679,0.34419939607716077,1024.0,0,0.0
evaluation-023,2,prior,32,0,0.6138221885440579,0.6255861384190524,0.33788635810239265,1.0,6.678173005965679,0.34419939607716077,1024.0,0,0.0
evaluation-023,0,pooled,32,96,0.24412147353934524,0.28875413025787144,0.15676480251341665,0.96875,1.7205896568813515,0.019305815780635144,934.004516860309,0,0.25763992800001745
evaluation-023,1,pooled,32,96,0.24412147353934524,0.28875413025787144,0.15676480251341665,0.96875,1.7205896568813515,0.019305815780635144,934.004516860309,0,0.25763992800001745
evaluation-023,2,pooled,32,96,0.24412147353934524,0.28875413025787144,0.15676480251341665,0.96875,1.7205896568813515,0.019305815780635144,934.004516860309,0,0.25763992800001745
evaluation-023,0,private,32,32,0.3316677951148713,0.3315990264053363,0.17821571414979487,0.90625,1.9126454695558892,0.23341608162320732,896.8721640707762,0,0.05239885300002811
evaluation-023,1,private,32,32,1.0838779515005903,0.5752498159803047,0.2999593084821739,0.84375,3.0277586833778107,0.19996493554572126,953.5663565001174,0,0.07274978300004875
evaluation-023,2,private,32,32,0.26982854601766615,0.30366413328688885,0.1642354472839747,0.96875,1.7986233492112538,0.0394343437222648,925.1437093784858,0,0.03919189299996617
evaluation-023,0,prior,64,0,0.6138221885440579,0.6255861384190524,0.33788635810239265,1.0,6.678173005965679,0.34419939607716077,1024.0,0,0.0
evaluation-023,1,prior,64,0,0.6138221885440579,0.6255861384190524,0.33788635810239265,1.0,6.678173005965679,0.34419939607716077,1024.0,0,0.0
evaluation-023,2,prior,64,0,0.6138221885440579,0.6255861384190524,0.33788635810239265,1.0,6.678173005965679,0.34419939607716077,1024.0,0,0.0
evaluation-023,0,pooled,64,192,0.2629578155525216,0.2989247379548009,0.16185002169562812,1.0,1.710232876068816,0.03018312024931635,649.7658145213684,0,0.39982669100002965
evaluation-023,1,pooled,64,192,0.2629578155525216,0.2989247379548009,0.16185002169562812,1.0,1.710232876068816,0.03018312024931635,649.7658145213684,0,0.39982669100002965
evaluation-023,2,pooled,64,192,0.2629578155525216,0.2989247379548009,0.16185002169562812,1.0,1.710232876068816,0.03018312024931635,649.7658145213684,0,0.39982669100002965
evaluation-023,0,private,64,64,0.2547062300241554,0.2949320757333187,0.15986106747857667,1.0,1.7179328898596986,0.02085996621783143,947.0043508991943,0,0.15189168000003406
evaluation-023,1,private,64,64,0.32634034201413936,0.3325483601698612,0.17872220996298976,0.84375,1.7072146279723972,0.040150041577890996,627.3375949698121,0,0.11386858400005906
evaluation-023,2,private,64,64,0.26799097137644623,0.30102247844645935,0.16291220397931713,0.96875,1.7369614895493237,0.09436871593341117,1019.4674308879419,0,0.13761331700001733
evaluation-023,0,prior,128,0,0.6138221885440579,0.6255861384190524,0.33788635810239265,1.0,6.678173005965679,0.34419939607716077,1024.0,0,0.0
evaluation-023,1,prior,128,0,0.6138221885440579,0.6255861384190524,0.33788635810239265,1.0,6.678173005965679,0.34419939607716077,1024.0,0,0.0
evaluation-023,2,prior,128,0,0.6138221885440579,0.6255861384190524,0.33788635810239265,1.0,6.678173005965679,0.34419939607716077,1024.0,0,0.0
evaluation-023,0,pooled,128,384,0.26798487304427715,0.30162072862662925,0.16319817676864776,0.96875,1.7120022681339213,0.025386420011684414,725.6029301856883,0,0.6304738010000932
evaluation-023,1,pooled,128,384,0.26798487304427715,0.30162072862662925,0.16319817676864776,0.96875,1.7120022681339213,0.025386420011684414,725.6029301856883,0,0.6304738010000932
evaluation-023,2,pooled,128,384,0.26798487304427715,0.30162072862662925,0.16319817676864776,0.96875,1.7120022681339213,0.025386420011684414,725.6029301856883,0,0.6304738010000932
evaluation-023,0,private,128,128,0.2577861829436616,0.29603653615661274,0.1604172123856517,1.0,1.7047274230809433,0.019035381959581807,577.312356247492,0,0.1836558140000193
evaluation-023,1,private,128,128,0.2835062452932757,0.30937892342628553,0.1671174694314858,0.96875,1.6942054457015834,0.026115164097140514,668.734665038208,0,0.18026005200009365
evaluation-023,2,private,128,128,0.27203067770597333,0.30345207186876066,0.1641190116109205,0.9375,1.7180327528326453,0.03041463971010651,1023.8966847702151,0,0.2877653830000497
