arena_id,society,condition,tick,parameter,true_value,posterior_mean,posterior_sd,lo90,hi90
evaluation-000,0,prior,0,r,5.797742969496895,5.0573252978732155,1.7404928108247888,2.3234883902422188,7.718319672613163
evaluation-000,0,prior,0,b,2.3732144109477504,1.7411459217504814,0.726427044582879,0.6198385094306447,2.895012291798639
evaluation-000,0,prior,0,g,0.5861532174984447,0.413261163701664,0.2327431576765366,0.04185514043485329,0.7686873121995
evaluation-000,1,prior,0,r,5.797742969496895,5.0573252978732155,1.7404928108247888,2.3234883902422188,7.718319672613163
evaluation-000,1,prior,0,b,2.3732144109477504,1.7411459217504814,0.726427044582879,0.6198385094306447,2.895012291798639
evaluation-000,1,prior,0,g,0.5861532174984447,0.413261163701664,0.2327431576765366,0.04185514043485329,0.7686873121995
evaluation-000,2,prior,0,r,5.797742969496895,5.0573252978732155,1.7404928108247888,2.3234883902422188,7.718319672613163
evaluation-000,2,prior,0,b,2.3732144109477504,1.7411459217504814,0.726427044582879,0.6198385094306447,2.895012291798639
evaluation-000,2,prior,0,g,0.5861532174984447,0.413261163701664,0.2327431576765366,0.04185514043485329,0.7686873121995
evaluation-000,0,pooled,0,r,5.797742969496895,5.0573252978732155,1.7404928108247888,2.3234883902422188,7.718319672613163
evaluation-000,0,pooled,0,b,2.3732144109477504,1.7411459217504814,0.726427044582879,0.6198385094306447,2.895012291798639
evaluation-000,0,pooled,0,g,0.5861532174984447,0.413261163701664,0.2327431576765366,0.04185514043485329,0.7686873121995
evaluation-000,1,pooled,0,r,5.797742969496895,5.0573252978732155,1.7404928108247888,2.3234883902422188,7.718319672613163
evaluation-000,1,pooled,0,b,2.3732144109477504,1.7411459217504814,0.726427044582879,0.6198385094306447,2.895012291798639
evaluation-000,1,pooled,0,g,0.5861532174984447,0.413261163701664,0.2327431576765366,0.04185514043485329,0.7686873121995
evaluation-000,2,pooled,0,r,5.797742969496895,5.0573252978732155,1.7404928108247888,2.3234883902422188,7.718319672613163
evaluation-000,2,pooled,0,b,2.3732144109477504,1.7411459217504814,0.726427044582879,0.6198385094306447,2.895012291798639
evaluation-000,2,pooled,0,g,0.5861532174984447,0.413261163701664,0.2327431576765366,0.04185514043485329,0.7686873121995
evaluation-000,0,private,0,r,5.797742969496895,5.0573252978732155,1.7404928108247888,2.3234883902422188,7.718319672613163
evaluation-000,0,private,0,b,2.3732144109477504,1.7411459217504814,0.726427044582879,0.6198385094306447,2.895012291798639
evaluation-000,0,private,0,g,0.5861532174984447,0.413261163701664,0.2327431576765366,0.04185514043485329,0.7686873121995
evaluation-000,1,private,0,r,5.797742969496895,5.0573252978732155,1.7404928108247888,2.3234883902422188,7.718319672613163
evaluation-000,1,private,0,b,2.3732144109477504,1.7411459217504814,0.726427044582879,0.6198385094306447,2.895012291798639
evaluation-000,1,private,0,g,0.5861532174984447,0.413261163701664,0.2327431576765366,0.04185514043485329,0.7686873121995
evaluation-000,2,private,0,r,5.797742969496895,5.0573252978732155,1.7404928108247888,2.3234883902422188,7.718319672613163
evaluation-000,2,private,0,b,2.3732144109477504,1.7411459217504814,0.726427044582879,0.6198385094306447,2.895012291798639
evaluation-000,2,private,0,g,0.5861532174984447,0.413261163701664,0.2327431576765366,0.04185514043485329,0.7686873121995
evaluation-000,0,prior,4,r,5.797742969496895,5.0573252978732155,1.7404928108247888,2.3234883902422188,7.718319672613163
evaluation-000,0,prior,4,b,2.3732144109477504,1.7411459217504814,0.726427044582879,0.6198385094306447,2.895012291798639
evaluation-000,0,prior,4,g,0.5861532174984447,0.413261163701664,0.2327431576765366,0.04185514043485329,0.7686873121995
evaluation-000,1,prior,4,r,5.797742969496895,5.0573252978732155,1.7404928108247888,2.3234883902422188,7.718319672613163
evaluation-000,1,prior,4,b,2.3732144109477504,1.7411459217504814,0.726427044582879,0.6198385094306447,2.895012291798639
evaluation-000,1,prior,4,g,0.5861532174984447,0.413261163701664,0.2327431576765366,0.04185514043485329,0.7686873121995
evaluation-000,2,prior,4,r,5.797742969496895,5.0573252978732155,1.7404928108247888,2.3234883902422188,7.718319672613163
evaluation-000,2,prior,4,b,2.3732144109477504,1.7411459217504814,0.726427044582879,0.6198385094306447,2.895012291798639
evaluation-000,2,prior,4,g,0.5861532174984447,0.413261163701664,0.2327431576765366,0.04185514043485329,0.7686873121995
evaluation-000,0,pooled,4,r,5.797742969496895,6.058560835588093,0.15656108981261968,5.8261574157386935,6.331103844356576
evaluation-000,0,pooled,4,b,2.3732144109477504,1.6202173239816624,0.4759336413931289,0.7871679262004476,2.3368613450399995
evaluation-000,0,pooled,4,g,0.5861532174984447,0.4372440257883443,0.22571390129525182,0.050390366576598164,0.7677635824300483
evaluation-000,1,pooled,4,r,5.797742969496895,6.058560835588093,0.15656108981261968,5.8261574157386935,6.331103844356576
evaluation-000,1,pooled,4,b,2.3732144109477504,1.6202173239816624,0.4759336413931289,0.7871679262004476,2.3368613450399995
evaluation-000,1,pooled,4,g,0.5861532174984447,0.4372440257883443,0.22571390129525182,0.050390366576598164,0.7677635824300483
evaluation-000,2,pooled,4,r,5.797742969496895,6.058560835588093,0.15656108981261968,5.8261574157386935,6.331103844356576
evaluation-000,2,pooled,4,b,2.3732144109477504,1.6202173239816624,0.4759336413931289,0.7871679262004476,2.3368613450399995
evaluation-000,2,pooled,4,g,0.5861532174984447,0.4372440257883443,0.22571390129525182,0.050390366576598164,0.7677635824300483
evaluation-000,0,private,4,r,5.797742969496895,6.380383689988021,0.3547346058615902,5.889611215129132,6.9762433359815885
evaluation-000,0,private,4,b,2.3732144109477504,1.7648194165890163,0.7391397920173497,0.6166846064238591,2.8724790648564817
evaluation-000,0,private,4,g,0.5861532174984447,0.4069801703078078,0.22473632150987502,0.03613200965768704,0.7617160053883639
evaluation-000,1,private,4,r,5.797742969496895,5.489169367642861,0.42895769147298846,4.895435960485739,6.229336872090871
evaluation-000,1,private,4,b,2.3732144109477504,1.7960706728306715,0.7125040612878812,0.6537024168878516,2.88251447821333
evaluation-000,1,private,4,g,0.5861532174984447,0.4025488561655548,0.2270670854471862,0.04358492410717558,0.7646609876011828
evaluation-000,2,private,4,r,5.797742969496895,5.973796646062064,0.22709047114393413,5.640414504953109,6.355692208560204
evaluation-000,2,private,4,b,2.3732144109477504,1.871152507210676,0.6651528434309291,0.7111599774681462,2.8540784824708565
evaluation-000,2,private,4,g,0.5861532174984447,0.38812359349651504,0.2246608519897537,0.05650173261123166,0.7603986976271091
evaluation-000,0,prior,8,r,5.797742969496895,5.0573252978732155,1.7404928108247888,2.3234883902422188,7.718319672613163
evaluation-000,0,prior,8,b,2.3732144109477504,1.7411459217504814,0.726427044582879,0.6198385094306447,2.895012291798639
evaluation-000,0,prior,8,g,0.5861532174984447,0.413261163701664,0.2327431576765366,0.04185514043485329,0.7686873121995
evaluation-000,1,prior,8,r,5.797742969496895,5.0573252978732155,1.7404928108247888,2.3234883902422188,7.718319672613163
evaluation-000,1,prior,8,b,2.3732144109477504,1.7411459217504814,0.726427044582879,0.6198385094306447,2.895012291798639
evaluation-000,1,prior,8,g,0.5861532174984447,0.413261163701664,0.2327431576765366,0.04185514043485329,0.7686873121995
evaluation-000,2,prior,8,r,5.797742969496895,5.0573252978732155,1.7404928108247888,2.3234883902422188,7.718319672613163
evaluation-000,2,prior,8,b,2.3732144109477504,1.7411459217504814,0.726427044582879,0.6198385094306447,2.895012291798639
evaluation-000,2,prior,8,g,0.5861532174984447,0.413261163701664,0.2327431576765366,0.04185514043485329,0.7686873121995
evaluation-000,0,pooled,8,r,5.797742969496895,5.970999188248564,0.11700742020924909,5.801766926904214,6.1848715926333675
evaluation-000,0,pooled,8,b,2.3732144109477504,1.8837685991404516,0.3416879804983319,1.2586093973064318,2.4115277445842294
evaluation-000,0,pooled,8,g,0.5861532174984447,0.40286885190821076,0.21670382690328233,0.03927804925709807,0.7338795877405041
evaluation-000,1,pooled,8,r,5.797742969496895,5.970999188248564,0.11700742020924909,5.801766926904214,6.1848715926333675
evaluation-000,1,pooled,8,b,2.3732144109477504,1.8837685991404516,0.3416879804983319,1.2586093973064318,2.4115277445842294
evaluation-000,1,pooled,8,g,0.5861532174984447,0.40286885190821076,0.21670382690328233,0.03927804925709807,0.7338795877405041
evaluation-000,2,pooled,8,r,5.797742969496895,5.970999188248564,0.11700742020924909,5.801766926904214,6.1848715926333675
evaluation-000,2,pooled,8,b,2.3732144109477504,1.8837685991404516,0.3416879804983319,1.2586093973064318,2.4115277445842294
evaluation-000,2,pooled,8,g,0.5861532174984447,0.40286885190821076,0.21670382690328233,0.03927804925709807,0.7338795877405041
evaluation-000,0,private,8,r,5.797742969496895,6.019839091835272,0.1271151773568221,5.826192223936176,6.238863146736811
evaluation-000,0,private,8,b,2.3732144109477504,1.7598501079621296,0.7365566135920014,0.6076999165936875,2.8668005388343007
evaluation-000,0,private,8,g,0.5861532174984447,0.4056111690335643,0.22591435808820629,0.03338640278600258,0.7556320523322032
evaluation-000,1,private,8,r,5.797742969496895,5.609954285140034,0.2669967290890255,5.214692699856928,6.071050921400881
evaluation-000,1,private,8,b,2.3732144109477504,1.8078386657981267,0.7280633092362241,0.632285371888965,2.9031570166326657
evaluation-000,1,private,8,g,0.5861532174984447,0.40033278537217604,0.22103249712571918,0.04838133675143268,0.7535465583817663
evaluation-000,2,private,8,r,5.797742969496895,5.91695049331291,0.21283640664201076,5.624846911656791,6.304607800921455
evaluation-000,2,private,8,b,2.3732144109477504,2.0479973608158724,0.6025246169203695,0.8856713480320849,2.8936756207247285
evaluation-000,2,private,8,g,0.5861532174984447,0.38356805467093885,0.22244725773015742,0.058591498450724123,0.757247347884002
evaluation-000,0,prior,16,r,5.797742969496895,5.0573252978732155,1.7404928108247888,2.3234883902422188,7.718319672613163
evaluation-000,0,prior,16,b,2.3732144109477504,1.7411459217504814,0.726427044582879,0.6198385094306447,2.895012291798639
evaluation-000,0,prior,16,g,0.5861532174984447,0.413261163701664,0.2327431576765366,0.04185514043485329,0.7686873121995
evaluation-000,1,prior,16,r,5.797742969496895,5.0573252978732155,1.7404928108247888,2.3234883902422188,7.718319672613163
evaluation-000,1,prior,16,b,2.3732144109477504,1.7411459217504814,0.726427044582879,0.6198385094306447,2.895012291798639
evaluation-000,1,prior,16,g,0.5861532174984447,0.413261163701664,0.2327431576765366,0.04185514043485329,0.7686873121995
evaluation-000,2,prior,16,r,5.797742969496895,5.0573252978732155,1.7404928108247888,2.3234883902422188,7.718319672613163
evaluation-000,2,prior,16,b,2.3732144109477504,1.7411459217504814,0.726427044582879,0.6198385094306447,2.895012291798639
evaluation-000,2,prior,16,g,0.5861532174984447,0.413261163701664,0.2327431576765366,0.04185514043485329,0.7686873121995
evaluation-000,0,pooled,16,r,5.797742969496895,5.886137603899397,0.06271054669678224,5.792359350518701,5.994140801709677
evaluation-000,0,pooled,16,b,2.3732144109477504,2.1447301442608193,0.12939277836562166,1.9458983019718645,2.3639145714816685
evaluation-000,0,pooled,16,g,0.5861532174984447,0.4186137882923558,0.1424314147121855,0.17881210336483436,0.6704860005734599
evaluation-000,1,pooled,16,r,5.797742969496895,5.886137603899397,0.06271054669678224,5.792359350518701,5.994140801709677
evaluation-000,1,pooled,16,b,2.3732144109477504,2.1447301442608193,0.12939277836562166,1.9458983019718645,2.3639145714816685
evaluation-000,1,pooled,16,g,0.5861532174984447,0.4186137882923558,0.1424314147121855,0.17881210336483436,0.6704860005734599
evaluation-000,2,pooled,16,r,5.797742969496895,5.886137603899397,0.06271054669678224,5.792359350518701,5.994140801709677
evaluation-000,2,pooled,16,b,2.3732144109477504,2.1447301442608193,0.12939277836562166,1.9458983019718645,2.3639145714816685
evaluation-000,2,pooled,16,g,0.5861532174984447,0.4186137882923558,0.1424314147121855,0.17881210336483436,0.6704860005734599
evaluation-000,0,private,16,r,5.797742969496895,5.971365903989942,0.10798036603207611,5.801945113016578,6.151600466126687
evaluation-000,0,private,16,b,2.3732144109477504,1.712686724981006,0.7043523850193903,0.6211120820843585,2.8256229149286933
evaluation-000,0,private,16,g,0.5861532174984447,0.2980149386473596,0.18355001777257995,0.02707459478705256,0.6265020685293049
evaluation-000,1,private,16,r,5.797742969496895,5.737440484160989,0.2248778539225949,5.380807806601178,6.150082801523143
evaluation-000,1,private,16,b,2.3732144109477504,2.2256936445285858,0.6240542999181549,0.9728806049557024,2.96532077137491
evaluation-000,1,private,16,g,0.5861532174984447,0.4761476245782624,0.21856563673501747,0.08022237653172536,0.7679651924989632
evaluation-000,2,private,16,r,5.797742969496895,5.856050501655299,0.08194543691117954,5.726924338284241,5.997847350103609
evaluation-000,2,private,16,b,2.3732144109477504,2.21357263918457,0.16751505551809268,1.9263650103318148,2.4601411813398855
evaluation-000,2,private,16,g,0.5861532174984447,0.3832533073790068,0.2275215350426397,0.03835806840324068,0.7574515925142097
evaluation-000,0,prior,32,r,5.797742969496895,5.0573252978732155,1.7404928108247888,2.3234883902422188,7.718319672613163
evaluation-000,0,prior,32,b,2.3732144109477504,1.7411459217504814,0.726427044582879,0.6198385094306447,2.895012291798639
evaluation-000,0,prior,32,g,0.5861532174984447,0.413261163701664,0.2327431576765366,0.04185514043485329,0.7686873121995
evaluation-000,1,prior,32,r,5.797742969496895,5.0573252978732155,1.7404928108247888,2.3234883902422188,7.718319672613163
evaluation-000,1,prior,32,b,2.3732144109477504,1.7411459217504814,0.726427044582879,0.6198385094306447,2.895012291798639
evaluation-000,1,prior,32,g,0.5861532174984447,0.413261163701664,0.2327431576765366,0.04185514043485329,0.7686873121995
evaluation-000,2,prior,32,r,5.797742969496895,5.0573252978732155,1.7404928108247888,2.3234883902422188,7.718319672613163
evaluation-000,2,prior,32,b,2.3732144109477504,1.7411459217504814,0.726427044582879,0.6198385094306447,2.895012291798639
evaluation-000,2,prior,32,g,0.5861532174984447,0.413261163701664,0.2327431576765366,0.04185514043485329,0.7686873121995
evaluation-000,0,pooled,32,r,5.797742969496895,5.8221906502270055,0.037276422104285646,5.758485784600863,5.882817161870562
evaluation-000,0,pooled,32,b,2.3732144109477504,2.3564161863502835,0.03001393115458377,2.304433477517062,2.406677579649004
evaluation-000,0,pooled,32,g,0.5861532174984447,0.5395991009140476,0.06287838833476087,0.43374081202392606,0.6459559314759363
evaluation-000,1,pooled,32,r,5.797742969496895,5.8221906502270055,0.037276422104285646,5.758485784600863,5.882817161870562
evaluation-000,1,pooled,32,b,2.3732144109477504,2.3564161863502835,0.03001393115458377,2.304433477517062,2.406677579649004
evaluation-000,1,pooled,32,g,0.5861532174984447,0.5395991009140476,0.06287838833476087,0.43374081202392606,0.6459559314759363
evaluation-000,2,pooled,32,r,5.797742969496895,5.8221906502270055,0.037276422104285646,5.758485784600863,5.882817161870562
evaluation-000,2,pooled,32,b,2.3732144109477504,2.3564161863502835,0.03001393115458377,2.304433477517062,2.406677579649004
evaluation-000,2,pooled,32,g,0.5861532174984447,0.5395991009140476,0.06287838833476087,0.43374081202392606,0.6459559314759363
evaluation-000,0,private,32,r,5.797742969496895,5.900620253630367,0.09798828703092259,5.7717063771200525,6.083139195133398
evaluation-000,0,private,32,b,2.3732144109477504,2.2980869006001674,0.50898726416764,1.3182250869730012,2.930602609094898
evaluation-000,0,private,32,g,0.5861532174984447,0.457072283474169,0.15907355620495212,0.19146834817526454,0.7092967600362434
evaluation-000,1,private,32,r,5.797742969496895,5.710918943376199,0.15024605506016792,5.470503447973728,5.951556342790144
evaluation-000,1,private,32,b,2.3732144109477504,2.691521705901185,0.1795066911669551,2.379580995982023,2.969926205881415
evaluation-000,1,private,32,g,0.5861532174984447,0.42848084866766645,0.1994420456453978,0.0854770754616182,0.7401839226097786
evaluation-000,2,private,32,r,5.797742969496895,5.793166554219663,0.05377923866686523,5.704460077036488,5.879981193147552
evaluation-000,2,private,32,b,2.3732144109477504,2.398802389000846,0.05705751294920356,2.3075184020050488,2.488466080333375
evaluation-000,2,private,32,g,0.5861532174984447,0.41406774125080326,0.1625416371850137,0.12324426981097623,0.6712684245818442
evaluation-000,0,prior,64,r,5.797742969496895,5.0573252978732155,1.7404928108247888,2.3234883902422188,7.718319672613163
evaluation-000,0,prior,64,b,2.3732144109477504,1.7411459217504814,0.726427044582879,0.6198385094306447,2.895012291798639
evaluation-000,0,prior,64,g,0.5861532174984447,0.413261163701664,0.2327431576765366,0.04185514043485329,0.7686873121995
evaluation-000,1,prior,64,r,5.797742969496895,5.0573252978732155,1.7404928108247888,2.3234883902422188,7.718319672613163
evaluation-000,1,prior,64,b,2.3732144109477504,1.7411459217504814,0.726427044582879,0.6198385094306447,2.895012291798639
evaluation-000,1,prior,64,g,0.5861532174984447,0.413261163701664,0.2327431576765366,0.04185514043485329,0.7686873121995
evaluation-000,2,prior,64,r,5.797742969496895,5.0573252978732155,1.7404928108247888,2.3234883902422188,7.718319672613163
evaluation-000,2,prior,64,b,2.3732144109477504,1.7411459217504814,0.726427044582879,0.6198385094306447,2.895012291798639
evaluation-000,2,prior,64,g,0.5861532174984447,0.413261163701664,0.2327431576765366,0.04185514043485329,0.7686873121995
evaluation-000,0,pooled,64,r,5.797742969496895,5.809383311424046,0.032768622761412985,5.757191974607746,5.86175029110194
evaluation-000,0,pooled,64,b,2.3732144109477504,2.344700959980988,0.025350904178765787,2.300894626595171,2.3855205325406525
evaluation-000,0,pooled,64,g,0.5861532174984447,0.5980409933745304,0.02865554388643907,0.5534329802196604,0.6464504731763321
evaluation-000,1,pooled,64,r,5.797742969496895,5.809383311424046,0.032768622761412985,5.757191974607746,5.86175029110194
evaluation-000,1,pooled,64,b,2.3732144109477504,2.344700959980988,0.025350904178765787,2.300894626595171,2.3855205325406525
evaluation-000,1,pooled,64,g,0.5861532174984447,0.5980409933745304,0.02865554388643907,0.5534329802196604,0.6464504731763321
evaluation-000,2,pooled,64,r,5.797742969496895,5.809383311424046,0.032768622761412985,5.757191974607746,5.86175029110194
evaluation-000,2,pooled,64,b,2.3732144109477504,2.344700959980988,0.025350904178765787,2.300894626595171,2.3855205325406525
evaluation-000,2,pooled,64,g,0.5861532174984447,0.5980409933745304,0.02865554388643907,0.5534329802196604,0.6464504731763321
evaluation-000,0,private,64,r,5.797742969496895,5.824678285757972,0.06227126353771384,5.7311066347941955,5.933172791720636
evaluation-000,0,private,64,b,2.3732144109477504,2.333028626095045,0.06067972771280634,2.2266193406801804,2.4271100681952578
evaluation-000,0,private,64,g,0.5861532174984447,0.6167202041616188,0.06927359103360713,0.49326729686529447,0.7241423117320409
evaluation-000,1,private,64,r,5.797742969496895,5.775333898918834,0.10268545290307783,5.616014316328094,5.952888128051509
evaluation-000,1,private,64,b,2.3732144109477504,2.3770707394598034,0.0529076567084782,2.2923783076278874,2.4621689788676524
evaluation-000,1,private,64,g,0.5861532174984447,0.5730468881104009,0.1352388143107637,0.33799250227624356,0.7663397407835718
evaluation-000,2,private,64,r,5.797742969496895,5.7918987481605395,0.04933244498714049,5.714650673796869,5.879686399538168
evaluation-000,2,private,64,b,2.3732144109477504,2.3679802700268286,0.03850891549473904,2.3022545290185845,2.42742270015727
evaluation-000,2,private,64,g,0.5861532174984447,0.5523521521962331,0.044223538853993924,0.482162794998695,0.6233065267573551
evaluation-000,0,prior,128,r,5.797742969496895,5.0573252978732155,1.7404928108247888,2.3234883902422188,7.718319672613163
evaluation-000,0,prior,128,b,2.3732144109477504,1.7411459217504814,0.726427044582879,0.6198385094306447,2.895012291798639
evaluation-000,0,prior,128,g,0.5861532174984447,0.413261163701664,0.2327431576765366,0.04185514043485329,0.7686873121995
evaluation-000,1,prior,128,r,5.797742969496895,5.0573252978732155,1.7404928108247888,2.3234883902422188,7.718319672613163
evaluation-000,1,prior,128,b,2.3732144109477504,1.7411459217504814,0.726427044582879,0.6198385094306447,2.895012291798639
evaluation-000,1,prior,128,g,0.5861532174984447,0.413261163701664,0.2327431576765366,0.04185514043485329,0.7686873121995
evaluation-000,2,prior,128,r,5.797742969496895,5.0573252978732155,1.7404928108247888,2.3234883902422188,7.718319672613163
evaluation-000,2,prior,128,b,2.3732144109477504,1.7411459217504814,0.726427044582879,0.6198385094306447,2.895012291798639
evaluation-000,2,prior,128,g,0.5861532174984447,0.413261163701664,0.2327431576765366,0.04185514043485329,0.7686873121995
evaluation-000,0,pooled,128,r,5.797742969496895,5.786735037934845,0.028759727886470663,5.738188666838401,5.831588278729513
evaluation-000,0,pooled,128,b,2.3732144109477504,2.3587806922656083,0.01804275601185401,2.330786050690276,2.3905369881992726
evaluation-000,0,pooled,128,g,0.5861532174984447,0.620323246336803,0.01954289619773904,0.5876203203063883,0.6532629604510166
evaluation-000,1,pooled,128,r,5.797742969496895,5.786735037934845,0.028759727886470663,5.738188666838401,5.831588278729513
evaluation-000,1,pooled,128,b,2.3732144109477504,2.3587806922656083,0.01804275601185401,2.330786050690276,2.3905369881992726
evaluation-000,1,pooled,128,g,0.5861532174984447,0.620323246336803,0.01954289619773904,0.5876203203063883,0.6532629604510166
evaluation-000,2,pooled,128,r,5.797742969496895,5.786735037934845,0.028759727886470663,5.738188666838401,5.831588278729513
evaluation-000,2,pooled,128,b,2.3732144109477504,2.3587806922656083,0.01804275601185401,2.330786050690276,2.3905369881992726
evaluation-000,2,pooled,128,g,0.5861532174984447,0.620323246336803,0.01954289619773904,0.5876203203063883,0.6532629604510166
evaluation-000,0,private,128,r,5.797742969496895,5.800768683394792,0.04893452419455157,5.723732869695108,5.88566691890829
evaluation-000,0,private,128,b,2.3732144109477504,2.301204340959051,0.0475510326406012,2.2165998608189743,2.3757373487677125
evaluation-000,0,private,128,g,0.5861532174984447,0.6523343095516617,0.050299740441072285,0.5701205321984673,0.7320491473731437
evaluation-000,1,private,128,r,5.797742969496895,5.727370569343341,0.07082415229181137,5.6158223840509285,5.8464070326648345
evaluation-000,1,private,128,b,2.3732144109477504,2.403010495335301,0.038093307804621744,2.3353844559194985,2.459000259843453
evaluation-000,1,private,128,g,0.5861532174984447,0.6081551131931231,0.048786578131241196,0.5230908426187608,0.6779143356416426
evaluation-000,2,private,128,r,5.797742969496895,5.782970053568295,0.045111177570469146,5.710335936672963,5.854118031270875
evaluation-000,2,private,128,b,2.3732144109477504,2.3601671203813708,0.028391788838722138,2.314954168615437,2.4061268502939512
evaluation-000,2,private,128,g,0.5861532174984447,0.6310799431943043,0.02633800068933904,0.5862196094343776,0.671396925593155
evaluation-001,0,prior,0,r,4.353851597230453,5.050637995803428,1.7408363070435786,2.332006240110828,7.728843920339792
evaluation-001,0,prior,0,b,2.0127522537955054,1.7760427972670996,0.7272544859556574,0.6375059352477745,2.8793517040789616
evaluation-001,0,prior,0,g,0.646183529334586,0.40374526076746553,0.23941740160525152,0.029632462327633873,0.7580833208076156
evaluation-001,1,prior,0,r,4.353851597230453,5.050637995803428,1.7408363070435786,2.332006240110828,7.728843920339792
evaluation-001,1,prior,0,b,2.0127522537955054,1.7760427972670996,0.7272544859556574,0.6375059352477745,2.8793517040789616
evaluation-001,1,prior,0,g,0.646183529334586,0.40374526076746553,0.23941740160525152,0.029632462327633873,0.7580833208076156
evaluation-001,2,prior,0,r,4.353851597230453,5.050637995803428,1.7408363070435786,2.332006240110828,7.728843920339792
evaluation-001,2,prior,0,b,2.0127522537955054,1.7760427972670996,0.7272544859556574,0.6375059352477745,2.8793517040789616
evaluation-001,2,prior,0,g,0.646183529334586,0.40374526076746553,0.23941740160525152,0.029632462327633873,0.7580833208076156
evaluation-001,0,pooled,0,r,4.353851597230453,5.050637995803428,1.7408363070435786,2.332006240110828,7.728843920339792
evaluation-001,0,pooled,0,b,2.0127522537955054,1.7760427972670996,0.7272544859556574,0.6375059352477745,2.8793517040789616
evaluation-001,0,pooled,0,g,0.646183529334586,0.40374526076746553,0.23941740160525152,0.029632462327633873,0.7580833208076156
evaluation-001,1,pooled,0,r,4.353851597230453,5.050637995803428,1.7408363070435786,2.332006240110828,7.728843920339792
evaluation-001,1,pooled,0,b,2.0127522537955054,1.7760427972670996,0.7272544859556574,0.6375059352477745,2.8793517040789616
evaluation-001,1,pooled,0,g,0.646183529334586,0.40374526076746553,0.23941740160525152,0.029632462327633873,0.7580833208076156
evaluation-001,2,pooled,0,r,4.353851597230453,5.050637995803428,1.7408363070435786,2.332006240110828,7.728843920339792
evaluation-001,2,pooled,0,b,2.0127522537955054,1.7760427972670996,0.7272544859556574,0.6375059352477745,2.8793517040789616
evaluation-001,2,pooled,0,g,0.646183529334586,0.40374526076746553,0.23941740160525152,0.029632462327633873,0.7580833208076156
evaluation-001,0,private,0,r,4.353851597230453,5.050637995803428,1.7408363070435786,2.332006240110828,7.728843920339792
evaluation-001,0,private,0,b,2.0127522537955054,1.7760427972670996,0.7272544859556574,0.6375059352477745,2.8793517040789616
evaluation-001,0,private,0,g,0.646183529334586,0.40374526076746553,0.23941740160525152,0.029632462327633873,0.7580833208076156
evaluation-001,1,private,0,r,4.353851597230453,5.050637995803428,1.7408363070435786,2.332006240110828,7.728843920339792
evaluation-001,1,private,0,b,2.0127522537955054,1.7760427972670996,0.7272544859556574,0.6375059352477745,2.8793517040789616
evaluation-001,1,private,0,g,0.646183529334586,0.40374526076746553,0.23941740160525152,0.029632462327633873,0.7580833208076156
evaluation-001,2,private,0,r,4.353851597230453,5.050637995803428,1.7408363070435786,2.332006240110828,7.728843920339792
evaluation-001,2,private,0,b,2.0127522537955054,1.7760427972670996,0.7272544859556574,0.6375059352477745,2.8793517040789616
evaluation-001,2,private,0,g,0.646183529334586,0.40374526076746553,0.23941740160525152,0.029632462327633873,0.7580833208076156
evaluation-001,0,prior,4,r,4.353851597230453,5.050637995803428,1.7408363070435786,2.332006240110828,7.728843920339792
evaluation-001,0,prior,4,b,2.0127522537955054,1.7760427972670996,0.7272544859556574,0.6375059352477745,2.8793517040789616
evaluation-001,0,prior,4,g,0.646183529334586,0.40374526076746553,0.23941740160525152,0.029632462327633873,0.7580833208076156
evaluation-001,1,prior,4,r,4.353851597230453,5.050637995803428,1.7408363070435786,2.332006240110828,7.728843920339792
evaluation-001,1,prior,4,b,2.0127522537955054,1.7760427972670996,0.7272544859556574,0.6375059352477745,2.8793517040789616
evaluation-001,1,prior,4,g,0.646183529334586,0.40374526076746553,0.23941740160525152,0.029632462327633873,0.7580833208076156
evaluation-001,2,prior,4,r,4.353851597230453,5.050637995803428,1.7408363070435786,2.332006240110828,7.728843920339792
evaluation-001,2,prior,4,b,2.0127522537955054,1.7760427972670996,0.7272544859556574,0.6375059352477745,2.8793517040789616
evaluation-001,2,prior,4,g,0.646183529334586,0.40374526076746553,0.23941740160525152,0.029632462327633873,0.7580833208076156
evaluation-001,0,pooled,4,r,4.353851597230453,4.413618507255121,0.06018759866054349,4.3220675341778705,4.51533424621583
evaluation-001,0,pooled,4,b,2.0127522537955054,2.0513832911927734,0.5850352164989489,0.9087721243174742,2.8383923409065868
evaluation-001,0,pooled,4,g,0.646183529334586,0.4668176828641308,0.22236947865588633,0.0774807259954474,0.7739664650334319
evaluation-001,1,pooled,4,r,4.353851597230453,4.413618507255121,0.06018759866054349,4.3220675341778705,4.51533424621583
evaluation-001,1,pooled,4,b,2.0127522537955054,2.0513832911927734,0.5850352164989489,0.9087721243174742,2.8383923409065868
evaluation-001,1,pooled,4,g,0.646183529334586,0.4668176828641308,0.22236947865588633,0.0774807259954474,0.7739664650334319
evaluation-001,2,pooled,4,r,4.353851597230453,4.413618507255121,0.06018759866054349,4.3220675341778705,4.51533424621583
evaluation-001,2,pooled,4,b,2.0127522537955054,2.0513832911927734,0.5850352164989489,0.9087721243174742,2.8383923409065868
evaluation-001,2,pooled,4,g,0.646183529334586,0.4668176828641308,0.22236947865588633,0.0774807259954474,0.7739664650334319
evaluation-001,0,private,4,r,4.353851597230453,4.499286935576587,0.09892929635847923,4.336673494889685,4.659766048603447
evaluation-001,0,private,4,b,2.0127522537955054,1.9679101457945487,0.6725444936420758,0.7172520098851746,2.9118989562262514
evaluation-001,0,private,4,g,0.646183529334586,0.44980316234204515,0.22983195494976755,0.0526350006767901,0.7684550953966041
evaluation-001,1,private,4,r,4.353851597230453,4.171603725811842,0.18406531829845457,3.846965409269937,4.437474726552847
evaluation-001,1,private,4,b,2.0127522537955054,2.178477848988377,0.6167765994536999,0.9903567088348608,2.9471984520933217
evaluation-001,1,private,4,g,0.646183529334586,0.4078526585985993,0.23347543204807464,0.03497419323223534,0.7644291959337078
evaluation-001,2,private,4,r,4.353851597230453,4.60071907439746,0.196611490610891,4.321878816250196,4.93607846489069
evaluation-001,2,private,4,b,2.0127522537955054,1.7871535887242647,0.7106878307502,0.6386041588497536,2.852149098329116
evaluation-001,2,private,4,g,0.646183529334586,0.40170940502249464,0.22488735588282704,0.053035274019625406,0.7504677153037431
evaluation-001,0,prior,8,r,4.353851597230453,5.050637995803428,1.7408363070435786,2.332006240110828,7.728843920339792
evaluation-001,0,prior,8,b,2.0127522537955054,1.7760427972670996,0.7272544859556574,0.6375059352477745,2.8793517040789616
evaluation-001,0,prior,8,g,0.646183529334586,0.40374526076746553,0.23941740160525152,0.029632462327633873,0.7580833208076156
evaluation-001,1,prior,8,r,4.353851597230453,5.050637995803428,1.7408363070435786,2.332006240110828,7.728843920339792
evaluation-001,1,prior,8,b,2.0127522537955054,1.7760427972670996,0.7272544859556574,0.6375059352477745,2.8793517040789616
evaluation-001,1,prior,8,g,0.646183529334586,0.40374526076746553,0.23941740160525152,0.029632462327633873,0.7580833208076156
evaluation-001,2,prior,8,r,4.353851597230453,5.050637995803428,1.7408363070435786,2.332006240110828,7.728843920339792
evaluation-001,2,prior,8,b,2.0127522537955054,1.7760427972670996,0.7272544859556574,0.6375059352477745,2.8793517040789616
evaluation-001,2,prior,8,g,0.646183529334586,0.40374526076746553,0.23941740160525152,0.029632462327633873,0.7580833208076156
evaluation-001,0,pooled,8,r,4.353851597230453,4.410835642234701,0.05406974822841322,4.3206532520764,4.500269416227749
evaluation-001,0,pooled,8,b,2.0127522537955054,1.7797148705181305,0.16299378969606,1.4907054804741178,2.0405363636139286
evaluation-001,0,pooled,8,g,0.646183529334586,0.4359206664346149,0.21421875801897233,0.07590867226080554,0.7584303450966292
evaluation-001,1,pooled,8,r,4.353851597230453,4.410835642234701,0.05406974822841322,4.3206532520764,4.500269416227749
evaluation-001,1,pooled,8,b,2.0127522537955054,1.7797148705181305,0.16299378969606,1.4907054804741178,2.0405363636139286
evaluation-001,1,pooled,8,g,0.646183529334586,0.4359206664346149,0.21421875801897233,0.07590867226080554,0.7584303450966292
evaluation-001,2,pooled,8,r,4.353851597230453,4.410835642234701,0.05406974822841322,4.3206532520764,4.500269416227749
evaluation-001,2,pooled,8,b,2.0127522537955054,1.7797148705181305,0.16299378969606,1.4907054804741178,2.0405363636139286
evaluation-001,2,pooled,8,g,0.646183529334586,0.4359206664346149,0.21421875801897233,0.07590867226080554,0.7584303450966292
evaluation-001,0,private,8,r,4.353851597230453,4.474012733103692,0.0937045350905707,4.326373940104077,4.626154415526526
evaluation-001,0,private,8,b,2.0127522537955054,1.8535603227584052,0.6593819189838688,0.6951841559040822,2.870082288287747
evaluation-001,0,private,8,g,0.646183529334586,0.4284069338688132,0.22820643950881495,0.05060601434428047,0.7648835639355817
evaluation-001,1,private,8,r,4.353851597230453,4.208942569852476,0.17116213905602265,3.905542713071972,4.4630804938044415
evaluation-001,1,private,8,b,2.0127522537955054,2.172509076822036,0.3503969867349954,1.6270446396960405,2.7740158508678756
evaluation-001,1,private,8,g,0.646183529334586,0.4020880125263443,0.23860693927037313,0.03545582405220517,0.7636057216959059
evaluation-001,2,private,8,r,4.353851597230453,4.421397727988031,0.08633437585642163,4.28781961662766,4.574827236007874
evaluation-001,2,private,8,b,2.0127522537955054,1.7913979993849303,0.7229847930346509,0.6363153819735287,2.8671777693277063
evaluation-001,2,private,8,g,0.646183529334586,0.38583807357830285,0.22037770640118695,0.0455130540711096,0.7425523117182583
evaluation-001,0,prior,16,r,4.353851597230453,5.050637995803428,1.7408363070435786,2.332006240110828,7.728843920339792
evaluation-001,0,prior,16,b,2.0127522537955054,1.7760427972670996,0.7272544859556574,0.6375059352477745,2.8793517040789616
evaluation-001,0,prior,16,g,0.646183529334586,0.40374526076746553,0.23941740160525152,0.029632462327633873,0.7580833208076156
evaluation-001,1,prior,16,r,4.353851597230453,5.050637995803428,1.7408363070435786,2.332006240110828,7.728843920339792
evaluation-001,1,prior,16,b,2.0127522537955054,1.7760427972670996,0.7272544859556574,0.6375059352477745,2.8793517040789616
evaluation-001,1,prior,16,g,0.646183529334586,0.40374526076746553,0.23941740160525152,0.029632462327633873,0.7580833208076156
evaluation-001,2,prior,16,r,4.353851597230453,5.050637995803428,1.7408363070435786,2.332006240110828,7.728843920339792
evaluation-001,2,prior,16,b,2.0127522537955054,1.7760427972670996,0.7272544859556574,0.6375059352477745,2.8793517040789616
evaluation-001,2,prior,16,g,0.646183529334586,0.40374526076746553,0.23941740160525152,0.029632462327633873,0.7580833208076156
evaluation-001,0,pooled,16,r,4.353851597230453,4.394801369696325,0.05027736934658768,4.316879903142107,4.48339391994886
evaluation-001,0,pooled,16,b,2.0127522537955054,1.8947898545953419,0.08975235327877147,1.7535180008337727,2.043172892174252
evaluation-001,0,pooled,16,g,0.646183529334586,0.616933515396759,0.10856319958680155,0.4238358755164878,0.7746383697342022
evaluation-001,1,pooled,16,r,4.353851597230453,4.394801369696325,0.05027736934658768,4.316879903142107,4.48339391994886
evaluation-001,1,pooled,16,b,2.0127522537955054,1.8947898545953419,0.08975235327877147,1.7535180008337727,2.043172892174252
evaluation-001,1,pooled,16,g,0.646183529334586,0.616933515396759,0.10856319958680155,0.4238358755164878,0.7746383697342022
evaluation-001,2,pooled,16,r,4.353851597230453,4.394801369696325,0.05027736934658768,4.316879903142107,4.48339391994886
evaluation-001,2,pooled,16,b,2.0127522537955054,1.8947898545953419,0.08975235327877147,1.7535180008337727,2.043172892174252
evaluation-001,2,pooled,16,g,0.646183529334586,0.616933515396759,0.10856319958680155,0.4238358755164878,0.7746383697342022
evaluation-001,0,private,16,r,4.353851597230453,4.472843301372834,0.09888023731286777,4.31231614899236,4.639066759412358
evaluation-001,0,private,16,b,2.0127522537955054,1.8382488169127307,0.47987694039860096,1.013642110988133,2.622285264814915
evaluation-001,0,private,16,g,0.646183529334586,0.4157541048404506,0.22357008000909823,0.0454875327566944,0.7600914093221498
evaluation-001,1,private,16,r,4.353851597230453,4.105118228185543,0.15059574116011967,3.8640938241185614,4.3628948969507
evaluation-001,1,private,16,b,2.0127522537955054,2.399847687338034,0.252407075676048,1.9635294601934556,2.8038983054707214
evaluation-001,1,private,16,g,0.646183529334586,0.3989976383973496,0.23861665431773088,0.030428571746404925,0.7712876494688663
evaluation-001,2,private,16,r,4.353851597230453,4.479415612411868,0.09613126634748968,4.332467244102293,4.6344630403431255
evaluation-001,2,private,16,b,2.0127522537955054,1.7773094843145112,0.7269605983072395,0.6120238376361357,2.845993849076739
evaluation-001,2,private,16,g,0.646183529334586,0.44675302018473384,0.20468562803928708,0.09202351527786924,0.7588262129861856
evaluation-001,0,prior,32,r,4.353851597230453,5.050637995803428,1.7408363070435786,2.332006240110828,7.728843920339792
evaluation-001,0,prior,32,b,2.0127522537955054,1.7760427972670996,0.7272544859556574,0.6375059352477745,2.8793517040789616
evaluation-001,0,prior,32,g,0.646183529334586,0.40374526076746553,0.23941740160525152,0.029632462327633873,0.7580833208076156
evaluation-001,1,prior,32,r,4.353851597230453,5.050637995803428,1.7408363070435786,2.332006240110828,7.728843920339792
evaluation-001,1,prior,32,b,2.0127522537955054,1.7760427972670996,0.7272544859556574,0.6375059352477745,2.8793517040789616
evaluation-001,1,prior,32,g,0.646183529334586,0.40374526076746553,0.23941740160525152,0.029632462327633873,0.7580833208076156
evaluation-001,2,prior,32,r,4.353851597230453,5.050637995803428,1.7408363070435786,2.332006240110828,7.728843920339792
evaluation-001,2,prior,32,b,2.0127522537955054,1.7760427972670996,0.7272544859556574,0.6375059352477745,2.8793517040789616
evaluation-001,2,prior,32,g,0.646183529334586,0.40374526076746553,0.23941740160525152,0.029632462327633873,0.7580833208076156
evaluation-001,0,pooled,32,r,4.353851597230453,4.387216803170433,0.04597018635298267,4.3091704359052985,4.461664924224196
evaluation-001,0,pooled,32,b,2.0127522537955054,1.9204970362066212,0.060622100759290504,1.8193100067401156,2.0183321068516236
evaluation-001,0,pooled,32,g,0.646183529334586,0.5888320466819894,0.0909347622902359,0.44396197337324395,0.7383941026491067
evaluation-001,1,pooled,32,r,4.353851597230453,4.387216803170433,0.04597018635298267,4.3091704359052985,4.461664924224196
evaluation-001,1,pooled,32,b,2.0127522537955054,1.9204970362066212,0.060622100759290504,1.8193100067401156,2.0183321068516236
evaluation-001,1,pooled,32,g,0.646183529334586,0.5888320466819894,0.0909347622902359,0.44396197337324395,0.7383941026491067
evaluation-001,2,pooled,32,r,4.353851597230453,4.387216803170433,0.04597018635298267,4.3091704359052985,4.461664924224196
evaluation-001,2,pooled,32,b,2.0127522537955054,1.9204970362066212,0.060622100759290504,1.8193100067401156,2.0183321068516236
evaluation-001,2,pooled,32,g,0.646183529334586,0.5888320466819894,0.0909347622902359,0.44396197337324395,0.7383941026491067
evaluation-001,0,private,32,r,4.353851597230453,4.399802358535009,0.07541889202057356,4.284316427847928,4.522429706511793
evaluation-001,0,private,32,b,2.0127522537955054,2.2281465841837407,0.26327810049807115,1.8249629306888135,2.6743090637707105
evaluation-001,0,private,32,g,0.646183529334586,0.35608208885332165,0.2138861145635093,0.03662090353542213,0.7311490878766889
evaluation-001,1,private,32,r,4.353851597230453,4.252824174568511,0.09782541283792817,4.098488972928879,4.4185120443888986
evaluation-001,1,private,32,b,2.0127522537955054,2.1066721976124705,0.1366540959340848,1.867808696734522,2.330492161789759
evaluation-001,1,private,32,g,0.646183529334586,0.4111711371324038,0.23435732265026588,0.03663469912826126,0.7721277418809251
evaluation-001,2,private,32,r,4.353851597230453,4.499083557102134,0.08477626477160939,4.357914221227568,4.639865821031724
evaluation-001,2,private,32,b,2.0127522537955054,1.8140964046978012,0.6971075955348658,0.6517999565011569,2.869749070052567
evaluation-001,2,private,32,g,0.646183529334586,0.38275115914028396,0.15634183790098466,0.11813077663330951,0.6464901689165948
evaluation-001,0,prior,64,r,4.353851597230453,5.050637995803428,1.7408363070435786,2.332006240110828,7.728843920339792
evaluation-001,0,prior,64,b,2.0127522537955054,1.7760427972670996,0.7272544859556574,0.6375059352477745,2.8793517040789616
evaluation-001,0,prior,64,g,0.646183529334586,0.40374526076746553,0.23941740160525152,0.029632462327633873,0.7580833208076156
evaluation-001,1,prior,64,r,4.353851597230453,5.050637995803428,1.7408363070435786,2.332006240110828,7.728843920339792
evaluation-001,1,prior,64,b,2.0127522537955054,1.7760427972670996,0.7272544859556574,0.6375059352477745,2.8793517040789616
evaluation-001,1,prior,64,g,0.646183529334586,0.40374526076746553,0.23941740160525152,0.029632462327633873,0.7580833208076156
evaluation-001,2,prior,64,r,4.353851597230453,5.050637995803428,1.7408363070435786,2.332006240110828,7.728843920339792
evaluation-001,2,prior,64,b,2.0127522537955054,1.7760427972670996,0.7272544859556574,0.6375059352477745,2.8793517040789616
evaluation-001,2,prior,64,g,0.646183529334586,0.40374526076746553,0.23941740160525152,0.029632462327633873,0.7580833208076156
evaluation-001,0,pooled,64,r,4.353851597230453,4.333461044811984,0.02963316596385151,4.28788287741181,4.384027717088489
evaluation-001,0,pooled,64,b,2.0127522537955054,2.0276135812040454,0.028915955994064706,1.9785541758039145,2.0722223969625158
evaluation-001,0,pooled,64,g,0.646183529334586,0.6645197241916391,0.042961250019903,0.5890159667961757,0.7320573081915108
evaluation-001,1,pooled,64,r,4.353851597230453,4.333461044811984,0.02963316596385151,4.28788287741181,4.384027717088489
evaluation-001,1,pooled,64,b,2.0127522537955054,2.0276135812040454,0.028915955994064706,1.9785541758039145,2.0722223969625158
evaluation-001,1,pooled,64,g,0.646183529334586,0.6645197241916391,0.042961250019903,0.5890159667961757,0.7320573081915108
evaluation-001,2,pooled,64,r,4.353851597230453,4.333461044811984,0.02963316596385151,4.28788287741181,4.384027717088489
evaluation-001,2,pooled,64,b,2.0127522537955054,2.0276135812040454,0.028915955994064706,1.9785541758039145,2.0722223969625158
evaluation-001,2,pooled,64,g,0.646183529334586,0.6645197241916391,0.042961250019903,0.5890159667961757,0.7320573081915108
evaluation-001,0,private,64,r,4.353851597230453,4.372200557771531,0.05203194881213182,4.290886218424164,4.4625073037891925
evaluation-001,0,private,64,b,2.0127522537955054,2.0603689228999515,0.05599837992914142,1.9660595027015708,2.1449103982860396
evaluation-001,0,private,64,g,0.646183529334586,0.5741537888609214,0.11491394998778334,0.38085766597058757,0.7610631222560811
evaluation-001,1,private,64,r,4.353851597230453,4.255457344689296,0.08833967812544888,4.115542128758844,4.403376238366637
evaluation-001,1,private,64,b,2.0127522537955054,2.0401933327533937,0.119571882587222,1.8279510700403414,2.2217254905371533
evaluation-001,1,private,64,g,0.646183529334586,0.729310332064803,0.04494905280939461,0.6477359427751807,0.7892685584148483
evaluation-001,2,private,64,r,4.353851597230453,4.449588366099654,0.07055442720226081,4.337209131456053,4.565047175795071
evaluation-001,2,private,64,b,2.0127522537955054,2.119937257103938,0.09396634770872685,1.9716571201106141,2.276515625711371
evaluation-001,2,private,64,g,0.646183529334586,0.47414605294793294,0.11812867271499987,0.27511341019780744,0.6593690473760488
evaluation-001,0,prior,128,r,4.353851597230453,5.050637995803428,1.7408363070435786,2.332006240110828,7.728843920339792
evaluation-001,0,prior,128,b,2.0127522537955054,1.7760427972670996,0.7272544859556574,0.6375059352477745,2.8793517040789616
evaluation-001,0,prior,128,g,0.646183529334586,0.40374526076746553,0.23941740160525152,0.029632462327633873,0.7580833208076156
evaluation-001,1,prior,128,r,4.353851597230453,5.050637995803428,1.7408363070435786,2.332006240110828,7.728843920339792
evaluation-001,1,prior,128,b,2.0127522537955054,1.7760427972670996,0.7272544859556574,0.6375059352477745,2.8793517040789616
evaluation-001,1,prior,128,g,0.646183529334586,0.40374526076746553,0.23941740160525152,0.029632462327633873,0.7580833208076156
evaluation-001,2,prior,128,r,4.353851597230453,5.050637995803428,1.7408363070435786,2.332006240110828,7.728843920339792
evaluation-001,2,prior,128,b,2.0127522537955054,1.7760427972670996,0.7272544859556574,0.6375059352477745,2.8793517040789616
evaluation-001,2,prior,128,g,0.646183529334586,0.40374526076746553,0.23941740160525152,0.029632462327633873,0.7580833208076156
evaluation-001,0,pooled,128,r,4.353851597230453,4.364499471204661,0.02445152411135823,4.3252596078384755,4.405863869203798
evaluation-001,0,pooled,128,b,2.0127522537955054,2.028920762607958,0.016609460200043332,2.0024381866491234,2.058110613053892
evaluation-001,0,pooled,128,g,0.646183529334586,0.6110598417549806,0.020105294102050968,0.5745595274927235,0.6449159444662659
evaluation-001,1,pooled,128,r,4.353851597230453,4.364499471204661,0.02445152411135823,4.3252596078384755,4.405863869203798
evaluation-001,1,pooled,128,b,2.0127522537955054,2.028920762607958,0.016609460200043332,2.0024381866491234,2.058110613053892
evaluation-001,1,pooled,128,g,0.646183529334586,0.6110598417549806,0.020105294102050968,0.5745595274927235,0.6449159444662659
evaluation-001,2,pooled,128,r,4.353851597230453,4.364499471204661,0.02445152411135823,4.3252596078384755,4.405863869203798
evaluation-001,2,pooled,128,b,2.0127522537955054,2.028920762607958,0.016609460200043332,2.0024381866491234,2.058110613053892
evaluation-001,2,pooled,128,g,0.646183529334586,0.6110598417549806,0.020105294102050968,0.5745595274927235,0.6449159444662659
evaluation-001,0,private,128,r,4.353851597230453,4.34431914707325,0.04064097717602639,4.281443395178577,4.414410969244924
evaluation-001,0,private,128,b,2.0127522537955054,2.0529566697198036,0.03895210506677828,1.9914292467677195,2.1135560121969448
evaluation-001,0,private,128,g,0.646183529334586,0.637462087851447,0.04687057439391216,0.5583006198484053,0.7131817334547348
evaluation-001,1,private,128,r,4.353851597230453,4.328092061287229,0.047206237595156575,4.250947118724211,4.401312440917014
evaluation-001,1,private,128,b,2.0127522537955054,2.0102895798410874,0.03445684249583461,1.9546687987657736,2.064629246856065
evaluation-001,1,private,128,g,0.646183529334586,0.6596894386127629,0.03183175049519991,0.6101291708532777,0.7137218457367748
evaluation-001,2,private,128,r,4.353851597230453,4.4231316475030855,0.04058531984621106,4.357715711889538,4.4906620463391285
evaluation-001,2,private,128,b,2.0127522537955054,2.029208716287201,0.025486492598657432,1.9850359556576198,2.0701919598168907
evaluation-001,2,private,128,g,0.646183529334586,0.545262933752557,0.04319730254027829,0.47156879566285437,0.611187053003255
evaluation-002,0,prior,0,r,2.434346284138921,4.956450069616406,1.7095411302331327,2.289512808918444,7.653877282669141
evaluation-002,0,prior,0,b,1.857696004197088,1.7623195652666808,0.736568517754867,0.6233644450566962,2.8878575462528784
evaluation-002,0,prior,0,g,0.4020878008422724,0.4029557051659783,0.23082314298908657,0.04112349139060561,0.7559168080751217
evaluation-002,1,prior,0,r,2.434346284138921,4.956450069616406,1.7095411302331327,2.289512808918444,7.653877282669141
evaluation-002,1,prior,0,b,1.857696004197088,1.7623195652666808,0.736568517754867,0.6233644450566962,2.8878575462528784
evaluation-002,1,prior,0,g,0.4020878008422724,0.4029557051659783,0.23082314298908657,0.04112349139060561,0.7559168080751217
evaluation-002,2,prior,0,r,2.434346284138921,4.956450069616406,1.7095411302331327,2.289512808918444,7.653877282669141
evaluation-002,2,prior,0,b,1.857696004197088,1.7623195652666808,0.736568517754867,0.6233644450566962,2.8878575462528784
evaluation-002,2,prior,0,g,0.4020878008422724,0.4029557051659783,0.23082314298908657,0.04112349139060561,0.7559168080751217
evaluation-002,0,pooled,0,r,2.434346284138921,4.956450069616406,1.7095411302331327,2.289512808918444,7.653877282669141
evaluation-002,0,pooled,0,b,1.857696004197088,1.7623195652666808,0.736568517754867,0.6233644450566962,2.8878575462528784
evaluation-002,0,pooled,0,g,0.4020878008422724,0.4029557051659783,0.23082314298908657,0.04112349139060561,0.7559168080751217
evaluation-002,1,pooled,0,r,2.434346284138921,4.956450069616406,1.7095411302331327,2.289512808918444,7.653877282669141
evaluation-002,1,pooled,0,b,1.857696004197088,1.7623195652666808,0.736568517754867,0.6233644450566962,2.8878575462528784
evaluation-002,1,pooled,0,g,0.4020878008422724,0.4029557051659783,0.23082314298908657,0.04112349139060561,0.7559168080751217
evaluation-002,2,pooled,0,r,2.434346284138921,4.956450069616406,1.7095411302331327,2.289512808918444,7.653877282669141
evaluation-002,2,pooled,0,b,1.857696004197088,1.7623195652666808,0.736568517754867,0.6233644450566962,2.8878575462528784
evaluation-002,2,pooled,0,g,0.4020878008422724,0.4029557051659783,0.23082314298908657,0.04112349139060561,0.7559168080751217
evaluation-002,0,private,0,r,2.434346284138921,4.956450069616406,1.7095411302331327,2.289512808918444,7.653877282669141
evaluation-002,0,private,0,b,1.857696004197088,1.7623195652666808,0.736568517754867,0.6233644450566962,2.8878575462528784
evaluation-002,0,private,0,g,0.4020878008422724,0.4029557051659783,0.23082314298908657,0.04112349139060561,0.7559168080751217
evaluation-002,1,private,0,r,2.434346284138921,4.956450069616406,1.7095411302331327,2.289512808918444,7.653877282669141
evaluation-002,1,private,0,b,1.857696004197088,1.7623195652666808,0.736568517754867,0.6233644450566962,2.8878575462528784
evaluation-002,1,private,0,g,0.4020878008422724,0.4029557051659783,0.23082314298908657,0.04112349139060561,0.7559168080751217
evaluation-002,2,private,0,r,2.434346284138921,4.956450069616406,1.7095411302331327,2.289512808918444,7.653877282669141
evaluation-002,2,private,0,b,1.857696004197088,1.7623195652666808,0.736568517754867,0.6233644450566962,2.8878575462528784
evaluation-002,2,private,0,g,0.4020878008422724,0.4029557051659783,0.23082314298908657,0.04112349139060561,0.7559168080751217
evaluation-002,0,prior,4,r,2.434346284138921,4.956450069616406,1.7095411302331327,2.289512808918444,7.653877282669141
evaluation-002,0,prior,4,b,1.857696004197088,1.7623195652666808,0.736568517754867,0.6233644450566962,2.8878575462528784
evaluation-002,0,prior,4,g,0.4020878008422724,0.4029557051659783,0.23082314298908657,0.04112349139060561,0.7559168080751217
evaluation-002,1,prior,4,r,2.434346284138921,4.956450069616406,1.7095411302331327,2.289512808918444,7.653877282669141
evaluation-002,1,prior,4,b,1.857696004197088,1.7623195652666808,0.736568517754867,0.6233644450566962,2.8878575462528784
evaluation-002,1,prior,4,g,0.4020878008422724,0.4029557051659783,0.23082314298908657,0.04112349139060561,0.7559168080751217
evaluation-002,2,prior,4,r,2.434346284138921,4.956450069616406,1.7095411302331327,2.289512808918444,7.653877282669141
evaluation-002,2,prior,4,b,1.857696004197088,1.7623195652666808,0.736568517754867,0.6233644450566962,2.8878575462528784
evaluation-002,2,prior,4,g,0.4020878008422724,0.4029557051659783,0.23082314298908657,0.04112349139060561,0.7559168080751217
evaluation-002,0,pooled,4,r,2.434346284138921,2.4041018426578464,0.039701866340986935,2.339769334060522,2.4680227119694322
evaluation-002,0,pooled,4,b,1.857696004197088,1.5866805285660361,0.5536129113587073,0.7200828743271703,2.553689559056615
evaluation-002,0,pooled,4,g,0.4020878008422724,0.4468499822367602,0.222532854795034,0.06560382043032388,0.7704594518391322
evaluation-002,1,pooled,4,r,2.434346284138921,2.4041018426578464,0.039701866340986935,2.339769334060522,2.4680227119694322
evaluation-002,1,pooled,4,b,1.857696004197088,1.5866805285660361,0.5536129113587073,0.7200828743271703,2.553689559056615
evaluation-002,1,pooled,4,g,0.4020878008422724,0.4468499822367602,0.222532854795034,0.06560382043032388,0.7704594518391322
evaluation-002,2,pooled,4,r,2.434346284138921,2.4041018426578464,0.039701866340986935,2.339769334060522,2.4680227119694322
evaluation-002,2,pooled,4,b,1.857696004197088,1.5866805285660361,0.5536129113587073,0.7200828743271703,2.553689559056615
evaluation-002,2,pooled,4,g,0.4020878008422724,0.4468499822367602,0.222532854795034,0.06560382043032388,0.7704594518391322
evaluation-002,0,private,4,r,2.434346284138921,2.259036050479339,0.12421498228265626,2.0488667943951513,2.4454609813114088
evaluation-002,0,private,4,b,1.857696004197088,2.08765438963188,0.6201072223832179,0.9443028121406675,2.934769548711648
evaluation-002,0,private,4,g,0.4020878008422724,0.4302588845999369,0.2361852868213145,0.0544968373953684,0.7735496745456121
evaluation-002,1,private,4,r,2.434346284138921,2.4552670454771466,0.05644197424413703,2.3633011625853686,2.551276056579826
evaluation-002,1,private,4,b,1.857696004197088,1.70093227656703,0.6696425228742011,0.6542071480779246,2.7856924961088962
evaluation-002,1,private,4,g,0.4020878008422724,0.3386555414685699,0.23082811996603375,0.025834237037017975,0.7303797692222138
evaluation-002,2,private,4,r,2.434346284138921,2.3511546219769137,0.07599514767689416,2.2260488150500106,2.4760091741172703
evaluation-002,2,private,4,b,1.857696004197088,1.8860141354658495,0.6898216148535652,0.7062496473653366,2.8930127163385846
evaluation-002,2,private,4,g,0.4020878008422724,0.43229217217781335,0.22803976272078616,0.05535483475309914,0.7675001653615916
evaluation-002,0,prior,8,r,2.434346284138921,4.956450069616406,1.7095411302331327,2.289512808918444,7.653877282669141
evaluation-002,0,prior,8,b,1.857696004197088,1.7623195652666808,0.736568517754867,0.6233644450566962,2.8878575462528784
evaluation-002,0,prior,8,g,0.4020878008422724,0.4029557051659783,0.23082314298908657,0.04112349139060561,0.7559168080751217
evaluation-002,1,prior,8,r,2.434346284138921,4.956450069616406,1.7095411302331327,2.289512808918444,7.653877282669141
evaluation-002,1,prior,8,b,1.857696004197088,1.7623195652666808,0.736568517754867,0.6233644450566962,2.8878575462528784
evaluation-002,1,prior,8,g,0.4020878008422724,0.4029557051659783,0.23082314298908657,0.04112349139060561,0.7559168080751217
evaluation-002,2,prior,8,r,2.434346284138921,4.956450069616406,1.7095411302331327,2.289512808918444,7.653877282669141
evaluation-002,2,prior,8,b,1.857696004197088,1.7623195652666808,0.736568517754867,0.6233644450566962,2.8878575462528784
evaluation-002,2,prior,8,g,0.4020878008422724,0.4029557051659783,0.23082314298908657,0.04112349139060561,0.7559168080751217
evaluation-002,0,pooled,8,r,2.434346284138921,2.4184064276429407,0.03562739003774132,2.3624546378934133,2.4783930682324473
evaluation-002,0,pooled,8,b,1.857696004197088,1.9092990059906734,0.2765117759429466,1.4426333058587193,2.3563204624445406
evaluation-002,0,pooled,8,g,0.4020878008422724,0.5445905228239186,0.1836542888843494,0.19437376632118764,0.7758480012726248
evaluation-002,1,pooled,8,r,2.434346284138921,2.4184064276429407,0.03562739003774132,2.3624546378934133,2.4783930682324473
evaluation-002,1,pooled,8,b,1.857696004197088,1.9092990059906734,0.2765117759429466,1.4426333058587193,2.3563204624445406
evaluation-002,1,pooled,8,g,0.4020878008422724,0.5445905228239186,0.1836542888843494,0.19437376632118764,0.7758480012726248
evaluation-002,2,pooled,8,r,2.434346284138921,2.4184064276429407,0.03562739003774132,2.3624546378934133,2.4783930682324473
evaluation-002,2,pooled,8,b,1.857696004197088,1.9092990059906734,0.2765117759429466,1.4426333058587193,2.3563204624445406
evaluation-002,2,pooled,8,g,0.4020878008422724,0.5445905228239186,0.1836542888843494,0.19437376632118764,0.7758480012726248
evaluation-002,0,private,8,r,2.434346284138921,2.227812011333445,0.12053523845066287,2.0472312553009204,2.4336362711826407
evaluation-002,0,private,8,b,1.857696004197088,2.4627416759512584,0.40176571403043615,1.6887106568903438,2.9542987602286934
evaluation-002,0,private,8,g,0.4020878008422724,0.4243254325907208,0.23583365916651494,0.03869790318162588,0.7706504612850057
evaluation-002,1,private,8,r,2.434346284138921,2.4740747759210016,0.0528352020392907,2.388896469869382,2.5585378311991738
evaluation-002,1,private,8,b,1.857696004197088,1.6868036946483151,0.6696729795423679,0.6535911959193091,2.772611678341144
evaluation-002,1,private,8,g,0.4020878008422724,0.3708443597227696,0.23206324742972192,0.032729118443612135,0.7410956645877322
evaluation-002,2,private,8,r,2.434346284138921,2.384201416248477,0.06897627512583614,2.2717521322350036,2.5021822415538804
evaluation-002,2,private,8,b,1.857696004197088,2.2842443665135534,0.5177726642514849,1.243030402067633,2.9403788443534595
evaluation-002,2,private,8,g,0.4020878008422724,0.4758989118085804,0.21799467536801262,0.08976419301728089,0.7714165113093898
evaluation-002,0,prior,16,r,2.434346284138921,4.956450069616406,1.7095411302331327,2.289512808918444,7.653877282669141
evaluation-002,0,prior,16,b,1.857696004197088,1.7623195652666808,0.736568517754867,0.6233644450566962,2.8878575462528784
evaluation-002,0,prior,16,g,0.4020878008422724,0.4029557051659783,0.23082314298908657,0.04112349139060561,0.7559168080751217
evaluation-002,1,prior,16,r,2.434346284138921,4.956450069616406,1.7095411302331327,2.289512808918444,7.653877282669141
evaluation-002,1,prior,16,b,1.857696004197088,1.7623195652666808,0.736568517754867,0.6233644450566962,2.8878575462528784
evaluation-002,1,prior,16,g,0.4020878008422724,0.4029557051659783,0.23082314298908657,0.04112349139060561,0.7559168080751217
evaluation-002,2,prior,16,r,2.434346284138921,4.956450069616406,1.7095411302331327,2.289512808918444,7.653877282669141
evaluation-002,2,prior,16,b,1.857696004197088,1.7623195652666808,0.736568517754867,0.6233644450566962,2.8878575462528784
evaluation-002,2,prior,16,g,0.4020878008422724,0.4029557051659783,0.23082314298908657,0.04112349139060561,0.7559168080751217
evaluation-002,0,pooled,16,r,2.434346284138921,2.4281599863553107,0.03581714718198616,2.368813691175221,2.487973910967013
evaluation-002,0,pooled,16,b,1.857696004197088,1.7588762950513015,0.11058150550922818,1.561445926385513,1.9307271138251585
evaluation-002,0,pooled,16,g,0.4020878008422724,0.3708459436257704,0.16452611638229211,0.08903051718467361,0.643404549165299
evaluation-002,1,pooled,16,r,2.434346284138921,2.4281599863553107,0.03581714718198616,2.368813691175221,2.487973910967013
evaluation-002,1,pooled,16,b,1.857696004197088,1.7588762950513015,0.11058150550922818,1.561445926385513,1.9307271138251585
evaluation-002,1,pooled,16,g,0.4020878008422724,0.3708459436257704,0.16452611638229211,0.08903051718467361,0.643404549165299
evaluation-002,2,pooled,16,r,2.434346284138921,2.4281599863553107,0.03581714718198616,2.368813691175221,2.487973910967013
evaluation-002,2,pooled,16,b,1.857696004197088,1.7588762950513015,0.11058150550922818,1.561445926385513,1.9307271138251585
evaluation-002,2,pooled,16,g,0.4020878008422724,0.3708459436257704,0.16452611638229211,0.08903051718467361,0.643404549165299
evaluation-002,0,private,16,r,2.434346284138921,2.3200550305528242,0.09731650872326526,2.150311549770954,2.4710996338747764
evaluation-002,0,private,16,b,1.857696004197088,2.015184872607174,0.25662511025810264,1.5905648736726974,2.4463635501225136
evaluation-002,0,private,16,g,0.4020878008422724,0.39133671436832085,0.2289314682178912,0.046284250240760674,0.7580633982553019
evaluation-002,1,private,16,r,2.434346284138921,2.4789079605733497,0.04773109396680027,2.3968552658160998,2.553145854840297
evaluation-002,1,private,16,b,1.857696004197088,1.6721435440306773,0.6457411043409635,0.7073091039600139,2.755945772763238
evaluation-002,1,private,16,g,0.4020878008422724,0.20907292321340562,0.15589770092766136,0.008607076870137386,0.5253755563342092
evaluation-002,2,private,16,r,2.434346284138921,2.394959402535666,0.06851387148146901,2.2796776487345634,2.5104470981936258
evaluation-002,2,private,16,b,1.857696004197088,1.9875696894783759,0.5070845081552704,1.0658918257139955,2.7592127952455474
evaluation-002,2,private,16,g,0.4020878008422724,0.4163312742922611,0.22274802968262922,0.07130873728363157,0.759825577122266
evaluation-002,0,prior,32,r,2.434346284138921,4.956450069616406,1.7095411302331327,2.289512808918444,7.653877282669141
evaluation-002,0,prior,32,b,1.857696004197088,1.7623195652666808,0.736568517754867,0.6233644450566962,2.8878575462528784
evaluation-002,0,prior,32,g,0.4020878008422724,0.4029557051659783,0.23082314298908657,0.04112349139060561,0.7559168080751217
evaluation-002,1,prior,32,r,2.434346284138921,4.956450069616406,1.7095411302331327,2.289512808918444,7.653877282669141
evaluation-002,1,prior,32,b,1.857696004197088,1.7623195652666808,0.736568517754867,0.6233644450566962,2.8878575462528784
evaluation-002,1,prior,32,g,0.4020878008422724,0.4029557051659783,0.23082314298908657,0.04112349139060561,0.7559168080751217
evaluation-002,2,prior,32,r,2.434346284138921,4.956450069616406,1.7095411302331327,2.289512808918444,7.653877282669141
evaluation-002,2,prior,32,b,1.857696004197088,1.7623195652666808,0.736568517754867,0.6233644450566962,2.8878575462528784
evaluation-002,2,prior,32,g,0.4020878008422724,0.4029557051659783,0.23082314298908657,0.04112349139060561,0.7559168080751217
evaluation-002,0,pooled,32,r,2.434346284138921,2.416299673392508,0.029254544218470215,2.365957827686138,2.4632694226627443
evaluation-002,0,pooled,32,b,1.857696004197088,1.8394702628709854,0.055702678834995765,1.7501691400885595,1.9305527182220916
evaluation-002,0,pooled,32,g,0.4020878008422724,0.4329022041993919,0.07918757900224095,0.2979786363812468,0.5579751682654845
evaluation-002,1,pooled,32,r,2.434346284138921,2.416299673392508,0.029254544218470215,2.365957827686138,2.4632694226627443
evaluation-002,1,pooled,32,b,1.857696004197088,1.8394702628709854,0.055702678834995765,1.7501691400885595,1.9305527182220916
evaluation-002,1,pooled,32,g,0.4020878008422724,0.4329022041993919,0.07918757900224095,0.2979786363812468,0.5579751682654845
evaluation-002,2,pooled,32,r,2.434346284138921,2.416299673392508,0.029254544218470215,2.365957827686138,2.4632694226627443
evaluation-002,2,pooled,32,b,1.857696004197088,1.8394702628709854,0.055702678834995765,1.7501691400885595,1.9305527182220916
evaluation-002,2,pooled,32,g,0.4020878008422724,0.4329022041993919,0.07918757900224095,0.2979786363812468,0.5579751682654845
evaluation-002,0,private,32,r,2.434346284138921,2.3176242023959044,0.06498962751627566,2.208685269209786,2.42717904180506
evaluation-002,0,private,32,b,1.857696004197088,2.009630770277174,0.12144379329203428,1.8041535199344736,2.2142382866954757
evaluation-002,0,private,32,g,0.4020878008422724,0.38814264860246483,0.2271091987032098,0.04354933036194534,0.7579335212017093
evaluation-002,1,private,32,r,2.434346284138921,2.4771320130627887,0.05573637857372855,2.3895818881509734,2.571424504745564
evaluation-002,1,private,32,b,1.857696004197088,1.592380874238597,0.6594786635367648,0.6323059744179345,2.752290660592602
evaluation-002,1,private,32,g,0.4020878008422724,0.3003513834610338,0.14638120731237703,0.04063026335316738,0.5463502797910825
evaluation-002,2,private,32,r,2.434346284138921,2.3930953760169666,0.05332573286067884,2.3103638417200485,2.488472581784744
evaluation-002,2,private,32,b,1.857696004197088,1.990493192279931,0.3109652664345731,1.4785688979136944,2.4844110094288006
evaluation-002,2,private,32,g,0.4020878008422724,0.4369156779098625,0.20963635625631188,0.09458669948237465,0.7618908486508753
evaluation-002,0,prior,64,r,2.434346284138921,4.956450069616406,1.7095411302331327,2.289512808918444,7.653877282669141
evaluation-002,0,prior,64,b,1.857696004197088,1.7623195652666808,0.736568517754867,0.6233644450566962,2.8878575462528784
evaluation-002,0,prior,64,g,0.4020878008422724,0.4029557051659783,0.23082314298908657,0.04112349139060561,0.7559168080751217
evaluation-002,1,prior,64,r,2.434346284138921,4.956450069616406,1.7095411302331327,2.289512808918444,7.653877282669141
evaluation-002,1,prior,64,b,1.857696004197088,1.7623195652666808,0.736568517754867,0.6233644450566962,2.8878575462528784
evaluation-002,1,prior,64,g,0.4020878008422724,0.4029557051659783,0.23082314298908657,0.04112349139060561,0.7559168080751217
evaluation-002,2,prior,64,r,2.434346284138921,4.956450069616406,1.7095411302331327,2.289512808918444,7.653877282669141
evaluation-002,2,prior,64,b,1.857696004197088,1.7623195652666808,0.736568517754867,0.6233644450566962,2.8878575462528784
evaluation-002,2,prior,64,g,0.4020878008422724,0.4029557051659783,0.23082314298908657,0.04112349139060561,0.7559168080751217
evaluation-002,0,pooled,64,r,2.434346284138921,2.4302573315356195,0.0230131754903749,2.393575667945945,2.4688128451314695
evaluation-002,0,pooled,64,b,1.857696004197088,1.8034927964976133,0.0325110810374024,1.7533791095781466,1.8597474230314515
evaluation-002,0,pooled,64,g,0.4020878008422724,0.42588243883957655,0.04880927325585449,0.3430117744196204,0.5037499333486412
evaluation-002,1,pooled,64,r,2.434346284138921,2.4302573315356195,0.0230131754903749,2.393575667945945,2.4688128451314695
evaluation-002,1,pooled,64,b,1.857696004197088,1.8034927964976133,0.0325110810374024,1.7533791095781466,1.8597474230314515
evaluation-002,1,pooled,64,g,0.4020878008422724,0.42588243883957655,0.04880927325585449,0.3430117744196204,0.5037499333486412
evaluation-002,2,pooled,64,r,2.434346284138921,2.4302573315356195,0.0230131754903749,2.393575667945945,2.4688128451314695
evaluation-002,2,pooled,64,b,1.857696004197088,1.8034927964976133,0.0325110810374024,1.7533791095781466,1.8597474230314515
evaluation-002,2,pooled,64,g,0.4020878008422724,0.42588243883957655,0.04880927325585449,0.3430117744196204,0.5037499333486412
evaluation-002,0,private,64,r,2.434346284138921,2.359446446244765,0.056700187421617566,2.2666202871537173,2.4531668149265893
evaluation-002,0,private,64,b,1.857696004197088,1.894991193313407,0.09317010496259773,1.7398213506061677,2.048105514587723
evaluation-002,0,private,64,g,0.4020878008422724,0.5164104818620623,0.07525849870964445,0.39416452214055653,0.6380936818565062
evaluation-002,1,private,64,r,2.434346284138921,2.471321763146285,0.05161835628289059,2.3884984352787093,2.5611222283999058
evaluation-002,1,private,64,b,1.857696004197088,1.7381459012458387,0.0867102602176988,1.5726163577605738,1.8681635391925955
evaluation-002,1,private,64,g,0.4020878008422724,0.3405742039916564,0.11263521581578288,0.14105819293447958,0.5282072442873688
evaluation-002,2,private,64,r,2.434346284138921,2.4316933928871984,0.04628655245503505,2.354435697952615,2.508780193156115
evaluation-002,2,private,64,b,1.857696004197088,1.7797282111694064,0.06954049348806872,1.664837741705001,1.9000166957660678
evaluation-002,2,private,64,g,0.4020878008422724,0.4924417753129635,0.13905287741523373,0.24745693230634574,0.7151017188859299
evaluation-002,0,prior,128,r,2.434346284138921,4.956450069616406,1.7095411302331327,2.289512808918444,7.653877282669141
evaluation-002,0,prior,128,b,1.857696004197088,1.7623195652666808,0.736568517754867,0.6233644450566962,2.8878575462528784
evaluation-002,0,prior,128,g,0.4020878008422724,0.4029557051659783,0.23082314298908657,0.04112349139060561,0.7559168080751217
evaluation-002,1,prior,128,r,2.434346284138921,4.956450069616406,1.7095411302331327,2.289512808918444,7.653877282669141
evaluation-002,1,prior,128,b,1.857696004197088,1.7623195652666808,0.736568517754867,0.6233644450566962,2.8878575462528784
evaluation-002,1,prior,128,g,0.4020878008422724,0.4029557051659783,0.23082314298908657,0.04112349139060561,0.7559168080751217
evaluation-002,2,prior,128,r,2.434346284138921,4.956450069616406,1.7095411302331327,2.289512808918444,7.653877282669141
evaluation-002,2,prior,128,b,1.857696004197088,1.7623195652666808,0.736568517754867,0.6233644450566962,2.8878575462528784
evaluation-002,2,prior,128,g,0.4020878008422724,0.4029557051659783,0.23082314298908657,0.04112349139060561,0.7559168080751217
evaluation-002,0,pooled,128,r,2.434346284138921,2.4257841791892414,0.018704368930223383,2.3964581121933803,2.45797960732362
evaluation-002,0,pooled,128,b,1.857696004197088,1.853019973969879,0.02261151442565145,1.816249366119035,1.8892357190306395
evaluation-002,0,pooled,128,g,0.4020878008422724,0.3929420386111182,0.0294717572179358,0.3439262641835468,0.43970512954194074
evaluation-002,1,pooled,128,r,2.434346284138921,2.4257841791892414,0.018704368930223383,2.3964581121933803,2.45797960732362
evaluation-002,1,pooled,128,b,1.857696004197088,1.853019973969879,0.02261151442565145,1.816249366119035,1.8892357190306395
evaluation-002,1,pooled,128,g,0.4020878008422724,0.3929420386111182,0.0294717572179358,0.3439262641835468,0.43970512954194074
evaluation-002,2,pooled,128,r,2.434346284138921,2.4257841791892414,0.018704368930223383,2.3964581121933803,2.45797960732362
evaluation-002,2,pooled,128,b,1.857696004197088,1.853019973969879,0.02261151442565145,1.816249366119035,1.8892357190306395
evaluation-002,2,pooled,128,g,0.4020878008422724,0.3929420386111182,0.0294717572179358,0.3439262641835468,0.43970512954194074
evaluation-002,0,private,128,r,2.434346284138921,2.351867907300397,0.03383434549857235,2.2981352556009913,2.4091034476359408
evaluation-002,0,private,128,b,1.857696004197088,1.8967745813568344,0.03813195666233285,1.8341466911512976,1.9582604022934273
evaluation-002,0,private,128,g,0.4020878008422724,0.5307884239480579,0.05574999599219021,0.4347510572268865,0.6204684158572313
evaluation-002,1,private,128,r,2.434346284138921,2.4822271269813068,0.033113080415801625,2.431225920816526,2.535496342727675
evaluation-002,1,private,128,b,1.857696004197088,1.8278823333226477,0.042970470076655005,1.7536773279056699,1.8951017083669646
evaluation-002,1,private,128,g,0.4020878008422724,0.3090150621803324,0.05655334308384059,0.21642212487157508,0.39621905989842837
evaluation-002,2,private,128,r,2.434346284138921,2.438465554273639,0.03530592078434215,2.383687574930401,2.5001971954471203
evaluation-002,2,private,128,b,1.857696004197088,1.8276206754781428,0.05453368424847499,1.7394433215868057,1.9208626606535812
evaluation-002,2,private,128,g,0.4020878008422724,0.3669104784479686,0.059119936584323615,0.26729857828762754,0.4637390534621854
evaluation-003,0,prior,0,r,6.042348018947216,5.030333217827235,1.748464653398467,2.2750898462354496,7.66653874187907
evaluation-003,0,prior,0,b,1.3467361817291004,1.7430125746245202,0.7363679383468619,0.6086442257764283,2.880068202513687
evaluation-003,0,prior,0,g,0.39196841333720556,0.4087817124536826,0.23233512366357428,0.03482628306621297,0.7655265830791261
evaluation-003,1,prior,0,r,6.042348018947216,5.030333217827235,1.748464653398467,2.2750898462354496,7.66653874187907
evaluation-003,1,prior,0,b,1.3467361817291004,1.7430125746245202,0.7363679383468619,0.6086442257764283,2.880068202513687
evaluation-003,1,prior,0,g,0.39196841333720556,0.4087817124536826,0.23233512366357428,0.03482628306621297,0.7655265830791261
evaluation-003,2,prior,0,r,6.042348018947216,5.030333217827235,1.748464653398467,2.2750898462354496,7.66653874187907
evaluation-003,2,prior,0,b,1.3467361817291004,1.7430125746245202,0.7363679383468619,0.6086442257764283,2.880068202513687
evaluation-003,2,prior,0,g,0.39196841333720556,0.4087817124536826,0.23233512366357428,0.03482628306621297,0.7655265830791261
evaluation-003,0,pooled,0,r,6.042348018947216,5.030333217827235,1.748464653398467,2.2750898462354496,7.66653874187907
evaluation-003,0,pooled,0,b,1.3467361817291004,1.7430125746245202,0.7363679383468619,0.6086442257764283,2.880068202513687
evaluation-003,0,pooled,0,g,0.39196841333720556,0.4087817124536826,0.23233512366357428,0.03482628306621297,0.7655265830791261
evaluation-003,1,pooled,0,r,6.042348018947216,5.030333217827235,1.748464653398467,2.2750898462354496,7.66653874187907
evaluation-003,1,pooled,0,b,1.3467361817291004,1.7430125746245202,0.7363679383468619,0.6086442257764283,2.880068202513687
evaluation-003,1,pooled,0,g,0.39196841333720556,0.4087817124536826,0.23233512366357428,0.03482628306621297,0.7655265830791261
evaluation-003,2,pooled,0,r,6.042348018947216,5.030333217827235,1.748464653398467,2.2750898462354496,7.66653874187907
evaluation-003,2,pooled,0,b,1.3467361817291004,1.7430125746245202,0.7363679383468619,0.6086442257764283,2.880068202513687
evaluation-003,2,pooled,0,g,0.39196841333720556,0.4087817124536826,0.23233512366357428,0.03482628306621297,0.7655265830791261
evaluation-003,0,private,0,r,6.042348018947216,5.030333217827235,1.748464653398467,2.2750898462354496,7.66653874187907
evaluation-003,0,private,0,b,1.3467361817291004,1.7430125746245202,0.7363679383468619,0.6086442257764283,2.880068202513687
evaluation-003,0,private,0,g,0.39196841333720556,0.4087817124536826,0.23233512366357428,0.03482628306621297,0.7655265830791261
evaluation-003,1,private,0,r,6.042348018947216,5.030333217827235,1.748464653398467,2.2750898462354496,7.66653874187907
evaluation-003,1,private,0,b,1.3467361817291004,1.7430125746245202,0.7363679383468619,0.6086442257764283,2.880068202513687
evaluation-003,1,private,0,g,0.39196841333720556,0.4087817124536826,0.23233512366357428,0.03482628306621297,0.7655265830791261
evaluation-003,2,private,0,r,6.042348018947216,5.030333217827235,1.748464653398467,2.2750898462354496,7.66653874187907
evaluation-003,2,private,0,b,1.3467361817291004,1.7430125746245202,0.7363679383468619,0.6086442257764283,2.880068202513687
evaluation-003,2,private,0,g,0.39196841333720556,0.4087817124536826,0.23233512366357428,0.03482628306621297,0.7655265830791261
evaluation-003,0,prior,4,r,6.042348018947216,5.030333217827235,1.748464653398467,2.2750898462354496,7.66653874187907
evaluation-003,0,prior,4,b,1.3467361817291004,1.7430125746245202,0.7363679383468619,0.6086442257764283,2.880068202513687
evaluation-003,0,prior,4,g,0.39196841333720556,0.4087817124536826,0.23233512366357428,0.03482628306621297,0.7655265830791261
evaluation-003,1,prior,4,r,6.042348018947216,5.030333217827235,1.748464653398467,2.2750898462354496,7.66653874187907
evaluation-003,1,prior,4,b,1.3467361817291004,1.7430125746245202,0.7363679383468619,0.6086442257764283,2.880068202513687
evaluation-003,1,prior,4,g,0.39196841333720556,0.4087817124536826,0.23233512366357428,0.03482628306621297,0.7655265830791261
evaluation-003,2,prior,4,r,6.042348018947216,5.030333217827235,1.748464653398467,2.2750898462354496,7.66653874187907
evaluation-003,2,prior,4,b,1.3467361817291004,1.7430125746245202,0.7363679383468619,0.6086442257764283,2.880068202513687
evaluation-003,2,prior,4,g,0.39196841333720556,0.4087817124536826,0.23233512366357428,0.03482628306621297,0.7655265830791261
evaluation-003,0,pooled,4,r,6.042348018947216,5.983331471708717,0.1517214474970573,5.750218237827798,6.226368096824467
evaluation-003,0,pooled,4,b,1.3467361817291004,2.0168940205109975,0.655414601983496,0.8308090915401849,2.9112210651487427
evaluation-003,0,pooled,4,g,0.39196841333720556,0.40294353772351044,0.230523977899066,0.0393311692750587,0.7520048706040612
evaluation-003,1,pooled,4,r,6.042348018947216,5.983331471708717,0.1517214474970573,5.750218237827798,6.226368096824467
evaluation-003,1,pooled,4,b,1.3467361817291004,2.0168940205109975,0.655414601983496,0.8308090915401849,2.9112210651487427
evaluation-003,1,pooled,4,g,0.39196841333720556,0.40294353772351044,0.230523977899066,0.0393311692750587,0.7520048706040612
evaluation-003,2,pooled,4,r,6.042348018947216,5.983331471708717,0.1517214474970573,5.750218237827798,6.226368096824467
evaluation-003,2,pooled,4,b,1.3467361817291004,2.0168940205109975,0.655414601983496,0.8308090915401849,2.9112210651487427
evaluation-003,2,pooled,4,g,0.39196841333720556,0.40294353772351044,0.230523977899066,0.0393311692750587,0.7520048706040612
evaluation-003,0,private,4,r,6.042348018947216,5.877474227600711,0.21401048978272716,5.5484488428994645,6.215639133576987
evaluation-003,0,private,4,b,1.3467361817291004,1.790720453178795,0.7189035266269768,0.6596031688971431,2.876997494324414
evaluation-003,0,private,4,g,0.39196841333720556,0.41843796565383545,0.23187532161746924,0.04639312895712454,0.7643244295640272
evaluation-003,1,private,4,r,6.042348018947216,6.028508750901665,0.1846799096780219,5.764777268940902,6.352609248857314
evaluation-003,1,private,4,b,1.3467361817291004,1.6962955979221106,0.7162152214444237,0.5991159651898036,2.8451398834742463
evaluation-003,1,private,4,g,0.39196841333720556,0.4064955212235406,0.22548050860487462,0.04703581536069696,0.7585216977393933
evaluation-003,2,private,4,r,6.042348018947216,6.362895761556171,0.42945381098091556,5.7196985520949175,7.101840837315096
evaluation-003,2,private,4,b,1.3467361817291004,1.8097876329317342,0.7487255053307711,0.5948338919685694,2.87738523109171
evaluation-003,2,private,4,g,0.39196841333720556,0.42700844824346484,0.23320712754598652,0.04388637890864652,0.7574686907878687
evaluation-003,0,prior,8,r,6.042348018947216,5.030333217827235,1.748464653398467,2.2750898462354496,7.66653874187907
evaluation-003,0,prior,8,b,1.3467361817291004,1.7430125746245202,0.7363679383468619,0.6086442257764283,2.880068202513687
evaluation-003,0,prior,8,g,0.39196841333720556,0.4087817124536826,0.23233512366357428,0.03482628306621297,0.7655265830791261
evaluation-003,1,prior,8,r,6.042348018947216,5.030333217827235,1.748464653398467,2.2750898462354496,7.66653874187907
evaluation-003,1,prior,8,b,1.3467361817291004,1.7430125746245202,0.7363679383468619,0.6086442257764283,2.880068202513687
evaluation-003,1,prior,8,g,0.39196841333720556,0.4087817124536826,0.23233512366357428,0.03482628306621297,0.7655265830791261
evaluation-003,2,prior,8,r,6.042348018947216,5.030333217827235,1.748464653398467,2.2750898462354496,7.66653874187907
evaluation-003,2,prior,8,b,1.3467361817291004,1.7430125746245202,0.7363679383468619,0.6086442257764283,2.880068202513687
evaluation-003,2,prior,8,g,0.39196841333720556,0.4087817124536826,0.23233512366357428,0.03482628306621297,0.7655265830791261
evaluation-003,0,pooled,8,r,6.042348018947216,6.077989390066002,0.10048663704990206,5.914676867347858,6.244906429330222
evaluation-003,0,pooled,8,b,1.3467361817291004,1.2802167400425928,0.2319576122406862,0.9031468384960251,1.6589973583079787
evaluation-003,0,pooled,8,g,0.39196841333720556,0.36019770363917575,0.21244214989939256,0.03899372568681154,0.7187037341763199
evaluation-003,1,pooled,8,r,6.042348018947216,6.077989390066002,0.10048663704990206,5.914676867347858,6.244906429330222
evaluation-003,1,pooled,8,b,1.3467361817291004,1.2802167400425928,0.2319576122406862,0.9031468384960251,1.6589973583079787
evaluation-003,1,pooled,8,g,0.39196841333720556,0.36019770363917575,0.21244214989939256,0.03899372568681154,0.7187037341763199
evaluation-003,2,pooled,8,r,6.042348018947216,6.077989390066002,0.10048663704990206,5.914676867347858,6.244906429330222
evaluation-003,2,pooled,8,b,1.3467361817291004,1.2802167400425928,0.2319576122406862,0.9031468384960251,1.6589973583079787
evaluation-003,2,pooled,8,g,0.39196841333720556,0.36019770363917575,0.21244214989939256,0.03899372568681154,0.7187037341763199
evaluation-003,0,private,8,r,6.042348018947216,5.921390328572802,0.14708887952558905,5.685303747691226,6.1668181488443565
evaluation-003,0,private,8,b,1.3467361817291004,1.8064329398289205,0.7316920584797076,0.6373775233300706,2.900508862442633
evaluation-003,0,private,8,g,0.39196841333720556,0.39966594966375163,0.2288188101636621,0.046631623063898765,0.7601472920598732
evaluation-003,1,private,8,r,6.042348018947216,6.1073112240784555,0.16036242939853831,5.828055150730375,6.379091261371372
evaluation-003,1,private,8,b,1.3467361817291004,1.8965715997542918,0.7288807289109924,0.6242843929362812,2.9047031922228475
evaluation-003,1,private,8,g,0.39196841333720556,0.4305775299213721,0.22608376180695083,0.04180378484108766,0.76925592481382
evaluation-003,2,private,8,r,6.042348018947216,6.158209261905736,0.22251532884872738,5.831611490659284,6.527496637791427
evaluation-003,2,private,8,b,1.3467361817291004,1.127457859016614,0.37769738478636594,0.5611272302796992,1.7332867532856386
evaluation-003,2,private,8,g,0.39196841333720556,0.4133923051668253,0.23194193993688383,0.03876436379804295,0.7587979492625294
evaluation-003,0,prior,16,r,6.042348018947216,5.030333217827235,1.748464653398467,2.2750898462354496,7.66653874187907
evaluation-003,0,prior,16,b,1.3467361817291004,1.7430125746245202,0.7363679383468619,0.6086442257764283,2.880068202513687
evaluation-003,0,prior,16,g,0.39196841333720556,0.4087817124536826,0.23233512366357428,0.03482628306621297,0.7655265830791261
evaluation-003,1,prior,16,r,6.042348018947216,5.030333217827235,1.748464653398467,2.2750898462354496,7.66653874187907
evaluation-003,1,prior,16,b,1.3467361817291004,1.7430125746245202,0.7363679383468619,0.6086442257764283,2.880068202513687
evaluation-003,1,prior,16,g,0.39196841333720556,0.4087817124536826,0.23233512366357428,0.03482628306621297,0.7655265830791261
evaluation-003,2,prior,16,r,6.042348018947216,5.030333217827235,1.748464653398467,2.2750898462354496,7.66653874187907
evaluation-003,2,prior,16,b,1.3467361817291004,1.7430125746245202,0.7363679383468619,0.6086442257764283,2.880068202513687
evaluation-003,2,prior,16,g,0.39196841333720556,0.4087817124536826,0.23233512366357428,0.03482628306621297,0.7655265830791261
evaluation-003,0,pooled,16,r,6.042348018947216,6.184640473227231,0.07349217644805404,6.049493130705886,6.285454588297732
evaluation-003,0,pooled,16,b,1.3467361817291004,1.2404163888619189,0.06136352450439239,1.1439657974016766,1.3417730460905921
evaluation-003,0,pooled,16,g,0.39196841333720556,0.2007009761450109,0.12972129911933708,0.02567833625152001,0.44370463624328693
evaluation-003,1,pooled,16,r,6.042348018947216,6.184640473227231,0.07349217644805404,6.049493130705886,6.285454588297732
evaluation-003,1,pooled,16,b,1.3467361817291004,1.2404163888619189,0.06136352450439239,1.1439657974016766,1.3417730460905921
evaluation-003,1,pooled,16,g,0.39196841333720556,0.2007009761450109,0.12972129911933708,0.02567833625152001,0.44370463624328693
evaluation-003,2,pooled,16,r,6.042348018947216,6.184640473227231,0.07349217644805404,6.049493130705886,6.285454588297732
evaluation-003,2,pooled,16,b,1.3467361817291004,1.2404163888619189,0.06136352450439239,1.1439657974016766,1.3417730460905921
evaluation-003,2,pooled,16,g,0.39196841333720556,0.2007009761450109,0.12972129911933708,0.02567833625152001,0.44370463624328693
evaluation-003,0,private,16,r,6.042348018947216,6.0569242020928025,0.13424503840946486,5.823821306397796,6.251465557786533
evaluation-003,0,private,16,b,1.3467361817291004,1.8052792033508878,0.7136318600548329,0.6502654138260539,2.8673551015448075
evaluation-003,0,private,16,g,0.39196841333720556,0.3584967356957797,0.21284723252798457,0.03742624020225031,0.7228368953770842
evaluation-003,1,private,16,r,6.042348018947216,6.060557981748684,0.16984712432073462,5.796904830012351,6.349988125430852
evaluation-003,1,private,16,b,1.3467361817291004,2.128746348062566,0.6383155634367841,0.9040970152153387,2.947023874351003
evaluation-003,1,private,16,g,0.39196841333720556,0.45190738140724346,0.2230700416894494,0.06165196575335619,0.7685190399926495
evaluation-003,2,private,16,r,6.042348018947216,6.3148014374516785,0.17189412953239494,6.036756268078842,6.615151136590578
evaluation-003,2,private,16,b,1.3467361817291004,1.0631100149569799,0.18267246765866202,0.7375913745347678,1.3322275734921027
evaluation-003,2,private,16,g,0.39196841333720556,0.39470836206721577,0.22978846319950383,0.033164916155645076,0.7596812345815136
evaluation-003,0,prior,32,r,6.042348018947216,5.030333217827235,1.748464653398467,2.2750898462354496,7.66653874187907
evaluation-003,0,prior,32,b,1.3467361817291004,1.7430125746245202,0.7363679383468619,0.6086442257764283,2.880068202513687
evaluation-003,0,prior,32,g,0.39196841333720556,0.4087817124536826,0.23233512366357428,0.03482628306621297,0.7655265830791261
evaluation-003,1,prior,32,r,6.042348018947216,5.030333217827235,1.748464653398467,2.2750898462354496,7.66653874187907
evaluation-003,1,prior,32,b,1.3467361817291004,1.7430125746245202,0.7363679383468619,0.6086442257764283,2.880068202513687
evaluation-003,1,prior,32,g,0.39196841333720556,0.4087817124536826,0.23233512366357428,0.03482628306621297,0.7655265830791261
evaluation-003,2,prior,32,r,6.042348018947216,5.030333217827235,1.748464653398467,2.2750898462354496,7.66653874187907
evaluation-003,2,prior,32,b,1.3467361817291004,1.7430125746245202,0.7363679383468619,0.6086442257764283,2.880068202513687
evaluation-003,2,prior,32,g,0.39196841333720556,0.4087817124536826,0.23233512366357428,0.03482628306621297,0.7655265830791261
evaluation-003,0,pooled,32,r,6.042348018947216,6.079255306403149,0.0658658466331844,5.969053258117951,6.190166881121408
evaluation-003,0,pooled,32,b,1.3467361817291004,1.3298795638926784,0.047743619530514946,1.2491103423078054,1.4058094281872284
evaluation-003,0,pooled,32,g,0.39196841333720556,0.4084721164459427,0.0978355421956576,0.2433120424802251,0.5623899863783678
evaluation-003,1,pooled,32,r,6.042348018947216,6.079255306403149,0.0658658466331844,5.969053258117951,6.190166881121408
evaluation-003,1,pooled,32,b,1.3467361817291004,1.3298795638926784,0.047743619530514946,1.2491103423078054,1.4058094281872284
evaluation-003,1,pooled,32,g,0.39196841333720556,0.4084721164459427,0.0978355421956576,0.2433120424802251,0.5623899863783678
evaluation-003,2,pooled,32,r,6.042348018947216,6.079255306403149,0.0658658466331844,5.969053258117951,6.190166881121408
evaluation-003,2,pooled,32,b,1.3467361817291004,1.3298795638926784,0.047743619530514946,1.2491103423078054,1.4058094281872284
evaluation-003,2,pooled,32,g,0.39196841333720556,0.4084721164459427,0.0978355421956576,0.2433120424802251,0.5623899863783678
evaluation-003,0,private,32,r,6.042348018947216,5.962183282368714,0.1103152536171168,5.795628820192846,6.162088917031631
evaluation-003,0,private,32,b,1.3467361817291004,1.9837588923330767,0.6701907274423078,0.7674977752226442,2.911655799199211
evaluation-003,0,private,32,g,0.39196841333720556,0.5173107367044899,0.14851406587567137,0.23813877532993943,0.7392636396975892
evaluation-003,1,private,32,r,6.042348018947216,6.160957458515146,0.12884297710970385,5.960825395908872,6.378574929275513
evaluation-003,1,private,32,b,1.3467361817291004,1.3397134687736703,0.34314007459753887,0.7117237093838381,1.8633891845705968
evaluation-003,1,private,32,g,0.39196841333720556,0.4468960855166612,0.2237778775167062,0.055947559070521936,0.7671859534369578
evaluation-003,2,private,32,r,6.042348018947216,6.1975066549819635,0.13466154328601537,5.972299973530643,6.429035475173395
evaluation-003,2,private,32,b,1.3467361817291004,1.215538144769079,0.12908788609617022,0.9874576780296072,1.4246443265634174
evaluation-003,2,private,32,g,0.39196841333720556,0.4206701588391721,0.2240705059944474,0.048135532265224594,0.7657529646259683
evaluation-003,0,prior,64,r,6.042348018947216,5.030333217827235,1.748464653398467,2.2750898462354496,7.66653874187907
evaluation-003,0,prior,64,b,1.3467361817291004,1.7430125746245202,0.7363679383468619,0.6086442257764283,2.880068202513687
evaluation-003,0,prior,64,g,0.39196841333720556,0.4087817124536826,0.23233512366357428,0.03482628306621297,0.7655265830791261
evaluation-003,1,prior,64,r,6.042348018947216,5.030333217827235,1.748464653398467,2.2750898462354496,7.66653874187907
evaluation-003,1,prior,64,b,1.3467361817291004,1.7430125746245202,0.7363679383468619,0.6086442257764283,2.880068202513687
evaluation-003,1,prior,64,g,0.39196841333720556,0.4087817124536826,0.23233512366357428,0.03482628306621297,0.7655265830791261
evaluation-003,2,prior,64,r,6.042348018947216,5.030333217827235,1.748464653398467,2.2750898462354496,7.66653874187907
evaluation-003,2,prior,64,b,1.3467361817291004,1.7430125746245202,0.7363679383468619,0.6086442257764283,2.880068202513687
evaluation-003,2,prior,64,g,0.39196841333720556,0.4087817124536826,0.23233512366357428,0.03482628306621297,0.7655265830791261
evaluation-003,0,pooled,64,r,6.042348018947216,6.106838354804313,0.0364537559096826,6.049192506105271,6.16818978467529
evaluation-003,0,pooled,64,b,1.3467361817291004,1.309193504592808,0.024175001969929676,1.269360239752323,1.3485514496946642
evaluation-003,0,pooled,64,g,0.39196841333720556,0.3613370066363417,0.03483755488809293,0.3032555493911172,0.4159259147309291
evaluation-003,1,pooled,64,r,6.042348018947216,6.106838354804313,0.0364537559096826,6.049192506105271,6.16818978467529
evaluation-003,1,pooled,64,b,1.3467361817291004,1.309193504592808,0.024175001969929676,1.269360239752323,1.3485514496946642
evaluation-003,1,pooled,64,g,0.39196841333720556,0.3613370066363417,0.03483755488809293,0.3032555493911172,0.4159259147309291
evaluation-003,2,pooled,64,r,6.042348018947216,6.106838354804313,0.0364537559096826,6.049192506105271,6.16818978467529
evaluation-003,2,pooled,64,b,1.3467361817291004,1.309193504592808,0.024175001969929676,1.269360239752323,1.3485514496946642
evaluation-003,2,pooled,64,g,0.39196841333720556,0.3613370066363417,0.03483755488809293,0.3032555493911172,0.4159259147309291
evaluation-003,0,private,64,r,6.042348018947216,6.005736153758128,0.07980505114209559,5.884010788774787,6.1401013954226915
evaluation-003,0,private,64,b,1.3467361817291004,1.2998807211013164,0.08498841314723168,1.1737405513564954,1.4611760450764468
evaluation-003,0,private,64,g,0.39196841333720556,0.4615444695707549,0.08958901775207351,0.30228892536584945,0.5976513620649537
evaluation-003,1,private,64,r,6.042348018947216,6.216703593143695,0.09422813526716302,6.074290099704616,6.372303859754748
evaluation-003,1,private,64,b,1.3467361817291004,1.2764983850103664,0.05177357984042275,1.190520895796876,1.356258123493187
evaluation-003,1,private,64,g,0.39196841333720556,0.28818701507714706,0.12443650482533343,0.09679528542913601,0.5191533005147094
evaluation-003,2,private,64,r,6.042348018947216,6.155005857488053,0.12962696252198444,5.95516265197336,6.389019055956719
evaluation-003,2,private,64,b,1.3467361817291004,1.2672471791607558,0.10910702753503525,1.0726420630432376,1.431357685478153
evaluation-003,2,private,64,g,0.39196841333720556,0.34377405472344075,0.057787117827859294,0.24390985781262525,0.4331267838137757
evaluation-003,0,prior,128,r,6.042348018947216,5.030333217827235,1.748464653398467,2.2750898462354496,7.66653874187907
evaluation-003,0,prior,128,b,1.3467361817291004,1.7430125746245202,0.7363679383468619,0.6086442257764283,2.880068202513687
evaluation-003,0,prior,128,g,0.39196841333720556,0.4087817124536826,0.23233512366357428,0.03482628306621297,0.7655265830791261
evaluation-003,1,prior,128,r,6.042348018947216,5.030333217827235,1.748464653398467,2.2750898462354496,7.66653874187907
evaluation-003,1,prior,128,b,1.3467361817291004,1.7430125746245202,0.7363679383468619,0.6086442257764283,2.880068202513687
evaluation-003,1,prior,128,g,0.39196841333720556,0.4087817124536826,0.23233512366357428,0.03482628306621297,0.7655265830791261
evaluation-003,2,prior,128,r,6.042348018947216,5.030333217827235,1.748464653398467,2.2750898462354496,7.66653874187907
evaluation-003,2,prior,128,b,1.3467361817291004,1.7430125746245202,0.7363679383468619,0.6086442257764283,2.880068202513687
evaluation-003,2,prior,128,g,0.39196841333720556,0.4087817124536826,0.23233512366357428,0.03482628306621297,0.7655265830791261
evaluation-003,0,pooled,128,r,6.042348018947216,6.081300067749431,0.028135687182231455,6.033797449864175,6.128124374358138
evaluation-003,0,pooled,128,b,1.3467361817291004,1.3240284823008597,0.018119159797858466,1.292723494799735,1.3532112816001933
evaluation-003,0,pooled,128,g,0.39196841333720556,0.3836049589738557,0.021479557740189333,0.34732653947331216,0.41647584090463957
evaluation-003,1,pooled,128,r,6.042348018947216,6.081300067749431,0.028135687182231455,6.033797449864175,6.128124374358138
evaluation-003,1,pooled,128,b,1.3467361817291004,1.3240284823008597,0.018119159797858466,1.292723494799735,1.3532112816001933
evaluation-003,1,pooled,128,g,0.39196841333720556,0.3836049589738557,0.021479557740189333,0.34732653947331216,0.41647584090463957
evaluation-003,2,pooled,128,r,6.042348018947216,6.081300067749431,0.028135687182231455,6.033797449864175,6.128124374358138
evaluation-003,2,pooled,128,b,1.3467361817291004,1.3240284823008597,0.018119159797858466,1.292723494799735,1.3532112816001933
evaluation-003,2,pooled,128,g,0.39196841333720556,0.3836049589738557,0.021479557740189333,0.34732653947331216,0.41647584090463957
evaluation-003,0,private,128,r,6.042348018947216,6.046311994767297,0.06082645227067356,5.9486280599797,6.149724876186134
evaluation-003,0,private,128,b,1.3467361817291004,1.3442094600842034,0.04369256325858099,1.2799646661964703,1.4220076295021464
evaluation-003,0,private,128,g,0.39196841333720556,0.4098159332987842,0.061496697285950634,0.3039957784004958,0.5054207351059262
evaluation-003,1,private,128,r,6.042348018947216,6.149636831990246,0.07273105696931374,6.047139247862619,6.277011546769874
evaluation-003,1,private,128,b,1.3467361817291004,1.2851222212984408,0.03636291250806138,1.2215884792502893,1.3405032359524092
evaluation-003,1,private,128,g,0.39196841333720556,0.3605991387443313,0.05996858236750656,0.26129528161117854,0.4557507897340493
evaluation-003,2,private,128,r,6.042348018947216,6.037374150048075,0.061278329328897596,5.943298786151554,6.150296938903231
evaluation-003,2,private,128,b,1.3467361817291004,1.3732501040918603,0.04802050878969511,1.2901147615753927,1.4488352236656332
evaluation-003,2,private,128,g,0.39196841333720556,0.36459540784578787,0.03323927373348181,0.3069432948169588,0.41774436778345175
evaluation-004,0,prior,0,r,5.962404069978337,4.965949257163848,1.7212591785218145,2.2764334974236213,7.668388553920138
evaluation-004,0,prior,0,b,2.077974460388915,1.7470215154595004,0.7174099752299474,0.6542707293162154,2.8738081523675527
evaluation-004,0,prior,0,g,0.35414024205603,0.3975184887995572,0.23391175285332105,0.03263604399343988,0.761713496287603
evaluation-004,1,prior,0,r,5.962404069978337,4.965949257163848,1.7212591785218145,2.2764334974236213,7.668388553920138
evaluation-004,1,prior,0,b,2.077974460388915,1.7470215154595004,0.7174099752299474,0.6542707293162154,2.8738081523675527
evaluation-004,1,prior,0,g,0.35414024205603,0.3975184887995572,0.23391175285332105,0.03263604399343988,0.761713496287603
evaluation-004,2,prior,0,r,5.962404069978337,4.965949257163848,1.7212591785218145,2.2764334974236213,7.668388553920138
evaluation-004,2,prior,0,b,2.077974460388915,1.7470215154595004,0.7174099752299474,0.6542707293162154,2.8738081523675527
evaluation-004,2,prior,0,g,0.35414024205603,0.3975184887995572,0.23391175285332105,0.03263604399343988,0.761713496287603
evaluation-004,0,pooled,0,r,5.962404069978337,4.965949257163848,1.7212591785218145,2.2764334974236213,7.668388553920138
evaluation-004,0,pooled,0,b,2.077974460388915,1.7470215154595004,0.7174099752299474,0.6542707293162154,2.8738081523675527
evaluation-004,0,pooled,0,g,0.35414024205603,0.3975184887995572,0.23391175285332105,0.03263604399343988,0.761713496287603
evaluation-004,1,pooled,0,r,5.962404069978337,4.965949257163848,1.7212591785218145,2.2764334974236213,7.668388553920138
evaluation-004,1,pooled,0,b,2.077974460388915,1.7470215154595004,0.7174099752299474,0.6542707293162154,2.8738081523675527
evaluation-004,1,pooled,0,g,0.35414024205603,0.3975184887995572,0.23391175285332105,0.03263604399343988,0.761713496287603
evaluation-004,2,pooled,0,r,5.962404069978337,4.965949257163848,1.7212591785218145,2.2764334974236213,7.668388553920138
evaluation-004,2,pooled,0,b,2.077974460388915,1.7470215154595004,0.7174099752299474,0.6542707293162154,2.8738081523675527
evaluation-004,2,pooled,0,g,0.35414024205603,0.3975184887995572,0.23391175285332105,0.03263604399343988,0.761713496287603
evaluation-004,0,private,0,r,5.962404069978337,4.965949257163848,1.7212591785218145,2.2764334974236213,7.668388553920138
evaluation-004,0,private,0,b,2.077974460388915,1.7470215154595004,0.7174099752299474,0.6542707293162154,2.8738081523675527
evaluation-004,0,private,0,g,0.35414024205603,0.3975184887995572,0.23391175285332105,0.03263604399343988,0.761713496287603
evaluation-004,1,private,0,r,5.962404069978337,4.965949257163848,1.7212591785218145,2.2764334974236213,7.668388553920138
evaluation-004,1,private,0,b,2.077974460388915,1.7470215154595004,0.7174099752299474,0.6542707293162154,2.8738081523675527
evaluation-004,1,private,0,g,0.35414024205603,0.3975184887995572,0.23391175285332105,0.03263604399343988,0.761713496287603
evaluation-004,2,private,0,r,5.962404069978337,4.965949257163848,1.7212591785218145,2.2764334974236213,7.668388553920138
evaluation-004,2,private,0,b,2.077974460388915,1.7470215154595004,0.7174099752299474,0.6542707293162154,2.8738081523675527
evaluation-004,2,private,0,g,0.35414024205603,0.3975184887995572,0.23391175285332105,0.03263604399343988,0.761713496287603
evaluation-004,0,prior,4,r,5.962404069978337,4.965949257163848,1.7212591785218145,2.2764334974236213,7.668388553920138
evaluation-004,0,prior,4,b,2.077974460388915,1.7470215154595004,0.7174099752299474,0.6542707293162154,2.8738081523675527
evaluation-004,0,prior,4,g,0.35414024205603,0.3975184887995572,0.23391175285332105,0.03263604399343988,0.761713496287603
evaluation-004,1,prior,4,r,5.962404069978337,4.965949257163848,1.7212591785218145,2.2764334974236213,7.668388553920138
evaluation-004,1,prior,4,b,2.077974460388915,1.7470215154595004,0.7174099752299474,0.6542707293162154,2.8738081523675527
evaluation-004,1,prior,4,g,0.35414024205603,0.3975184887995572,0.23391175285332105,0.03263604399343988,0.761713496287603
evaluation-004,2,prior,4,r,5.962404069978337,4.965949257163848,1.7212591785218145,2.2764334974236213,7.668388553920138
evaluation-004,2,prior,4,b,2.077974460388915,1.7470215154595004,0.7174099752299474,0.6542707293162154,2.8738081523675527
evaluation-004,2,prior,4,g,0.35414024205603,0.3975184887995572,0.23391175285332105,0.03263604399343988,0.761713496287603
evaluation-004,0,pooled,4,r,5.962404069978337,6.11251035506922,0.10408295040450895,5.952519110978438,6.282578340706416
evaluation-004,0,pooled,4,b,2.077974460388915,1.5344715084584404,0.6469995967364492,0.5920558223385295,2.6751431639818772
evaluation-004,0,pooled,4,g,0.35414024205603,0.4285155393988671,0.22428961193662625,0.06718424344539864,0.75701177347785
evaluation-004,1,pooled,4,r,5.962404069978337,6.11251035506922,0.10408295040450895,5.952519110978438,6.282578340706416
evaluation-004,1,pooled,4,b,2.077974460388915,1.5344715084584404,0.6469995967364492,0.5920558223385295,2.6751431639818772
evaluation-004,1,pooled,4,g,0.35414024205603,0.4285155393988671,0.22428961193662625,0.06718424344539864,0.75701177347785
evaluation-004,2,pooled,4,r,5.962404069978337,6.11251035506922,0.10408295040450895,5.952519110978438,6.282578340706416
evaluation-004,2,pooled,4,b,2.077974460388915,1.5344715084584404,0.6469995967364492,0.5920558223385295,2.6751431639818772
evaluation-004,2,pooled,4,g,0.35414024205603,0.4285155393988671,0.22428961193662625,0.06718424344539864,0.75701177347785
evaluation-004,0,private,4,r,5.962404069978337,5.9235380702447245,0.22549370658672852,5.600026658045417,6.3341368212633355
evaluation-004,0,private,4,b,2.077974460388915,1.6904672027837528,0.7221238138180913,0.5993443613155296,2.844979572269365
evaluation-004,0,private,4,g,0.35414024205603,0.3869260235157791,0.22504426166637234,0.032291537440750334,0.7554685518401263
evaluation-004,1,private,4,r,5.962404069978337,6.250709682825784,0.38018377332077363,5.775807283656083,6.980713437744436
evaluation-004,1,private,4,b,2.077974460388915,1.6401276400239897,0.7028372898934601,0.5949545042139203,2.7970320019269193
evaluation-004,1,private,4,g,0.35414024205603,0.39899661461605623,0.22441998561933074,0.047611378327964915,0.7557021598160446
evaluation-004,2,private,4,r,5.962404069978337,6.1506180987323935,0.11469348715323559,5.969741306012241,6.340117919583853
evaluation-004,2,private,4,b,2.077974460388915,1.7368873587362494,0.7112049749346531,0.6530333806352375,2.8758119245205727
evaluation-004,2,private,4,g,0.35414024205603,0.40839582564372356,0.2285596550722261,0.050111502320435236,0.7449740086541062
evaluation-004,0,prior,8,r,5.962404069978337,4.965949257163848,1.7212591785218145,2.2764334974236213,7.668388553920138
evaluation-004,0,prior,8,b,2.077974460388915,1.7470215154595004,0.7174099752299474,0.6542707293162154,2.8738081523675527
evaluation-004,0,prior,8,g,0.35414024205603,0.3975184887995572,0.23391175285332105,0.03263604399343988,0.761713496287603
evaluation-004,1,prior,8,r,5.962404069978337,4.965949257163848,1.7212591785218145,2.2764334974236213,7.668388553920138
evaluation-004,1,prior,8,b,2.077974460388915,1.7470215154595004,0.7174099752299474,0.6542707293162154,2.8738081523675527
evaluation-004,1,prior,8,g,0.35414024205603,0.3975184887995572,0.23391175285332105,0.03263604399343988,0.761713496287603
evaluation-004,2,prior,8,r,5.962404069978337,4.965949257163848,1.7212591785218145,2.2764334974236213,7.668388553920138
evaluation-004,2,prior,8,b,2.077974460388915,1.7470215154595004,0.7174099752299474,0.6542707293162154,2.8738081523675527
evaluation-004,2,prior,8,g,0.35414024205603,0.3975184887995572,0.23391175285332105,0.03263604399343988,0.761713496287603
evaluation-004,0,pooled,8,r,5.962404069978337,6.021097924486527,0.07407228354911681,5.887759592737262,6.133767135978149
evaluation-004,0,pooled,8,b,2.077974460388915,2.214183507978061,0.36129667787607983,1.6607856850245493,2.819544974836206
evaluation-004,0,pooled,8,g,0.35414024205603,0.2516697904058497,0.1905451343824153,0.01790697749999437,0.6197359756869762
evaluation-004,1,pooled,8,r,5.962404069978337,6.021097924486527,0.07407228354911681,5.887759592737262,6.133767135978149
evaluation-004,1,pooled,8,b,2.077974460388915,2.214183507978061,0.36129667787607983,1.6607856850245493,2.819544974836206
evaluation-004,1,pooled,8,g,0.35414024205603,0.2516697904058497,0.1905451343824153,0.01790697749999437,0.6197359756869762
evaluation-004,2,pooled,8,r,5.962404069978337,6.021097924486527,0.07407228354911681,5.887759592737262,6.133767135978149
evaluation-004,2,pooled,8,b,2.077974460388915,2.214183507978061,0.36129667787607983,1.6607856850245493,2.819544974836206
evaluation-004,2,pooled,8,g,0.35414024205603,0.2516697904058497,0.1905451343824153,0.01790697749999437,0.6197359756869762
evaluation-004,0,private,8,r,5.962404069978337,5.87550075390159,0.2154890758610938,5.577431319510503,6.287882950592685
evaluation-004,0,private,8,b,2.077974460388915,1.6677733411135793,0.7087949909195441,0.6030945771231125,2.836076879506494
evaluation-004,0,private,8,g,0.35414024205603,0.3797255798426546,0.22191799549084165,0.03198902816779457,0.7532496649195451
evaluation-004,1,private,8,r,5.962404069978337,6.262800948936464,0.36460837346511565,5.777808294113597,6.938727913602124
evaluation-004,1,private,8,b,2.077974460388915,1.9990250208148723,0.6258204403842282,0.8228644684732858,2.8827980543471803
evaluation-004,1,private,8,g,0.35414024205603,0.4139290610514175,0.22946215585533192,0.04534962539933888,0.7679516880180608
evaluation-004,2,private,8,r,5.962404069978337,6.035645960377959,0.06729724863536478,5.913794026432594,6.140687961363136
evaluation-004,2,private,8,b,2.077974460388915,1.7802103524374475,0.7324204825650402,0.6471529605973252,2.894175206685933
evaluation-004,2,private,8,g,0.35414024205603,0.24817506195810152,0.18102255344859752,0.01880324542164186,0.6002211318755619
evaluation-004,0,prior,16,r,5.962404069978337,4.965949257163848,1.7212591785218145,2.2764334974236213,7.668388553920138
evaluation-004,0,prior,16,b,2.077974460388915,1.7470215154595004,0.7174099752299474,0.6542707293162154,2.8738081523675527
evaluation-004,0,prior,16,g,0.35414024205603,0.3975184887995572,0.23391175285332105,0.03263604399343988,0.761713496287603
evaluation-004,1,prior,16,r,5.962404069978337,4.965949257163848,1.7212591785218145,2.2764334974236213,7.668388553920138
evaluation-004,1,prior,16,b,2.077974460388915,1.7470215154595004,0.7174099752299474,0.6542707293162154,2.8738081523675527
evaluation-004,1,prior,16,g,0.35414024205603,0.3975184887995572,0.23391175285332105,0.03263604399343988,0.761713496287603
evaluation-004,2,prior,16,r,5.962404069978337,4.965949257163848,1.7212591785218145,2.2764334974236213,7.668388553920138
evaluation-004,2,prior,16,b,2.077974460388915,1.7470215154595004,0.7174099752299474,0.6542707293162154,2.8738081523675527
evaluation-004,2,prior,16,g,0.35414024205603,0.3975184887995572,0.23391175285332105,0.03263604399343988,0.761713496287603
evaluation-004,0,pooled,16,r,5.962404069978337,6.024679234045797,0.06867895782493563,5.9145372899873845,6.134140808028681
evaluation-004,0,pooled,16,b,2.077974460388915,2.119738938041031,0.09603250025352925,1.9460957716785996,2.268128776558395
evaluation-004,0,pooled,16,g,0.35414024205603,0.2812303517110402,0.15015162898085233,0.04868270205787301,0.5355417795167206
evaluation-004,1,pooled,16,r,5.962404069978337,6.024679234045797,0.06867895782493563,5.9145372899873845,6.134140808028681
evaluation-004,1,pooled,16,b,2.077974460388915,2.119738938041031,0.09603250025352925,1.9460957716785996,2.268128776558395
evaluation-004,1,pooled,16,g,0.35414024205603,0.2812303517110402,0.15015162898085233,0.04868270205787301,0.5355417795167206
evaluation-004,2,pooled,16,r,5.962404069978337,6.024679234045797,0.06867895782493563,5.9145372899873845,6.134140808028681
evaluation-004,2,pooled,16,b,2.077974460388915,2.119738938041031,0.09603250025352925,1.9460957716785996,2.268128776558395
evaluation-004,2,pooled,16,g,0.35414024205603,0.2812303517110402,0.15015162898085233,0.04868270205787301,0.5355417795167206
evaluation-004,0,private,16,r,5.962404069978337,5.990625884992911,0.1968277427669815,5.675727505221321,6.334936991750898
evaluation-004,0,private,16,b,2.077974460388915,2.1072539507955708,0.6058267859241043,0.9662321810300419,2.92189887978502
evaluation-004,0,private,16,g,0.35414024205603,0.4539613331352093,0.21581682647149214,0.07166874653453296,0.7677383776731961
evaluation-004,1,private,16,r,5.962404069978337,6.277094896909257,0.3745954623152365,5.774890304100845,6.978164140163471
evaluation-004,1,private,16,b,2.077974460388915,1.8287420656543585,0.3988078328714709,1.0395325133079074,2.347335244677055
evaluation-004,1,private,16,g,0.35414024205603,0.4044380813687196,0.23124852392832804,0.03210272743675198,0.7608082617043707
evaluation-004,2,private,16,r,5.962404069978337,6.037602438911225,0.066623382795805,5.919171943844207,6.140782504795615
evaluation-004,2,private,16,b,2.077974460388915,1.7439807910897875,0.7361103155989243,0.6280245248095108,2.880441915950688
evaluation-004,2,private,16,g,0.35414024205603,0.24889918421970617,0.14112103703335493,0.045240606090320885,0.49618664728504686
evaluation-004,0,prior,32,r,5.962404069978337,4.965949257163848,1.7212591785218145,2.2764334974236213,7.668388553920138
evaluation-004,0,prior,32,b,2.077974460388915,1.7470215154595004,0.7174099752299474,0.6542707293162154,2.8738081523675527
evaluation-004,0,prior,32,g,0.35414024205603,0.3975184887995572,0.23391175285332105,0.03263604399343988,0.761713496287603
evaluation-004,1,prior,32,r,5.962404069978337,4.965949257163848,1.7212591785218145,2.2764334974236213,7.668388553920138
evaluation-004,1,prior,32,b,2.077974460388915,1.7470215154595004,0.7174099752299474,0.6542707293162154,2.8738081523675527
evaluation-004,1,prior,32,g,0.35414024205603,0.3975184887995572,0.23391175285332105,0.03263604399343988,0.761713496287603
evaluation-004,2,prior,32,r,5.962404069978337,4.965949257163848,1.7212591785218145,2.2764334974236213,7.668388553920138
evaluation-004,2,prior,32,b,2.077974460388915,1.7470215154595004,0.7174099752299474,0.6542707293162154,2.8738081523675527
evaluation-004,2,prior,32,g,0.35414024205603,0.3975184887995572,0.23391175285332105,0.03263604399343988,0.761713496287603
evaluation-004,0,pooled,32,r,5.962404069978337,6.049865120226379,0.051627052342134244,5.970048463536547,6.138895558133729
evaluation-004,0,pooled,32,b,2.077974460388915,2.1406232582456806,0.04039665115316875,2.073615065481915,2.2021316856278577
evaluation-004,0,pooled,32,g,0.35414024205603,0.207660034626587,0.07666437205772042,0.0836121462221382,0.33089268010846107
evaluation-004,1,pooled,32,r,5.962404069978337,6.049865120226379,0.051627052342134244,5.970048463536547,6.138895558133729
evaluation-004,1,pooled,32,b,2.077974460388915,2.1406232582456806,0.04039665115316875,2.073615065481915,2.2021316856278577
evaluation-004,1,pooled,32,g,0.35414024205603,0.207660034626587,0.07666437205772042,0.0836121462221382,0.33089268010846107
evaluation-004,2,pooled,32,r,5.962404069978337,6.049865120226379,0.051627052342134244,5.970048463536547,6.138895558133729
evaluation-004,2,pooled,32,b,2.077974460388915,2.1406232582456806,0.04039665115316875,2.073615065481915,2.2021316856278577
evaluation-004,2,pooled,32,g,0.35414024205603,0.207660034626587,0.07666437205772042,0.0836121462221382,0.33089268010846107
evaluation-004,0,private,32,r,5.962404069978337,6.162186900459086,0.11512206030617196,5.973088147339557,6.342239676418527
evaluation-004,0,private,32,b,2.077974460388915,1.6370490129705713,0.32735516873126025,1.082733161795373,2.1595280733857263
evaluation-004,0,private,32,g,0.35414024205603,0.4159267363018012,0.21610393864291588,0.06310479547412974,0.7474544936535913
evaluation-004,1,private,32,r,5.962404069978337,6.154667187252106,0.23512605962597963,5.853222002802975,6.63390738380348
evaluation-004,1,private,32,b,2.077974460388915,1.9917334860373717,0.1905948686002134,1.6502950892945403,2.2729687472772016
evaluation-004,1,private,32,g,0.35414024205603,0.4048517725795807,0.19436017977082476,0.09191032219525085,0.7313351055721528
evaluation-004,2,private,32,r,5.962404069978337,6.043571334726097,0.05962336853682581,5.9461431750512554,6.137569550088357
evaluation-004,2,private,32,b,2.077974460388915,1.6985284377452936,0.736449935222548,0.6176589574732317,2.8736330987129035
evaluation-004,2,private,32,g,0.35414024205603,0.2216196598452128,0.09553196696070826,0.05823440112680352,0.3839164669567702
evaluation-004,0,prior,64,r,5.962404069978337,4.965949257163848,1.7212591785218145,2.2764334974236213,7.668388553920138
evaluation-004,0,prior,64,b,2.077974460388915,1.7470215154595004,0.7174099752299474,0.6542707293162154,2.8738081523675527
evaluation-004,0,prior,64,g,0.35414024205603,0.3975184887995572,0.23391175285332105,0.03263604399343988,0.761713496287603
evaluation-004,1,prior,64,r,5.962404069978337,4.965949257163848,1.7212591785218145,2.2764334974236213,7.668388553920138
evaluation-004,1,prior,64,b,2.077974460388915,1.7470215154595004,0.7174099752299474,0.6542707293162154,2.8738081523675527
evaluation-004,1,prior,64,g,0.35414024205603,0.3975184887995572,0.23391175285332105,0.03263604399343988,0.761713496287603
evaluation-004,2,prior,64,r,5.962404069978337,4.965949257163848,1.7212591785218145,2.2764334974236213,7.668388553920138
evaluation-004,2,prior,64,b,2.077974460388915,1.7470215154595004,0.7174099752299474,0.6542707293162154,2.8738081523675527
evaluation-004,2,prior,64,g,0.35414024205603,0.3975184887995572,0.23391175285332105,0.03263604399343988,0.761713496287603
evaluation-004,0,pooled,64,r,5.962404069978337,6.033926609546307,0.04152433336726793,5.965463325787593,6.104905896729086
evaluation-004,0,pooled,64,b,2.077974460388915,2.1073009650090446,0.028149296082550186,2.0607583035072206,2.155876638247158
evaluation-004,0,pooled,64,g,0.35414024205603,0.2619815063889002,0.039640153275453324,0.1891400758245333,0.32304628148502407
evaluation-004,1,pooled,64,r,5.962404069978337,6.033926609546307,0.04152433336726793,5.965463325787593,6.104905896729086
evaluation-004,1,pooled,64,b,2.077974460388915,2.1073009650090446,0.028149296082550186,2.0607583035072206,2.155876638247158
evaluation-004,1,pooled,64,g,0.35414024205603,0.2619815063889002,0.039640153275453324,0.1891400758245333,0.32304628148502407
evaluation-004,2,pooled,64,r,5.962404069978337,6.033926609546307,0.04152433336726793,5.965463325787593,6.104905896729086
evaluation-004,2,pooled,64,b,2.077974460388915,2.1073009650090446,0.028149296082550186,2.0607583035072206,2.155876638247158
evaluation-004,2,pooled,64,g,0.35414024205603,0.2619815063889002,0.039640153275453324,0.1891400758245333,0.32304628148502407
evaluation-004,0,private,64,r,5.962404069978337,6.060583621450336,0.09583383395204637,5.907122022660174,6.223078075659937
evaluation-004,0,private,64,b,2.077974460388915,2.0349956492568864,0.06025859988241503,1.9300526628485297,2.132755659451716
evaluation-004,0,private,64,g,0.35414024205603,0.2913281984373874,0.12309785181397613,0.09238280916406594,0.48849265612209924
evaluation-004,1,private,64,r,5.962404069978337,6.1085202306384465,0.16525508143636064,5.869882620029066,6.415005490318665
evaluation-004,1,private,64,b,2.077974460388915,2.077327378151924,0.10598880630072138,1.8895662196784873,2.2288960282146615
evaluation-004,1,private,64,g,0.35414024205603,0.24999049475345192,0.07797204466111544,0.1165193272239495,0.3704290044456287
evaluation-004,2,private,64,r,5.962404069978337,6.053071537240527,0.05522536829362928,5.965899776707546,6.141312023117012
evaluation-004,2,private,64,b,2.077974460388915,2.1796051881399907,0.06648762360010516,2.0701049289475106,2.283236854532014
evaluation-004,2,private,64,g,0.35414024205603,0.19732125443026274,0.07189534391307272,0.07406482616930975,0.3103689974966207
evaluation-004,0,prior,128,r,5.962404069978337,4.965949257163848,1.7212591785218145,2.2764334974236213,7.668388553920138
evaluation-004,0,prior,128,b,2.077974460388915,1.7470215154595004,0.7174099752299474,0.6542707293162154,2.8738081523675527
evaluation-004,0,prior,128,g,0.35414024205603,0.3975184887995572,0.23391175285332105,0.03263604399343988,0.761713496287603
evaluation-004,1,prior,128,r,5.962404069978337,4.965949257163848,1.7212591785218145,2.2764334974236213,7.668388553920138
evaluation-004,1,prior,128,b,2.077974460388915,1.7470215154595004,0.7174099752299474,0.6542707293162154,2.8738081523675527
evaluation-004,1,prior,128,g,0.35414024205603,0.3975184887995572,0.23391175285332105,0.03263604399343988,0.761713496287603
evaluation-004,2,prior,128,r,5.962404069978337,4.965949257163848,1.7212591785218145,2.2764334974236213,7.668388553920138
evaluation-004,2,prior,128,b,2.077974460388915,1.7470215154595004,0.7174099752299474,0.6542707293162154,2.8738081523675527
evaluation-004,2,prior,128,g,0.35414024205603,0.3975184887995572,0.23391175285332105,0.03263604399343988,0.761713496287603
evaluation-004,0,pooled,128,r,5.962404069978337,5.999463827255603,0.032225564574688205,5.946174857338055,6.051934016452798
evaluation-004,0,pooled,128,b,2.077974460388915,2.1017328355256675,0.021902753488800115,2.065683807085736,2.1356895374204887
evaluation-004,0,pooled,128,g,0.35414024205603,0.31098333827943964,0.023739131634178637,0.2715240155682149,0.35027151263623674
evaluation-004,1,pooled,128,r,5.962404069978337,5.999463827255603,0.032225564574688205,5.946174857338055,6.051934016452798
evaluation-004,1,pooled,128,b,2.077974460388915,2.1017328355256675,0.021902753488800115,2.065683807085736,2.1356895374204887
evaluation-004,1,pooled,128,g,0.35414024205603,0.31098333827943964,0.023739131634178637,0.2715240155682149,0.35027151263623674
evaluation-004,2,pooled,128,r,5.962404069978337,5.999463827255603,0.032225564574688205,5.946174857338055,6.051934016452798
evaluation-004,2,pooled,128,b,2.077974460388915,2.1017328355256675,0.021902753488800115,2.065683807085736,2.1356895374204887
evaluation-004,2,pooled,128,g,0.35414024205603,0.31098333827943964,0.023739131634178637,0.2715240155682149,0.35027151263623674
evaluation-004,0,private,128,r,5.962404069978337,6.035851543027585,0.06913892685777118,5.925785163121065,6.159673005001115
evaluation-004,0,private,128,b,2.077974460388915,2.0508874561770725,0.04779849511946861,1.968082512389834,2.128105590317961
evaluation-004,0,private,128,g,0.35414024205603,0.2992369996427017,0.05524474793920515,0.1996754561582215,0.3784072904401948
evaluation-004,1,private,128,r,5.962404069978337,6.012235242168986,0.09426829830151381,5.872075186215945,6.180604350844495
evaluation-004,1,private,128,b,2.077974460388915,2.1163368097584714,0.05146332472469544,2.028786950018396,2.1955104739301934
evaluation-004,1,private,128,g,0.35414024205603,0.30058278231251184,0.05717814839812014,0.20216929477285345,0.3904324945991854
evaluation-004,2,private,128,r,5.962404069978337,5.993584401093002,0.04216444202023302,5.926858080619223,6.065631253781639
evaluation-004,2,private,128,b,2.077974460388915,2.118955053226975,0.04373793465567699,2.045932358800107,2.185690555455032
evaluation-004,2,private,128,g,0.35414024205603,0.31436417903714636,0.04244847623289963,0.24032069955246482,0.38342987167237175
evaluation-005,0,prior,0,r,5.691845004710354,4.94627912458626,1.7041574264131087,2.3403908835178564,7.6909006391011925
evaluation-005,0,prior,0,b,1.1055312039303027,1.7720787392865922,0.7325208748227918,0.6268235225567723,2.863735463484663
evaluation-005,0,prior,0,g,0.6194436362550116,0.39866053038449323,0.236382636591182,0.03699235361663036,0.7657991720849737
evaluation-005,1,prior,0,r,5.691845004710354,4.94627912458626,1.7041574264131087,2.3403908835178564,7.6909006391011925
evaluation-005,1,prior,0,b,1.1055312039303027,1.7720787392865922,0.7325208748227918,0.6268235225567723,2.863735463484663
evaluation-005,1,prior,0,g,0.6194436362550116,0.39866053038449323,0.236382636591182,0.03699235361663036,0.7657991720849737
evaluation-005,2,prior,0,r,5.691845004710354,4.94627912458626,1.7041574264131087,2.3403908835178564,7.6909006391011925
evaluation-005,2,prior,0,b,1.1055312039303027,1.7720787392865922,0.7325208748227918,0.6268235225567723,2.863735463484663
evaluation-005,2,prior,0,g,0.6194436362550116,0.39866053038449323,0.236382636591182,0.03699235361663036,0.7657991720849737
evaluation-005,0,pooled,0,r,5.691845004710354,4.94627912458626,1.7041574264131087,2.3403908835178564,7.6909006391011925
evaluation-005,0,pooled,0,b,1.1055312039303027,1.7720787392865922,0.7325208748227918,0.6268235225567723,2.863735463484663
evaluation-005,0,pooled,0,g,0.6194436362550116,0.39866053038449323,0.236382636591182,0.03699235361663036,0.7657991720849737
evaluation-005,1,pooled,0,r,5.691845004710354,4.94627912458626,1.7041574264131087,2.3403908835178564,7.6909006391011925
evaluation-005,1,pooled,0,b,1.1055312039303027,1.7720787392865922,0.7325208748227918,0.6268235225567723,2.863735463484663
evaluation-005,1,pooled,0,g,0.6194436362550116,0.39866053038449323,0.236382636591182,0.03699235361663036,0.7657991720849737
evaluation-005,2,pooled,0,r,5.691845004710354,4.94627912458626,1.7041574264131087,2.3403908835178564,7.6909006391011925
evaluation-005,2,pooled,0,b,1.1055312039303027,1.7720787392865922,0.7325208748227918,0.6268235225567723,2.863735463484663
evaluation-005,2,pooled,0,g,0.6194436362550116,0.39866053038449323,0.236382636591182,0.03699235361663036,0.7657991720849737
evaluation-005,0,private,0,r,5.691845004710354,4.94627912458626,1.7041574264131087,2.3403908835178564,7.6909006391011925
evaluation-005,0,private,0,b,1.1055312039303027,1.7720787392865922,0.7325208748227918,0.6268235225567723,2.863735463484663
evaluation-005,0,private,0,g,0.6194436362550116,0.39866053038449323,0.236382636591182,0.03699235361663036,0.7657991720849737
evaluation-005,1,private,0,r,5.691845004710354,4.94627912458626,1.7041574264131087,2.3403908835178564,7.6909006391011925
evaluation-005,1,private,0,b,1.1055312039303027,1.7720787392865922,0.7325208748227918,0.6268235225567723,2.863735463484663
evaluation-005,1,private,0,g,0.6194436362550116,0.39866053038449323,0.236382636591182,0.03699235361663036,0.7657991720849737
evaluation-005,2,private,0,r,5.691845004710354,4.94627912458626,1.7041574264131087,2.3403908835178564,7.6909006391011925
evaluation-005,2,private,0,b,1.1055312039303027,1.7720787392865922,0.7325208748227918,0.6268235225567723,2.863735463484663
evaluation-005,2,private,0,g,0.6194436362550116,0.39866053038449323,0.236382636591182,0.03699235361663036,0.7657991720849737
evaluation-005,0,prior,4,r,5.691845004710354,4.94627912458626,1.7041574264131087,2.3403908835178564,7.6909006391011925
evaluation-005,0,prior,4,b,1.1055312039303027,1.7720787392865922,0.7325208748227918,0.6268235225567723,2.863735463484663
evaluation-005,0,prior,4,g,0.6194436362550116,0.39866053038449323,0.236382636591182,0.03699235361663036,0.7657991720849737
evaluation-005,1,prior,4,r,5.691845004710354,4.94627912458626,1.7041574264131087,2.3403908835178564,7.6909006391011925
evaluation-005,1,prior,4,b,1.1055312039303027,1.7720787392865922,0.7325208748227918,0.6268235225567723,2.863735463484663
evaluation-005,1,prior,4,g,0.6194436362550116,0.39866053038449323,0.236382636591182,0.03699235361663036,0.7657991720849737
evaluation-005,2,prior,4,r,5.691845004710354,4.94627912458626,1.7041574264131087,2.3403908835178564,7.6909006391011925
evaluation-005,2,prior,4,b,1.1055312039303027,1.7720787392865922,0.7325208748227918,0.6268235225567723,2.863735463484663
evaluation-005,2,prior,4,g,0.6194436362550116,0.39866053038449323,0.236382636591182,0.03699235361663036,0.7657991720849737
evaluation-005,0,pooled,4,r,5.691845004710354,5.770920696596321,0.141738148234524,5.566507702579772,6.019882810629404
evaluation-005,0,pooled,4,b,1.1055312039303027,1.8098151201851156,0.7159043323992069,0.6528295073368405,2.892827359190133
evaluation-005,0,pooled,4,g,0.6194436362550116,0.40090672578598546,0.22380188772561174,0.04190103509753934,0.7543281192924307
evaluation-005,1,pooled,4,r,5.691845004710354,5.770920696596321,0.141738148234524,5.566507702579772,6.019882810629404
evaluation-005,1,pooled,4,b,1.1055312039303027,1.8098151201851156,0.7159043323992069,0.6528295073368405,2.892827359190133
evaluation-005,1,pooled,4,g,0.6194436362550116,0.40090672578598546,0.22380188772561174,0.04190103509753934,0.7543281192924307
evaluation-005,2,pooled,4,r,5.691845004710354,5.770920696596321,0.141738148234524,5.566507702579772,6.019882810629404
evaluation-005,2,pooled,4,b,1.1055312039303027,1.8098151201851156,0.7159043323992069,0.6528295073368405,2.892827359190133
evaluation-005,2,pooled,4,g,0.6194436362550116,0.40090672578598546,0.22380188772561174,0.04190103509753934,0.7543281192924307
evaluation-005,0,private,4,r,5.691845004710354,6.0182027281680055,0.37402906325108326,5.524528366873303,6.723129660528867
evaluation-005,0,private,4,b,1.1055312039303027,1.6594992987041568,0.6971262864245767,0.6180166852524673,2.8461926369159483
evaluation-005,0,private,4,g,0.6194436362550116,0.40776380421155406,0.23253949739329635,0.03642066974123503,0.7572121619910993
evaluation-005,1,private,4,r,5.691845004710354,5.563653985797203,0.26722322966523543,5.169594223315423,6.005346722513187
evaluation-005,1,private,4,b,1.1055312039303027,1.7897244878071992,0.6972358654209424,0.6460342075269028,2.8452888813873547
evaluation-005,1,private,4,g,0.6194436362550116,0.4119227953541524,0.22607719254741518,0.04200147675459258,0.7616153839349727
evaluation-005,2,private,4,r,5.691845004710354,5.91231468002219,0.22361850984380915,5.586392503079353,6.296340421120275
evaluation-005,2,private,4,b,1.1055312039303027,1.7179459415965241,0.7012289474323968,0.6207987750860046,2.826010256940767
evaluation-005,2,private,4,g,0.6194436362550116,0.40970613763045033,0.22810510604578857,0.033294594997817756,0.7630172676616471
evaluation-005,0,prior,8,r,5.691845004710354,4.94627912458626,1.7041574264131087,2.3403908835178564,7.6909006391011925
evaluation-005,0,prior,8,b,1.1055312039303027,1.7720787392865922,0.7325208748227918,0.6268235225567723,2.863735463484663
evaluation-005,0,prior,8,g,0.6194436362550116,0.39866053038449323,0.236382636591182,0.03699235361663036,0.7657991720849737
evaluation-005,1,prior,8,r,5.691845004710354,4.94627912458626,1.7041574264131087,2.3403908835178564,7.6909006391011925
evaluation-005,1,prior,8,b,1.1055312039303027,1.7720787392865922,0.7325208748227918,0.6268235225567723,2.863735463484663
evaluation-005,1,prior,8,g,0.6194436362550116,0.39866053038449323,0.236382636591182,0.03699235361663036,0.7657991720849737
evaluation-005,2,prior,8,r,5.691845004710354,4.94627912458626,1.7041574264131087,2.3403908835178564,7.6909006391011925
evaluation-005,2,prior,8,b,1.1055312039303027,1.7720787392865922,0.7325208748227918,0.6268235225567723,2.863735463484663
evaluation-005,2,prior,8,g,0.6194436362550116,0.39866053038449323,0.236382636591182,0.03699235361663036,0.7657991720849737
evaluation-005,0,pooled,8,r,5.691845004710354,5.714624223224346,0.10527470260646843,5.567536001368275,5.916593543314927
evaluation-005,0,pooled,8,b,1.1055312039303027,0.884211691584134,0.2263887790891898,0.5420568699858819,1.2568682703418754
evaluation-005,0,pooled,8,g,0.6194436362550116,0.43854655214228205,0.22778858892371054,0.05265402400806449,0.7615603678204739
evaluation-005,1,pooled,8,r,5.691845004710354,5.714624223224346,0.10527470260646843,5.567536001368275,5.916593543314927
evaluation-005,1,pooled,8,b,1.1055312039303027,0.884211691584134,0.2263887790891898,0.5420568699858819,1.2568682703418754
evaluation-005,1,pooled,8,g,0.6194436362550116,0.43854655214228205,0.22778858892371054,0.05265402400806449,0.7615603678204739
evaluation-005,2,pooled,8,r,5.691845004710354,5.714624223224346,0.10527470260646843,5.567536001368275,5.916593543314927
evaluation-005,2,pooled,8,b,1.1055312039303027,0.884211691584134,0.2263887790891898,0.5420568699858819,1.2568682703418754
evaluation-005,2,pooled,8,g,0.6194436362550116,0.43854655214228205,0.22778858892371054,0.05265402400806449,0.7615603678204739
evaluation-005,0,private,8,r,5.691845004710354,5.699854918150296,0.16186461652090559,5.477541857930565,6.01945820360162
evaluation-005,0,private,8,b,1.1055312039303027,0.9421895979082052,0.2656363763234018,0.5438025816135266,1.4004883502795817
evaluation-005,0,private,8,g,0.6194436362550116,0.38988502880099823,0.22297889506598753,0.04884705875870382,0.7529823434561018
evaluation-005,1,private,8,r,5.691845004710354,5.513543104990096,0.25717021853079614,5.169630243307774,5.97846457053867
evaluation-005,1,private,8,b,1.1055312039303027,1.7753355542296698,0.6938465791943704,0.6516678163290028,2.8553529751565736
evaluation-005,1,private,8,g,0.6194436362550116,0.4165888305512512,0.22930908859682075,0.042306244319928174,0.7687255815523968
evaluation-005,2,private,8,r,5.691845004710354,5.740433096032866,0.13871767386300352,5.549710217035583,5.991983324435662
evaluation-005,2,private,8,b,1.1055312039303027,1.332772466810984,0.569196451803719,0.5605212567892031,2.3428948927384363
evaluation-005,2,private,8,g,0.6194436362550116,0.34659040676113984,0.22008583961141318,0.029667213802024008,0.7286161067320566
evaluation-005,0,prior,16,r,5.691845004710354,4.94627912458626,1.7041574264131087,2.3403908835178564,7.6909006391011925
evaluation-005,0,prior,16,b,1.1055312039303027,1.7720787392865922,0.7325208748227918,0.6268235225567723,2.863735463484663
evaluation-005,0,prior,16,g,0.6194436362550116,0.39866053038449323,0.236382636591182,0.03699235361663036,0.7657991720849737
evaluation-005,1,prior,16,r,5.691845004710354,4.94627912458626,1.7041574264131087,2.3403908835178564,7.6909006391011925
evaluation-005,1,prior,16,b,1.1055312039303027,1.7720787392865922,0.7325208748227918,0.6268235225567723,2.863735463484663
evaluation-005,1,prior,16,g,0.6194436362550116,0.39866053038449323,0.236382636591182,0.03699235361663036,0.7657991720849737
evaluation-005,2,prior,16,r,5.691845004710354,4.94627912458626,1.7041574264131087,2.3403908835178564,7.6909006391011925
evaluation-005,2,prior,16,b,1.1055312039303027,1.7720787392865922,0.7325208748227918,0.6268235225567723,2.863735463484663
evaluation-005,2,prior,16,g,0.6194436362550116,0.39866053038449323,0.236382636591182,0.03699235361663036,0.7657991720849737
evaluation-005,0,pooled,16,r,5.691845004710354,5.692539405814331,0.10566508572717195,5.552206700012845,5.893675819981713
evaluation-005,0,pooled,16,b,1.1055312039303027,1.063683642853285,0.17312477339973273,0.7463700613948674,1.32571545324315
evaluation-005,0,pooled,16,g,0.6194436362550116,0.6422852369968067,0.1270205394000956,0.38405596769134237,0.7940177742897706
evaluation-005,1,pooled,16,r,5.691845004710354,5.692539405814331,0.10566508572717195,5.552206700012845,5.893675819981713
evaluation-005,1,pooled,16,b,1.1055312039303027,1.063683642853285,0.17312477339973273,0.7463700613948674,1.32571545324315
evaluation-005,1,pooled,16,g,0.6194436362550116,0.6422852369968067,0.1270205394000956,0.38405596769134237,0.7940177742897706
evaluation-005,2,pooled,16,r,5.691845004710354,5.692539405814331,0.10566508572717195,5.552206700012845,5.893675819981713
evaluation-005,2,pooled,16,b,1.1055312039303027,1.063683642853285,0.17312477339973273,0.7463700613948674,1.32571545324315
evaluation-005,2,pooled,16,g,0.6194436362550116,0.6422852369968067,0.1270205394000956,0.38405596769134237,0.7940177742897706
evaluation-005,0,private,16,r,5.691845004710354,5.679559753420141,0.17366964429417572,5.4464631533201935,6.0412465536877535
evaluation-005,0,private,16,b,1.1055312039303027,1.1005807659441742,0.25883673911076777,0.6015405800914901,1.4940764191411233
evaluation-005,0,private,16,g,0.6194436362550116,0.4052394338766492,0.221392585337774,0.050920388786387556,0.7539795707514563
evaluation-005,1,private,16,r,5.691845004710354,5.745607576831355,0.1555746391824468,5.493108582790044,6.017118130938552
evaluation-005,1,private,16,b,1.1055312039303027,1.8099922711606578,0.7120012354001468,0.6497559727982752,2.88200584264413
evaluation-005,1,private,16,g,0.6194436362550116,0.507254151028199,0.2115403295235323,0.10215772967555048,0.7811765939610691
evaluation-005,2,private,16,r,5.691845004710354,5.733257644006326,0.1425633350340404,5.540325740149877,5.990918736564652
evaluation-005,2,private,16,b,1.1055312039303027,1.5505456687244452,0.5400262317726146,0.6460853349151474,2.454867835975315
evaluation-005,2,private,16,g,0.6194436362550116,0.37798366686866236,0.22548368735699412,0.030756314915298406,0.7409767147411667
evaluation-005,0,prior,32,r,5.691845004710354,4.94627912458626,1.7041574264131087,2.3403908835178564,7.6909006391011925
evaluation-005,0,prior,32,b,1.1055312039303027,1.7720787392865922,0.7325208748227918,0.6268235225567723,2.863735463484663
evaluation-005,0,prior,32,g,0.6194436362550116,0.39866053038449323,0.236382636591182,0.03699235361663036,0.7657991720849737
evaluation-005,1,prior,32,r,5.691845004710354,4.94627912458626,1.7041574264131087,2.3403908835178564,7.6909006391011925
evaluation-005,1,prior,32,b,1.1055312039303027,1.7720787392865922,0.7325208748227918,0.6268235225567723,2.863735463484663
evaluation-005,1,prior,32,g,0.6194436362550116,0.39866053038449323,0.236382636591182,0.03699235361663036,0.7657991720849737
evaluation-005,2,prior,32,r,5.691845004710354,4.94627912458626,1.7041574264131087,2.3403908835178564,7.6909006391011925
evaluation-005,2,prior,32,b,1.1055312039303027,1.7720787392865922,0.7325208748227918,0.6268235225567723,2.863735463484663
evaluation-005,2,prior,32,g,0.6194436362550116,0.39866053038449323,0.236382636591182,0.03699235361663036,0.7657991720849737
evaluation-005,0,pooled,32,r,5.691845004710354,5.6528122345506775,0.06615036258973944,5.559443053922865,5.7719722023652675
evaluation-005,0,pooled,32,b,1.1055312039303027,1.0767479848607726,0.05889814202852638,0.9729561613673564,1.1712532976801349
evaluation-005,0,pooled,32,g,0.6194436362550116,0.6777637685869936,0.07494417507297679,0.542536356412381,0.7849531919310665
evaluation-005,1,pooled,32,r,5.691845004710354,5.6528122345506775,0.06615036258973944,5.559443053922865,5.7719722023652675
evaluation-005,1,pooled,32,b,1.1055312039303027,1.0767479848607726,0.05889814202852638,0.9729561613673564,1.1712532976801349
evaluation-005,1,pooled,32,g,0.6194436362550116,0.6777637685869936,0.07494417507297679,0.542536356412381,0.7849531919310665
evaluation-005,2,pooled,32,r,5.691845004710354,5.6528122345506775,0.06615036258973944,5.559443053922865,5.7719722023652675
evaluation-005,2,pooled,32,b,1.1055312039303027,1.0767479848607726,0.05889814202852638,0.9729561613673564,1.1712532976801349
evaluation-005,2,pooled,32,g,0.6194436362550116,0.6777637685869936,0.07494417507297679,0.542536356412381,0.7849531919310665
evaluation-005,0,private,32,r,5.691845004710354,5.675887625818037,0.1250739458698088,5.494937441949728,5.9025654887415095
evaluation-005,0,private,32,b,1.1055312039303027,1.066537589986499,0.14730401233619206,0.7974029537444998,1.2854407658036897
evaluation-005,0,private,32,g,0.6194436362550116,0.5062812072755711,0.19159329868161695,0.15724386764053794,0.768688938605004
evaluation-005,1,private,32,r,5.691845004710354,5.675150291070394,0.1506357123662889,5.472285277499949,5.968269229205826
evaluation-005,1,private,32,b,1.1055312039303027,1.8640694377415101,0.685650462088558,0.7177629210858313,2.8982095523868985
evaluation-005,1,private,32,g,0.6194436362550116,0.5994903549358712,0.15135833015763153,0.2946566160207352,0.7848395708319928
evaluation-005,2,private,32,r,5.691845004710354,5.728072448449081,0.11721598959713896,5.563385811137376,5.934544950103053
evaluation-005,2,private,32,b,1.1055312039303027,1.4066975235834607,0.2898378811227413,0.9331099107161429,1.869994449491991
evaluation-005,2,private,32,g,0.6194436362550116,0.3988320863492741,0.22057477506153533,0.04265268425342098,0.751436101096631
evaluation-005,0,prior,64,r,5.691845004710354,4.94627912458626,1.7041574264131087,2.3403908835178564,7.6909006391011925
evaluation-005,0,prior,64,b,1.1055312039303027,1.7720787392865922,0.7325208748227918,0.6268235225567723,2.863735463484663
evaluation-005,0,prior,64,g,0.6194436362550116,0.39866053038449323,0.236382636591182,0.03699235361663036,0.7657991720849737
evaluation-005,1,prior,64,r,5.691845004710354,4.94627912458626,1.7041574264131087,2.3403908835178564,7.6909006391011925
evaluation-005,1,prior,64,b,1.1055312039303027,1.7720787392865922,0.7325208748227918,0.6268235225567723,2.863735463484663
evaluation-005,1,prior,64,g,0.6194436362550116,0.39866053038449323,0.236382636591182,0.03699235361663036,0.7657991720849737
evaluation-005,2,prior,64,r,5.691845004710354,4.94627912458626,1.7041574264131087,2.3403908835178564,7.6909006391011925
evaluation-005,2,prior,64,b,1.1055312039303027,1.7720787392865922,0.7325208748227918,0.6268235225567723,2.863735463484663
evaluation-005,2,prior,64,g,0.6194436362550116,0.39866053038449323,0.236382636591182,0.03699235361663036,0.7657991720849737
evaluation-005,0,pooled,64,r,5.691845004710354,5.650481918455079,0.051850407447648975,5.571410443059576,5.74180790961616
evaluation-005,0,pooled,64,b,1.1055312039303027,1.124053022139918,0.035764258532313235,1.063031769500964,1.1794483245555856
evaluation-005,0,pooled,64,g,0.6194436362550116,0.6403882450904719,0.04440760488458789,0.5651655676744879,0.7110134998969033
evaluation-005,1,pooled,64,r,5.691845004710354,5.650481918455079,0.051850407447648975,5.571410443059576,5.74180790961616
evaluation-005,1,pooled,64,b,1.1055312039303027,1.124053022139918,0.035764258532313235,1.063031769500964,1.1794483245555856
evaluation-005,1,pooled,64,g,0.6194436362550116,0.6403882450904719,0.04440760488458789,0.5651655676744879,0.7110134998969033
evaluation-005,2,pooled,64,r,5.691845004710354,5.650481918455079,0.051850407447648975,5.571410443059576,5.74180790961616
evaluation-005,2,pooled,64,b,1.1055312039303027,1.124053022139918,0.035764258532313235,1.063031769500964,1.1794483245555856
evaluation-005,2,pooled,64,g,0.6194436362550116,0.6403882450904719,0.04440760488458789,0.5651655676744879,0.7110134998969033
evaluation-005,0,private,64,r,5.691845004710354,5.725683163717513,0.10724430306818504,5.556092075286743,5.905165954351284
evaluation-005,0,private,64,b,1.1055312039303027,1.0437045264746254,0.09332634480677317,0.8638160485578674,1.1834531675867381
evaluation-005,0,private,64,g,0.6194436362550116,0.6046818034329043,0.05929854483367357,0.5093612109638433,0.6934696766559154
evaluation-005,1,private,64,r,5.691845004710354,5.592076834400518,0.10541297636496147,5.46489052245938,5.787777637833975
evaluation-005,1,private,64,b,1.1055312039303027,1.2463610804345289,0.08562933952542055,1.0979135012872814,1.3747466458159134
evaluation-005,1,private,64,g,0.6194436362550116,0.6847248708666632,0.09993476652857178,0.48200663088334944,0.7888908546906942
evaluation-005,2,private,64,r,5.691845004710354,5.706522852863295,0.09381644967622607,5.5856753620206945,5.874565485331758
evaluation-005,2,private,64,b,1.1055312039303027,1.101782380712172,0.06173059759746436,0.9906466423757354,1.1945324770581662
evaluation-005,2,private,64,g,0.6194436362550116,0.649566680420727,0.12247560193106316,0.40709385833811224,0.7850477115801329
evaluation-005,0,prior,128,r,5.691845004710354,4.94627912458626,1.7041574264131087,2.3403908835178564,7.6909006391011925
evaluation-005,0,prior,128,b,1.1055312039303027,1.7720787392865922,0.7325208748227918,0.6268235225567723,2.863735463484663
evaluation-005,0,prior,128,g,0.6194436362550116,0.39866053038449323,0.236382636591182,0.03699235361663036,0.7657991720849737
evaluation-005,1,prior,128,r,5.691845004710354,4.94627912458626,1.7041574264131087,2.3403908835178564,7.6909006391011925
evaluation-005,1,prior,128,b,1.1055312039303027,1.7720787392865922,0.7325208748227918,0.6268235225567723,2.863735463484663
evaluation-005,1,prior,128,g,0.6194436362550116,0.39866053038449323,0.236382636591182,0.03699235361663036,0.7657991720849737
evaluation-005,2,prior,128,r,5.691845004710354,4.94627912458626,1.7041574264131087,2.3403908835178564,7.6909006391011925
evaluation-005,2,prior,128,b,1.1055312039303027,1.7720787392865922,0.7325208748227918,0.6268235225567723,2.863735463484663
evaluation-005,2,prior,128,g,0.6194436362550116,0.39866053038449323,0.236382636591182,0.03699235361663036,0.7657991720849737
evaluation-005,0,pooled,128,r,5.691845004710354,5.673219312123581,0.04151799452344614,5.608495531571535,5.740452266226875
evaluation-005,0,pooled,128,b,1.1055312039303027,1.117284560109336,0.02596445456368729,1.0735720952656356,1.1603260513347715
evaluation-005,0,pooled,128,g,0.6194436362550116,0.6277650823026945,0.02646072841025199,0.5831401054782562,0.6723300698165979
evaluation-005,1,pooled,128,r,5.691845004710354,5.673219312123581,0.04151799452344614,5.608495531571535,5.740452266226875
evaluation-005,1,pooled,128,b,1.1055312039303027,1.117284560109336,0.02596445456368729,1.0735720952656356,1.1603260513347715
evaluation-005,1,pooled,128,g,0.6194436362550116,0.6277650823026945,0.02646072841025199,0.5831401054782562,0.6723300698165979
evaluation-005,2,pooled,128,r,5.691845004710354,5.673219312123581,0.04151799452344614,5.608495531571535,5.740452266226875
evaluation-005,2,pooled,128,b,1.1055312039303027,1.117284560109336,0.02596445456368729,1.0735720952656356,1.1603260513347715
evaluation-005,2,pooled,128,g,0.6194436362550116,0.6277650823026945,0.02646072841025199,0.5831401054782562,0.6723300698165979
evaluation-005,0,private,128,r,5.691845004710354,5.635198165073889,0.07071047869048332,5.52531158581834,5.765684942666032
evaluation-005,0,private,128,b,1.1055312039303027,1.10717757373768,0.04716319618670989,1.0261205313401847,1.1839268146740893
evaluation-005,0,private,128,g,0.6194436362550116,0.657967236957919,0.0446416000958028,0.5831341076620606,0.7325692573852634
evaluation-005,1,private,128,r,5.691845004710354,5.757929080931817,0.0860888199848531,5.622114478000351,5.897290951210066
evaluation-005,1,private,128,b,1.1055312039303027,1.1256976871107096,0.04399368398540788,1.053527964995769,1.19197972352192
evaluation-005,1,private,128,g,0.6194436362550116,0.5548643178608821,0.05636737289580497,0.45625079549655184,0.6445359625131625
evaluation-005,2,private,128,r,5.691845004710354,5.682178802641758,0.06967459853031913,5.579593511638461,5.806759646950219
evaluation-005,2,private,128,b,1.1055312039303027,1.088240784472026,0.04348405266383867,1.0127870152885161,1.1551646036478778
evaluation-005,2,private,128,g,0.6194436362550116,0.6829464615814757,0.05735088518020581,0.5784166987147908,0.7661944914517912
evaluation-006,0,prior,0,r,6.465733895854944,4.959366548932044,1.7282699806738335,2.2940362275788497,7.646157147851646
evaluation-006,0,prior,0,b,0.7190334983389566,1.7845913680180283,0.7140213020861317,0.6037018116513946,2.85608153449307
evaluation-006,0,prior,0,g,0.4089092771670947,0.4089284362180758,0.2361519565539037,0.040205916059120723,0.764535703751633
evaluation-006,1,prior,0,r,6.465733895854944,4.959366548932044,1.7282699806738335,2.2940362275788497,7.646157147851646
evaluation-006,1,prior,0,b,0.7190334983389566,1.7845913680180283,0.7140213020861317,0.6037018116513946,2.85608153449307
evaluation-006,1,prior,0,g,0.4089092771670947,0.4089284362180758,0.2361519565539037,0.040205916059120723,0.764535703751633
evaluation-006,2,prior,0,r,6.465733895854944,4.959366548932044,1.7282699806738335,2.2940362275788497,7.646157147851646
evaluation-006,2,prior,0,b,0.7190334983389566,1.7845913680180283,0.7140213020861317,0.6037018116513946,2.85608153449307
evaluation-006,2,prior,0,g,0.4089092771670947,0.4089284362180758,0.2361519565539037,0.040205916059120723,0.764535703751633
evaluation-006,0,pooled,0,r,6.465733895854944,4.959366548932044,1.7282699806738335,2.2940362275788497,7.646157147851646
evaluation-006,0,pooled,0,b,0.7190334983389566,1.7845913680180283,0.7140213020861317,0.6037018116513946,2.85608153449307
evaluation-006,0,pooled,0,g,0.4089092771670947,0.4089284362180758,0.2361519565539037,0.040205916059120723,0.764535703751633
evaluation-006,1,pooled,0,r,6.465733895854944,4.959366548932044,1.7282699806738335,2.2940362275788497,7.646157147851646
evaluation-006,1,pooled,0,b,0.7190334983389566,1.7845913680180283,0.7140213020861317,0.6037018116513946,2.85608153449307
evaluation-006,1,pooled,0,g,0.4089092771670947,0.4089284362180758,0.2361519565539037,0.040205916059120723,0.764535703751633
evaluation-006,2,pooled,0,r,6.465733895854944,4.959366548932044,1.7282699806738335,2.2940362275788497,7.646157147851646
evaluation-006,2,pooled,0,b,0.7190334983389566,1.7845913680180283,0.7140213020861317,0.6037018116513946,2.85608153449307
evaluation-006,2,pooled,0,g,0.4089092771670947,0.4089284362180758,0.2361519565539037,0.040205916059120723,0.764535703751633
evaluation-006,0,private,0,r,6.465733895854944,4.959366548932044,1.7282699806738335,2.2940362275788497,7.646157147851646
evaluation-006,0,private,0,b,0.7190334983389566,1.7845913680180283,0.7140213020861317,0.6037018116513946,2.85608153449307
evaluation-006,0,private,0,g,0.4089092771670947,0.4089284362180758,0.2361519565539037,0.040205916059120723,0.764535703751633
evaluation-006,1,private,0,r,6.465733895854944,4.959366548932044,1.7282699806738335,2.2940362275788497,7.646157147851646
evaluation-006,1,private,0,b,0.7190334983389566,1.7845913680180283,0.7140213020861317,0.6037018116513946,2.85608153449307
evaluation-006,1,private,0,g,0.4089092771670947,0.4089284362180758,0.2361519565539037,0.040205916059120723,0.764535703751633
evaluation-006,2,private,0,r,6.465733895854944,4.959366548932044,1.7282699806738335,2.2940362275788497,7.646157147851646
evaluation-006,2,private,0,b,0.7190334983389566,1.7845913680180283,0.7140213020861317,0.6037018116513946,2.85608153449307
evaluation-006,2,private,0,g,0.4089092771670947,0.4089284362180758,0.2361519565539037,0.040205916059120723,0.764535703751633
evaluation-006,0,prior,4,r,6.465733895854944,4.959366548932044,1.7282699806738335,2.2940362275788497,7.646157147851646
evaluation-006,0,prior,4,b,0.7190334983389566,1.7845913680180283,0.7140213020861317,0.6037018116513946,2.85608153449307
evaluation-006,0,prior,4,g,0.4089092771670947,0.4089284362180758,0.2361519565539037,0.040205916059120723,0.764535703751633
evaluation-006,1,prior,4,r,6.465733895854944,4.959366548932044,1.7282699806738335,2.2940362275788497,7.646157147851646
evaluation-006,1,prior,4,b,0.7190334983389566,1.7845913680180283,0.7140213020861317,0.6037018116513946,2.85608153449307
evaluation-006,1,prior,4,g,0.4089092771670947,0.4089284362180758,0.2361519565539037,0.040205916059120723,0.764535703751633
evaluation-006,2,prior,4,r,6.465733895854944,4.959366548932044,1.7282699806738335,2.2940362275788497,7.646157147851646
evaluation-006,2,prior,4,b,0.7190334983389566,1.7845913680180283,0.7140213020861317,0.6037018116513946,2.85608153449307
evaluation-006,2,prior,4,g,0.4089092771670947,0.4089284362180758,0.2361519565539037,0.040205916059120723,0.764535703751633
evaluation-006,0,pooled,4,r,6.465733895854944,6.574951851358773,0.12281810969966292,6.408385841961825,6.802945668134691
evaluation-006,0,pooled,4,b,0.7190334983389566,1.7058533940079792,0.7001905796081832,0.6321627554812606,2.7606327832845174
evaluation-006,0,pooled,4,g,0.4089092771670947,0.3557956399204964,0.21587472115572692,0.02892340270070859,0.7218003811865208
evaluation-006,1,pooled,4,r,6.465733895854944,6.574951851358773,0.12281810969966292,6.408385841961825,6.802945668134691
evaluation-006,1,pooled,4,b,0.7190334983389566,1.7058533940079792,0.7001905796081832,0.6321627554812606,2.7606327832845174
evaluation-006,1,pooled,4,g,0.4089092771670947,0.3557956399204964,0.21587472115572692,0.02892340270070859,0.7218003811865208
evaluation-006,2,pooled,4,r,6.465733895854944,6.574951851358773,0.12281810969966292,6.408385841961825,6.802945668134691
evaluation-006,2,pooled,4,b,0.7190334983389566,1.7058533940079792,0.7001905796081832,0.6321627554812606,2.7606327832845174
evaluation-006,2,pooled,4,g,0.4089092771670947,0.3557956399204964,0.21587472115572692,0.02892340270070859,0.7218003811865208
evaluation-006,0,private,4,r,6.465733895854944,6.603235045177051,0.13007507192231718,6.40815342886539,6.838340795368712
evaluation-006,0,private,4,b,0.7190334983389566,1.7445017115537038,0.7410039097416807,0.5778889736610989,2.8851051392686333
evaluation-006,0,private,4,g,0.4089092771670947,0.3564127762947397,0.22047617753118715,0.04084108635482248,0.7374470106887957
evaluation-006,1,private,4,r,6.465733895854944,6.670819842497125,0.22667491754278107,6.340534799873266,7.060976691136722
evaluation-006,1,private,4,b,0.7190334983389566,1.6702565585566775,0.7152758339183438,0.5935703219231827,2.851062404423477
evaluation-006,1,private,4,g,0.4089092771670947,0.40332466453233184,0.22996689399277462,0.04227929434130898,0.7531960996547675
evaluation-006,2,private,4,r,6.465733895854944,6.699856662306672,0.3573038110175349,6.235041272370371,7.406062059604608
evaluation-006,2,private,4,b,0.7190334983389566,1.5793779704705968,0.6814461487672078,0.6008271826644527,2.7678655416803957
evaluation-006,2,private,4,g,0.4089092771670947,0.3978808276633417,0.23378389959285686,0.04002118053977577,0.759469982293725
evaluation-006,0,prior,8,r,6.465733895854944,4.959366548932044,1.7282699806738335,2.2940362275788497,7.646157147851646
evaluation-006,0,prior,8,b,0.7190334983389566,1.7845913680180283,0.7140213020861317,0.6037018116513946,2.85608153449307
evaluation-006,0,prior,8,g,0.4089092771670947,0.4089284362180758,0.2361519565539037,0.040205916059120723,0.764535703751633
evaluation-006,1,prior,8,r,6.465733895854944,4.959366548932044,1.7282699806738335,2.2940362275788497,7.646157147851646
evaluation-006,1,prior,8,b,0.7190334983389566,1.7845913680180283,0.7140213020861317,0.6037018116513946,2.85608153449307
evaluation-006,1,prior,8,g,0.4089092771670947,0.4089284362180758,0.2361519565539037,0.040205916059120723,0.764535703751633
evaluation-006,2,prior,8,r,6.465733895854944,4.959366548932044,1.7282699806738335,2.2940362275788497,7.646157147851646
evaluation-006,2,prior,8,b,0.7190334983389566,1.7845913680180283,0.7140213020861317,0.6037018116513946,2.85608153449307
evaluation-006,2,prior,8,g,0.4089092771670947,0.4089284362180758,0.2361519565539037,0.040205916059120723,0.764535703751633
evaluation-006,0,pooled,8,r,6.465733895854944,6.528124631092534,0.09047425360219138,6.4022927454738,6.688473204974187
evaluation-006,0,pooled,8,b,0.7190334983389566,0.9292568614575617,0.24845770106568763,0.549674814977344,1.3335755932733804
evaluation-006,0,pooled,8,g,0.4089092771670947,0.35444434245227124,0.21135866693818972,0.04654601199037869,0.7098101971445882
evaluation-006,1,pooled,8,r,6.465733895854944,6.528124631092534,0.09047425360219138,6.4022927454738,6.688473204974187
evaluation-006,1,pooled,8,b,0.7190334983389566,0.9292568614575617,0.24845770106568763,0.549674814977344,1.3335755932733804
evaluation-006,1,pooled,8,g,0.4089092771670947,0.35444434245227124,0.21135866693818972,0.04654601199037869,0.7098101971445882
evaluation-006,2,pooled,8,r,6.465733895854944,6.528124631092534,0.09047425360219138,6.4022927454738,6.688473204974187
evaluation-006,2,pooled,8,b,0.7190334983389566,0.9292568614575617,0.24845770106568763,0.549674814977344,1.3335755932733804
evaluation-006,2,pooled,8,g,0.4089092771670947,0.35444434245227124,0.21135866693818972,0.04654601199037869,0.7098101971445882
evaluation-006,0,private,8,r,6.465733895854944,6.560943137457107,0.11289695522176528,6.394191138248493,6.759533123958289
evaluation-006,0,private,8,b,0.7190334983389566,1.7612421045746995,0.7379426219663743,0.569420166635608,2.8802164577088063
evaluation-006,0,private,8,g,0.4089092771670947,0.32680304315600317,0.2089929079135856,0.03155460085219594,0.716829350747312
evaluation-006,1,private,8,r,6.465733895854944,6.475580007891221,0.11082845892690285,6.328177551044121,6.671441952734059
evaluation-006,1,private,8,b,0.7190334983389566,1.3593900186249277,0.567340043836153,0.5700431967933638,2.408993434126743
evaluation-006,1,private,8,g,0.4089092771670947,0.35402640725291556,0.23443477017199826,0.019930601162085695,0.7452803895357124
evaluation-006,2,private,8,r,6.465733895854944,6.505219759821836,0.18001848060592002,6.245989944994217,6.827528863833784
evaluation-006,2,private,8,b,0.7190334983389566,1.0083081671527625,0.3122362068893482,0.5522345985801744,1.5437241765415357
evaluation-006,2,private,8,g,0.4089092771670947,0.3889012383008665,0.2271024458889752,0.030662392900432114,0.7553074700671475
evaluation-006,0,prior,16,r,6.465733895854944,4.959366548932044,1.7282699806738335,2.2940362275788497,7.646157147851646
evaluation-006,0,prior,16,b,0.7190334983389566,1.7845913680180283,0.7140213020861317,0.6037018116513946,2.85608153449307
evaluation-006,0,prior,16,g,0.4089092771670947,0.4089284362180758,0.2361519565539037,0.040205916059120723,0.764535703751633
evaluation-006,1,prior,16,r,6.465733895854944,4.959366548932044,1.7282699806738335,2.2940362275788497,7.646157147851646
evaluation-006,1,prior,16,b,0.7190334983389566,1.7845913680180283,0.7140213020861317,0.6037018116513946,2.85608153449307
evaluation-006,1,prior,16,g,0.4089092771670947,0.4089284362180758,0.2361519565539037,0.040205916059120723,0.764535703751633
evaluation-006,2,prior,16,r,6.465733895854944,4.959366548932044,1.7282699806738335,2.2940362275788497,7.646157147851646
evaluation-006,2,prior,16,b,0.7190334983389566,1.7845913680180283,0.7140213020861317,0.6037018116513946,2.85608153449307
evaluation-006,2,prior,16,g,0.4089092771670947,0.4089284362180758,0.2361519565539037,0.040205916059120723,0.764535703751633
evaluation-006,0,pooled,16,r,6.465733895854944,6.554024811327332,0.08551673568624872,6.42157281008298,6.6989220161902825
evaluation-006,0,pooled,16,b,0.7190334983389566,0.6638163006955028,0.1050067617373683,0.5191359118044985,0.8540497242895877
evaluation-006,0,pooled,16,g,0.4089092771670947,0.31725444262341923,0.15157604975156141,0.06709414240046158,0.5677403145878595
evaluation-006,1,pooled,16,r,6.465733895854944,6.554024811327332,0.08551673568624872,6.42157281008298,6.6989220161902825
evaluation-006,1,pooled,16,b,0.7190334983389566,0.6638163006955028,0.1050067617373683,0.5191359118044985,0.8540497242895877
evaluation-006,1,pooled,16,g,0.4089092771670947,0.31725444262341923,0.15157604975156141,0.06709414240046158,0.5677403145878595
evaluation-006,2,pooled,16,r,6.465733895854944,6.554024811327332,0.08551673568624872,6.42157281008298,6.6989220161902825
evaluation-006,2,pooled,16,b,0.7190334983389566,0.6638163006955028,0.1050067617373683,0.5191359118044985,0.8540497242895877
evaluation-006,2,pooled,16,g,0.4089092771670947,0.31725444262341923,0.15157604975156141,0.06709414240046158,0.5677403145878595
evaluation-006,0,private,16,r,6.465733895854944,6.604714226608788,0.1021552375271169,6.432692482525563,6.762293089857238
evaluation-006,0,private,16,b,0.7190334983389566,1.7730620403357504,0.7220863587072522,0.593379427559999,2.853530436155355
evaluation-006,0,private,16,g,0.4089092771670947,0.23881458904982622,0.15282989563688887,0.02430946786433967,0.5159671045476033
evaluation-006,1,private,16,r,6.465733895854944,6.46247588027957,0.10632434967478907,6.326339587117092,6.656875173347923
evaluation-006,1,private,16,b,0.7190334983389566,1.3890015325929135,0.5601456164750699,0.5846946440516474,2.4050826045220877
evaluation-006,1,private,16,g,0.4089092771670947,0.3606321388467514,0.2359368067787053,0.020008337840531555,0.7524322851334654
evaluation-006,2,private,16,r,6.465733895854944,6.4861486079960144,0.11374090320541563,6.3152030178006235,6.687767983215731
evaluation-006,2,private,16,b,0.7190334983389566,0.736137613182628,0.1461260055183161,0.5273766353513324,1.0011376352742203
evaluation-006,2,private,16,g,0.4089092771670947,0.3653161238192012,0.22041525320250782,0.02431646390511022,0.7461285828408211
evaluation-006,0,prior,32,r,6.465733895854944,4.959366548932044,1.7282699806738335,2.2940362275788497,7.646157147851646
evaluation-006,0,prior,32,b,0.7190334983389566,1.7845913680180283,0.7140213020861317,0.6037018116513946,2.85608153449307
evaluation-006,0,prior,32,g,0.4089092771670947,0.4089284362180758,0.2361519565539037,0.040205916059120723,0.764535703751633
evaluation-006,1,prior,32,r,6.465733895854944,4.959366548932044,1.7282699806738335,2.2940362275788497,7.646157147851646
evaluation-006,1,prior,32,b,0.7190334983389566,1.7845913680180283,0.7140213020861317,0.6037018116513946,2.85608153449307
evaluation-006,1,prior,32,g,0.4089092771670947,0.4089284362180758,0.2361519565539037,0.040205916059120723,0.764535703751633
evaluation-006,2,prior,32,r,6.465733895854944,4.959366548932044,1.7282699806738335,2.2940362275788497,7.646157147851646
evaluation-006,2,prior,32,b,0.7190334983389566,1.7845913680180283,0.7140213020861317,0.6037018116513946,2.85608153449307
evaluation-006,2,prior,32,g,0.4089092771670947,0.4089284362180758,0.2361519565539037,0.040205916059120723,0.764535703751633
evaluation-006,0,pooled,32,r,6.465733895854944,6.504903760288249,0.07576315106437659,6.400937334611323,6.646972184537383
evaluation-006,0,pooled,32,b,0.7190334983389566,0.7114388340321414,0.09435569748834913,0.5614678094207807,0.8736930759792737
evaluation-006,0,pooled,32,g,0.4089092771670947,0.39589623306526556,0.13244321001014972,0.16029468805365957,0.5968376011032231
evaluation-006,1,pooled,32,r,6.465733895854944,6.504903760288249,0.07576315106437659,6.400937334611323,6.646972184537383
evaluation-006,1,pooled,32,b,0.7190334983389566,0.7114388340321414,0.09435569748834913,0.5614678094207807,0.8736930759792737
evaluation-006,1,pooled,32,g,0.4089092771670947,0.39589623306526556,0.13244321001014972,0.16029468805365957,0.5968376011032231
evaluation-006,2,pooled,32,r,6.465733895854944,6.504903760288249,0.07576315106437659,6.400937334611323,6.646972184537383
evaluation-006,2,pooled,32,b,0.7190334983389566,0.7114388340321414,0.09435569748834913,0.5614678094207807,0.8736930759792737
evaluation-006,2,pooled,32,g,0.4089092771670947,0.39589623306526556,0.13244321001014972,0.16029468805365957,0.5968376011032231
evaluation-006,0,private,32,r,6.465733895854944,6.579620906292609,0.10319580256266267,6.408883346349308,6.749533084811951
evaluation-006,0,private,32,b,0.7190334983389566,1.7690626034767198,0.7193020066021172,0.5971050049733283,2.852371319886561
evaluation-006,0,private,32,g,0.4089092771670947,0.2730137132507148,0.15646638596769932,0.032721875679552835,0.5299053949316894
evaluation-006,1,private,32,r,6.465733895854944,6.517303189431505,0.10104402137128704,6.375970842511638,6.705809605530481
evaluation-006,1,private,32,b,0.7190334983389566,0.8221408341278603,0.19975761494853708,0.5288772640281844,1.1793793875343723
evaluation-006,1,private,32,g,0.4089092771670947,0.36311982065581627,0.21813583836167916,0.03615175549386133,0.7352471115721746
evaluation-006,2,private,32,r,6.465733895854944,6.461101758262986,0.10707444957515354,6.29795146496709,6.657877563427308
evaluation-006,2,private,32,b,0.7190334983389566,0.7594628660149644,0.12912934504488952,0.5470710655943106,0.9723856924725606
evaluation-006,2,private,32,g,0.4089092771670947,0.3843958672374425,0.21820011111250578,0.03636452655408846,0.7475858666972265
evaluation-006,0,prior,64,r,6.465733895854944,4.959366548932044,1.7282699806738335,2.2940362275788497,7.646157147851646
evaluation-006,0,prior,64,b,0.7190334983389566,1.7845913680180283,0.7140213020861317,0.6037018116513946,2.85608153449307
evaluation-006,0,prior,64,g,0.4089092771670947,0.4089284362180758,0.2361519565539037,0.040205916059120723,0.764535703751633
evaluation-006,1,prior,64,r,6.465733895854944,4.959366548932044,1.7282699806738335,2.2940362275788497,7.646157147851646
evaluation-006,1,prior,64,b,0.7190334983389566,1.7845913680180283,0.7140213020861317,0.6037018116513946,2.85608153449307
evaluation-006,1,prior,64,g,0.4089092771670947,0.4089284362180758,0.2361519565539037,0.040205916059120723,0.764535703751633
evaluation-006,2,prior,64,r,6.465733895854944,4.959366548932044,1.7282699806738335,2.2940362275788497,7.646157147851646
evaluation-006,2,prior,64,b,0.7190334983389566,1.7845913680180283,0.7140213020861317,0.6037018116513946,2.85608153449307
evaluation-006,2,prior,64,g,0.4089092771670947,0.4089284362180758,0.2361519565539037,0.040205916059120723,0.764535703751633
evaluation-006,0,pooled,64,r,6.465733895854944,6.518433133192176,0.0534599917170935,6.429921351496174,6.610187732044255
evaluation-006,0,pooled,64,b,0.7190334983389566,0.7584397319417582,0.04070900745520315,0.6918144923871047,0.8259986724073067
evaluation-006,0,pooled,64,g,0.4089092771670947,0.27902693405530565,0.05818750237391492,0.18019461319894195,0.37030199272955205
evaluation-006,1,pooled,64,r,6.465733895854944,6.518433133192176,0.0534599917170935,6.429921351496174,6.610187732044255
evaluation-006,1,pooled,64,b,0.7190334983389566,0.7584397319417582,0.04070900745520315,0.6918144923871047,0.8259986724073067
evaluation-006,1,pooled,64,g,0.4089092771670947,0.27902693405530565,0.05818750237391492,0.18019461319894195,0.37030199272955205
evaluation-006,2,pooled,64,r,6.465733895854944,6.518433133192176,0.0534599917170935,6.429921351496174,6.610187732044255
evaluation-006,2,pooled,64,b,0.7190334983389566,0.7584397319417582,0.04070900745520315,0.6918144923871047,0.8259986724073067
evaluation-006,2,pooled,64,g,0.4089092771670947,0.27902693405530565,0.05818750237391492,0.18019461319894195,0.37030199272955205
evaluation-006,0,private,64,r,6.465733895854944,6.619529129671199,0.08087833795576091,6.488584518437572,6.748955884229084
evaluation-006,0,private,64,b,0.7190334983389566,0.7621604536660205,0.06716627596594708,0.6547522065284219,0.8769468414373388
evaluation-006,0,private,64,g,0.4089092771670947,0.18132723051452496,0.09723170805369169,0.026296997150476505,0.331319410353999
evaluation-006,1,private,64,r,6.465733895854944,6.492856919595617,0.09298950276701053,6.355814361144215,6.660541601460888
evaluation-006,1,private,64,b,0.7190334983389566,0.7231702390821003,0.08088842038895405,0.5886715159054249,0.860086988188288
evaluation-006,1,private,64,g,0.4089092771670947,0.50627825024124,0.19609244082358865,0.16529162532778302,0.7807353200823924
evaluation-006,2,private,64,r,6.465733895854944,6.439609303716676,0.09843840729599102,6.2941062133461685,6.613155706623369
evaluation-006,2,private,64,b,0.7190334983389566,0.7841393946923455,0.12628222997701152,0.5747118665949141,0.984944714264937
evaluation-006,2,private,64,g,0.4089092771670947,0.27836335501331927,0.0798536982995029,0.1557232146226185,0.41990068188393326
evaluation-006,0,prior,128,r,6.465733895854944,4.959366548932044,1.7282699806738335,2.2940362275788497,7.646157147851646
evaluation-006,0,prior,128,b,0.7190334983389566,1.7845913680180283,0.7140213020861317,0.6037018116513946,2.85608153449307
evaluation-006,0,prior,128,g,0.4089092771670947,0.4089284362180758,0.2361519565539037,0.040205916059120723,0.764535703751633
evaluation-006,1,prior,128,r,6.465733895854944,4.959366548932044,1.7282699806738335,2.2940362275788497,7.646157147851646
evaluation-006,1,prior,128,b,0.7190334983389566,1.7845913680180283,0.7140213020861317,0.6037018116513946,2.85608153449307
evaluation-006,1,prior,128,g,0.4089092771670947,0.4089284362180758,0.2361519565539037,0.040205916059120723,0.764535703751633
evaluation-006,2,prior,128,r,6.465733895854944,4.959366548932044,1.7282699806738335,2.2940362275788497,7.646157147851646
evaluation-006,2,prior,128,b,0.7190334983389566,1.7845913680180283,0.7140213020861317,0.6037018116513946,2.85608153449307
evaluation-006,2,prior,128,g,0.4089092771670947,0.4089284362180758,0.2361519565539037,0.040205916059120723,0.764535703751633
evaluation-006,0,pooled,128,r,6.465733895854944,6.480679024832962,0.040982629342155456,6.414202712967977,6.55277183891786
evaluation-006,0,pooled,128,b,0.7190334983389566,0.7475011856516605,0.023743868346882312,0.7065279172378709,0.7847407265719161
evaluation-006,0,pooled,128,g,0.4089092771670947,0.3497945939482945,0.035648837741251715,0.29004249246898767,0.4085996565106338
evaluation-006,1,pooled,128,r,6.465733895854944,6.480679024832962,0.040982629342155456,6.414202712967977,6.55277183891786
evaluation-006,1,pooled,128,b,0.7190334983389566,0.7475011856516605,0.023743868346882312,0.7065279172378709,0.7847407265719161
evaluation-006,1,pooled,128,g,0.4089092771670947,0.3497945939482945,0.035648837741251715,0.29004249246898767,0.4085996565106338
evaluation-006,2,pooled,128,r,6.465733895854944,6.480679024832962,0.040982629342155456,6.414202712967977,6.55277183891786
evaluation-006,2,pooled,128,b,0.7190334983389566,0.7475011856516605,0.023743868346882312,0.7065279172378709,0.7847407265719161
evaluation-006,2,pooled,128,g,0.4089092771670947,0.3497945939482945,0.035648837741251715,0.29004249246898767,0.4085996565106338
evaluation-006,0,private,128,r,6.465733895854944,6.5279672868972805,0.06763560310226478,6.423213859368019,6.648381554837157
evaluation-006,0,private,128,b,0.7190334983389566,0.7417537682293925,0.04447259573883779,0.6654089806563197,0.8095980397119202
evaluation-006,0,private,128,g,0.4089092771670947,0.30617567487312436,0.06820865872974606,0.18350113665113676,0.41331961416292196
evaluation-006,1,private,128,r,6.465733895854944,6.5611353864422375,0.08840087007182251,6.426977741152685,6.718330953067849
evaluation-006,1,private,128,b,0.7190334983389566,0.7041510278261501,0.048182423552755635,0.6211839317855347,0.7767498187311445
evaluation-006,1,private,128,g,0.4089092771670947,0.3429128080794771,0.06661127538419986,0.22753485102876217,0.4482614151541652
evaluation-006,2,private,128,r,6.465733895854944,6.418768984508582,0.0682946613698516,6.320713176438314,6.541935003850124
evaluation-006,2,private,128,b,0.7190334983389566,0.7848488447111506,0.0498966701560843,0.6986907479854754,0.8655349615315998
evaluation-006,2,private,128,g,0.4089092771670947,0.3570361938276873,0.055197808398075816,0.2609911537449457,0.4438645574835389
evaluation-007,0,prior,0,r,5.595372090842165,4.98135368831395,1.7616756764475132,2.32587482024647,7.747328632714871
evaluation-007,0,prior,0,b,2.1857880456645447,1.766547548050168,0.7229482976295751,0.6293982926311963,2.8858566286364913
evaluation-007,0,prior,0,g,0.4033341141144739,0.3879638770542085,0.23084831093650257,0.03415492112361909,0.7521585983333294
evaluation-007,1,prior,0,r,5.595372090842165,4.98135368831395,1.7616756764475132,2.32587482024647,7.747328632714871
evaluation-007,1,prior,0,b,2.1857880456645447,1.766547548050168,0.7229482976295751,0.6293982926311963,2.8858566286364913
evaluation-007,1,prior,0,g,0.4033341141144739,0.3879638770542085,0.23084831093650257,0.03415492112361909,0.7521585983333294
evaluation-007,2,prior,0,r,5.595372090842165,4.98135368831395,1.7616756764475132,2.32587482024647,7.747328632714871
evaluation-007,2,prior,0,b,2.1857880456645447,1.766547548050168,0.7229482976295751,0.6293982926311963,2.8858566286364913
evaluation-007,2,prior,0,g,0.4033341141144739,0.3879638770542085,0.23084831093650257,0.03415492112361909,0.7521585983333294
evaluation-007,0,pooled,0,r,5.595372090842165,4.98135368831395,1.7616756764475132,2.32587482024647,7.747328632714871
evaluation-007,0,pooled,0,b,2.1857880456645447,1.766547548050168,0.7229482976295751,0.6293982926311963,2.8858566286364913
evaluation-007,0,pooled,0,g,0.4033341141144739,0.3879638770542085,0.23084831093650257,0.03415492112361909,0.7521585983333294
evaluation-007,1,pooled,0,r,5.595372090842165,4.98135368831395,1.7616756764475132,2.32587482024647,7.747328632714871
evaluation-007,1,pooled,0,b,2.1857880456645447,1.766547548050168,0.7229482976295751,0.6293982926311963,2.8858566286364913
evaluation-007,1,pooled,0,g,0.4033341141144739,0.3879638770542085,0.23084831093650257,0.03415492112361909,0.7521585983333294
evaluation-007,2,pooled,0,r,5.595372090842165,4.98135368831395,1.7616756764475132,2.32587482024647,7.747328632714871
evaluation-007,2,pooled,0,b,2.1857880456645447,1.766547548050168,0.7229482976295751,0.6293982926311963,2.8858566286364913
evaluation-007,2,pooled,0,g,0.4033341141144739,0.3879638770542085,0.23084831093650257,0.03415492112361909,0.7521585983333294
evaluation-007,0,private,0,r,5.595372090842165,4.98135368831395,1.7616756764475132,2.32587482024647,7.747328632714871
evaluation-007,0,private,0,b,2.1857880456645447,1.766547548050168,0.7229482976295751,0.6293982926311963,2.8858566286364913
evaluation-007,0,private,0,g,0.4033341141144739,0.3879638770542085,0.23084831093650257,0.03415492112361909,0.7521585983333294
evaluation-007,1,private,0,r,5.595372090842165,4.98135368831395,1.7616756764475132,2.32587482024647,7.747328632714871
evaluation-007,1,private,0,b,2.1857880456645447,1.766547548050168,0.7229482976295751,0.6293982926311963,2.8858566286364913
evaluation-007,1,private,0,g,0.4033341141144739,0.3879638770542085,0.23084831093650257,0.03415492112361909,0.7521585983333294
evaluation-007,2,private,0,r,5.595372090842165,4.98135368831395,1.7616756764475132,2.32587482024647,7.747328632714871
evaluation-007,2,private,0,b,2.1857880456645447,1.766547548050168,0.7229482976295751,0.6293982926311963,2.8858566286364913
evaluation-007,2,private,0,g,0.4033341141144739,0.3879638770542085,0.23084831093650257,0.03415492112361909,0.7521585983333294
evaluation-007,0,prior,4,r,5.595372090842165,4.98135368831395,1.7616756764475132,2.32587482024647,7.747328632714871
evaluation-007,0,prior,4,b,2.1857880456645447,1.766547548050168,0.7229482976295751,0.6293982926311963,2.8858566286364913
evaluation-007,0,prior,4,g,0.4033341141144739,0.3879638770542085,0.23084831093650257,0.03415492112361909,0.7521585983333294
evaluation-007,1,prior,4,r,5.595372090842165,4.98135368831395,1.7616756764475132,2.32587482024647,7.747328632714871
evaluation-007,1,prior,4,b,2.1857880456645447,1.766547548050168,0.7229482976295751,0.6293982926311963,2.8858566286364913
evaluation-007,1,prior,4,g,0.4033341141144739,0.3879638770542085,0.23084831093650257,0.03415492112361909,0.7521585983333294
evaluation-007,2,prior,4,r,5.595372090842165,4.98135368831395,1.7616756764475132,2.32587482024647,7.747328632714871
evaluation-007,2,prior,4,b,2.1857880456645447,1.766547548050168,0.7229482976295751,0.6293982926311963,2.8858566286364913
evaluation-007,2,prior,4,g,0.4033341141144739,0.3879638770542085,0.23084831093650257,0.03415492112361909,0.7521585983333294
evaluation-007,0,pooled,4,r,5.595372090842165,5.470761770067858,0.1943515802053162,5.195758838418317,5.82016425526688
evaluation-007,0,pooled,4,b,2.1857880456645447,1.910349436623482,0.6790260623552654,0.7186761313301472,2.904674291603152
evaluation-007,0,pooled,4,g,0.4033341141144739,0.4061908517198435,0.23076045636854478,0.04628291642692384,0.7602043726050774
evaluation-007,1,pooled,4,r,5.595372090842165,5.470761770067858,0.1943515802053162,5.195758838418317,5.82016425526688
evaluation-007,1,pooled,4,b,2.1857880456645447,1.910349436623482,0.6790260623552654,0.7186761313301472,2.904674291603152
evaluation-007,1,pooled,4,g,0.4033341141144739,0.4061908517198435,0.23076045636854478,0.04628291642692384,0.7602043726050774
evaluation-007,2,pooled,4,r,5.595372090842165,5.470761770067858,0.1943515802053162,5.195758838418317,5.82016425526688
evaluation-007,2,pooled,4,b,2.1857880456645447,1.910349436623482,0.6790260623552654,0.7186761313301472,2.904674291603152
evaluation-007,2,pooled,4,g,0.4033341141144739,0.4061908517198435,0.23076045636854478,0.04628291642692384,0.7602043726050774
evaluation-007,0,private,4,r,5.595372090842165,5.508792939471078,0.22194641474011084,5.168377802758518,5.878562826318178
evaluation-007,0,private,4,b,2.1857880456645447,1.844938700390815,0.7203766823522058,0.6466927359258274,2.909719136071123
evaluation-007,0,private,4,g,0.4033341141144739,0.4114383807304172,0.22437514366185832,0.039458085126407555,0.76639640062468
evaluation-007,1,private,4,r,5.595372090842165,5.4772581564083875,0.25004560212517124,5.054939353568365,5.864832698014619
evaluation-007,1,private,4,b,2.1857880456645447,1.8878882904283898,0.6759203731610259,0.6941683361995395,2.8846286863095822
evaluation-007,1,private,4,g,0.4033341141144739,0.39510344552697235,0.2328948511412589,0.032096936951055074,0.7476792003156925
evaluation-007,2,private,4,r,5.595372090842165,5.546264882307276,0.27030281318126675,5.165723563086831,5.998744177830338
evaluation-007,2,private,4,b,2.1857880456645447,1.716960984206698,0.7256949626636885,0.5860936302235171,2.9007784565361927
evaluation-007,2,private,4,g,0.4033341141144739,0.40469636515628654,0.2341453232686223,0.040757454408360205,0.753836006443468
evaluation-007,0,prior,8,r,5.595372090842165,4.98135368831395,1.7616756764475132,2.32587482024647,7.747328632714871
evaluation-007,0,prior,8,b,2.1857880456645447,1.766547548050168,0.7229482976295751,0.6293982926311963,2.8858566286364913
evaluation-007,0,prior,8,g,0.4033341141144739,0.3879638770542085,0.23084831093650257,0.03415492112361909,0.7521585983333294
evaluation-007,1,prior,8,r,5.595372090842165,4.98135368831395,1.7616756764475132,2.32587482024647,7.747328632714871
evaluation-007,1,prior,8,b,2.1857880456645447,1.766547548050168,0.7229482976295751,0.6293982926311963,2.8858566286364913
evaluation-007,1,prior,8,g,0.4033341141144739,0.3879638770542085,0.23084831093650257,0.03415492112361909,0.7521585983333294
evaluation-007,2,prior,8,r,5.595372090842165,4.98135368831395,1.7616756764475132,2.32587482024647,7.747328632714871
evaluation-007,2,prior,8,b,2.1857880456645447,1.766547548050168,0.7229482976295751,0.6293982926311963,2.8858566286364913
evaluation-007,2,prior,8,g,0.4033341141144739,0.3879638770542085,0.23084831093650257,0.03415492112361909,0.7521585983333294
evaluation-007,0,pooled,8,r,5.595372090842165,5.608237654782942,0.09801398999901048,5.456821773228123,5.783029711292531
evaluation-007,0,pooled,8,b,2.1857880456645447,1.9991459113834575,0.3415478339341131,1.4285421409959778,2.517662626897941
evaluation-007,0,pooled,8,g,0.4033341141144739,0.44271177997569805,0.22596752680463003,0.05813961984766683,0.7753446784929034
evaluation-007,1,pooled,8,r,5.595372090842165,5.608237654782942,0.09801398999901048,5.456821773228123,5.783029711292531
evaluation-007,1,pooled,8,b,2.1857880456645447,1.9991459113834575,0.3415478339341131,1.4285421409959778,2.517662626897941
evaluation-007,1,pooled,8,g,0.4033341141144739,0.44271177997569805,0.22596752680463003,0.05813961984766683,0.7753446784929034
evaluation-007,2,pooled,8,r,5.595372090842165,5.608237654782942,0.09801398999901048,5.456821773228123,5.783029711292531
evaluation-007,2,pooled,8,b,2.1857880456645447,1.9991459113834575,0.3415478339341131,1.4285421409959778,2.517662626897941
evaluation-007,2,pooled,8,g,0.4033341141144739,0.44271177997569805,0.22596752680463003,0.05813961984766683,0.7753446784929034
evaluation-007,0,private,8,r,5.595372090842165,5.460199240053032,0.18542219965844525,5.162127118431119,5.778472372828314
evaluation-007,0,private,8,b,2.1857880456645447,1.8764136577316644,0.7034007737848453,0.6703241740269247,2.907226237227442
evaluation-007,0,private,8,g,0.4033341141144739,0.4121518735415759,0.22649610291094702,0.04208912960811313,0.7687454284417524
evaluation-007,1,private,8,r,5.595372090842165,5.558427551159135,0.21094612951375583,5.210454179420515,5.885134298009484
evaluation-007,1,private,8,b,2.1857880456645447,2.120173898823025,0.5454146741514204,1.14833589062985,2.883678056752294
evaluation-007,1,private,8,g,0.4033341141144739,0.40057735803746325,0.2294556385186138,0.03165990143200753,0.7502468114383662
evaluation-007,2,private,8,r,5.595372090842165,5.638735128194711,0.10718763134018117,5.474407028487344,5.806821838103503
evaluation-007,2,private,8,b,2.1857880456645447,1.7904606760515855,0.7107387736224264,0.6329394282638982,2.9058397098255484
evaluation-007,2,private,8,g,0.4033341141144739,0.40295795953867053,0.2358295675839878,0.040764811980723126,0.7688050407638213
evaluation-007,0,prior,16,r,5.595372090842165,4.98135368831395,1.7616756764475132,2.32587482024647,7.747328632714871
evaluation-007,0,prior,16,b,2.1857880456645447,1.766547548050168,0.7229482976295751,0.6293982926311963,2.8858566286364913
evaluation-007,0,prior,16,g,0.4033341141144739,0.3879638770542085,0.23084831093650257,0.03415492112361909,0.7521585983333294
evaluation-007,1,prior,16,r,5.595372090842165,4.98135368831395,1.7616756764475132,2.32587482024647,7.747328632714871
evaluation-007,1,prior,16,b,2.1857880456645447,1.766547548050168,0.7229482976295751,0.6293982926311963,2.8858566286364913
evaluation-007,1,prior,16,g,0.4033341141144739,0.3879638770542085,0.23084831093650257,0.03415492112361909,0.7521585983333294
evaluation-007,2,prior,16,r,5.595372090842165,4.98135368831395,1.7616756764475132,2.32587482024647,7.747328632714871
evaluation-007,2,prior,16,b,2.1857880456645447,1.766547548050168,0.7229482976295751,0.6293982926311963,2.8858566286364913
evaluation-007,2,prior,16,g,0.4033341141144739,0.3879638770542085,0.23084831093650257,0.03415492112361909,0.7521585983333294
evaluation-007,0,pooled,16,r,5.595372090842165,5.554901577452708,0.10295707875106191,5.399760574680454,5.731173438948607
evaluation-007,0,pooled,16,b,2.1857880456645447,2.246081461427082,0.13930800738791255,2.020295639384462,2.4729819316077344
evaluation-007,0,pooled,16,g,0.4033341141144739,0.4509456916745974,0.205658360641331,0.08980027786665115,0.760047283959159
evaluation-007,1,pooled,16,r,5.595372090842165,5.554901577452708,0.10295707875106191,5.399760574680454,5.731173438948607
evaluation-007,1,pooled,16,b,2.1857880456645447,2.246081461427082,0.13930800738791255,2.020295639384462,2.4729819316077344
evaluation-007,1,pooled,16,g,0.4033341141144739,0.4509456916745974,0.205658360641331,0.08980027786665115,0.760047283959159
evaluation-007,2,pooled,16,r,5.595372090842165,5.554901577452708,0.10295707875106191,5.399760574680454,5.731173438948607
evaluation-007,2,pooled,16,b,2.1857880456645447,2.246081461427082,0.13930800738791255,2.020295639384462,2.4729819316077344
evaluation-007,2,pooled,16,g,0.4033341141144739,0.4509456916745974,0.205658360641331,0.08980027786665115,0.760047283959159
evaluation-007,0,private,16,r,5.595372090842165,5.435175848267278,0.1914687580550393,5.134247604895761,5.7720879706327155
evaluation-007,0,private,16,b,2.1857880456645447,2.2461787495687133,0.5686780210380924,1.1365172169297872,2.950476527190971
evaluation-007,0,private,16,g,0.4033341141144739,0.4592532297339612,0.21721161510001616,0.0642116549763065,0.7714552643921748
evaluation-007,1,private,16,r,5.595372090842165,5.47351829193011,0.18460443600210494,5.211714690038797,5.790073785162218
evaluation-007,1,private,16,b,2.1857880456645447,2.358236695066629,0.23818029623135806,1.9645552033845703,2.735285209548256
evaluation-007,1,private,16,g,0.4033341141144739,0.4032924204519168,0.22762486611085678,0.05165900688221378,0.7606244970839133
evaluation-007,2,private,16,r,5.595372090842165,5.629334532481411,0.10791268757835354,5.432734805363324,5.786387149152882
evaluation-007,2,private,16,b,2.1857880456645447,1.783402309474337,0.7199830150048082,0.6328582643737245,2.8725194151222735
evaluation-007,2,private,16,g,0.4033341141144739,0.32756763170326847,0.20517935650818894,0.03503187615298271,0.6943141006299433
evaluation-007,0,prior,32,r,5.595372090842165,4.98135368831395,1.7616756764475132,2.32587482024647,7.747328632714871
evaluation-007,0,prior,32,b,2.1857880456645447,1.766547548050168,0.7229482976295751,0.6293982926311963,2.8858566286364913
evaluation-007,0,prior,32,g,0.4033341141144739,0.3879638770542085,0.23084831093650257,0.03415492112361909,0.7521585983333294
evaluation-007,1,prior,32,r,5.595372090842165,4.98135368831395,1.7616756764475132,2.32587482024647,7.747328632714871
evaluation-007,1,prior,32,b,2.1857880456645447,1.766547548050168,0.7229482976295751,0.6293982926311963,2.8858566286364913
evaluation-007,1,prior,32,g,0.4033341141144739,0.3879638770542085,0.23084831093650257,0.03415492112361909,0.7521585983333294
evaluation-007,2,prior,32,r,5.595372090842165,4.98135368831395,1.7616756764475132,2.32587482024647,7.747328632714871
evaluation-007,2,prior,32,b,2.1857880456645447,1.766547548050168,0.7229482976295751,0.6293982926311963,2.8858566286364913
evaluation-007,2,prior,32,g,0.4033341141144739,0.3879638770542085,0.23084831093650257,0.03415492112361909,0.7521585983333294
evaluation-007,0,pooled,32,r,5.595372090842165,5.580211787710807,0.0603700890228478,5.4874185347009465,5.684362676592406
evaluation-007,0,pooled,32,b,2.1857880456645447,2.093539266989574,0.041488098552930265,2.0237245781870024,2.159866160552836
evaluation-007,0,pooled,32,g,0.4033341141144739,0.4475803028202913,0.07988779373655569,0.31466824198982346,0.5723045703662705
evaluation-007,1,pooled,32,r,5.595372090842165,5.580211787710807,0.0603700890228478,5.4874185347009465,5.684362676592406
evaluation-007,1,pooled,32,b,2.1857880456645447,2.093539266989574,0.041488098552930265,2.0237245781870024,2.159866160552836
evaluation-007,1,pooled,32,g,0.4033341141144739,0.4475803028202913,0.07988779373655569,0.31466824198982346,0.5723045703662705
evaluation-007,2,pooled,32,r,5.595372090842165,5.580211787710807,0.0603700890228478,5.4874185347009465,5.684362676592406
evaluation-007,2,pooled,32,b,2.1857880456645447,2.093539266989574,0.041488098552930265,2.0237245781870024,2.159866160552836
evaluation-007,2,pooled,32,g,0.4033341141144739,0.4475803028202913,0.07988779373655569,0.31466824198982346,0.5723045703662705
evaluation-007,0,private,32,r,5.595372090842165,5.377206649310536,0.13876952260507328,5.172422535863087,5.635423196504172
evaluation-007,0,private,32,b,2.1857880456645447,2.424873840120365,0.2092569043899425,2.082448053967365,2.755472424070673
evaluation-007,0,private,32,g,0.4033341141144739,0.3048485716042118,0.19434099222226345,0.035095053787255484,0.658084549697443
evaluation-007,1,private,32,r,5.595372090842165,5.560311290946361,0.14316681907036924,5.351774131924492,5.815773057060114
evaluation-007,1,private,32,b,2.1857880456645447,2.1709004917057944,0.1226163306137181,1.964275571487643,2.356813133320638
evaluation-007,1,private,32,g,0.4033341141144739,0.27549081760653066,0.19009518477064183,0.0279997445568391,0.645023649204928
evaluation-007,2,private,32,r,5.595372090842165,5.536402035036893,0.08704380573397916,5.404992923468093,5.691219099706512
evaluation-007,2,private,32,b,2.1857880456645447,2.0842852672929406,0.5607840078562477,1.0851509168969642,2.8787856828296388
evaluation-007,2,private,32,g,0.4033341141144739,0.5500211656808623,0.13158573330930826,0.32095409433406286,0.7428542998225243
evaluation-007,0,prior,64,r,5.595372090842165,4.98135368831395,1.7616756764475132,2.32587482024647,7.747328632714871
evaluation-007,0,prior,64,b,2.1857880456645447,1.766547548050168,0.7229482976295751,0.6293982926311963,2.8858566286364913
evaluation-007,0,prior,64,g,0.4033341141144739,0.3879638770542085,0.23084831093650257,0.03415492112361909,0.7521585983333294
evaluation-007,1,prior,64,r,5.595372090842165,4.98135368831395,1.7616756764475132,2.32587482024647,7.747328632714871
evaluation-007,1,prior,64,b,2.1857880456645447,1.766547548050168,0.7229482976295751,0.6293982926311963,2.8858566286364913
evaluation-007,1,prior,64,g,0.4033341141144739,0.3879638770542085,0.23084831093650257,0.03415492112361909,0.7521585983333294
evaluation-007,2,prior,64,r,5.595372090842165,4.98135368831395,1.7616756764475132,2.32587482024647,7.747328632714871
evaluation-007,2,prior,64,b,2.1857880456645447,1.766547548050168,0.7229482976295751,0.6293982926311963,2.8858566286364913
evaluation-007,2,prior,64,g,0.4033341141144739,0.3879638770542085,0.23084831093650257,0.03415492112361909,0.7521585983333294
evaluation-007,0,pooled,64,r,5.595372090842165,5.559153427992468,0.0414632605176686,5.49610196073141,5.629957425412365
evaluation-007,0,pooled,64,b,2.1857880456645447,2.1146101023140056,0.030861803193470462,2.060914915757137,2.1644023465410953
evaluation-007,0,pooled,64,g,0.4033341141144739,0.4752868697750896,0.03947315133623732,0.40580982013436584,0.5382102431833532
evaluation-007,1,pooled,64,r,5.595372090842165,5.559153427992468,0.0414632605176686,5.49610196073141,5.629957425412365
evaluation-007,1,pooled,64,b,2.1857880456645447,2.1146101023140056,0.030861803193470462,2.060914915757137,2.1644023465410953
evaluation-007,1,pooled,64,g,0.4033341141144739,0.4752868697750896,0.03947315133623732,0.40580982013436584,0.5382102431833532
evaluation-007,2,pooled,64,r,5.595372090842165,5.559153427992468,0.0414632605176686,5.49610196073141,5.629957425412365
evaluation-007,2,pooled,64,b,2.1857880456645447,2.1146101023140056,0.030861803193470462,2.060914915757137,2.1644023465410953
evaluation-007,2,pooled,64,g,0.4033341141144739,0.4752868697750896,0.03947315133623732,0.40580982013436584,0.5382102431833532
evaluation-007,0,private,64,r,5.595372090842165,5.311514723199018,0.10546857530310462,5.170040992542914,5.507207601608401
evaluation-007,0,private,64,b,2.1857880456645447,2.2456333092041554,0.07334685826712732,2.118114261275104,2.353835799636035
evaluation-007,0,private,64,g,0.4033341141144739,0.5539581431339001,0.14218437463896128,0.2983305948361721,0.7606811408923259
evaluation-007,1,private,64,r,5.595372090842165,5.605666769720316,0.1321157161275068,5.404330566509817,5.831904882623151
evaluation-007,1,private,64,b,2.1857880456645447,2.1164357029693153,0.08636513784405979,1.964522596359941,2.2502528231943177
evaluation-007,1,private,64,g,0.4033341141144739,0.40727335558125793,0.06840524097040697,0.28949282612008026,0.5100320937930557
evaluation-007,2,private,64,r,5.595372090842165,5.502302151905161,0.06977701942102782,5.392917005669278,5.6208744796738985
evaluation-007,2,private,64,b,2.1857880456645447,2.1261346882421743,0.07823205555088093,2.003376682164074,2.2476869904057564
evaluation-007,2,private,64,g,0.4033341141144739,0.5908037551175366,0.08989051263971792,0.4352024170385026,0.7324230512849259
evaluation-007,0,prior,128,r,5.595372090842165,4.98135368831395,1.7616756764475132,2.32587482024647,7.747328632714871
evaluation-007,0,prior,128,b,2.1857880456645447,1.766547548050168,0.7229482976295751,0.6293982926311963,2.8858566286364913
evaluation-007,0,prior,128,g,0.4033341141144739,0.3879638770542085,0.23084831093650257,0.03415492112361909,0.7521585983333294
evaluation-007,1,prior,128,r,5.595372090842165,4.98135368831395,1.7616756764475132,2.32587482024647,7.747328632714871
evaluation-007,1,prior,128,b,2.1857880456645447,1.766547548050168,0.7229482976295751,0.6293982926311963,2.8858566286364913
evaluation-007,1,prior,128,g,0.4033341141144739,0.3879638770542085,0.23084831093650257,0.03415492112361909,0.7521585983333294
evaluation-007,2,prior,128,r,5.595372090842165,4.98135368831395,1.7616756764475132,2.32587482024647,7.747328632714871
evaluation-007,2,prior,128,b,2.1857880456645447,1.766547548050168,0.7229482976295751,0.6293982926311963,2.8858566286364913
evaluation-007,2,prior,128,g,0.4033341141144739,0.3879638770542085,0.23084831093650257,0.03415492112361909,0.7521585983333294
evaluation-007,0,pooled,128,r,5.595372090842165,5.562367484583643,0.033882158725338236,5.507982628424543,5.617228710742069
evaluation-007,0,pooled,128,b,2.1857880456645447,2.126283851392281,0.022142247442096776,2.0916203791997496,2.164664410990433
evaluation-007,0,pooled,128,g,0.4033341141144739,0.47402642822610974,0.0275177038134548,0.42565074043691303,0.5191577751021099
evaluation-007,1,pooled,128,r,5.595372090842165,5.562367484583643,0.033882158725338236,5.507982628424543,5.617228710742069
evaluation-007,1,pooled,128,b,2.1857880456645447,2.126283851392281,0.022142247442096776,2.0916203791997496,2.164664410990433
evaluation-007,1,pooled,128,g,0.4033341141144739,0.47402642822610974,0.0275177038134548,0.42565074043691303,0.5191577751021099
evaluation-007,2,pooled,128,r,5.595372090842165,5.562367484583643,0.033882158725338236,5.507982628424543,5.617228710742069
evaluation-007,2,pooled,128,b,2.1857880456645447,2.126283851392281,0.022142247442096776,2.0916203791997496,2.164664410990433
evaluation-007,2,pooled,128,g,0.4033341141144739,0.47402642822610974,0.0275177038134548,0.42565074043691303,0.5191577751021099
evaluation-007,0,private,128,r,5.595372090842165,5.358024043911814,0.0804635533185228,5.235737242279808,5.496163575246199
evaluation-007,0,private,128,b,2.1857880456645447,2.2049420242688,0.03704591429675965,2.1383469356420326,2.2613401035067646
evaluation-007,0,private,128,g,0.4033341141144739,0.5905929532882405,0.053183174842704115,0.49911415826392963,0.6729806033439653
evaluation-007,1,private,128,r,5.595372090842165,5.60053835175569,0.08852680840764046,5.4723578465825815,5.7525431761813115
evaluation-007,1,private,128,b,2.1857880456645447,2.1137820848311573,0.05905866570042787,2.004892695580882,2.2008017459232305
evaluation-007,1,private,128,g,0.4033341141144739,0.41908424018174345,0.04389190869490671,0.3427174576252629,0.4907730289724714
evaluation-007,2,private,128,r,5.595372090842165,5.558683330867895,0.047349463361001105,5.483281145583887,5.639501843287988
evaluation-007,2,private,128,b,2.1857880456645447,2.07226010120289,0.03394703929922483,2.0180354668419858,2.133998131709575
evaluation-007,2,private,128,g,0.4033341141144739,0.5129589254738771,0.048137797508747665,0.43170752497716297,0.5898050450381285
evaluation-008,0,prior,0,r,4.440914640798859,5.012662867961246,1.7239991342921865,2.309962474176221,7.681824186504809
evaluation-008,0,prior,0,b,1.4922895885774963,1.7486216860756363,0.7358219334032133,0.607545316693515,2.90400863524593
evaluation-008,0,prior,0,g,0.10129927198372451,0.3924147126982023,0.23386097759884575,0.03385524158304831,0.7526793348811726
evaluation-008,1,prior,0,r,4.440914640798859,5.012662867961246,1.7239991342921865,2.309962474176221,7.681824186504809
evaluation-008,1,prior,0,b,1.4922895885774963,1.7486216860756363,0.7358219334032133,0.607545316693515,2.90400863524593
evaluation-008,1,prior,0,g,0.10129927198372451,0.3924147126982023,0.23386097759884575,0.03385524158304831,0.7526793348811726
evaluation-008,2,prior,0,r,4.440914640798859,5.012662867961246,1.7239991342921865,2.309962474176221,7.681824186504809
evaluation-008,2,prior,0,b,1.4922895885774963,1.7486216860756363,0.7358219334032133,0.607545316693515,2.90400863524593
evaluation-008,2,prior,0,g,0.10129927198372451,0.3924147126982023,0.23386097759884575,0.03385524158304831,0.7526793348811726
evaluation-008,0,pooled,0,r,4.440914640798859,5.012662867961246,1.7239991342921865,2.309962474176221,7.681824186504809
evaluation-008,0,pooled,0,b,1.4922895885774963,1.7486216860756363,0.7358219334032133,0.607545316693515,2.90400863524593
evaluation-008,0,pooled,0,g,0.10129927198372451,0.3924147126982023,0.23386097759884575,0.03385524158304831,0.7526793348811726
evaluation-008,1,pooled,0,r,4.440914640798859,5.012662867961246,1.7239991342921865,2.309962474176221,7.681824186504809
evaluation-008,1,pooled,0,b,1.4922895885774963,1.7486216860756363,0.7358219334032133,0.607545316693515,2.90400863524593
evaluation-008,1,pooled,0,g,0.10129927198372451,0.3924147126982023,0.23386097759884575,0.03385524158304831,0.7526793348811726
evaluation-008,2,pooled,0,r,4.440914640798859,5.012662867961246,1.7239991342921865,2.309962474176221,7.681824186504809
evaluation-008,2,pooled,0,b,1.4922895885774963,1.7486216860756363,0.7358219334032133,0.607545316693515,2.90400863524593
evaluation-008,2,pooled,0,g,0.10129927198372451,0.3924147126982023,0.23386097759884575,0.03385524158304831,0.7526793348811726
evaluation-008,0,private,0,r,4.440914640798859,5.012662867961246,1.7239991342921865,2.309962474176221,7.681824186504809
evaluation-008,0,private,0,b,1.4922895885774963,1.7486216860756363,0.7358219334032133,0.607545316693515,2.90400863524593
evaluation-008,0,private,0,g,0.10129927198372451,0.3924147126982023,0.23386097759884575,0.03385524158304831,0.7526793348811726
evaluation-008,1,private,0,r,4.440914640798859,5.012662867961246,1.7239991342921865,2.309962474176221,7.681824186504809
evaluation-008,1,private,0,b,1.4922895885774963,1.7486216860756363,0.7358219334032133,0.607545316693515,2.90400863524593
evaluation-008,1,private,0,g,0.10129927198372451,0.3924147126982023,0.23386097759884575,0.03385524158304831,0.7526793348811726
evaluation-008,2,private,0,r,4.440914640798859,5.012662867961246,1.7239991342921865,2.309962474176221,7.681824186504809
evaluation-008,2,private,0,b,1.4922895885774963,1.7486216860756363,0.7358219334032133,0.607545316693515,2.90400863524593
evaluation-008,2,private,0,g,0.10129927198372451,0.3924147126982023,0.23386097759884575,0.03385524158304831,0.7526793348811726
evaluation-008,0,prior,4,r,4.440914640798859,5.012662867961246,1.7239991342921865,2.309962474176221,7.681824186504809
evaluation-008,0,prior,4,b,1.4922895885774963,1.7486216860756363,0.7358219334032133,0.607545316693515,2.90400863524593
evaluation-008,0,prior,4,g,0.10129927198372451,0.3924147126982023,0.23386097759884575,0.03385524158304831,0.7526793348811726
evaluation-008,1,prior,4,r,4.440914640798859,5.012662867961246,1.7239991342921865,2.309962474176221,7.681824186504809
evaluation-008,1,prior,4,b,1.4922895885774963,1.7486216860756363,0.7358219334032133,0.607545316693515,2.90400863524593
evaluation-008,1,prior,4,g,0.10129927198372451,0.3924147126982023,0.23386097759884575,0.03385524158304831,0.7526793348811726
evaluation-008,2,prior,4,r,4.440914640798859,5.012662867961246,1.7239991342921865,2.309962474176221,7.681824186504809
evaluation-008,2,prior,4,b,1.4922895885774963,1.7486216860756363,0.7358219334032133,0.607545316693515,2.90400863524593
evaluation-008,2,prior,4,g,0.10129927198372451,0.3924147126982023,0.23386097759884575,0.03385524158304831,0.7526793348811726
evaluation-008,0,pooled,4,r,4.440914640798859,4.355081507684801,0.10272670390909147,4.20377831627929,4.5333019577952705
evaluation-008,0,pooled,4,b,1.4922895885774963,1.8243179632187818,0.6955389324428525,0.7173362900767775,2.9108908371436235
evaluation-008,0,pooled,4,g,0.10129927198372451,0.3777129365670759,0.2368805538956589,0.03465574889409148,0.7647553796300578
evaluation-008,1,pooled,4,r,4.440914640798859,4.355081507684801,0.10272670390909147,4.20377831627929,4.5333019577952705
evaluation-008,1,pooled,4,b,1.4922895885774963,1.8243179632187818,0.6955389324428525,0.7173362900767775,2.9108908371436235
evaluation-008,1,pooled,4,g,0.10129927198372451,0.3777129365670759,0.2368805538956589,0.03465574889409148,0.7647553796300578
evaluation-008,2,pooled,4,r,4.440914640798859,4.355081507684801,0.10272670390909147,4.20377831627929,4.5333019577952705
evaluation-008,2,pooled,4,b,1.4922895885774963,1.8243179632187818,0.6955389324428525,0.7173362900767775,2.9108908371436235
evaluation-008,2,pooled,4,g,0.10129927198372451,0.3777129365670759,0.2368805538956589,0.03465574889409148,0.7647553796300578
evaluation-008,0,private,4,r,4.440914640798859,4.382420526765897,0.2573222288274246,3.9335779365583177,4.7858592185225834
evaluation-008,0,private,4,b,1.4922895885774963,2.06340354428424,0.6445448441541093,0.8700857657929124,2.9582919438731388
evaluation-008,0,private,4,g,0.10129927198372451,0.4181131154537896,0.23545558043745082,0.04467958056610449,0.7682220417007276
evaluation-008,1,private,4,r,4.440914640798859,4.344830906426459,0.23035275477274136,4.000781140633134,4.725039118594848
evaluation-008,1,private,4,b,1.4922895885774963,1.8014185497289321,0.7332490967783869,0.6041131145941905,2.904940854396665
evaluation-008,1,private,4,g,0.10129927198372451,0.41129165568868686,0.2374590281806841,0.03482399900857364,0.7659922868389516
evaluation-008,2,private,4,r,4.440914640798859,4.392379688155414,0.09556808984581437,4.240773970211758,4.561093953268973
evaluation-008,2,private,4,b,1.4922895885774963,1.4612301863451718,0.6679983955830848,0.5636356568217276,2.702254986102912
evaluation-008,2,private,4,g,0.10129927198372451,0.37717557923668343,0.23250639764231343,0.02356683402342788,0.7616071888287668
evaluation-008,0,prior,8,r,4.440914640798859,5.012662867961246,1.7239991342921865,2.309962474176221,7.681824186504809
evaluation-008,0,prior,8,b,1.4922895885774963,1.7486216860756363,0.7358219334032133,0.607545316693515,2.90400863524593
evaluation-008,0,prior,8,g,0.10129927198372451,0.3924147126982023,0.23386097759884575,0.03385524158304831,0.7526793348811726
evaluation-008,1,prior,8,r,4.440914640798859,5.012662867961246,1.7239991342921865,2.309962474176221,7.681824186504809
evaluation-008,1,prior,8,b,1.4922895885774963,1.7486216860756363,0.7358219334032133,0.607545316693515,2.90400863524593
evaluation-008,1,prior,8,g,0.10129927198372451,0.3924147126982023,0.23386097759884575,0.03385524158304831,0.7526793348811726
evaluation-008,2,prior,8,r,4.440914640798859,5.012662867961246,1.7239991342921865,2.309962474176221,7.681824186504809
evaluation-008,2,prior,8,b,1.4922895885774963,1.7486216860756363,0.7358219334032133,0.607545316693515,2.90400863524593
evaluation-008,2,prior,8,g,0.10129927198372451,0.3924147126982023,0.23386097759884575,0.03385524158304831,0.7526793348811726
evaluation-008,0,pooled,8,r,4.440914640798859,4.407288503497668,0.0837786401741254,4.2744338640626225,4.546229588123249
evaluation-008,0,pooled,8,b,1.4922895885774963,1.2747828657514626,0.34018337127631015,0.7719053206517127,1.8886312135041958
evaluation-008,0,pooled,8,g,0.10129927198372451,0.3807839484619765,0.21981994745175906,0.05140801455358965,0.7444110937316825
evaluation-008,1,pooled,8,r,4.440914640798859,4.407288503497668,0.0837786401741254,4.2744338640626225,4.546229588123249
evaluation-008,1,pooled,8,b,1.4922895885774963,1.2747828657514626,0.34018337127631015,0.7719053206517127,1.8886312135041958
evaluation-008,1,pooled,8,g,0.10129927198372451,0.3807839484619765,0.21981994745175906,0.05140801455358965,0.7444110937316825
evaluation-008,2,pooled,8,r,4.440914640798859,4.407288503497668,0.0837786401741254,4.2744338640626225,4.546229588123249
evaluation-008,2,pooled,8,b,1.4922895885774963,1.2747828657514626,0.34018337127631015,0.7719053206517127,1.8886312135041958
evaluation-008,2,pooled,8,g,0.10129927198372451,0.3807839484619765,0.21981994745175906,0.05140801455358965,0.7444110937316825
evaluation-008,0,private,8,r,4.440914640798859,4.343722451677339,0.24752509535640263,3.9290560020054683,4.761732754900751
evaluation-008,0,private,8,b,1.4922895885774963,1.675361068097053,0.5699147830487589,0.7407121302514001,2.6157688857738335
evaluation-008,0,private,8,g,0.10129927198372451,0.4164342746945608,0.2359955168551346,0.03458385850032467,0.7699953933251246
evaluation-008,1,private,8,r,4.440914640798859,4.438240537981273,0.12078558675704094,4.246544033714777,4.650179351985884
evaluation-008,1,private,8,b,1.4922895885774963,1.8004690189049914,0.7410187066840127,0.605398529169751,2.894089995180129
evaluation-008,1,private,8,g,0.10129927198372451,0.4080863221205079,0.23050672094180696,0.04041740228179038,0.7523700727406463
evaluation-008,2,private,8,r,4.440914640798859,4.392385848737874,0.09197561838950885,4.244355849425833,4.543567897315103
evaluation-008,2,private,8,b,1.4922895885774963,1.322199498623699,0.5902666851539481,0.5639299097200613,2.406101284466409
evaluation-008,2,private,8,g,0.10129927198372451,0.3305926823380795,0.22183975861961833,0.02581698847320934,0.7339878142503582
evaluation-008,0,prior,16,r,4.440914640798859,5.012662867961246,1.7239991342921865,2.309962474176221,7.681824186504809
evaluation-008,0,prior,16,b,1.4922895885774963,1.7486216860756363,0.7358219334032133,0.607545316693515,2.90400863524593
evaluation-008,0,prior,16,g,0.10129927198372451,0.3924147126982023,0.23386097759884575,0.03385524158304831,0.7526793348811726
evaluation-008,1,prior,16,r,4.440914640798859,5.012662867961246,1.7239991342921865,2.309962474176221,7.681824186504809
evaluation-008,1,prior,16,b,1.4922895885774963,1.7486216860756363,0.7358219334032133,0.607545316693515,2.90400863524593
evaluation-008,1,prior,16,g,0.10129927198372451,0.3924147126982023,0.23386097759884575,0.03385524158304831,0.7526793348811726
evaluation-008,2,prior,16,r,4.440914640798859,5.012662867961246,1.7239991342921865,2.309962474176221,7.681824186504809
evaluation-008,2,prior,16,b,1.4922895885774963,1.7486216860756363,0.7358219334032133,0.607545316693515,2.90400863524593
evaluation-008,2,prior,16,g,0.10129927198372451,0.3924147126982023,0.23386097759884575,0.03385524158304831,0.7526793348811726
evaluation-008,0,pooled,16,r,4.440914640798859,4.35614589911695,0.07347528884968811,4.245500869309422,4.486577989156324
evaluation-008,0,pooled,16,b,1.4922895885774963,1.5445355650722208,0.1226617233797266,1.3261836602469341,1.7283557376388399
evaluation-008,0,pooled,16,g,0.10129927198372451,0.4708425578918507,0.18191806973602023,0.12667188050215178,0.7510839468767557
evaluation-008,1,pooled,16,r,4.440914640798859,4.35614589911695,0.07347528884968811,4.245500869309422,4.486577989156324
evaluation-008,1,pooled,16,b,1.4922895885774963,1.5445355650722208,0.1226617233797266,1.3261836602469341,1.7283557376388399
evaluation-008,1,pooled,16,g,0.10129927198372451,0.4708425578918507,0.18191806973602023,0.12667188050215178,0.7510839468767557
evaluation-008,2,pooled,16,r,4.440914640798859,4.35614589911695,0.07347528884968811,4.245500869309422,4.486577989156324
evaluation-008,2,pooled,16,b,1.4922895885774963,1.5445355650722208,0.1226617233797266,1.3261836602469341,1.7283557376388399
evaluation-008,2,pooled,16,g,0.10129927198372451,0.4708425578918507,0.18191806973602023,0.12667188050215178,0.7510839468767557
evaluation-008,0,private,16,r,4.440914640798859,4.373672661256779,0.19677540489087486,4.10340283697461,4.757127598456061
evaluation-008,0,private,16,b,1.4922895885774963,1.5089039698740523,0.26206048720439695,1.0347119610636522,1.9014686144042952
evaluation-008,0,private,16,g,0.10129927198372451,0.4055815428853758,0.2279145814547188,0.04522265569712858,0.7685312064847244
evaluation-008,1,private,16,r,4.440914640798859,4.399100826942733,0.11161176267818748,4.227402420414738,4.575994156926289
evaluation-008,1,private,16,b,1.4922895885774963,1.799673750477957,0.7278825391825796,0.6124664201594265,2.8943246638671494
evaluation-008,1,private,16,g,0.10129927198372451,0.36660411162465223,0.22354371090276487,0.030828546857641748,0.7361408016832812
evaluation-008,2,private,16,r,4.440914640798859,4.327189015566383,0.0848761881958272,4.198016036953934,4.477019340662591
evaluation-008,2,private,16,b,1.4922895885774963,1.896321757593393,0.5360726298453309,1.0106521724601736,2.780105862854377
evaluation-008,2,private,16,g,0.10129927198372451,0.382396682473745,0.22864942210024372,0.038615505492015284,0.7492492892456077
evaluation-008,0,prior,32,r,4.440914640798859,5.012662867961246,1.7239991342921865,2.309962474176221,7.681824186504809
evaluation-008,0,prior,32,b,1.4922895885774963,1.7486216860756363,0.7358219334032133,0.607545316693515,2.90400863524593
evaluation-008,0,prior,32,g,0.10129927198372451,0.3924147126982023,0.23386097759884575,0.03385524158304831,0.7526793348811726
evaluation-008,1,prior,32,r,4.440914640798859,5.012662867961246,1.7239991342921865,2.309962474176221,7.681824186504809
evaluation-008,1,prior,32,b,1.4922895885774963,1.7486216860756363,0.7358219334032133,0.607545316693515,2.90400863524593
evaluation-008,1,prior,32,g,0.10129927198372451,0.3924147126982023,0.23386097759884575,0.03385524158304831,0.7526793348811726
evaluation-008,2,prior,32,r,4.440914640798859,5.012662867961246,1.7239991342921865,2.309962474176221,7.681824186504809
evaluation-008,2,prior,32,b,1.4922895885774963,1.7486216860756363,0.7358219334032133,0.607545316693515,2.90400863524593
evaluation-008,2,prior,32,g,0.10129927198372451,0.3924147126982023,0.23386097759884575,0.03385524158304831,0.7526793348811726
evaluation-008,0,pooled,32,r,4.440914640798859,4.456025886760837,0.05409789074678528,4.364482136395856,4.543062073550875
evaluation-008,0,pooled,32,b,1.4922895885774963,1.3812477535304164,0.08125709195716922,1.2251403071335663,1.5050138049706585
evaluation-008,0,pooled,32,g,0.10129927198372451,0.16871514537728,0.08402641909755316,0.02965403366459618,0.3116493851070136
evaluation-008,1,pooled,32,r,4.440914640798859,4.456025886760837,0.05409789074678528,4.364482136395856,4.543062073550875
evaluation-008,1,pooled,32,b,1.4922895885774963,1.3812477535304164,0.08125709195716922,1.2251403071335663,1.5050138049706585
evaluation-008,1,pooled,32,g,0.10129927198372451,0.16871514537728,0.08402641909755316,0.02965403366459618,0.3116493851070136
evaluation-008,2,pooled,32,r,4.440914640798859,4.456025886760837,0.05409789074678528,4.364482136395856,4.543062073550875
evaluation-008,2,pooled,32,b,1.4922895885774963,1.3812477535304164,0.08125709195716922,1.2251403071335663,1.5050138049706585
evaluation-008,2,pooled,32,g,0.10129927198372451,0.16871514537728,0.08402641909755316,0.02965403366459618,0.3116493851070136
evaluation-008,0,private,32,r,4.440914640798859,4.399582490567697,0.158752065989035,4.185473220043182,4.71152741600418
evaluation-008,0,private,32,b,1.4922895885774963,1.375501310469352,0.1766250755696047,1.041795789379215,1.6135914210465867
evaluation-008,0,private,32,g,0.10129927198372451,0.37698906911582386,0.23213434208702785,0.030356678476572037,0.7592361608052713
evaluation-008,1,private,32,r,4.440914640798859,4.452249561785527,0.08040661650224884,4.310270143181886,4.583898923928847
evaluation-008,1,private,32,b,1.4922895885774963,1.2641406991886415,0.536930091766703,0.5535560078867937,2.2128631257674884
evaluation-008,1,private,32,g,0.10129927198372451,0.16635966682566927,0.11329473161997618,0.01620744660809406,0.3809748385113467
evaluation-008,2,private,32,r,4.440914640798859,4.41237038494579,0.06712673321409346,4.314789620517995,4.532579653352882
evaluation-008,2,private,32,b,1.4922895885774963,1.1938781062302728,0.28828415087946657,0.6723411852046219,1.6445537820989544
evaluation-008,2,private,32,g,0.10129927198372451,0.488930667987892,0.20508266014477292,0.10534210287931342,0.7638184918461224
evaluation-008,0,prior,64,r,4.440914640798859,5.012662867961246,1.7239991342921865,2.309962474176221,7.681824186504809
evaluation-008,0,prior,64,b,1.4922895885774963,1.7486216860756363,0.7358219334032133,0.607545316693515,2.90400863524593
evaluation-008,0,prior,64,g,0.10129927198372451,0.3924147126982023,0.23386097759884575,0.03385524158304831,0.7526793348811726
evaluation-008,1,prior,64,r,4.440914640798859,5.012662867961246,1.7239991342921865,2.309962474176221,7.681824186504809
evaluation-008,1,prior,64,b,1.4922895885774963,1.7486216860756363,0.7358219334032133,0.607545316693515,2.90400863524593
evaluation-008,1,prior,64,g,0.10129927198372451,0.3924147126982023,0.23386097759884575,0.03385524158304831,0.7526793348811726
evaluation-008,2,prior,64,r,4.440914640798859,5.012662867961246,1.7239991342921865,2.309962474176221,7.681824186504809
evaluation-008,2,prior,64,b,1.4922895885774963,1.7486216860756363,0.7358219334032133,0.607545316693515,2.90400863524593
evaluation-008,2,prior,64,g,0.10129927198372451,0.3924147126982023,0.23386097759884575,0.03385524158304831,0.7526793348811726
evaluation-008,0,pooled,64,r,4.440914640798859,4.4398812658406515,0.04228906634467199,4.374777880709315,4.512864254152904
evaluation-008,0,pooled,64,b,1.4922895885774963,1.464033297456915,0.03790773703486905,1.4033010387050113,1.5270039210252007
evaluation-008,0,pooled,64,g,0.10129927198372451,0.15017892223113774,0.053258318639173914,0.058420411757791335,0.23491125278035896
evaluation-008,1,pooled,64,r,4.440914640798859,4.4398812658406515,0.04228906634467199,4.374777880709315,4.512864254152904
evaluation-008,1,pooled,64,b,1.4922895885774963,1.464033297456915,0.03790773703486905,1.4033010387050113,1.5270039210252007
evaluation-008,1,pooled,64,g,0.10129927198372451,0.15017892223113774,0.053258318639173914,0.058420411757791335,0.23491125278035896
evaluation-008,2,pooled,64,r,4.440914640798859,4.4398812658406515,0.04228906634467199,4.374777880709315,4.512864254152904
evaluation-008,2,pooled,64,b,1.4922895885774963,1.464033297456915,0.03790773703486905,1.4033010387050113,1.5270039210252007
evaluation-008,2,pooled,64,g,0.10129927198372451,0.15017892223113774,0.053258318639173914,0.058420411757791335,0.23491125278035896
evaluation-008,0,private,64,r,4.440914640798859,4.339919328476029,0.11952230413118169,4.169158639509447,4.573706622455084
evaluation-008,0,private,64,b,1.4922895885774963,1.4610752616363707,0.1263239135424551,1.2136169430885468,1.6347348485933753
evaluation-008,0,private,64,g,0.10129927198372451,0.21889746203922067,0.07801881980210461,0.07067381246046145,0.3376110167683131
evaluation-008,1,private,64,r,4.440914640798859,4.441351388105207,0.07120157569872532,4.323364561982263,4.5590725834367705
evaluation-008,1,private,64,b,1.4922895885774963,1.5199394740512246,0.0715900981360851,1.399027052998015,1.632953596747531
evaluation-008,1,private,64,g,0.10129927198372451,0.13995411859638443,0.08518125969522841,0.015139153625643883,0.28736276709440833
evaluation-008,2,private,64,r,4.440914640798859,4.455250146227898,0.04580342702978866,4.379355312206784,4.526829167018234
evaluation-008,2,private,64,b,1.4922895885774963,1.4542123166609755,0.07653100028394118,1.3328194619149558,1.579486484794846
evaluation-008,2,private,64,g,0.10129927198372451,0.17316926233417929,0.11096817778523324,0.016030709584877414,0.36910578670074495
evaluation-008,0,prior,128,r,4.440914640798859,5.012662867961246,1.7239991342921865,2.309962474176221,7.681824186504809
evaluation-008,0,prior,128,b,1.4922895885774963,1.7486216860756363,0.7358219334032133,0.607545316693515,2.90400863524593
evaluation-008,0,prior,128,g,0.10129927198372451,0.3924147126982023,0.23386097759884575,0.03385524158304831,0.7526793348811726
evaluation-008,1,prior,128,r,4.440914640798859,5.012662867961246,1.7239991342921865,2.309962474176221,7.681824186504809
evaluation-008,1,prior,128,b,1.4922895885774963,1.7486216860756363,0.7358219334032133,0.607545316693515,2.90400863524593
evaluation-008,1,prior,128,g,0.10129927198372451,0.3924147126982023,0.23386097759884575,0.03385524158304831,0.7526793348811726
evaluation-008,2,prior,128,r,4.440914640798859,5.012662867961246,1.7239991342921865,2.309962474176221,7.681824186504809
evaluation-008,2,prior,128,b,1.4922895885774963,1.7486216860756363,0.7358219334032133,0.607545316693515,2.90400863524593
evaluation-008,2,prior,128,g,0.10129927198372451,0.3924147126982023,0.23386097759884575,0.03385524158304831,0.7526793348811726
evaluation-008,0,pooled,128,r,4.440914640798859,4.446832994414899,0.03564869675347809,4.385672335158057,4.507466721210988
evaluation-008,0,pooled,128,b,1.4922895885774963,1.4716943678141787,0.02549329843003522,1.430334200779718,1.512820652562855
evaluation-008,0,pooled,128,g,0.10129927198372451,0.12052470687324636,0.03627432425370365,0.06021320091180518,0.18111964193646676
evaluation-008,1,pooled,128,r,4.440914640798859,4.446832994414899,0.03564869675347809,4.385672335158057,4.507466721210988
evaluation-008,1,pooled,128,b,1.4922895885774963,1.4716943678141787,0.02549329843003522,1.430334200779718,1.512820652562855
evaluation-008,1,pooled,128,g,0.10129927198372451,0.12052470687324636,0.03627432425370365,0.06021320091180518,0.18111964193646676
evaluation-008,2,pooled,128,r,4.440914640798859,4.446832994414899,0.03564869675347809,4.385672335158057,4.507466721210988
evaluation-008,2,pooled,128,b,1.4922895885774963,1.4716943678141787,0.02549329843003522,1.430334200779718,1.512820652562855
evaluation-008,2,pooled,128,g,0.10129927198372451,0.12052470687324636,0.03627432425370365,0.06021320091180518,0.18111964193646676
evaluation-008,0,private,128,r,4.440914640798859,4.244080512555811,0.0656311790570302,4.145625803600874,4.356378599720966
evaluation-008,0,private,128,b,1.4922895885774963,1.57974604550967,0.05180272693752063,1.493204186469077,1.6594317262012122
evaluation-008,0,private,128,g,0.10129927198372451,0.24118725545533248,0.051618514066989606,0.1521596930003812,0.3223300640170977
evaluation-008,1,private,128,r,4.440914640798859,4.489689243327687,0.05317682352306469,4.400849210521274,4.574178067090266
evaluation-008,1,private,128,b,1.4922895885774963,1.4620587747857159,0.046265003777794154,1.3796458337909225,1.5326442232870292
evaluation-008,1,private,128,g,0.10129927198372451,0.08002596346687924,0.04812213832035127,0.008039903583851843,0.16927197487940512
evaluation-008,2,private,128,r,4.440914640798859,4.461889344197604,0.045232707359088326,4.38307020440563,4.534295016510199
evaluation-008,2,private,128,b,1.4922895885774963,1.4529811290281796,0.04077010242507487,1.3861169566332312,1.5168468718228356
evaluation-008,2,private,128,g,0.10129927198372451,0.1430060028686662,0.05813272451801158,0.0459317488800306,0.24102155149581522
evaluation-009,0,prior,0,r,2.616718718728424,5.07170776023175,1.724028022176776,2.3643697581441816,7.709183001798984
evaluation-009,0,prior,0,b,0.7674018468570183,1.7854272074842203,0.7438344808787108,0.6215591783234709,2.8952343438274113
evaluation-009,0,prior,0,g,0.2430596308663706,0.39240027715142656,0.2312802578648344,0.03051977967951054,0.7616777093216383
evaluation-009,1,prior,0,r,2.616718718728424,5.07170776023175,1.724028022176776,2.3643697581441816,7.709183001798984
evaluation-009,1,prior,0,b,0.7674018468570183,1.7854272074842203,0.7438344808787108,0.6215591783234709,2.8952343438274113
evaluation-009,1,prior,0,g,0.2430596308663706,0.39240027715142656,0.2312802578648344,0.03051977967951054,0.7616777093216383
evaluation-009,2,prior,0,r,2.616718718728424,5.07170776023175,1.724028022176776,2.3643697581441816,7.709183001798984
evaluation-009,2,prior,0,b,0.7674018468570183,1.7854272074842203,0.7438344808787108,0.6215591783234709,2.8952343438274113
evaluation-009,2,prior,0,g,0.2430596308663706,0.39240027715142656,0.2312802578648344,0.03051977967951054,0.7616777093216383
evaluation-009,0,pooled,0,r,2.616718718728424,5.07170776023175,1.724028022176776,2.3643697581441816,7.709183001798984
evaluation-009,0,pooled,0,b,0.7674018468570183,1.7854272074842203,0.7438344808787108,0.6215591783234709,2.8952343438274113
evaluation-009,0,pooled,0,g,0.2430596308663706,0.39240027715142656,0.2312802578648344,0.03051977967951054,0.7616777093216383
evaluation-009,1,pooled,0,r,2.616718718728424,5.07170776023175,1.724028022176776,2.3643697581441816,7.709183001798984
evaluation-009,1,pooled,0,b,0.7674018468570183,1.7854272074842203,0.7438344808787108,0.6215591783234709,2.8952343438274113
evaluation-009,1,pooled,0,g,0.2430596308663706,0.39240027715142656,0.2312802578648344,0.03051977967951054,0.7616777093216383
evaluation-009,2,pooled,0,r,2.616718718728424,5.07170776023175,1.724028022176776,2.3643697581441816,7.709183001798984
evaluation-009,2,pooled,0,b,0.7674018468570183,1.7854272074842203,0.7438344808787108,0.6215591783234709,2.8952343438274113
evaluation-009,2,pooled,0,g,0.2430596308663706,0.39240027715142656,0.2312802578648344,0.03051977967951054,0.7616777093216383
evaluation-009,0,private,0,r,2.616718718728424,5.07170776023175,1.724028022176776,2.3643697581441816,7.709183001798984
evaluation-009,0,private,0,b,0.7674018468570183,1.7854272074842203,0.7438344808787108,0.6215591783234709,2.8952343438274113
evaluation-009,0,private,0,g,0.2430596308663706,0.39240027715142656,0.2312802578648344,0.03051977967951054,0.7616777093216383
evaluation-009,1,private,0,r,2.616718718728424,5.07170776023175,1.724028022176776,2.3643697581441816,7.709183001798984
evaluation-009,1,private,0,b,0.7674018468570183,1.7854272074842203,0.7438344808787108,0.6215591783234709,2.8952343438274113
evaluation-009,1,private,0,g,0.2430596308663706,0.39240027715142656,0.2312802578648344,0.03051977967951054,0.7616777093216383
evaluation-009,2,private,0,r,2.616718718728424,5.07170776023175,1.724028022176776,2.3643697581441816,7.709183001798984
evaluation-009,2,private,0,b,0.7674018468570183,1.7854272074842203,0.7438344808787108,0.6215591783234709,2.8952343438274113
evaluation-009,2,private,0,g,0.2430596308663706,0.39240027715142656,0.2312802578648344,0.03051977967951054,0.7616777093216383
evaluation-009,0,prior,4,r,2.616718718728424,5.07170776023175,1.724028022176776,2.3643697581441816,7.709183001798984
evaluation-009,0,prior,4,b,0.7674018468570183,1.7854272074842203,0.7438344808787108,0.6215591783234709,2.8952343438274113
evaluation-009,0,prior,4,g,0.2430596308663706,0.39240027715142656,0.2312802578648344,0.03051977967951054,0.7616777093216383
evaluation-009,1,prior,4,r,2.616718718728424,5.07170776023175,1.724028022176776,2.3643697581441816,7.709183001798984
evaluation-009,1,prior,4,b,0.7674018468570183,1.7854272074842203,0.7438344808787108,0.6215591783234709,2.8952343438274113
evaluation-009,1,prior,4,g,0.2430596308663706,0.39240027715142656,0.2312802578648344,0.03051977967951054,0.7616777093216383
evaluation-009,2,prior,4,r,2.616718718728424,5.07170776023175,1.724028022176776,2.3643697581441816,7.709183001798984
evaluation-009,2,prior,4,b,0.7674018468570183,1.7854272074842203,0.7438344808787108,0.6215591783234709,2.8952343438274113
evaluation-009,2,prior,4,g,0.2430596308663706,0.39240027715142656,0.2312802578648344,0.03051977967951054,0.7616777093216383
evaluation-009,0,pooled,4,r,2.616718718728424,2.5123976332397095,0.07169937858325488,2.405802062708082,2.639979642349944
evaluation-009,0,pooled,4,b,0.7674018468570183,1.3645719817665105,0.4490648875084921,0.6452834104138307,2.111166507115024
evaluation-009,0,pooled,4,g,0.2430596308663706,0.3915922928905745,0.22585309890642355,0.03972709255098704,0.7523369893884305
evaluation-009,1,pooled,4,r,2.616718718728424,2.5123976332397095,0.07169937858325488,2.405802062708082,2.639979642349944
evaluation-009,1,pooled,4,b,0.7674018468570183,1.3645719817665105,0.4490648875084921,0.6452834104138307,2.111166507115024
evaluation-009,1,pooled,4,g,0.2430596308663706,0.3915922928905745,0.22585309890642355,0.03972709255098704,0.7523369893884305
evaluation-009,2,pooled,4,r,2.616718718728424,2.5123976332397095,0.07169937858325488,2.405802062708082,2.639979642349944
evaluation-009,2,pooled,4,b,0.7674018468570183,1.3645719817665105,0.4490648875084921,0.6452834104138307,2.111166507115024
evaluation-009,2,pooled,4,g,0.2430596308663706,0.3915922928905745,0.22585309890642355,0.03972709255098704,0.7523369893884305
evaluation-009,0,private,4,r,2.616718718728424,2.5401681225455226,0.08402009673666291,2.4073404862657064,2.679757975093663
evaluation-009,0,private,4,b,0.7674018468570183,1.8061404148744438,0.7387895957117432,0.615832323036209,2.916794913550087
evaluation-009,0,private,4,g,0.2430596308663706,0.34028412094613536,0.22115720976139894,0.033418643670968126,0.7238557614508098
evaluation-009,1,private,4,r,2.616718718728424,2.48138730026198,0.12867512477027362,2.2659628653073582,2.682164337417739
evaluation-009,1,private,4,b,0.7674018468570183,1.899511250417708,0.7336643778306167,0.6665663963590882,2.953887476001387
evaluation-009,1,private,4,g,0.2430596308663706,0.40368510015020254,0.22691679653844957,0.04593357200731301,0.7419298510444396
evaluation-009,2,private,4,r,2.616718718728424,2.446347246901574,0.16828477630013647,2.2028652955330283,2.743974502461436
evaluation-009,2,private,4,b,0.7674018468570183,1.672942455628443,0.6636699119993931,0.6228314327111447,2.7526537687065984
evaluation-009,2,private,4,g,0.2430596308663706,0.3790148078399218,0.2265103108630459,0.03193210882633524,0.7467787119178889
evaluation-009,0,prior,8,r,2.616718718728424,5.07170776023175,1.724028022176776,2.3643697581441816,7.709183001798984
evaluation-009,0,prior,8,b,0.7674018468570183,1.7854272074842203,0.7438344808787108,0.6215591783234709,2.8952343438274113
evaluation-009,0,prior,8,g,0.2430596308663706,0.39240027715142656,0.2312802578648344,0.03051977967951054,0.7616777093216383
evaluation-009,1,prior,8,r,2.616718718728424,5.07170776023175,1.724028022176776,2.3643697581441816,7.709183001798984
evaluation-009,1,prior,8,b,0.7674018468570183,1.7854272074842203,0.7438344808787108,0.6215591783234709,2.8952343438274113
evaluation-009,1,prior,8,g,0.2430596308663706,0.39240027715142656,0.2312802578648344,0.03051977967951054,0.7616777093216383
evaluation-009,2,prior,8,r,2.616718718728424,5.07170776023175,1.724028022176776,2.3643697581441816,7.709183001798984
evaluation-009,2,prior,8,b,0.7674018468570183,1.7854272074842203,0.7438344808787108,0.6215591783234709,2.8952343438274113
evaluation-009,2,prior,8,g,0.2430596308663706,0.39240027715142656,0.2312802578648344,0.03051977967951054,0.7616777093216383
evaluation-009,0,pooled,8,r,2.616718718728424,2.4980236476035174,0.055842878310183336,2.413431973416724,2.5937649654916943
evaluation-009,0,pooled,8,b,0.7674018468570183,0.8888115357108084,0.22199721805864867,0.554278461692156,1.2861985574049186
evaluation-009,0,pooled,8,g,0.2430596308663706,0.4161973474283168,0.21971065731639006,0.04805540576707433,0.7510818350850605
evaluation-009,1,pooled,8,r,2.616718718728424,2.4980236476035174,0.055842878310183336,2.413431973416724,2.5937649654916943
evaluation-009,1,pooled,8,b,0.7674018468570183,0.8888115357108084,0.22199721805864867,0.554278461692156,1.2861985574049186
evaluation-009,1,pooled,8,g,0.2430596308663706,0.4161973474283168,0.21971065731639006,0.04805540576707433,0.7510818350850605
evaluation-009,2,pooled,8,r,2.616718718728424,2.4980236476035174,0.055842878310183336,2.413431973416724,2.5937649654916943
evaluation-009,2,pooled,8,b,0.7674018468570183,0.8888115357108084,0.22199721805864867,0.554278461692156,1.2861985574049186
evaluation-009,2,pooled,8,g,0.2430596308663706,0.4161973474283168,0.21971065731639006,0.04805540576707433,0.7510818350850605
evaluation-009,0,private,8,r,2.616718718728424,2.545166236033093,0.07632431997624445,2.427145431449658,2.6743080983670513
evaluation-009,0,private,8,b,0.7674018468570183,1.8188534652778208,0.7364420633515593,0.6397243965618379,2.9161047763664385
evaluation-009,0,private,8,g,0.2430596308663706,0.3652273966637322,0.22109729945163767,0.04190224225006963,0.7341573337066702
evaluation-009,1,private,8,r,2.616718718728424,2.3929601906419804,0.09869074945569747,2.2422537990848066,2.5706585609802493
evaluation-009,1,private,8,b,0.7674018468570183,1.8222401723884494,0.7314067737262195,0.6665663963590882,2.9362069459170983
evaluation-009,1,private,8,g,0.2430596308663706,0.3920131126956671,0.2263379487353103,0.04639607341260239,0.7509854433008458
evaluation-009,2,private,8,r,2.616718718728424,2.479982039031374,0.1016927674714295,2.3070488011099353,2.6403710276322325
evaluation-009,2,private,8,b,0.7674018468570183,0.9751929791874134,0.3314649492792241,0.5583436521448645,1.5994768603180818
evaluation-009,2,private,8,g,0.2430596308663706,0.4051022482454459,0.2353904960241836,0.03187525013735459,0.7633154305407122
evaluation-009,0,prior,16,r,2.616718718728424,5.07170776023175,1.724028022176776,2.3643697581441816,7.709183001798984
evaluation-009,0,prior,16,b,0.7674018468570183,1.7854272074842203,0.7438344808787108,0.6215591783234709,2.8952343438274113
evaluation-009,0,prior,16,g,0.2430596308663706,0.39240027715142656,0.2312802578648344,0.03051977967951054,0.7616777093216383
evaluation-009,1,prior,16,r,2.616718718728424,5.07170776023175,1.724028022176776,2.3643697581441816,7.709183001798984
evaluation-009,1,prior,16,b,0.7674018468570183,1.7854272074842203,0.7438344808787108,0.6215591783234709,2.8952343438274113
evaluation-009,1,prior,16,g,0.2430596308663706,0.39240027715142656,0.2312802578648344,0.03051977967951054,0.7616777093216383
evaluation-009,2,prior,16,r,2.616718718728424,5.07170776023175,1.724028022176776,2.3643697581441816,7.709183001798984
evaluation-009,2,prior,16,b,0.7674018468570183,1.7854272074842203,0.7438344808787108,0.6215591783234709,2.8952343438274113
evaluation-009,2,prior,16,g,0.2430596308663706,0.39240027715142656,0.2312802578648344,0.03051977967951054,0.7616777093216383
evaluation-009,0,pooled,16,r,2.616718718728424,2.5313743326143148,0.0444696229841535,2.4636873833520605,2.6077643433119713
evaluation-009,0,pooled,16,b,0.7674018468570183,0.8140212411305846,0.16468048244244465,0.5567434974280038,1.0898381339176573
evaluation-009,0,pooled,16,g,0.2430596308663706,0.6443016204591047,0.13005932836719863,0.3965362174870121,0.7924362956185644
evaluation-009,1,pooled,16,r,2.616718718728424,2.5313743326143148,0.0444696229841535,2.4636873833520605,2.6077643433119713
evaluation-009,1,pooled,16,b,0.7674018468570183,0.8140212411305846,0.16468048244244465,0.5567434974280038,1.0898381339176573
evaluation-009,1,pooled,16,g,0.2430596308663706,0.6443016204591047,0.13005932836719863,0.3965362174870121,0.7924362956185644
evaluation-009,2,pooled,16,r,2.616718718728424,2.5313743326143148,0.0444696229841535,2.4636873833520605,2.6077643433119713
evaluation-009,2,pooled,16,b,0.7674018468570183,0.8140212411305846,0.16468048244244465,0.5567434974280038,1.0898381339176573
evaluation-009,2,pooled,16,g,0.2430596308663706,0.6443016204591047,0.13005932836719863,0.3965362174870121,0.7924362956185644
evaluation-009,0,private,16,r,2.616718718728424,2.5809419144950114,0.06932208514298167,2.482988028669855,2.7067375568832683
evaluation-009,0,private,16,b,0.7674018468570183,1.7865533613662292,0.7219347146605647,0.6580121003962671,2.875622372591671
evaluation-009,0,private,16,g,0.2430596308663706,0.5127669716488706,0.20637658001031395,0.11155847209824377,0.7705024613443511
evaluation-009,1,private,16,r,2.616718718728424,2.4214517428001656,0.09959411197617861,2.2725468485392657,2.5943295496829473
evaluation-009,1,private,16,b,0.7674018468570183,2.124238801695483,0.658351317873516,0.8652879939245104,2.9473738268911176
evaluation-009,1,private,16,g,0.2430596308663706,0.4670965246869382,0.2273599607635216,0.07238857484590679,0.7806713574523328
evaluation-009,2,private,16,r,2.616718718728424,2.4720763088153426,0.09253651093143316,2.326032384685905,2.6278617051015316
evaluation-009,2,private,16,b,0.7674018468570183,0.9739028595502995,0.26216896048207144,0.5752847306766472,1.411698798390397
evaluation-009,2,private,16,g,0.2430596308663706,0.41451546985601584,0.2375727878573152,0.02818819927602395,0.7647320104397813
evaluation-009,0,prior,32,r,2.616718718728424,5.07170776023175,1.724028022176776,2.3643697581441816,7.709183001798984
evaluation-009,0,prior,32,b,0.7674018468570183,1.7854272074842203,0.7438344808787108,0.6215591783234709,2.8952343438274113
evaluation-009,0,prior,32,g,0.2430596308663706,0.39240027715142656,0.2312802578648344,0.03051977967951054,0.7616777093216383
evaluation-009,1,prior,32,r,2.616718718728424,5.07170776023175,1.724028022176776,2.3643697581441816,7.709183001798984
evaluation-009,1,prior,32,b,0.7674018468570183,1.7854272074842203,0.7438344808787108,0.6215591783234709,2.8952343438274113
evaluation-009,1,prior,32,g,0.2430596308663706,0.39240027715142656,0.2312802578648344,0.03051977967951054,0.7616777093216383
evaluation-009,2,prior,32,r,2.616718718728424,5.07170776023175,1.724028022176776,2.3643697581441816,7.709183001798984
evaluation-009,2,prior,32,b,0.7674018468570183,1.7854272074842203,0.7438344808787108,0.6215591783234709,2.8952343438274113
evaluation-009,2,prior,32,g,0.2430596308663706,0.39240027715142656,0.2312802578648344,0.03051977967951054,0.7616777093216383
evaluation-009,0,pooled,32,r,2.616718718728424,2.5631571537591347,0.04769392374421271,2.4816365557251023,2.641946069837978
evaluation-009,0,pooled,32,b,0.7674018468570183,0.8083967117545499,0.06561320296862946,0.694391909635416,0.9125253666735047
evaluation-009,0,pooled,32,g,0.2430596308663706,0.4222493991086906,0.12272964103681094,0.21408661515629548,0.6307820837703635
evaluation-009,1,pooled,32,r,2.616718718728424,2.5631571537591347,0.04769392374421271,2.4816365557251023,2.641946069837978
evaluation-009,1,pooled,32,b,0.7674018468570183,0.8083967117545499,0.06561320296862946,0.694391909635416,0.9125253666735047
evaluation-009,1,pooled,32,g,0.2430596308663706,0.4222493991086906,0.12272964103681094,0.21408661515629548,0.6307820837703635
evaluation-009,2,pooled,32,r,2.616718718728424,2.5631571537591347,0.04769392374421271,2.4816365557251023,2.641946069837978
evaluation-009,2,pooled,32,b,0.7674018468570183,0.8083967117545499,0.06561320296862946,0.694391909635416,0.9125253666735047
evaluation-009,2,pooled,32,g,0.2430596308663706,0.4222493991086906,0.12272964103681094,0.21408661515629548,0.6307820837703635
evaluation-009,0,private,32,r,2.616718718728424,2.6156010089220323,0.07033846804348795,2.4944868658650914,2.7236100567813866
evaluation-009,0,private,32,b,0.7674018468570183,1.2137923891168771,0.5565761038936441,0.5624106951952039,2.402390536159787
evaluation-009,0,private,32,g,0.2430596308663706,0.29881514432420514,0.1746588872642156,0.033409638648573735,0.5922274430892608
evaluation-009,1,private,32,r,2.616718718728424,2.559558614773116,0.06437321862750729,2.4540220986580223,2.6624374567366584
evaluation-009,1,private,32,b,0.7674018468570183,0.8457029648258104,0.17864306183122325,0.5608673599695025,1.1483330288731484
evaluation-009,1,private,32,g,0.2430596308663706,0.3616958268930321,0.20256660560439507,0.052458268073195265,0.7113274358947791
evaluation-009,2,private,32,r,2.616718718728424,2.5522598616131615,0.08283047993386078,2.4224521395482683,2.6917819739506665
evaluation-009,2,private,32,b,0.7674018468570183,0.8215494587195021,0.13965050279071878,0.5698625491219468,1.0374061922835351
evaluation-009,2,private,32,g,0.2430596308663706,0.46984472782054093,0.206277804183198,0.07756736310191915,0.7596308213743761
evaluation-009,0,prior,64,r,2.616718718728424,5.07170776023175,1.724028022176776,2.3643697581441816,7.709183001798984
evaluation-009,0,prior,64,b,0.7674018468570183,1.7854272074842203,0.7438344808787108,0.6215591783234709,2.8952343438274113
evaluation-009,0,prior,64,g,0.2430596308663706,0.39240027715142656,0.2312802578648344,0.03051977967951054,0.7616777093216383
evaluation-009,1,prior,64,r,2.616718718728424,5.07170776023175,1.724028022176776,2.3643697581441816,7.709183001798984
evaluation-009,1,prior,64,b,0.7674018468570183,1.7854272074842203,0.7438344808787108,0.6215591783234709,2.8952343438274113
evaluation-009,1,prior,64,g,0.2430596308663706,0.39240027715142656,0.2312802578648344,0.03051977967951054,0.7616777093216383
evaluation-009,2,prior,64,r,2.616718718728424,5.07170776023175,1.724028022176776,2.3643697581441816,7.709183001798984
evaluation-009,2,prior,64,b,0.7674018468570183,1.7854272074842203,0.7438344808787108,0.6215591783234709,2.8952343438274113
evaluation-009,2,prior,64,g,0.2430596308663706,0.39240027715142656,0.2312802578648344,0.03051977967951054,0.7616777093216383
evaluation-009,0,pooled,64,r,2.616718718728424,2.57664673466201,0.03501637753181768,2.5196650787621313,2.6360029922709125
evaluation-009,0,pooled,64,b,0.7674018468570183,0.801690928835353,0.04456609395859588,0.7330369931136915,0.8747896379037375
evaluation-009,0,pooled,64,g,0.2430596308663706,0.3492542772771637,0.07205354823425882,0.22867148855620223,0.45866153210647476
evaluation-009,1,pooled,64,r,2.616718718728424,2.57664673466201,0.03501637753181768,2.5196650787621313,2.6360029922709125
evaluation-009,1,pooled,64,b,0.7674018468570183,0.801690928835353,0.04456609395859588,0.7330369931136915,0.8747896379037375
evaluation-009,1,pooled,64,g,0.2430596308663706,0.3492542772771637,0.07205354823425882,0.22867148855620223,0.45866153210647476
evaluation-009,2,pooled,64,r,2.616718718728424,2.57664673466201,0.03501637753181768,2.5196650787621313,2.6360029922709125
evaluation-009,2,pooled,64,b,0.7674018468570183,0.801690928835353,0.04456609395859588,0.7330369931136915,0.8747896379037375
evaluation-009,2,pooled,64,g,0.2430596308663706,0.3492542772771637,0.07205354823425882,0.22867148855620223,0.45866153210647476
evaluation-009,0,private,64,r,2.616718718728424,2.6118837046755488,0.06480998527413817,2.5011185061633596,2.7193760198761225
evaluation-009,0,private,64,b,0.7674018468570183,0.8839984479127008,0.16802125616074132,0.6287017098421559,1.1799346566013669
evaluation-009,0,private,64,g,0.2430596308663706,0.2743327082655066,0.14556104440793133,0.04599878333131564,0.5100342777214224
evaluation-009,1,private,64,r,2.616718718728424,2.5408047680171353,0.06625305302066742,2.4375957742037526,2.6547127366528214
evaluation-009,1,private,64,b,0.7674018468570183,0.8270249632469984,0.07097118679494807,0.7031545013655458,0.9403825635540516
evaluation-009,1,private,64,g,0.2430596308663706,0.4279066274151204,0.19828089316967323,0.08628153894781078,0.749011469227311
evaluation-009,2,private,64,r,2.616718718728424,2.5875023349223314,0.07677134861724436,2.455585516450406,2.714889961058076
evaluation-009,2,private,64,b,0.7674018468570183,0.7918542787136359,0.10878225549626341,0.6165414701295103,0.9713433048809275
evaluation-009,2,private,64,g,0.2430596308663706,0.31895521370387714,0.11224457165887149,0.11633793429175616,0.5016653208865856
evaluation-009,0,prior,128,r,2.616718718728424,5.07170776023175,1.724028022176776,2.3643697581441816,7.709183001798984
evaluation-009,0,prior,128,b,0.7674018468570183,1.7854272074842203,0.7438344808787108,0.6215591783234709,2.8952343438274113
evaluation-009,0,prior,128,g,0.2430596308663706,0.39240027715142656,0.2312802578648344,0.03051977967951054,0.7616777093216383
evaluation-009,1,prior,128,r,2.616718718728424,5.07170776023175,1.724028022176776,2.3643697581441816,7.709183001798984
evaluation-009,1,prior,128,b,0.7674018468570183,1.7854272074842203,0.7438344808787108,0.6215591783234709,2.8952343438274113
evaluation-009,1,prior,128,g,0.2430596308663706,0.39240027715142656,0.2312802578648344,0.03051977967951054,0.7616777093216383
evaluation-009,2,prior,128,r,2.616718718728424,5.07170776023175,1.724028022176776,2.3643697581441816,7.709183001798984
evaluation-009,2,prior,128,b,0.7674018468570183,1.7854272074842203,0.7438344808787108,0.6215591783234709,2.8952343438274113
evaluation-009,2,prior,128,g,0.2430596308663706,0.39240027715142656,0.2312802578648344,0.03051977967951054,0.7616777093216383
evaluation-009,0,pooled,128,r,2.616718718728424,2.6235121569471116,0.02777358773695618,2.575309946327732,2.668929713812657
evaluation-009,0,pooled,128,b,0.7674018468570183,0.7770957042475196,0.03419080098343552,0.7191351124925504,0.8311814606579107
evaluation-009,0,pooled,128,g,0.2430596308663706,0.1987444236931232,0.047785553144401346,0.12107586110759518,0.27984766938546946
evaluation-009,1,pooled,128,r,2.616718718728424,2.6235121569471116,0.02777358773695618,2.575309946327732,2.668929713812657
evaluation-009,1,pooled,128,b,0.7674018468570183,0.7770957042475196,0.03419080098343552,0.7191351124925504,0.8311814606579107
evaluation-009,1,pooled,128,g,0.2430596308663706,0.1987444236931232,0.047785553144401346,0.12107586110759518,0.27984766938546946
evaluation-009,2,pooled,128,r,2.616718718728424,2.6235121569471116,0.02777358773695618,2.575309946327732,2.668929713812657
evaluation-009,2,pooled,128,b,0.7674018468570183,0.7770957042475196,0.03419080098343552,0.7191351124925504,0.8311814606579107
evaluation-009,2,pooled,128,g,0.2430596308663706,0.1987444236931232,0.047785553144401346,0.12107586110759518,0.27984766938546946
evaluation-009,0,private,128,r,2.616718718728424,2.6105366284262628,0.05111324281020781,2.5279620088083403,2.6965682582922708
evaluation-009,0,private,128,b,0.7674018468570183,0.7495874737475808,0.07860672754951645,0.6201257435008911,0.8795120862427155
evaluation-009,0,private,128,g,0.2430596308663706,0.27033423967530407,0.10576397741123977,0.09241497530720266,0.430549759891795
evaluation-009,1,private,128,r,2.616718718728424,2.6199508125065676,0.04440475690993534,2.5464975582581495,2.692576343010742
evaluation-009,1,private,128,b,0.7674018468570183,0.7816388777144506,0.059736832827320514,0.6851177422711854,0.881201465870678
evaluation-009,1,private,128,g,0.2430596308663706,0.17925796184578516,0.08480526953431265,0.04313065575557114,0.3214022205668071
evaluation-009,2,private,128,r,2.616718718728424,2.6100565580378885,0.050645721289730994,2.5303283650744905,2.6957129831547695
evaluation-009,2,private,128,b,0.7674018468570183,0.8264782804587512,0.06541451375421783,0.714171559250085,0.9328876993207871
evaluation-009,2,private,128,g,0.2430596308663706,0.16541101686290746,0.06896747769635436,0.05767529104891175,0.28254092987529444
evaluation-010,0,prior,0,r,5.239923671050733,4.983417807995766,1.7217812440087525,2.331204736343026,7.690924141631678
evaluation-010,0,prior,0,b,1.1184383260616655,1.739522245073917,0.7368625261767298,0.6056370605571526,2.87886613186899
evaluation-010,0,prior,0,g,0.10633666499735696,0.38940743024146107,0.23354328080560072,0.03261278788584411,0.7583122042495378
evaluation-010,1,prior,0,r,5.239923671050733,4.983417807995766,1.7217812440087525,2.331204736343026,7.690924141631678
evaluation-010,1,prior,0,b,1.1184383260616655,1.739522245073917,0.7368625261767298,0.6056370605571526,2.87886613186899
evaluation-010,1,prior,0,g,0.10633666499735696,0.38940743024146107,0.23354328080560072,0.03261278788584411,0.7583122042495378
evaluation-010,2,prior,0,r,5.239923671050733,4.983417807995766,1.7217812440087525,2.331204736343026,7.690924141631678
evaluation-010,2,prior,0,b,1.1184383260616655,1.739522245073917,0.7368625261767298,0.6056370605571526,2.87886613186899
evaluation-010,2,prior,0,g,0.10633666499735696,0.38940743024146107,0.23354328080560072,0.03261278788584411,0.7583122042495378
evaluation-010,0,pooled,0,r,5.239923671050733,4.983417807995766,1.7217812440087525,2.331204736343026,7.690924141631678
evaluation-010,0,pooled,0,b,1.1184383260616655,1.739522245073917,0.7368625261767298,0.6056370605571526,2.87886613186899
evaluation-010,0,pooled,0,g,0.10633666499735696,0.38940743024146107,0.23354328080560072,0.03261278788584411,0.7583122042495378
evaluation-010,1,pooled,0,r,5.239923671050733,4.983417807995766,1.7217812440087525,2.331204736343026,7.690924141631678
evaluation-010,1,pooled,0,b,1.1184383260616655,1.739522245073917,0.7368625261767298,0.6056370605571526,2.87886613186899
evaluation-010,1,pooled,0,g,0.10633666499735696,0.38940743024146107,0.23354328080560072,0.03261278788584411,0.7583122042495378
evaluation-010,2,pooled,0,r,5.239923671050733,4.983417807995766,1.7217812440087525,2.331204736343026,7.690924141631678
evaluation-010,2,pooled,0,b,1.1184383260616655,1.739522245073917,0.7368625261767298,0.6056370605571526,2.87886613186899
evaluation-010,2,pooled,0,g,0.10633666499735696,0.38940743024146107,0.23354328080560072,0.03261278788584411,0.7583122042495378
evaluation-010,0,private,0,r,5.239923671050733,4.983417807995766,1.7217812440087525,2.331204736343026,7.690924141631678
evaluation-010,0,private,0,b,1.1184383260616655,1.739522245073917,0.7368625261767298,0.6056370605571526,2.87886613186899
evaluation-010,0,private,0,g,0.10633666499735696,0.38940743024146107,0.23354328080560072,0.03261278788584411,0.7583122042495378
evaluation-010,1,private,0,r,5.239923671050733,4.983417807995766,1.7217812440087525,2.331204736343026,7.690924141631678
evaluation-010,1,private,0,b,1.1184383260616655,1.739522245073917,0.7368625261767298,0.6056370605571526,2.87886613186899
evaluation-010,1,private,0,g,0.10633666499735696,0.38940743024146107,0.23354328080560072,0.03261278788584411,0.7583122042495378
evaluation-010,2,private,0,r,5.239923671050733,4.983417807995766,1.7217812440087525,2.331204736343026,7.690924141631678
evaluation-010,2,private,0,b,1.1184383260616655,1.739522245073917,0.7368625261767298,0.6056370605571526,2.87886613186899
evaluation-010,2,private,0,g,0.10633666499735696,0.38940743024146107,0.23354328080560072,0.03261278788584411,0.7583122042495378
evaluation-010,0,prior,4,r,5.239923671050733,4.983417807995766,1.7217812440087525,2.331204736343026,7.690924141631678
evaluation-010,0,prior,4,b,1.1184383260616655,1.739522245073917,0.7368625261767298,0.6056370605571526,2.87886613186899
evaluation-010,0,prior,4,g,0.10633666499735696,0.38940743024146107,0.23354328080560072,0.03261278788584411,0.7583122042495378
evaluation-010,1,prior,4,r,5.239923671050733,4.983417807995766,1.7217812440087525,2.331204736343026,7.690924141631678
evaluation-010,1,prior,4,b,1.1184383260616655,1.739522245073917,0.7368625261767298,0.6056370605571526,2.87886613186899
evaluation-010,1,prior,4,g,0.10633666499735696,0.38940743024146107,0.23354328080560072,0.03261278788584411,0.7583122042495378
evaluation-010,2,prior,4,r,5.239923671050733,4.983417807995766,1.7217812440087525,2.331204736343026,7.690924141631678
evaluation-010,2,prior,4,b,1.1184383260616655,1.739522245073917,0.7368625261767298,0.6056370605571526,2.87886613186899
evaluation-010,2,prior,4,g,0.10633666499735696,0.38940743024146107,0.23354328080560072,0.03261278788584411,0.7583122042495378
evaluation-010,0,pooled,4,r,5.239923671050733,4.9939696633173405,0.10555244171254134,4.831654093401087,5.179081853534087
evaluation-010,0,pooled,4,b,1.1184383260616655,2.001021024276337,0.594229431151062,0.9622625622105656,2.860592300831032
evaluation-010,0,pooled,4,g,0.10633666499735696,0.3743196111924468,0.2251015907717933,0.03978101953950855,0.7404058890073436
evaluation-010,1,pooled,4,r,5.239923671050733,4.9939696633173405,0.10555244171254134,4.831654093401087,5.179081853534087
evaluation-010,1,pooled,4,b,1.1184383260616655,2.001021024276337,0.594229431151062,0.9622625622105656,2.860592300831032
evaluation-010,1,pooled,4,g,0.10633666499735696,0.3743196111924468,0.2251015907717933,0.03978101953950855,0.7404058890073436
evaluation-010,2,pooled,4,r,5.239923671050733,4.9939696633173405,0.10555244171254134,4.831654093401087,5.179081853534087
evaluation-010,2,pooled,4,b,1.1184383260616655,2.001021024276337,0.594229431151062,0.9622625622105656,2.860592300831032
evaluation-010,2,pooled,4,g,0.10633666499735696,0.3743196111924468,0.2251015907717933,0.03978101953950855,0.7404058890073436
evaluation-010,0,private,4,r,5.239923671050733,5.054025651693645,0.14417749816540232,4.831843853679242,5.297638765468599
evaluation-010,0,private,4,b,1.1184383260616655,1.66309527176551,0.6920937050975886,0.6206282782603851,2.7980757078000513
evaluation-010,0,private,4,g,0.10633666499735696,0.3891246860044536,0.2242782962183819,0.036320626737280676,0.7564892705509023
evaluation-010,1,private,4,r,5.239923671050733,5.147930182894512,0.286300762321721,4.712230709252411,5.66571150482194
evaluation-010,1,private,4,b,1.1184383260616655,1.7984008080290603,0.6918448554625358,0.6903778456090922,2.871023886907033
evaluation-010,1,private,4,g,0.10633666499735696,0.39591651203187356,0.22797157626880477,0.0426673388664053,0.7607062737424607
evaluation-010,2,private,4,r,5.239923671050733,4.898260691064546,0.15419245888251898,4.678925504339857,5.16245101993239
evaluation-010,2,private,4,b,1.1184383260616655,1.773067320526854,0.7105189920697801,0.6324330357216909,2.868838315655708
evaluation-010,2,private,4,g,0.10633666499735696,0.3777104796443217,0.22569994624115403,0.03760242037547386,0.746195495122509
evaluation-010,0,prior,8,r,5.239923671050733,4.983417807995766,1.7217812440087525,2.331204736343026,7.690924141631678
evaluation-010,0,prior,8,b,1.1184383260616655,1.739522245073917,0.7368625261767298,0.6056370605571526,2.87886613186899
evaluation-010,0,prior,8,g,0.10633666499735696,0.38940743024146107,0.23354328080560072,0.03261278788584411,0.7583122042495378
evaluation-010,1,prior,8,r,5.239923671050733,4.983417807995766,1.7217812440087525,2.331204736343026,7.690924141631678
evaluation-010,1,prior,8,b,1.1184383260616655,1.739522245073917,0.7368625261767298,0.6056370605571526,2.87886613186899
evaluation-010,1,prior,8,g,0.10633666499735696,0.38940743024146107,0.23354328080560072,0.03261278788584411,0.7583122042495378
evaluation-010,2,prior,8,r,5.239923671050733,4.983417807995766,1.7217812440087525,2.331204736343026,7.690924141631678
evaluation-010,2,prior,8,b,1.1184383260616655,1.739522245073917,0.7368625261767298,0.6056370605571526,2.87886613186899
evaluation-010,2,prior,8,g,0.10633666499735696,0.38940743024146107,0.23354328080560072,0.03261278788584411,0.7583122042495378
evaluation-010,0,pooled,8,r,5.239923671050733,5.042312887957226,0.08785415533412465,4.905960923378279,5.189763056908826
evaluation-010,0,pooled,8,b,1.1184383260616655,1.2572109035215908,0.32240256664985606,0.7003081471784552,1.7734458763719585
evaluation-010,0,pooled,8,g,0.10633666499735696,0.418849352961957,0.22448828186537725,0.0481751753656997,0.7619543341689264
evaluation-010,1,pooled,8,r,5.239923671050733,5.042312887957226,0.08785415533412465,4.905960923378279,5.189763056908826
evaluation-010,1,pooled,8,b,1.1184383260616655,1.2572109035215908,0.32240256664985606,0.7003081471784552,1.7734458763719585
evaluation-010,1,pooled,8,g,0.10633666499735696,0.418849352961957,0.22448828186537725,0.0481751753656997,0.7619543341689264
evaluation-010,2,pooled,8,r,5.239923671050733,5.042312887957226,0.08785415533412465,4.905960923378279,5.189763056908826
evaluation-010,2,pooled,8,b,1.1184383260616655,1.2572109035215908,0.32240256664985606,0.7003081471784552,1.7734458763719585
evaluation-010,2,pooled,8,g,0.10633666499735696,0.418849352961957,0.22448828186537725,0.0481751753656997,0.7619543341689264
evaluation-010,0,private,8,r,5.239923671050733,5.046735497014973,0.11647114963210128,4.870909509588122,5.25679099546919
evaluation-010,0,private,8,b,1.1184383260616655,1.5436945785364171,0.6674301290689462,0.5905563785386668,2.7164716156990574
evaluation-010,0,private,8,g,0.10633666499735696,0.38714729569795486,0.22565686869199747,0.039690757807734664,0.7584359775922693
evaluation-010,1,private,8,r,5.239923671050733,5.099161468670759,0.173056568552444,4.80872369658417,5.3827914258885015
evaluation-010,1,private,8,b,1.1184383260616655,1.1660259614151258,0.432760977306921,0.5546980650954075,1.9475492302737178
evaluation-010,1,private,8,g,0.10633666499735696,0.3977037285139717,0.23172120469237073,0.03380636512427759,0.749450159340745
evaluation-010,2,private,8,r,5.239923671050733,4.879760303899618,0.1505603150749657,4.668295443136656,5.143951149876888
evaluation-010,2,private,8,b,1.1184383260616655,1.770436358064454,0.7109039034292917,0.6254015822366346,2.8712869007476685
evaluation-010,2,private,8,g,0.10633666499735696,0.38574331237428416,0.22542464570028253,0.03971450611796512,0.7509649661943799
evaluation-010,0,prior,16,r,5.239923671050733,4.983417807995766,1.7217812440087525,2.331204736343026,7.690924141631678
evaluation-010,0,prior,16,b,1.1184383260616655,1.739522245073917,0.7368625261767298,0.6056370605571526,2.87886613186899
evaluation-010,0,prior,16,g,0.10633666499735696,0.38940743024146107,0.23354328080560072,0.03261278788584411,0.7583122042495378
evaluation-010,1,prior,16,r,5.239923671050733,4.983417807995766,1.7217812440087525,2.331204736343026,7.690924141631678
evaluation-010,1,prior,16,b,1.1184383260616655,1.739522245073917,0.7368625261767298,0.6056370605571526,2.87886613186899
evaluation-010,1,prior,16,g,0.10633666499735696,0.38940743024146107,0.23354328080560072,0.03261278788584411,0.7583122042495378
evaluation-010,2,prior,16,r,5.239923671050733,4.983417807995766,1.7217812440087525,2.331204736343026,7.690924141631678
evaluation-010,2,prior,16,b,1.1184383260616655,1.739522245073917,0.7368625261767298,0.6056370605571526,2.87886613186899
evaluation-010,2,prior,16,g,0.10633666499735696,0.38940743024146107,0.23354328080560072,0.03261278788584411,0.7583122042495378
evaluation-010,0,pooled,16,r,5.239923671050733,5.000193965022504,0.07438779752483991,4.897851643463465,5.13079882894582
evaluation-010,0,pooled,16,b,1.1184383260616655,1.4428773325143538,0.12979751150487684,1.2416561679022955,1.6519624045875243
evaluation-010,0,pooled,16,g,0.10633666499735696,0.5312870626398711,0.1782524354426902,0.19122397512158298,0.7693619651574066
evaluation-010,1,pooled,16,r,5.239923671050733,5.000193965022504,0.07438779752483991,4.897851643463465,5.13079882894582
evaluation-010,1,pooled,16,b,1.1184383260616655,1.4428773325143538,0.12979751150487684,1.2416561679022955,1.6519624045875243
evaluation-010,1,pooled,16,g,0.10633666499735696,0.5312870626398711,0.1782524354426902,0.19122397512158298,0.7693619651574066
evaluation-010,2,pooled,16,r,5.239923671050733,5.000193965022504,0.07438779752483991,4.897851643463465,5.13079882894582
evaluation-010,2,pooled,16,b,1.1184383260616655,1.4428773325143538,0.12979751150487684,1.2416561679022955,1.6519624045875243
evaluation-010,2,pooled,16,g,0.10633666499735696,0.5312870626398711,0.1782524354426902,0.19122397512158298,0.7693619651574066
evaluation-010,0,private,16,r,5.239923671050733,5.057074104903162,0.11037212317804247,4.8911336794819835,5.259778890386385
evaluation-010,0,private,16,b,1.1184383260616655,1.4398081910909066,0.5274921883673364,0.6596372209633256,2.343015421184966
evaluation-010,0,private,16,g,0.10633666499735696,0.400956450682887,0.2303078742943605,0.040525309264774885,0.7644341087338833
evaluation-010,1,private,16,r,5.239923671050733,5.041784121218668,0.15352314515519228,4.83639058377456,5.337102649120671
evaluation-010,1,private,16,b,1.1184383260616655,1.3955444563768828,0.24148191797101118,0.9509726950430919,1.7450561070042276
evaluation-010,1,private,16,g,0.10633666499735696,0.41201957567450265,0.22970732611040368,0.05165287302057313,0.7488526640675
evaluation-010,2,private,16,r,5.239923671050733,4.986073292942808,0.11940921870512836,4.8013068011147775,5.187041685345344
evaluation-010,2,private,16,b,1.1184383260616655,1.7708579132533955,0.7203210913344607,0.6140644709874034,2.857608299209309
evaluation-010,2,private,16,g,0.10633666499735696,0.5062522397623594,0.20288784555781456,0.1201124285755968,0.7790468564145394
evaluation-010,0,prior,32,r,5.239923671050733,4.983417807995766,1.7217812440087525,2.331204736343026,7.690924141631678
evaluation-010,0,prior,32,b,1.1184383260616655,1.739522245073917,0.7368625261767298,0.6056370605571526,2.87886613186899
evaluation-010,0,prior,32,g,0.10633666499735696,0.38940743024146107,0.23354328080560072,0.03261278788584411,0.7583122042495378
evaluation-010,1,prior,32,r,5.239923671050733,4.983417807995766,1.7217812440087525,2.331204736343026,7.690924141631678
evaluation-010,1,prior,32,b,1.1184383260616655,1.739522245073917,0.7368625261767298,0.6056370605571526,2.87886613186899
evaluation-010,1,prior,32,g,0.10633666499735696,0.38940743024146107,0.23354328080560072,0.03261278788584411,0.7583122042495378
evaluation-010,2,prior,32,r,5.239923671050733,4.983417807995766,1.7217812440087525,2.331204736343026,7.690924141631678
evaluation-010,2,prior,32,b,1.1184383260616655,1.739522245073917,0.7368625261767298,0.6056370605571526,2.87886613186899
evaluation-010,2,prior,32,g,0.10633666499735696,0.38940743024146107,0.23354328080560072,0.03261278788584411,0.7583122042495378
evaluation-010,0,pooled,32,r,5.239923671050733,5.094975970087105,0.06699517154734524,4.985563991798004,5.2070329771651185
evaluation-010,0,pooled,32,b,1.1184383260616655,1.2332303184621138,0.053429254014748996,1.145922332386009,1.3162233205675515
evaluation-010,0,pooled,32,g,0.10633666499735696,0.32374901256247396,0.09808287450317069,0.15617368776364016,0.4855663219114532
evaluation-010,1,pooled,32,r,5.239923671050733,5.094975970087105,0.06699517154734524,4.985563991798004,5.2070329771651185
evaluation-010,1,pooled,32,b,1.1184383260616655,1.2332303184621138,0.053429254014748996,1.145922332386009,1.3162233205675515
evaluation-010,1,pooled,32,g,0.10633666499735696,0.32374901256247396,0.09808287450317069,0.15617368776364016,0.4855663219114532
evaluation-010,2,pooled,32,r,5.239923671050733,5.094975970087105,0.06699517154734524,4.985563991798004,5.2070329771651185
evaluation-010,2,pooled,32,b,1.1184383260616655,1.2332303184621138,0.053429254014748996,1.145922332386009,1.3162233205675515
evaluation-010,2,pooled,32,g,0.10633666499735696,0.32374901256247396,0.09808287450317069,0.15617368776364016,0.4855663219114532
evaluation-010,0,private,32,r,5.239923671050733,5.119949518896969,0.09795920751349516,4.971116835157564,5.287499778950484
evaluation-010,0,private,32,b,1.1184383260616655,0.9657475466188574,0.22253847958265877,0.5823298328340596,1.3434187149004841
evaluation-010,0,private,32,g,0.10633666499735696,0.49903191569832017,0.1988279133495353,0.0998956736841442,0.7660431611638849
evaluation-010,1,private,32,r,5.239923671050733,5.181737706910747,0.11113616077286995,5.005999773494727,5.3691914800299925
evaluation-010,1,private,32,b,1.1184383260616655,1.1265773189026465,0.12050842008478245,0.913793950780545,1.310378679965886
evaluation-010,1,private,32,g,0.10633666499735696,0.4516497629902809,0.2200174313476972,0.054591230273128774,0.7625467836589866
evaluation-010,2,private,32,r,5.239923671050733,4.971345830222341,0.11943074291635902,4.7960186603924715,5.175612804951374
evaluation-010,2,private,32,b,1.1184383260616655,1.5555525330317932,0.6456225488534088,0.620907916872182,2.698901512579804
evaluation-010,2,private,32,g,0.10633666499735696,0.4365253852447682,0.17327549760642824,0.12737120289659484,0.6864933077639984
evaluation-010,0,prior,64,r,5.239923671050733,4.983417807995766,1.7217812440087525,2.331204736343026,7.690924141631678
evaluation-010,0,prior,64,b,1.1184383260616655,1.739522245073917,0.7368625261767298,0.6056370605571526,2.87886613186899
evaluation-010,0,prior,64,g,0.10633666499735696,0.38940743024146107,0.23354328080560072,0.03261278788584411,0.7583122042495378
evaluation-010,1,prior,64,r,5.239923671050733,4.983417807995766,1.7217812440087525,2.331204736343026,7.690924141631678
evaluation-010,1,prior,64,b,1.1184383260616655,1.739522245073917,0.7368625261767298,0.6056370605571526,2.87886613186899
evaluation-010,1,prior,64,g,0.10633666499735696,0.38940743024146107,0.23354328080560072,0.03261278788584411,0.7583122042495378
evaluation-010,2,prior,64,r,5.239923671050733,4.983417807995766,1.7217812440087525,2.331204736343026,7.690924141631678
evaluation-010,2,prior,64,b,1.1184383260616655,1.739522245073917,0.7368625261767298,0.6056370605571526,2.87886613186899
evaluation-010,2,prior,64,g,0.10633666499735696,0.38940743024146107,0.23354328080560072,0.03261278788584411,0.7583122042495378
evaluation-010,0,pooled,64,r,5.239923671050733,5.215068289519281,0.04422462083941539,5.138846978104339,5.283948645130976
evaluation-010,0,pooled,64,b,1.1184383260616655,1.1404478028219476,0.038506006144331424,1.0768167249469773,1.2015467135433893
evaluation-010,0,pooled,64,g,0.10633666499735696,0.08816082515523661,0.041745976927891164,0.021427230930317325,0.15923128951849444
evaluation-010,1,pooled,64,r,5.239923671050733,5.215068289519281,0.04422462083941539,5.138846978104339,5.283948645130976
evaluation-010,1,pooled,64,b,1.1184383260616655,1.1404478028219476,0.038506006144331424,1.0768167249469773,1.2015467135433893
evaluation-010,1,pooled,64,g,0.10633666499735696,0.08816082515523661,0.041745976927891164,0.021427230930317325,0.15923128951849444
evaluation-010,2,pooled,64,r,5.239923671050733,5.215068289519281,0.04422462083941539,5.138846978104339,5.283948645130976
evaluation-010,2,pooled,64,b,1.1184383260616655,1.1404478028219476,0.038506006144331424,1.0768167249469773,1.2015467135433893
evaluation-010,2,pooled,64,g,0.10633666499735696,0.08816082515523661,0.041745976927891164,0.021427230930317325,0.15923128951849444
evaluation-010,0,private,64,r,5.239923671050733,5.2336365985248285,0.0702091373717316,5.119127578365952,5.349040031857372
evaluation-010,0,private,64,b,1.1184383260616655,1.0904935867408672,0.06637733241467922,0.9803862044060783,1.1973288300751712
evaluation-010,0,private,64,g,0.10633666499735696,0.12901770203306184,0.08047566679834392,0.014668376328377792,0.277898726468264
evaluation-010,1,private,64,r,5.239923671050733,5.1741809115110176,0.0910332252444923,5.0246953662063305,5.318227961417687
evaluation-010,1,private,64,b,1.1184383260616655,1.192076484702656,0.07995605721860537,1.0542897821840898,1.3199659370050258
evaluation-010,1,private,64,g,0.10633666499735696,0.10579282153066204,0.057922820025766,0.013744347266059886,0.2069274895362678
evaluation-010,2,private,64,r,5.239923671050733,4.953583904020645,0.11231867098226038,4.787771156777145,5.155759427254097
evaluation-010,2,private,64,b,1.1184383260616655,0.766451690244842,0.12031315451324893,0.5864377495859738,0.9929333373823159
evaluation-010,2,private,64,g,0.10633666499735696,0.483789417458783,0.13655828962344607,0.2412117145862548,0.6852052282189525
evaluation-010,0,prior,128,r,5.239923671050733,4.983417807995766,1.7217812440087525,2.331204736343026,7.690924141631678
evaluation-010,0,prior,128,b,1.1184383260616655,1.739522245073917,0.7368625261767298,0.6056370605571526,2.87886613186899
evaluation-010,0,prior,128,g,0.10633666499735696,0.38940743024146107,0.23354328080560072,0.03261278788584411,0.7583122042495378
evaluation-010,1,prior,128,r,5.239923671050733,4.983417807995766,1.7217812440087525,2.331204736343026,7.690924141631678
evaluation-010,1,prior,128,b,1.1184383260616655,1.739522245073917,0.7368625261767298,0.6056370605571526,2.87886613186899
evaluation-010,1,prior,128,g,0.10633666499735696,0.38940743024146107,0.23354328080560072,0.03261278788584411,0.7583122042495378
evaluation-010,2,prior,128,r,5.239923671050733,4.983417807995766,1.7217812440087525,2.331204736343026,7.690924141631678
evaluation-010,2,prior,128,b,1.1184383260616655,1.739522245073917,0.7368625261767298,0.6056370605571526,2.87886613186899
evaluation-010,2,prior,128,g,0.10633666499735696,0.38940743024146107,0.23354328080560072,0.03261278788584411,0.7583122042495378
evaluation-010,0,pooled,128,r,5.239923671050733,5.192533293460687,0.03902262271447312,5.131416732879862,5.257957809357322
evaluation-010,0,pooled,128,b,1.1184383260616655,1.1274822006489746,0.0252068866584935,1.0887575202634043,1.167229901075729
evaluation-010,0,pooled,128,g,0.10633666499735696,0.13022832004015078,0.03470821161855801,0.0720759661130058,0.18344266049614538
evaluation-010,1,pooled,128,r,5.239923671050733,5.192533293460687,0.03902262271447312,5.131416732879862,5.257957809357322
evaluation-010,1,pooled,128,b,1.1184383260616655,1.1274822006489746,0.0252068866584935,1.0887575202634043,1.167229901075729
evaluation-010,1,pooled,128,g,0.10633666499735696,0.13022832004015078,0.03470821161855801,0.0720759661130058,0.18344266049614538
evaluation-010,2,pooled,128,r,5.239923671050733,5.192533293460687,0.03902262271447312,5.131416732879862,5.257957809357322
evaluation-010,2,pooled,128,b,1.1184383260616655,1.1274822006489746,0.0252068866584935,1.0887575202634043,1.167229901075729
evaluation-010,2,pooled,128,g,0.10633666499735696,0.13022832004015078,0.03470821161855801,0.0720759661130058,0.18344266049614538
evaluation-010,0,private,128,r,5.239923671050733,5.1988868879385475,0.0609077519318105,5.103046547173718,5.304794141969612
evaluation-010,0,private,128,b,1.1184383260616655,1.14670395694711,0.045402529907994794,1.068679084274638,1.219758042791976
evaluation-010,0,private,128,g,0.10633666499735696,0.09595508886424693,0.05750032155421153,0.014180911280655732,0.19886376135600375
evaluation-010,1,private,128,r,5.239923671050733,5.2571732529073225,0.05992537354678573,5.160716094456866,5.360607633014508
evaluation-010,1,private,128,b,1.1184383260616655,1.0869490908103137,0.04482198428087592,1.0098232374494962,1.1558844655035638
evaluation-010,1,private,128,g,0.10633666499735696,0.10584079261209567,0.0508032855893197,0.02672934245458397,0.18869802281125334
evaluation-010,2,private,128,r,5.239923671050733,5.063773308051936,0.07899541175585047,4.9301993912276405,5.198799441296182
evaluation-010,2,private,128,b,1.1184383260616655,1.1163790353510787,0.045460670430009675,1.04175137897511,1.1891925601578484
evaluation-010,2,private,128,g,0.10633666499735696,0.26591711422753256,0.07323150439346533,0.1395025008672319,0.3876230890319083
evaluation-011,0,prior,0,r,4.088347814112091,4.967828217103859,1.7215575718957494,2.2942381353255414,7.661181965896812
evaluation-011,0,prior,0,b,1.2287341245157264,1.7550341671261773,0.7063138824589859,0.6448690108042445,2.8599455363781034
evaluation-011,0,prior,0,g,0.585521037949539,0.4127002136523922,0.2289793450613069,0.047510706878093,0.7580903651782835
evaluation-011,1,prior,0,r,4.088347814112091,4.967828217103859,1.7215575718957494,2.2942381353255414,7.661181965896812
evaluation-011,1,prior,0,b,1.2287341245157264,1.7550341671261773,0.7063138824589859,0.6448690108042445,2.8599455363781034
evaluation-011,1,prior,0,g,0.585521037949539,0.4127002136523922,0.2289793450613069,0.047510706878093,0.7580903651782835
evaluation-011,2,prior,0,r,4.088347814112091,4.967828217103859,1.7215575718957494,2.2942381353255414,7.661181965896812
evaluation-011,2,prior,0,b,1.2287341245157264,1.7550341671261773,0.7063138824589859,0.6448690108042445,2.8599455363781034
evaluation-011,2,prior,0,g,0.585521037949539,0.4127002136523922,0.2289793450613069,0.047510706878093,0.7580903651782835
evaluation-011,0,pooled,0,r,4.088347814112091,4.967828217103859,1.7215575718957494,2.2942381353255414,7.661181965896812
evaluation-011,0,pooled,0,b,1.2287341245157264,1.7550341671261773,0.7063138824589859,0.6448690108042445,2.8599455363781034
evaluation-011,0,pooled,0,g,0.585521037949539,0.4127002136523922,0.2289793450613069,0.047510706878093,0.7580903651782835
evaluation-011,1,pooled,0,r,4.088347814112091,4.967828217103859,1.7215575718957494,2.2942381353255414,7.661181965896812
evaluation-011,1,pooled,0,b,1.2287341245157264,1.7550341671261773,0.7063138824589859,0.6448690108042445,2.8599455363781034
evaluation-011,1,pooled,0,g,0.585521037949539,0.4127002136523922,0.2289793450613069,0.047510706878093,0.7580903651782835
evaluation-011,2,pooled,0,r,4.088347814112091,4.967828217103859,1.7215575718957494,2.2942381353255414,7.661181965896812
evaluation-011,2,pooled,0,b,1.2287341245157264,1.7550341671261773,0.7063138824589859,0.6448690108042445,2.8599455363781034
evaluation-011,2,pooled,0,g,0.585521037949539,0.4127002136523922,0.2289793450613069,0.047510706878093,0.7580903651782835
evaluation-011,0,private,0,r,4.088347814112091,4.967828217103859,1.7215575718957494,2.2942381353255414,7.661181965896812
evaluation-011,0,private,0,b,1.2287341245157264,1.7550341671261773,0.7063138824589859,0.6448690108042445,2.8599455363781034
evaluation-011,0,private,0,g,0.585521037949539,0.4127002136523922,0.2289793450613069,0.047510706878093,0.7580903651782835
evaluation-011,1,private,0,r,4.088347814112091,4.967828217103859,1.7215575718957494,2.2942381353255414,7.661181965896812
evaluation-011,1,private,0,b,1.2287341245157264,1.7550341671261773,0.7063138824589859,0.6448690108042445,2.8599455363781034
evaluation-011,1,private,0,g,0.585521037949539,0.4127002136523922,0.2289793450613069,0.047510706878093,0.7580903651782835
evaluation-011,2,private,0,r,4.088347814112091,4.967828217103859,1.7215575718957494,2.2942381353255414,7.661181965896812
evaluation-011,2,private,0,b,1.2287341245157264,1.7550341671261773,0.7063138824589859,0.6448690108042445,2.8599455363781034
evaluation-011,2,private,0,g,0.585521037949539,0.4127002136523922,0.2289793450613069,0.047510706878093,0.7580903651782835
evaluation-011,0,prior,4,r,4.088347814112091,4.967828217103859,1.7215575718957494,2.2942381353255414,7.661181965896812
evaluation-011,0,prior,4,b,1.2287341245157264,1.7550341671261773,0.7063138824589859,0.6448690108042445,2.8599455363781034
evaluation-011,0,prior,4,g,0.585521037949539,0.4127002136523922,0.2289793450613069,0.047510706878093,0.7580903651782835
evaluation-011,1,prior,4,r,4.088347814112091,4.967828217103859,1.7215575718957494,2.2942381353255414,7.661181965896812
evaluation-011,1,prior,4,b,1.2287341245157264,1.7550341671261773,0.7063138824589859,0.6448690108042445,2.8599455363781034
evaluation-011,1,prior,4,g,0.585521037949539,0.4127002136523922,0.2289793450613069,0.047510706878093,0.7580903651782835
evaluation-011,2,prior,4,r,4.088347814112091,4.967828217103859,1.7215575718957494,2.2942381353255414,7.661181965896812
evaluation-011,2,prior,4,b,1.2287341245157264,1.7550341671261773,0.7063138824589859,0.6448690108042445,2.8599455363781034
evaluation-011,2,prior,4,g,0.585521037949539,0.4127002136523922,0.2289793450613069,0.047510706878093,0.7580903651782835
evaluation-011,0,pooled,4,r,4.088347814112091,3.9917797849489594,0.13456525802380248,3.80096984664227,4.232452929261445
evaluation-011,0,pooled,4,b,1.2287341245157264,1.4402384412285427,0.5318064463720431,0.6180019398126919,2.2864594854667484
evaluation-011,0,pooled,4,g,0.585521037949539,0.40854568611130826,0.22871779399474934,0.04248477537576856,0.7528589718443018
evaluation-011,1,pooled,4,r,4.088347814112091,3.9917797849489594,0.13456525802380248,3.80096984664227,4.232452929261445
evaluation-011,1,pooled,4,b,1.2287341245157264,1.4402384412285427,0.5318064463720431,0.6180019398126919,2.2864594854667484
evaluation-011,1,pooled,4,g,0.585521037949539,0.40854568611130826,0.22871779399474934,0.04248477537576856,0.7528589718443018
evaluation-011,2,pooled,4,r,4.088347814112091,3.9917797849489594,0.13456525802380248,3.80096984664227,4.232452929261445
evaluation-011,2,pooled,4,b,1.2287341245157264,1.4402384412285427,0.5318064463720431,0.6180019398126919,2.2864594854667484
evaluation-011,2,pooled,4,g,0.585521037949539,0.40854568611130826,0.22871779399474934,0.04248477537576856,0.7528589718443018
evaluation-011,0,private,4,r,4.088347814112091,3.9013927856029533,0.19840394831712174,3.6000244987628913,4.23871841377899
evaluation-011,0,private,4,b,1.2287341245157264,1.7553844613766545,0.7305939152611997,0.6169948236465194,2.866512526938714
evaluation-011,0,private,4,g,0.585521037949539,0.4006454650387211,0.22887308934766054,0.035749522408303466,0.7636459333658453
evaluation-011,1,private,4,r,4.088347814112091,4.095171581386803,0.19097471272364505,3.815417417948157,4.412983232175955
evaluation-011,1,private,4,b,1.2287341245157264,1.742106659257766,0.7509940126506982,0.5968442417799031,2.8830462245034103
evaluation-011,1,private,4,g,0.585521037949539,0.41172496674244957,0.22560893036094956,0.06697584362763642,0.7818062942826358
evaluation-011,2,private,4,r,4.088347814112091,3.947764571144291,0.1944429054183779,3.6541378039989483,4.285985776285478
evaluation-011,2,private,4,b,1.2287341245157264,1.761091203522578,0.72574007343156,0.6375614200814331,2.878875502284526
evaluation-011,2,private,4,g,0.585521037949539,0.41113787652990735,0.22715568059514288,0.03715145936245952,0.758370200691371
evaluation-011,0,prior,8,r,4.088347814112091,4.967828217103859,1.7215575718957494,2.2942381353255414,7.661181965896812
evaluation-011,0,prior,8,b,1.2287341245157264,1.7550341671261773,0.7063138824589859,0.6448690108042445,2.8599455363781034
evaluation-011,0,prior,8,g,0.585521037949539,0.4127002136523922,0.2289793450613069,0.047510706878093,0.7580903651782835
evaluation-011,1,prior,8,r,4.088347814112091,4.967828217103859,1.7215575718957494,2.2942381353255414,7.661181965896812
evaluation-011,1,prior,8,b,1.2287341245157264,1.7550341671261773,0.7063138824589859,0.6448690108042445,2.8599455363781034
evaluation-011,1,prior,8,g,0.585521037949539,0.4127002136523922,0.2289793450613069,0.047510706878093,0.7580903651782835
evaluation-011,2,prior,8,r,4.088347814112091,4.967828217103859,1.7215575718957494,2.2942381353255414,7.661181965896812
evaluation-011,2,prior,8,b,1.2287341245157264,1.7550341671261773,0.7063138824589859,0.6448690108042445,2.8599455363781034
evaluation-011,2,prior,8,g,0.585521037949539,0.4127002136523922,0.2289793450613069,0.047510706878093,0.7580903651782835
evaluation-011,0,pooled,8,r,4.088347814112091,3.9916999713052523,0.10759505312237284,3.823993665212184,4.1702838583241855
evaluation-011,0,pooled,8,b,1.2287341245157264,1.515764566500822,0.4374580724621402,0.7425736701944713,2.195249765596633
evaluation-011,0,pooled,8,g,0.585521037949539,0.47114838757628175,0.22040601517494676,0.06636588095073108,0.7722704684527462
evaluation-011,1,pooled,8,r,4.088347814112091,3.9916999713052523,0.10759505312237284,3.823993665212184,4.1702838583241855
evaluation-011,1,pooled,8,b,1.2287341245157264,1.515764566500822,0.4374580724621402,0.7425736701944713,2.195249765596633
evaluation-011,1,pooled,8,g,0.585521037949539,0.47114838757628175,0.22040601517494676,0.06636588095073108,0.7722704684527462
evaluation-011,2,pooled,8,r,4.088347814112091,3.9916999713052523,0.10759505312237284,3.823993665212184,4.1702838583241855
evaluation-011,2,pooled,8,b,1.2287341245157264,1.515764566500822,0.4374580724621402,0.7425736701944713,2.195249765596633
evaluation-011,2,pooled,8,g,0.585521037949539,0.47114838757628175,0.22040601517494676,0.06636588095073108,0.7722704684527462
evaluation-011,0,private,8,r,4.088347814112091,3.935447306651856,0.18560452030692215,3.6388726930778326,4.244696263142875
evaluation-011,0,private,8,b,1.2287341245157264,1.625251299317462,0.6306789323263184,0.6184269951938557,2.6090885577939598
evaluation-011,0,private,8,g,0.585521037949539,0.39897322715287037,0.22733986257370514,0.03689144401000195,0.7585725426261258
evaluation-011,1,private,8,r,4.088347814112091,3.9733820157931667,0.12465149469571074,3.7951734941820696,4.19252441275617
evaluation-011,1,private,8,b,1.2287341245157264,1.7742872038906106,0.7217891738264608,0.6218464264869671,2.8579532977158344
evaluation-011,1,private,8,g,0.585521037949539,0.3972335166539741,0.22194718366917737,0.046244058637713435,0.7485845429323569
evaluation-011,2,private,8,r,4.088347814112091,4.047073334293173,0.1613960781446929,3.7914407656039435,4.312717283727483
evaluation-011,2,private,8,b,1.2287341245157264,2.016501498771364,0.6912904431891915,0.76852131663939,2.9281214154617885
evaluation-011,2,private,8,g,0.585521037949539,0.4279957824162492,0.23164835160345792,0.04135180281333753,0.7681467508023586
evaluation-011,0,prior,16,r,4.088347814112091,4.967828217103859,1.7215575718957494,2.2942381353255414,7.661181965896812
evaluation-011,0,prior,16,b,1.2287341245157264,1.7550341671261773,0.7063138824589859,0.6448690108042445,2.8599455363781034
evaluation-011,0,prior,16,g,0.585521037949539,0.4127002136523922,0.2289793450613069,0.047510706878093,0.7580903651782835
evaluation-011,1,prior,16,r,4.088347814112091,4.967828217103859,1.7215575718957494,2.2942381353255414,7.661181965896812
evaluation-011,1,prior,16,b,1.2287341245157264,1.7550341671261773,0.7063138824589859,0.6448690108042445,2.8599455363781034
evaluation-011,1,prior,16,g,0.585521037949539,0.4127002136523922,0.2289793450613069,0.047510706878093,0.7580903651782835
evaluation-011,2,prior,16,r,4.088347814112091,4.967828217103859,1.7215575718957494,2.2942381353255414,7.661181965896812
evaluation-011,2,prior,16,b,1.2287341245157264,1.7550341671261773,0.7063138824589859,0.6448690108042445,2.8599455363781034
evaluation-011,2,prior,16,g,0.585521037949539,0.4127002136523922,0.2289793450613069,0.047510706878093,0.7580903651782835
evaluation-011,0,pooled,16,r,4.088347814112091,4.076249977516985,0.08200849931038726,3.956544796801401,4.221915461783942
evaluation-011,0,pooled,16,b,1.2287341245157264,1.1336025256497773,0.12227372917279271,0.9286914266148866,1.3323986748420977
evaluation-011,0,pooled,16,g,0.585521037949539,0.5317930330642678,0.18986966894813653,0.16747596369538217,0.7782816563819228
evaluation-011,1,pooled,16,r,4.088347814112091,4.076249977516985,0.08200849931038726,3.956544796801401,4.221915461783942
evaluation-011,1,pooled,16,b,1.2287341245157264,1.1336025256497773,0.12227372917279271,0.9286914266148866,1.3323986748420977
evaluation-011,1,pooled,16,g,0.585521037949539,0.5317930330642678,0.18986966894813653,0.16747596369538217,0.7782816563819228
evaluation-011,2,pooled,16,r,4.088347814112091,4.076249977516985,0.08200849931038726,3.956544796801401,4.221915461783942
evaluation-011,2,pooled,16,b,1.2287341245157264,1.1336025256497773,0.12227372917279271,0.9286914266148866,1.3323986748420977
evaluation-011,2,pooled,16,g,0.585521037949539,0.5317930330642678,0.18986966894813653,0.16747596369538217,0.7782816563819228
evaluation-011,0,private,16,r,4.088347814112091,4.12706539503841,0.12090194094465136,3.93951235418637,4.348219745719693
evaluation-011,0,private,16,b,1.2287341245157264,1.060261063015842,0.21311197497402776,0.6888471955452602,1.3913477367969131
evaluation-011,0,private,16,g,0.585521037949539,0.4010040928227225,0.22857374447670423,0.03247847946226374,0.7582597155191549
evaluation-011,1,private,16,r,4.088347814112091,4.031943394095148,0.1072709572008448,3.8703733672621623,4.211457869285871
evaluation-011,1,private,16,b,1.2287341245157264,1.7526303370520064,0.7476970936533006,0.6015660954083409,2.8859025189693757
evaluation-011,1,private,16,g,0.585521037949539,0.5063793278097265,0.2108722482693316,0.0911927128106887,0.7729720175731236
evaluation-011,2,private,16,r,4.088347814112091,4.011842643000886,0.16556627043760389,3.762041307091038,4.312991075207334
evaluation-011,2,private,16,b,1.2287341245157264,1.8925085356182876,0.6071234010010798,0.8277381588850123,2.8330095146961667
evaluation-011,2,private,16,g,0.585521037949539,0.39485487759364735,0.2288710294939605,0.03792723544994079,0.758251088367147
evaluation-011,0,prior,32,r,4.088347814112091,4.967828217103859,1.7215575718957494,2.2942381353255414,7.661181965896812
evaluation-011,0,prior,32,b,1.2287341245157264,1.7550341671261773,0.7063138824589859,0.6448690108042445,2.8599455363781034
evaluation-011,0,prior,32,g,0.585521037949539,0.4127002136523922,0.2289793450613069,0.047510706878093,0.7580903651782835
evaluation-011,1,prior,32,r,4.088347814112091,4.967828217103859,1.7215575718957494,2.2942381353255414,7.661181965896812
evaluation-011,1,prior,32,b,1.2287341245157264,1.7550341671261773,0.7063138824589859,0.6448690108042445,2.8599455363781034
evaluation-011,1,prior,32,g,0.585521037949539,0.4127002136523922,0.2289793450613069,0.047510706878093,0.7580903651782835
evaluation-011,2,prior,32,r,4.088347814112091,4.967828217103859,1.7215575718957494,2.2942381353255414,7.661181965896812
evaluation-011,2,prior,32,b,1.2287341245157264,1.7550341671261773,0.7063138824589859,0.6448690108042445,2.8599455363781034
evaluation-011,2,prior,32,g,0.585521037949539,0.4127002136523922,0.2289793450613069,0.047510706878093,0.7580903651782835
evaluation-011,0,pooled,32,r,4.088347814112091,4.084197761487092,0.05802297754783562,3.988468919375802,4.182582931330787
evaluation-011,0,pooled,32,b,1.2287341245157264,1.18399459497753,0.06683642459380496,1.0775760795384624,1.2983048623837101
evaluation-011,0,pooled,32,g,0.585521037949539,0.5653600334001458,0.08738739115897995,0.41538239685617,0.7031643968207475
evaluation-011,1,pooled,32,r,4.088347814112091,4.084197761487092,0.05802297754783562,3.988468919375802,4.182582931330787
evaluation-011,1,pooled,32,b,1.2287341245157264,1.18399459497753,0.06683642459380496,1.0775760795384624,1.2983048623837101
evaluation-011,1,pooled,32,g,0.585521037949539,0.5653600334001458,0.08738739115897995,0.41538239685617,0.7031643968207475
evaluation-011,2,pooled,32,r,4.088347814112091,4.084197761487092,0.05802297754783562,3.988468919375802,4.182582931330787
evaluation-011,2,pooled,32,b,1.2287341245157264,1.18399459497753,0.06683642459380496,1.0775760795384624,1.2983048623837101
evaluation-011,2,pooled,32,g,0.585521037949539,0.5653600334001458,0.08738739115897995,0.41538239685617,0.7031643968207475
evaluation-011,0,private,32,r,4.088347814112091,4.001834102539578,0.08756647701364541,3.871107016930772,4.157070493331374
evaluation-011,0,private,32,b,1.2287341245157264,1.3317839378974559,0.141759618684102,1.0786531487052824,1.567372308105295
evaluation-011,0,private,32,g,0.585521037949539,0.32829820138413235,0.21830319885479296,0.019125207163518093,0.726148844702753
evaluation-011,1,private,32,r,4.088347814112091,4.167523577480725,0.0954102838574963,4.0065782024720775,4.325267328002987
evaluation-011,1,private,32,b,1.2287341245157264,1.1226891457222572,0.4397381690353297,0.5390647719661497,1.937614860901754
evaluation-011,1,private,32,g,0.585521037949539,0.4222499174059947,0.15620320968352627,0.16734068047422151,0.6830638811138868
evaluation-011,2,private,32,r,4.088347814112091,4.166774612627284,0.10924514373346023,3.9929054143785523,4.349230063893964
evaluation-011,2,private,32,b,1.2287341245157264,1.2113125376844027,0.2522745920695744,0.7897721138500361,1.6148715231977395
evaluation-011,2,private,32,g,0.585521037949539,0.4175005544060666,0.22028854497229225,0.0549422141449438,0.7565489960628595
evaluation-011,0,prior,64,r,4.088347814112091,4.967828217103859,1.7215575718957494,2.2942381353255414,7.661181965896812
evaluation-011,0,prior,64,b,1.2287341245157264,1.7550341671261773,0.7063138824589859,0.6448690108042445,2.8599455363781034
evaluation-011,0,prior,64,g,0.585521037949539,0.4127002136523922,0.2289793450613069,0.047510706878093,0.7580903651782835
evaluation-011,1,prior,64,r,4.088347814112091,4.967828217103859,1.7215575718957494,2.2942381353255414,7.661181965896812
evaluation-011,1,prior,64,b,1.2287341245157264,1.7550341671261773,0.7063138824589859,0.6448690108042445,2.8599455363781034
evaluation-011,1,prior,64,g,0.585521037949539,0.4127002136523922,0.2289793450613069,0.047510706878093,0.7580903651782835
evaluation-011,2,prior,64,r,4.088347814112091,4.967828217103859,1.7215575718957494,2.2942381353255414,7.661181965896812
evaluation-011,2,prior,64,b,1.2287341245157264,1.7550341671261773,0.7063138824589859,0.6448690108042445,2.8599455363781034
evaluation-011,2,prior,64,g,0.585521037949539,0.4127002136523922,0.2289793450613069,0.047510706878093,0.7580903651782835
evaluation-011,0,pooled,64,r,4.088347814112091,4.0538715293779255,0.038831307060567505,3.9937916773940065,4.119097796143438
evaluation-011,0,pooled,64,b,1.2287341245157264,1.219541623081082,0.03883775073937013,1.1539494106372248,1.2844461791658066
evaluation-011,0,pooled,64,g,0.585521037949539,0.6073658095394845,0.04776403216896492,0.5269225694149975,0.6884993788779269
evaluation-011,1,pooled,64,r,4.088347814112091,4.0538715293779255,0.038831307060567505,3.9937916773940065,4.119097796143438
evaluation-011,1,pooled,64,b,1.2287341245157264,1.219541623081082,0.03883775073937013,1.1539494106372248,1.2844461791658066
evaluation-011,1,pooled,64,g,0.585521037949539,0.6073658095394845,0.04776403216896492,0.5269225694149975,0.6884993788779269
evaluation-011,2,pooled,64,r,4.088347814112091,4.0538715293779255,0.038831307060567505,3.9937916773940065,4.119097796143438
evaluation-011,2,pooled,64,b,1.2287341245157264,1.219541623081082,0.03883775073937013,1.1539494106372248,1.2844461791658066
evaluation-011,2,pooled,64,g,0.585521037949539,0.6073658095394845,0.04776403216896492,0.5269225694149975,0.6884993788779269
evaluation-011,0,private,64,r,4.088347814112091,4.035000227817588,0.0896691238851275,3.902715630973729,4.190799583190762
evaluation-011,0,private,64,b,1.2287341245157264,1.214801167029689,0.12151530565741794,0.9999501646400335,1.4052618938069064
evaluation-011,0,private,64,g,0.585521037949539,0.63643504666331,0.05617824188736222,0.5373988978854051,0.7234093546395794
evaluation-011,1,private,64,r,4.088347814112091,4.117499731016386,0.08796889036504348,3.972578731194478,4.26328011354937
evaluation-011,1,private,64,b,1.2287341245157264,1.2178876022738199,0.07307361845264983,1.1120001007277223,1.3545190382071852
evaluation-011,1,private,64,g,0.585521037949539,0.49650659718385143,0.1310157544339302,0.26514813121405406,0.6975395558633697
evaluation-011,2,private,64,r,4.088347814112091,4.139450890658613,0.09663482070475798,3.994160083104922,4.313231210921548
evaluation-011,2,private,64,b,1.2287341245157264,1.2107626476016555,0.06710715463133714,1.098607055132387,1.3179201219724137
evaluation-011,2,private,64,g,0.585521037949539,0.47015153649578567,0.19241829334508567,0.1136897536145893,0.7564770325663025
evaluation-011,0,prior,128,r,4.088347814112091,4.967828217103859,1.7215575718957494,2.2942381353255414,7.661181965896812
evaluation-011,0,prior,128,b,1.2287341245157264,1.7550341671261773,0.7063138824589859,0.6448690108042445,2.8599455363781034
evaluation-011,0,prior,128,g,0.585521037949539,0.4127002136523922,0.2289793450613069,0.047510706878093,0.7580903651782835
evaluation-011,1,prior,128,r,4.088347814112091,4.967828217103859,1.7215575718957494,2.2942381353255414,7.661181965896812
evaluation-011,1,prior,128,b,1.2287341245157264,1.7550341671261773,0.7063138824589859,0.6448690108042445,2.8599455363781034
evaluation-011,1,prior,128,g,0.585521037949539,0.4127002136523922,0.2289793450613069,0.047510706878093,0.7580903651782835
evaluation-011,2,prior,128,r,4.088347814112091,4.967828217103859,1.7215575718957494,2.2942381353255414,7.661181965896812
evaluation-011,2,prior,128,b,1.2287341245157264,1.7550341671261773,0.7063138824589859,0.6448690108042445,2.8599455363781034
evaluation-011,2,prior,128,g,0.585521037949539,0.4127002136523922,0.2289793450613069,0.047510706878093,0.7580903651782835
evaluation-011,0,pooled,128,r,4.088347814112091,4.049488893572702,0.0275585322959769,4.0029264957402715,4.093941484986513
evaluation-011,0,pooled,128,b,1.2287341245157264,1.2400956162332666,0.020023204476649775,1.206578046131319,1.271767771206364
evaluation-011,0,pooled,128,g,0.585521037949539,0.6004058543221061,0.02988090904234547,0.5527817737264413,0.6509299057792844
evaluation-011,1,pooled,128,r,4.088347814112091,4.049488893572702,0.0275585322959769,4.0029264957402715,4.093941484986513
evaluation-011,1,pooled,128,b,1.2287341245157264,1.2400956162332666,0.020023204476649775,1.206578046131319,1.271767771206364
evaluation-011,1,pooled,128,g,0.585521037949539,0.6004058543221061,0.02988090904234547,0.5527817737264413,0.6509299057792844
evaluation-011,2,pooled,128,r,4.088347814112091,4.049488893572702,0.0275585322959769,4.0029264957402715,4.093941484986513
evaluation-011,2,pooled,128,b,1.2287341245157264,1.2400956162332666,0.020023204476649775,1.206578046131319,1.271767771206364
evaluation-011,2,pooled,128,g,0.585521037949539,0.6004058543221061,0.02988090904234547,0.5527817737264413,0.6509299057792844
evaluation-011,0,private,128,r,4.088347814112091,4.079515981892123,0.05155944856731722,3.9992968821735992,4.1699788802032
evaluation-011,0,private,128,b,1.2287341245157264,1.1517387890748252,0.05325093654922985,1.0588778013013032,1.2316230156379044
evaluation-011,0,private,128,g,0.585521037949539,0.6298436725888559,0.04188601634092502,0.5591668387711499,0.6909742304255844
evaluation-011,1,private,128,r,4.088347814112091,4.085444448447399,0.06377764771145664,3.9761026344232895,4.1865409960358875
evaluation-011,1,private,128,b,1.2287341245157264,1.2797781724555533,0.04115613843107279,1.2159877952545208,1.3479171791403395
evaluation-011,1,private,128,g,0.585521037949539,0.5368265993617941,0.07789057730298547,0.40511528349273346,0.6639549896496971
evaluation-011,2,private,128,r,4.088347814112091,4.075533415251432,0.05020198164426173,3.9975015009131925,4.161284841400039
evaluation-011,2,private,128,b,1.2287341245157264,1.270384683673024,0.038746758730892374,1.2019098015827647,1.335111864416227
evaluation-011,2,private,128,g,0.585521037949539,0.5224663045562209,0.07635444095154194,0.39749656021391244,0.641836869348253
evaluation-012,0,prior,0,r,4.309929989601599,5.004157734990066,1.7488201952037707,2.289124795039555,7.674640669591065
evaluation-012,0,prior,0,b,2.4781344673378127,1.7534480452393677,0.7242951645710113,0.6307161922836162,2.8819771350130474
evaluation-012,0,prior,0,g,0.5023376486037038,0.39997857448522867,0.23357045255035544,0.03826892024080348,0.7645534797345293
evaluation-012,1,prior,0,r,4.309929989601599,5.004157734990066,1.7488201952037707,2.289124795039555,7.674640669591065
evaluation-012,1,prior,0,b,2.4781344673378127,1.7534480452393677,0.7242951645710113,0.6307161922836162,2.8819771350130474
evaluation-012,1,prior,0,g,0.5023376486037038,0.39997857448522867,0.23357045255035544,0.03826892024080348,0.7645534797345293
evaluation-012,2,prior,0,r,4.309929989601599,5.004157734990066,1.7488201952037707,2.289124795039555,7.674640669591065
evaluation-012,2,prior,0,b,2.4781344673378127,1.7534480452393677,0.7242951645710113,0.6307161922836162,2.8819771350130474
evaluation-012,2,prior,0,g,0.5023376486037038,0.39997857448522867,0.23357045255035544,0.03826892024080348,0.7645534797345293
evaluation-012,0,pooled,0,r,4.309929989601599,5.004157734990066,1.7488201952037707,2.289124795039555,7.674640669591065
evaluation-012,0,pooled,0,b,2.4781344673378127,1.7534480452393677,0.7242951645710113,0.6307161922836162,2.8819771350130474
evaluation-012,0,pooled,0,g,0.5023376486037038,0.39997857448522867,0.23357045255035544,0.03826892024080348,0.7645534797345293
evaluation-012,1,pooled,0,r,4.309929989601599,5.004157734990066,1.7488201952037707,2.289124795039555,7.674640669591065
evaluation-012,1,pooled,0,b,2.4781344673378127,1.7534480452393677,0.7242951645710113,0.6307161922836162,2.8819771350130474
evaluation-012,1,pooled,0,g,0.5023376486037038,0.39997857448522867,0.23357045255035544,0.03826892024080348,0.7645534797345293
evaluation-012,2,pooled,0,r,4.309929989601599,5.004157734990066,1.7488201952037707,2.289124795039555,7.674640669591065
evaluation-012,2,pooled,0,b,2.4781344673378127,1.7534480452393677,0.7242951645710113,0.6307161922836162,2.8819771350130474
evaluation-012,2,pooled,0,g,0.5023376486037038,0.39997857448522867,0.23357045255035544,0.03826892024080348,0.7645534797345293
evaluation-012,0,private,0,r,4.309929989601599,5.004157734990066,1.7488201952037707,2.289124795039555,7.674640669591065
evaluation-012,0,private,0,b,2.4781344673378127,1.7534480452393677,0.7242951645710113,0.6307161922836162,2.8819771350130474
evaluation-012,0,private,0,g,0.5023376486037038,0.39997857448522867,0.23357045255035544,0.03826892024080348,0.7645534797345293
evaluation-012,1,private,0,r,4.309929989601599,5.004157734990066,1.7488201952037707,2.289124795039555,7.674640669591065
evaluation-012,1,private,0,b,2.4781344673378127,1.7534480452393677,0.7242951645710113,0.6307161922836162,2.8819771350130474
evaluation-012,1,private,0,g,0.5023376486037038,0.39997857448522867,0.23357045255035544,0.03826892024080348,0.7645534797345293
evaluation-012,2,private,0,r,4.309929989601599,5.004157734990066,1.7488201952037707,2.289124795039555,7.674640669591065
evaluation-012,2,private,0,b,2.4781344673378127,1.7534480452393677,0.7242951645710113,0.6307161922836162,2.8819771350130474
evaluation-012,2,private,0,g,0.5023376486037038,0.39997857448522867,0.23357045255035544,0.03826892024080348,0.7645534797345293
evaluation-012,0,prior,4,r,4.309929989601599,5.004157734990066,1.7488201952037707,2.289124795039555,7.674640669591065
evaluation-012,0,prior,4,b,2.4781344673378127,1.7534480452393677,0.7242951645710113,0.6307161922836162,2.8819771350130474
evaluation-012,0,prior,4,g,0.5023376486037038,0.39997857448522867,0.23357045255035544,0.03826892024080348,0.7645534797345293
evaluation-012,1,prior,4,r,4.309929989601599,5.004157734990066,1.7488201952037707,2.289124795039555,7.674640669591065
evaluation-012,1,prior,4,b,2.4781344673378127,1.7534480452393677,0.7242951645710113,0.6307161922836162,2.8819771350130474
evaluation-012,1,prior,4,g,0.5023376486037038,0.39997857448522867,0.23357045255035544,0.03826892024080348,0.7645534797345293
evaluation-012,2,prior,4,r,4.309929989601599,5.004157734990066,1.7488201952037707,2.289124795039555,7.674640669591065
evaluation-012,2,prior,4,b,2.4781344673378127,1.7534480452393677,0.7242951645710113,0.6307161922836162,2.8819771350130474
evaluation-012,2,prior,4,g,0.5023376486037038,0.39997857448522867,0.23357045255035544,0.03826892024080348,0.7645534797345293
evaluation-012,0,pooled,4,r,4.309929989601599,4.354238598436599,0.06344583986585416,4.244473725805956,4.456356201025018
evaluation-012,0,pooled,4,b,2.4781344673378127,2.724393054165356,0.21321612622503944,2.3193622176628073,2.98126252625871
evaluation-012,0,pooled,4,g,0.5023376486037038,0.4287772813974117,0.23251202413492922,0.03127448580222081,0.7661150441219623
evaluation-012,1,pooled,4,r,4.309929989601599,4.354238598436599,0.06344583986585416,4.244473725805956,4.456356201025018
evaluation-012,1,pooled,4,b,2.4781344673378127,2.724393054165356,0.21321612622503944,2.3193622176628073,2.98126252625871
evaluation-012,1,pooled,4,g,0.5023376486037038,0.4287772813974117,0.23251202413492922,0.03127448580222081,0.7661150441219623
evaluation-012,2,pooled,4,r,4.309929989601599,4.354238598436599,0.06344583986585416,4.244473725805956,4.456356201025018
evaluation-012,2,pooled,4,b,2.4781344673378127,2.724393054165356,0.21321612622503944,2.3193622176628073,2.98126252625871
evaluation-012,2,pooled,4,g,0.5023376486037038,0.4287772813974117,0.23251202413492922,0.03127448580222081,0.7661150441219623
evaluation-012,0,private,4,r,4.309929989601599,4.053777238273065,0.24995239842646907,3.7044924512206197,4.479136504812795
evaluation-012,0,private,4,b,2.4781344673378127,1.7501987252388052,0.7234801562056506,0.624843953205267,2.90330117239331
evaluation-012,0,private,4,g,0.5023376486037038,0.4169891928772925,0.2316165016876526,0.04805619080019561,0.7626530357012629
evaluation-012,1,private,4,r,4.309929989601599,4.232905701869294,0.12226433693135318,4.028182340287838,4.425320119553449
evaluation-012,1,private,4,b,2.4781344673378127,1.9332682516077209,0.7045980730097108,0.6545881259394747,2.938517220809448
evaluation-012,1,private,4,g,0.5023376486037038,0.43088152177331335,0.22420108628442142,0.05117849120001882,0.7647099051560036
evaluation-012,2,private,4,r,4.309929989601599,4.8967625803190495,0.2830026334364678,4.417661411557106,5.353779980250117
evaluation-012,2,private,4,b,2.4781344673378127,1.9333896728449447,0.7082042141288918,0.6836783742553163,2.927684265531378
evaluation-012,2,private,4,g,0.5023376486037038,0.3948969002777293,0.22445158349631528,0.05144098611641547,0.7514086422579171
evaluation-012,0,prior,8,r,4.309929989601599,5.004157734990066,1.7488201952037707,2.289124795039555,7.674640669591065
evaluation-012,0,prior,8,b,2.4781344673378127,1.7534480452393677,0.7242951645710113,0.6307161922836162,2.8819771350130474
evaluation-012,0,prior,8,g,0.5023376486037038,0.39997857448522867,0.23357045255035544,0.03826892024080348,0.7645534797345293
evaluation-012,1,prior,8,r,4.309929989601599,5.004157734990066,1.7488201952037707,2.289124795039555,7.674640669591065
evaluation-012,1,prior,8,b,2.4781344673378127,1.7534480452393677,0.7242951645710113,0.6307161922836162,2.8819771350130474
evaluation-012,1,prior,8,g,0.5023376486037038,0.39997857448522867,0.23357045255035544,0.03826892024080348,0.7645534797345293
evaluation-012,2,prior,8,r,4.309929989601599,5.004157734990066,1.7488201952037707,2.289124795039555,7.674640669591065
evaluation-012,2,prior,8,b,2.4781344673378127,1.7534480452393677,0.7242951645710113,0.6307161922836162,2.8819771350130474
evaluation-012,2,prior,8,g,0.5023376486037038,0.39997857448522867,0.23357045255035544,0.03826892024080348,0.7645534797345293
evaluation-012,0,pooled,8,r,4.309929989601599,4.350220020720966,0.058767092227963225,4.253788740091623,4.4470607048162005
evaluation-012,0,pooled,8,b,2.4781344673378127,2.7288308168761652,0.20676710264292877,2.3440520489756054,2.980681862395874
evaluation-012,0,pooled,8,g,0.5023376486037038,0.4356199541215536,0.2163868991984395,0.056157129306975875,0.7606535791245775
evaluation-012,1,pooled,8,r,4.309929989601599,4.350220020720966,0.058767092227963225,4.253788740091623,4.4470607048162005
evaluation-012,1,pooled,8,b,2.4781344673378127,2.7288308168761652,0.20676710264292877,2.3440520489756054,2.980681862395874
evaluation-012,1,pooled,8,g,0.5023376486037038,0.4356199541215536,0.2163868991984395,0.056157129306975875,0.7606535791245775
evaluation-012,2,pooled,8,r,4.309929989601599,4.350220020720966,0.058767092227963225,4.253788740091623,4.4470607048162005
evaluation-012,2,pooled,8,b,2.4781344673378127,2.7288308168761652,0.20676710264292877,2.3440520489756054,2.980681862395874
evaluation-012,2,pooled,8,g,0.5023376486037038,0.4356199541215536,0.2163868991984395,0.056157129306975875,0.7606535791245775
evaluation-012,0,private,8,r,4.309929989601599,4.172507614381933,0.18099129796564345,3.912063766999111,4.478728927338171
evaluation-012,0,private,8,b,2.4781344673378127,1.7462881389488578,0.7565862513576926,0.606523759542543,2.9091782876765007
evaluation-012,0,private,8,g,0.5023376486037038,0.44210267754020827,0.22905725881144365,0.060164498946006215,0.7748294177321924
evaluation-012,1,private,8,r,4.309929989601599,4.352092659117957,0.07075513269764938,4.222441360588092,4.464284281233201
evaluation-012,1,private,8,b,2.4781344673378127,2.3882326968450234,0.45793508373142233,1.5087982379851201,2.9396947262379176
evaluation-012,1,private,8,g,0.5023376486037038,0.5137420845310575,0.20235187657179035,0.12170503681480734,0.7847792196684348
evaluation-012,2,private,8,r,4.309929989601599,4.760868868472041,0.26684023862294926,4.377017235217112,5.256373647448753
evaluation-012,2,private,8,b,2.4781344673378127,1.8381632833721564,0.6858192086776544,0.6849561103601834,2.8838604666353604
evaluation-012,2,private,8,g,0.5023376486037038,0.3906705330362234,0.22930779982985627,0.04792806672172618,0.7629152965288748
evaluation-012,0,prior,16,r,4.309929989601599,5.004157734990066,1.7488201952037707,2.289124795039555,7.674640669591065
evaluation-012,0,prior,16,b,2.4781344673378127,1.7534480452393677,0.7242951645710113,0.6307161922836162,2.8819771350130474
evaluation-012,0,prior,16,g,0.5023376486037038,0.39997857448522867,0.23357045255035544,0.03826892024080348,0.7645534797345293
evaluation-012,1,prior,16,r,4.309929989601599,5.004157734990066,1.7488201952037707,2.289124795039555,7.674640669591065
evaluation-012,1,prior,16,b,2.4781344673378127,1.7534480452393677,0.7242951645710113,0.6307161922836162,2.8819771350130474
evaluation-012,1,prior,16,g,0.5023376486037038,0.39997857448522867,0.23357045255035544,0.03826892024080348,0.7645534797345293
evaluation-012,2,prior,16,r,4.309929989601599,5.004157734990066,1.7488201952037707,2.289124795039555,7.674640669591065
evaluation-012,2,prior,16,b,2.4781344673378127,1.7534480452393677,0.7242951645710113,0.6307161922836162,2.8819771350130474
evaluation-012,2,prior,16,g,0.5023376486037038,0.39997857448522867,0.23357045255035544,0.03826892024080348,0.7645534797345293
evaluation-012,0,pooled,16,r,4.309929989601599,4.3458207895061784,0.056321281617120966,4.250939365688086,4.439182103987302
evaluation-012,0,pooled,16,b,2.4781344673378127,2.6630296299303833,0.1537795380280669,2.3810717041970433,2.882652829158517
evaluation-012,0,pooled,16,g,0.5023376486037038,0.31021069525665756,0.1594581259071649,0.05833987334266936,0.5658446205267637
evaluation-012,1,pooled,16,r,4.309929989601599,4.3458207895061784,0.056321281617120966,4.250939365688086,4.439182103987302
evaluation-012,1,pooled,16,b,2.4781344673378127,2.6630296299303833,0.1537795380280669,2.3810717041970433,2.882652829158517
evaluation-012,1,pooled,16,g,0.5023376486037038,0.31021069525665756,0.1594581259071649,0.05833987334266936,0.5658446205267637
evaluation-012,2,pooled,16,r,4.309929989601599,4.3458207895061784,0.056321281617120966,4.250939365688086,4.439182103987302
evaluation-012,2,pooled,16,b,2.4781344673378127,2.6630296299303833,0.1537795380280669,2.3810717041970433,2.882652829158517
evaluation-012,2,pooled,16,g,0.5023376486037038,0.31021069525665756,0.1594581259071649,0.05833987334266936,0.5658446205267637
evaluation-012,0,private,16,r,4.309929989601599,4.089002631970517,0.15125064308627495,3.872920600059624,4.376795881659401
evaluation-012,0,private,16,b,2.4781344673378127,1.7287596773202285,0.7644263702184294,0.601210545792612,2.9059362079107856
evaluation-012,0,private,16,g,0.5023376486037038,0.4668031037205254,0.22486256507625568,0.07314276901380098,0.7775557859750856
evaluation-012,1,private,16,r,4.309929989601599,4.337492953996194,0.07064421506272786,4.210236169305247,4.445474885547941
evaluation-012,1,private,16,b,2.4781344673378127,2.5031252889576683,0.37100700232954203,1.8030154145384645,2.9444551676609247
evaluation-012,1,private,16,g,0.5023376486037038,0.5319375294206625,0.19629625956143879,0.14956124710006208,0.7879178265363551
evaluation-012,2,private,16,r,4.309929989601599,4.644766853305315,0.25005307661536563,4.32793129685822,5.155325068336392
evaluation-012,2,private,16,b,2.4781344673378127,2.1889504504871824,0.39903578393957434,1.3836808512766399,2.7357544230632516
evaluation-012,2,private,16,g,0.5023376486037038,0.3789986474445451,0.22816747535241982,0.048017062800863555,0.7574148187184306
evaluation-012,0,prior,32,r,4.309929989601599,5.004157734990066,1.7488201952037707,2.289124795039555,7.674640669591065
evaluation-012,0,prior,32,b,2.4781344673378127,1.7534480452393677,0.7242951645710113,0.6307161922836162,2.8819771350130474
evaluation-012,0,prior,32,g,0.5023376486037038,0.39997857448522867,0.23357045255035544,0.03826892024080348,0.7645534797345293
evaluation-012,1,prior,32,r,4.309929989601599,5.004157734990066,1.7488201952037707,2.289124795039555,7.674640669591065
evaluation-012,1,prior,32,b,2.4781344673378127,1.7534480452393677,0.7242951645710113,0.6307161922836162,2.8819771350130474
evaluation-012,1,prior,32,g,0.5023376486037038,0.39997857448522867,0.23357045255035544,0.03826892024080348,0.7645534797345293
evaluation-012,2,prior,32,r,4.309929989601599,5.004157734990066,1.7488201952037707,2.289124795039555,7.674640669591065
evaluation-012,2,prior,32,b,2.4781344673378127,1.7534480452393677,0.7242951645710113,0.6307161922836162,2.8819771350130474
evaluation-012,2,prior,32,g,0.5023376486037038,0.39997857448522867,0.23357045255035544,0.03826892024080348,0.7645534797345293
evaluation-012,0,pooled,32,r,4.309929989601599,4.358404134247757,0.042189243743701456,4.289651726677005,4.42598121011597
evaluation-012,0,pooled,32,b,2.4781344673378127,2.536177151585482,0.04229635030026302,2.463669127773722,2.603483187409117
evaluation-012,0,pooled,32,g,0.5023376486037038,0.39881698940859733,0.07538100978262688,0.2743896620775153,0.5239568947030541
evaluation-012,1,pooled,32,r,4.309929989601599,4.358404134247757,0.042189243743701456,4.289651726677005,4.42598121011597
evaluation-012,1,pooled,32,b,2.4781344673378127,2.536177151585482,0.04229635030026302,2.463669127773722,2.603483187409117
evaluation-012,1,pooled,32,g,0.5023376486037038,0.39881698940859733,0.07538100978262688,0.2743896620775153,0.5239568947030541
evaluation-012,2,pooled,32,r,4.309929989601599,4.358404134247757,0.042189243743701456,4.289651726677005,4.42598121011597
evaluation-012,2,pooled,32,b,2.4781344673378127,2.536177151585482,0.04229635030026302,2.463669127773722,2.603483187409117
evaluation-012,2,pooled,32,g,0.5023376486037038,0.39881698940859733,0.07538100978262688,0.2743896620775153,0.5239568947030541
evaluation-012,0,private,32,r,4.309929989601599,4.222448936016569,0.11035718966450289,4.0821262363725905,4.446623102173531
evaluation-012,0,private,32,b,2.4781344673378127,1.6760530533222855,0.7037222479708812,0.5899917900948107,2.816726203917577
evaluation-012,0,private,32,g,0.5023376486037038,0.6056939930430972,0.16081928572292994,0.26911606253566217,0.7846391336690216
evaluation-012,1,private,32,r,4.309929989601599,4.349662971529521,0.05698509018694418,4.257232755143597,4.447113332507485
evaluation-012,1,private,32,b,2.4781344673378127,2.5506585420544705,0.21199152506255498,2.19456302225835,2.8995610139631594
evaluation-012,1,private,32,g,0.5023376486037038,0.3708255342657459,0.18913722587469825,0.07923910282049404,0.6989279432607093
evaluation-012,2,private,32,r,4.309929989601599,4.598639225395531,0.19235995173964715,4.349154657030885,4.960542643130882
evaluation-012,2,private,32,b,2.4781344673378127,2.2828131731849957,0.18826724047137297,1.931196331923914,2.525745654271719
evaluation-012,2,private,32,g,0.5023376486037038,0.5344329856445469,0.18107894190581042,0.1752777925050269,0.7766683370258545
evaluation-012,0,prior,64,r,4.309929989601599,5.004157734990066,1.7488201952037707,2.289124795039555,7.674640669591065
evaluation-012,0,prior,64,b,2.4781344673378127,1.7534480452393677,0.7242951645710113,0.6307161922836162,2.8819771350130474
evaluation-012,0,prior,64,g,0.5023376486037038,0.39997857448522867,0.23357045255035544,0.03826892024080348,0.7645534797345293
evaluation-012,1,prior,64,r,4.309929989601599,5.004157734990066,1.7488201952037707,2.289124795039555,7.674640669591065
evaluation-012,1,prior,64,b,2.4781344673378127,1.7534480452393677,0.7242951645710113,0.6307161922836162,2.8819771350130474
evaluation-012,1,prior,64,g,0.5023376486037038,0.39997857448522867,0.23357045255035544,0.03826892024080348,0.7645534797345293
evaluation-012,2,prior,64,r,4.309929989601599,5.004157734990066,1.7488201952037707,2.289124795039555,7.674640669591065
evaluation-012,2,prior,64,b,2.4781344673378127,1.7534480452393677,0.7242951645710113,0.6307161922836162,2.8819771350130474
evaluation-012,2,prior,64,g,0.5023376486037038,0.39997857448522867,0.23357045255035544,0.03826892024080348,0.7645534797345293
evaluation-012,0,pooled,64,r,4.309929989601599,4.38430235504075,0.032483152227830214,4.330758882350722,4.439870820608571
evaluation-012,0,pooled,64,b,2.4781344673378127,2.460934189360757,0.021744756030619528,2.4259822294800495,2.4972973267295533
evaluation-012,0,pooled,64,g,0.5023376486037038,0.43939579777776827,0.03660686362810381,0.37573450137257636,0.49565878251640133
evaluation-012,1,pooled,64,r,4.309929989601599,4.38430235504075,0.032483152227830214,4.330758882350722,4.439870820608571
evaluation-012,1,pooled,64,b,2.4781344673378127,2.460934189360757,0.021744756030619528,2.4259822294800495,2.4972973267295533
evaluation-012,1,pooled,64,g,0.5023376486037038,0.43939579777776827,0.03660686362810381,0.37573450137257636,0.49565878251640133
evaluation-012,2,pooled,64,r,4.309929989601599,4.38430235504075,0.032483152227830214,4.330758882350722,4.439870820608571
evaluation-012,2,pooled,64,b,2.4781344673378127,2.460934189360757,0.021744756030619528,2.4259822294800495,2.4972973267295533
evaluation-012,2,pooled,64,g,0.5023376486037038,0.43939579777776827,0.03660686362810381,0.37573450137257636,0.49565878251640133
evaluation-012,0,private,64,r,4.309929989601599,4.217909159603931,0.08218493293614362,4.10114145839038,4.365819147169799
evaluation-012,0,private,64,b,2.4781344673378127,2.3979010793566453,0.05403660398143705,2.317422254723961,2.49197263416622
evaluation-012,0,private,64,g,0.5023376486037038,0.6484295371192653,0.09346071377309535,0.47154855060539,0.7829840369411679
evaluation-012,1,private,64,r,4.309929989601599,4.338395015038539,0.05398042328793059,4.250172593907393,4.42955166511923
evaluation-012,1,private,64,b,2.4781344673378127,2.466956205186217,0.031803308858026874,2.411337566864147,2.515957472443295
evaluation-012,1,private,64,g,0.5023376486037038,0.4771051243294941,0.10492495881507492,0.29423417212452246,0.6425643404461685
evaluation-012,2,private,64,r,4.309929989601599,4.564520377950708,0.14962860133001774,4.350428971179389,4.843647254585301
evaluation-012,2,private,64,b,2.4781344673378127,2.3928115147349502,0.12364893575374672,2.166463366099109,2.569068916852507
evaluation-012,2,private,64,g,0.5023376486037038,0.29460942764629566,0.08826286894618533,0.12461870016910936,0.42790209818931096
evaluation-012,0,prior,128,r,4.309929989601599,5.004157734990066,1.7488201952037707,2.289124795039555,7.674640669591065
evaluation-012,0,prior,128,b,2.4781344673378127,1.7534480452393677,0.7242951645710113,0.6307161922836162,2.8819771350130474
evaluation-012,0,prior,128,g,0.5023376486037038,0.39997857448522867,0.23357045255035544,0.03826892024080348,0.7645534797345293
evaluation-012,1,prior,128,r,4.309929989601599,5.004157734990066,1.7488201952037707,2.289124795039555,7.674640669591065
evaluation-012,1,prior,128,b,2.4781344673378127,1.7534480452393677,0.7242951645710113,0.6307161922836162,2.8819771350130474
evaluation-012,1,prior,128,g,0.5023376486037038,0.39997857448522867,0.23357045255035544,0.03826892024080348,0.7645534797345293
evaluation-012,2,prior,128,r,4.309929989601599,5.004157734990066,1.7488201952037707,2.289124795039555,7.674640669591065
evaluation-012,2,prior,128,b,2.4781344673378127,1.7534480452393677,0.7242951645710113,0.6307161922836162,2.8819771350130474
evaluation-012,2,prior,128,g,0.5023376486037038,0.39997857448522867,0.23357045255035544,0.03826892024080348,0.7645534797345293
evaluation-012,0,pooled,128,r,4.309929989601599,4.361213177824539,0.024431534290927665,4.322101102687594,4.401930444234835
evaluation-012,0,pooled,128,b,2.4781344673378127,2.466434562872479,0.013950385788873955,2.4429723084411137,2.4892557494773686
evaluation-012,0,pooled,128,g,0.5023376486037038,0.46758329880134486,0.022864430335455644,0.42762891946185444,0.5046280270022384
evaluation-012,1,pooled,128,r,4.309929989601599,4.361213177824539,0.024431534290927665,4.322101102687594,4.401930444234835
evaluation-012,1,pooled,128,b,2.4781344673378127,2.466434562872479,0.013950385788873955,2.4429723084411137,2.4892557494773686
evaluation-012,1,pooled,128,g,0.5023376486037038,0.46758329880134486,0.022864430335455644,0.42762891946185444,0.5046280270022384
evaluation-012,2,pooled,128,r,4.309929989601599,4.361213177824539,0.024431534290927665,4.322101102687594,4.401930444234835
evaluation-012,2,pooled,128,b,2.4781344673378127,2.466434562872479,0.013950385788873955,2.4429723084411137,2.4892557494773686
evaluation-012,2,pooled,128,g,0.5023376486037038,0.46758329880134486,0.022864430335455644,0.42762891946185444,0.5046280270022384
evaluation-012,0,private,128,r,4.309929989601599,4.297364135003215,0.05332532822437913,4.20856020206052,4.386504719735474
evaluation-012,0,private,128,b,2.4781344673378127,2.4526958675619195,0.025149585442525595,2.408436546634328,2.493577818510736
evaluation-012,0,private,128,g,0.5023376486037038,0.5328039519518946,0.048197096918821486,0.4452924381129411,0.6088072124294271
evaluation-012,1,private,128,r,4.309929989601599,4.3364853224509625,0.03753793120052475,4.278419491139591,4.403498826405314
evaluation-012,1,private,128,b,2.4781344673378127,2.460557762960067,0.02204553184188901,2.4242485142752965,2.4971209881585037
evaluation-012,1,private,128,g,0.5023376486037038,0.4941571344223909,0.03707180060562805,0.4284359745541293,0.5528012948164466
evaluation-012,2,private,128,r,4.309929989601599,4.41790252747491,0.053286679946592024,4.336426393933223,4.512500334013567
evaluation-012,2,private,128,b,2.4781344673378127,2.499040834933783,0.03409263189025138,2.438864097073596,2.5540886853854063
evaluation-012,2,private,128,g,0.5023376486037038,0.37670349888808496,0.047859031899609265,0.29563846953203793,0.45122278062921894
evaluation-013,0,prior,0,r,6.058009450894085,5.0258480011019,1.7379139812914268,2.315153774092172,7.693169163930165
evaluation-013,0,prior,0,b,0.7742037444245136,1.764324816762642,0.7363996629061228,0.6295557603838406,2.8918905060426323
evaluation-013,0,prior,0,g,0.14706274768236938,0.400071162225143,0.22648515157399876,0.03757516922608196,0.75537272361219
evaluation-013,1,prior,0,r,6.058009450894085,5.0258480011019,1.7379139812914268,2.315153774092172,7.693169163930165
evaluation-013,1,prior,0,b,0.7742037444245136,1.764324816762642,0.7363996629061228,0.6295557603838406,2.8918905060426323
evaluation-013,1,prior,0,g,0.14706274768236938,0.400071162225143,0.22648515157399876,0.03757516922608196,0.75537272361219
evaluation-013,2,prior,0,r,6.058009450894085,5.0258480011019,1.7379139812914268,2.315153774092172,7.693169163930165
evaluation-013,2,prior,0,b,0.7742037444245136,1.764324816762642,0.7363996629061228,0.6295557603838406,2.8918905060426323
evaluation-013,2,prior,0,g,0.14706274768236938,0.400071162225143,0.22648515157399876,0.03757516922608196,0.75537272361219
evaluation-013,0,pooled,0,r,6.058009450894085,5.0258480011019,1.7379139812914268,2.315153774092172,7.693169163930165
evaluation-013,0,pooled,0,b,0.7742037444245136,1.764324816762642,0.7363996629061228,0.6295557603838406,2.8918905060426323
evaluation-013,0,pooled,0,g,0.14706274768236938,0.400071162225143,0.22648515157399876,0.03757516922608196,0.75537272361219
evaluation-013,1,pooled,0,r,6.058009450894085,5.0258480011019,1.7379139812914268,2.315153774092172,7.693169163930165
evaluation-013,1,pooled,0,b,0.7742037444245136,1.764324816762642,0.7363996629061228,0.6295557603838406,2.8918905060426323
evaluation-013,1,pooled,0,g,0.14706274768236938,0.400071162225143,0.22648515157399876,0.03757516922608196,0.75537272361219
evaluation-013,2,pooled,0,r,6.058009450894085,5.0258480011019,1.7379139812914268,2.315153774092172,7.693169163930165
evaluation-013,2,pooled,0,b,0.7742037444245136,1.764324816762642,0.7363996629061228,0.6295557603838406,2.8918905060426323
evaluation-013,2,pooled,0,g,0.14706274768236938,0.400071162225143,0.22648515157399876,0.03757516922608196,0.75537272361219
evaluation-013,0,private,0,r,6.058009450894085,5.0258480011019,1.7379139812914268,2.315153774092172,7.693169163930165
evaluation-013,0,private,0,b,0.7742037444245136,1.764324816762642,0.7363996629061228,0.6295557603838406,2.8918905060426323
evaluation-013,0,private,0,g,0.14706274768236938,0.400071162225143,0.22648515157399876,0.03757516922608196,0.75537272361219
evaluation-013,1,private,0,r,6.058009450894085,5.0258480011019,1.7379139812914268,2.315153774092172,7.693169163930165
evaluation-013,1,private,0,b,0.7742037444245136,1.764324816762642,0.7363996629061228,0.6295557603838406,2.8918905060426323
evaluation-013,1,private,0,g,0.14706274768236938,0.400071162225143,0.22648515157399876,0.03757516922608196,0.75537272361219
evaluation-013,2,private,0,r,6.058009450894085,5.0258480011019,1.7379139812914268,2.315153774092172,7.693169163930165
evaluation-013,2,private,0,b,0.7742037444245136,1.764324816762642,0.7363996629061228,0.6295557603838406,2.8918905060426323
evaluation-013,2,private,0,g,0.14706274768236938,0.400071162225143,0.22648515157399876,0.03757516922608196,0.75537272361219
evaluation-013,0,prior,4,r,6.058009450894085,5.0258480011019,1.7379139812914268,2.315153774092172,7.693169163930165
evaluation-013,0,prior,4,b,0.7742037444245136,1.764324816762642,0.7363996629061228,0.6295557603838406,2.8918905060426323
evaluation-013,0,prior,4,g,0.14706274768236938,0.400071162225143,0.22648515157399876,0.03757516922608196,0.75537272361219
evaluation-013,1,prior,4,r,6.058009450894085,5.0258480011019,1.7379139812914268,2.315153774092172,7.693169163930165
evaluation-013,1,prior,4,b,0.7742037444245136,1.764324816762642,0.7363996629061228,0.6295557603838406,2.8918905060426323
evaluation-013,1,prior,4,g,0.14706274768236938,0.400071162225143,0.22648515157399876,0.03757516922608196,0.75537272361219
evaluation-013,2,prior,4,r,6.058009450894085,5.0258480011019,1.7379139812914268,2.315153774092172,7.693169163930165
evaluation-013,2,prior,4,b,0.7742037444245136,1.764324816762642,0.7363996629061228,0.6295557603838406,2.8918905060426323
evaluation-013,2,prior,4,g,0.14706274768236938,0.400071162225143,0.22648515157399876,0.03757516922608196,0.75537272361219
evaluation-013,0,pooled,4,r,6.058009450894085,5.905270200220387,0.06273420203185315,5.807086273079449,6.013831000070893
evaluation-013,0,pooled,4,b,0.7742037444245136,0.9685926949773975,0.28611575401753636,0.5480039016153389,1.4655586660972573
evaluation-013,0,pooled,4,g,0.14706274768236938,0.2873751584825464,0.2075672827582021,0.013959570241179007,0.6790548375591797
evaluation-013,1,pooled,4,r,6.058009450894085,5.905270200220387,0.06273420203185315,5.807086273079449,6.013831000070893
evaluation-013,1,pooled,4,b,0.7742037444245136,0.9685926949773975,0.28611575401753636,0.5480039016153389,1.4655586660972573
evaluation-013,1,pooled,4,g,0.14706274768236938,0.2873751584825464,0.2075672827582021,0.013959570241179007,0.6790548375591797
evaluation-013,2,pooled,4,r,6.058009450894085,5.905270200220387,0.06273420203185315,5.807086273079449,6.013831000070893
evaluation-013,2,pooled,4,b,0.7742037444245136,0.9685926949773975,0.28611575401753636,0.5480039016153389,1.4655586660972573
evaluation-013,2,pooled,4,g,0.14706274768236938,0.2873751584825464,0.2075672827582021,0.013959570241179007,0.6790548375591797
evaluation-013,0,private,4,r,6.058009450894085,5.934008640977741,0.08899146132864703,5.801333679474568,6.093691847581904
evaluation-013,0,private,4,b,0.7742037444245136,1.476760791460224,0.641584532753414,0.5788705211944176,2.643393023504849
evaluation-013,0,private,4,g,0.14706274768236938,0.36756141299119904,0.22541391533143218,0.03578888075239767,0.7434049480020495
evaluation-013,1,private,4,r,6.058009450894085,5.519130889094517,0.2425016404456064,5.220072528276146,6.001734600136828
evaluation-013,1,private,4,b,0.7742037444245136,1.3686780221012853,0.601173482595275,0.5811989396238817,2.494540844949959
evaluation-013,1,private,4,g,0.14706274768236938,0.3677215648259854,0.2339378580776293,0.017630536600291125,0.7590537812127407
evaluation-013,2,private,4,r,6.058009450894085,5.80760821783169,0.1084330857817157,5.6430889602482335,6.001703419974899
evaluation-013,2,private,4,b,0.7742037444245136,1.7333483930304368,0.7046206852130669,0.6577535450204057,2.8535584193241488
evaluation-013,2,private,4,g,0.14706274768236938,0.35408505225415077,0.2306869553473406,0.030040181803000207,0.7366698015518969
evaluation-013,0,prior,8,r,6.058009450894085,5.0258480011019,1.7379139812914268,2.315153774092172,7.693169163930165
evaluation-013,0,prior,8,b,0.7742037444245136,1.764324816762642,0.7363996629061228,0.6295557603838406,2.8918905060426323
evaluation-013,0,prior,8,g,0.14706274768236938,0.400071162225143,0.22648515157399876,0.03757516922608196,0.75537272361219
evaluation-013,1,prior,8,r,6.058009450894085,5.0258480011019,1.7379139812914268,2.315153774092172,7.693169163930165
evaluation-013,1,prior,8,b,0.7742037444245136,1.764324816762642,0.7363996629061228,0.6295557603838406,2.8918905060426323
evaluation-013,1,prior,8,g,0.14706274768236938,0.400071162225143,0.22648515157399876,0.03757516922608196,0.75537272361219
evaluation-013,2,prior,8,r,6.058009450894085,5.0258480011019,1.7379139812914268,2.315153774092172,7.693169163930165
evaluation-013,2,prior,8,b,0.7742037444245136,1.764324816762642,0.7363996629061228,0.6295557603838406,2.8918905060426323
evaluation-013,2,prior,8,g,0.14706274768236938,0.400071162225143,0.22648515157399876,0.03757516922608196,0.75537272361219
evaluation-013,0,pooled,8,r,6.058009450894085,5.918843600272461,0.0696131327673549,5.814143507175756,6.042774826842202
evaluation-013,0,pooled,8,b,0.7742037444245136,1.1427115986475034,0.13696554319680232,0.9086073215571945,1.3695220816513234
evaluation-013,0,pooled,8,g,0.14706274768236938,0.45357359918484025,0.20104464553547427,0.09461010405029137,0.7566152515630606
evaluation-013,1,pooled,8,r,6.058009450894085,5.918843600272461,0.0696131327673549,5.814143507175756,6.042774826842202
evaluation-013,1,pooled,8,b,0.7742037444245136,1.1427115986475034,0.13696554319680232,0.9086073215571945,1.3695220816513234
evaluation-013,1,pooled,8,g,0.14706274768236938,0.45357359918484025,0.20104464553547427,0.09461010405029137,0.7566152515630606
evaluation-013,2,pooled,8,r,6.058009450894085,5.918843600272461,0.0696131327673549,5.814143507175756,6.042774826842202
evaluation-013,2,pooled,8,b,0.7742037444245136,1.1427115986475034,0.13696554319680232,0.9086073215571945,1.3695220816513234
evaluation-013,2,pooled,8,g,0.14706274768236938,0.45357359918484025,0.20104464553547427,0.09461010405029137,0.7566152515630606
evaluation-013,0,private,8,r,6.058009450894085,5.938688582105743,0.08520472351518363,5.814872015898288,6.089428777465384
evaluation-013,0,private,8,b,0.7742037444245136,1.2361027401345983,0.5004194926582042,0.5623971665773905,2.119117243754974
evaluation-013,0,private,8,g,0.14706274768236938,0.3282410424788498,0.2158536940126457,0.02596890709034969,0.7067739328635501
evaluation-013,1,private,8,r,6.058009450894085,5.678643339631117,0.27479025101211846,5.253581709274724,6.156427749352528
evaluation-013,1,private,8,b,0.7742037444245136,1.519255075586885,0.43157315552993536,0.7628761266919404,2.177139268324148
evaluation-013,1,private,8,g,0.14706274768236938,0.3838629037106809,0.23036022742560025,0.04309006144012698,0.748871461887791
evaluation-013,2,private,8,r,6.058009450894085,5.893628791731353,0.09054414916178784,5.758140386273993,6.05017598138451
evaluation-013,2,private,8,b,0.7742037444245136,1.7241548297748093,0.7054193872617365,0.6082292447161667,2.8581614448955572
evaluation-013,2,private,8,g,0.14706274768236938,0.511085683921934,0.2069568155122402,0.1185843814156885,0.7872621946524777
evaluation-013,0,prior,16,r,6.058009450894085,5.0258480011019,1.7379139812914268,2.315153774092172,7.693169163930165
evaluation-013,0,prior,16,b,0.7742037444245136,1.764324816762642,0.7363996629061228,0.6295557603838406,2.8918905060426323
evaluation-013,0,prior,16,g,0.14706274768236938,0.400071162225143,0.22648515157399876,0.03757516922608196,0.75537272361219
evaluation-013,1,prior,16,r,6.058009450894085,5.0258480011019,1.7379139812914268,2.315153774092172,7.693169163930165
evaluation-013,1,prior,16,b,0.7742037444245136,1.764324816762642,0.7363996629061228,0.6295557603838406,2.8918905060426323
evaluation-013,1,prior,16,g,0.14706274768236938,0.400071162225143,0.22648515157399876,0.03757516922608196,0.75537272361219
evaluation-013,2,prior,16,r,6.058009450894085,5.0258480011019,1.7379139812914268,2.315153774092172,7.693169163930165
evaluation-013,2,prior,16,b,0.7742037444245136,1.764324816762642,0.7363996629061228,0.6295557603838406,2.8918905060426323
evaluation-013,2,prior,16,g,0.14706274768236938,0.400071162225143,0.22648515157399876,0.03757516922608196,0.75537272361219
evaluation-013,0,pooled,16,r,6.058009450894085,6.017949405918424,0.06024881031184904,5.9163745406603425,6.113428492043816
evaluation-013,0,pooled,16,b,0.7742037444245136,0.8168360876163067,0.06762834672969434,0.6990235424604091,0.9241053295607404
evaluation-013,0,pooled,16,g,0.14706274768236938,0.24827548731523097,0.14079151260970693,0.04059041153704562,0.5100697702304323
evaluation-013,1,pooled,16,r,6.058009450894085,6.017949405918424,0.06024881031184904,5.9163745406603425,6.113428492043816
evaluation-013,1,pooled,16,b,0.7742037444245136,0.8168360876163067,0.06762834672969434,0.6990235424604091,0.9241053295607404
evaluation-013,1,pooled,16,g,0.14706274768236938,0.24827548731523097,0.14079151260970693,0.04059041153704562,0.5100697702304323
evaluation-013,2,pooled,16,r,6.058009450894085,6.017949405918424,0.06024881031184904,5.9163745406603425,6.113428492043816
evaluation-013,2,pooled,16,b,0.7742037444245136,0.8168360876163067,0.06762834672969434,0.6990235424604091,0.9241053295607404
evaluation-013,2,pooled,16,g,0.14706274768236938,0.24827548731523097,0.14079151260970693,0.04059041153704562,0.5100697702304323
evaluation-013,0,private,16,r,6.058009450894085,5.957944116116943,0.08667818215715523,5.836970154705844,6.111375406965372
evaluation-013,0,private,16,b,0.7742037444245136,0.9017773246200421,0.2742084607954704,0.5362704287249582,1.408023124242522
evaluation-013,0,private,16,g,0.14706274768236938,0.2776942046382435,0.1974782906605571,0.02515631577984742,0.6635099546201102
evaluation-013,1,private,16,r,6.058009450894085,6.157012800448642,0.08952251894565655,5.987551620763493,6.27790852231942
evaluation-013,1,private,16,b,0.7742037444245136,0.6383894415687253,0.11059843625154683,0.5008157919813611,0.849944396170134
evaluation-013,1,private,16,g,0.14706274768236938,0.36941314068351766,0.2095591973744362,0.0426826592227727,0.7193083851475077
evaluation-013,2,private,16,r,6.058009450894085,5.879957571245159,0.0872314484821636,5.755721815346085,6.039601121757105
evaluation-013,2,private,16,b,0.7742037444245136,1.6997765528340392,0.7067927929835756,0.594204534484606,2.856793976624928
evaluation-013,2,private,16,g,0.14706274768236938,0.562299161228215,0.1802455855519611,0.21156602530416277,0.7875088644195165
evaluation-013,0,prior,32,r,6.058009450894085,5.0258480011019,1.7379139812914268,2.315153774092172,7.693169163930165
evaluation-013,0,prior,32,b,0.7742037444245136,1.764324816762642,0.7363996629061228,0.6295557603838406,2.8918905060426323
evaluation-013,0,prior,32,g,0.14706274768236938,0.400071162225143,0.22648515157399876,0.03757516922608196,0.75537272361219
evaluation-013,1,prior,32,r,6.058009450894085,5.0258480011019,1.7379139812914268,2.315153774092172,7.693169163930165
evaluation-013,1,prior,32,b,0.7742037444245136,1.764324816762642,0.7363996629061228,0.6295557603838406,2.8918905060426323
evaluation-013,1,prior,32,g,0.14706274768236938,0.400071162225143,0.22648515157399876,0.03757516922608196,0.75537272361219
evaluation-013,2,prior,32,r,6.058009450894085,5.0258480011019,1.7379139812914268,2.315153774092172,7.693169163930165
evaluation-013,2,prior,32,b,0.7742037444245136,1.764324816762642,0.7363996629061228,0.6295557603838406,2.8918905060426323
evaluation-013,2,prior,32,g,0.14706274768236938,0.400071162225143,0.22648515157399876,0.03757516922608196,0.75537272361219
evaluation-013,0,pooled,32,r,6.058009450894085,6.052419448038902,0.04162128547269102,5.9858260899192475,6.121132217757505
evaluation-013,0,pooled,32,b,0.7742037444245136,0.7918849574697797,0.05088889443952813,0.7057499945778921,0.8725100527950231
evaluation-013,0,pooled,32,g,0.14706274768236938,0.11821897959471175,0.06081219789699542,0.020506804415880632,0.21538892090345452
evaluation-013,1,pooled,32,r,6.058009450894085,6.052419448038902,0.04162128547269102,5.9858260899192475,6.121132217757505
evaluation-013,1,pooled,32,b,0.7742037444245136,0.7918849574697797,0.05088889443952813,0.7057499945778921,0.8725100527950231
evaluation-013,1,pooled,32,g,0.14706274768236938,0.11821897959471175,0.06081219789699542,0.020506804415880632,0.21538892090345452
evaluation-013,2,pooled,32,r,6.058009450894085,6.052419448038902,0.04162128547269102,5.9858260899192475,6.121132217757505
evaluation-013,2,pooled,32,b,0.7742037444245136,0.7918849574697797,0.05088889443952813,0.7057499945778921,0.8725100527950231
evaluation-013,2,pooled,32,g,0.14706274768236938,0.11821897959471175,0.06081219789699542,0.020506804415880632,0.21538892090345452
evaluation-013,0,private,32,r,6.058009450894085,5.97307528698718,0.08274477229114181,5.8500337586301185,6.115280973920232
evaluation-013,0,private,32,b,0.7742037444245136,0.7727293583093852,0.17051124241092558,0.5310687560388404,1.0809809417416945
evaluation-013,0,private,32,g,0.14706274768236938,0.1849241652880966,0.12854111091121087,0.02046752512562377,0.42403127289353826
evaluation-013,1,private,32,r,6.058009450894085,6.145361432204127,0.08421446008808602,6.007788008493459,6.274967697237725
evaluation-013,1,private,32,b,0.7742037444245136,0.6655987966857241,0.10517798746837852,0.5162636656754056,0.8527160662344029
evaluation-013,1,private,32,g,0.14706274768236938,0.3119825860356161,0.19681240345397832,0.03432179789468623,0.6653182734361853
evaluation-013,2,private,32,r,6.058009450894085,6.01569480242284,0.060629573595936015,5.906868269654165,6.109262553824766
evaluation-013,2,private,32,b,0.7742037444245136,1.5722000755381915,0.6385508086149733,0.6249352962123667,2.683141248640821
evaluation-013,2,private,32,g,0.14706274768236938,0.18136861594327006,0.0920118436037261,0.03303678856034195,0.338731414034493
evaluation-013,0,prior,64,r,6.058009450894085,5.0258480011019,1.7379139812914268,2.315153774092172,7.693169163930165
evaluation-013,0,prior,64,b,0.7742037444245136,1.764324816762642,0.7363996629061228,0.6295557603838406,2.8918905060426323
evaluation-013,0,prior,64,g,0.14706274768236938,0.400071162225143,0.22648515157399876,0.03757516922608196,0.75537272361219
evaluation-013,1,prior,64,r,6.058009450894085,5.0258480011019,1.7379139812914268,2.315153774092172,7.693169163930165
evaluation-013,1,prior,64,b,0.7742037444245136,1.764324816762642,0.7363996629061228,0.6295557603838406,2.8918905060426323
evaluation-013,1,prior,64,g,0.14706274768236938,0.400071162225143,0.22648515157399876,0.03757516922608196,0.75537272361219
evaluation-013,2,prior,64,r,6.058009450894085,5.0258480011019,1.7379139812914268,2.315153774092172,7.693169163930165
evaluation-013,2,prior,64,b,0.7742037444245136,1.764324816762642,0.7363996629061228,0.6295557603838406,2.8918905060426323
evaluation-013,2,prior,64,g,0.14706274768236938,0.400071162225143,0.22648515157399876,0.03757516922608196,0.75537272361219
evaluation-013,0,pooled,64,r,6.058009450894085,6.055977272937434,0.035069166868383184,5.997026586570177,6.115069148874843
evaluation-013,0,pooled,64,b,0.7742037444245136,0.7769043644140565,0.030126842998907884,0.71970983838066,0.8221013600305396
evaluation-013,0,pooled,64,g,0.14706274768236938,0.14201180323505155,0.04675927956101246,0.06580318256051611,0.2166060793868712
evaluation-013,1,pooled,64,r,6.058009450894085,6.055977272937434,0.035069166868383184,5.997026586570177,6.115069148874843
evaluation-013,1,pooled,64,b,0.7742037444245136,0.7769043644140565,0.030126842998907884,0.71970983838066,0.8221013600305396
evaluation-013,1,pooled,64,g,0.14706274768236938,0.14201180323505155,0.04675927956101246,0.06580318256051611,0.2166060793868712
evaluation-013,2,pooled,64,r,6.058009450894085,6.055977272937434,0.035069166868383184,5.997026586570177,6.115069148874843
evaluation-013,2,pooled,64,b,0.7742037444245136,0.7769043644140565,0.030126842998907884,0.71970983838066,0.8221013600305396
evaluation-013,2,pooled,64,g,0.14706274768236938,0.14201180323505155,0.04675927956101246,0.06580318256051611,0.2166060793868712
evaluation-013,0,private,64,r,6.058009450894085,5.997353681042918,0.0848143792716127,5.872049508219749,6.143716827466966
evaluation-013,0,private,64,b,0.7742037444245136,0.768990511550502,0.05316114686555268,0.6746428889479629,0.8541804715712624
evaluation-013,0,private,64,g,0.14706274768236938,0.20559142709236913,0.11788217516908749,0.02369345069561754,0.4019276454059243
evaluation-013,1,private,64,r,6.058009450894085,6.10987446319404,0.08916252505289615,5.965515954287996,6.252909805495882
evaluation-013,1,private,64,b,0.7742037444245136,0.7300626553523392,0.09959436885457244,0.5656613780590121,0.8961063178625368
evaluation-013,1,private,64,g,0.14706274768236938,0.21986113653773967,0.07975154630388988,0.08437063545961583,0.343950212856449
evaluation-013,2,private,64,r,6.058009450894085,6.003445828170528,0.05997410879928616,5.904377372352912,6.10227502601202
evaluation-013,2,private,64,b,0.7742037444245136,0.7036616466574833,0.07457124515688535,0.589296844814768,0.8375711379985714
evaluation-013,2,private,64,g,0.14706274768236938,0.20627830174356915,0.08206943421838703,0.07012077251437798,0.33731104599431483
evaluation-013,0,prior,128,r,6.058009450894085,5.0258480011019,1.7379139812914268,2.315153774092172,7.693169163930165
evaluation-013,0,prior,128,b,0.7742037444245136,1.764324816762642,0.7363996629061228,0.6295557603838406,2.8918905060426323
evaluation-013,0,prior,128,g,0.14706274768236938,0.400071162225143,0.22648515157399876,0.03757516922608196,0.75537272361219
evaluation-013,1,prior,128,r,6.058009450894085,5.0258480011019,1.7379139812914268,2.315153774092172,7.693169163930165
evaluation-013,1,prior,128,b,0.7742037444245136,1.764324816762642,0.7363996629061228,0.6295557603838406,2.8918905060426323
evaluation-013,1,prior,128,g,0.14706274768236938,0.400071162225143,0.22648515157399876,0.03757516922608196,0.75537272361219
evaluation-013,2,prior,128,r,6.058009450894085,5.0258480011019,1.7379139812914268,2.315153774092172,7.693169163930165
evaluation-013,2,prior,128,b,0.7742037444245136,1.764324816762642,0.7363996629061228,0.6295557603838406,2.8918905060426323
evaluation-013,2,prior,128,g,0.14706274768236938,0.400071162225143,0.22648515157399876,0.03757516922608196,0.75537272361219
evaluation-013,0,pooled,128,r,6.058009450894085,6.0511161893023715,0.03060681764939399,5.997891877199098,6.100909167890542
evaluation-013,0,pooled,128,b,0.7742037444245136,0.7882706047563078,0.021997365537703144,0.7517761032867504,0.8225063225475082
evaluation-013,0,pooled,128,g,0.14706274768236938,0.14114816450885273,0.02769997832059692,0.0921789566410979,0.18677960409517838
evaluation-013,1,pooled,128,r,6.058009450894085,6.0511161893023715,0.03060681764939399,5.997891877199098,6.100909167890542
evaluation-013,1,pooled,128,b,0.7742037444245136,0.7882706047563078,0.021997365537703144,0.7517761032867504,0.8225063225475082
evaluation-013,1,pooled,128,g,0.14706274768236938,0.14114816450885273,0.02769997832059692,0.0921789566410979,0.18677960409517838
evaluation-013,2,pooled,128,r,6.058009450894085,6.0511161893023715,0.03060681764939399,5.997891877199098,6.100909167890542
evaluation-013,2,pooled,128,b,0.7742037444245136,0.7882706047563078,0.021997365537703144,0.7517761032867504,0.8225063225475082
evaluation-013,2,pooled,128,g,0.14706274768236938,0.14114816450885273,0.02769997832059692,0.0921789566410979,0.18677960409517838
evaluation-013,0,private,128,r,6.058009450894085,5.965696533857751,0.07090608045732823,5.861738953968562,6.09000739145252
evaluation-013,0,private,128,b,0.7742037444245136,0.7898737897665015,0.042609983822695055,0.7160077644884048,0.8520569087225066
evaluation-013,0,private,128,g,0.14706274768236938,0.22269022829475238,0.06384298426570148,0.11517967706989063,0.32145133588502706
evaluation-013,1,private,128,r,6.058009450894085,6.103873140098329,0.05760466127367526,6.007043493827931,6.192515129935601
evaluation-013,1,private,128,b,0.7742037444245136,0.7699950004929996,0.04602663627932151,0.6962340560789961,0.8441048073310596
evaluation-013,1,private,128,g,0.14706274768236938,0.13134205856968859,0.04111955585482763,0.0632899593127053,0.19904745653483946
evaluation-013,2,private,128,r,6.058009450894085,6.0145423919170025,0.04700642491150633,5.939092881783741,6.09267273964824
evaluation-013,2,private,128,b,0.7742037444245136,0.7357588896306655,0.04604692305495182,0.6632698779814381,0.8137838830057557
evaluation-013,2,private,128,g,0.14706274768236938,0.18322695023052876,0.05397242902298121,0.09266683290256975,0.2679836946309887
evaluation-014,0,prior,0,r,6.4532331749893554,4.970417119297813,1.6955198434601346,2.3470783154486607,7.664011624564742
evaluation-014,0,prior,0,b,2.6739502643722064,1.7697530330710516,0.717586932954193,0.6303971000342778,2.8472784380629412
evaluation-014,0,prior,0,g,0.5681408732668985,0.400588602334564,0.23293628946637343,0.03870331757997713,0.7583752279743545
evaluation-014,1,prior,0,r,6.4532331749893554,4.970417119297813,1.6955198434601346,2.3470783154486607,7.664011624564742
evaluation-014,1,prior,0,b,2.6739502643722064,1.7697530330710516,0.717586932954193,0.6303971000342778,2.8472784380629412
evaluation-014,1,prior,0,g,0.5681408732668985,0.400588602334564,0.23293628946637343,0.03870331757997713,0.7583752279743545
evaluation-014,2,prior,0,r,6.4532331749893554,4.970417119297813,1.6955198434601346,2.3470783154486607,7.664011624564742
evaluation-014,2,prior,0,b,2.6739502643722064,1.7697530330710516,0.717586932954193,0.6303971000342778,2.8472784380629412
evaluation-014,2,prior,0,g,0.5681408732668985,0.400588602334564,0.23293628946637343,0.03870331757997713,0.7583752279743545
evaluation-014,0,pooled,0,r,6.4532331749893554,4.970417119297813,1.6955198434601346,2.3470783154486607,7.664011624564742
evaluation-014,0,pooled,0,b,2.6739502643722064,1.7697530330710516,0.717586932954193,0.6303971000342778,2.8472784380629412
evaluation-014,0,pooled,0,g,0.5681408732668985,0.400588602334564,0.23293628946637343,0.03870331757997713,0.7583752279743545
evaluation-014,1,pooled,0,r,6.4532331749893554,4.970417119297813,1.6955198434601346,2.3470783154486607,7.664011624564742
evaluation-014,1,pooled,0,b,2.6739502643722064,1.7697530330710516,0.717586932954193,0.6303971000342778,2.8472784380629412
evaluation-014,1,pooled,0,g,0.5681408732668985,0.400588602334564,0.23293628946637343,0.03870331757997713,0.7583752279743545
evaluation-014,2,pooled,0,r,6.4532331749893554,4.970417119297813,1.6955198434601346,2.3470783154486607,7.664011624564742
evaluation-014,2,pooled,0,b,2.6739502643722064,1.7697530330710516,0.717586932954193,0.6303971000342778,2.8472784380629412
evaluation-014,2,pooled,0,g,0.5681408732668985,0.400588602334564,0.23293628946637343,0.03870331757997713,0.7583752279743545
evaluation-014,0,private,0,r,6.4532331749893554,4.970417119297813,1.6955198434601346,2.3470783154486607,7.664011624564742
evaluation-014,0,private,0,b,2.6739502643722064,1.7697530330710516,0.717586932954193,0.6303971000342778,2.8472784380629412
evaluation-014,0,private,0,g,0.5681408732668985,0.400588602334564,0.23293628946637343,0.03870331757997713,0.7583752279743545
evaluation-014,1,private,0,r,6.4532331749893554,4.970417119297813,1.6955198434601346,2.3470783154486607,7.664011624564742
evaluation-014,1,private,0,b,2.6739502643722064,1.7697530330710516,0.717586932954193,0.6303971000342778,2.8472784380629412
evaluation-014,1,private,0,g,0.5681408732668985,0.400588602334564,0.23293628946637343,0.03870331757997713,0.7583752279743545
evaluation-014,2,private,0,r,6.4532331749893554,4.970417119297813,1.6955198434601346,2.3470783154486607,7.664011624564742
evaluation-014,2,private,0,b,2.6739502643722064,1.7697530330710516,0.717586932954193,0.6303971000342778,2.8472784380629412
evaluation-014,2,private,0,g,0.5681408732668985,0.400588602334564,0.23293628946637343,0.03870331757997713,0.7583752279743545
evaluation-014,0,prior,4,r,6.4532331749893554,4.970417119297813,1.6955198434601346,2.3470783154486607,7.664011624564742
evaluation-014,0,prior,4,b,2.6739502643722064,1.7697530330710516,0.717586932954193,0.6303971000342778,2.8472784380629412
evaluation-014,0,prior,4,g,0.5681408732668985,0.400588602334564,0.23293628946637343,0.03870331757997713,0.7583752279743545
evaluation-014,1,prior,4,r,6.4532331749893554,4.970417119297813,1.6955198434601346,2.3470783154486607,7.664011624564742
evaluation-014,1,prior,4,b,2.6739502643722064,1.7697530330710516,0.717586932954193,0.6303971000342778,2.8472784380629412
evaluation-014,1,prior,4,g,0.5681408732668985,0.400588602334564,0.23293628946637343,0.03870331757997713,0.7583752279743545
evaluation-014,2,prior,4,r,6.4532331749893554,4.970417119297813,1.6955198434601346,2.3470783154486607,7.664011624564742
evaluation-014,2,prior,4,b,2.6739502643722064,1.7697530330710516,0.717586932954193,0.6303971000342778,2.8472784380629412
evaluation-014,2,prior,4,g,0.5681408732668985,0.400588602334564,0.23293628946637343,0.03870331757997713,0.7583752279743545
evaluation-014,0,pooled,4,r,6.4532331749893554,6.461422667544969,0.09512783859370048,6.3109865488175485,6.622238214714743
evaluation-014,0,pooled,4,b,2.6739502643722064,2.0298967495192453,0.5892769768538227,0.9825190847708686,2.8823223216686498
evaluation-014,0,pooled,4,g,0.5681408732668985,0.38212708421103325,0.22796567745636936,0.028006168238987748,0.7359384370438694
evaluation-014,1,pooled,4,r,6.4532331749893554,6.461422667544969,0.09512783859370048,6.3109865488175485,6.622238214714743
evaluation-014,1,pooled,4,b,2.6739502643722064,2.0298967495192453,0.5892769768538227,0.9825190847708686,2.8823223216686498
evaluation-014,1,pooled,4,g,0.5681408732668985,0.38212708421103325,0.22796567745636936,0.028006168238987748,0.7359384370438694
evaluation-014,2,pooled,4,r,6.4532331749893554,6.461422667544969,0.09512783859370048,6.3109865488175485,6.622238214714743
evaluation-014,2,pooled,4,b,2.6739502643722064,2.0298967495192453,0.5892769768538227,0.9825190847708686,2.8823223216686498
evaluation-014,2,pooled,4,g,0.5681408732668985,0.38212708421103325,0.22796567745636936,0.028006168238987748,0.7359384370438694
evaluation-014,0,private,4,r,6.4532331749893554,6.969838624107179,0.448944446565448,6.325755508207183,7.768511431222826
evaluation-014,0,private,4,b,2.6739502643722064,1.8122606338606355,0.6915760785891663,0.6539491592462892,2.889678310917994
evaluation-014,0,private,4,g,0.5681408732668985,0.4045149676701497,0.22964857261006563,0.04483993665052836,0.7530404595362488
evaluation-014,1,private,4,r,6.4532331749893554,6.375221126648883,0.14355261761234642,6.158118588839027,6.612199401550728
evaluation-014,1,private,4,b,2.6739502643722064,1.767896689574115,0.7201623647953577,0.603742229371111,2.8853717078910286
evaluation-014,1,private,4,g,0.5681408732668985,0.41611852902850405,0.23265208271451468,0.03380721502854844,0.7669132529842089
evaluation-014,2,private,4,r,6.4532331749893554,6.558810189455307,0.15731899100069383,6.338223488540922,6.838341794363254
evaluation-014,2,private,4,b,2.6739502643722064,1.6393060996738729,0.7197693067104068,0.5786143881832815,2.8463450726171042
evaluation-014,2,private,4,g,0.5681408732668985,0.38401293266319714,0.2198910835744155,0.04254762415681606,0.7376600259464506
evaluation-014,0,prior,8,r,6.4532331749893554,4.970417119297813,1.6955198434601346,2.3470783154486607,7.664011624564742
evaluation-014,0,prior,8,b,2.6739502643722064,1.7697530330710516,0.717586932954193,0.6303971000342778,2.8472784380629412
evaluation-014,0,prior,8,g,0.5681408732668985,0.400588602334564,0.23293628946637343,0.03870331757997713,0.7583752279743545
evaluation-014,1,prior,8,r,6.4532331749893554,4.970417119297813,1.6955198434601346,2.3470783154486607,7.664011624564742
evaluation-014,1,prior,8,b,2.6739502643722064,1.7697530330710516,0.717586932954193,0.6303971000342778,2.8472784380629412
evaluation-014,1,prior,8,g,0.5681408732668985,0.400588602334564,0.23293628946637343,0.03870331757997713,0.7583752279743545
evaluation-014,2,prior,8,r,6.4532331749893554,4.970417119297813,1.6955198434601346,2.3470783154486607,7.664011624564742
evaluation-014,2,prior,8,b,2.6739502643722064,1.7697530330710516,0.717586932954193,0.6303971000342778,2.8472784380629412
evaluation-014,2,prior,8,g,0.5681408732668985,0.400588602334564,0.23293628946637343,0.03870331757997713,0.7583752279743545
evaluation-014,0,pooled,8,r,6.4532331749893554,6.473948970347931,0.08595189325805992,6.333079547617747,6.608872611225345
evaluation-014,0,pooled,8,b,2.6739502643722064,2.697186191485371,0.17746289790158737,2.4073731149676965,2.9657393110279155
evaluation-014,0,pooled,8,g,0.5681408732668985,0.5005944750789879,0.20688570980889717,0.11602035270037357,0.7764241923032085
evaluation-014,1,pooled,8,r,6.4532331749893554,6.473948970347931,0.08595189325805992,6.333079547617747,6.608872611225345
evaluation-014,1,pooled,8,b,2.6739502643722064,2.697186191485371,0.17746289790158737,2.4073731149676965,2.9657393110279155
evaluation-014,1,pooled,8,g,0.5681408732668985,0.5005944750789879,0.20688570980889717,0.11602035270037357,0.7764241923032085
evaluation-014,2,pooled,8,r,6.4532331749893554,6.473948970347931,0.08595189325805992,6.333079547617747,6.608872611225345
evaluation-014,2,pooled,8,b,2.6739502643722064,2.697186191485371,0.17746289790158737,2.4073731149676965,2.9657393110279155
evaluation-014,2,pooled,8,g,0.5681408732668985,0.5005944750789879,0.20688570980889717,0.11602035270037357,0.7764241923032085
evaluation-014,0,private,8,r,6.4532331749893554,7.009891089682976,0.4613164046965867,6.371444362377174,7.808285290796426
evaluation-014,0,private,8,b,2.6739502643722064,2.1507553507540393,0.5955620185882783,0.975809770753502,2.9239032359269705
evaluation-014,0,private,8,g,0.5681408732668985,0.4027251843413699,0.22534843969181614,0.042620331065298486,0.7482027544400301
evaluation-014,1,private,8,r,6.4532331749893554,6.489225208419356,0.10123466211644946,6.3171970983350345,6.646612139112553
evaluation-014,1,private,8,b,2.6739502643722064,1.7695114386051418,0.7289659041484852,0.6245898866480802,2.880540643676807
evaluation-014,1,private,8,g,0.5681408732668985,0.5103144113784532,0.2093837685143352,0.10410938513407106,0.7780398329394086
evaluation-014,2,private,8,r,6.4532331749893554,6.544988302816644,0.1535875963090119,6.320691160514826,6.823456665130685
evaluation-014,2,private,8,b,2.6739502643722064,1.6728659359771998,0.7226205004289783,0.5875125619467878,2.8573756221710607
evaluation-014,2,private,8,g,0.5681408732668985,0.3889871042854384,0.21976350586806834,0.044031571528618516,0.7378689628831134
evaluation-014,0,prior,16,r,6.4532331749893554,4.970417119297813,1.6955198434601346,2.3470783154486607,7.664011624564742
evaluation-014,0,prior,16,b,2.6739502643722064,1.7697530330710516,0.717586932954193,0.6303971000342778,2.8472784380629412
evaluation-014,0,prior,16,g,0.5681408732668985,0.400588602334564,0.23293628946637343,0.03870331757997713,0.7583752279743545
evaluation-014,1,prior,16,r,6.4532331749893554,4.970417119297813,1.6955198434601346,2.3470783154486607,7.664011624564742
evaluation-014,1,prior,16,b,2.6739502643722064,1.7697530330710516,0.717586932954193,0.6303971000342778,2.8472784380629412
evaluation-014,1,prior,16,g,0.5681408732668985,0.400588602334564,0.23293628946637343,0.03870331757997713,0.7583752279743545
evaluation-014,2,prior,16,r,6.4532331749893554,4.970417119297813,1.6955198434601346,2.3470783154486607,7.664011624564742
evaluation-014,2,prior,16,b,2.6739502643722064,1.7697530330710516,0.717586932954193,0.6303971000342778,2.8472784380629412
evaluation-014,2,prior,16,g,0.5681408732668985,0.400588602334564,0.23293628946637343,0.03870331757997713,0.7583752279743545
evaluation-014,0,pooled,16,r,6.4532331749893554,6.433716038315498,0.07024786382990919,6.324655313878667,6.549389703220004
evaluation-014,0,pooled,16,b,2.6739502643722064,2.826290139020834,0.11062951982946415,2.636399970728353,2.980603126424959
evaluation-014,0,pooled,16,g,0.5681408732668985,0.6663263944402152,0.10780339605174247,0.45822136731235363,0.7944812871313933
evaluation-014,1,pooled,16,r,6.4532331749893554,6.433716038315498,0.07024786382990919,6.324655313878667,6.549389703220004
evaluation-014,1,pooled,16,b,2.6739502643722064,2.826290139020834,0.11062951982946415,2.636399970728353,2.980603126424959
evaluation-014,1,pooled,16,g,0.5681408732668985,0.6663263944402152,0.10780339605174247,0.45822136731235363,0.7944812871313933
evaluation-014,2,pooled,16,r,6.4532331749893554,6.433716038315498,0.07024786382990919,6.324655313878667,6.549389703220004
evaluation-014,2,pooled,16,b,2.6739502643722064,2.826290139020834,0.11062951982946415,2.636399970728353,2.980603126424959
evaluation-014,2,pooled,16,g,0.5681408732668985,0.6663263944402152,0.10780339605174247,0.45822136731235363,0.7944812871313933
evaluation-014,0,private,16,r,6.4532331749893554,6.703807080288192,0.337601261961842,6.290536279275891,7.404785042117668
evaluation-014,0,private,16,b,2.6739502643722064,2.6484186802815763,0.30282435026051746,2.0198822158430914,2.9683913966566866
evaluation-014,0,private,16,g,0.5681408732668985,0.41628800992790155,0.2197390747465608,0.07002454345486357,0.7613286621024182
evaluation-014,1,private,16,r,6.4532331749893554,6.4816358229198165,0.09518621816819886,6.3358607988606,6.63167524329211
evaluation-014,1,private,16,b,2.6739502643722064,1.7576853064024656,0.7275373602856423,0.6326938278530894,2.8880171338595106
evaluation-014,1,private,16,g,0.5681408732668985,0.5984653931616277,0.15636153482392262,0.2899163531298697,0.7835185510663409
evaluation-014,2,private,16,r,6.4532331749893554,6.4949493642779315,0.09653168445702603,6.349309699621387,6.665378903369259
evaluation-014,2,private,16,b,2.6739502643722064,2.6931177240171396,0.23894120090419954,2.20286639576043,2.9618128636409313
evaluation-014,2,private,16,g,0.5681408732668985,0.6120407695960117,0.1481497364130615,0.34308482417237374,0.7843874753711145
evaluation-014,0,prior,32,r,6.4532331749893554,4.970417119297813,1.6955198434601346,2.3470783154486607,7.664011624564742
evaluation-014,0,prior,32,b,2.6739502643722064,1.7697530330710516,0.717586932954193,0.6303971000342778,2.8472784380629412
evaluation-014,0,prior,32,g,0.5681408732668985,0.400588602334564,0.23293628946637343,0.03870331757997713,0.7583752279743545
evaluation-014,1,prior,32,r,6.4532331749893554,4.970417119297813,1.6955198434601346,2.3470783154486607,7.664011624564742
evaluation-014,1,prior,32,b,2.6739502643722064,1.7697530330710516,0.717586932954193,0.6303971000342778,2.8472784380629412
evaluation-014,1,prior,32,g,0.5681408732668985,0.400588602334564,0.23293628946637343,0.03870331757997713,0.7583752279743545
evaluation-014,2,prior,32,r,6.4532331749893554,4.970417119297813,1.6955198434601346,2.3470783154486607,7.664011624564742
evaluation-014,2,prior,32,b,2.6739502643722064,1.7697530330710516,0.717586932954193,0.6303971000342778,2.8472784380629412
evaluation-014,2,prior,32,g,0.5681408732668985,0.400588602334564,0.23293628946637343,0.03870331757997713,0.7583752279743545
evaluation-014,0,pooled,32,r,6.4532331749893554,6.492157416903184,0.061197571510752606,6.39499208412865,6.594851049367313
evaluation-014,0,pooled,32,b,2.6739502643722064,2.6518208040034748,0.044163817399612865,2.5769771879898054,2.721795149199835
evaluation-014,0,pooled,32,g,0.5681408732668985,0.542144592132718,0.05916065113732729,0.43241416042838804,0.6386462485546389
evaluation-014,1,pooled,32,r,6.4532331749893554,6.492157416903184,0.061197571510752606,6.39499208412865,6.594851049367313
evaluation-014,1,pooled,32,b,2.6739502643722064,2.6518208040034748,0.044163817399612865,2.5769771879898054,2.721795149199835
evaluation-014,1,pooled,32,g,0.5681408732668985,0.542144592132718,0.05916065113732729,0.43241416042838804,0.6386462485546389
evaluation-014,2,pooled,32,r,6.4532331749893554,6.492157416903184,0.061197571510752606,6.39499208412865,6.594851049367313
evaluation-014,2,pooled,32,b,2.6739502643722064,2.6518208040034748,0.044163817399612865,2.5769771879898054,2.721795149199835
evaluation-014,2,pooled,32,g,0.5681408732668985,0.542144592132718,0.05916065113732729,0.43241416042838804,0.6386462485546389
evaluation-014,0,private,32,r,6.4532331749893554,6.757447571109114,0.2805246534135922,6.3689084357009165,7.276541586646101
evaluation-014,0,private,32,b,2.6739502643722064,2.5096817112822802,0.16913226769137746,2.18385319026104,2.7483090747783496
evaluation-014,0,private,32,g,0.5681408732668985,0.40636248117754153,0.23188029789978487,0.04137877920553964,0.7631014917824677
evaluation-014,1,private,32,r,6.4532331749893554,6.4845870564036545,0.08624393388938752,6.350824012189065,6.623111812515414
evaluation-014,1,private,32,b,2.6739502643722064,2.6407545071945386,0.27028975649777465,2.1177660878470363,2.9631813523344857
evaluation-014,1,private,32,g,0.5681408732668985,0.5328583370526269,0.08159381553272554,0.4021744277167493,0.6713818059603522
evaluation-014,2,private,32,r,6.4532331749893554,6.485628011428035,0.08542120355519309,6.342598589793364,6.63204265074334
evaluation-014,2,private,32,b,2.6739502643722064,2.666253910188226,0.18558592675103183,2.3580918796326924,2.93126391750964
evaluation-014,2,private,32,g,0.5681408732668985,0.6020354960912526,0.14944535700814193,0.3442762197867103,0.788446037234885
evaluation-014,0,prior,64,r,6.4532331749893554,4.970417119297813,1.6955198434601346,2.3470783154486607,7.664011624564742
evaluation-014,0,prior,64,b,2.6739502643722064,1.7697530330710516,0.717586932954193,0.6303971000342778,2.8472784380629412
evaluation-014,0,prior,64,g,0.5681408732668985,0.400588602334564,0.23293628946637343,0.03870331757997713,0.7583752279743545
evaluation-014,1,prior,64,r,6.4532331749893554,4.970417119297813,1.6955198434601346,2.3470783154486607,7.664011624564742
evaluation-014,1,prior,64,b,2.6739502643722064,1.7697530330710516,0.717586932954193,0.6303971000342778,2.8472784380629412
evaluation-014,1,prior,64,g,0.5681408732668985,0.400588602334564,0.23293628946637343,0.03870331757997713,0.7583752279743545
evaluation-014,2,prior,64,r,6.4532331749893554,4.970417119297813,1.6955198434601346,2.3470783154486607,7.664011624564742
evaluation-014,2,prior,64,b,2.6739502643722064,1.7697530330710516,0.717586932954193,0.6303971000342778,2.8472784380629412
evaluation-014,2,prior,64,g,0.5681408732668985,0.400588602334564,0.23293628946637343,0.03870331757997713,0.7583752279743545
evaluation-014,0,pooled,64,r,6.4532331749893554,6.477154364882266,0.04937484611613014,6.396430492288503,6.561509401254532
evaluation-014,0,pooled,64,b,2.6739502643722064,2.6565676040438806,0.027913650537900948,2.6077943903908367,2.704742962782221
evaluation-014,0,pooled,64,g,0.5681408732668985,0.5508755839657872,0.04065563559923284,0.4772541505611494,0.6160281877758379
evaluation-014,1,pooled,64,r,6.4532331749893554,6.477154364882266,0.04937484611613014,6.396430492288503,6.561509401254532
evaluation-014,1,pooled,64,b,2.6739502643722064,2.6565676040438806,0.027913650537900948,2.6077943903908367,2.704742962782221
evaluation-014,1,pooled,64,g,0.5681408732668985,0.5508755839657872,0.04065563559923284,0.4772541505611494,0.6160281877758379
evaluation-014,2,pooled,64,r,6.4532331749893554,6.477154364882266,0.04937484611613014,6.396430492288503,6.561509401254532
evaluation-014,2,pooled,64,b,2.6739502643722064,2.6565676040438806,0.027913650537900948,2.6077943903908367,2.704742962782221
evaluation-014,2,pooled,64,g,0.5681408732668985,0.5508755839657872,0.04065563559923284,0.4772541505611494,0.6160281877758379
evaluation-014,0,private,64,r,6.4532331749893554,6.600657102149904,0.21458518161037757,6.328775892581226,7.019316117036328
evaluation-014,0,private,64,b,2.6739502643722064,2.5847584724702024,0.11737838947899792,2.3679150590905826,2.749903794493331
evaluation-014,0,private,64,g,0.5681408732668985,0.5141178066927184,0.09165783022170942,0.3468500799216325,0.6379732945131388
evaluation-014,1,private,64,r,6.4532331749893554,6.477059934863748,0.07814048336377462,6.348631859745997,6.608640913693627
evaluation-014,1,private,64,b,2.6739502643722064,2.691477213427978,0.06795597798647456,2.5867227994898374,2.8032752315435614
evaluation-014,1,private,64,g,0.5681408732668985,0.5321623393988201,0.06992358927187124,0.4158426546200947,0.6427586869872883
evaluation-014,2,private,64,r,6.4532331749893554,6.497024768162798,0.08344472399077876,6.363789689068402,6.633569671441692
evaluation-014,2,private,64,b,2.6739502643722064,2.6053907408434287,0.056599207143477985,2.510394361339632,2.6963720954898256
evaluation-014,2,private,64,g,0.5681408732668985,0.6379741425623837,0.1282046359428742,0.37729964763040735,0.7855826135908276
evaluation-014,0,prior,128,r,6.4532331749893554,4.970417119297813,1.6955198434601346,2.3470783154486607,7.664011624564742
evaluation-014,0,prior,128,b,2.6739502643722064,1.7697530330710516,0.717586932954193,0.6303971000342778,2.8472784380629412
evaluation-014,0,prior,128,g,0.5681408732668985,0.400588602334564,0.23293628946637343,0.03870331757997713,0.7583752279743545
evaluation-014,1,prior,128,r,6.4532331749893554,4.970417119297813,1.6955198434601346,2.3470783154486607,7.664011624564742
evaluation-014,1,prior,128,b,2.6739502643722064,1.7697530330710516,0.717586932954193,0.6303971000342778,2.8472784380629412
evaluation-014,1,prior,128,g,0.5681408732668985,0.400588602334564,0.23293628946637343,0.03870331757997713,0.7583752279743545
evaluation-014,2,prior,128,r,6.4532331749893554,4.970417119297813,1.6955198434601346,2.3470783154486607,7.664011624564742
evaluation-014,2,prior,128,b,2.6739502643722064,1.7697530330710516,0.717586932954193,0.6303971000342778,2.8472784380629412
evaluation-014,2,prior,128,g,0.5681408732668985,0.400588602334564,0.23293628946637343,0.03870331757997713,0.7583752279743545
evaluation-014,0,pooled,128,r,6.4532331749893554,6.476866270395741,0.04351363489450873,6.407399195858423,6.549095019718205
evaluation-014,0,pooled,128,b,2.6739502643722064,2.6596925606477004,0.027773946566377924,2.6122761703911723,2.7067434545093967
evaluation-014,0,pooled,128,g,0.5681408732668985,0.5488654647273762,0.026429892944540307,0.5048476739360832,0.5914281480549957
evaluation-014,1,pooled,128,r,6.4532331749893554,6.476866270395741,0.04351363489450873,6.407399195858423,6.549095019718205
evaluation-014,1,pooled,128,b,2.6739502643722064,2.6596925606477004,0.027773946566377924,2.6122761703911723,2.7067434545093967
evaluation-014,1,pooled,128,g,0.5681408732668985,0.5488654647273762,0.026429892944540307,0.5048476739360832,0.5914281480549957
evaluation-014,2,pooled,128,r,6.4532331749893554,6.476866270395741,0.04351363489450873,6.407399195858423,6.549095019718205
evaluation-014,2,pooled,128,b,2.6739502643722064,2.6596925606477004,0.027773946566377924,2.6122761703911723,2.7067434545093967
evaluation-014,2,pooled,128,g,0.5681408732668985,0.5488654647273762,0.026429892944540307,0.5048476739360832,0.5914281480549957
evaluation-014,0,private,128,r,6.4532331749893554,6.5580111171872675,0.18826753695977225,6.315293639285428,6.9150613706801405
evaluation-014,0,private,128,b,2.6739502643722064,2.6107197426521274,0.10799759657117065,2.419249316416528,2.757368062080703
evaluation-014,0,private,128,g,0.5681408732668985,0.5201695281043535,0.05769521037562796,0.4107565244174909,0.596171721734464
evaluation-014,1,private,128,r,6.4532331749893554,6.4907674715138555,0.07093318740750935,6.376912356573982,6.608837777649528
evaluation-014,1,private,128,b,2.6739502643722064,2.6893642299395637,0.0673364095801414,2.5864497773217976,2.7992473309832513
evaluation-014,1,private,128,g,0.5681408732668985,0.5175090912303073,0.06271649014021365,0.41130022653907095,0.6179235850671283
evaluation-014,2,private,128,r,6.4532331749893554,6.505357837087177,0.0719584577274664,6.393040136011078,6.633202937236057
evaluation-014,2,private,128,b,2.6739502643722064,2.6129555236372495,0.05156872036861894,2.519736092996251,2.6969136440842982
evaluation-014,2,private,128,g,0.5681408732668985,0.6082571693624179,0.05988854590185414,0.5051500932055236,0.6991412514573322
evaluation-015,0,prior,0,r,3.798296668422066,5.051038223900575,1.7355957968423494,2.3525376753284153,7.6993009208969765
evaluation-015,0,prior,0,b,0.8228186900419687,1.7803058896356871,0.7408222736580146,0.623225485705567,2.8739157126237016
evaluation-015,0,prior,0,g,0.6188848561326353,0.39664979801048755,0.23388255612563208,0.034897451692708546,0.7652009426226072
evaluation-015,1,prior,0,r,3.798296668422066,5.051038223900575,1.7355957968423494,2.3525376753284153,7.6993009208969765
evaluation-015,1,prior,0,b,0.8228186900419687,1.7803058896356871,0.7408222736580146,0.623225485705567,2.8739157126237016
evaluation-015,1,prior,0,g,0.6188848561326353,0.39664979801048755,0.23388255612563208,0.034897451692708546,0.7652009426226072
evaluation-015,2,prior,0,r,3.798296668422066,5.051038223900575,1.7355957968423494,2.3525376753284153,7.6993009208969765
evaluation-015,2,prior,0,b,0.8228186900419687,1.7803058896356871,0.7408222736580146,0.623225485705567,2.8739157126237016
evaluation-015,2,prior,0,g,0.6188848561326353,0.39664979801048755,0.23388255612563208,0.034897451692708546,0.7652009426226072
evaluation-015,0,pooled,0,r,3.798296668422066,5.051038223900575,1.7355957968423494,2.3525376753284153,7.6993009208969765
evaluation-015,0,pooled,0,b,0.8228186900419687,1.7803058896356871,0.7408222736580146,0.623225485705567,2.8739157126237016
evaluation-015,0,pooled,0,g,0.6188848561326353,0.39664979801048755,0.23388255612563208,0.034897451692708546,0.7652009426226072
evaluation-015,1,pooled,0,r,3.798296668422066,5.051038223900575,1.7355957968423494,2.3525376753284153,7.6993009208969765
evaluation-015,1,pooled,0,b,0.8228186900419687,1.7803058896356871,0.7408222736580146,0.623225485705567,2.8739157126237016
evaluation-015,1,pooled,0,g,0.6188848561326353,0.39664979801048755,0.23388255612563208,0.034897451692708546,0.7652009426226072
evaluation-015,2,pooled,0,r,3.798296668422066,5.051038223900575,1.7355957968423494,2.3525376753284153,7.6993009208969765
evaluation-015,2,pooled,0,b,0.8228186900419687,1.7803058896356871,0.7408222736580146,0.623225485705567,2.8739157126237016
evaluation-015,2,pooled,0,g,0.6188848561326353,0.39664979801048755,0.23388255612563208,0.034897451692708546,0.7652009426226072
evaluation-015,0,private,0,r,3.798296668422066,5.051038223900575,1.7355957968423494,2.3525376753284153,7.6993009208969765
evaluation-015,0,private,0,b,0.8228186900419687,1.7803058896356871,0.7408222736580146,0.623225485705567,2.8739157126237016
evaluation-015,0,private,0,g,0.6188848561326353,0.39664979801048755,0.23388255612563208,0.034897451692708546,0.7652009426226072
evaluation-015,1,private,0,r,3.798296668422066,5.051038223900575,1.7355957968423494,2.3525376753284153,7.6993009208969765
evaluation-015,1,private,0,b,0.8228186900419687,1.7803058896356871,0.7408222736580146,0.623225485705567,2.8739157126237016
evaluation-015,1,private,0,g,0.6188848561326353,0.39664979801048755,0.23388255612563208,0.034897451692708546,0.7652009426226072
evaluation-015,2,private,0,r,3.798296668422066,5.051038223900575,1.7355957968423494,2.3525376753284153,7.6993009208969765
evaluation-015,2,private,0,b,0.8228186900419687,1.7803058896356871,0.7408222736580146,0.623225485705567,2.8739157126237016
evaluation-015,2,private,0,g,0.6188848561326353,0.39664979801048755,0.23388255612563208,0.034897451692708546,0.7652009426226072
evaluation-015,0,prior,4,r,3.798296668422066,5.051038223900575,1.7355957968423494,2.3525376753284153,7.6993009208969765
evaluation-015,0,prior,4,b,0.8228186900419687,1.7803058896356871,0.7408222736580146,0.623225485705567,2.8739157126237016
evaluation-015,0,prior,4,g,0.6188848561326353,0.39664979801048755,0.23388255612563208,0.034897451692708546,0.7652009426226072
evaluation-015,1,prior,4,r,3.798296668422066,5.051038223900575,1.7355957968423494,2.3525376753284153,7.6993009208969765
evaluation-015,1,prior,4,b,0.8228186900419687,1.7803058896356871,0.7408222736580146,0.623225485705567,2.8739157126237016
evaluation-015,1,prior,4,g,0.6188848561326353,0.39664979801048755,0.23388255612563208,0.034897451692708546,0.7652009426226072
evaluation-015,2,prior,4,r,3.798296668422066,5.051038223900575,1.7355957968423494,2.3525376753284153,7.6993009208969765
evaluation-015,2,prior,4,b,0.8228186900419687,1.7803058896356871,0.7408222736580146,0.623225485705567,2.8739157126237016
evaluation-015,2,prior,4,g,0.6188848561326353,0.39664979801048755,0.23388255612563208,0.034897451692708546,0.7652009426226072
evaluation-015,0,pooled,4,r,3.798296668422066,3.7605303086256527,0.07119751583146261,3.6519277339001435,3.8881609724508843
evaluation-015,0,pooled,4,b,0.8228186900419687,1.0474719546874094,0.40118879331475044,0.5444201271403557,1.840782397247199
evaluation-015,0,pooled,4,g,0.6188848561326353,0.45430049741872075,0.23492182253205626,0.05807846347656878,0.7731272603800831
evaluation-015,1,pooled,4,r,3.798296668422066,3.7605303086256527,0.07119751583146261,3.6519277339001435,3.8881609724508843
evaluation-015,1,pooled,4,b,0.8228186900419687,1.0474719546874094,0.40118879331475044,0.5444201271403557,1.840782397247199
evaluation-015,1,pooled,4,g,0.6188848561326353,0.45430049741872075,0.23492182253205626,0.05807846347656878,0.7731272603800831
evaluation-015,2,pooled,4,r,3.798296668422066,3.7605303086256527,0.07119751583146261,3.6519277339001435,3.8881609724508843
evaluation-015,2,pooled,4,b,0.8228186900419687,1.0474719546874094,0.40118879331475044,0.5444201271403557,1.840782397247199
evaluation-015,2,pooled,4,g,0.6188848561326353,0.45430049741872075,0.23492182253205626,0.05807846347656878,0.7731272603800831
evaluation-015,0,private,4,r,3.798296668422066,3.918211802629241,0.1374672250129484,3.7047112910311335,4.144019968621389
evaluation-015,0,private,4,b,0.8228186900419687,1.7712915376038458,0.727671407563645,0.6231623027658135,2.861980741038689
evaluation-015,0,private,4,g,0.6188848561326353,0.4059019986877506,0.2367652053378623,0.03183382880810175,0.768414601407367
evaluation-015,1,private,4,r,3.798296668422066,3.625028587834221,0.11295717875274361,3.4578534880722698,3.8378105339801505
evaluation-015,1,private,4,b,0.8228186900419687,1.6791178980889097,0.7111519571768996,0.6161473991880589,2.837334264338544
evaluation-015,1,private,4,g,0.6188848561326353,0.3890424261800348,0.23373731308283144,0.045341109321576145,0.7600381104713391
evaluation-015,2,private,4,r,3.798296668422066,3.507460232187567,0.2268455665356243,3.1602839460946286,3.8913386903303113
evaluation-015,2,private,4,b,0.8228186900419687,1.8577029010868038,0.7172643515587782,0.6599752772862411,2.8989930899738336
evaluation-015,2,private,4,g,0.6188848561326353,0.39453053019578294,0.22785261392210987,0.03829136634895141,0.7593617538442422
evaluation-015,0,prior,8,r,3.798296668422066,5.051038223900575,1.7355957968423494,2.3525376753284153,7.6993009208969765
evaluation-015,0,prior,8,b,0.8228186900419687,1.7803058896356871,0.7408222736580146,0.623225485705567,2.8739157126237016
evaluation-015,0,prior,8,g,0.6188848561326353,0.39664979801048755,0.23388255612563208,0.034897451692708546,0.7652009426226072
evaluation-015,1,prior,8,r,3.798296668422066,5.051038223900575,1.7355957968423494,2.3525376753284153,7.6993009208969765
evaluation-015,1,prior,8,b,0.8228186900419687,1.7803058896356871,0.7408222736580146,0.623225485705567,2.8739157126237016
evaluation-015,1,prior,8,g,0.6188848561326353,0.39664979801048755,0.23388255612563208,0.034897451692708546,0.7652009426226072
evaluation-015,2,prior,8,r,3.798296668422066,5.051038223900575,1.7355957968423494,2.3525376753284153,7.6993009208969765
evaluation-015,2,prior,8,b,0.8228186900419687,1.7803058896356871,0.7408222736580146,0.623225485705567,2.8739157126237016
evaluation-015,2,prior,8,g,0.6188848561326353,0.39664979801048755,0.23388255612563208,0.034897451692708546,0.7652009426226072
evaluation-015,0,pooled,8,r,3.798296668422066,3.8307556785631647,0.060543260702036236,3.734096669990128,3.9311903952277247
evaluation-015,0,pooled,8,b,0.8228186900419687,0.9868806380010547,0.2738901895655244,0.5873505260992299,1.4726737408050092
evaluation-015,0,pooled,8,g,0.6188848561326353,0.5270426557118943,0.21847596201996566,0.08979666648938099,0.7809969617090456
evaluation-015,1,pooled,8,r,3.798296668422066,3.8307556785631647,0.060543260702036236,3.734096669990128,3.9311903952277247
evaluation-015,1,pooled,8,b,0.8228186900419687,0.9868806380010547,0.2738901895655244,0.5873505260992299,1.4726737408050092
evaluation-015,1,pooled,8,g,0.6188848561326353,0.5270426557118943,0.21847596201996566,0.08979666648938099,0.7809969617090456
evaluation-015,2,pooled,8,r,3.798296668422066,3.8307556785631647,0.060543260702036236,3.734096669990128,3.9311903952277247
evaluation-015,2,pooled,8,b,0.8228186900419687,0.9868806380010547,0.2738901895655244,0.5873505260992299,1.4726737408050092
evaluation-015,2,pooled,8,g,0.6188848561326353,0.5270426557118943,0.21847596201996566,0.08979666648938099,0.7809969617090456
evaluation-015,0,private,8,r,3.798296668422066,3.9611569370269946,0.10122454700772715,3.806613074289383,4.133291170688624
evaluation-015,0,private,8,b,0.8228186900419687,1.7825924406587346,0.7244224438695014,0.6453501942269373,2.8620419249608684
evaluation-015,0,private,8,g,0.6188848561326353,0.41656093433886865,0.2354426988642185,0.03107990361224058,0.7736577432359798
evaluation-015,1,private,8,r,3.798296668422066,3.624084390138522,0.11107959254368248,3.4575735359416533,3.8279915211639
evaluation-015,1,private,8,b,0.8228186900419687,1.7908693234704605,0.7103604897625004,0.6427705439791909,2.8824534173485317
evaluation-015,1,private,8,g,0.6188848561326353,0.40810033271953455,0.23299494394269682,0.04869343343437241,0.7636003747371978
evaluation-015,2,private,8,r,3.798296668422066,3.459347565348773,0.22969281667771363,3.1489448901939228,3.874862692016228
evaluation-015,2,private,8,b,0.8228186900419687,2.1838662356893903,0.6225583332329888,0.9702767460154726,2.9279903017653766
evaluation-015,2,private,8,g,0.6188848561326353,0.39832440926664014,0.22992049552384364,0.04007229486408545,0.7560379318469663
evaluation-015,0,prior,16,r,3.798296668422066,5.051038223900575,1.7355957968423494,2.3525376753284153,7.6993009208969765
evaluation-015,0,prior,16,b,0.8228186900419687,1.7803058896356871,0.7408222736580146,0.623225485705567,2.8739157126237016
evaluation-015,0,prior,16,g,0.6188848561326353,0.39664979801048755,0.23388255612563208,0.034897451692708546,0.7652009426226072
evaluation-015,1,prior,16,r,3.798296668422066,5.051038223900575,1.7355957968423494,2.3525376753284153,7.6993009208969765
evaluation-015,1,prior,16,b,0.8228186900419687,1.7803058896356871,0.7408222736580146,0.623225485705567,2.8739157126237016
evaluation-015,1,prior,16,g,0.6188848561326353,0.39664979801048755,0.23388255612563208,0.034897451692708546,0.7652009426226072
evaluation-015,2,prior,16,r,3.798296668422066,5.051038223900575,1.7355957968423494,2.3525376753284153,7.6993009208969765
evaluation-015,2,prior,16,b,0.8228186900419687,1.7803058896356871,0.7408222736580146,0.623225485705567,2.8739157126237016
evaluation-015,2,prior,16,g,0.6188848561326353,0.39664979801048755,0.23388255612563208,0.034897451692708546,0.7652009426226072
evaluation-015,0,pooled,16,r,3.798296668422066,3.851456479467305,0.054002479740539074,3.7718735284500777,3.9485702359552315
evaluation-015,0,pooled,16,b,0.8228186900419687,0.7990245923863836,0.10345610943101578,0.6187225008579891,0.9579685528420121
evaluation-015,0,pooled,16,g,0.6188848561326353,0.6056040038198018,0.14106133733763884,0.3434826540181537,0.7804603788766415
evaluation-015,1,pooled,16,r,3.798296668422066,3.851456479467305,0.054002479740539074,3.7718735284500777,3.9485702359552315
evaluation-015,1,pooled,16,b,0.8228186900419687,0.7990245923863836,0.10345610943101578,0.6187225008579891,0.9579685528420121
evaluation-015,1,pooled,16,g,0.6188848561326353,0.6056040038198018,0.14106133733763884,0.3434826540181537,0.7804603788766415
evaluation-015,2,pooled,16,r,3.798296668422066,3.851456479467305,0.054002479740539074,3.7718735284500777,3.9485702359552315
evaluation-015,2,pooled,16,b,0.8228186900419687,0.7990245923863836,0.10345610943101578,0.6187225008579891,0.9579685528420121
evaluation-015,2,pooled,16,g,0.6188848561326353,0.6056040038198018,0.14106133733763884,0.3434826540181537,0.7804603788766415
evaluation-015,0,private,16,r,3.798296668422066,3.9134018959742716,0.08860195878428498,3.776879629446207,4.06353882390282
evaluation-015,0,private,16,b,0.8228186900419687,1.7529243732430746,0.7074839376368337,0.6505335528603564,2.8607796943568173
evaluation-015,0,private,16,g,0.6188848561326353,0.38999360727583143,0.2181880941591509,0.04805629811773799,0.7573137568655421
evaluation-015,1,private,16,r,3.798296668422066,3.6482814692912178,0.10614097954603086,3.4773604677594285,3.8340609235061853
evaluation-015,1,private,16,b,0.8228186900419687,2.159521618449696,0.4967353414734614,1.292391385347954,2.8953670357739836
evaluation-015,1,private,16,g,0.6188848561326353,0.43526659784065685,0.21427548596016457,0.07372785416012695,0.7654560019253764
evaluation-015,2,private,16,r,3.798296668422066,3.9170794392623316,0.08434369189196056,3.7571005538699183,4.042093740497862
evaluation-015,2,private,16,b,0.8228186900419687,0.7074525556471244,0.1439869154847235,0.5224816243797172,0.9883534498264367
evaluation-015,2,private,16,g,0.6188848561326353,0.38909168633532687,0.22230124672644433,0.03605145802783091,0.7475695441414638
evaluation-015,0,prior,32,r,3.798296668422066,5.051038223900575,1.7355957968423494,2.3525376753284153,7.6993009208969765
evaluation-015,0,prior,32,b,0.8228186900419687,1.7803058896356871,0.7408222736580146,0.623225485705567,2.8739157126237016
evaluation-015,0,prior,32,g,0.6188848561326353,0.39664979801048755,0.23388255612563208,0.034897451692708546,0.7652009426226072
evaluation-015,1,prior,32,r,3.798296668422066,5.051038223900575,1.7355957968423494,2.3525376753284153,7.6993009208969765
evaluation-015,1,prior,32,b,0.8228186900419687,1.7803058896356871,0.7408222736580146,0.623225485705567,2.8739157126237016
evaluation-015,1,prior,32,g,0.6188848561326353,0.39664979801048755,0.23388255612563208,0.034897451692708546,0.7652009426226072
evaluation-015,2,prior,32,r,3.798296668422066,5.051038223900575,1.7355957968423494,2.3525376753284153,7.6993009208969765
evaluation-015,2,prior,32,b,0.8228186900419687,1.7803058896356871,0.7408222736580146,0.623225485705567,2.8739157126237016
evaluation-015,2,prior,32,g,0.6188848561326353,0.39664979801048755,0.23388255612563208,0.034897451692708546,0.7652009426226072
evaluation-015,0,pooled,32,r,3.798296668422066,3.8533722851293057,0.039862649807014365,3.7884833781616445,3.9200896591175014
evaluation-015,0,pooled,32,b,0.8228186900419687,0.8071883192064445,0.042950622995533136,0.7353701615172765,0.8754469097238514
evaluation-015,0,pooled,32,g,0.6188848561326353,0.5780358723680026,0.08492613806298435,0.43339611227620395,0.7072629043710794
evaluation-015,1,pooled,32,r,3.798296668422066,3.8533722851293057,0.039862649807014365,3.7884833781616445,3.9200896591175014
evaluation-015,1,pooled,32,b,0.8228186900419687,0.8071883192064445,0.042950622995533136,0.7353701615172765,0.8754469097238514
evaluation-015,1,pooled,32,g,0.6188848561326353,0.5780358723680026,0.08492613806298435,0.43339611227620395,0.7072629043710794
evaluation-015,2,pooled,32,r,3.798296668422066,3.8533722851293057,0.039862649807014365,3.7884833781616445,3.9200896591175014
evaluation-015,2,pooled,32,b,0.8228186900419687,0.8071883192064445,0.042950622995533136,0.7353701615172765,0.8754469097238514
evaluation-015,2,pooled,32,g,0.6188848561326353,0.5780358723680026,0.08492613806298435,0.43339611227620395,0.7072629043710794
evaluation-015,0,private,32,r,3.798296668422066,3.904183917237789,0.08285210993542144,3.78066087576933,4.053289226663816
evaluation-015,0,private,32,b,0.8228186900419687,1.6176878327752144,0.6880943180765893,0.6240825266934232,2.8064476404815912
evaluation-015,0,private,32,g,0.6188848561326353,0.40777652170094114,0.1724632455841834,0.10121654582677905,0.675243510175001
evaluation-015,1,private,32,r,3.798296668422066,3.7311433876201447,0.08167439461006426,3.600019891471454,3.8718536560444408
evaluation-015,1,private,32,b,0.8228186900419687,1.6488531057380502,0.3847828864428093,0.9887697122175628,2.2115815036316113
evaluation-015,1,private,32,g,0.6188848561326353,0.4399396344909915,0.21513210539885413,0.07267411633945,0.7718762738262835
evaluation-015,2,private,32,r,3.798296668422066,3.8885293705367303,0.0763238338601224,3.761453955913207,4.018554174635968
evaluation-015,2,private,32,b,0.8228186900419687,0.8068430216563006,0.10197181824257273,0.6337382341194534,0.9791641497343706
evaluation-015,2,private,32,g,0.6188848561326353,0.3717745009683786,0.20724443406551024,0.05775657249527909,0.7167278277664524
evaluation-015,0,prior,64,r,3.798296668422066,5.051038223900575,1.7355957968423494,2.3525376753284153,7.6993009208969765
evaluation-015,0,prior,64,b,0.8228186900419687,1.7803058896356871,0.7408222736580146,0.623225485705567,2.8739157126237016
evaluation-015,0,prior,64,g,0.6188848561326353,0.39664979801048755,0.23388255612563208,0.034897451692708546,0.7652009426226072
evaluation-015,1,prior,64,r,3.798296668422066,5.051038223900575,1.7355957968423494,2.3525376753284153,7.6993009208969765
evaluation-015,1,prior,64,b,0.8228186900419687,1.7803058896356871,0.7408222736580146,0.623225485705567,2.8739157126237016
evaluation-015,1,prior,64,g,0.6188848561326353,0.39664979801048755,0.23388255612563208,0.034897451692708546,0.7652009426226072
evaluation-015,2,prior,64,r,3.798296668422066,5.051038223900575,1.7355957968423494,2.3525376753284153,7.6993009208969765
evaluation-015,2,prior,64,b,0.8228186900419687,1.7803058896356871,0.7408222736580146,0.623225485705567,2.8739157126237016
evaluation-015,2,prior,64,g,0.6188848561326353,0.39664979801048755,0.23388255612563208,0.034897451692708546,0.7652009426226072
evaluation-015,0,pooled,64,r,3.798296668422066,3.878330118734971,0.03463269983012021,3.822594281311666,3.935508208753582
evaluation-015,0,pooled,64,b,0.8228186900419687,0.8087981423060343,0.03503944253453086,0.7485356023082803,0.8637384297347864
evaluation-015,0,pooled,64,g,0.6188848561326353,0.48461313747457013,0.05327790301185728,0.3925522595010155,0.5683959215067289
evaluation-015,1,pooled,64,r,3.798296668422066,3.878330118734971,0.03463269983012021,3.822594281311666,3.935508208753582
evaluation-015,1,pooled,64,b,0.8228186900419687,0.8087981423060343,0.03503944253453086,0.7485356023082803,0.8637384297347864
evaluation-015,1,pooled,64,g,0.6188848561326353,0.48461313747457013,0.05327790301185728,0.3925522595010155,0.5683959215067289
evaluation-015,2,pooled,64,r,3.798296668422066,3.878330118734971,0.03463269983012021,3.822594281311666,3.935508208753582
evaluation-015,2,pooled,64,b,0.8228186900419687,0.8087981423060343,0.03503944253453086,0.7485356023082803,0.8637384297347864
evaluation-015,2,pooled,64,g,0.6188848561326353,0.48461313747457013,0.05327790301185728,0.3925522595010155,0.5683959215067289
evaluation-015,0,private,64,r,3.798296668422066,3.8900994400142546,0.07425131197107628,3.7759379266969946,4.016319175461149
evaluation-015,0,private,64,b,0.8228186900419687,0.772327359571552,0.10895313807583798,0.6126210322664092,0.9673313357933514
evaluation-015,0,private,64,g,0.6188848561326353,0.48474304604300666,0.11673287657139798,0.2827666745611611,0.6655286426554174
evaluation-015,1,private,64,r,3.798296668422066,3.870629821172239,0.058434600296162785,3.77189459935657,3.9679902612231457
evaluation-015,1,private,64,b,0.8228186900419687,0.8524721700350791,0.07777417278175823,0.7314666723079438,0.9886477880295078
evaluation-015,1,private,64,g,0.6188848561326353,0.5232860379241088,0.13557762838097656,0.2788856312552275,0.727635038838919
evaluation-015,2,private,64,r,3.798296668422066,3.8407182943769893,0.07509220682271686,3.719106867234959,3.9684559341204757
evaluation-015,2,private,64,b,0.8228186900419687,0.8698954253521977,0.08231867706669577,0.7318477440742408,1.0016374527448821
evaluation-015,2,private,64,g,0.6188848561326353,0.3283939494931811,0.10324487573758101,0.1551085482574299,0.5004098742967469
evaluation-015,0,prior,128,r,3.798296668422066,5.051038223900575,1.7355957968423494,2.3525376753284153,7.6993009208969765
evaluation-015,0,prior,128,b,0.8228186900419687,1.7803058896356871,0.7408222736580146,0.623225485705567,2.8739157126237016
evaluation-015,0,prior,128,g,0.6188848561326353,0.39664979801048755,0.23388255612563208,0.034897451692708546,0.7652009426226072
evaluation-015,1,prior,128,r,3.798296668422066,5.051038223900575,1.7355957968423494,2.3525376753284153,7.6993009208969765
evaluation-015,1,prior,128,b,0.8228186900419687,1.7803058896356871,0.7408222736580146,0.623225485705567,2.8739157126237016
evaluation-015,1,prior,128,g,0.6188848561326353,0.39664979801048755,0.23388255612563208,0.034897451692708546,0.7652009426226072
evaluation-015,2,prior,128,r,3.798296668422066,5.051038223900575,1.7355957968423494,2.3525376753284153,7.6993009208969765
evaluation-015,2,prior,128,b,0.8228186900419687,1.7803058896356871,0.7408222736580146,0.623225485705567,2.8739157126237016
evaluation-015,2,prior,128,g,0.6188848561326353,0.39664979801048755,0.23388255612563208,0.034897451692708546,0.7652009426226072
evaluation-015,0,pooled,128,r,3.798296668422066,3.866405538621462,0.028536816491224016,3.8184684896959316,3.9149746072733973
evaluation-015,0,pooled,128,b,0.8228186900419687,0.7889070422803343,0.02380268195648428,0.7500724324320045,0.8272866660633176
evaluation-015,0,pooled,128,g,0.6188848561326353,0.541503373770728,0.0336352639661931,0.48621676240335815,0.5937915691684107
evaluation-015,1,pooled,128,r,3.798296668422066,3.866405538621462,0.028536816491224016,3.8184684896959316,3.9149746072733973
evaluation-015,1,pooled,128,b,0.8228186900419687,0.7889070422803343,0.02380268195648428,0.7500724324320045,0.8272866660633176
evaluation-015,1,pooled,128,g,0.6188848561326353,0.541503373770728,0.0336352639661931,0.48621676240335815,0.5937915691684107
evaluation-015,2,pooled,128,r,3.798296668422066,3.866405538621462,0.028536816491224016,3.8184684896959316,3.9149746072733973
evaluation-015,2,pooled,128,b,0.8228186900419687,0.7889070422803343,0.02380268195648428,0.7500724324320045,0.8272866660633176
evaluation-015,2,pooled,128,g,0.6188848561326353,0.541503373770728,0.0336352639661931,0.48621676240335815,0.5937915691684107
evaluation-015,0,private,128,r,3.798296668422066,3.8419450070217356,0.055701350928580216,3.75375768331671,3.9380619110720936
evaluation-015,0,private,128,b,0.8228186900419687,0.8253199800422043,0.059246252837718456,0.7378484718564953,0.9326857278464984
evaluation-015,0,private,128,g,0.6188848561326353,0.5371408160654895,0.08510321819564376,0.38812100362623414,0.666613598525317
evaluation-015,1,private,128,r,3.798296668422066,3.9104060453671545,0.0461325134332949,3.835617772261692,3.984304575210206
evaluation-015,1,private,128,b,0.8228186900419687,0.759100678105398,0.0397724283918859,0.6897793253365145,0.821074599507994
evaluation-015,1,private,128,g,0.6188848561326353,0.5331697867995586,0.056234984854276644,0.43866360228495654,0.6237662524039205
evaluation-015,2,private,128,r,3.798296668422066,3.8819432366212077,0.054923793785954786,3.7966017475455844,3.9759065853579294
evaluation-015,2,private,128,b,0.8228186900419687,0.7769045900901487,0.04808477806379214,0.7018658835346208,0.858445136633448
evaluation-015,2,private,128,g,0.6188848561326353,0.5170045253052737,0.04940016247478177,0.4316465730026071,0.5954030432855447
evaluation-016,0,prior,0,r,3.941010879770407,5.005152888359221,1.744223289724154,2.2655272708032665,7.7130167011538395
evaluation-016,0,prior,0,b,2.1701932054363375,1.7699284623998648,0.7306610022273649,0.6231091872174812,2.8897907636027704
evaluation-016,0,prior,0,g,0.5464650603355975,0.3944535029482292,0.22891435136430424,0.04138794439467747,0.7580667602092391
evaluation-016,1,prior,0,r,3.941010879770407,5.005152888359221,1.744223289724154,2.2655272708032665,7.7130167011538395
evaluation-016,1,prior,0,b,2.1701932054363375,1.7699284623998648,0.7306610022273649,0.6231091872174812,2.8897907636027704
evaluation-016,1,prior,0,g,0.5464650603355975,0.3944535029482292,0.22891435136430424,0.04138794439467747,0.7580667602092391
evaluation-016,2,prior,0,r,3.941010879770407,5.005152888359221,1.744223289724154,2.2655272708032665,7.7130167011538395
evaluation-016,2,prior,0,b,2.1701932054363375,1.7699284623998648,0.7306610022273649,0.6231091872174812,2.8897907636027704
evaluation-016,2,prior,0,g,0.5464650603355975,0.3944535029482292,0.22891435136430424,0.04138794439467747,0.7580667602092391
evaluation-016,0,pooled,0,r,3.941010879770407,5.005152888359221,1.744223289724154,2.2655272708032665,7.7130167011538395
evaluation-016,0,pooled,0,b,2.1701932054363375,1.7699284623998648,0.7306610022273649,0.6231091872174812,2.8897907636027704
evaluation-016,0,pooled,0,g,0.5464650603355975,0.3944535029482292,0.22891435136430424,0.04138794439467747,0.7580667602092391
evaluation-016,1,pooled,0,r,3.941010879770407,5.005152888359221,1.744223289724154,2.2655272708032665,7.7130167011538395
evaluation-016,1,pooled,0,b,2.1701932054363375,1.7699284623998648,0.7306610022273649,0.6231091872174812,2.8897907636027704
evaluation-016,1,pooled,0,g,0.5464650603355975,0.3944535029482292,0.22891435136430424,0.04138794439467747,0.7580667602092391
evaluation-016,2,pooled,0,r,3.941010879770407,5.005152888359221,1.744223289724154,2.2655272708032665,7.7130167011538395
evaluation-016,2,pooled,0,b,2.1701932054363375,1.7699284623998648,0.7306610022273649,0.6231091872174812,2.8897907636027704
evaluation-016,2,pooled,0,g,0.5464650603355975,0.3944535029482292,0.22891435136430424,0.04138794439467747,0.7580667602092391
evaluation-016,0,private,0,r,3.941010879770407,5.005152888359221,1.744223289724154,2.2655272708032665,7.7130167011538395
evaluation-016,0,private,0,b,2.1701932054363375,1.7699284623998648,0.7306610022273649,0.6231091872174812,2.8897907636027704
evaluation-016,0,private,0,g,0.5464650603355975,0.3944535029482292,0.22891435136430424,0.04138794439467747,0.7580667602092391
evaluation-016,1,private,0,r,3.941010879770407,5.005152888359221,1.744223289724154,2.2655272708032665,7.7130167011538395
evaluation-016,1,private,0,b,2.1701932054363375,1.7699284623998648,0.7306610022273649,0.6231091872174812,2.8897907636027704
evaluation-016,1,private,0,g,0.5464650603355975,0.3944535029482292,0.22891435136430424,0.04138794439467747,0.7580667602092391
evaluation-016,2,private,0,r,3.941010879770407,5.005152888359221,1.744223289724154,2.2655272708032665,7.7130167011538395
evaluation-016,2,private,0,b,2.1701932054363375,1.7699284623998648,0.7306610022273649,0.6231091872174812,2.8897907636027704
evaluation-016,2,private,0,g,0.5464650603355975,0.3944535029482292,0.22891435136430424,0.04138794439467747,0.7580667602092391
evaluation-016,0,prior,4,r,3.941010879770407,5.005152888359221,1.744223289724154,2.2655272708032665,7.7130167011538395
evaluation-016,0,prior,4,b,2.1701932054363375,1.7699284623998648,0.7306610022273649,0.6231091872174812,2.8897907636027704
evaluation-016,0,prior,4,g,0.5464650603355975,0.3944535029482292,0.22891435136430424,0.04138794439467747,0.7580667602092391
evaluation-016,1,prior,4,r,3.941010879770407,5.005152888359221,1.744223289724154,2.2655272708032665,7.7130167011538395
evaluation-016,1,prior,4,b,2.1701932054363375,1.7699284623998648,0.7306610022273649,0.6231091872174812,2.8897907636027704
evaluation-016,1,prior,4,g,0.5464650603355975,0.3944535029482292,0.22891435136430424,0.04138794439467747,0.7580667602092391
evaluation-016,2,prior,4,r,3.941010879770407,5.005152888359221,1.744223289724154,2.2655272708032665,7.7130167011538395
evaluation-016,2,prior,4,b,2.1701932054363375,1.7699284623998648,0.7306610022273649,0.6231091872174812,2.8897907636027704
evaluation-016,2,prior,4,g,0.5464650603355975,0.3944535029482292,0.22891435136430424,0.04138794439467747,0.7580667602092391
evaluation-016,0,pooled,4,r,3.941010879770407,4.0576484242521245,0.08076410458329243,3.926713070203982,4.190202607236249
evaluation-016,0,pooled,4,b,2.1701932054363375,1.4022694867727288,0.5009121714569313,0.631958068770867,2.212984770347094
evaluation-016,0,pooled,4,g,0.5464650603355975,0.4508339858058978,0.22355085019087467,0.05986340182749128,0.7689225360918248
evaluation-016,1,pooled,4,r,3.941010879770407,4.0576484242521245,0.08076410458329243,3.926713070203982,4.190202607236249
evaluation-016,1,pooled,4,b,2.1701932054363375,1.4022694867727288,0.5009121714569313,0.631958068770867,2.212984770347094
evaluation-016,1,pooled,4,g,0.5464650603355975,0.4508339858058978,0.22355085019087467,0.05986340182749128,0.7689225360918248
evaluation-016,2,pooled,4,r,3.941010879770407,4.0576484242521245,0.08076410458329243,3.926713070203982,4.190202607236249
evaluation-016,2,pooled,4,b,2.1701932054363375,1.4022694867727288,0.5009121714569313,0.631958068770867,2.212984770347094
evaluation-016,2,pooled,4,g,0.5464650603355975,0.4508339858058978,0.22355085019087467,0.05986340182749128,0.7689225360918248
evaluation-016,0,private,4,r,3.941010879770407,4.072936917724127,0.09065879314760275,3.913859078496379,4.208464287661356
evaluation-016,0,private,4,b,2.1701932054363375,1.8227204516587545,0.7190360365170414,0.6583475781523036,2.884850102838817
evaluation-016,0,private,4,g,0.5464650603355975,0.4329031508984637,0.2286429410780526,0.0507821760514652,0.7676691522750654
evaluation-016,1,private,4,r,3.941010879770407,3.724535148460316,0.25902675191054236,3.3869672657203833,4.209387523162068
evaluation-016,1,private,4,b,2.1701932054363375,1.6191990714029496,0.6982370023505917,0.5887342921743065,2.7802216328736398
evaluation-016,1,private,4,g,0.5464650603355975,0.41067668246892547,0.22361120133185583,0.05183487848341691,0.754609446395987
evaluation-016,2,private,4,r,3.941010879770407,4.075783036265141,0.12403208740835119,3.891635064817894,4.279046563582383
evaluation-016,2,private,4,b,2.1701932054363375,1.7022988414444853,0.7092534341528354,0.6340210683956921,2.833275797799308
evaluation-016,2,private,4,g,0.5464650603355975,0.3899173844395589,0.22869592584475,0.042045452027933264,0.7477093738580034
evaluation-016,0,prior,8,r,3.941010879770407,5.005152888359221,1.744223289724154,2.2655272708032665,7.7130167011538395
evaluation-016,0,prior,8,b,2.1701932054363375,1.7699284623998648,0.7306610022273649,0.6231091872174812,2.8897907636027704
evaluation-016,0,prior,8,g,0.5464650603355975,0.3944535029482292,0.22891435136430424,0.04138794439467747,0.7580667602092391
evaluation-016,1,prior,8,r,3.941010879770407,5.005152888359221,1.744223289724154,2.2655272708032665,7.7130167011538395
evaluation-016,1,prior,8,b,2.1701932054363375,1.7699284623998648,0.7306610022273649,0.6231091872174812,2.8897907636027704
evaluation-016,1,prior,8,g,0.5464650603355975,0.3944535029482292,0.22891435136430424,0.04138794439467747,0.7580667602092391
evaluation-016,2,prior,8,r,3.941010879770407,5.005152888359221,1.744223289724154,2.2655272708032665,7.7130167011538395
evaluation-016,2,prior,8,b,2.1701932054363375,1.7699284623998648,0.7306610022273649,0.6231091872174812,2.8897907636027704
evaluation-016,2,prior,8,g,0.5464650603355975,0.3944535029482292,0.22891435136430424,0.04138794439467747,0.7580667602092391
evaluation-016,0,pooled,8,r,3.941010879770407,4.022238151381233,0.07713383112561249,3.903689669368923,4.155376143623526
evaluation-016,0,pooled,8,b,2.1701932054363375,1.974124680961271,0.2731425466187904,1.5214416533552633,2.4231502058311545
evaluation-016,0,pooled,8,g,0.5464650603355975,0.4944716401822592,0.20722252709789998,0.09470900041418955,0.7737070827904798
evaluation-016,1,pooled,8,r,3.941010879770407,4.022238151381233,0.07713383112561249,3.903689669368923,4.155376143623526
evaluation-016,1,pooled,8,b,2.1701932054363375,1.974124680961271,0.2731425466187904,1.5214416533552633,2.4231502058311545
evaluation-016,1,pooled,8,g,0.5464650603355975,0.4944716401822592,0.20722252709789998,0.09470900041418955,0.7737070827904798
evaluation-016,2,pooled,8,r,3.941010879770407,4.022238151381233,0.07713383112561249,3.903689669368923,4.155376143623526
evaluation-016,2,pooled,8,b,2.1701932054363375,1.974124680961271,0.2731425466187904,1.5214416533552633,2.4231502058311545
evaluation-016,2,pooled,8,g,0.5464650603355975,0.4944716401822592,0.20722252709789998,0.09470900041418955,0.7737070827904798
evaluation-016,0,private,8,r,3.941010879770407,4.069696758991399,0.09193863711106183,3.9132325994443256,4.212682191402703
evaluation-016,0,private,8,b,2.1701932054363375,1.869841705096114,0.6688526482803947,0.6698605617499036,2.8713887494706083
evaluation-016,0,private,8,g,0.5464650603355975,0.45122660514840573,0.22236212100966626,0.051883043496238734,0.7680955191114038
evaluation-016,1,private,8,r,3.941010879770407,3.8725826426652934,0.19979566042089605,3.617519492510092,4.278841646035786
evaluation-016,1,private,8,b,2.1701932054363375,2.335033719998051,0.5332915355865399,1.2247951861075905,2.9460949991478924
evaluation-016,1,private,8,g,0.5464650603355975,0.3992135249767117,0.23058595886155872,0.040719261213001755,0.7592465000811754
evaluation-016,2,private,8,r,3.941010879770407,4.044320885967632,0.10922250358026792,3.8835350502997934,4.2357572178603
evaluation-016,2,private,8,b,2.1701932054363375,1.7063767071471954,0.7096280896858738,0.6381288829873679,2.8367637575040194
evaluation-016,2,private,8,g,0.5464650603355975,0.3937959731321463,0.22640537524990798,0.04257907095619667,0.7513636821132169
evaluation-016,0,prior,16,r,3.941010879770407,5.005152888359221,1.744223289724154,2.2655272708032665,7.7130167011538395
evaluation-016,0,prior,16,b,2.1701932054363375,1.7699284623998648,0.7306610022273649,0.6231091872174812,2.8897907636027704
evaluation-016,0,prior,16,g,0.5464650603355975,0.3944535029482292,0.22891435136430424,0.04138794439467747,0.7580667602092391
evaluation-016,1,prior,16,r,3.941010879770407,5.005152888359221,1.744223289724154,2.2655272708032665,7.7130167011538395
evaluation-016,1,prior,16,b,2.1701932054363375,1.7699284623998648,0.7306610022273649,0.6231091872174812,2.8897907636027704
evaluation-016,1,prior,16,g,0.5464650603355975,0.3944535029482292,0.22891435136430424,0.04138794439467747,0.7580667602092391
evaluation-016,2,prior,16,r,3.941010879770407,5.005152888359221,1.744223289724154,2.2655272708032665,7.7130167011538395
evaluation-016,2,prior,16,b,2.1701932054363375,1.7699284623998648,0.7306610022273649,0.6231091872174812,2.8897907636027704
evaluation-016,2,prior,16,g,0.5464650603355975,0.3944535029482292,0.22891435136430424,0.04138794439467747,0.7580667602092391
evaluation-016,0,pooled,16,r,3.941010879770407,3.9895621240644386,0.05982950258288281,3.898549334281444,4.092667861788246
evaluation-016,0,pooled,16,b,2.1701932054363375,2.035573588906756,0.10462846893385244,1.8561938323031444,2.1927860588597246
evaluation-016,0,pooled,16,g,0.5464650603355975,0.5504670520351435,0.14923379932230002,0.2836713262022642,0.7707556737704732
evaluation-016,1,pooled,16,r,3.941010879770407,3.9895621240644386,0.05982950258288281,3.898549334281444,4.092667861788246
evaluation-016,1,pooled,16,b,2.1701932054363375,2.035573588906756,0.10462846893385244,1.8561938323031444,2.1927860588597246
evaluation-016,1,pooled,16,g,0.5464650603355975,0.5504670520351435,0.14923379932230002,0.2836713262022642,0.7707556737704732
evaluation-016,2,pooled,16,r,3.941010879770407,3.9895621240644386,0.05982950258288281,3.898549334281444,4.092667861788246
evaluation-016,2,pooled,16,b,2.1701932054363375,2.035573588906756,0.10462846893385244,1.8561938323031444,2.1927860588597246
evaluation-016,2,pooled,16,g,0.5464650603355975,0.5504670520351435,0.14923379932230002,0.2836713262022642,0.7707556737704732
evaluation-016,0,private,16,r,3.941010879770407,4.071259618749583,0.08833767009459215,3.9301421221070547,4.212113083756445
evaluation-016,0,private,16,b,2.1701932054363375,1.7912872697304325,0.5463605982016351,0.8496450695543271,2.6903561630694246
evaluation-016,0,private,16,g,0.5464650603355975,0.42409879731411776,0.2222348255316054,0.06133229299664286,0.7583333894925177
evaluation-016,1,private,16,r,3.941010879770407,3.909201343267269,0.10483308195892341,3.741927945959192,4.085068061382674
evaluation-016,1,private,16,b,2.1701932054363375,2.192941781623122,0.17613125902073257,1.8989873986118646,2.4700623002142086
evaluation-016,1,private,16,g,0.5464650603355975,0.40142998319753886,0.23178460944064067,0.04575280946441188,0.7680874046139484
evaluation-016,2,private,16,r,3.941010879770407,4.04201276409266,0.10640704013724377,3.883528703291703,4.226876433651472
evaluation-016,2,private,16,b,2.1701932054363375,1.7102041065812146,0.7112250744612415,0.6108683828523027,2.8396752482208716
evaluation-016,2,private,16,g,0.5464650603355975,0.49937857974902594,0.1995955446497781,0.139413829205598,0.7647439211640964
evaluation-016,0,prior,32,r,3.941010879770407,5.005152888359221,1.744223289724154,2.2655272708032665,7.7130167011538395
evaluation-016,0,prior,32,b,2.1701932054363375,1.7699284623998648,0.7306610022273649,0.6231091872174812,2.8897907636027704
evaluation-016,0,prior,32,g,0.5464650603355975,0.3944535029482292,0.22891435136430424,0.04138794439467747,0.7580667602092391
evaluation-016,1,prior,32,r,3.941010879770407,5.005152888359221,1.744223289724154,2.2655272708032665,7.7130167011538395
evaluation-016,1,prior,32,b,2.1701932054363375,1.7699284623998648,0.7306610022273649,0.6231091872174812,2.8897907636027704
evaluation-016,1,prior,32,g,0.5464650603355975,0.3944535029482292,0.22891435136430424,0.04138794439467747,0.7580667602092391
evaluation-016,2,prior,32,r,3.941010879770407,5.005152888359221,1.744223289724154,2.2655272708032665,7.7130167011538395
evaluation-016,2,prior,32,b,2.1701932054363375,1.7699284623998648,0.7306610022273649,0.6231091872174812,2.8897907636027704
evaluation-016,2,prior,32,g,0.5464650603355975,0.3944535029482292,0.22891435136430424,0.04138794439467747,0.7580667602092391
evaluation-016,0,pooled,32,r,3.941010879770407,3.958567119731052,0.04218736892962561,3.894696831161509,4.032025204062691
evaluation-016,0,pooled,32,b,2.1701932054363375,2.186180133370155,0.03966475897395829,2.119792847469563,2.2522973233047416
evaluation-016,0,pooled,32,g,0.5464650603355975,0.5099829467611215,0.07182287716745454,0.3982455892261313,0.6253792460507143
evaluation-016,1,pooled,32,r,3.941010879770407,3.958567119731052,0.04218736892962561,3.894696831161509,4.032025204062691
evaluation-016,1,pooled,32,b,2.1701932054363375,2.186180133370155,0.03966475897395829,2.119792847469563,2.2522973233047416
evaluation-016,1,pooled,32,g,0.5464650603355975,0.5099829467611215,0.07182287716745454,0.3982455892261313,0.6253792460507143
evaluation-016,2,pooled,32,r,3.941010879770407,3.958567119731052,0.04218736892962561,3.894696831161509,4.032025204062691
evaluation-016,2,pooled,32,b,2.1701932054363375,2.186180133370155,0.03966475897395829,2.119792847469563,2.2522973233047416
evaluation-016,2,pooled,32,g,0.5464650603355975,0.5099829467611215,0.07182287716745454,0.3982455892261313,0.6253792460507143
evaluation-016,0,private,32,r,3.941010879770407,3.991352403458993,0.06945469509959637,3.8774888836494603,4.115568408068029
evaluation-016,0,private,32,b,2.1701932054363375,2.3457555070885627,0.2543975036285501,1.9289429296121172,2.7745259432045732
evaluation-016,0,private,32,g,0.5464650603355975,0.370880492494308,0.2136948275348353,0.044927081890510735,0.7434877080676956
evaluation-016,1,private,32,r,3.941010879770407,3.8932911850276257,0.07490535424975003,3.7667933784811565,4.010535172709267
evaluation-016,1,private,32,b,2.1701932054363375,2.241751990524269,0.08130421539633427,2.1133403168244227,2.375087568395503
evaluation-016,1,private,32,g,0.5464650603355975,0.5208276729289426,0.19168428796036766,0.1688635603537408,0.7702451437946736
evaluation-016,2,private,32,r,3.941010879770407,4.015657434216804,0.10951844161142091,3.8628478304369795,4.2200732802638905
evaluation-016,2,private,32,b,2.1701932054363375,1.337552918609014,0.5655729405881609,0.5721143908294769,2.4441611820240015
evaluation-016,2,private,32,g,0.5464650603355975,0.46406214657736394,0.17587371153247364,0.14262525160012604,0.7252805986697142
evaluation-016,0,prior,64,r,3.941010879770407,5.005152888359221,1.744223289724154,2.2655272708032665,7.7130167011538395
evaluation-016,0,prior,64,b,2.1701932054363375,1.7699284623998648,0.7306610022273649,0.6231091872174812,2.8897907636027704
evaluation-016,0,prior,64,g,0.5464650603355975,0.3944535029482292,0.22891435136430424,0.04138794439467747,0.7580667602092391
evaluation-016,1,prior,64,r,3.941010879770407,5.005152888359221,1.744223289724154,2.2655272708032665,7.7130167011538395
evaluation-016,1,prior,64,b,2.1701932054363375,1.7699284623998648,0.7306610022273649,0.6231091872174812,2.8897907636027704
evaluation-016,1,prior,64,g,0.5464650603355975,0.3944535029482292,0.22891435136430424,0.04138794439467747,0.7580667602092391
evaluation-016,2,prior,64,r,3.941010879770407,5.005152888359221,1.744223289724154,2.2655272708032665,7.7130167011538395
evaluation-016,2,prior,64,b,2.1701932054363375,1.7699284623998648,0.7306610022273649,0.6231091872174812,2.8897907636027704
evaluation-016,2,prior,64,g,0.5464650603355975,0.3944535029482292,0.22891435136430424,0.04138794439467747,0.7580667602092391
evaluation-016,0,pooled,64,r,3.941010879770407,3.942101380711931,0.032868026052802084,3.892143175623068,4.000656964939522
evaluation-016,0,pooled,64,b,2.1701932054363375,2.2002507700675182,0.033468367301594436,2.14833810094809,2.255306628125097
evaluation-016,0,pooled,64,g,0.5464650603355975,0.5371947592863691,0.036486459640898354,0.4736058520581988,0.5929493267310609
evaluation-016,1,pooled,64,r,3.941010879770407,3.942101380711931,0.032868026052802084,3.892143175623068,4.000656964939522
evaluation-016,1,pooled,64,b,2.1701932054363375,2.2002507700675182,0.033468367301594436,2.14833810094809,2.255306628125097
evaluation-016,1,pooled,64,g,0.5464650603355975,0.5371947592863691,0.036486459640898354,0.4736058520581988,0.5929493267310609
evaluation-016,2,pooled,64,r,3.941010879770407,3.942101380711931,0.032868026052802084,3.892143175623068,4.000656964939522
evaluation-016,2,pooled,64,b,2.1701932054363375,2.2002507700675182,0.033468367301594436,2.14833810094809,2.255306628125097
evaluation-016,2,pooled,64,g,0.5464650603355975,0.5371947592863691,0.036486459640898354,0.4736058520581988,0.5929493267310609
evaluation-016,0,private,64,r,3.941010879770407,3.9604074860676524,0.05558861662904004,3.875050643794036,4.061172861674072
evaluation-016,0,private,64,b,2.1701932054363375,2.2081910351381278,0.09019440757758586,2.068485276916778,2.355446931275702
evaluation-016,0,private,64,g,0.5464650603355975,0.5410872330155014,0.1455093197891106,0.28180343180147144,0.7686074360893976
evaluation-016,1,private,64,r,3.941010879770407,3.867212587616797,0.07093010134723673,3.7579466041580853,3.9900058195187618
evaluation-016,1,private,64,b,2.1701932054363375,2.264128637846573,0.06423450036229594,2.1508142389674867,2.3596029965757968
evaluation-016,1,private,64,g,0.5464650603355975,0.5276031662184657,0.061894646103760324,0.4179560986955631,0.6167370505910419
evaluation-016,2,private,64,r,3.941010879770407,4.007954056050999,0.09635521425179959,3.8725004176874074,4.183111218483952
evaluation-016,2,private,64,b,2.1701932054363375,2.1682327460778525,0.09527998636351816,2.026692149523029,2.33339324924981
evaluation-016,2,private,64,g,0.5464650603355975,0.48004046905103676,0.11793066458952947,0.2598454425845469,0.6573386364711467
evaluation-016,0,prior,128,r,3.941010879770407,5.005152888359221,1.744223289724154,2.2655272708032665,7.7130167011538395
evaluation-016,0,prior,128,b,2.1701932054363375,1.7699284623998648,0.7306610022273649,0.6231091872174812,2.8897907636027704
evaluation-016,0,prior,128,g,0.5464650603355975,0.3944535029482292,0.22891435136430424,0.04138794439467747,0.7580667602092391
evaluation-016,1,prior,128,r,3.941010879770407,5.005152888359221,1.744223289724154,2.2655272708032665,7.7130167011538395
evaluation-016,1,prior,128,b,2.1701932054363375,1.7699284623998648,0.7306610022273649,0.6231091872174812,2.8897907636027704
evaluation-016,1,prior,128,g,0.5464650603355975,0.3944535029482292,0.22891435136430424,0.04138794439467747,0.7580667602092391
evaluation-016,2,prior,128,r,3.941010879770407,5.005152888359221,1.744223289724154,2.2655272708032665,7.7130167011538395
evaluation-016,2,prior,128,b,2.1701932054363375,1.7699284623998648,0.7306610022273649,0.6231091872174812,2.8897907636027704
evaluation-016,2,prior,128,g,0.5464650603355975,0.3944535029482292,0.22891435136430424,0.04138794439467747,0.7580667602092391
evaluation-016,0,pooled,128,r,3.941010879770407,3.9494356049206822,0.026863359125970165,3.905756200989207,3.9929786559866365
evaluation-016,0,pooled,128,b,2.1701932054363375,2.1779469867707517,0.02042948302827992,2.1451911203744873,2.210457028467137
evaluation-016,0,pooled,128,g,0.5464650603355975,0.5378255690450013,0.027226481433721816,0.4942606644758544,0.5815425495146954
evaluation-016,1,pooled,128,r,3.941010879770407,3.9494356049206822,0.026863359125970165,3.905756200989207,3.9929786559866365
evaluation-016,1,pooled,128,b,2.1701932054363375,2.1779469867707517,0.02042948302827992,2.1451911203744873,2.210457028467137
evaluation-016,1,pooled,128,g,0.5464650603355975,0.5378255690450013,0.027226481433721816,0.4942606644758544,0.5815425495146954
evaluation-016,2,pooled,128,r,3.941010879770407,3.9494356049206822,0.026863359125970165,3.905756200989207,3.9929786559866365
evaluation-016,2,pooled,128,b,2.1701932054363375,2.1779469867707517,0.02042948302827992,2.1451911203744873,2.210457028467137
evaluation-016,2,pooled,128,g,0.5464650603355975,0.5378255690450013,0.027226481433721816,0.4942606644758544,0.5815425495146954
evaluation-016,0,private,128,r,3.941010879770407,3.985851463570055,0.048903747827108095,3.908522128256323,4.069242698064379
evaluation-016,0,private,128,b,2.1701932054363375,2.1677819282809203,0.031213890651823072,2.1161956955375465,2.2190066243107807
evaluation-016,0,private,128,g,0.5464650603355975,0.5212437639404559,0.055172455244859496,0.42976523202943284,0.6037354308676477
evaluation-016,1,private,128,r,3.941010879770407,3.940605682019104,0.051377546430999274,3.8571102727667737,4.02529932872791
evaluation-016,1,private,128,b,2.1701932054363375,2.1819612917585647,0.04232087961626511,2.1172518876172997,2.2512624961258703
evaluation-016,1,private,128,g,0.5464650603355975,0.5298410728603872,0.03667013334578871,0.46286038058642004,0.5875624746401924
evaluation-016,2,private,128,r,3.941010879770407,3.929384030455686,0.05612472349494393,3.8453497602620197,4.036060512241252
evaluation-016,2,private,128,b,2.1701932054363375,2.156427431649282,0.054559473730264894,2.069933041159912,2.245097213364706
evaluation-016,2,private,128,g,0.5464650603355975,0.5706018755788101,0.06552758485359145,0.4604330355657909,0.6801299968554408
evaluation-017,0,prior,0,r,2.5713893742457516,5.012523111294565,1.7249984645974694,2.290824945828468,7.710608981729376
evaluation-017,0,prior,0,b,2.2514786455881506,1.7716479567957821,0.7066451803118775,0.6407031058118954,2.843312077296119
evaluation-017,0,prior,0,g,0.4538281346507139,0.4163029863433353,0.2238170217957954,0.04486713890661165,0.7633530468982872
evaluation-017,1,prior,0,r,2.5713893742457516,5.012523111294565,1.7249984645974694,2.290824945828468,7.710608981729376
evaluation-017,1,prior,0,b,2.2514786455881506,1.7716479567957821,0.7066451803118775,0.6407031058118954,2.843312077296119
evaluation-017,1,prior,0,g,0.4538281346507139,0.4163029863433353,0.2238170217957954,0.04486713890661165,0.7633530468982872
evaluation-017,2,prior,0,r,2.5713893742457516,5.012523111294565,1.7249984645974694,2.290824945828468,7.710608981729376
evaluation-017,2,prior,0,b,2.2514786455881506,1.7716479567957821,0.7066451803118775,0.6407031058118954,2.843312077296119
evaluation-017,2,prior,0,g,0.4538281346507139,0.4163029863433353,0.2238170217957954,0.04486713890661165,0.7633530468982872
evaluation-017,0,pooled,0,r,2.5713893742457516,5.012523111294565,1.7249984645974694,2.290824945828468,7.710608981729376
evaluation-017,0,pooled,0,b,2.2514786455881506,1.7716479567957821,0.7066451803118775,0.6407031058118954,2.843312077296119
evaluation-017,0,pooled,0,g,0.4538281346507139,0.4163029863433353,0.2238170217957954,0.04486713890661165,0.7633530468982872
evaluation-017,1,pooled,0,r,2.5713893742457516,5.012523111294565,1.7249984645974694,2.290824945828468,7.710608981729376
evaluation-017,1,pooled,0,b,2.2514786455881506,1.7716479567957821,0.7066451803118775,0.6407031058118954,2.843312077296119
evaluation-017,1,pooled,0,g,0.4538281346507139,0.4163029863433353,0.2238170217957954,0.04486713890661165,0.7633530468982872
evaluation-017,2,pooled,0,r,2.5713893742457516,5.012523111294565,1.7249984645974694,2.290824945828468,7.710608981729376
evaluation-017,2,pooled,0,b,2.2514786455881506,1.7716479567957821,0.7066451803118775,0.6407031058118954,2.843312077296119
evaluation-017,2,pooled,0,g,0.4538281346507139,0.4163029863433353,0.2238170217957954,0.04486713890661165,0.7633530468982872
evaluation-017,0,private,0,r,2.5713893742457516,5.012523111294565,1.7249984645974694,2.290824945828468,7.710608981729376
evaluation-017,0,private,0,b,2.2514786455881506,1.7716479567957821,0.7066451803118775,0.6407031058118954,2.843312077296119
evaluation-017,0,private,0,g,0.4538281346507139,0.4163029863433353,0.2238170217957954,0.04486713890661165,0.7633530468982872
evaluation-017,1,private,0,r,2.5713893742457516,5.012523111294565,1.7249984645974694,2.290824945828468,7.710608981729376
evaluation-017,1,private,0,b,2.2514786455881506,1.7716479567957821,0.7066451803118775,0.6407031058118954,2.843312077296119
evaluation-017,1,private,0,g,0.4538281346507139,0.4163029863433353,0.2238170217957954,0.04486713890661165,0.7633530468982872
evaluation-017,2,private,0,r,2.5713893742457516,5.012523111294565,1.7249984645974694,2.290824945828468,7.710608981729376
evaluation-017,2,private,0,b,2.2514786455881506,1.7716479567957821,0.7066451803118775,0.6407031058118954,2.843312077296119
evaluation-017,2,private,0,g,0.4538281346507139,0.4163029863433353,0.2238170217957954,0.04486713890661165,0.7633530468982872
evaluation-017,0,prior,4,r,2.5713893742457516,5.012523111294565,1.7249984645974694,2.290824945828468,7.710608981729376
evaluation-017,0,prior,4,b,2.2514786455881506,1.7716479567957821,0.7066451803118775,0.6407031058118954,2.843312077296119
evaluation-017,0,prior,4,g,0.4538281346507139,0.4163029863433353,0.2238170217957954,0.04486713890661165,0.7633530468982872
evaluation-017,1,prior,4,r,2.5713893742457516,5.012523111294565,1.7249984645974694,2.290824945828468,7.710608981729376
evaluation-017,1,prior,4,b,2.2514786455881506,1.7716479567957821,0.7066451803118775,0.6407031058118954,2.843312077296119
evaluation-017,1,prior,4,g,0.4538281346507139,0.4163029863433353,0.2238170217957954,0.04486713890661165,0.7633530468982872
evaluation-017,2,prior,4,r,2.5713893742457516,5.012523111294565,1.7249984645974694,2.290824945828468,7.710608981729376
evaluation-017,2,prior,4,b,2.2514786455881506,1.7716479567957821,0.7066451803118775,0.6407031058118954,2.843312077296119
evaluation-017,2,prior,4,g,0.4538281346507139,0.4163029863433353,0.2238170217957954,0.04486713890661165,0.7633530468982872
evaluation-017,0,pooled,4,r,2.5713893742457516,2.477258167135901,0.06032747701610221,2.385550322742184,2.582791356436728
evaluation-017,0,pooled,4,b,2.2514786455881506,2.471918688993854,0.3521718360131805,1.8346755280488425,2.9543902112311793
evaluation-017,0,pooled,4,g,0.4538281346507139,0.39411891744996547,0.22201513718660118,0.03409160429814613,0.7457989206998181
evaluation-017,1,pooled,4,r,2.5713893742457516,2.477258167135901,0.06032747701610221,2.385550322742184,2.582791356436728
evaluation-017,1,pooled,4,b,2.2514786455881506,2.471918688993854,0.3521718360131805,1.8346755280488425,2.9543902112311793
evaluation-017,1,pooled,4,g,0.4538281346507139,0.39411891744996547,0.22201513718660118,0.03409160429814613,0.7457989206998181
evaluation-017,2,pooled,4,r,2.5713893742457516,2.477258167135901,0.06032747701610221,2.385550322742184,2.582791356436728
evaluation-017,2,pooled,4,b,2.2514786455881506,2.471918688993854,0.3521718360131805,1.8346755280488425,2.9543902112311793
evaluation-017,2,pooled,4,g,0.4538281346507139,0.39411891744996547,0.22201513718660118,0.03409160429814613,0.7457989206998181
evaluation-017,0,private,4,r,2.5713893742457516,2.5854974145235596,0.14721804404597286,2.358213588242537,2.814828603891974
evaluation-017,0,private,4,b,2.2514786455881506,2.193614865998735,0.5779147744172949,1.091993021445804,2.9356610950397246
evaluation-017,0,private,4,g,0.4538281346507139,0.4248186654292196,0.2252053834295802,0.05312171140337466,0.7631299502070927
evaluation-017,1,private,4,r,2.5713893742457516,2.4068430767335522,0.10324921232605476,2.245286544737174,2.588387137335107
evaluation-017,1,private,4,b,2.2514786455881506,1.7744831019622294,0.7308736159152176,0.6120084698619946,2.897100500209843
evaluation-017,1,private,4,g,0.4538281346507139,0.4066812369978607,0.23840797969772667,0.03297845484595748,0.7568933717451152
evaluation-017,2,private,4,r,2.5713893742457516,2.5240078787777467,0.0760960489024526,2.4132938876074315,2.656766345741037
evaluation-017,2,private,4,b,2.2514786455881506,1.8146816564887864,0.7155365559408863,0.638118230078574,2.8817324487592177
evaluation-017,2,private,4,g,0.4538281346507139,0.41181972923274,0.22075591405176354,0.059527034255319626,0.7668598684129104
evaluation-017,0,prior,8,r,2.5713893742457516,5.012523111294565,1.7249984645974694,2.290824945828468,7.710608981729376
evaluation-017,0,prior,8,b,2.2514786455881506,1.7716479567957821,0.7066451803118775,0.6407031058118954,2.843312077296119
evaluation-017,0,prior,8,g,0.4538281346507139,0.4163029863433353,0.2238170217957954,0.04486713890661165,0.7633530468982872
evaluation-017,1,prior,8,r,2.5713893742457516,5.012523111294565,1.7249984645974694,2.290824945828468,7.710608981729376
evaluation-017,1,prior,8,b,2.2514786455881506,1.7716479567957821,0.7066451803118775,0.6407031058118954,2.843312077296119
evaluation-017,1,prior,8,g,0.4538281346507139,0.4163029863433353,0.2238170217957954,0.04486713890661165,0.7633530468982872
evaluation-017,2,prior,8,r,2.5713893742457516,5.012523111294565,1.7249984645974694,2.290824945828468,7.710608981729376
evaluation-017,2,prior,8,b,2.2514786455881506,1.7716479567957821,0.7066451803118775,0.6407031058118954,2.843312077296119
evaluation-017,2,prior,8,g,0.4538281346507139,0.4163029863433353,0.2238170217957954,0.04486713890661165,0.7633530468982872
evaluation-017,0,pooled,8,r,2.5713893742457516,2.5521918322254895,0.054527579258559174,2.467105094936181,2.6479161144044974
evaluation-017,0,pooled,8,b,2.2514786455881506,2.2234906893849944,0.2349503948620433,1.811124148383528,2.573867828543255
evaluation-017,0,pooled,8,g,0.4538281346507139,0.4568878600216895,0.20942592837292306,0.10153696951867403,0.7585838345838102
evaluation-017,1,pooled,8,r,2.5713893742457516,2.5521918322254895,0.054527579258559174,2.467105094936181,2.6479161144044974
evaluation-017,1,pooled,8,b,2.2514786455881506,2.2234906893849944,0.2349503948620433,1.811124148383528,2.573867828543255
evaluation-017,1,pooled,8,g,0.4538281346507139,0.4568878600216895,0.20942592837292306,0.10153696951867403,0.7585838345838102
evaluation-017,2,pooled,8,r,2.5713893742457516,2.5521918322254895,0.054527579258559174,2.467105094936181,2.6479161144044974
evaluation-017,2,pooled,8,b,2.2514786455881506,2.2234906893849944,0.2349503948620433,1.811124148383528,2.573867828543255
evaluation-017,2,pooled,8,g,0.4538281346507139,0.4568878600216895,0.20942592837292306,0.10153696951867403,0.7585838345838102
evaluation-017,0,private,8,r,2.5713893742457516,2.5452140041872195,0.15281175787057408,2.3246154185119257,2.809985341619843
evaluation-017,0,private,8,b,2.2514786455881506,2.0821885856323585,0.5240515423576052,1.1789576061510216,2.8687262202479755
evaluation-017,0,private,8,g,0.4538281346507139,0.41911251456081533,0.22859280007772267,0.04756733209133576,0.7657009315474326
evaluation-017,1,private,8,r,2.5713893742457516,2.5464439321269787,0.06452216930630535,2.444291774548348,2.6541409246204246
evaluation-017,1,private,8,b,2.2514786455881506,1.741560574053787,0.7303338885780704,0.5937133032327147,2.9024243864647326
evaluation-017,1,private,8,g,0.4538281346507139,0.3795074899103604,0.23173313969397621,0.03653800348194275,0.7518871885411742
evaluation-017,2,private,8,r,2.5713893742457516,2.5744441814771912,0.06945756645009783,2.4701297175888404,2.6988215344997664
evaluation-017,2,private,8,b,2.2514786455881506,2.466068266202233,0.4604424157606694,1.5343448265132986,2.9670074395788926
evaluation-017,2,private,8,g,0.4538281346507139,0.4678998405001736,0.21823654769860726,0.07545215892199003,0.7747926947951742
evaluation-017,0,prior,16,r,2.5713893742457516,5.012523111294565,1.7249984645974694,2.290824945828468,7.710608981729376
evaluation-017,0,prior,16,b,2.2514786455881506,1.7716479567957821,0.7066451803118775,0.6407031058118954,2.843312077296119
evaluation-017,0,prior,16,g,0.4538281346507139,0.4163029863433353,0.2238170217957954,0.04486713890661165,0.7633530468982872
evaluation-017,1,prior,16,r,2.5713893742457516,5.012523111294565,1.7249984645974694,2.290824945828468,7.710608981729376
evaluation-017,1,prior,16,b,2.2514786455881506,1.7716479567957821,0.7066451803118775,0.6407031058118954,2.843312077296119
evaluation-017,1,prior,16,g,0.4538281346507139,0.4163029863433353,0.2238170217957954,0.04486713890661165,0.7633530468982872
evaluation-017,2,prior,16,r,2.5713893742457516,5.012523111294565,1.7249984645974694,2.290824945828468,7.710608981729376
evaluation-017,2,prior,16,b,2.2514786455881506,1.7716479567957821,0.7066451803118775,0.6407031058118954,2.843312077296119
evaluation-017,2,prior,16,g,0.4538281346507139,0.4163029863433353,0.2238170217957954,0.04486713890661165,0.7633530468982872
evaluation-017,0,pooled,16,r,2.5713893742457516,2.5400336105390005,0.04674207741023519,2.469279184538717,2.625603527724908
evaluation-017,0,pooled,16,b,2.2514786455881506,2.286862940249187,0.1095920102927301,2.104748415861481,2.4612857717311107
evaluation-017,0,pooled,16,g,0.4538281346507139,0.5375104327867284,0.18201373774481913,0.2066790367992539,0.7825257945469161
evaluation-017,1,pooled,16,r,2.5713893742457516,2.5400336105390005,0.04674207741023519,2.469279184538717,2.625603527724908
evaluation-017,1,pooled,16,b,2.2514786455881506,2.286862940249187,0.1095920102927301,2.104748415861481,2.4612857717311107
evaluation-017,1,pooled,16,g,0.4538281346507139,0.5375104327867284,0.18201373774481913,0.2066790367992539,0.7825257945469161
evaluation-017,2,pooled,16,r,2.5713893742457516,2.5400336105390005,0.04674207741023519,2.469279184538717,2.625603527724908
evaluation-017,2,pooled,16,b,2.2514786455881506,2.286862940249187,0.1095920102927301,2.104748415861481,2.4612857717311107
evaluation-017,2,pooled,16,g,0.4538281346507139,0.5375104327867284,0.18201373774481913,0.2066790367992539,0.7825257945469161
evaluation-017,0,private,16,r,2.5713893742457516,2.4969774577424126,0.12397184378756276,2.318646039282498,2.7240338718700396
evaluation-017,0,private,16,b,2.2514786455881506,2.3566639619277834,0.25849694099470616,1.8873944495384598,2.7326834141465333
evaluation-017,0,private,16,g,0.4538281346507139,0.4055010777814361,0.22866177642677704,0.0462705675909806,0.7620430817265179
evaluation-017,1,private,16,r,2.5713893742457516,2.543648148178558,0.06451348874299502,2.4473331861318166,2.65483354855085
evaluation-017,1,private,16,b,2.2514786455881506,1.7700266908491622,0.732316442639322,0.5992939034169569,2.921247513083985
evaluation-017,1,private,16,g,0.4538281346507139,0.4497054383838938,0.2224785896549076,0.05930130038457583,0.7610573793184638
evaluation-017,2,private,16,r,2.5713893742457516,2.56551270824078,0.06698163644252188,2.465556998977147,2.683533669559351
evaluation-017,2,private,16,b,2.2514786455881506,2.5189541544017824,0.39880132712295446,1.7076815675831987,2.968144482327614
evaluation-017,2,private,16,g,0.4538281346507139,0.4528617232940565,0.21199215449917821,0.07517072760632722,0.7669917456409251
evaluation-017,0,prior,32,r,2.5713893742457516,5.012523111294565,1.7249984645974694,2.290824945828468,7.710608981729376
evaluation-017,0,prior,32,b,2.2514786455881506,1.7716479567957821,0.7066451803118775,0.6407031058118954,2.843312077296119
evaluation-017,0,prior,32,g,0.4538281346507139,0.4163029863433353,0.2238170217957954,0.04486713890661165,0.7633530468982872
evaluation-017,1,prior,32,r,2.5713893742457516,5.012523111294565,1.7249984645974694,2.290824945828468,7.710608981729376
evaluation-017,1,prior,32,b,2.2514786455881506,1.7716479567957821,0.7066451803118775,0.6407031058118954,2.843312077296119
evaluation-017,1,prior,32,g,0.4538281346507139,0.4163029863433353,0.2238170217957954,0.04486713890661165,0.7633530468982872
evaluation-017,2,prior,32,r,2.5713893742457516,5.012523111294565,1.7249984645974694,2.290824945828468,7.710608981729376
evaluation-017,2,prior,32,b,2.2514786455881506,1.7716479567957821,0.7066451803118775,0.6407031058118954,2.843312077296119
evaluation-017,2,prior,32,g,0.4538281346507139,0.4163029863433353,0.2238170217957954,0.04486713890661165,0.7633530468982872
evaluation-017,0,pooled,32,r,2.5713893742457516,2.5605177262437335,0.03732840709027844,2.5025154795149533,2.6229896687505843
evaluation-017,0,pooled,32,b,2.2514786455881506,2.282190374474213,0.05498063873024106,2.1901439235250413,2.3696723006549236
evaluation-017,0,pooled,32,g,0.4538281346507139,0.46805304116235047,0.10090860091143318,0.29818953170986323,0.6330410347217317
evaluation-017,1,pooled,32,r,2.5713893742457516,2.5605177262437335,0.03732840709027844,2.5025154795149533,2.6229896687505843
evaluation-017,1,pooled,32,b,2.2514786455881506,2.282190374474213,0.05498063873024106,2.1901439235250413,2.3696723006549236
evaluation-017,1,pooled,32,g,0.4538281346507139,0.46805304116235047,0.10090860091143318,0.29818953170986323,0.6330410347217317
evaluation-017,2,pooled,32,r,2.5713893742457516,2.5605177262437335,0.03732840709027844,2.5025154795149533,2.6229896687505843
evaluation-017,2,pooled,32,b,2.2514786455881506,2.282190374474213,0.05498063873024106,2.1901439235250413,2.3696723006549236
evaluation-017,2,pooled,32,g,0.4538281346507139,0.46805304116235047,0.10090860091143318,0.29818953170986323,0.6330410347217317
evaluation-017,0,private,32,r,2.5713893742457516,2.5048826746116886,0.10566899522963681,2.349169000234962,2.6903315252213216
evaluation-017,0,private,32,b,2.2514786455881506,2.3701937745272814,0.18222532495388466,2.0382679347640673,2.6478565845313478
evaluation-017,0,private,32,g,0.4538281346507139,0.4716633893104695,0.192129641236431,0.12367155623788839,0.7562726009367233
evaluation-017,1,private,32,r,2.5713893742457516,2.5292282612408727,0.05693491028229858,2.445283352908399,2.6334369018816224
evaluation-017,1,private,32,b,2.2514786455881506,1.6297361941690844,0.7253343754786442,0.5620198828018181,2.850001519396935
evaluation-017,1,private,32,g,0.4538281346507139,0.510950485585964,0.1512644871576913,0.24328836136799306,0.7448521507874808
evaluation-017,2,private,32,r,2.5713893742457516,2.604296479003594,0.05168117562553792,2.5233956387253125,2.6935916274263576
evaluation-017,2,private,32,b,2.2514786455881506,2.1408738081653227,0.14434009060392938,1.9119753154297277,2.381298573586742
evaluation-017,2,private,32,g,0.4538281346507139,0.5057522350859238,0.19983661989482124,0.12278086410999423,0.7775524201972551
evaluation-017,0,prior,64,r,2.5713893742457516,5.012523111294565,1.7249984645974694,2.290824945828468,7.710608981729376
evaluation-017,0,prior,64,b,2.2514786455881506,1.7716479567957821,0.7066451803118775,0.6407031058118954,2.843312077296119
evaluation-017,0,prior,64,g,0.4538281346507139,0.4163029863433353,0.2238170217957954,0.04486713890661165,0.7633530468982872
evaluation-017,1,prior,64,r,2.5713893742457516,5.012523111294565,1.7249984645974694,2.290824945828468,7.710608981729376
evaluation-017,1,prior,64,b,2.2514786455881506,1.7716479567957821,0.7066451803118775,0.6407031058118954,2.843312077296119
evaluation-017,1,prior,64,g,0.4538281346507139,0.4163029863433353,0.2238170217957954,0.04486713890661165,0.7633530468982872
evaluation-017,2,prior,64,r,2.5713893742457516,5.012523111294565,1.7249984645974694,2.290824945828468,7.710608981729376
evaluation-017,2,prior,64,b,2.2514786455881506,1.7716479567957821,0.7066451803118775,0.6407031058118954,2.843312077296119
evaluation-017,2,prior,64,g,0.4538281346507139,0.4163029863433353,0.2238170217957954,0.04486713890661165,0.7633530468982872
evaluation-017,0,pooled,64,r,2.5713893742457516,2.5873098450813337,0.024359410293497606,2.5457665024627008,2.6229568286538973
evaluation-017,0,pooled,64,b,2.2514786455881506,2.2061258867184788,0.027437922382996766,2.1642592599556227,2.250177176698548
evaluation-017,0,pooled,64,g,0.4538281346507139,0.4674850655087389,0.04570136784807979,0.39470448221113924,0.5412044721810942
evaluation-017,1,pooled,64,r,2.5713893742457516,2.5873098450813337,0.024359410293497606,2.5457665024627008,2.6229568286538973
evaluation-017,1,pooled,64,b,2.2514786455881506,2.2061258867184788,0.027437922382996766,2.1642592599556227,2.250177176698548
evaluation-017,1,pooled,64,g,0.4538281346507139,0.4674850655087389,0.04570136784807979,0.39470448221113924,0.5412044721810942
evaluation-017,2,pooled,64,r,2.5713893742457516,2.5873098450813337,0.024359410293497606,2.5457665024627008,2.6229568286538973
evaluation-017,2,pooled,64,b,2.2514786455881506,2.2061258867184788,0.027437922382996766,2.1642592599556227,2.250177176698548
evaluation-017,2,pooled,64,g,0.4538281346507139,0.4674850655087389,0.04570136784807979,0.39470448221113924,0.5412044721810942
evaluation-017,0,private,64,r,2.5713893742457516,2.502327950071963,0.09074543904824894,2.371625593635391,2.6650782254340464
evaluation-017,0,private,64,b,2.2514786455881506,2.379229553781002,0.13817088496167945,2.1281238101509814,2.5909527540579376
evaluation-017,0,private,64,g,0.4538281346507139,0.47808438623054267,0.08039514665349483,0.33401931843566274,0.594997333846854
evaluation-017,1,private,64,r,2.5713893742457516,2.4933390768490042,0.04831874834066495,2.4250310050475994,2.5802660075589072
evaluation-017,1,private,64,b,2.2514786455881506,2.212343023637624,0.0848364393718042,2.0796169252697694,2.356481253979955
evaluation-017,1,private,64,g,0.4538281346507139,0.6347791564674885,0.10405293078757355,0.4531673625163606,0.7827561782550536
evaluation-017,2,private,64,r,2.5713893742457516,2.6428370381857014,0.04932873829413737,2.5565424604000904,2.723859197513056
evaluation-017,2,private,64,b,2.2514786455881506,2.1648253429911892,0.04285675484086618,2.0909786949153975,2.2313265595000678
evaluation-017,2,private,64,g,0.4538281346507139,0.3922398658000109,0.16654958807752496,0.10048475194504096,0.6694913253192964
evaluation-017,0,prior,128,r,2.5713893742457516,5.012523111294565,1.7249984645974694,2.290824945828468,7.710608981729376
evaluation-017,0,prior,128,b,2.2514786455881506,1.7716479567957821,0.7066451803118775,0.6407031058118954,2.843312077296119
evaluation-017,0,prior,128,g,0.4538281346507139,0.4163029863433353,0.2238170217957954,0.04486713890661165,0.7633530468982872
evaluation-017,1,prior,128,r,2.5713893742457516,5.012523111294565,1.7249984645974694,2.290824945828468,7.710608981729376
evaluation-017,1,prior,128,b,2.2514786455881506,1.7716479567957821,0.7066451803118775,0.6407031058118954,2.843312077296119
evaluation-017,1,prior,128,g,0.4538281346507139,0.4163029863433353,0.2238170217957954,0.04486713890661165,0.7633530468982872
evaluation-017,2,prior,128,r,2.5713893742457516,5.012523111294565,1.7249984645974694,2.290824945828468,7.710608981729376
evaluation-017,2,prior,128,b,2.2514786455881506,1.7716479567957821,0.7066451803118775,0.6407031058118954,2.843312077296119
evaluation-017,2,prior,128,g,0.4538281346507139,0.4163029863433353,0.2238170217957954,0.04486713890661165,0.7633530468982872
evaluation-017,0,pooled,128,r,2.5713893742457516,2.582912730351912,0.02136832053709724,2.5478766005701607,2.6153337288312586
evaluation-017,0,pooled,128,b,2.2514786455881506,2.2465460901036294,0.019683553590811535,2.213602150739025,2.279260068096146
evaluation-017,0,pooled,128,g,0.4538281346507139,0.44399473247804533,0.029301674912392526,0.3974802494021353,0.49237552516576394
evaluation-017,1,pooled,128,r,2.5713893742457516,2.582912730351912,0.02136832053709724,2.5478766005701607,2.6153337288312586
evaluation-017,1,pooled,128,b,2.2514786455881506,2.2465460901036294,0.019683553590811535,2.213602150739025,2.279260068096146
evaluation-017,1,pooled,128,g,0.4538281346507139,0.44399473247804533,0.029301674912392526,0.3974802494021353,0.49237552516576394
evaluation-017,2,pooled,128,r,2.5713893742457516,2.582912730351912,0.02136832053709724,2.5478766005701607,2.6153337288312586
evaluation-017,2,pooled,128,b,2.2514786455881506,2.2465460901036294,0.019683553590811535,2.213602150739025,2.279260068096146
evaluation-017,2,pooled,128,g,0.4538281346507139,0.44399473247804533,0.029301674912392526,0.3974802494021353,0.49237552516576394
evaluation-017,0,private,128,r,2.5713893742457516,2.5789542930267877,0.04166570953748717,2.5163100572454153,2.6528763370208037
evaluation-017,0,private,128,b,2.2514786455881506,2.2768925178579726,0.04192398354723356,2.203424982475028,2.341107459390309
evaluation-017,0,private,128,g,0.4538281346507139,0.3963558379317367,0.05322517609641803,0.3043983110763629,0.4854084411699451
evaluation-017,1,private,128,r,2.5713893742457516,2.5492924994882373,0.036730304411001356,2.492707014889376,2.6101430647255377
evaluation-017,1,private,128,b,2.2514786455881506,2.237895980964943,0.04738859194760652,2.1543672853803035,2.3175897604177886
evaluation-017,1,private,128,g,0.4538281346507139,0.4986447287823644,0.05873294876410865,0.4014924179342438,0.5946817584752753
evaluation-017,2,private,128,r,2.5713893742457516,2.60486783683285,0.03283853031720837,2.5516714816748696,2.659943512487533
evaluation-017,2,private,128,b,2.2514786455881506,2.215281655069049,0.02986336940023528,2.165835272634077,2.26209620188037
evaluation-017,2,private,128,g,0.4538281346507139,0.4623558128020097,0.055272004659163466,0.37358870308383274,0.5482754810854256
evaluation-018,0,prior,0,r,3.3769584815922578,4.960062836195057,1.7411017406804374,2.2905662813349275,7.692321441980866
evaluation-018,0,prior,0,b,2.6106975809827704,1.7523277102772408,0.7250619826264879,0.6122670307617515,2.904495251662552
evaluation-018,0,prior,0,g,0.3970014573215532,0.4058894833583613,0.2317967987574659,0.03450219654769488,0.7572011303278477
evaluation-018,1,prior,0,r,3.3769584815922578,4.960062836195057,1.7411017406804374,2.2905662813349275,7.692321441980866
evaluation-018,1,prior,0,b,2.6106975809827704,1.7523277102772408,0.7250619826264879,0.6122670307617515,2.904495251662552
evaluation-018,1,prior,0,g,0.3970014573215532,0.4058894833583613,0.2317967987574659,0.03450219654769488,0.7572011303278477
evaluation-018,2,prior,0,r,3.3769584815922578,4.960062836195057,1.7411017406804374,2.2905662813349275,7.692321441980866
evaluation-018,2,prior,0,b,2.6106975809827704,1.7523277102772408,0.7250619826264879,0.6122670307617515,2.904495251662552
evaluation-018,2,prior,0,g,0.3970014573215532,0.4058894833583613,0.2317967987574659,0.03450219654769488,0.7572011303278477
evaluation-018,0,pooled,0,r,3.3769584815922578,4.960062836195057,1.7411017406804374,2.2905662813349275,7.692321441980866
evaluation-018,0,pooled,0,b,2.6106975809827704,1.7523277102772408,0.7250619826264879,0.6122670307617515,2.904495251662552
evaluation-018,0,pooled,0,g,0.3970014573215532,0.4058894833583613,0.2317967987574659,0.03450219654769488,0.7572011303278477
evaluation-018,1,pooled,0,r,3.3769584815922578,4.960062836195057,1.7411017406804374,2.2905662813349275,7.692321441980866
evaluation-018,1,pooled,0,b,2.6106975809827704,1.7523277102772408,0.7250619826264879,0.6122670307617515,2.904495251662552
evaluation-018,1,pooled,0,g,0.3970014573215532,0.4058894833583613,0.2317967987574659,0.03450219654769488,0.7572011303278477
evaluation-018,2,pooled,0,r,3.3769584815922578,4.960062836195057,1.7411017406804374,2.2905662813349275,7.692321441980866
evaluation-018,2,pooled,0,b,2.6106975809827704,1.7523277102772408,0.7250619826264879,0.6122670307617515,2.904495251662552
evaluation-018,2,pooled,0,g,0.3970014573215532,0.4058894833583613,0.2317967987574659,0.03450219654769488,0.7572011303278477
evaluation-018,0,private,0,r,3.3769584815922578,4.960062836195057,1.7411017406804374,2.2905662813349275,7.692321441980866
evaluation-018,0,private,0,b,2.6106975809827704,1.7523277102772408,0.7250619826264879,0.6122670307617515,2.904495251662552
evaluation-018,0,private,0,g,0.3970014573215532,0.4058894833583613,0.2317967987574659,0.03450219654769488,0.7572011303278477
evaluation-018,1,private,0,r,3.3769584815922578,4.960062836195057,1.7411017406804374,2.2905662813349275,7.692321441980866
evaluation-018,1,private,0,b,2.6106975809827704,1.7523277102772408,0.7250619826264879,0.6122670307617515,2.904495251662552
evaluation-018,1,private,0,g,0.3970014573215532,0.4058894833583613,0.2317967987574659,0.03450219654769488,0.7572011303278477
evaluation-018,2,private,0,r,3.3769584815922578,4.960062836195057,1.7411017406804374,2.2905662813349275,7.692321441980866
evaluation-018,2,private,0,b,2.6106975809827704,1.7523277102772408,0.7250619826264879,0.6122670307617515,2.904495251662552
evaluation-018,2,private,0,g,0.3970014573215532,0.4058894833583613,0.2317967987574659,0.03450219654769488,0.7572011303278477
evaluation-018,0,prior,4,r,3.3769584815922578,4.960062836195057,1.7411017406804374,2.2905662813349275,7.692321441980866
evaluation-018,0,prior,4,b,2.6106975809827704,1.7523277102772408,0.7250619826264879,0.6122670307617515,2.904495251662552
evaluation-018,0,prior,4,g,0.3970014573215532,0.4058894833583613,0.2317967987574659,0.03450219654769488,0.7572011303278477
evaluation-018,1,prior,4,r,3.3769584815922578,4.960062836195057,1.7411017406804374,2.2905662813349275,7.692321441980866
evaluation-018,1,prior,4,b,2.6106975809827704,1.7523277102772408,0.7250619826264879,0.6122670307617515,2.904495251662552
evaluation-018,1,prior,4,g,0.3970014573215532,0.4058894833583613,0.2317967987574659,0.03450219654769488,0.7572011303278477
evaluation-018,2,prior,4,r,3.3769584815922578,4.960062836195057,1.7411017406804374,2.2905662813349275,7.692321441980866
evaluation-018,2,prior,4,b,2.6106975809827704,1.7523277102772408,0.7250619826264879,0.6122670307617515,2.904495251662552
evaluation-018,2,prior,4,g,0.3970014573215532,0.4058894833583613,0.2317967987574659,0.03450219654769488,0.7572011303278477
evaluation-018,0,pooled,4,r,3.3769584815922578,3.4483258770725884,0.08120006913783928,3.319893858577,3.5807963067856043
evaluation-018,0,pooled,4,b,2.6106975809827704,1.9610398745660167,0.6796319056172818,0.7071066653627069,2.9028905663254423
evaluation-018,0,pooled,4,g,0.3970014573215532,0.39937385037281214,0.23183367999737634,0.03299257550578107,0.7448318726114027
evaluation-018,1,pooled,4,r,3.3769584815922578,3.4483258770725884,0.08120006913783928,3.319893858577,3.5807963067856043
evaluation-018,1,pooled,4,b,2.6106975809827704,1.9610398745660167,0.6796319056172818,0.7071066653627069,2.9028905663254423
evaluation-018,1,pooled,4,g,0.3970014573215532,0.39937385037281214,0.23183367999737634,0.03299257550578107,0.7448318726114027
evaluation-018,2,pooled,4,r,3.3769584815922578,3.4483258770725884,0.08120006913783928,3.319893858577,3.5807963067856043
evaluation-018,2,pooled,4,b,2.6106975809827704,1.9610398745660167,0.6796319056172818,0.7071066653627069,2.9028905663254423
evaluation-018,2,pooled,4,g,0.3970014573215532,0.39937385037281214,0.23183367999737634,0.03299257550578107,0.7448318726114027
evaluation-018,0,private,4,r,3.3769584815922578,3.446205847213316,0.11575464775594194,3.2772678727973026,3.644600235699123
evaluation-018,0,private,4,b,2.6106975809827704,1.8079951861206707,0.7096684833336597,0.6373100663524387,2.8923502185667886
evaluation-018,0,private,4,g,0.3970014573215532,0.37698787178182247,0.23111196793225275,0.03400686196317578,0.7457917535702301
evaluation-018,1,private,4,r,3.3769584815922578,3.465334356957228,0.09051133481969181,3.3097995834182026,3.6104328423972127
evaluation-018,1,private,4,b,2.6106975809827704,1.883509984046439,0.7119615443834648,0.6785339542923585,2.8815655714092947
evaluation-018,1,private,4,g,0.3970014573215532,0.39906181647783046,0.22835668354000477,0.04983862326525898,0.7594670780193705
evaluation-018,2,private,4,r,3.3769584815922578,3.6502088554527123,0.28784551348668297,3.2771996708027835,4.217884420494991
evaluation-018,2,private,4,b,2.6106975809827704,1.7916920258676976,0.6705695858420476,0.6977963807227157,2.8890155829484656
evaluation-018,2,private,4,g,0.3970014573215532,0.39541055579401113,0.2256315893576119,0.04777320355767048,0.74606622730168
evaluation-018,0,prior,8,r,3.3769584815922578,4.960062836195057,1.7411017406804374,2.2905662813349275,7.692321441980866
evaluation-018,0,prior,8,b,2.6106975809827704,1.7523277102772408,0.7250619826264879,0.6122670307617515,2.904495251662552
evaluation-018,0,prior,8,g,0.3970014573215532,0.4058894833583613,0.2317967987574659,0.03450219654769488,0.7572011303278477
evaluation-018,1,prior,8,r,3.3769584815922578,4.960062836195057,1.7411017406804374,2.2905662813349275,7.692321441980866
evaluation-018,1,prior,8,b,2.6106975809827704,1.7523277102772408,0.7250619826264879,0.6122670307617515,2.904495251662552
evaluation-018,1,prior,8,g,0.3970014573215532,0.4058894833583613,0.2317967987574659,0.03450219654769488,0.7572011303278477
evaluation-018,2,prior,8,r,3.3769584815922578,4.960062836195057,1.7411017406804374,2.2905662813349275,7.692321441980866
evaluation-018,2,prior,8,b,2.6106975809827704,1.7523277102772408,0.7250619826264879,0.6122670307617515,2.904495251662552
evaluation-018,2,prior,8,g,0.3970014573215532,0.4058894833583613,0.2317967987574659,0.03450219654769488,0.7572011303278477
evaluation-018,0,pooled,8,r,3.3769584815922578,3.425297907676261,0.07303425182817126,3.315952126143841,3.5460288786026566
evaluation-018,0,pooled,8,b,2.6106975809827704,2.0715141329069575,0.48749521947274865,1.2411064370535727,2.786501168242617
evaluation-018,0,pooled,8,g,0.3970014573215532,0.44979953684832225,0.22311130053447223,0.05531491106463555,0.7683198529992652
evaluation-018,1,pooled,8,r,3.3769584815922578,3.425297907676261,0.07303425182817126,3.315952126143841,3.5460288786026566
evaluation-018,1,pooled,8,b,2.6106975809827704,2.0715141329069575,0.48749521947274865,1.2411064370535727,2.786501168242617
evaluation-018,1,pooled,8,g,0.3970014573215532,0.44979953684832225,0.22311130053447223,0.05531491106463555,0.7683198529992652
evaluation-018,2,pooled,8,r,3.3769584815922578,3.425297907676261,0.07303425182817126,3.315952126143841,3.5460288786026566
evaluation-018,2,pooled,8,b,2.6106975809827704,2.0715141329069575,0.48749521947274865,1.2411064370535727,2.786501168242617
evaluation-018,2,pooled,8,g,0.3970014573215532,0.44979953684832225,0.22311130053447223,0.05531491106463555,0.7683198529992652
evaluation-018,0,private,8,r,3.3769584815922578,3.446480578398096,0.09202321722018901,3.3091907401669896,3.6088409303128914
evaluation-018,0,private,8,b,2.6106975809827704,1.78080069292019,0.7013543541955091,0.6354919902804893,2.8653818454361435
evaluation-018,0,private,8,g,0.3970014573215532,0.40992725688422116,0.22563110474463988,0.037794442439494084,0.7481581985893381
evaluation-018,1,private,8,r,3.3769584815922578,3.454318295019179,0.09047515745636371,3.303218748504834,3.6030772548138255
evaluation-018,1,private,8,b,2.6106975809827704,1.918428677563296,0.7029201616482221,0.7128712481916721,2.8923013510689386
evaluation-018,1,private,8,g,0.3970014573215532,0.4027313036604454,0.22807957803012094,0.05066773021079134,0.761123701137264
evaluation-018,2,private,8,r,3.3769584815922578,3.5338750825288994,0.23822718759002026,3.2443585784465796,3.9998095813566046
evaluation-018,2,private,8,b,2.6106975809827704,1.824833967885308,0.614111673486171,0.7282984701378998,2.788760747700441
evaluation-018,2,private,8,g,0.3970014573215532,0.40229115643913665,0.23108368746578492,0.048409516476184244,0.7614182137802084
evaluation-018,0,prior,16,r,3.3769584815922578,4.960062836195057,1.7411017406804374,2.2905662813349275,7.692321441980866
evaluation-018,0,prior,16,b,2.6106975809827704,1.7523277102772408,0.7250619826264879,0.6122670307617515,2.904495251662552
evaluation-018,0,prior,16,g,0.3970014573215532,0.4058894833583613,0.2317967987574659,0.03450219654769488,0.7572011303278477
evaluation-018,1,prior,16,r,3.3769584815922578,4.960062836195057,1.7411017406804374,2.2905662813349275,7.692321441980866
evaluation-018,1,prior,16,b,2.6106975809827704,1.7523277102772408,0.7250619826264879,0.6122670307617515,2.904495251662552
evaluation-018,1,prior,16,g,0.3970014573215532,0.4058894833583613,0.2317967987574659,0.03450219654769488,0.7572011303278477
evaluation-018,2,prior,16,r,3.3769584815922578,4.960062836195057,1.7411017406804374,2.2905662813349275,7.692321441980866
evaluation-018,2,prior,16,b,2.6106975809827704,1.7523277102772408,0.7250619826264879,0.6122670307617515,2.904495251662552
evaluation-018,2,prior,16,g,0.3970014573215532,0.4058894833583613,0.2317967987574659,0.03450219654769488,0.7572011303278477
evaluation-018,0,pooled,16,r,3.3769584815922578,3.3706461166864408,0.06402608333253182,3.280593852985261,3.488371576687097
evaluation-018,0,pooled,16,b,2.6106975809827704,2.6073613032611087,0.149129385876901,2.356387504238019,2.8612081225363344
evaluation-018,0,pooled,16,g,0.3970014573215532,0.5594458029237706,0.17403540734849018,0.20533904259182112,0.7748646252113935
evaluation-018,1,pooled,16,r,3.3769584815922578,3.3706461166864408,0.06402608333253182,3.280593852985261,3.488371576687097
evaluation-018,1,pooled,16,b,2.6106975809827704,2.6073613032611087,0.149129385876901,2.356387504238019,2.8612081225363344
evaluation-018,1,pooled,16,g,0.3970014573215532,0.5594458029237706,0.17403540734849018,0.20533904259182112,0.7748646252113935
evaluation-018,2,pooled,16,r,3.3769584815922578,3.3706461166864408,0.06402608333253182,3.280593852985261,3.488371576687097
evaluation-018,2,pooled,16,b,2.6106975809827704,2.6073613032611087,0.149129385876901,2.356387504238019,2.8612081225363344
evaluation-018,2,pooled,16,g,0.3970014573215532,0.5594458029237706,0.17403540734849018,0.20533904259182112,0.7748646252113935
evaluation-018,0,private,16,r,3.3769584815922578,3.435880666281758,0.08917707986482318,3.304212602956181,3.5976742304184093
evaluation-018,0,private,16,b,2.6106975809827704,1.7614404197038311,0.7054847506255272,0.6270161563154951,2.8595442200699996
evaluation-018,0,private,16,g,0.3970014573215532,0.4607691691008448,0.21373730527353713,0.06664871192731328,0.7579146642429138
evaluation-018,1,private,16,r,3.3769584815922578,3.434181126235132,0.09130050190146011,3.289993671960259,3.5891430781349802
evaluation-018,1,private,16,b,2.6106975809827704,2.0313454037356538,0.6583614216972123,0.8476152230668251,2.900938160403563
evaluation-018,1,private,16,g,0.3970014573215532,0.41212956872623563,0.22761460757550175,0.0523770938632504,0.7611831481847592
evaluation-018,2,private,16,r,3.3769584815922578,3.404567293771114,0.14537602871315886,3.2357429695199786,3.691812695584417
evaluation-018,2,private,16,b,2.6106975809827704,2.572199960588788,0.29671431089557265,2.002014851398772,2.9487425160115186
evaluation-018,2,private,16,g,0.3970014573215532,0.39494333474109505,0.2251948478968926,0.04777320355767048,0.7640670355579757
evaluation-018,0,prior,32,r,3.3769584815922578,4.960062836195057,1.7411017406804374,2.2905662813349275,7.692321441980866
evaluation-018,0,prior,32,b,2.6106975809827704,1.7523277102772408,0.7250619826264879,0.6122670307617515,2.904495251662552
evaluation-018,0,prior,32,g,0.3970014573215532,0.4058894833583613,0.2317967987574659,0.03450219654769488,0.7572011303278477
evaluation-018,1,prior,32,r,3.3769584815922578,4.960062836195057,1.7411017406804374,2.2905662813349275,7.692321441980866
evaluation-018,1,prior,32,b,2.6106975809827704,1.7523277102772408,0.7250619826264879,0.6122670307617515,2.904495251662552
evaluation-018,1,prior,32,g,0.3970014573215532,0.4058894833583613,0.2317967987574659,0.03450219654769488,0.7572011303278477
evaluation-018,2,prior,32,r,3.3769584815922578,4.960062836195057,1.7411017406804374,2.2905662813349275,7.692321441980866
evaluation-018,2,prior,32,b,2.6106975809827704,1.7523277102772408,0.7250619826264879,0.6122670307617515,2.904495251662552
evaluation-018,2,prior,32,g,0.3970014573215532,0.4058894833583613,0.2317967987574659,0.03450219654769488,0.7572011303278477
evaluation-018,0,pooled,32,r,3.3769584815922578,3.346446067526488,0.04934144238562839,3.278732654452749,3.4335186648397094
evaluation-018,0,pooled,32,b,2.6106975809827704,2.6422554801750437,0.09378160666146487,2.482552385121435,2.7841262473687953
evaluation-018,0,pooled,32,g,0.3970014573215532,0.44688130075573723,0.10584859412787002,0.24844304968388936,0.6001283960811397
evaluation-018,1,pooled,32,r,3.3769584815922578,3.346446067526488,0.04934144238562839,3.278732654452749,3.4335186648397094
evaluation-018,1,pooled,32,b,2.6106975809827704,2.6422554801750437,0.09378160666146487,2.482552385121435,2.7841262473687953
evaluation-018,1,pooled,32,g,0.3970014573215532,0.44688130075573723,0.10584859412787002,0.24844304968388936,0.6001283960811397
evaluation-018,2,pooled,32,r,3.3769584815922578,3.346446067526488,0.04934144238562839,3.278732654452749,3.4335186648397094
evaluation-018,2,pooled,32,b,2.6106975809827704,2.6422554801750437,0.09378160666146487,2.482552385121435,2.7841262473687953
evaluation-018,2,pooled,32,g,0.3970014573215532,0.44688130075573723,0.10584859412787002,0.24844304968388936,0.6001283960811397
evaluation-018,0,private,32,r,3.3769584815922578,3.417446673009258,0.08507156267865167,3.287750334957267,3.5757956472202124
evaluation-018,0,private,32,b,2.6106975809827704,1.868122262908517,0.6660129038171595,0.7518685888548549,2.8482250777210245
evaluation-018,0,private,32,g,0.3970014573215532,0.3242689848716166,0.1516883562294725,0.06669808312171918,0.5599576698662938
evaluation-018,1,private,32,r,3.3769584815922578,3.376060997800618,0.07991390587427452,3.251200593369734,3.5173287862881693
evaluation-018,1,private,32,b,2.6106975809827704,2.5266410310630674,0.29072476596955865,1.9932904160280152,2.9378288828400554
evaluation-018,1,private,32,g,0.3970014573215532,0.47828650023488806,0.20764143777742652,0.10888334251744992,0.7657036032375616
evaluation-018,2,private,32,r,3.3769584815922578,3.3455913655493874,0.1000812520410617,3.217265459010676,3.5390714743460747
evaluation-018,2,private,32,b,2.6106975809827704,2.6411909917879646,0.18716433600822582,2.29305658820758,2.914649133869893
evaluation-018,2,private,32,g,0.3970014573215532,0.38652439571765296,0.2267520013748341,0.03509696880152207,0.7617033628243711
evaluation-018,0,prior,64,r,3.3769584815922578,4.960062836195057,1.7411017406804374,2.2905662813349275,7.692321441980866
evaluation-018,0,prior,64,b,2.6106975809827704,1.7523277102772408,0.7250619826264879,0.6122670307617515,2.904495251662552
evaluation-018,0,prior,64,g,0.3970014573215532,0.4058894833583613,0.2317967987574659,0.03450219654769488,0.7572011303278477
evaluation-018,1,prior,64,r,3.3769584815922578,4.960062836195057,1.7411017406804374,2.2905662813349275,7.692321441980866
evaluation-018,1,prior,64,b,2.6106975809827704,1.7523277102772408,0.7250619826264879,0.6122670307617515,2.904495251662552
evaluation-018,1,prior,64,g,0.3970014573215532,0.4058894833583613,0.2317967987574659,0.03450219654769488,0.7572011303278477
evaluation-018,2,prior,64,r,3.3769584815922578,4.960062836195057,1.7411017406804374,2.2905662813349275,7.692321441980866
evaluation-018,2,prior,64,b,2.6106975809827704,1.7523277102772408,0.7250619826264879,0.6122670307617515,2.904495251662552
evaluation-018,2,prior,64,g,0.3970014573215532,0.4058894833583613,0.2317967987574659,0.03450219654769488,0.7572011303278477
evaluation-018,0,pooled,64,r,3.3769584815922578,3.3651472949457446,0.03819080123865926,3.3109194317417936,3.4318892624451443
evaluation-018,0,pooled,64,b,2.6106975809827704,2.5885439194637763,0.04241304488751891,2.5146382854310096,2.65177130483833
evaluation-018,0,pooled,64,g,0.3970014573215532,0.41891789398264867,0.05015939114018259,0.32856239545384264,0.4936275390887422
evaluation-018,1,pooled,64,r,3.3769584815922578,3.3651472949457446,0.03819080123865926,3.3109194317417936,3.4318892624451443
evaluation-018,1,pooled,64,b,2.6106975809827704,2.5885439194637763,0.04241304488751891,2.5146382854310096,2.65177130483833
evaluation-018,1,pooled,64,g,0.3970014573215532,0.41891789398264867,0.05015939114018259,0.32856239545384264,0.4936275390887422
evaluation-018,2,pooled,64,r,3.3769584815922578,3.3651472949457446,0.03819080123865926,3.3109194317417936,3.4318892624451443
evaluation-018,2,pooled,64,b,2.6106975809827704,2.5885439194637763,0.04241304488751891,2.5146382854310096,2.65177130483833
evaluation-018,2,pooled,64,g,0.3970014573215532,0.41891789398264867,0.05015939114018259,0.32856239545384264,0.4936275390887422
evaluation-018,0,private,64,r,3.3769584815922578,3.422209951490707,0.0790627749616549,3.301930128029209,3.5735473002823466
evaluation-018,0,private,64,b,2.6106975809827704,2.6571150834730703,0.08643431184329281,2.5159418651183816,2.798201162082205
evaluation-018,0,private,64,g,0.3970014573215532,0.30621089476284047,0.11865385180706578,0.09229472828944957,0.4926697137490176
evaluation-018,1,private,64,r,3.3769584815922578,3.3615520961382006,0.07506997138104196,3.252729711262245,3.49326402603859
evaluation-018,1,private,64,b,2.6106975809827704,2.546901294000397,0.07438907921821952,2.4290426479929588,2.6735192250688007
evaluation-018,1,private,64,g,0.3970014573215532,0.4896898379608738,0.17843120437830734,0.17173550196476509,0.7493792555695563
evaluation-018,2,private,64,r,3.3769584815922578,3.432507229405473,0.10544082323437576,3.277489090565892,3.6260775058705863
evaluation-018,2,private,64,b,2.6106975809827704,2.510285074344569,0.1639611318895595,2.2137095015206034,2.7528362227521654
evaluation-018,2,private,64,g,0.3970014573215532,0.38805235373724994,0.06744717990497717,0.2675503199418684,0.4984288269822164
evaluation-018,0,prior,128,r,3.3769584815922578,4.960062836195057,1.7411017406804374,2.2905662813349275,7.692321441980866
evaluation-018,0,prior,128,b,2.6106975809827704,1.7523277102772408,0.7250619826264879,0.6122670307617515,2.904495251662552
evaluation-018,0,prior,128,g,0.3970014573215532,0.4058894833583613,0.2317967987574659,0.03450219654769488,0.7572011303278477
evaluation-018,1,prior,128,r,3.3769584815922578,4.960062836195057,1.7411017406804374,2.2905662813349275,7.692321441980866
evaluation-018,1,prior,128,b,2.6106975809827704,1.7523277102772408,0.7250619826264879,0.6122670307617515,2.904495251662552
evaluation-018,1,prior,128,g,0.3970014573215532,0.4058894833583613,0.2317967987574659,0.03450219654769488,0.7572011303278477
evaluation-018,2,prior,128,r,3.3769584815922578,4.960062836195057,1.7411017406804374,2.2905662813349275,7.692321441980866
evaluation-018,2,prior,128,b,2.6106975809827704,1.7523277102772408,0.7250619826264879,0.6122670307617515,2.904495251662552
evaluation-018,2,prior,128,g,0.3970014573215532,0.4058894833583613,0.2317967987574659,0.03450219654769488,0.7572011303278477
evaluation-018,0,pooled,128,r,3.3769584815922578,3.3521919562304827,0.026297963543680247,3.31224936600913,3.397563553850778
evaluation-018,0,pooled,128,b,2.6106975809827704,2.6046362299530714,0.022108706182519203,2.5660583368487484,2.640224984261916
evaluation-018,0,pooled,128,g,0.3970014573215532,0.4243494676759835,0.029487391998136766,0.37338048004207336,0.4703761773018778
evaluation-018,1,pooled,128,r,3.3769584815922578,3.3521919562304827,0.026297963543680247,3.31224936600913,3.397563553850778
evaluation-018,1,pooled,128,b,2.6106975809827704,2.6046362299530714,0.022108706182519203,2.5660583368487484,2.640224984261916
evaluation-018,1,pooled,128,g,0.3970014573215532,0.4243494676759835,0.029487391998136766,0.37338048004207336,0.4703761773018778
evaluation-018,2,pooled,128,r,3.3769584815922578,3.3521919562304827,0.026297963543680247,3.31224936600913,3.397563553850778
evaluation-018,2,pooled,128,b,2.6106975809827704,2.6046362299530714,0.022108706182519203,2.5660583368487484,2.640224984261916
evaluation-018,2,pooled,128,g,0.3970014573215532,0.4243494676759835,0.029487391998136766,0.37338048004207336,0.4703761773018778
evaluation-018,0,private,128,r,3.3769584815922578,3.3770182439344545,0.051883196003975764,3.304770206261473,3.471085225265143
evaluation-018,0,private,128,b,2.6106975809827704,2.613507333966354,0.04029639046658764,2.543050990953281,2.679572524983842
evaluation-018,0,private,128,g,0.3970014573215532,0.3953329033491847,0.052604804928394124,0.307061659793792,0.4742588023071191
evaluation-018,1,private,128,r,3.3769584815922578,3.3580382205626735,0.05155523029092859,3.2822432270988915,3.4459005933817313
evaluation-018,1,private,128,b,2.6106975809827704,2.578160254459004,0.03976913654304573,2.513954726099384,2.6438038427375785
evaluation-018,1,private,128,g,0.3970014573215532,0.4302529251366187,0.052815413044417676,0.3428861797217357,0.5090280408629758
evaluation-018,2,private,128,r,3.3769584815922578,3.3552740297484953,0.05171308201043345,3.274642405621264,3.445025417552011
evaluation-018,2,private,128,b,2.6106975809827704,2.618251514375651,0.03912473451325987,2.550254972242844,2.6820852062295324
evaluation-018,2,private,128,g,0.3970014573215532,0.41503233247394344,0.05255158757043414,0.3255403253477541,0.4970202794910238
evaluation-019,0,prior,0,r,6.326121653732261,5.119099006081365,1.7343943770594406,2.3478250621083228,7.697368583861653
evaluation-019,0,prior,0,b,1.3494711420302974,1.7245395173575422,0.7149825700737993,0.6306872953054568,2.8573130778566633
evaluation-019,0,prior,0,g,0.40896575834047394,0.4126322502974058,0.23068686964891863,0.04449991843948965,0.7718565250544271
evaluation-019,1,prior,0,r,6.326121653732261,5.119099006081365,1.7343943770594406,2.3478250621083228,7.697368583861653
evaluation-019,1,prior,0,b,1.3494711420302974,1.7245395173575422,0.7149825700737993,0.6306872953054568,2.8573130778566633
evaluation-019,1,prior,0,g,0.40896575834047394,0.4126322502974058,0.23068686964891863,0.04449991843948965,0.7718565250544271
evaluation-019,2,prior,0,r,6.326121653732261,5.119099006081365,1.7343943770594406,2.3478250621083228,7.697368583861653
evaluation-019,2,prior,0,b,1.3494711420302974,1.7245395173575422,0.7149825700737993,0.6306872953054568,2.8573130778566633
evaluation-019,2,prior,0,g,0.40896575834047394,0.4126322502974058,0.23068686964891863,0.04449991843948965,0.7718565250544271
evaluation-019,0,pooled,0,r,6.326121653732261,5.119099006081365,1.7343943770594406,2.3478250621083228,7.697368583861653
evaluation-019,0,pooled,0,b,1.3494711420302974,1.7245395173575422,0.7149825700737993,0.6306872953054568,2.8573130778566633
evaluation-019,0,pooled,0,g,0.40896575834047394,0.4126322502974058,0.23068686964891863,0.04449991843948965,0.7718565250544271
evaluation-019,1,pooled,0,r,6.326121653732261,5.119099006081365,1.7343943770594406,2.3478250621083228,7.697368583861653
evaluation-019,1,pooled,0,b,1.3494711420302974,1.7245395173575422,0.7149825700737993,0.6306872953054568,2.8573130778566633
evaluation-019,1,pooled,0,g,0.40896575834047394,0.4126322502974058,0.23068686964891863,0.04449991843948965,0.7718565250544271
evaluation-019,2,pooled,0,r,6.326121653732261,5.119099006081365,1.7343943770594406,2.3478250621083228,7.697368583861653
evaluation-019,2,pooled,0,b,1.3494711420302974,1.7245395173575422,0.7149825700737993,0.6306872953054568,2.8573130778566633
evaluation-019,2,pooled,0,g,0.40896575834047394,0.4126322502974058,0.23068686964891863,0.04449991843948965,0.7718565250544271
evaluation-019,0,private,0,r,6.326121653732261,5.119099006081365,1.7343943770594406,2.3478250621083228,7.697368583861653
evaluation-019,0,private,0,b,1.3494711420302974,1.7245395173575422,0.7149825700737993,0.6306872953054568,2.8573130778566633
evaluation-019,0,private,0,g,0.40896575834047394,0.4126322502974058,0.23068686964891863,0.04449991843948965,0.7718565250544271
evaluation-019,1,private,0,r,6.326121653732261,5.119099006081365,1.7343943770594406,2.3478250621083228,7.697368583861653
evaluation-019,1,private,0,b,1.3494711420302974,1.7245395173575422,0.7149825700737993,0.6306872953054568,2.8573130778566633
evaluation-019,1,private,0,g,0.40896575834047394,0.4126322502974058,0.23068686964891863,0.04449991843948965,0.7718565250544271
evaluation-019,2,private,0,r,6.326121653732261,5.119099006081365,1.7343943770594406,2.3478250621083228,7.697368583861653
evaluation-019,2,private,0,b,1.3494711420302974,1.7245395173575422,0.7149825700737993,0.6306872953054568,2.8573130778566633
evaluation-019,2,private,0,g,0.40896575834047394,0.4126322502974058,0.23068686964891863,0.04449991843948965,0.7718565250544271
evaluation-019,0,prior,4,r,6.326121653732261,5.119099006081365,1.7343943770594406,2.3478250621083228,7.697368583861653
evaluation-019,0,prior,4,b,1.3494711420302974,1.7245395173575422,0.7149825700737993,0.6306872953054568,2.8573130778566633
evaluation-019,0,prior,4,g,0.40896575834047394,0.4126322502974058,0.23068686964891863,0.04449991843948965,0.7718565250544271
evaluation-019,1,prior,4,r,6.326121653732261,5.119099006081365,1.7343943770594406,2.3478250621083228,7.697368583861653
evaluation-019,1,prior,4,b,1.3494711420302974,1.7245395173575422,0.7149825700737993,0.6306872953054568,2.8573130778566633
evaluation-019,1,prior,4,g,0.40896575834047394,0.4126322502974058,0.23068686964891863,0.04449991843948965,0.7718565250544271
evaluation-019,2,prior,4,r,6.326121653732261,5.119099006081365,1.7343943770594406,2.3478250621083228,7.697368583861653
evaluation-019,2,prior,4,b,1.3494711420302974,1.7245395173575422,0.7149825700737993,0.6306872953054568,2.8573130778566633
evaluation-019,2,prior,4,g,0.40896575834047394,0.4126322502974058,0.23068686964891863,0.04449991843948965,0.7718565250544271
evaluation-019,0,pooled,4,r,6.326121653732261,6.427624971246186,0.13253268460159456,6.224008175970084,6.653199672209087
evaluation-019,0,pooled,4,b,1.3494711420302974,1.9119691938764816,0.5961207662422813,0.8738063522709226,2.8638796452668505
evaluation-019,0,pooled,4,g,0.40896575834047394,0.3914292554761436,0.2328595015311807,0.039816263831532805,0.7752079980811435
evaluation-019,1,pooled,4,r,6.326121653732261,6.427624971246186,0.13253268460159456,6.224008175970084,6.653199672209087
evaluation-019,1,pooled,4,b,1.3494711420302974,1.9119691938764816,0.5961207662422813,0.8738063522709226,2.8638796452668505
evaluation-019,1,pooled,4,g,0.40896575834047394,0.3914292554761436,0.2328595015311807,0.039816263831532805,0.7752079980811435
evaluation-019,2,pooled,4,r,6.326121653732261,6.427624971246186,0.13253268460159456,6.224008175970084,6.653199672209087
evaluation-019,2,pooled,4,b,1.3494711420302974,1.9119691938764816,0.5961207662422813,0.8738063522709226,2.8638796452668505
evaluation-019,2,pooled,4,g,0.40896575834047394,0.3914292554761436,0.2328595015311807,0.039816263831532805,0.7752079980811435
evaluation-019,0,private,4,r,6.326121653732261,6.4534829158302065,0.1748041073341753,6.208803385519059,6.7769468058533935
evaluation-019,0,private,4,b,1.3494711420302974,1.5564008675894963,0.6867797919438359,0.5920668069671464,2.732842215031433
evaluation-019,0,private,4,g,0.40896575834047394,0.3991009604818606,0.23138358931460964,0.04264113008756665,0.7660146634885657
evaluation-019,1,private,4,r,6.326121653732261,6.4043018408045,0.2273269540982356,6.0219762615881995,6.727088795861225
evaluation-019,1,private,4,b,1.3494711420302974,2.064502040474353,0.6514266336299875,0.8069128527951313,2.926021714190366
evaluation-019,1,private,4,g,0.40896575834047394,0.4299312368684632,0.23794738784607466,0.04360506487812739,0.7740234953433374
evaluation-019,2,private,4,r,6.326121653732261,6.147711336774774,0.2928945696388285,5.695838544149873,6.639347584692665
evaluation-019,2,private,4,b,1.3494711420302974,1.7358509850381494,0.695462644466044,0.6495451894334315,2.831148933921634
evaluation-019,2,private,4,g,0.40896575834047394,0.4033453427258845,0.23024834494600346,0.041422078098164866,0.7723888842873674
evaluation-019,0,prior,8,r,6.326121653732261,5.119099006081365,1.7343943770594406,2.3478250621083228,7.697368583861653
evaluation-019,0,prior,8,b,1.3494711420302974,1.7245395173575422,0.7149825700737993,0.6306872953054568,2.8573130778566633
evaluation-019,0,prior,8,g,0.40896575834047394,0.4126322502974058,0.23068686964891863,0.04449991843948965,0.7718565250544271
evaluation-019,1,prior,8,r,6.326121653732261,5.119099006081365,1.7343943770594406,2.3478250621083228,7.697368583861653
evaluation-019,1,prior,8,b,1.3494711420302974,1.7245395173575422,0.7149825700737993,0.6306872953054568,2.8573130778566633
evaluation-019,1,prior,8,g,0.40896575834047394,0.4126322502974058,0.23068686964891863,0.04449991843948965,0.7718565250544271
evaluation-019,2,prior,8,r,6.326121653732261,5.119099006081365,1.7343943770594406,2.3478250621083228,7.697368583861653
evaluation-019,2,prior,8,b,1.3494711420302974,1.7245395173575422,0.7149825700737993,0.6306872953054568,2.8573130778566633
evaluation-019,2,prior,8,g,0.40896575834047394,0.4126322502974058,0.23068686964891863,0.04449991843948965,0.7718565250544271
evaluation-019,0,pooled,8,r,6.326121653732261,6.505943724710278,0.08484610139163688,6.367401878775623,6.644050032503436
evaluation-019,0,pooled,8,b,1.3494711420302974,0.8933213779892919,0.1983418908918976,0.5467633136963873,1.2232797457846223
evaluation-019,0,pooled,8,g,0.40896575834047394,0.20008006507255546,0.14851245087386242,0.011509493322032245,0.4914460108492322
evaluation-019,1,pooled,8,r,6.326121653732261,6.505943724710278,0.08484610139163688,6.367401878775623,6.644050032503436
evaluation-019,1,pooled,8,b,1.3494711420302974,0.8933213779892919,0.1983418908918976,0.5467633136963873,1.2232797457846223
evaluation-019,1,pooled,8,g,0.40896575834047394,0.20008006507255546,0.14851245087386242,0.011509493322032245,0.4914460108492322
evaluation-019,2,pooled,8,r,6.326121653732261,6.505943724710278,0.08484610139163688,6.367401878775623,6.644050032503436
evaluation-019,2,pooled,8,b,1.3494711420302974,0.8933213779892919,0.1983418908918976,0.5467633136963873,1.2232797457846223
evaluation-019,2,pooled,8,g,0.40896575834047394,0.20008006507255546,0.14851245087386242,0.011509493322032245,0.4914460108492322
evaluation-019,0,private,8,r,6.326121653732261,6.317843357831478,0.09965185387695139,6.178122732785783,6.512737255138447
evaluation-019,0,private,8,b,1.3494711420302974,0.9527006985608543,0.3413802648139252,0.5419868000545935,1.5942375323486404
evaluation-019,0,private,8,g,0.40896575834047394,0.32812259969254226,0.21501663361994441,0.030474046942386923,0.713441159527911
evaluation-019,1,private,8,r,6.326121653732261,6.556352565195181,0.11775068726126772,6.353656861359162,6.728002945285877
evaluation-019,1,private,8,b,1.3494711420302974,0.8689410256863012,0.21906459898941524,0.5622693417992342,1.2650329011899306
evaluation-019,1,private,8,g,0.40896575834047394,0.40867395568535647,0.2344034862102995,0.037046417292669775,0.7714250402206527
evaluation-019,2,private,8,r,6.326121653732261,6.492185244674329,0.1352385146004532,6.275886423594902,6.702211449858773
evaluation-019,2,private,8,b,1.3494711420302974,1.746220642461849,0.7435746082357949,0.6295767411790718,2.8769549046055882
evaluation-019,2,private,8,g,0.40896575834047394,0.44477425953204985,0.22916334561411775,0.046923055680695186,0.7756897474128057
evaluation-019,0,prior,16,r,6.326121653732261,5.119099006081365,1.7343943770594406,2.3478250621083228,7.697368583861653
evaluation-019,0,prior,16,b,1.3494711420302974,1.7245395173575422,0.7149825700737993,0.6306872953054568,2.8573130778566633
evaluation-019,0,prior,16,g,0.40896575834047394,0.4126322502974058,0.23068686964891863,0.04449991843948965,0.7718565250544271
evaluation-019,1,prior,16,r,6.326121653732261,5.119099006081365,1.7343943770594406,2.3478250621083228,7.697368583861653
evaluation-019,1,prior,16,b,1.3494711420302974,1.7245395173575422,0.7149825700737993,0.6306872953054568,2.8573130778566633
evaluation-019,1,prior,16,g,0.40896575834047394,0.4126322502974058,0.23068686964891863,0.04449991843948965,0.7718565250544271
evaluation-019,2,prior,16,r,6.326121653732261,5.119099006081365,1.7343943770594406,2.3478250621083228,7.697368583861653
evaluation-019,2,prior,16,b,1.3494711420302974,1.7245395173575422,0.7149825700737993,0.6306872953054568,2.8573130778566633
evaluation-019,2,prior,16,g,0.40896575834047394,0.4126322502974058,0.23068686964891863,0.04449991843948965,0.7718565250544271
evaluation-019,0,pooled,16,r,6.326121653732261,6.42491235673881,0.07914414649861166,6.299772267655156,6.5729834436164625
evaluation-019,0,pooled,16,b,1.3494711420302974,1.1686013113290799,0.11299507541071767,0.9601027602789965,1.3341206363999372
evaluation-019,0,pooled,16,g,0.40896575834047394,0.29124519025942186,0.12032728006084485,0.07971498624897,0.49212504253820455
evaluation-019,1,pooled,16,r,6.326121653732261,6.42491235673881,0.07914414649861166,6.299772267655156,6.5729834436164625
evaluation-019,1,pooled,16,b,1.3494711420302974,1.1686013113290799,0.11299507541071767,0.9601027602789965,1.3341206363999372
evaluation-019,1,pooled,16,g,0.40896575834047394,0.29124519025942186,0.12032728006084485,0.07971498624897,0.49212504253820455
evaluation-019,2,pooled,16,r,6.326121653732261,6.42491235673881,0.07914414649861166,6.299772267655156,6.5729834436164625
evaluation-019,2,pooled,16,b,1.3494711420302974,1.1686013113290799,0.11299507541071767,0.9601027602789965,1.3341206363999372
evaluation-019,2,pooled,16,g,0.40896575834047394,0.29124519025942186,0.12032728006084485,0.07971498624897,0.49212504253820455
evaluation-019,0,private,16,r,6.326121653732261,6.327762690687415,0.10238818585738095,6.191357964879315,6.532026973522848
evaluation-019,0,private,16,b,1.3494711420302974,1.1688615052478337,0.37611389645810317,0.6284447992445975,1.8495821343754846
evaluation-019,0,private,16,g,0.40896575834047394,0.4546365039728891,0.2203748879494334,0.07504672655309724,0.7694041745881981
evaluation-019,1,private,16,r,6.326121653732261,6.511723329332688,0.1340519678201318,6.299260516945203,6.735364989687237
evaluation-019,1,private,16,b,1.3494711420302974,1.0507556839713057,0.20157157638542103,0.7343202764468785,1.3823955404384125
evaluation-019,1,private,16,g,0.40896575834047394,0.40320613329798716,0.23273360711346264,0.03148413734710775,0.7545305529581922
evaluation-019,2,private,16,r,6.326121653732261,6.477850088500488,0.13725823711047275,6.252328522557491,6.706685550157521
evaluation-019,2,private,16,b,1.3494711420302974,1.7767343969831144,0.7278983601401968,0.6065205120632532,2.8841586566828217
evaluation-019,2,private,16,g,0.40896575834047394,0.2996640025550837,0.1904426677325097,0.03247054118640092,0.6338792181461508
evaluation-019,0,prior,32,r,6.326121653732261,5.119099006081365,1.7343943770594406,2.3478250621083228,7.697368583861653
evaluation-019,0,prior,32,b,1.3494711420302974,1.7245395173575422,0.7149825700737993,0.6306872953054568,2.8573130778566633
evaluation-019,0,prior,32,g,0.40896575834047394,0.4126322502974058,0.23068686964891863,0.04449991843948965,0.7718565250544271
evaluation-019,1,prior,32,r,6.326121653732261,5.119099006081365,1.7343943770594406,2.3478250621083228,7.697368583861653
evaluation-019,1,prior,32,b,1.3494711420302974,1.7245395173575422,0.7149825700737993,0.6306872953054568,2.8573130778566633
evaluation-019,1,prior,32,g,0.40896575834047394,0.4126322502974058,0.23068686964891863,0.04449991843948965,0.7718565250544271
evaluation-019,2,prior,32,r,6.326121653732261,5.119099006081365,1.7343943770594406,2.3478250621083228,7.697368583861653
evaluation-019,2,prior,32,b,1.3494711420302974,1.7245395173575422,0.7149825700737993,0.6306872953054568,2.8573130778566633
evaluation-019,2,prior,32,g,0.40896575834047394,0.4126322502974058,0.23068686964891863,0.04449991843948965,0.7718565250544271
evaluation-019,0,pooled,32,r,6.326121653732261,6.3070996405606685,0.040354769136143886,6.246041034151364,6.381252382702289
evaluation-019,0,pooled,32,b,1.3494711420302974,1.3772050784534722,0.038118985618232085,1.3100771035350738,1.4370430138441594
evaluation-019,0,pooled,32,g,0.40896575834047394,0.46592675684038,0.05341091199168337,0.37209907689406685,0.5494960152519747
evaluation-019,1,pooled,32,r,6.326121653732261,6.3070996405606685,0.040354769136143886,6.246041034151364,6.381252382702289
evaluation-019,1,pooled,32,b,1.3494711420302974,1.3772050784534722,0.038118985618232085,1.3100771035350738,1.4370430138441594
evaluation-019,1,pooled,32,g,0.40896575834047394,0.46592675684038,0.05341091199168337,0.37209907689406685,0.5494960152519747
evaluation-019,2,pooled,32,r,6.326121653732261,6.3070996405606685,0.040354769136143886,6.246041034151364,6.381252382702289
evaluation-019,2,pooled,32,b,1.3494711420302974,1.3772050784534722,0.038118985618232085,1.3100771035350738,1.4370430138441594
evaluation-019,2,pooled,32,g,0.40896575834047394,0.46592675684038,0.05341091199168337,0.37209907689406685,0.5494960152519747
evaluation-019,0,private,32,r,6.326121653732261,6.236135560653003,0.055717551261759306,6.154391489472432,6.3346300970013605
evaluation-019,0,private,32,b,1.3494711420302974,1.6153399054845758,0.2998467548118211,1.1612476611116982,2.1237389290557975
evaluation-019,0,private,32,g,0.40896575834047394,0.39373123057376036,0.2124247107126214,0.04740538766360706,0.7374422706467412
evaluation-019,1,private,32,r,6.326121653732261,6.326982916399751,0.0610707789009692,6.237448924698941,6.436429008218892
evaluation-019,1,private,32,b,1.3494711420302974,1.3853727315702369,0.07168390543926395,1.2570294189796336,1.503275670400716
evaluation-019,1,private,32,g,0.40896575834047394,0.3590320303857421,0.22413842114471966,0.03673263254690347,0.7175154096940356
evaluation-019,2,private,32,r,6.326121653732261,6.496133765413653,0.1289453449495787,6.294876434562888,6.7155774200483815
evaluation-019,2,private,32,b,1.3494711420302974,1.7874153086358657,0.6732750033626365,0.6908601072974918,2.8488627840160747
evaluation-019,2,private,32,g,0.40896575834047394,0.2919919741280231,0.13122749495476177,0.06638265688407574,0.4972506733309424
evaluation-019,0,prior,64,r,6.326121653732261,5.119099006081365,1.7343943770594406,2.3478250621083228,7.697368583861653
evaluation-019,0,prior,64,b,1.3494711420302974,1.7245395173575422,0.7149825700737993,0.6306872953054568,2.8573130778566633
evaluation-019,0,prior,64,g,0.40896575834047394,0.4126322502974058,0.23068686964891863,0.04449991843948965,0.7718565250544271
evaluation-019,1,prior,64,r,6.326121653732261,5.119099006081365,1.7343943770594406,2.3478250621083228,7.697368583861653
evaluation-019,1,prior,64,b,1.3494711420302974,1.7245395173575422,0.7149825700737993,0.6306872953054568,2.8573130778566633
evaluation-019,1,prior,64,g,0.40896575834047394,0.4126322502974058,0.23068686964891863,0.04449991843948965,0.7718565250544271
evaluation-019,2,prior,64,r,6.326121653732261,5.119099006081365,1.7343943770594406,2.3478250621083228,7.697368583861653
evaluation-019,2,prior,64,b,1.3494711420302974,1.7245395173575422,0.7149825700737993,0.6306872953054568,2.8573130778566633
evaluation-019,2,prior,64,g,0.40896575834047394,0.4126322502974058,0.23068686964891863,0.04449991843948965,0.7718565250544271
evaluation-019,0,pooled,64,r,6.326121653732261,6.326445309547366,0.030989471446756615,6.2765977557080435,6.380059859454341
evaluation-019,0,pooled,64,b,1.3494711420302974,1.3714851843266644,0.022426903375282442,1.3356677186012023,1.4082505652925559
evaluation-019,0,pooled,64,g,0.40896575834047394,0.4164634837619962,0.034434450395737816,0.35926170687275727,0.4730300853017823
evaluation-019,1,pooled,64,r,6.326121653732261,6.326445309547366,0.030989471446756615,6.2765977557080435,6.380059859454341
evaluation-019,1,pooled,64,b,1.3494711420302974,1.3714851843266644,0.022426903375282442,1.3356677186012023,1.4082505652925559
evaluation-019,1,pooled,64,g,0.40896575834047394,0.4164634837619962,0.034434450395737816,0.35926170687275727,0.4730300853017823
evaluation-019,2,pooled,64,r,6.326121653732261,6.326445309547366,0.030989471446756615,6.2765977557080435,6.380059859454341
evaluation-019,2,pooled,64,b,1.3494711420302974,1.3714851843266644,0.022426903375282442,1.3356677186012023,1.4082505652925559
evaluation-019,2,pooled,64,g,0.40896575834047394,0.4164634837619962,0.034434450395737816,0.35926170687275727,0.4730300853017823
evaluation-019,0,private,64,r,6.326121653732261,6.271924350169207,0.05466203611093931,6.186780512796134,6.3655529471653285
evaluation-019,0,private,64,b,1.3494711420302974,1.3766794333095396,0.03698655875968868,1.3154878400396754,1.4359856266146538
evaluation-019,0,private,64,g,0.40896575834047394,0.4774468560754205,0.10191938834908289,0.30061179668333754,0.6329086972826569
evaluation-019,1,private,64,r,6.326121653732261,6.319058285118766,0.05681510813518842,6.236017751425721,6.425961378372045
evaluation-019,1,private,64,b,1.3494711420302974,1.3808699823518236,0.05435178941734763,1.2907163955431458,1.4618053748004334
evaluation-019,1,private,64,g,0.40896575834047394,0.42390286172959296,0.046957264323167346,0.34513443293049434,0.5015050080873078
evaluation-019,2,private,64,r,6.326121653732261,6.523185911933181,0.10795134715906735,6.352548022152179,6.703580586104758
evaluation-019,2,private,64,b,1.3494711420302974,1.3880054384701448,0.07104298094731658,1.2822116951709435,1.5135819964911332
evaluation-019,2,private,64,g,0.40896575834047394,0.24726542582755634,0.10283573328642862,0.0676771191076272,0.40848332559946365
evaluation-019,0,prior,128,r,6.326121653732261,5.119099006081365,1.7343943770594406,2.3478250621083228,7.697368583861653
evaluation-019,0,prior,128,b,1.3494711420302974,1.7245395173575422,0.7149825700737993,0.6306872953054568,2.8573130778566633
evaluation-019,0,prior,128,g,0.40896575834047394,0.4126322502974058,0.23068686964891863,0.04449991843948965,0.7718565250544271
evaluation-019,1,prior,128,r,6.326121653732261,5.119099006081365,1.7343943770594406,2.3478250621083228,7.697368583861653
evaluation-019,1,prior,128,b,1.3494711420302974,1.7245395173575422,0.7149825700737993,0.6306872953054568,2.8573130778566633
evaluation-019,1,prior,128,g,0.40896575834047394,0.4126322502974058,0.23068686964891863,0.04449991843948965,0.7718565250544271
evaluation-019,2,prior,128,r,6.326121653732261,5.119099006081365,1.7343943770594406,2.3478250621083228,7.697368583861653
evaluation-019,2,prior,128,b,1.3494711420302974,1.7245395173575422,0.7149825700737993,0.6306872953054568,2.8573130778566633
evaluation-019,2,prior,128,g,0.40896575834047394,0.4126322502974058,0.23068686964891863,0.04449991843948965,0.7718565250544271
evaluation-019,0,pooled,128,r,6.326121653732261,6.341015706734125,0.026574357592804958,6.298863780589082,6.386365389136133
evaluation-019,0,pooled,128,b,1.3494711420302974,1.3699805020868443,0.015515181985376127,1.3435635838432631,1.3948520548885806
evaluation-019,0,pooled,128,g,0.40896575834047394,0.38427851665716156,0.023164759065903606,0.3446891760739476,0.4208638712458816
evaluation-019,1,pooled,128,r,6.326121653732261,6.341015706734125,0.026574357592804958,6.298863780589082,6.386365389136133
evaluation-019,1,pooled,128,b,1.3494711420302974,1.3699805020868443,0.015515181985376127,1.3435635838432631,1.3948520548885806
evaluation-019,1,pooled,128,g,0.40896575834047394,0.38427851665716156,0.023164759065903606,0.3446891760739476,0.4208638712458816
evaluation-019,2,pooled,128,r,6.326121653732261,6.341015706734125,0.026574357592804958,6.298863780589082,6.386365389136133
evaluation-019,2,pooled,128,b,1.3494711420302974,1.3699805020868443,0.015515181985376127,1.3435635838432631,1.3948520548885806
evaluation-019,2,pooled,128,g,0.40896575834047394,0.38427851665716156,0.023164759065903606,0.3446891760739476,0.4208638712458816
evaluation-019,0,private,128,r,6.326121653732261,6.306127435093237,0.043483111242526365,6.236709711090547,6.383827522275152
evaluation-019,0,private,128,b,1.3494711420302974,1.3843316465278992,0.023331336124407385,1.346000122159712,1.4210292211801117
evaluation-019,0,private,128,g,0.40896575834047394,0.39838491306695195,0.05402613558613831,0.3052149507502007,0.47984771123914527
evaluation-019,1,private,128,r,6.326121653732261,6.329349136848514,0.04841016063444583,6.255828935312131,6.41804872895973
evaluation-019,1,private,128,b,1.3494711420302974,1.3732556971306906,0.03954512465693621,1.308630187328888,1.436189917436172
evaluation-019,1,private,128,g,0.40896575834047394,0.39825387131056406,0.036698299097901774,0.3347302425444499,0.4571228897037749
evaluation-019,2,private,128,r,6.326121653732261,6.45332068404481,0.07158813444732552,6.3441664815666865,6.5847252208973845
evaluation-019,2,private,128,b,1.3494711420302974,1.349737534688549,0.031929711722071964,1.295410236314562,1.4027336258709378
evaluation-019,2,private,128,g,0.40896575834047394,0.310467798542967,0.0564398703762776,0.20693531028997195,0.39798011494142643
evaluation-020,0,prior,0,r,4.690936626267477,5.11917786199929,1.7129047695928152,2.3914237626289974,7.696711656056047
evaluation-020,0,prior,0,b,0.7752834547379917,1.75744484882451,0.7277263824067918,0.6282475543928652,2.8694377255394454
evaluation-020,0,prior,0,g,0.45862316773219564,0.4039829017595963,0.23302547039180876,0.03403209639335277,0.7666935586728972
evaluation-020,1,prior,0,r,4.690936626267477,5.11917786199929,1.7129047695928152,2.3914237626289974,7.696711656056047
evaluation-020,1,prior,0,b,0.7752834547379917,1.75744484882451,0.7277263824067918,0.6282475543928652,2.8694377255394454
evaluation-020,1,prior,0,g,0.45862316773219564,0.4039829017595963,0.23302547039180876,0.03403209639335277,0.7666935586728972
evaluation-020,2,prior,0,r,4.690936626267477,5.11917786199929,1.7129047695928152,2.3914237626289974,7.696711656056047
evaluation-020,2,prior,0,b,0.7752834547379917,1.75744484882451,0.7277263824067918,0.6282475543928652,2.8694377255394454
evaluation-020,2,prior,0,g,0.45862316773219564,0.4039829017595963,0.23302547039180876,0.03403209639335277,0.7666935586728972
evaluation-020,0,pooled,0,r,4.690936626267477,5.11917786199929,1.7129047695928152,2.3914237626289974,7.696711656056047
evaluation-020,0,pooled,0,b,0.7752834547379917,1.75744484882451,0.7277263824067918,0.6282475543928652,2.8694377255394454
evaluation-020,0,pooled,0,g,0.45862316773219564,0.4039829017595963,0.23302547039180876,0.03403209639335277,0.7666935586728972
evaluation-020,1,pooled,0,r,4.690936626267477,5.11917786199929,1.7129047695928152,2.3914237626289974,7.696711656056047
evaluation-020,1,pooled,0,b,0.7752834547379917,1.75744484882451,0.7277263824067918,0.6282475543928652,2.8694377255394454
evaluation-020,1,pooled,0,g,0.45862316773219564,0.4039829017595963,0.23302547039180876,0.03403209639335277,0.7666935586728972
evaluation-020,2,pooled,0,r,4.690936626267477,5.11917786199929,1.7129047695928152,2.3914237626289974,7.696711656056047
evaluation-020,2,pooled,0,b,0.7752834547379917,1.75744484882451,0.7277263824067918,0.6282475543928652,2.8694377255394454
evaluation-020,2,pooled,0,g,0.45862316773219564,0.4039829017595963,0.23302547039180876,0.03403209639335277,0.7666935586728972
evaluation-020,0,private,0,r,4.690936626267477,5.11917786199929,1.7129047695928152,2.3914237626289974,7.696711656056047
evaluation-020,0,private,0,b,0.7752834547379917,1.75744484882451,0.7277263824067918,0.6282475543928652,2.8694377255394454
evaluation-020,0,private,0,g,0.45862316773219564,0.4039829017595963,0.23302547039180876,0.03403209639335277,0.7666935586728972
evaluation-020,1,private,0,r,4.690936626267477,5.11917786199929,1.7129047695928152,2.3914237626289974,7.696711656056047
evaluation-020,1,private,0,b,0.7752834547379917,1.75744484882451,0.7277263824067918,0.6282475543928652,2.8694377255394454
evaluation-020,1,private,0,g,0.45862316773219564,0.4039829017595963,0.23302547039180876,0.03403209639335277,0.7666935586728972
evaluation-020,2,private,0,r,4.690936626267477,5.11917786199929,1.7129047695928152,2.3914237626289974,7.696711656056047
evaluation-020,2,private,0,b,0.7752834547379917,1.75744484882451,0.7277263824067918,0.6282475543928652,2.8694377255394454
evaluation-020,2,private,0,g,0.45862316773219564,0.4039829017595963,0.23302547039180876,0.03403209639335277,0.7666935586728972
evaluation-020,0,prior,4,r,4.690936626267477,5.11917786199929,1.7129047695928152,2.3914237626289974,7.696711656056047
evaluation-020,0,prior,4,b,0.7752834547379917,1.75744484882451,0.7277263824067918,0.6282475543928652,2.8694377255394454
evaluation-020,0,prior,4,g,0.45862316773219564,0.4039829017595963,0.23302547039180876,0.03403209639335277,0.7666935586728972
evaluation-020,1,prior,4,r,4.690936626267477,5.11917786199929,1.7129047695928152,2.3914237626289974,7.696711656056047
evaluation-020,1,prior,4,b,0.7752834547379917,1.75744484882451,0.7277263824067918,0.6282475543928652,2.8694377255394454
evaluation-020,1,prior,4,g,0.45862316773219564,0.4039829017595963,0.23302547039180876,0.03403209639335277,0.7666935586728972
evaluation-020,2,prior,4,r,4.690936626267477,5.11917786199929,1.7129047695928152,2.3914237626289974,7.696711656056047
evaluation-020,2,prior,4,b,0.7752834547379917,1.75744484882451,0.7277263824067918,0.6282475543928652,2.8694377255394454
evaluation-020,2,prior,4,g,0.45862316773219564,0.4039829017595963,0.23302547039180876,0.03403209639335277,0.7666935586728972
evaluation-020,0,pooled,4,r,4.690936626267477,4.593828849431315,0.08117126629907265,4.480202917232404,4.743940117637904
evaluation-020,0,pooled,4,b,0.7752834547379917,1.0452343616913498,0.3735279849355056,0.5416298779296601,1.7326128192357346
evaluation-020,0,pooled,4,g,0.45862316773219564,0.3970629203908259,0.23097982525698138,0.02349604286031761,0.7718174805546927
evaluation-020,1,pooled,4,r,4.690936626267477,4.593828849431315,0.08117126629907265,4.480202917232404,4.743940117637904
evaluation-020,1,pooled,4,b,0.7752834547379917,1.0452343616913498,0.3735279849355056,0.5416298779296601,1.7326128192357346
evaluation-020,1,pooled,4,g,0.45862316773219564,0.3970629203908259,0.23097982525698138,0.02349604286031761,0.7718174805546927
evaluation-020,2,pooled,4,r,4.690936626267477,4.593828849431315,0.08117126629907265,4.480202917232404,4.743940117637904
evaluation-020,2,pooled,4,b,0.7752834547379917,1.0452343616913498,0.3735279849355056,0.5416298779296601,1.7326128192357346
evaluation-020,2,pooled,4,g,0.45862316773219564,0.3970629203908259,0.23097982525698138,0.02349604286031761,0.7718174805546927
evaluation-020,0,private,4,r,4.690936626267477,4.5947305184277125,0.08841953640911142,4.471364079225325,4.747482177485948
evaluation-020,0,private,4,b,0.7752834547379917,1.055501346344942,0.38514441530939114,0.5376107882306046,1.7499625093359206
evaluation-020,0,private,4,g,0.45862316773219564,0.3713838797820912,0.23316821335578422,0.02252723169826068,0.7715368091267999
evaluation-020,1,private,4,r,4.690936626267477,4.906830192271751,0.3189664110396978,4.470635915301416,5.446880408687142
evaluation-020,1,private,4,b,0.7752834547379917,1.738769234728776,0.7117494775662577,0.6090708468528423,2.8298614292264506
evaluation-020,1,private,4,g,0.45862316773219564,0.41247181434113506,0.23203533258308218,0.04519943280526844,0.7596851195970762
evaluation-020,2,private,4,r,4.690936626267477,4.72898396230072,0.32744462598249635,4.270990080254203,5.277754857445724
evaluation-020,2,private,4,b,0.7752834547379917,1.7355253646156035,0.7136889806192945,0.6306531441799941,2.8762743819486127
evaluation-020,2,private,4,g,0.45862316773219564,0.38169424709661104,0.2293891519288951,0.03474179829920374,0.7537301341151658
evaluation-020,0,prior,8,r,4.690936626267477,5.11917786199929,1.7129047695928152,2.3914237626289974,7.696711656056047
evaluation-020,0,prior,8,b,0.7752834547379917,1.75744484882451,0.7277263824067918,0.6282475543928652,2.8694377255394454
evaluation-020,0,prior,8,g,0.45862316773219564,0.4039829017595963,0.23302547039180876,0.03403209639335277,0.7666935586728972
evaluation-020,1,prior,8,r,4.690936626267477,5.11917786199929,1.7129047695928152,2.3914237626289974,7.696711656056047
evaluation-020,1,prior,8,b,0.7752834547379917,1.75744484882451,0.7277263824067918,0.6282475543928652,2.8694377255394454
evaluation-020,1,prior,8,g,0.45862316773219564,0.4039829017595963,0.23302547039180876,0.03403209639335277,0.7666935586728972
evaluation-020,2,prior,8,r,4.690936626267477,5.11917786199929,1.7129047695928152,2.3914237626289974,7.696711656056047
evaluation-020,2,prior,8,b,0.7752834547379917,1.75744484882451,0.7277263824067918,0.6282475543928652,2.8694377255394454
evaluation-020,2,prior,8,g,0.45862316773219564,0.4039829017595963,0.23302547039180876,0.03403209639335277,0.7666935586728972
evaluation-020,0,pooled,8,r,4.690936626267477,4.624306837501643,0.07332490063186438,4.5164259722278155,4.751052393353154
evaluation-020,0,pooled,8,b,0.7752834547379917,0.998843864470487,0.25886971976339673,0.602563666956558,1.4322252063938712
evaluation-020,0,pooled,8,g,0.45862316773219564,0.4684287345346408,0.2240823340169993,0.06412856200181577,0.7732141427640441
evaluation-020,1,pooled,8,r,4.690936626267477,4.624306837501643,0.07332490063186438,4.5164259722278155,4.751052393353154
evaluation-020,1,pooled,8,b,0.7752834547379917,0.998843864470487,0.25886971976339673,0.602563666956558,1.4322252063938712
evaluation-020,1,pooled,8,g,0.45862316773219564,0.4684287345346408,0.2240823340169993,0.06412856200181577,0.7732141427640441
evaluation-020,2,pooled,8,r,4.690936626267477,4.624306837501643,0.07332490063186438,4.5164259722278155,4.751052393353154
evaluation-020,2,pooled,8,b,0.7752834547379917,0.998843864470487,0.25886971976339673,0.602563666956558,1.4322252063938712
evaluation-020,2,pooled,8,g,0.45862316773219564,0.4684287345346408,0.2240823340169993,0.06412856200181577,0.7732141427640441
evaluation-020,0,private,8,r,4.690936626267477,4.604355344699716,0.09106342049236615,4.467887594955459,4.755918170447094
evaluation-020,0,private,8,b,0.7752834547379917,1.0812922908188607,0.3010705265221774,0.6070001745796743,1.5680409032849332
evaluation-020,0,private,8,g,0.45862316773219564,0.371621358810225,0.2346238378860767,0.02252723169826068,0.7655723002215546
evaluation-020,1,private,8,r,4.690936626267477,4.917134482146577,0.2789459337466979,4.547312247369824,5.427039016991891
evaluation-020,1,private,8,b,0.7752834547379917,1.7170878572886794,0.712615543157285,0.6039813263704684,2.8339403244007926
evaluation-020,1,private,8,g,0.45862316773219564,0.42779299626282574,0.23084171226206718,0.0502865371852512,0.7649313531232769
evaluation-020,2,private,8,r,4.690936626267477,4.43570285547654,0.15229013754072585,4.231326221183892,4.737289902473696
evaluation-020,2,private,8,b,0.7752834547379917,1.5985977522579993,0.6663188847673651,0.6201987960508214,2.7495199633802754
evaluation-020,2,private,8,g,0.45862316773219564,0.37388364986333783,0.2217138426382837,0.0344651788728423,0.7400783912610163
evaluation-020,0,prior,16,r,4.690936626267477,5.11917786199929,1.7129047695928152,2.3914237626289974,7.696711656056047
evaluation-020,0,prior,16,b,0.7752834547379917,1.75744484882451,0.7277263824067918,0.6282475543928652,2.8694377255394454
evaluation-020,0,prior,16,g,0.45862316773219564,0.4039829017595963,0.23302547039180876,0.03403209639335277,0.7666935586728972
evaluation-020,1,prior,16,r,4.690936626267477,5.11917786199929,1.7129047695928152,2.3914237626289974,7.696711656056047
evaluation-020,1,prior,16,b,0.7752834547379917,1.75744484882451,0.7277263824067918,0.6282475543928652,2.8694377255394454
evaluation-020,1,prior,16,g,0.45862316773219564,0.4039829017595963,0.23302547039180876,0.03403209639335277,0.7666935586728972
evaluation-020,2,prior,16,r,4.690936626267477,5.11917786199929,1.7129047695928152,2.3914237626289974,7.696711656056047
evaluation-020,2,prior,16,b,0.7752834547379917,1.75744484882451,0.7277263824067918,0.6282475543928652,2.8694377255394454
evaluation-020,2,prior,16,g,0.45862316773219564,0.4039829017595963,0.23302547039180876,0.03403209639335277,0.7666935586728972
evaluation-020,0,pooled,16,r,4.690936626267477,4.632371769962649,0.07670037247647707,4.520354441235739,4.764767936695238
evaluation-020,0,pooled,16,b,0.7752834547379917,0.7339230044589699,0.10147221006927536,0.5496284448422256,0.8881223470457761
evaluation-020,0,pooled,16,g,0.45862316773219564,0.5122610061933696,0.20894552434790148,0.10525338761162069,0.7718174805546927
evaluation-020,1,pooled,16,r,4.690936626267477,4.632371769962649,0.07670037247647707,4.520354441235739,4.764767936695238
evaluation-020,1,pooled,16,b,0.7752834547379917,0.7339230044589699,0.10147221006927536,0.5496284448422256,0.8881223470457761
evaluation-020,1,pooled,16,g,0.45862316773219564,0.5122610061933696,0.20894552434790148,0.10525338761162069,0.7718174805546927
evaluation-020,2,pooled,16,r,4.690936626267477,4.632371769962649,0.07670037247647707,4.520354441235739,4.764767936695238
evaluation-020,2,pooled,16,b,0.7752834547379917,0.7339230044589699,0.10147221006927536,0.5496284448422256,0.8881223470457761
evaluation-020,2,pooled,16,g,0.45862316773219564,0.5122610061933696,0.20894552434790148,0.10525338761162069,0.7718174805546927
evaluation-020,0,private,16,r,4.690936626267477,4.646934344214038,0.08880897764434546,4.509269516860449,4.7934073801700965
evaluation-020,0,private,16,b,0.7752834547379917,0.7381431000069593,0.12519618009850528,0.5341058987885063,0.9496391778113017
evaluation-020,0,private,16,g,0.45862316773219564,0.3852760871993565,0.24261374607727282,0.02252723169826068,0.7712108574334311
evaluation-020,1,private,16,r,4.690936626267477,4.736242373245155,0.16134739836936965,4.506143298669581,5.0440025557281425
evaluation-020,1,private,16,b,0.7752834547379917,1.675196570621218,0.6969450236843083,0.6203908251576463,2.8034339670817854
evaluation-020,1,private,16,g,0.45862316773219564,0.4372156497440435,0.22474280394989735,0.061790822244022985,0.7681410591249661
evaluation-020,2,private,16,r,4.690936626267477,4.520996513816748,0.14352890823791037,4.288556507530449,4.761206677015923
evaluation-020,2,private,16,b,0.7752834547379917,1.4783155975353006,0.5781874094670434,0.6181896012347425,2.4836421937713267
evaluation-020,2,private,16,g,0.45862316773219564,0.3392217858633604,0.21871595755283046,0.0307813104776466,0.7192881904664333
evaluation-020,0,prior,32,r,4.690936626267477,5.11917786199929,1.7129047695928152,2.3914237626289974,7.696711656056047
evaluation-020,0,prior,32,b,0.7752834547379917,1.75744484882451,0.7277263824067918,0.6282475543928652,2.8694377255394454
evaluation-020,0,prior,32,g,0.45862316773219564,0.4039829017595963,0.23302547039180876,0.03403209639335277,0.7666935586728972
evaluation-020,1,prior,32,r,4.690936626267477,5.11917786199929,1.7129047695928152,2.3914237626289974,7.696711656056047
evaluation-020,1,prior,32,b,0.7752834547379917,1.75744484882451,0.7277263824067918,0.6282475543928652,2.8694377255394454
evaluation-020,1,prior,32,g,0.45862316773219564,0.4039829017595963,0.23302547039180876,0.03403209639335277,0.7666935586728972
evaluation-020,2,prior,32,r,4.690936626267477,5.11917786199929,1.7129047695928152,2.3914237626289974,7.696711656056047
evaluation-020,2,prior,32,b,0.7752834547379917,1.75744484882451,0.7277263824067918,0.6282475543928652,2.8694377255394454
evaluation-020,2,prior,32,g,0.45862316773219564,0.4039829017595963,0.23302547039180876,0.03403209639335277,0.7666935586728972
evaluation-020,0,pooled,32,r,4.690936626267477,4.679150198328755,0.0662117189118301,4.5739348314963335,4.790294664521075
evaluation-020,0,pooled,32,b,0.7752834547379917,0.7649831528179181,0.0565419504495447,0.6641066524690298,0.8551345871425
evaluation-020,0,pooled,32,g,0.45862316773219564,0.4244048734513896,0.0972470635497946,0.2584129576350571,0.5765785421231037
evaluation-020,1,pooled,32,r,4.690936626267477,4.679150198328755,0.0662117189118301,4.5739348314963335,4.790294664521075
evaluation-020,1,pooled,32,b,0.7752834547379917,0.7649831528179181,0.0565419504495447,0.6641066524690298,0.8551345871425
evaluation-020,1,pooled,32,g,0.45862316773219564,0.4244048734513896,0.0972470635497946,0.2584129576350571,0.5765785421231037
evaluation-020,2,pooled,32,r,4.690936626267477,4.679150198328755,0.0662117189118301,4.5739348314963335,4.790294664521075
evaluation-020,2,pooled,32,b,0.7752834547379917,0.7649831528179181,0.0565419504495447,0.6641066524690298,0.8551345871425
evaluation-020,2,pooled,32,g,0.45862316773219564,0.4244048734513896,0.0972470635497946,0.2584129576350571,0.5765785421231037
evaluation-020,0,private,32,r,4.690936626267477,4.695766612499676,0.084684486758495,4.55262011159033,4.822449648457957
evaluation-020,0,private,32,b,0.7752834547379917,0.7600930662740574,0.0964533936148179,0.607264047289098,0.9239340387467692
evaluation-020,0,private,32,g,0.45862316773219564,0.4417097884482594,0.21038640307216758,0.07186378639234772,0.7568065548456285
evaluation-020,1,private,32,r,4.690936626267477,4.644653111430135,0.1356821426828461,4.474975745434462,4.903400746660205
evaluation-020,1,private,32,b,0.7752834547379917,1.5542018477053228,0.6645764569979755,0.6173021276999495,2.6991299979411187
evaluation-020,1,private,32,g,0.45862316773219564,0.5299301831692029,0.18435995470236327,0.17516853245643826,0.7765424776365226
evaluation-020,2,private,32,r,4.690936626267477,4.66019802573253,0.11062513307358268,4.497831792041706,4.861862594248096
evaluation-020,2,private,32,b,0.7752834547379917,0.6673109168799395,0.11452502956794908,0.5134036003760991,0.8724734823700456
evaluation-020,2,private,32,g,0.45862316773219564,0.4716377109069367,0.2029642437050418,0.09033374819588522,0.7494117799105238
evaluation-020,0,prior,64,r,4.690936626267477,5.11917786199929,1.7129047695928152,2.3914237626289974,7.696711656056047
evaluation-020,0,prior,64,b,0.7752834547379917,1.75744484882451,0.7277263824067918,0.6282475543928652,2.8694377255394454
evaluation-020,0,prior,64,g,0.45862316773219564,0.4039829017595963,0.23302547039180876,0.03403209639335277,0.7666935586728972
evaluation-020,1,prior,64,r,4.690936626267477,5.11917786199929,1.7129047695928152,2.3914237626289974,7.696711656056047
evaluation-020,1,prior,64,b,0.7752834547379917,1.75744484882451,0.7277263824067918,0.6282475543928652,2.8694377255394454
evaluation-020,1,prior,64,g,0.45862316773219564,0.4039829017595963,0.23302547039180876,0.03403209639335277,0.7666935586728972
evaluation-020,2,prior,64,r,4.690936626267477,5.11917786199929,1.7129047695928152,2.3914237626289974,7.696711656056047
evaluation-020,2,prior,64,b,0.7752834547379917,1.75744484882451,0.7277263824067918,0.6282475543928652,2.8694377255394454
evaluation-020,2,prior,64,g,0.45862316773219564,0.4039829017595963,0.23302547039180876,0.03403209639335277,0.7666935586728972
evaluation-020,0,pooled,64,r,4.690936626267477,4.734438796847204,0.04897653517562834,4.652646938746349,4.818838975301729
evaluation-020,0,pooled,64,b,0.7752834547379917,0.7365089462973781,0.0360327432718157,0.6721915779533914,0.7941614060454147
evaluation-020,0,pooled,64,g,0.45862316773219564,0.368233627894856,0.05069712577218274,0.2855047792283182,0.4531079327741161
evaluation-020,1,pooled,64,r,4.690936626267477,4.734438796847204,0.04897653517562834,4.652646938746349,4.818838975301729
evaluation-020,1,pooled,64,b,0.7752834547379917,0.7365089462973781,0.0360327432718157,0.6721915779533914,0.7941614060454147
evaluation-020,1,pooled,64,g,0.45862316773219564,0.368233627894856,0.05069712577218274,0.2855047792283182,0.4531079327741161
evaluation-020,2,pooled,64,r,4.690936626267477,4.734438796847204,0.04897653517562834,4.652646938746349,4.818838975301729
evaluation-020,2,pooled,64,b,0.7752834547379917,0.7365089462973781,0.0360327432718157,0.6721915779533914,0.7941614060454147
evaluation-020,2,pooled,64,g,0.45862316773219564,0.368233627894856,0.05069712577218274,0.2855047792283182,0.4531079327741161
evaluation-020,0,private,64,r,4.690936626267477,4.7106717719006275,0.08007150744950235,4.575171389956747,4.836320230287282
evaluation-020,0,private,64,b,0.7752834547379917,0.7613723962951149,0.07516405758615163,0.6340565719459141,0.8820693896351836
evaluation-020,0,private,64,g,0.45862316773219564,0.4163266215973282,0.06859660137773378,0.30293808270839523,0.5290207706652122
evaluation-020,1,private,64,r,4.690936626267477,4.579404391915576,0.10021785678467766,4.46174373498958,4.779652094194114
evaluation-020,1,private,64,b,0.7752834547379917,0.5726026265854015,0.0548239045066821,0.5061241558931446,0.6797578692821533
evaluation-020,1,private,64,g,0.45862316773219564,0.6197261220126739,0.12631732644318605,0.3849384375400569,0.7727577424363529
evaluation-020,2,private,64,r,4.690936626267477,4.67980213432951,0.10234258638014157,4.5198085551103775,4.857035108244321
evaluation-020,2,private,64,b,0.7752834547379917,0.8040792734868577,0.0592261950854875,0.6976817168440997,0.8950387821014544
evaluation-020,2,private,64,g,0.45862316773219564,0.34299025279898004,0.16726992575395458,0.06211001057330684,0.6215803732764724
evaluation-020,0,prior,128,r,4.690936626267477,5.11917786199929,1.7129047695928152,2.3914237626289974,7.696711656056047
evaluation-020,0,prior,128,b,0.7752834547379917,1.75744484882451,0.7277263824067918,0.6282475543928652,2.8694377255394454
evaluation-020,0,prior,128,g,0.45862316773219564,0.4039829017595963,0.23302547039180876,0.03403209639335277,0.7666935586728972
evaluation-020,1,prior,128,r,4.690936626267477,5.11917786199929,1.7129047695928152,2.3914237626289974,7.696711656056047
evaluation-020,1,prior,128,b,0.7752834547379917,1.75744484882451,0.7277263824067918,0.6282475543928652,2.8694377255394454
evaluation-020,1,prior,128,g,0.45862316773219564,0.4039829017595963,0.23302547039180876,0.03403209639335277,0.7666935586728972
evaluation-020,2,prior,128,r,4.690936626267477,5.11917786199929,1.7129047695928152,2.3914237626289974,7.696711656056047
evaluation-020,2,prior,128,b,0.7752834547379917,1.75744484882451,0.7277263824067918,0.6282475543928652,2.8694377255394454
evaluation-020,2,prior,128,g,0.45862316773219564,0.4039829017595963,0.23302547039180876,0.03403209639335277,0.7666935586728972
evaluation-020,0,pooled,128,r,4.690936626267477,4.664111148790877,0.04071569879139771,4.60166917140099,4.737543386911046
evaluation-020,0,pooled,128,b,0.7752834547379917,0.7704026399749679,0.026961858234374865,0.7234987949839744,0.8113491248590173
evaluation-020,0,pooled,128,g,0.45862316773219564,0.4760543653807226,0.036571178640799076,0.415498914640486,0.5324304704768709
evaluation-020,1,pooled,128,r,4.690936626267477,4.664111148790877,0.04071569879139771,4.60166917140099,4.737543386911046
evaluation-020,1,pooled,128,b,0.7752834547379917,0.7704026399749679,0.026961858234374865,0.7234987949839744,0.8113491248590173
evaluation-020,1,pooled,128,g,0.45862316773219564,0.4760543653807226,0.036571178640799076,0.415498914640486,0.5324304704768709
evaluation-020,2,pooled,128,r,4.690936626267477,4.664111148790877,0.04071569879139771,4.60166917140099,4.737543386911046
evaluation-020,2,pooled,128,b,0.7752834547379917,0.7704026399749679,0.026961858234374865,0.7234987949839744,0.8113491248590173
evaluation-020,2,pooled,128,g,0.45862316773219564,0.4760543653807226,0.036571178640799076,0.415498914640486,0.5324304704768709
evaluation-020,0,private,128,r,4.690936626267477,4.636573133964384,0.06091595767991395,4.540327839227391,4.7403365204893
evaluation-020,0,private,128,b,0.7752834547379917,0.834146236357558,0.04916307381708017,0.751913446174107,0.9128136647046329
evaluation-020,0,private,128,g,0.45862316773219564,0.43894475106042036,0.05219866173636737,0.348717703203834,0.5243995464827501
evaluation-020,1,private,128,r,4.690936626267477,4.601870238375268,0.0885056256771234,4.474973452848222,4.762409184180317
evaluation-020,1,private,128,b,0.7752834547379917,0.6350356042189722,0.05487904537299063,0.540006396727898,0.7226340810324869
evaluation-020,1,private,128,g,0.45862316773219564,0.6425817073531381,0.08336571864878564,0.4849353434925008,0.7623770238132511
evaluation-020,2,private,128,r,4.690936626267477,4.627936093735541,0.07141708518017084,4.520430411595906,4.743917831056989
evaluation-020,2,private,128,b,0.7752834547379917,0.7882992255430412,0.04121357491132914,0.7188401873917065,0.8519040354070144
evaluation-020,2,private,128,g,0.45862316773219564,0.4988652291855266,0.06779425420910244,0.3813601291752464,0.6073764914249626
evaluation-021,0,prior,0,r,2.973939485437458,4.949027198220417,1.7187361628036648,2.2746855780306503,7.6612628063196695
evaluation-021,0,prior,0,b,1.0584962690715325,1.7572233195754805,0.736315910856825,0.6136167996179067,2.8883860260571446
evaluation-021,0,prior,0,g,0.20039711203461197,0.3963004870594998,0.23513879169942845,0.032459801919193496,0.7636570261247085
evaluation-021,1,prior,0,r,2.973939485437458,4.949027198220417,1.7187361628036648,2.2746855780306503,7.6612628063196695
evaluation-021,1,prior,0,b,1.0584962690715325,1.7572233195754805,0.736315910856825,0.6136167996179067,2.8883860260571446
evaluation-021,1,prior,0,g,0.20039711203461197,0.3963004870594998,0.23513879169942845,0.032459801919193496,0.7636570261247085
evaluation-021,2,prior,0,r,2.973939485437458,4.949027198220417,1.7187361628036648,2.2746855780306503,7.6612628063196695
evaluation-021,2,prior,0,b,1.0584962690715325,1.7572233195754805,0.736315910856825,0.6136167996179067,2.8883860260571446
evaluation-021,2,prior,0,g,0.20039711203461197,0.3963004870594998,0.23513879169942845,0.032459801919193496,0.7636570261247085
evaluation-021,0,pooled,0,r,2.973939485437458,4.949027198220417,1.7187361628036648,2.2746855780306503,7.6612628063196695
evaluation-021,0,pooled,0,b,1.0584962690715325,1.7572233195754805,0.736315910856825,0.6136167996179067,2.8883860260571446
evaluation-021,0,pooled,0,g,0.20039711203461197,0.3963004870594998,0.23513879169942845,0.032459801919193496,0.7636570261247085
evaluation-021,1,pooled,0,r,2.973939485437458,4.949027198220417,1.7187361628036648,2.2746855780306503,7.6612628063196695
evaluation-021,1,pooled,0,b,1.0584962690715325,1.7572233195754805,0.736315910856825,0.6136167996179067,2.8883860260571446
evaluation-021,1,pooled,0,g,0.20039711203461197,0.3963004870594998,0.23513879169942845,0.032459801919193496,0.7636570261247085
evaluation-021,2,pooled,0,r,2.973939485437458,4.949027198220417,1.7187361628036648,2.2746855780306503,7.6612628063196695
evaluation-021,2,pooled,0,b,1.0584962690715325,1.7572233195754805,0.736315910856825,0.6136167996179067,2.8883860260571446
evaluation-021,2,pooled,0,g,0.20039711203461197,0.3963004870594998,0.23513879169942845,0.032459801919193496,0.7636570261247085
evaluation-021,0,private,0,r,2.973939485437458,4.949027198220417,1.7187361628036648,2.2746855780306503,7.6612628063196695
evaluation-021,0,private,0,b,1.0584962690715325,1.7572233195754805,0.736315910856825,0.6136167996179067,2.8883860260571446
evaluation-021,0,private,0,g,0.20039711203461197,0.3963004870594998,0.23513879169942845,0.032459801919193496,0.7636570261247085
evaluation-021,1,private,0,r,2.973939485437458,4.949027198220417,1.7187361628036648,2.2746855780306503,7.6612628063196695
evaluation-021,1,private,0,b,1.0584962690715325,1.7572233195754805,0.736315910856825,0.6136167996179067,2.8883860260571446
evaluation-021,1,private,0,g,0.20039711203461197,0.3963004870594998,0.23513879169942845,0.032459801919193496,0.7636570261247085
evaluation-021,2,private,0,r,2.973939485437458,4.949027198220417,1.7187361628036648,2.2746855780306503,7.6612628063196695
evaluation-021,2,private,0,b,1.0584962690715325,1.7572233195754805,0.736315910856825,0.6136167996179067,2.8883860260571446
evaluation-021,2,private,0,g,0.20039711203461197,0.3963004870594998,0.23513879169942845,0.032459801919193496,0.7636570261247085
evaluation-021,0,prior,4,r,2.973939485437458,4.949027198220417,1.7187361628036648,2.2746855780306503,7.6612628063196695
evaluation-021,0,prior,4,b,1.0584962690715325,1.7572233195754805,0.736315910856825,0.6136167996179067,2.8883860260571446
evaluation-021,0,prior,4,g,0.20039711203461197,0.3963004870594998,0.23513879169942845,0.032459801919193496,0.7636570261247085
evaluation-021,1,prior,4,r,2.973939485437458,4.949027198220417,1.7187361628036648,2.2746855780306503,7.6612628063196695
evaluation-021,1,prior,4,b,1.0584962690715325,1.7572233195754805,0.736315910856825,0.6136167996179067,2.8883860260571446
evaluation-021,1,prior,4,g,0.20039711203461197,0.3963004870594998,0.23513879169942845,0.032459801919193496,0.7636570261247085
evaluation-021,2,prior,4,r,2.973939485437458,4.949027198220417,1.7187361628036648,2.2746855780306503,7.6612628063196695
evaluation-021,2,prior,4,b,1.0584962690715325,1.7572233195754805,0.736315910856825,0.6136167996179067,2.8883860260571446
evaluation-021,2,prior,4,g,0.20039711203461197,0.3963004870594998,0.23513879169942845,0.032459801919193496,0.7636570261247085
evaluation-021,0,pooled,4,r,2.973939485437458,2.938577988527813,0.07445262331404026,2.824572377706532,3.066746313375624
evaluation-021,0,pooled,4,b,1.0584962690715325,1.5332674237383475,0.529508006613929,0.6232378913926139,2.387190558769612
evaluation-021,0,pooled,4,g,0.20039711203461197,0.2971419123995318,0.20970754468619635,0.016212505763946963,0.6996374738123577
evaluation-021,1,pooled,4,r,2.973939485437458,2.938577988527813,0.07445262331404026,2.824572377706532,3.066746313375624
evaluation-021,1,pooled,4,b,1.0584962690715325,1.5332674237383475,0.529508006613929,0.6232378913926139,2.387190558769612
evaluation-021,1,pooled,4,g,0.20039711203461197,0.2971419123995318,0.20970754468619635,0.016212505763946963,0.6996374738123577
evaluation-021,2,pooled,4,r,2.973939485437458,2.938577988527813,0.07445262331404026,2.824572377706532,3.066746313375624
evaluation-021,2,pooled,4,b,1.0584962690715325,1.5332674237383475,0.529508006613929,0.6232378913926139,2.387190558769612
evaluation-021,2,pooled,4,g,0.20039711203461197,0.2971419123995318,0.20970754468619635,0.016212505763946963,0.6996374738123577
evaluation-021,0,private,4,r,2.973939485437458,3.0549928023139765,0.18263856621782434,2.797154406693793,3.3607471886710485
evaluation-021,0,private,4,b,1.0584962690715325,1.793180832383956,0.7316651140711794,0.6258862919339456,2.8984578492392035
evaluation-021,0,private,4,g,0.20039711203461197,0.3780426027190788,0.22649744559747156,0.040269526955347294,0.7523980668900782
evaluation-021,1,private,4,r,2.973939485437458,2.8830487112871497,0.08959757539740389,2.738604759990098,3.0302089652961928
evaluation-021,1,private,4,b,1.0584962690715325,1.563230169272892,0.7098537843313523,0.6020991400512632,2.831699656639234
evaluation-021,1,private,4,g,0.20039711203461197,0.36856375258379215,0.22655387327514176,0.033967239147281836,0.7466061050837939
evaluation-021,2,private,4,r,2.973939485437458,3.0734127763861503,0.13493917221057358,2.856388080389691,3.3004316229066823
evaluation-021,2,private,4,b,1.0584962690715325,1.2532091519115083,0.531643589830288,0.5543099842550041,2.2230360306712322
evaluation-021,2,private,4,g,0.20039711203461197,0.3883279726812013,0.224203905054481,0.052928091630439524,0.7397755085951977
evaluation-021,0,prior,8,r,2.973939485437458,4.949027198220417,1.7187361628036648,2.2746855780306503,7.6612628063196695
evaluation-021,0,prior,8,b,1.0584962690715325,1.7572233195754805,0.736315910856825,0.6136167996179067,2.8883860260571446
evaluation-021,0,prior,8,g,0.20039711203461197,0.3963004870594998,0.23513879169942845,0.032459801919193496,0.7636570261247085
evaluation-021,1,prior,8,r,2.973939485437458,4.949027198220417,1.7187361628036648,2.2746855780306503,7.6612628063196695
evaluation-021,1,prior,8,b,1.0584962690715325,1.7572233195754805,0.736315910856825,0.6136167996179067,2.8883860260571446
evaluation-021,1,prior,8,g,0.20039711203461197,0.3963004870594998,0.23513879169942845,0.032459801919193496,0.7636570261247085
evaluation-021,2,prior,8,r,2.973939485437458,4.949027198220417,1.7187361628036648,2.2746855780306503,7.6612628063196695
evaluation-021,2,prior,8,b,1.0584962690715325,1.7572233195754805,0.736315910856825,0.6136167996179067,2.8883860260571446
evaluation-021,2,prior,8,g,0.20039711203461197,0.3963004870594998,0.23513879169942845,0.032459801919193496,0.7636570261247085
evaluation-021,0,pooled,8,r,2.973939485437458,2.9892090126023,0.047026285387533055,2.912296309539348,3.066632587759296
evaluation-021,0,pooled,8,b,1.0584962690715325,0.7998828413739226,0.18758838306622205,0.5382065095164992,1.135322878661884
evaluation-021,0,pooled,8,g,0.20039711203461197,0.21095431398919756,0.1709631481208446,0.0062906827642936316,0.5524683883012942
evaluation-021,1,pooled,8,r,2.973939485437458,2.9892090126023,0.047026285387533055,2.912296309539348,3.066632587759296
evaluation-021,1,pooled,8,b,1.0584962690715325,0.7998828413739226,0.18758838306622205,0.5382065095164992,1.135322878661884
evaluation-021,1,pooled,8,g,0.20039711203461197,0.21095431398919756,0.1709631481208446,0.0062906827642936316,0.5524683883012942
evaluation-021,2,pooled,8,r,2.973939485437458,2.9892090126023,0.047026285387533055,2.912296309539348,3.066632587759296
evaluation-021,2,pooled,8,b,1.0584962690715325,0.7998828413739226,0.18758838306622205,0.5382065095164992,1.135322878661884
evaluation-021,2,pooled,8,g,0.20039711203461197,0.21095431398919756,0.1709631481208446,0.0062906827642936316,0.5524683883012942
evaluation-021,0,private,8,r,2.973939485437458,2.924047345034675,0.07333223576070014,2.8142364380832907,3.0602492450550214
evaluation-021,0,private,8,b,1.0584962690715325,1.7119702248780397,0.7427457346045555,0.6277443455262618,2.884632310677126
evaluation-021,0,private,8,g,0.20039711203461197,0.3887115138510427,0.22568419595017514,0.03090215937327086,0.7479564978308686
evaluation-021,1,private,8,r,2.973939485437458,2.872942432527707,0.08952661555996885,2.7315333911471913,3.019572190489703
evaluation-021,1,private,8,b,1.0584962690715325,1.6342703042701563,0.7175668725606169,0.6152691958986802,2.8451813217094215
evaluation-021,1,private,8,g,0.20039711203461197,0.37700366440598215,0.2268519553144005,0.038116386149578546,0.7495070133561476
evaluation-021,2,private,8,r,2.973939485437458,3.0420218516006168,0.058376866666242325,2.9474687027748687,3.1399920307683526
evaluation-021,2,private,8,b,1.0584962690715325,0.6995230029668805,0.15593649315025898,0.5132050135714813,0.9862622333298691
evaluation-021,2,private,8,g,0.20039711203461197,0.36343493308701647,0.2301769282605172,0.038335530166563124,0.7483611831226464
evaluation-021,0,prior,16,r,2.973939485437458,4.949027198220417,1.7187361628036648,2.2746855780306503,7.6612628063196695
evaluation-021,0,prior,16,b,1.0584962690715325,1.7572233195754805,0.736315910856825,0.6136167996179067,2.8883860260571446
evaluation-021,0,prior,16,g,0.20039711203461197,0.3963004870594998,0.23513879169942845,0.032459801919193496,0.7636570261247085
evaluation-021,1,prior,16,r,2.973939485437458,4.949027198220417,1.7187361628036648,2.2746855780306503,7.6612628063196695
evaluation-021,1,prior,16,b,1.0584962690715325,1.7572233195754805,0.736315910856825,0.6136167996179067,2.8883860260571446
evaluation-021,1,prior,16,g,0.20039711203461197,0.3963004870594998,0.23513879169942845,0.032459801919193496,0.7636570261247085
evaluation-021,2,prior,16,r,2.973939485437458,4.949027198220417,1.7187361628036648,2.2746855780306503,7.6612628063196695
evaluation-021,2,prior,16,b,1.0584962690715325,1.7572233195754805,0.736315910856825,0.6136167996179067,2.8883860260571446
evaluation-021,2,prior,16,g,0.20039711203461197,0.3963004870594998,0.23513879169942845,0.032459801919193496,0.7636570261247085
evaluation-021,0,pooled,16,r,2.973939485437458,3.0090103053109933,0.045713008172987034,2.927900920363631,3.076433193454597
evaluation-021,0,pooled,16,b,1.0584962690715325,0.772098343443266,0.13163078123362817,0.5666491212241777,0.9976844346164754
evaluation-021,0,pooled,16,g,0.20039711203461197,0.24769364576192163,0.1580699080538472,0.034315323892371706,0.546124189109366
evaluation-021,1,pooled,16,r,2.973939485437458,3.0090103053109933,0.045713008172987034,2.927900920363631,3.076433193454597
evaluation-021,1,pooled,16,b,1.0584962690715325,0.772098343443266,0.13163078123362817,0.5666491212241777,0.9976844346164754
evaluation-021,1,pooled,16,g,0.20039711203461197,0.24769364576192163,0.1580699080538472,0.034315323892371706,0.546124189109366
evaluation-021,2,pooled,16,r,2.973939485437458,3.0090103053109933,0.045713008172987034,2.927900920363631,3.076433193454597
evaluation-021,2,pooled,16,b,1.0584962690715325,0.772098343443266,0.13163078123362817,0.5666491212241777,0.9976844346164754
evaluation-021,2,pooled,16,g,0.20039711203461197,0.24769364576192163,0.1580699080538472,0.034315323892371706,0.546124189109366
evaluation-021,0,private,16,r,2.973939485437458,2.9102869265381623,0.07137476437691867,2.8065421660663126,3.0419964775864687
evaluation-021,0,private,16,b,1.0584962690715325,1.6944582285391565,0.7343597528957708,0.6297299975604425,2.884308647718301
evaluation-021,0,private,16,g,0.20039711203461197,0.40742809143753855,0.21611864641816844,0.052155112733188666,0.7600872196076288
evaluation-021,1,private,16,r,2.973939485437458,2.9207366233469987,0.09008359408860078,2.7690255550165146,3.0656098004913517
evaluation-021,1,private,16,b,1.0584962690715325,1.5469313120164796,0.6158714356928547,0.6197885213161098,2.6511043298200674
evaluation-021,1,private,16,g,0.20039711203461197,0.3018039102544227,0.2070532132097389,0.030568281166979384,0.7138119672324444
evaluation-021,2,private,16,r,2.973939485437458,3.035890573906751,0.05317657725545193,2.947202573429899,3.125920784969416
evaluation-021,2,private,16,b,1.0584962690715325,0.6686142832656649,0.126460564082853,0.5119703145352872,0.8986711098626822
evaluation-021,2,private,16,g,0.20039711203461197,0.35512466965827977,0.22798699465275785,0.03467844375290426,0.7375175753673834
evaluation-021,0,prior,32,r,2.973939485437458,4.949027198220417,1.7187361628036648,2.2746855780306503,7.6612628063196695
evaluation-021,0,prior,32,b,1.0584962690715325,1.7572233195754805,0.736315910856825,0.6136167996179067,2.8883860260571446
evaluation-021,0,prior,32,g,0.20039711203461197,0.3963004870594998,0.23513879169942845,0.032459801919193496,0.7636570261247085
evaluation-021,1,prior,32,r,2.973939485437458,4.949027198220417,1.7187361628036648,2.2746855780306503,7.6612628063196695
evaluation-021,1,prior,32,b,1.0584962690715325,1.7572233195754805,0.736315910856825,0.6136167996179067,2.8883860260571446
evaluation-021,1,prior,32,g,0.20039711203461197,0.3963004870594998,0.23513879169942845,0.032459801919193496,0.7636570261247085
evaluation-021,2,prior,32,r,2.973939485437458,4.949027198220417,1.7187361628036648,2.2746855780306503,7.6612628063196695
evaluation-021,2,prior,32,b,1.0584962690715325,1.7572233195754805,0.736315910856825,0.6136167996179067,2.8883860260571446
evaluation-021,2,prior,32,g,0.20039711203461197,0.3963004870594998,0.23513879169942845,0.032459801919193496,0.7636570261247085
evaluation-021,0,pooled,32,r,2.973939485437458,2.970557774393029,0.03947354112576976,2.908308665160404,3.034401753849882
evaluation-021,0,pooled,32,b,1.0584962690715325,1.0313596823145328,0.06691832163523938,0.921217166878433,1.1404272406215816
evaluation-021,0,pooled,32,g,0.20039711203461197,0.23572794693739546,0.09307003037178915,0.07366936768079442,0.39371398837937194
evaluation-021,1,pooled,32,r,2.973939485437458,2.970557774393029,0.03947354112576976,2.908308665160404,3.034401753849882
evaluation-021,1,pooled,32,b,1.0584962690715325,1.0313596823145328,0.06691832163523938,0.921217166878433,1.1404272406215816
evaluation-021,1,pooled,32,g,0.20039711203461197,0.23572794693739546,0.09307003037178915,0.07366936768079442,0.39371398837937194
evaluation-021,2,pooled,32,r,2.973939485437458,2.970557774393029,0.03947354112576976,2.908308665160404,3.034401753849882
evaluation-021,2,pooled,32,b,1.0584962690715325,1.0313596823145328,0.06691832163523938,0.921217166878433,1.1404272406215816
evaluation-021,2,pooled,32,g,0.20039711203461197,0.23572794693739546,0.09307003037178915,0.07366936768079442,0.39371398837937194
evaluation-021,0,private,32,r,2.973939485437458,2.9353636343455314,0.06384521453380029,2.827883513460444,3.040109303519511
evaluation-021,0,private,32,b,1.0584962690715325,1.2258461700476497,0.5250437133596392,0.561026555198205,2.2213473138249595
evaluation-021,0,private,32,g,0.20039711203461197,0.27601792889146076,0.1542006129568448,0.04075176105245396,0.5286493979700456
evaluation-021,1,private,32,r,2.973939485437458,2.988338876462942,0.06458983173760621,2.8813120535644727,3.0944030327324916
evaluation-021,1,private,32,b,1.0584962690715325,0.9828763131900125,0.2994004282246081,0.5589993869238163,1.5301534638890115
evaluation-021,1,private,32,g,0.20039711203461197,0.2887749590807625,0.19395698825706917,0.02762849468457016,0.6413491008241203
evaluation-021,2,private,32,r,2.973939485437458,2.9755857887452666,0.05675247690319358,2.8813018035687428,3.073936224469223
evaluation-021,2,private,32,b,1.0584962690715325,0.9957827149493008,0.1045678934437716,0.8153280068758096,1.1666444829526519
evaluation-021,2,private,32,g,0.20039711203461197,0.32502678557485515,0.2197147998927894,0.02757924432019092,0.7209658704429955
evaluation-021,0,prior,64,r,2.973939485437458,4.949027198220417,1.7187361628036648,2.2746855780306503,7.6612628063196695
evaluation-021,0,prior,64,b,1.0584962690715325,1.7572233195754805,0.736315910856825,0.6136167996179067,2.8883860260571446
evaluation-021,0,prior,64,g,0.20039711203461197,0.3963004870594998,0.23513879169942845,0.032459801919193496,0.7636570261247085
evaluation-021,1,prior,64,r,2.973939485437458,4.949027198220417,1.7187361628036648,2.2746855780306503,7.6612628063196695
evaluation-021,1,prior,64,b,1.0584962690715325,1.7572233195754805,0.736315910856825,0.6136167996179067,2.8883860260571446
evaluation-021,1,prior,64,g,0.20039711203461197,0.3963004870594998,0.23513879169942845,0.032459801919193496,0.7636570261247085
evaluation-021,2,prior,64,r,2.973939485437458,4.949027198220417,1.7187361628036648,2.2746855780306503,7.6612628063196695
evaluation-021,2,prior,64,b,1.0584962690715325,1.7572233195754805,0.736315910856825,0.6136167996179067,2.8883860260571446
evaluation-021,2,prior,64,g,0.20039711203461197,0.3963004870594998,0.23513879169942845,0.032459801919193496,0.7636570261247085
evaluation-021,0,pooled,64,r,2.973939485437458,2.955163307262663,0.028730711199697535,2.9088724013943206,3.005128993611037
evaluation-021,0,pooled,64,b,1.0584962690715325,1.0898078158251125,0.04040464289761133,1.021568172316517,1.153650302284427
evaluation-021,0,pooled,64,g,0.20039711203461197,0.2030504233622874,0.05669700246252596,0.11424387614101986,0.29295906161439206
evaluation-021,1,pooled,64,r,2.973939485437458,2.955163307262663,0.028730711199697535,2.9088724013943206,3.005128993611037
evaluation-021,1,pooled,64,b,1.0584962690715325,1.0898078158251125,0.04040464289761133,1.021568172316517,1.153650302284427
evaluation-021,1,pooled,64,g,0.20039711203461197,0.2030504233622874,0.05669700246252596,0.11424387614101986,0.29295906161439206
evaluation-021,2,pooled,64,r,2.973939485437458,2.955163307262663,0.028730711199697535,2.9088724013943206,3.005128993611037
evaluation-021,2,pooled,64,b,1.0584962690715325,1.0898078158251125,0.04040464289761133,1.021568172316517,1.153650302284427
evaluation-021,2,pooled,64,g,0.20039711203461197,0.2030504233622874,0.05669700246252596,0.11424387614101986,0.29295906161439206
evaluation-021,0,private,64,r,2.973939485437458,2.9238639230140704,0.06407999821291627,2.824224717423991,3.0339382968669084
evaluation-021,0,private,64,b,1.0584962690715325,0.8893812322078648,0.11709199275553789,0.6959391955379755,1.083192535987463
evaluation-021,0,private,64,g,0.20039711203461197,0.31072193351852667,0.13088823417497164,0.08576077638369839,0.5226449334130472
evaluation-021,1,private,64,r,2.973939485437458,2.9882658916610874,0.045419238272504166,2.915429108689284,3.06389001301918
evaluation-021,1,private,64,b,1.0584962690715325,1.1306367932659258,0.06853636137796996,1.0230998104184947,1.2378190581389774
evaluation-021,1,private,64,g,0.20039711203461197,0.11264276089986043,0.08520932162528061,0.005700166363771442,0.2764208713935628
evaluation-021,2,private,64,r,2.973939485437458,2.947846824083044,0.05214382149747424,2.860247085642855,3.031420666890018
evaluation-021,2,private,64,b,1.0584962690715325,1.0637212826518794,0.09172920492161298,0.9214288086056907,1.2218184810295671
evaluation-021,2,private,64,g,0.20039711203461197,0.22180857638465873,0.09371637863544996,0.07325450200681373,0.3845790373418566
evaluation-021,0,prior,128,r,2.973939485437458,4.949027198220417,1.7187361628036648,2.2746855780306503,7.6612628063196695
evaluation-021,0,prior,128,b,1.0584962690715325,1.7572233195754805,0.736315910856825,0.6136167996179067,2.8883860260571446
evaluation-021,0,prior,128,g,0.20039711203461197,0.3963004870594998,0.23513879169942845,0.032459801919193496,0.7636570261247085
evaluation-021,1,prior,128,r,2.973939485437458,4.949027198220417,1.7187361628036648,2.2746855780306503,7.6612628063196695
evaluation-021,1,prior,128,b,1.0584962690715325,1.7572233195754805,0.736315910856825,0.6136167996179067,2.8883860260571446
evaluation-021,1,prior,128,g,0.20039711203461197,0.3963004870594998,0.23513879169942845,0.032459801919193496,0.7636570261247085
evaluation-021,2,prior,128,r,2.973939485437458,4.949027198220417,1.7187361628036648,2.2746855780306503,7.6612628063196695
evaluation-021,2,prior,128,b,1.0584962690715325,1.7572233195754805,0.736315910856825,0.6136167996179067,2.8883860260571446
evaluation-021,2,prior,128,g,0.20039711203461197,0.3963004870594998,0.23513879169942845,0.032459801919193496,0.7636570261247085
evaluation-021,0,pooled,128,r,2.973939485437458,2.9575716013602182,0.02449976723322891,2.917813469361935,2.997814616689815
evaluation-021,0,pooled,128,b,1.0584962690715325,1.0687550471233556,0.02999931844512074,1.0187324810130924,1.1199133038343163
evaluation-021,0,pooled,128,g,0.20039711203461197,0.2201969399432196,0.03768799170196648,0.15736372898248527,0.2782629013508988
evaluation-021,1,pooled,128,r,2.973939485437458,2.9575716013602182,0.02449976723322891,2.917813469361935,2.997814616689815
evaluation-021,1,pooled,128,b,1.0584962690715325,1.0687550471233556,0.02999931844512074,1.0187324810130924,1.1199133038343163
evaluation-021,1,pooled,128,g,0.20039711203461197,0.2201969399432196,0.03768799170196648,0.15736372898248527,0.2782629013508988
evaluation-021,2,pooled,128,r,2.973939485437458,2.9575716013602182,0.02449976723322891,2.917813469361935,2.997814616689815
evaluation-021,2,pooled,128,b,1.0584962690715325,1.0687550471233556,0.02999931844512074,1.0187324810130924,1.1199133038343163
evaluation-021,2,pooled,128,g,0.20039711203461197,0.2201969399432196,0.03768799170196648,0.15736372898248527,0.2782629013508988
evaluation-021,0,private,128,r,2.973939485437458,2.920688366789545,0.051052921839163184,2.849397673799278,3.01410603107636
evaluation-021,0,private,128,b,1.0584962690715325,1.0622977898530197,0.05543689316744813,0.9749315269266801,1.148744473079577
evaluation-021,0,private,128,g,0.20039711203461197,0.2854328591509288,0.09171439649217175,0.11444906662503322,0.4172671508314458
evaluation-021,1,private,128,r,2.973939485437458,3.0079183830466456,0.04185071499526748,2.9341901589861816,3.0750555551481322
evaluation-021,1,private,128,b,1.0584962690715325,1.096346515072551,0.0501676915334408,1.0123463104514512,1.1798528103876043
evaluation-021,1,private,128,g,0.20039711203461197,0.10627709778047034,0.061187728424892604,0.012998037791814679,0.2139714567988753
evaluation-021,2,private,128,r,2.973939485437458,2.9640249552655895,0.04131758171119621,2.898578280333646,3.034653906315973
evaluation-021,2,private,128,b,1.0584962690715325,1.0106811490152101,0.06009927311794072,0.9098273317889461,1.0994257327526413
evaluation-021,2,private,128,g,0.20039711203461197,0.26745925786465147,0.05404821066653113,0.18071110216458636,0.36114198214140086
evaluation-022,0,prior,0,r,6.282134476803925,4.975672527799674,1.7362539822067904,2.2964690652595467,7.685828345974859
evaluation-022,0,prior,0,b,1.2786973451919341,1.7546970420143801,0.727033170622151,0.6089588587816381,2.861311399810217
evaluation-022,0,prior,0,g,0.18654236992182271,0.40357473239851915,0.2293796617699263,0.045408557277721605,0.7599773597621711
evaluation-022,1,prior,0,r,6.282134476803925,4.975672527799674,1.7362539822067904,2.2964690652595467,7.685828345974859
evaluation-022,1,prior,0,b,1.2786973451919341,1.7546970420143801,0.727033170622151,0.6089588587816381,2.861311399810217
evaluation-022,1,prior,0,g,0.18654236992182271,0.40357473239851915,0.2293796617699263,0.045408557277721605,0.7599773597621711
evaluation-022,2,prior,0,r,6.282134476803925,4.975672527799674,1.7362539822067904,2.2964690652595467,7.685828345974859
evaluation-022,2,prior,0,b,1.2786973451919341,1.7546970420143801,0.727033170622151,0.6089588587816381,2.861311399810217
evaluation-022,2,prior,0,g,0.18654236992182271,0.40357473239851915,0.2293796617699263,0.045408557277721605,0.7599773597621711
evaluation-022,0,pooled,0,r,6.282134476803925,4.975672527799674,1.7362539822067904,2.2964690652595467,7.685828345974859
evaluation-022,0,pooled,0,b,1.2786973451919341,1.7546970420143801,0.727033170622151,0.6089588587816381,2.861311399810217
evaluation-022,0,pooled,0,g,0.18654236992182271,0.40357473239851915,0.2293796617699263,0.045408557277721605,0.7599773597621711
evaluation-022,1,pooled,0,r,6.282134476803925,4.975672527799674,1.7362539822067904,2.2964690652595467,7.685828345974859
evaluation-022,1,pooled,0,b,1.2786973451919341,1.7546970420143801,0.727033170622151,0.6089588587816381,2.861311399810217
evaluation-022,1,pooled,0,g,0.18654236992182271,0.40357473239851915,0.2293796617699263,0.045408557277721605,0.7599773597621711
evaluation-022,2,pooled,0,r,6.282134476803925,4.975672527799674,1.7362539822067904,2.2964690652595467,7.685828345974859
evaluation-022,2,pooled,0,b,1.2786973451919341,1.7546970420143801,0.727033170622151,0.6089588587816381,2.861311399810217
evaluation-022,2,pooled,0,g,0.18654236992182271,0.40357473239851915,0.2293796617699263,0.045408557277721605,0.7599773597621711
evaluation-022,0,private,0,r,6.282134476803925,4.975672527799674,1.7362539822067904,2.2964690652595467,7.685828345974859
evaluation-022,0,private,0,b,1.2786973451919341,1.7546970420143801,0.727033170622151,0.6089588587816381,2.861311399810217
evaluation-022,0,private,0,g,0.18654236992182271,0.40357473239851915,0.2293796617699263,0.045408557277721605,0.7599773597621711
evaluation-022,1,private,0,r,6.282134476803925,4.975672527799674,1.7362539822067904,2.2964690652595467,7.685828345974859
evaluation-022,1,private,0,b,1.2786973451919341,1.7546970420143801,0.727033170622151,0.6089588587816381,2.861311399810217
evaluation-022,1,private,0,g,0.18654236992182271,0.40357473239851915,0.2293796617699263,0.045408557277721605,0.7599773597621711
evaluation-022,2,private,0,r,6.282134476803925,4.975672527799674,1.7362539822067904,2.2964690652595467,7.685828345974859
evaluation-022,2,private,0,b,1.2786973451919341,1.7546970420143801,0.727033170622151,0.6089588587816381,2.861311399810217
evaluation-022,2,private,0,g,0.18654236992182271,0.40357473239851915,0.2293796617699263,0.045408557277721605,0.7599773597621711
evaluation-022,0,prior,4,r,6.282134476803925,4.975672527799674,1.7362539822067904,2.2964690652595467,7.685828345974859
evaluation-022,0,prior,4,b,1.2786973451919341,1.7546970420143801,0.727033170622151,0.6089588587816381,2.861311399810217
evaluation-022,0,prior,4,g,0.18654236992182271,0.40357473239851915,0.2293796617699263,0.045408557277721605,0.7599773597621711
evaluation-022,1,prior,4,r,6.282134476803925,4.975672527799674,1.7362539822067904,2.2964690652595467,7.685828345974859
evaluation-022,1,prior,4,b,1.2786973451919341,1.7546970420143801,0.727033170622151,0.6089588587816381,2.861311399810217
evaluation-022,1,prior,4,g,0.18654236992182271,0.40357473239851915,0.2293796617699263,0.045408557277721605,0.7599773597621711
evaluation-022,2,prior,4,r,6.282134476803925,4.975672527799674,1.7362539822067904,2.2964690652595467,7.685828345974859
evaluation-022,2,prior,4,b,1.2786973451919341,1.7546970420143801,0.727033170622151,0.6089588587816381,2.861311399810217
evaluation-022,2,prior,4,g,0.18654236992182271,0.40357473239851915,0.2293796617699263,0.045408557277721605,0.7599773597621711
evaluation-022,0,pooled,4,r,6.282134476803925,6.094460112176219,0.11069728687754496,5.926581459850697,6.288706418163392
evaluation-022,0,pooled,4,b,1.2786973451919341,1.575115871704742,0.6832215936763688,0.6069558269701556,2.766112956169876
evaluation-022,0,pooled,4,g,0.18654236992182271,0.44471728715617753,0.22941319443469593,0.05544930193558578,0.7797814862657224
evaluation-022,1,pooled,4,r,6.282134476803925,6.094460112176219,0.11069728687754496,5.926581459850697,6.288706418163392
evaluation-022,1,pooled,4,b,1.2786973451919341,1.575115871704742,0.6832215936763688,0.6069558269701556,2.766112956169876
evaluation-022,1,pooled,4,g,0.18654236992182271,0.44471728715617753,0.22941319443469593,0.05544930193558578,0.7797814862657224
evaluation-022,2,pooled,4,r,6.282134476803925,6.094460112176219,0.11069728687754496,5.926581459850697,6.288706418163392
evaluation-022,2,pooled,4,b,1.2786973451919341,1.575115871704742,0.6832215936763688,0.6069558269701556,2.766112956169876
evaluation-022,2,pooled,4,g,0.18654236992182271,0.44471728715617753,0.22941319443469593,0.05544930193558578,0.7797814862657224
evaluation-022,0,private,4,r,6.282134476803925,6.007182742148813,0.15119570874765453,5.775195229863886,6.266077406880723
evaluation-022,0,private,4,b,1.2786973451919341,1.6881718612143566,0.709671014347932,0.6189574164808821,2.8403656908231576
evaluation-022,0,private,4,g,0.18654236992182271,0.3829305120349584,0.2335326229835897,0.034933930495049476,0.7613879976259413
evaluation-022,1,private,4,r,6.282134476803925,5.734941003768865,0.3691710283175963,5.153781138840184,6.371073625298744
evaluation-022,1,private,4,b,1.2786973451919341,1.9471292531426514,0.680939963332125,0.7468021321389917,2.909508081945263
evaluation-022,1,private,4,g,0.18654236992182271,0.4095619978675378,0.22201814718586274,0.058586258273666925,0.7566443797700827
evaluation-022,2,private,4,r,6.282134476803925,6.2749598278969465,0.19324658643739165,5.983188720595941,6.600873793530243
evaluation-022,2,private,4,b,1.2786973451919341,1.7713746263910761,0.7153158559427665,0.6302897154796973,2.882465724315706
evaluation-022,2,private,4,g,0.18654236992182271,0.40366567172275614,0.2269809362620834,0.05301738862023319,0.7584033125347746
evaluation-022,0,prior,8,r,6.282134476803925,4.975672527799674,1.7362539822067904,2.2964690652595467,7.685828345974859
evaluation-022,0,prior,8,b,1.2786973451919341,1.7546970420143801,0.727033170622151,0.6089588587816381,2.861311399810217
evaluation-022,0,prior,8,g,0.18654236992182271,0.40357473239851915,0.2293796617699263,0.045408557277721605,0.7599773597621711
evaluation-022,1,prior,8,r,6.282134476803925,4.975672527799674,1.7362539822067904,2.2964690652595467,7.685828345974859
evaluation-022,1,prior,8,b,1.2786973451919341,1.7546970420143801,0.727033170622151,0.6089588587816381,2.861311399810217
evaluation-022,1,prior,8,g,0.18654236992182271,0.40357473239851915,0.2293796617699263,0.045408557277721605,0.7599773597621711
evaluation-022,2,prior,8,r,6.282134476803925,4.975672527799674,1.7362539822067904,2.2964690652595467,7.685828345974859
evaluation-022,2,prior,8,b,1.2786973451919341,1.7546970420143801,0.727033170622151,0.6089588587816381,2.861311399810217
evaluation-022,2,prior,8,g,0.18654236992182271,0.40357473239851915,0.2293796617699263,0.045408557277721605,0.7599773597621711
evaluation-022,0,pooled,8,r,6.282134476803925,6.084381002724573,0.10945286571723312,5.913574458149282,6.273769328903426
evaluation-022,0,pooled,8,b,1.2786973451919341,1.4324695010004795,0.29395072823612145,0.9267711707533389,1.9211896965058508
evaluation-022,0,pooled,8,g,0.18654236992182271,0.3833273949825273,0.22839782353859656,0.03821007896668909,0.75029219071019
evaluation-022,1,pooled,8,r,6.282134476803925,6.084381002724573,0.10945286571723312,5.913574458149282,6.273769328903426
evaluation-022,1,pooled,8,b,1.2786973451919341,1.4324695010004795,0.29395072823612145,0.9267711707533389,1.9211896965058508
evaluation-022,1,pooled,8,g,0.18654236992182271,0.3833273949825273,0.22839782353859656,0.03821007896668909,0.75029219071019
evaluation-022,2,pooled,8,r,6.282134476803925,6.084381002724573,0.10945286571723312,5.913574458149282,6.273769328903426
evaluation-022,2,pooled,8,b,1.2786973451919341,1.4324695010004795,0.29395072823612145,0.9267711707533389,1.9211896965058508
evaluation-022,2,pooled,8,g,0.18654236992182271,0.3833273949825273,0.22839782353859656,0.03821007896668909,0.75029219071019
evaluation-022,0,private,8,r,6.282134476803925,6.009941860950579,0.15422810047514723,5.769015900644446,6.266121793793606
evaluation-022,0,private,8,b,1.2786973451919341,1.5178858902804446,0.6279893606500843,0.6006768747503151,2.5812941817010016
evaluation-022,0,private,8,g,0.18654236992182271,0.3564481612420608,0.22353830282347611,0.03084058449215711,0.7361855133245474
evaluation-022,1,private,8,r,6.282134476803925,5.691540914235482,0.36343103863756543,5.172215256284698,6.369519116747435
evaluation-022,1,private,8,b,1.2786973451919341,2.1773218732973287,0.613032961910522,1.06739010213409,2.9385029615131315
evaluation-022,1,private,8,g,0.18654236992182271,0.4082357576736379,0.22415611039327565,0.04682401691107563,0.7527822774287423
evaluation-022,2,private,8,r,6.282134476803925,6.205864222541896,0.16511725919782572,5.959704698063647,6.495671726426097
evaluation-022,2,private,8,b,1.2786973451919341,1.7662519851411085,0.716888795412277,0.6153336835513575,2.883251417330697
evaluation-022,2,private,8,g,0.18654236992182271,0.39209809124381745,0.2241998809097549,0.052880457185588925,0.7523459710103575
evaluation-022,0,prior,16,r,6.282134476803925,4.975672527799674,1.7362539822067904,2.2964690652595467,7.685828345974859
evaluation-022,0,prior,16,b,1.2786973451919341,1.7546970420143801,0.727033170622151,0.6089588587816381,2.861311399810217
evaluation-022,0,prior,16,g,0.18654236992182271,0.40357473239851915,0.2293796617699263,0.045408557277721605,0.7599773597621711
evaluation-022,1,prior,16,r,6.282134476803925,4.975672527799674,1.7362539822067904,2.2964690652595467,7.685828345974859
evaluation-022,1,prior,16,b,1.2786973451919341,1.7546970420143801,0.727033170622151,0.6089588587816381,2.861311399810217
evaluation-022,1,prior,16,g,0.18654236992182271,0.40357473239851915,0.2293796617699263,0.045408557277721605,0.7599773597621711
evaluation-022,2,prior,16,r,6.282134476803925,4.975672527799674,1.7362539822067904,2.2964690652595467,7.685828345974859
evaluation-022,2,prior,16,b,1.2786973451919341,1.7546970420143801,0.727033170622151,0.6089588587816381,2.861311399810217
evaluation-022,2,prior,16,g,0.18654236992182271,0.40357473239851915,0.2293796617699263,0.045408557277721605,0.7599773597621711
evaluation-022,0,pooled,16,r,6.282134476803925,6.054222178708792,0.09580627817202989,5.912153177755454,6.22117237647561
evaluation-022,0,pooled,16,b,1.2786973451919341,1.5509464570878155,0.1480784516710434,1.2897891269165223,1.7864299702461748
evaluation-022,0,pooled,16,g,0.18654236992182271,0.55792364405048,0.14851299914620045,0.2944422967635147,0.7717007376951502
evaluation-022,1,pooled,16,r,6.282134476803925,6.054222178708792,0.09580627817202989,5.912153177755454,6.22117237647561
evaluation-022,1,pooled,16,b,1.2786973451919341,1.5509464570878155,0.1480784516710434,1.2897891269165223,1.7864299702461748
evaluation-022,1,pooled,16,g,0.18654236992182271,0.55792364405048,0.14851299914620045,0.2944422967635147,0.7717007376951502
evaluation-022,2,pooled,16,r,6.282134476803925,6.054222178708792,0.09580627817202989,5.912153177755454,6.22117237647561
evaluation-022,2,pooled,16,b,1.2786973451919341,1.5509464570878155,0.1480784516710434,1.2897891269165223,1.7864299702461748
evaluation-022,2,pooled,16,g,0.18654236992182271,0.55792364405048,0.14851299914620045,0.2944422967635147,0.7717007376951502
evaluation-022,0,private,16,r,6.282134476803925,5.899472350503322,0.135906792214263,5.7356838268546655,6.1744687279890575
evaluation-022,0,private,16,b,1.2786973451919341,2.1809988896599566,0.47889223593251656,1.3046480476908107,2.87856942686676
evaluation-022,0,private,16,g,0.18654236992182271,0.44982135041554316,0.224245101045097,0.04901198178752001,0.7657758924766376
evaluation-022,1,private,16,r,6.282134476803925,5.910379362444393,0.27001110512621357,5.495585012580001,6.385829023373529
evaluation-022,1,private,16,b,1.2786973451919341,1.692535073935885,0.3365714688230967,1.1165474959187878,2.2082287206507214
evaluation-022,1,private,16,g,0.18654236992182271,0.4001207430546629,0.22712447096271635,0.029952558141718842,0.755387056857542
evaluation-022,2,private,16,r,6.282134476803925,6.246103863408828,0.1397458838594235,6.003091870611363,6.463213577410748
evaluation-022,2,private,16,b,1.2786973451919341,1.7327432115861228,0.7133435104535929,0.6022966099372258,2.8510255204009147
evaluation-022,2,private,16,g,0.18654236992182271,0.29662303880203994,0.1846715989470889,0.025715464845111117,0.6303351847590174
evaluation-022,0,prior,32,r,6.282134476803925,4.975672527799674,1.7362539822067904,2.2964690652595467,7.685828345974859
evaluation-022,0,prior,32,b,1.2786973451919341,1.7546970420143801,0.727033170622151,0.6089588587816381,2.861311399810217
evaluation-022,0,prior,32,g,0.18654236992182271,0.40357473239851915,0.2293796617699263,0.045408557277721605,0.7599773597621711
evaluation-022,1,prior,32,r,6.282134476803925,4.975672527799674,1.7362539822067904,2.2964690652595467,7.685828345974859
evaluation-022,1,prior,32,b,1.2786973451919341,1.7546970420143801,0.727033170622151,0.6089588587816381,2.861311399810217
evaluation-022,1,prior,32,g,0.18654236992182271,0.40357473239851915,0.2293796617699263,0.045408557277721605,0.7599773597621711
evaluation-022,2,prior,32,r,6.282134476803925,4.975672527799674,1.7362539822067904,2.2964690652595467,7.685828345974859
evaluation-022,2,prior,32,b,1.2786973451919341,1.7546970420143801,0.727033170622151,0.6089588587816381,2.861311399810217
evaluation-022,2,prior,32,g,0.18654236992182271,0.40357473239851915,0.2293796617699263,0.045408557277721605,0.7599773597621711
evaluation-022,0,pooled,32,r,6.282134476803925,6.295776562813866,0.055389456608669986,6.200546184882125,6.380017322047615
evaluation-022,0,pooled,32,b,1.2786973451919341,1.270868494939276,0.05513947998863439,1.1829265314404682,1.363362348125469
evaluation-022,0,pooled,32,g,0.18654236992182271,0.154406525192055,0.07161640633555136,0.0364533615448176,0.2779341651184843
evaluation-022,1,pooled,32,r,6.282134476803925,6.295776562813866,0.055389456608669986,6.200546184882125,6.380017322047615
evaluation-022,1,pooled,32,b,1.2786973451919341,1.270868494939276,0.05513947998863439,1.1829265314404682,1.363362348125469
evaluation-022,1,pooled,32,g,0.18654236992182271,0.154406525192055,0.07161640633555136,0.0364533615448176,0.2779341651184843
evaluation-022,2,pooled,32,r,6.282134476803925,6.295776562813866,0.055389456608669986,6.200546184882125,6.380017322047615
evaluation-022,2,pooled,32,b,1.2786973451919341,1.270868494939276,0.05513947998863439,1.1829265314404682,1.363362348125469
evaluation-022,2,pooled,32,g,0.18654236992182271,0.154406525192055,0.07161640633555136,0.0364533615448176,0.2779341651184843
evaluation-022,0,private,32,r,6.282134476803925,6.230924541859894,0.07136725575824686,6.116130603079338,6.349231891131154
evaluation-022,0,private,32,b,1.2786973451919341,0.894595012900872,0.1543484997022669,0.6355265974246993,1.1500408892874796
evaluation-022,0,private,32,g,0.18654236992182271,0.585619411459612,0.1614199013018021,0.266184612659312,0.7872577445343035
evaluation-022,1,private,32,r,6.282134476803925,6.080023197492235,0.1759794771012017,5.8402942429094535,6.4154116586529435
evaluation-022,1,private,32,b,1.2786973451919341,1.4249509659147241,0.1508370621631788,1.1513650162820859,1.6408572891890914
evaluation-022,1,private,32,g,0.18654236992182271,0.347001220025918,0.2112633280904958,0.030124260995419705,0.7099706159911763
evaluation-022,2,private,32,r,6.282134476803925,6.310249021190241,0.09325057456951044,6.156182735804688,6.458648414107777
evaluation-022,2,private,32,b,1.2786973451919341,1.666853397223574,0.6720321493979001,0.6209959150720307,2.767920704236642
evaluation-022,2,private,32,g,0.18654236992182271,0.1434916292494587,0.096563562996669,0.011448323467279087,0.31028551070621474
evaluation-022,0,prior,64,r,6.282134476803925,4.975672527799674,1.7362539822067904,2.2964690652595467,7.685828345974859
evaluation-022,0,prior,64,b,1.2786973451919341,1.7546970420143801,0.727033170622151,0.6089588587816381,2.861311399810217
evaluation-022,0,prior,64,g,0.18654236992182271,0.40357473239851915,0.2293796617699263,0.045408557277721605,0.7599773597621711
evaluation-022,1,prior,64,r,6.282134476803925,4.975672527799674,1.7362539822067904,2.2964690652595467,7.685828345974859
evaluation-022,1,prior,64,b,1.2786973451919341,1.7546970420143801,0.727033170622151,0.6089588587816381,2.861311399810217
evaluation-022,1,prior,64,g,0.18654236992182271,0.40357473239851915,0.2293796617699263,0.045408557277721605,0.7599773597621711
evaluation-022,2,prior,64,r,6.282134476803925,4.975672527799674,1.7362539822067904,2.2964690652595467,7.685828345974859
evaluation-022,2,prior,64,b,1.2786973451919341,1.7546970420143801,0.727033170622151,0.6089588587816381,2.861311399810217
evaluation-022,2,prior,64,g,0.18654236992182271,0.40357473239851915,0.2293796617699263,0.045408557277721605,0.7599773597621711
evaluation-022,0,pooled,64,r,6.282134476803925,6.285983401501136,0.043430940603804015,6.212957686487609,6.360127382771106
evaluation-022,0,pooled,64,b,1.2786973451919341,1.2773621819369456,0.02780122238599498,1.2298978351975147,1.3245116436044193
evaluation-022,0,pooled,64,g,0.18654236992182271,0.17291786089975003,0.04068777108501,0.10415978353301936,0.23962496105105088
evaluation-022,1,pooled,64,r,6.282134476803925,6.285983401501136,0.043430940603804015,6.212957686487609,6.360127382771106
evaluation-022,1,pooled,64,b,1.2786973451919341,1.2773621819369456,0.02780122238599498,1.2298978351975147,1.3245116436044193
evaluation-022,1,pooled,64,g,0.18654236992182271,0.17291786089975003,0.04068777108501,0.10415978353301936,0.23962496105105088
evaluation-022,2,pooled,64,r,6.282134476803925,6.285983401501136,0.043430940603804015,6.212957686487609,6.360127382771106
evaluation-022,2,pooled,64,b,1.2786973451919341,1.2773621819369456,0.02780122238599498,1.2298978351975147,1.3245116436044193
evaluation-022,2,pooled,64,g,0.18654236992182271,0.17291786089975003,0.04068777108501,0.10415978353301936,0.23962496105105088
evaluation-022,0,private,64,r,6.282134476803925,6.273410226558037,0.06384521332554655,6.164616140755084,6.374532594421534
evaluation-022,0,private,64,b,1.2786973451919341,1.2852407780376847,0.04383802112110317,1.2157336778311696,1.3631370760069608
evaluation-022,0,private,64,g,0.18654236992182271,0.1823839716362027,0.11077097873472538,0.02292501262763391,0.37286405669735306
evaluation-022,1,private,64,r,6.282134476803925,6.246741579747091,0.14495350617286812,6.017338323784366,6.465928626590224
evaluation-022,1,private,64,b,1.2786973451919341,1.2963909218284357,0.10549633391114414,1.1269876945543866,1.4707959695317496
evaluation-022,1,private,64,g,0.18654236992182271,0.18298397074823622,0.07327265007414599,0.05780380481248775,0.30054941949964215
evaluation-022,2,private,64,r,6.282134476803925,6.337749800777063,0.08135556495053171,6.200879233961998,6.475611873564241
evaluation-022,2,private,64,b,1.2786973451919341,1.3336233543952425,0.09483323183761883,1.1779817632739358,1.4904103335963008
evaluation-022,2,private,64,g,0.18654236992182271,0.12229030725796244,0.07270110785477144,0.01598950517040153,0.24666100157709347
evaluation-022,0,prior,128,r,6.282134476803925,4.975672527799674,1.7362539822067904,2.2964690652595467,7.685828345974859
evaluation-022,0,prior,128,b,1.2786973451919341,1.7546970420143801,0.727033170622151,0.6089588587816381,2.861311399810217
evaluation-022,0,prior,128,g,0.18654236992182271,0.40357473239851915,0.2293796617699263,0.045408557277721605,0.7599773597621711
evaluation-022,1,prior,128,r,6.282134476803925,4.975672527799674,1.7362539822067904,2.2964690652595467,7.685828345974859
evaluation-022,1,prior,128,b,1.2786973451919341,1.7546970420143801,0.727033170622151,0.6089588587816381,2.861311399810217
evaluation-022,1,prior,128,g,0.18654236992182271,0.40357473239851915,0.2293796617699263,0.045408557277721605,0.7599773597621711
evaluation-022,2,prior,128,r,6.282134476803925,4.975672527799674,1.7362539822067904,2.2964690652595467,7.685828345974859
evaluation-022,2,prior,128,b,1.2786973451919341,1.7546970420143801,0.727033170622151,0.6089588587816381,2.861311399810217
evaluation-022,2,prior,128,g,0.18654236992182271,0.40357473239851915,0.2293796617699263,0.045408557277721605,0.7599773597621711
evaluation-022,0,pooled,128,r,6.282134476803925,6.270138003050927,0.035418569089225936,6.213059908545577,6.3308603142013755
evaluation-022,0,pooled,128,b,1.2786973451919341,1.2738190866588661,0.020312976604951197,1.2374653408840515,1.3063404104647016
evaluation-022,0,pooled,128,g,0.18654236992182271,0.19021071932520117,0.027452485010929405,0.14508857259943267,0.23668372564564738
evaluation-022,1,pooled,128,r,6.282134476803925,6.270138003050927,0.035418569089225936,6.213059908545577,6.3308603142013755
evaluation-022,1,pooled,128,b,1.2786973451919341,1.2738190866588661,0.020312976604951197,1.2374653408840515,1.3063404104647016
evaluation-022,1,pooled,128,g,0.18654236992182271,0.19021071932520117,0.027452485010929405,0.14508857259943267,0.23668372564564738
evaluation-022,2,pooled,128,r,6.282134476803925,6.270138003050927,0.035418569089225936,6.213059908545577,6.3308603142013755
evaluation-022,2,pooled,128,b,1.2786973451919341,1.2738190866588661,0.020312976604951197,1.2374653408840515,1.3063404104647016
evaluation-022,2,pooled,128,g,0.18654236992182271,0.19021071932520117,0.027452485010929405,0.14508857259943267,0.23668372564564738
evaluation-022,0,private,128,r,6.282134476803925,6.276911629678441,0.04880172760694164,6.1988001370277575,6.357076321526402
evaluation-022,0,private,128,b,1.2786973451919341,1.289244486692425,0.032142682346349406,1.2375908825958968,1.3427154300114794
evaluation-022,0,private,128,g,0.18654236992182271,0.16532435501269288,0.04793771175352149,0.08516810055859785,0.2424396548483904
evaluation-022,1,private,128,r,6.282134476803925,6.265715704899407,0.09229536724411418,6.111088175847164,6.423512423197572
evaluation-022,1,private,128,b,1.2786973451919341,1.2420919685654386,0.05594068808593345,1.1438531553055684,1.3308487092205123
evaluation-022,1,private,128,g,0.18654236992182271,0.22491531550281127,0.05093544847304981,0.13490344521018202,0.3028749746023468
evaluation-022,2,private,128,r,6.282134476803925,6.30831338650095,0.07646488508941024,6.183940126225718,6.437834711060037
evaluation-022,2,private,128,b,1.2786973451919341,1.2776481355919516,0.05594558826444724,1.192306087355833,1.375063323113458
evaluation-022,2,private,128,g,0.18654236992182271,0.1530608230403823,0.06924800930123202,0.03166221013743358,0.269834474815193
evaluation-023,0,prior,0,r,6.344166892688026,5.034400766241419,1.7064211125554898,2.2805129173692182,7.654989192319177
evaluation-023,0,prior,0,b,0.7242530636222202,1.7543272683090765,0.7303405213914396,0.6232940558009658,2.882915865701239
evaluation-023,0,prior,0,g,0.099595243914288,0.39678074974394006,0.2299968302809772,0.04491672945882989,0.752443157083952
evaluation-023,1,prior,0,r,6.344166892688026,5.034400766241419,1.7064211125554898,2.2805129173692182,7.654989192319177
evaluation-023,1,prior,0,b,0.7242530636222202,1.7543272683090765,0.7303405213914396,0.6232940558009658,2.882915865701239
evaluation-023,1,prior,0,g,0.099595243914288,0.39678074974394006,0.2299968302809772,0.04491672945882989,0.752443157083952
evaluation-023,2,prior,0,r,6.344166892688026,5.034400766241419,1.7064211125554898,2.2805129173692182,7.654989192319177
evaluation-023,2,prior,0,b,0.7242530636222202,1.7543272683090765,0.7303405213914396,0.6232940558009658,2.882915865701239
evaluation-023,2,prior,0,g,0.099595243914288,0.39678074974394006,0.2299968302809772,0.04491672945882989,0.752443157083952
evaluation-023,0,pooled,0,r,6.344166892688026,5.034400766241419,1.7064211125554898,2.2805129173692182,7.654989192319177
evaluation-023,0,pooled,0,b,0.7242530636222202,1.7543272683090765,0.7303405213914396,0.6232940558009658,2.882915865701239
evaluation-023,0,pooled,0,g,0.099595243914288,0.39678074974394006,0.2299968302809772,0.04491672945882989,0.752443157083952
evaluation-023,1,pooled,0,r,6.344166892688026,5.034400766241419,1.7064211125554898,2.2805129173692182,7.654989192319177
evaluation-023,1,pooled,0,b,0.7242530636222202,1.7543272683090765,0.7303405213914396,0.6232940558009658,2.882915865701239
evaluation-023,1,pooled,0,g,0.099595243914288,0.39678074974394006,0.2299968302809772,0.04491672945882989,0.752443157083952
evaluation-023,2,pooled,0,r,6.344166892688026,5.034400766241419,1.7064211125554898,2.2805129173692182,7.654989192319177
evaluation-023,2,pooled,0,b,0.7242530636222202,1.7543272683090765,0.7303405213914396,0.6232940558009658,2.882915865701239
evaluation-023,2,pooled,0,g,0.099595243914288,0.39678074974394006,0.2299968302809772,0.04491672945882989,0.752443157083952
evaluation-023,0,private,0,r,6.344166892688026,5.034400766241419,1.7064211125554898,2.2805129173692182,7.654989192319177
evaluation-023,0,private,0,b,0.7242530636222202,1.7543272683090765,0.7303405213914396,0.6232940558009658,2.882915865701239
evaluation-023,0,private,0,g,0.099595243914288,0.39678074974394006,0.2299968302809772,0.04491672945882989,0.752443157083952
evaluation-023,1,private,0,r,6.344166892688026,5.034400766241419,1.7064211125554898,2.2805129173692182,7.654989192319177
evaluation-023,1,private,0,b,0.7242530636222202,1.7543272683090765,0.7303405213914396,0.6232940558009658,2.882915865701239
evaluation-023,1,private,0,g,0.099595243914288,0.39678074974394006,0.2299968302809772,0.04491672945882989,0.752443157083952
evaluation-023,2,private,0,r,6.344166892688026,5.034400766241419,1.7064211125554898,2.2805129173692182,7.654989192319177
evaluation-023,2,private,0,b,0.7242530636222202,1.7543272683090765,0.7303405213914396,0.6232940558009658,2.882915865701239
evaluation-023,2,private,0,g,0.099595243914288,0.39678074974394006,0.2299968302809772,0.04491672945882989,0.752443157083952
evaluation-023,0,prior,4,r,6.344166892688026,5.034400766241419,1.7064211125554898,2.2805129173692182,7.654989192319177
evaluation-023,0,prior,4,b,0.7242530636222202,1.7543272683090765,0.7303405213914396,0.6232940558009658,2.882915865701239
evaluation-023,0,prior,4,g,0.099595243914288,0.39678074974394006,0.2299968302809772,0.04491672945882989,0.752443157083952
evaluation-023,1,prior,4,r,6.344166892688026,5.034400766241419,1.7064211125554898,2.2805129173692182,7.654989192319177
evaluation-023,1,prior,4,b,0.7242530636222202,1.7543272683090765,0.7303405213914396,0.6232940558009658,2.882915865701239
evaluation-023,1,prior,4,g,0.099595243914288,0.39678074974394006,0.2299968302809772,0.04491672945882989,0.752443157083952
evaluation-023,2,prior,4,r,6.344166892688026,5.034400766241419,1.7064211125554898,2.2805129173692182,7.654989192319177
evaluation-023,2,prior,4,b,0.7242530636222202,1.7543272683090765,0.7303405213914396,0.6232940558009658,2.882915865701239
evaluation-023,2,prior,4,g,0.099595243914288,0.39678074974394006,0.2299968302809772,0.04491672945882989,0.752443157083952
evaluation-023,0,pooled,4,r,6.344166892688026,6.332032945998686,0.06036007663275004,6.23913665877865,6.441862952125373
evaluation-023,0,pooled,4,b,0.7242530636222202,0.7857827916461237,0.20228245251770272,0.5262971981877855,1.1765905721254326
evaluation-023,0,pooled,4,g,0.099595243914288,0.4121912773043318,0.23895123469156057,0.02274885652657599,0.785298548686844
evaluation-023,1,pooled,4,r,6.344166892688026,6.332032945998686,0.06036007663275004,6.23913665877865,6.441862952125373
evaluation-023,1,pooled,4,b,0.7242530636222202,0.7857827916461237,0.20228245251770272,0.5262971981877855,1.1765905721254326
evaluation-023,1,pooled,4,g,0.099595243914288,0.4121912773043318,0.23895123469156057,0.02274885652657599,0.785298548686844
evaluation-023,2,pooled,4,r,6.344166892688026,6.332032945998686,0.06036007663275004,6.23913665877865,6.441862952125373
evaluation-023,2,pooled,4,b,0.7242530636222202,0.7857827916461237,0.20228245251770272,0.5262971981877855,1.1765905721254326
evaluation-023,2,pooled,4,g,0.099595243914288,0.4121912773043318,0.23895123469156057,0.02274885652657599,0.785298548686844
evaluation-023,0,private,4,r,6.344166892688026,6.2049332742873515,0.10653688236179774,6.05233916804092,6.394042300149315
evaluation-023,0,private,4,b,0.7242530636222202,0.9035519364702148,0.26758495106902175,0.5489682201154849,1.4033648221421007
evaluation-023,0,private,4,g,0.099595243914288,0.39297810320426335,0.2307595874641751,0.03226980434925522,0.7581832929658981
evaluation-023,1,private,4,r,6.344166892688026,6.350625676520725,0.15491090784278239,6.109529162450343,6.613267978283956
evaluation-023,1,private,4,b,0.7242530636222202,1.711337254013737,0.7199163347006104,0.6224984578646535,2.888123852907149
evaluation-023,1,private,4,g,0.099595243914288,0.39066583286725387,0.2257093341490107,0.03693842362386408,0.7512901523829145
evaluation-023,2,private,4,r,6.344166892688026,6.3730477328419495,0.09375990508071762,6.238762149264,6.531687599416002
evaluation-023,2,private,4,b,0.7242530636222202,1.1324911778641333,0.47017061296580415,0.5490783444576873,2.0615128754841114
evaluation-023,2,private,4,g,0.099595243914288,0.3068587061550934,0.23420802044666417,0.018228854538065508,0.765626347415733
evaluation-023,0,prior,8,r,6.344166892688026,5.034400766241419,1.7064211125554898,2.2805129173692182,7.654989192319177
evaluation-023,0,prior,8,b,0.7242530636222202,1.7543272683090765,0.7303405213914396,0.6232940558009658,2.882915865701239
evaluation-023,0,prior,8,g,0.099595243914288,0.39678074974394006,0.2299968302809772,0.04491672945882989,0.752443157083952
evaluation-023,1,prior,8,r,6.344166892688026,5.034400766241419,1.7064211125554898,2.2805129173692182,7.654989192319177
evaluation-023,1,prior,8,b,0.7242530636222202,1.7543272683090765,0.7303405213914396,0.6232940558009658,2.882915865701239
evaluation-023,1,prior,8,g,0.099595243914288,0.39678074974394006,0.2299968302809772,0.04491672945882989,0.752443157083952
evaluation-023,2,prior,8,r,6.344166892688026,5.034400766241419,1.7064211125554898,2.2805129173692182,7.654989192319177
evaluation-023,2,prior,8,b,0.7242530636222202,1.7543272683090765,0.7303405213914396,0.6232940558009658,2.882915865701239
evaluation-023,2,prior,8,g,0.099595243914288,0.39678074974394006,0.2299968302809772,0.04491672945882989,0.752443157083952
evaluation-023,0,pooled,8,r,6.344166892688026,6.32532288352613,0.05903318724519811,6.231309010583487,6.43486493979556
evaluation-023,0,pooled,8,b,0.7242530636222202,0.7950115390980651,0.20652478192192772,0.5280900920146165,1.1869929387876657
evaluation-023,0,pooled,8,g,0.099595243914288,0.42122455796256303,0.23840142278839208,0.02274885652657599,0.7883843631206761
evaluation-023,1,pooled,8,r,6.344166892688026,6.32532288352613,0.05903318724519811,6.231309010583487,6.43486493979556
evaluation-023,1,pooled,8,b,0.7242530636222202,0.7950115390980651,0.20652478192192772,0.5280900920146165,1.1869929387876657
evaluation-023,1,pooled,8,g,0.099595243914288,0.42122455796256303,0.23840142278839208,0.02274885652657599,0.7883843631206761
evaluation-023,2,pooled,8,r,6.344166892688026,6.32532288352613,0.05903318724519811,6.231309010583487,6.43486493979556
evaluation-023,2,pooled,8,b,0.7242530636222202,0.7950115390980651,0.20652478192192772,0.5280900920146165,1.1869929387876657
evaluation-023,2,pooled,8,g,0.099595243914288,0.42122455796256303,0.23840142278839208,0.02274885652657599,0.7883843631206761
evaluation-023,0,private,8,r,6.344166892688026,6.200903109394241,0.10429900815621022,6.05233916804092,6.389386819042466
evaluation-023,0,private,8,b,0.7242530636222202,0.9179023146276601,0.2691338956958082,0.5495062351630746,1.429645340504935
evaluation-023,0,private,8,g,0.099595243914288,0.3986522421120952,0.22951837133315117,0.0417776397002066,0.7588713807613926
evaluation-023,1,private,8,r,6.344166892688026,6.33562056441038,0.15375583661609993,6.103315850120298,6.602319480037216
evaluation-023,1,private,8,b,0.7242530636222202,1.7149161168325056,0.7203662614208777,0.6224984578646535,2.888417698635
evaluation-023,1,private,8,g,0.099595243914288,0.39422162750372497,0.2258652988231263,0.03752002320070014,0.7539358067639861
evaluation-023,2,private,8,r,6.344166892688026,6.367627269308283,0.0926236322740402,6.234925657398042,6.525150509318357
evaluation-023,2,private,8,b,0.7242530636222202,1.1457780337869088,0.47585532846229994,0.5513559695122068,2.068733936545872
evaluation-023,2,private,8,g,0.099595243914288,0.3121805351827664,0.2347958341476926,0.018228854538065508,0.769657324603994
evaluation-023,0,prior,16,r,6.344166892688026,5.034400766241419,1.7064211125554898,2.2805129173692182,7.654989192319177
evaluation-023,0,prior,16,b,0.7242530636222202,1.7543272683090765,0.7303405213914396,0.6232940558009658,2.882915865701239
evaluation-023,0,prior,16,g,0.099595243914288,0.39678074974394006,0.2299968302809772,0.04491672945882989,0.752443157083952
evaluation-023,1,prior,16,r,6.344166892688026,5.034400766241419,1.7064211125554898,2.2805129173692182,7.654989192319177
evaluation-023,1,prior,16,b,0.7242530636222202,1.7543272683090765,0.7303405213914396,0.6232940558009658,2.882915865701239
evaluation-023,1,prior,16,g,0.099595243914288,0.39678074974394006,0.2299968302809772,0.04491672945882989,0.752443157083952
evaluation-023,2,prior,16,r,6.344166892688026,5.034400766241419,1.7064211125554898,2.2805129173692182,7.654989192319177
evaluation-023,2,prior,16,b,0.7242530636222202,1.7543272683090765,0.7303405213914396,0.6232940558009658,2.882915865701239
evaluation-023,2,prior,16,g,0.099595243914288,0.39678074974394006,0.2299968302809772,0.04491672945882989,0.752443157083952
evaluation-023,0,pooled,16,r,6.344166892688026,6.342092258368584,0.055677665860422006,6.260359357169526,6.4365726432412504
evaluation-023,0,pooled,16,b,0.7242530636222202,0.7854772020801607,0.08445694600549346,0.6416101654335005,0.9096396157959719
evaluation-023,0,pooled,16,g,0.099595243914288,0.13944269776415788,0.09431471367768356,0.010280403380295856,0.3132442998821923
evaluation-023,1,pooled,16,r,6.344166892688026,6.342092258368584,0.055677665860422006,6.260359357169526,6.4365726432412504
evaluation-023,1,pooled,16,b,0.7242530636222202,0.7854772020801607,0.08445694600549346,0.6416101654335005,0.9096396157959719
evaluation-023,1,pooled,16,g,0.099595243914288,0.13944269776415788,0.09431471367768356,0.010280403380295856,0.3132442998821923
evaluation-023,2,pooled,16,r,6.344166892688026,6.342092258368584,0.055677665860422006,6.260359357169526,6.4365726432412504
evaluation-023,2,pooled,16,b,0.7242530636222202,0.7854772020801607,0.08445694600549346,0.6416101654335005,0.9096396157959719
evaluation-023,2,pooled,16,g,0.099595243914288,0.13944269776415788,0.09431471367768356,0.010280403380295856,0.3132442998821923
evaluation-023,0,private,16,r,6.344166892688026,6.27374940354843,0.1076746225182316,6.097549425758284,6.443622518069332
evaluation-023,0,private,16,b,0.7242530636222202,0.8101250196513926,0.11937452635474458,0.5934833410273804,0.9985738026670651
evaluation-023,0,private,16,g,0.099595243914288,0.4108657295945766,0.23211227761087808,0.037506819447783495,0.7671114678886459
evaluation-023,1,private,16,r,6.344166892688026,6.247019428721206,0.11694552355483408,6.081080013632531,6.467066902727989
evaluation-023,1,private,16,b,0.7242530636222202,1.727430831082484,0.7262503471816064,0.616190772319513,2.8749775581005648
evaluation-023,1,private,16,g,0.099595243914288,0.2816279085739915,0.1886842125813644,0.02526149191628832,0.6333512988911328
evaluation-023,2,private,16,r,6.344166892688026,6.372983434466125,0.07774709258707153,6.263281169946369,6.514288436811048
evaluation-023,2,private,16,b,0.7242530636222202,0.6923873783651896,0.1509161564900043,0.5121489885708055,0.9786901523758104
evaluation-023,2,private,16,g,0.099595243914288,0.1492380935996324,0.11646238010656994,0.011705978725247822,0.3698114526404409
evaluation-023,0,prior,32,r,6.344166892688026,5.034400766241419,1.7064211125554898,2.2805129173692182,7.654989192319177
evaluation-023,0,prior,32,b,0.7242530636222202,1.7543272683090765,0.7303405213914396,0.6232940558009658,2.882915865701239
evaluation-023,0,prior,32,g,0.099595243914288,0.39678074974394006,0.2299968302809772,0.04491672945882989,0.752443157083952
evaluation-023,1,prior,32,r,6.344166892688026,5.034400766241419,1.7064211125554898,2.2805129173692182,7.654989192319177
evaluation-023,1,prior,32,b,0.7242530636222202,1.7543272683090765,0.7303405213914396,0.6232940558009658,2.882915865701239
evaluation-023,1,prior,32,g,0.099595243914288,0.39678074974394006,0.2299968302809772,0.04491672945882989,0.752443157083952
evaluation-023,2,prior,32,r,6.344166892688026,5.034400766241419,1.7064211125554898,2.2805129173692182,7.654989192319177
evaluation-023,2,prior,32,b,0.7242530636222202,1.7543272683090765,0.7303405213914396,0.6232940558009658,2.882915865701239
evaluation-023,2,prior,32,g,0.099595243914288,0.39678074974394006,0.2299968302809772,0.04491672945882989,0.752443157083952
evaluation-023,0,pooled,32,r,6.344166892688026,6.340038700122727,0.050182193847730386,6.255479899941071,6.420597861674914
evaluation-023,0,pooled,32,b,0.7242530636222202,0.8077887539679421,0.056891419667458316,0.7123787087285163,0.8992325804046085
evaluation-023,0,pooled,32,g,0.099595243914288,0.0987349813091815,0.05474649149853847,0.013850795658973888,0.19374482260004994
evaluation-023,1,pooled,32,r,6.344166892688026,6.340038700122727,0.050182193847730386,6.255479899941071,6.420597861674914
evaluation-023,1,pooled,32,b,0.7242530636222202,0.8077887539679421,0.056891419667458316,0.7123787087285163,0.8992325804046085
evaluation-023,1,pooled,32,g,0.099595243914288,0.0987349813091815,0.05474649149853847,0.013850795658973888,0.19374482260004994
evaluation-023,2,pooled,32,r,6.344166892688026,6.340038700122727,0.050182193847730386,6.255479899941071,6.420597861674914
evaluation-023,2,pooled,32,b,0.7242530636222202,0.8077887539679421,0.056891419667458316,0.7123787087285163,0.8992325804046085
evaluation-023,2,pooled,32,g,0.099595243914288,0.0987349813091815,0.05474649149853847,0.013850795658973888,0.19374482260004994
evaluation-023,0,private,32,r,6.344166892688026,6.254258467588551,0.10332342963801734,6.092422124467278,6.420189229145574
evaluation-023,0,private,32,b,0.7242530636222202,0.8211318079728249,0.10534769770715295,0.6297027349917628,0.9838533787717879
evaluation-023,0,private,32,g,0.099595243914288,0.42131361073390755,0.22818495911218212,0.05518042405080341,0.7686416958000598
evaluation-023,1,private,32,r,6.344166892688026,6.306895809287532,0.09497402043705103,6.146808101348592,6.454836551088685
evaluation-023,1,private,32,b,0.7242530636222202,1.583766406620155,0.6346691011321984,0.6116111220060458,2.6494178517503273
evaluation-023,1,private,32,g,0.099595243914288,0.13274681737413477,0.08722828580989386,0.01079993299610007,0.28891476323699483
evaluation-023,2,private,32,r,6.344166892688026,6.363762976180064,0.07372612102514932,6.255026845988382,6.49383486170499
evaluation-023,2,private,32,b,0.7242530636222202,0.6768568694585094,0.1299106769601172,0.5123408532375034,0.9219639516385446
evaluation-023,2,private,32,g,0.099595243914288,0.15202492510884386,0.1142649588386082,0.012680711491588784,0.36480526006347364
evaluation-023,0,prior,64,r,6.344166892688026,5.034400766241419,1.7064211125554898,2.2805129173692182,7.654989192319177
evaluation-023,0,prior,64,b,0.7242530636222202,1.7543272683090765,0.7303405213914396,0.6232940558009658,2.882915865701239
evaluation-023,0,prior,64,g,0.099595243914288,0.39678074974394006,0.2299968302809772,0.04491672945882989,0.752443157083952
evaluation-023,1,prior,64,r,6.344166892688026,5.034400766241419,1.7064211125554898,2.2805129173692182,7.654989192319177
evaluation-023,1,prior,64,b,0.7242530636222202,1.7543272683090765,0.7303405213914396,0.6232940558009658,2.882915865701239
evaluation-023,1,prior,64,g,0.099595243914288,0.39678074974394006,0.2299968302809772,0.04491672945882989,0.752443157083952
evaluation-023,2,prior,64,r,6.344166892688026,5.034400766241419,1.7064211125554898,2.2805129173692182,7.654989192319177
evaluation-023,2,prior,64,b,0.7242530636222202,1.7543272683090765,0.7303405213914396,0.6232940558009658,2.882915865701239
evaluation-023,2,prior,64,g,0.099595243914288,0.39678074974394006,0.2299968302809772,0.04491672945882989,0.752443157083952
evaluation-023,0,pooled,64,r,6.344166892688026,6.372486164098995,0.040184685975501136,6.304229063034388,6.431288708635242
evaluation-023,0,pooled,64,b,0.7242530636222202,0.7514609013982166,0.03193757439990062,0.696439687612595,0.8050608931130555
evaluation-023,0,pooled,64,g,0.099595243914288,0.058863203569250185,0.03426533533761914,0.008374823813041124,0.12157758255769562
evaluation-023,1,pooled,64,r,6.344166892688026,6.372486164098995,0.040184685975501136,6.304229063034388,6.431288708635242
evaluation-023,1,pooled,64,b,0.7242530636222202,0.7514609013982166,0.03193757439990062,0.696439687612595,0.8050608931130555
evaluation-023,1,pooled,64,g,0.099595243914288,0.058863203569250185,0.03426533533761914,0.008374823813041124,0.12157758255769562
evaluation-023,2,pooled,64,r,6.344166892688026,6.372486164098995,0.040184685975501136,6.304229063034388,6.431288708635242
evaluation-023,2,pooled,64,b,0.7242530636222202,0.7514609013982166,0.03193757439990062,0.696439687612595,0.8050608931130555
evaluation-023,2,pooled,64,g,0.099595243914288,0.058863203569250185,0.03426533533761914,0.008374823813041124,0.12157758255769562
evaluation-023,0,private,64,r,6.344166892688026,6.341646322681347,0.07888898684867554,6.202221109277983,6.465008863989912
evaluation-023,0,private,64,b,0.7242530636222202,0.7816990016306358,0.07957175131860193,0.6539855680496834,0.915771176402332
evaluation-023,0,private,64,g,0.099595243914288,0.07729213396030257,0.04606079593002505,0.008947833267895668,0.15847928371180248
evaluation-023,1,private,64,r,6.344166892688026,6.283335033100536,0.09709878449864762,6.125669153980229,6.459500754799891
evaluation-023,1,private,64,b,0.7242530636222202,0.6364192541506184,0.07441145411836066,0.5253750987574533,0.7668028854197764
evaluation-023,1,private,64,g,0.099595243914288,0.146916585806103,0.08570788374351342,0.01721498903201785,0.28659787499838124
evaluation-023,2,private,64,r,6.344166892688026,6.35412508480767,0.07074551113831729,6.251308155623983,6.47459283481376
evaluation-023,2,private,64,b,0.7242530636222202,0.6700293183868156,0.07203096481589558,0.5533356280718409,0.7903622731144434
evaluation-023,2,private,64,g,0.099595243914288,0.22919320615371355,0.1296457747863313,0.031131416258104973,0.45640187512680996
evaluation-023,0,prior,128,r,6.344166892688026,5.034400766241419,1.7064211125554898,2.2805129173692182,7.654989192319177
evaluation-023,0,prior,128,b,0.7242530636222202,1.7543272683090765,0.7303405213914396,0.6232940558009658,2.882915865701239
evaluation-023,0,prior,128,g,0.099595243914288,0.39678074974394006,0.2299968302809772,0.04491672945882989,0.752443157083952
evaluation-023,1,prior,128,r,6.344166892688026,5.034400766241419,1.7064211125554898,2.2805129173692182,7.654989192319177
evaluation-023,1,prior,128,b,0.7242530636222202,1.7543272683090765,0.7303405213914396,0.6232940558009658,2.882915865701239
evaluation-023,1,prior,128,g,0.099595243914288,0.39678074974394006,0.2299968302809772,0.04491672945882989,0.752443157083952
evaluation-023,2,prior,128,r,6.344166892688026,5.034400766241419,1.7064211125554898,2.2805129173692182,7.654989192319177
evaluation-023,2,prior,128,b,0.7242530636222202,1.7543272683090765,0.7303405213914396,0.6232940558009658,2.882915865701239
evaluation-023,2,prior,128,g,0.099595243914288,0.39678074974394006,0.2299968302809772,0.04491672945882989,0.752443157083952
evaluation-023,0,pooled,128,r,6.344166892688026,6.373884635256755,0.03579406493590694,6.317006938393198,6.4274921797513285
evaluation-023,0,pooled,128,b,0.7242530636222202,0.7334760485180647,0.023030045015038265,0.6921506761488292,0.7685047036824084
evaluation-023,0,pooled,128,g,0.099595243914288,0.06476749381081881,0.03003738457526762,0.015763474245395558,0.11536383132880165
evaluation-023,1,pooled,128,r,6.344166892688026,6.373884635256755,0.03579406493590694,6.317006938393198,6.4274921797513285
evaluation-023,1,pooled,128,b,0.7242530636222202,0.7334760485180647,0.023030045015038265,0.6921506761488292,0.7685047036824084
evaluation-023,1,pooled,128,g,0.099595243914288,0.06476749381081881,0.03003738457526762,0.015763474245395558,0.11536383132880165
evaluation-023,2,pooled,128,r,6.344166892688026,6.373884635256755,0.03579406493590694,6.317006938393198,6.4274921797513285
evaluation-023,2,pooled,128,b,0.7242530636222202,0.7334760485180647,0.023030045015038265,0.6921506761488292,0.7685047036824084
evaluation-023,2,pooled,128,g,0.099595243914288,0.06476749381081881,0.03003738457526762,0.015763474245395558,0.11536383132880165
evaluation-023,0,private,128,r,6.344166892688026,6.348535569317128,0.056651414184237185,6.253429049890603,6.434097528312604
evaluation-023,0,private,128,b,0.7242530636222202,0.7667818717291559,0.046276500471339306,0.6882654175450125,0.8390800593669282
evaluation-023,0,private,128,g,0.099595243914288,0.07700866060055563,0.041479273112966536,0.011959003925257337,0.1523100800062265
evaluation-023,1,private,128,r,6.344166892688026,6.292080628714119,0.08083888336966571,6.16754465141413,6.422196900833423
evaluation-023,1,private,128,b,0.7242530636222202,0.7073751853664436,0.04033485268087735,0.6374584439753825,0.7705276117082931
evaluation-023,1,private,128,g,0.099595243914288,0.1346957106343815,0.06708996658471811,0.026441076028706274,0.25170127795181824
evaluation-023,2,private,128,r,6.344166892688026,6.387713691856103,0.06425522801755916,6.286477136763479,6.499767314652581
evaluation-023,2,private,128,b,0.7242530636222202,0.671796534188376,0.04645839140206637,0.5940886947486094,0.7454830428215834
evaluation-023,2,private,128,g,0.099595243914288,0.13781318960828182,0.06829533188310459,0.029468022671978414,0.2537961546699744
