arena_id,probe_id,probe_group,stock_before,capacity,own_infrastructure,other_infrastructure,true_growth,target
evaluation-000,0,uncapped,0.0,30.0,1.9854038943605459,0.2898014602668899,10.99232184256452,10.940468646139099
evaluation-000,1,capacity_control,30.0,30.0,0.13435095741972658,0.7651058351539071,0.0,-0.050346553522164585
evaluation-000,2,uncapped,0.0,30.0,1.169137090074284,0.9371116418469883,9.008184300055678,9.057101504783136
evaluation-000,3,capacity_control,28.0,30.0,0.09549295868526086,1.1884377444760201,2.0,1.9738874620138156
evaluation-000,4,uncapped,0.0,30.0,1.960734080035319,0.7922074545538338,10.064851252124926,10.035933694358667
evaluation-000,5,capacity_control,24.0,30.0,1.226392349133721,0.31910433475758215,6.0,6.074815408167271
evaluation-000,6,uncapped,0.0,30.0,1.8020575511500494,0.3269648417795423,9.696380011735192,9.643294374716017
evaluation-000,7,capacity_control,30.0,30.0,0.8402649985321431,1.2037365604979795,0.0,-0.024844225738250632
evaluation-000,8,uncapped,0.0,30.0,1.376334884548698,1.8080161072560739,9.803762866686865,9.881711531650229
evaluation-000,9,capacity_control,28.0,30.0,1.7768113801180327,1.136202762677767,2.0,1.9747341469237987
evaluation-000,10,uncapped,0.0,30.0,0.458796890573405,0.5304484492037538,6.432873222462642,6.4615784518435335
evaluation-000,11,capacity_control,24.0,30.0,0.1276711675589557,0.5391480668983333,6.0,6.161810126288094
evaluation-000,12,uncapped,0.0,30.0,1.2953199865781815,1.704844835800211,9.903584198324548,9.824714426821975
evaluation-000,13,capacity_control,30.0,30.0,1.6114838483957807,0.639122378267849,0.0,0.02343213691243576
evaluation-000,14,uncapped,0.0,30.0,1.4473228335202002,0.6784119500313881,8.862120231930216,8.837958031804206
evaluation-000,15,capacity_control,28.0,30.0,0.4654528754050409,0.33686997911545147,2.0,1.9933376877292364
evaluation-000,16,uncapped,0.0,30.0,1.8771534054633008,1.4757134473880056,11.47444888695019,11.505422866972317
evaluation-000,17,capacity_control,24.0,30.0,1.6035655291301338,0.36218554400292424,6.0,5.981397642440376
evaluation-000,18,uncapped,0.0,30.0,1.8508860026478386,1.0241442250006298,10.94538910934082,10.905833995228003
evaluation-000,19,capacity_control,30.0,30.0,0.5466419357908701,1.1136106581813254,0.0,0.05987647781534072
evaluation-000,20,uncapped,0.0,30.0,1.603933698132751,1.557192190525925,11.280441649807186,11.23066421784775
evaluation-000,21,capacity_control,28.0,30.0,0.44987149711514407,1.489912056842037,2.0,1.9364932074665584
evaluation-000,22,uncapped,0.0,30.0,0.6983634360835018,1.4377266504325492,7.559794211722109,7.638805412234222
evaluation-000,23,capacity_control,24.0,30.0,1.6620943054742325,1.4997525627595147,6.0,6.048585537861595
evaluation-000,24,uncapped,0.0,30.0,1.2754447144853696,1.1020309701780762,9.985696892237693,9.920543347633327
evaluation-000,25,capacity_control,30.0,30.0,0.12383546166631088,0.5829276418257934,0.0,-0.05054693939157156
evaluation-000,26,uncapped,0.0,30.0,0.17946103275714775,0.8426316277127395,7.206168356957208,7.17121171590602
evaluation-000,27,capacity_control,28.0,30.0,1.2903509566614864,0.4811553368719297,2.0,1.9126808328877467
evaluation-000,28,uncapped,0.0,30.0,1.3656745604469596,0.9859264998042063,9.18893417029455,9.18236838431794
evaluation-000,29,capacity_control,24.0,30.0,0.5575204676873022,1.3157709626937164,6.0,6.096473652885848
evaluation-000,30,uncapped,0.0,30.0,1.0600459706617509,1.472165032383205,9.4785000131665,9.345014065168378
evaluation-000,31,capacity_control,30.0,30.0,0.76850056718864,1.0715523409017074,0.0,-0.03436738462651699
evaluation-000,32,uncapped,0.0,30.0,0.42892266660253986,0.4934142302239486,7.934541951088965,7.976092624235567
evaluation-000,33,capacity_control,28.0,30.0,1.795221934470154,0.23401031171005848,2.0,1.9656995849056143
evaluation-000,34,uncapped,0.0,30.0,0.7234304528401236,0.5321705400491268,8.230646673598521,8.312233746964875
evaluation-000,35,capacity_control,24.0,30.0,1.0326297660091333,0.9742396181887132,6.0,6.033803579218793
evaluation-000,36,uncapped,0.0,30.0,1.8520767144893784,0.8944432275887759,9.877027790370576,9.81938842825905
evaluation-000,37,capacity_control,30.0,30.0,1.4764089014860804,1.4554235599675551,0.0,0.0013250538179026272
evaluation-000,38,uncapped,0.0,30.0,0.06800006957125837,1.2881772483225238,6.280232479454855,6.270894291784807
evaluation-000,39,capacity_control,28.0,30.0,1.342970671926396,0.3749445418335109,2.0,2.0055475821265474
evaluation-000,40,uncapped,0.0,30.0,0.02359544528254931,1.3295927987095337,5.944818028992784,5.933493365246247
evaluation-000,41,capacity_control,24.0,30.0,1.9594146245282626,1.4575559306525177,6.0,6.043559080703737
evaluation-000,42,uncapped,0.0,30.0,1.0977208697712066,1.037780716585619,9.076291945691299,9.10755839307921
evaluation-000,43,capacity_control,30.0,30.0,0.3307933594241155,0.24204603118083234,0.0,-0.05455374515347679
evaluation-000,44,uncapped,0.0,30.0,0.026459382568584155,1.358530735517253,7.039594355376187,7.130632211794251
evaluation-000,45,capacity_control,28.0,30.0,1.947149612826956,1.5132616835753705,2.0,1.9881845393088031
evaluation-000,46,uncapped,0.0,30.0,1.9448080813470099,0.7327285536443251,10.906425199869776,10.902204472820893
evaluation-000,47,capacity_control,24.0,30.0,0.4110977192132059,0.19465658856928303,6.0,5.991498036786842
evaluation-000,48,uncapped,0.0,30.0,0.11947653371394873,1.071685120221012,7.233518318998679,7.220120661382587
evaluation-000,49,capacity_control,30.0,30.0,0.41601181343531746,0.48816302510243803,0.0,0.07191858123680253
evaluation-000,50,uncapped,0.0,30.0,0.7272361515676549,1.0110767747134584,8.13458361381808,8.25993988605353
evaluation-000,51,capacity_control,28.0,30.0,0.04113219044476524,0.2601150261695455,2.0,2.0134910666626746
evaluation-000,52,uncapped,0.0,30.0,0.7346043701806315,0.17455635856794083,7.435994749402724,7.494156315638559
evaluation-000,53,capacity_control,24.0,30.0,1.5958410357756942,1.0803624352698298,6.0,5.980618258844657
evaluation-000,54,uncapped,0.0,30.0,1.177902239285096,1.8615923523285247,9.012213627341552,8.975141090175715
evaluation-000,55,capacity_control,30.0,30.0,1.7679772521099155,0.8683750718747199,0.0,0.02918760943210852
evaluation-000,56,uncapped,0.0,30.0,1.4973302592711848,1.3764809387365662,9.710844313576054,9.634399005090991
evaluation-000,57,capacity_control,28.0,30.0,1.1118594573776366,1.3270529765829875,2.0,2.0958819960300734
evaluation-000,58,uncapped,0.0,30.0,1.6189031045431685,1.1338720628129162,10.4194189963508,10.438109122806317
evaluation-000,59,capacity_control,24.0,30.0,0.911867727726827,1.96237600422375,6.0,6.046676394564183
evaluation-000,60,uncapped,0.0,30.0,0.4753378249624147,1.6978909619589908,7.982573383670686,8.022531718712738
evaluation-000,61,capacity_control,30.0,30.0,0.9076054205387882,1.5031152031688668,0.0,0.035303176767485726
evaluation-000,62,uncapped,0.0,30.0,0.27019637840262734,1.0865961567257123,7.647178679933043,7.639163470506205
evaluation-000,63,capacity_control,28.0,30.0,1.0873221040835899,1.2986499791673505,2.0,2.024469473043846
evaluation-001,0,uncapped,0.0,30.0,1.9793375422615018,0.3123587234302485,8.616512450340732,8.615457894433781
evaluation-001,1,capacity_control,30.0,30.0,0.44896626857318345,0.1307281318279081,0.0,-0.04084502144746223
evaluation-001,2,uncapped,0.0,30.0,0.62385720497268,1.370998249722707,6.571884784619553,6.518049382244176
evaluation-001,3,capacity_control,28.0,30.0,0.9639184223431749,0.4242592710358195,2.0,1.9474251770754936
evaluation-001,4,uncapped,0.0,30.0,0.8014582083350745,0.6516610215687646,5.97019061107277,5.917442141772348
evaluation-001,5,capacity_control,24.0,30.0,0.7341645345944265,1.807391261260453,6.0,5.995986385998924
evaluation-001,6,uncapped,0.0,30.0,1.8355768845534703,0.055355192399955566,8.479875648612822,8.522571735598364
evaluation-001,7,capacity_control,30.0,30.0,1.1032757893434406,0.2506125833049868,0.0,-0.1353886231449927
evaluation-001,8,uncapped,0.0,30.0,1.6319402459724537,1.7653136044719189,8.354765832594573,8.32420502747555
evaluation-001,9,capacity_control,28.0,30.0,1.022852926447091,1.1995223273489692,2.0,1.9784010250953445
evaluation-001,10,uncapped,0.0,30.0,1.6808091089775854,0.9343267590483184,8.55683481095971,8.58803192737174
evaluation-001,11,capacity_control,24.0,30.0,0.7044220675515867,0.9571823963338202,5.740983389922581,5.788753552060423
evaluation-001,12,uncapped,0.0,30.0,0.9289628962360561,1.2190140427943996,7.445384875498194,7.391336354459611
evaluation-001,13,capacity_control,30.0,30.0,1.2354109318928608,1.3957774129354394,0.0,0.09767896978538262
evaluation-001,14,uncapped,0.0,30.0,1.339982475292629,0.48561857469142544,7.403428685604095,7.367796445058951
evaluation-001,15,capacity_control,28.0,30.0,0.49529443875634493,1.8164530352838113,2.0,2.011707503793397
evaluation-001,16,uncapped,0.0,30.0,0.4757089750769419,0.04608604078480627,5.79450237732927,5.844459646891572
evaluation-001,17,capacity_control,24.0,30.0,0.05935046723185389,0.6714297244676017,4.969358484123906,4.9358419184372275
evaluation-001,18,uncapped,0.0,30.0,1.1274175799406818,0.6164270438296908,6.537855373436217,6.538770348197038
evaluation-001,19,capacity_control,30.0,30.0,0.4297187733949446,0.5852599045634181,0.0,-0.021609003840474972
evaluation-001,20,uncapped,0.0,30.0,1.8702353835157128,1.0667189218827335,9.255189845462445,9.28382223736229
evaluation-001,21,capacity_control,28.0,30.0,1.4489253847145536,1.6531608290116464,2.0,2.002635645737073
evaluation-001,22,uncapped,0.0,30.0,1.049936040594163,0.40106455760851967,6.751194526482011,6.804987415813792
evaluation-001,23,capacity_control,24.0,30.0,0.3858909493277871,1.4986570575648996,5.8396598867388425,5.879191854663394
evaluation-001,24,uncapped,0.0,30.0,0.2287157385211045,0.6936306017944003,4.628512485562519,4.6579586793970025
evaluation-001,25,capacity_control,30.0,30.0,0.5830122030827531,1.6738949815252175,0.0,0.048917343252985065
evaluation-001,26,uncapped,0.0,30.0,0.5780150506666286,0.2960087471668291,6.001720699503901,6.115021308152966
evaluation-001,27,capacity_control,28.0,30.0,1.1185377908855945,0.3897754688655446,2.0,1.9602312406625968
evaluation-001,28,uncapped,0.0,30.0,1.7308935249039603,1.8477932905126162,8.75508673528726,8.85860301926753
evaluation-001,29,capacity_control,24.0,30.0,0.9399579263108644,0.5352045337869211,6.0,6.039678556221621
evaluation-001,30,uncapped,0.0,30.0,1.2133284087320755,1.464729765275116,8.175506514326582,8.081054170125327
evaluation-001,31,capacity_control,30.0,30.0,0.40517773358446263,0.12410698400978903,0.0,0.06936729164276588
evaluation-001,32,uncapped,0.0,30.0,1.2336885223518161,1.0947390254895213,7.998222938868945,7.942259736364456
evaluation-001,33,capacity_control,28.0,30.0,0.6249047284342406,0.7765270193153557,2.0,2.029427218376672
evaluation-001,34,uncapped,0.0,30.0,0.09363472232854142,1.372314204421179,5.300540898053295,5.30889272839224
evaluation-001,35,capacity_control,24.0,30.0,0.9679103491779928,1.2679974512874845,6.0,5.976169075597372
evaluation-001,36,uncapped,0.0,30.0,1.8684299839250817,1.8156670496484122,9.675260484226726,9.704020336203365
evaluation-001,37,capacity_control,30.0,30.0,1.8001109266578341,0.3389864071454858,0.0,0.019390763218870538
evaluation-001,38,uncapped,0.0,30.0,1.2758094963521278,0.6741152534981427,7.815634453745719,7.845018816446415
evaluation-001,39,capacity_control,28.0,30.0,0.8198833126843783,0.14335716783993502,2.0,2.011770255893156
evaluation-001,40,uncapped,0.0,30.0,1.403157088296535,0.8318247959521379,7.203027442899259,7.13611902920466
evaluation-001,41,capacity_control,24.0,30.0,1.1310886482383635,0.10578236905400096,6.0,5.947219371815634
evaluation-001,42,uncapped,0.0,30.0,1.4166621316154349,1.792187842016622,8.861290321541432,8.930495393572482
evaluation-001,43,capacity_control,30.0,30.0,0.22734190775589158,0.8666264095933403,0.0,-0.03119400892314473
evaluation-001,44,uncapped,0.0,30.0,1.1775021891359438,1.526374571357569,8.031576326988311,8.114076712913548
evaluation-001,45,capacity_control,28.0,30.0,0.7867309716495239,1.1416945556553466,2.0,1.9817889648611566
evaluation-001,46,uncapped,0.0,30.0,1.5157366028238282,0.690556990380814,8.218822566926118,8.21140744794205
evaluation-001,47,capacity_control,24.0,30.0,0.8348578492836845,1.832638716947937,6.0,5.907058312288752
evaluation-001,48,uncapped,0.0,30.0,0.6355882582099248,1.502222888299826,6.044822529413237,6.058099982798389
evaluation-001,49,capacity_control,30.0,30.0,0.13190615345252632,0.8644402812718452,0.0,-0.0690077961210825
evaluation-001,50,uncapped,0.0,30.0,0.305778672321096,0.2730495661764014,5.654134844559742,5.647895439476595
evaluation-001,51,capacity_control,28.0,30.0,0.2470320879860206,0.3603419470240665,2.0,2.0189396991257844
evaluation-001,52,uncapped,0.0,30.0,0.27154033606438865,0.543739464703958,4.61990640482299,4.6106481588857715
evaluation-001,53,capacity_control,24.0,30.0,0.8016771075911981,1.8721436765263282,6.0,6.027969068826306
evaluation-001,54,uncapped,0.0,30.0,1.535478195785716,0.9692058200148865,8.51142882853354,8.520689538012702
evaluation-001,55,capacity_control,30.0,30.0,1.5707528423222246,0.18132695195699666,0.0,0.028957078698305463
evaluation-001,56,uncapped,0.0,30.0,0.4076907399817009,1.532008736599424,6.733827564906953,6.700031414799192
evaluation-001,57,capacity_control,28.0,30.0,1.7252068868751538,0.6839303125385454,2.0,2.046889216555699
evaluation-001,58,uncapped,0.0,30.0,1.473288359618489,0.7281794567243867,7.3546116989171715,7.3240082040645875
evaluation-001,59,capacity_control,24.0,30.0,1.0356004549459505,0.0412074939121847,6.0,5.911476047298111
evaluation-001,60,uncapped,0.0,30.0,1.3469862998926767,0.9401041723816537,8.066804822661096,8.080806168658075
evaluation-001,61,capacity_control,30.0,30.0,1.9233083604830723,1.4773052882726547,0.0,-0.03164456704348788
evaluation-001,62,uncapped,0.0,30.0,0.9807213753525716,0.5923870575667858,6.374950673753214,6.441715872744824
evaluation-001,63,capacity_control,28.0,30.0,0.21528941299673643,0.13288493912825827,2.0,1.9581816589950158
evaluation-002,0,uncapped,0.0,30.0,1.7126397159463274,0.06497789718770819,5.6045586032107435,5.646109005877796
evaluation-002,1,capacity_control,30.0,30.0,0.02098183134544107,1.9611345310546775,0.0,0.02784760996396874
evaluation-002,2,uncapped,0.0,30.0,1.1300719192974737,0.8291999567421695,4.597811644163161,4.559786560864691
evaluation-002,3,capacity_control,28.0,30.0,1.1677609631578416,1.5730672117409372,2.0,2.0822989437126513
evaluation-002,4,uncapped,0.0,30.0,1.7938920061747743,1.7825280414947815,6.3861112961621025,6.4289893969604455
evaluation-002,5,capacity_control,24.0,30.0,0.014365918975576486,0.46742443524876287,2.938807019466884,2.8458021335836654
evaluation-002,6,uncapped,0.0,30.0,0.580398038559063,0.7515576931948467,3.493550150823504,3.5725706081153876
evaluation-002,7,capacity_control,30.0,30.0,0.7071858335537249,1.5301308374205398,0.0,-0.03740579882369862
evaluation-002,8,uncapped,0.0,30.0,0.06756062088101733,0.6718727657586083,3.097964993018466,3.147075335668223
evaluation-002,9,capacity_control,28.0,30.0,1.6941213339520516,0.7433006070850905,2.0,2.0310225063133536
evaluation-002,10,uncapped,0.0,30.0,0.6868976505777511,1.403326951819092,4.282760248832073,4.394003081235648
evaluation-002,11,capacity_control,24.0,30.0,1.7278384545040844,1.5779937745167987,6.0,5.944648981357525
evaluation-002,12,uncapped,0.0,30.0,0.41404898446731386,0.23507662289484377,3.6010461822027824,3.5957609772786143
evaluation-002,13,capacity_control,30.0,30.0,1.7584563440765566,1.0033590176983305,0.0,-0.06658850423719512
evaluation-002,14,uncapped,0.0,30.0,1.975882552251394,0.3434524460981472,6.48727734939468,6.508505676379276
evaluation-002,15,capacity_control,28.0,30.0,0.6800486479750443,1.0318637565803868,2.0,2.048974026593381
evaluation-002,16,uncapped,0.0,30.0,0.7853645629988313,1.1638799980992611,4.04304486502243,4.118289928296852
evaluation-002,17,capacity_control,24.0,30.0,1.1405540184667147,0.5690675317017295,4.96203676184232,4.971916382060737
evaluation-002,18,uncapped,0.0,30.0,1.807305493113216,0.6959826940633653,5.986089106646053,5.975489989270723
evaluation-002,19,capacity_control,30.0,30.0,0.8236435262492388,0.8240423147333065,0.0,-0.005883658874822456
evaluation-002,20,uncapped,0.0,30.0,1.1797633735122632,0.23472745747631052,4.929656957510107,4.872933662333154
evaluation-002,21,capacity_control,28.0,30.0,1.5173757772326242,0.12126192842216077,2.0,1.945218580632761
evaluation-002,22,uncapped,0.0,30.0,0.87337870991988,0.7690080663311845,4.107819472845962,4.0376055569121
evaluation-002,23,capacity_control,24.0,30.0,1.3471642935465427,1.34844577738174,5.392529254319608,5.372413770397425
evaluation-002,24,uncapped,0.0,30.0,1.029777601303341,0.15820220352490688,4.446485394498947,4.433218072250637
evaluation-002,25,capacity_control,30.0,30.0,0.25662440812170195,1.6703635803865151,0.0,-0.029139141582860136
evaluation-002,26,uncapped,0.0,30.0,1.7866843346807262,1.7865747103477534,6.180593494780799,6.1448139252476945
evaluation-002,27,capacity_control,28.0,30.0,1.7867678388459658,0.3986585009631165,2.0,1.9895279647690793
evaluation-002,28,uncapped,0.0,30.0,1.7091784299526926,1.4569516994769716,5.866295757919683,5.895431633789234
evaluation-002,29,capacity_control,24.0,30.0,0.035238623498668575,1.7927345806617776,3.3637676784507895,3.3429774532924412
evaluation-002,30,uncapped,0.0,30.0,0.30685948957522546,1.6333757989757771,3.6292295759457853,3.6147073030919596
evaluation-002,31,capacity_control,30.0,30.0,0.6242596544127139,0.7018760831736077,0.0,0.041678386562937486
evaluation-002,32,uncapped,0.0,30.0,1.2078704693197817,1.067921122222219,4.864026756726446,4.795533168018957
evaluation-002,33,capacity_control,28.0,30.0,1.7320087687765204,0.4093424003835602,2.0,1.9876994919677713
evaluation-002,34,uncapped,0.0,30.0,0.2983022684587151,0.6647848856309369,3.1112998174327964,3.1482240349476966
evaluation-002,35,capacity_control,24.0,30.0,0.3141429357828118,1.7643168035854746,3.81107312663578,3.891761604915131
evaluation-002,36,uncapped,0.0,30.0,0.7634496540407607,0.6049735066050699,3.842210479282588,3.8045639127644253
evaluation-002,37,capacity_control,30.0,30.0,0.6252433264116726,0.08402481064844114,0.0,0.03228728003044156
evaluation-002,38,uncapped,0.0,30.0,0.07365765040213335,1.3408963324081358,3.4217350563474165,3.4205896470055217
evaluation-002,39,capacity_control,28.0,30.0,1.8368614448967011,0.34120719184215154,2.0,2.045898788927659
evaluation-002,40,uncapped,0.0,30.0,1.187612209675628,1.6051355600025448,5.595855943206406,5.645024919887097
evaluation-002,41,capacity_control,24.0,30.0,0.051184554224882106,0.7767433139591022,2.664386145127989,2.608180307981997
evaluation-002,42,uncapped,0.0,30.0,0.5091909259635019,0.9828508259775803,4.083494554737365,4.135581977901632
evaluation-002,43,capacity_control,30.0,30.0,0.5037396719830394,0.36738682422047697,0.0,0.0382475628759206
evaluation-002,44,uncapped,0.0,30.0,1.5882901767631925,1.6916709012330207,6.2169715817899736,6.190258753181747
evaluation-002,45,capacity_control,28.0,30.0,0.255757340289845,1.6208853262052012,2.0,2.0151073827445733
evaluation-002,46,uncapped,0.0,30.0,1.3205712679332247,1.195906942680214,5.346557299373128,5.297429160564205
evaluation-002,47,capacity_control,24.0,30.0,1.7290120360887877,0.899173298380364,6.0,6.097923271868492
evaluation-002,48,uncapped,0.0,30.0,0.8666075509148059,1.0274779189858076,4.412872299278381,4.492222502305903
evaluation-002,49,capacity_control,30.0,30.0,1.6029002737532145,1.783053070261157,0.0,-0.044564764050788346
evaluation-002,50,uncapped,0.0,30.0,1.450297652740005,0.044363612253844,5.019398691662764,5.043064139850901
evaluation-002,51,capacity_control,28.0,30.0,1.8382605588039866,1.9548806076940874,2.0,1.9619362136018412
evaluation-002,52,uncapped,0.0,30.0,1.1110199839903034,0.45921382981280945,4.804619499242848,4.766634338692722
evaluation-002,53,capacity_control,24.0,30.0,0.07466221758852187,0.6835399907216049,3.0613666364598364,3.0628912517400697
evaluation-002,54,uncapped,0.0,30.0,1.0423403354518752,1.8212083412654003,5.303117238760857,5.3227858360175775
evaluation-002,55,capacity_control,30.0,30.0,0.652582291634354,0.7081495173223911,0.0,0.010979118799988384
evaluation-002,56,uncapped,0.0,30.0,0.38768937819251614,1.1824351417470444,3.8162988698445095,3.8540183310685987
evaluation-002,57,capacity_control,28.0,30.0,0.37484478658989584,1.340669702904931,2.0,2.043902033028601
evaluation-002,58,uncapped,0.0,30.0,0.18037600750926264,0.8290410191427244,2.8274705161080074,2.8624001490260045
evaluation-002,59,capacity_control,24.0,30.0,0.42863629221390176,0.6538484750248694,3.8573632059911325,3.779263293292304
evaluation-002,60,uncapped,0.0,30.0,1.419781518477768,1.212153309508014,5.891435807500455,5.818572800612478
evaluation-002,61,capacity_control,30.0,30.0,0.8879759138491388,1.4087263059346657,0.0,-0.07740329780393862
evaluation-002,62,uncapped,0.0,30.0,0.8693460374634274,1.7474186432262189,4.714065735601712,4.726955937310036
evaluation-002,63,capacity_control,28.0,30.0,1.4696119138836747,0.30901787342837905,2.0,2.0069204529115967
evaluation-003,0,uncapped,0.0,30.0,0.2149137531809564,1.4476828711045333,6.340572426429274,6.3802406816446675
evaluation-003,1,capacity_control,30.0,30.0,1.7284517436421245,0.4979864062844206,0.0,0.06070609618577725
evaluation-003,2,uncapped,0.0,30.0,1.9886388919331104,1.0152777315368924,8.243854491691081,8.190492077428871
evaluation-003,3,capacity_control,28.0,30.0,1.3915689843025578,0.5901150415307974,2.0,1.9774397379069635
evaluation-003,4,uncapped,0.0,30.0,1.4436072727829827,1.8598298766884298,9.370078152320664,9.400941652752854
evaluation-003,5,capacity_control,24.0,30.0,0.016452445731960808,0.002821271891263688,6.0,5.986550926783881
evaluation-003,6,uncapped,0.0,30.0,0.052122332746755706,1.9896123325861255,6.713587509972113,6.592673602256254
evaluation-003,7,capacity_control,30.0,30.0,1.8221297486334755,1.5776189057636807,0.0,-0.04909859721338624
evaluation-003,8,uncapped,0.0,30.0,1.7313415486570938,1.2532780122351477,8.922857411788295,8.888482561611823
evaluation-003,9,capacity_control,28.0,30.0,1.653276315559608,0.6643540373021843,2.0,2.0709258339349743
evaluation-003,10,uncapped,0.0,30.0,0.505874477959068,1.2542616185200754,7.336885637623578,7.287298908265168
evaluation-003,11,capacity_control,24.0,30.0,1.9023746916783828,1.5307261579077112,6.0,6.003831040709952
evaluation-003,12,uncapped,0.0,30.0,0.09558464759190755,1.271217238808008,7.533515369515771,7.472024333921211
evaluation-003,13,capacity_control,30.0,30.0,0.01459995718724394,0.48758918438511256,0.0,-0.00626047616648549
evaluation-003,14,uncapped,0.0,30.0,1.0139313395070142,0.3740640702515323,7.11298726725781,7.1768739085180675
evaluation-003,15,capacity_control,28.0,30.0,0.9602136679195095,1.9662702708348387,2.0,1.985488569780298
evaluation-003,16,uncapped,0.0,30.0,0.7355533505369745,0.2634614031929916,7.298352615055222,7.382736102278488
evaluation-003,17,capacity_control,24.0,30.0,1.8011376924745262,0.6763802877553764,6.0,6.026571139305111
evaluation-003,18,uncapped,0.0,30.0,0.7476064438405265,0.4303060247608379,6.664259336580404,6.711120904775666
evaluation-003,19,capacity_control,30.0,30.0,1.8970227466043952,0.4608945514110372,0.0,-0.05818631818897853
evaluation-003,20,uncapped,0.0,30.0,1.3167233616725338,1.9373854724905817,9.033962708672865,9.036448645226265
evaluation-003,21,capacity_control,28.0,30.0,0.004965011372767281,0.3827531339493493,2.0,1.9201448442215274
evaluation-003,22,uncapped,0.0,30.0,0.3781774654609451,1.7751961242209695,6.966245471514101,6.95038274467789
evaluation-003,23,capacity_control,24.0,30.0,0.515608197761874,0.6800317224640442,6.0,5.925427346465771
evaluation-003,24,uncapped,0.0,30.0,0.14369280476349977,0.7155376405980161,6.99017406447955,6.99035192505713
evaluation-003,25,capacity_control,30.0,30.0,0.7253671914023856,1.6903673908301173,0.0,-0.0042876633918567135
evaluation-003,26,uncapped,0.0,30.0,0.002424906197495247,1.5064272271151509,6.209995793669109,6.2599850356292315
evaluation-003,27,capacity_control,28.0,30.0,0.4129182129390654,0.9044201424278371,2.0,1.980427373307422
evaluation-003,28,uncapped,0.0,30.0,0.5936235469249289,1.5421988403748623,7.1115425575955244,7.1115460199874665
evaluation-003,29,capacity_control,24.0,30.0,1.6544579820592475,1.8363823858456092,6.0,5.984407719235668
evaluation-003,30,uncapped,0.0,30.0,1.658934396175557,0.9289429407686727,8.27207122396509,8.259041543371236
evaluation-003,31,capacity_control,30.0,30.0,1.6171137463067613,1.9166048628527317,0.0,-0.02703796218438297
evaluation-003,32,uncapped,0.0,30.0,1.3120655840834077,0.8230126306234009,7.978360317273497,8.044170425364419
evaluation-003,33,capacity_control,28.0,30.0,1.2668291709592177,1.1632983165487985,2.0,2.0689940672628224
evaluation-003,34,uncapped,0.0,30.0,0.10417586563050252,0.9601473466703916,5.78627954501578,5.78204679468034
evaluation-003,35,capacity_control,24.0,30.0,1.549317756923819,0.4681152425665476,6.0,5.950680810959306
evaluation-003,36,uncapped,0.0,30.0,0.8892241690540608,0.10782490048369953,7.371455564308468,7.356959173331269
evaluation-003,37,capacity_control,30.0,30.0,1.640794229944747,0.9752080178020495,0.0,-0.05970419848098987
evaluation-003,38,uncapped,0.0,30.0,1.6812984153268091,1.2615971049149868,8.056056563909982,7.981798104646504
evaluation-003,39,capacity_control,28.0,30.0,1.7685527524686389,0.5047157961350726,2.0,2.028913109864556
evaluation-003,40,uncapped,0.0,30.0,1.5583089988103453,1.000173768243902,9.290527331915431,9.340974548894133
evaluation-003,41,capacity_control,24.0,30.0,1.6097698834591823,0.08055611601476009,6.0,5.929494885567782
evaluation-003,42,uncapped,0.0,30.0,1.7992615431789327,1.3523090339113286,9.012423662185975,8.95954051060209
evaluation-003,43,capacity_control,30.0,30.0,1.0538659440247506,1.390383337594131,0.0,0.014006253066189184
evaluation-003,44,uncapped,0.0,30.0,0.3995036715483984,1.2512349429846392,7.735451888169607,7.76350440401836
evaluation-003,45,capacity_control,28.0,30.0,1.0746086376450295,1.1754264743097091,2.0,1.9728180017800923
evaluation-003,46,uncapped,0.0,30.0,0.7128377529899312,1.5470541881823971,7.823044525091258,7.874994680872711
evaluation-003,47,capacity_control,24.0,30.0,1.2564506324702032,0.5790454235066036,6.0,5.9758226233099245
evaluation-003,48,uncapped,0.0,30.0,1.9755624001482486,0.31916751234112906,9.504455952165896,9.519258548667386
evaluation-003,49,capacity_control,30.0,30.0,1.7693719979490863,0.7798455821586263,0.0,0.08099670144315288
evaluation-003,50,uncapped,0.0,30.0,1.4926216495798275,0.4108615932634734,7.552169539921601,7.624665948416233
evaluation-003,51,capacity_control,28.0,30.0,0.06155772685104477,0.2928882518735012,2.0,2.00790946441094
evaluation-003,52,uncapped,0.0,30.0,1.2041314108901917,1.8882888309082484,8.871800300028,8.87023504290786
evaluation-003,53,capacity_control,24.0,30.0,0.2718251742219142,1.8175207070098873,6.0,6.021161222866404
evaluation-003,54,uncapped,0.0,30.0,1.3210188027119165,1.4556204604522476,7.661106737521838,7.695490117612958
evaluation-003,55,capacity_control,30.0,30.0,1.5776452883762255,1.1623182182721439,0.0,-0.010632257276765367
evaluation-003,56,uncapped,0.0,30.0,1.3412194321179587,1.1755831915411554,7.544416338196942,7.6353396618697875
evaluation-003,57,capacity_control,28.0,30.0,0.8295875806719761,1.1476316780141307,2.0,2.027972567270713
evaluation-003,58,uncapped,0.0,30.0,1.546900676699986,0.5856690274283487,8.920579253447846,8.97592451144211
evaluation-003,59,capacity_control,24.0,30.0,0.06935437540730938,1.3241460781647285,5.88104920699446,5.86215195261275
evaluation-003,60,uncapped,0.0,30.0,1.994325988577546,1.957435014331802,9.236815896635024,9.19509034822965
evaluation-003,61,capacity_control,30.0,30.0,0.9420965423708181,0.46769433815872175,0.0,0.015074864034225194
evaluation-003,62,uncapped,0.0,30.0,0.7293798427652598,1.1505950344142928,6.879196411670257,6.878807350501817
evaluation-003,63,capacity_control,28.0,30.0,0.1758358767615542,1.0669134772170643,2.0,2.018209965266
evaluation-004,0,uncapped,0.0,30.0,1.382156306924419,1.6248617202122133,9.88341127283835,9.877934807455064
evaluation-004,1,capacity_control,30.0,30.0,0.8917563582064463,1.1532739860613705,0.0,0.02446261617634675
evaluation-004,2,uncapped,0.0,30.0,0.21940330078204506,1.1520574737992166,7.182103695378429,7.195401074374864
evaluation-004,3,capacity_control,28.0,30.0,1.0776992429982157,0.851962351584947,2.0,1.9769439036750847
evaluation-004,4,uncapped,0.0,30.0,1.6542900498225968,1.1888900737999084,9.478009972857171,9.517490405665637
evaluation-004,5,capacity_control,24.0,30.0,1.0732474159449303,0.510022297210827,6.0,5.924541020712226
evaluation-004,6,uncapped,0.0,30.0,1.42076311610744,0.017861637869484026,9.570405038377299,9.559407162562476
evaluation-004,7,capacity_control,30.0,30.0,0.19910725492443349,0.33525861874067675,0.0,0.014936493900143509
evaluation-004,8,uncapped,0.0,30.0,0.9827023583588661,1.2070176822502428,7.984005038994753,7.913177700722253
evaluation-004,9,capacity_control,28.0,30.0,0.7666087136078259,1.9018862823420206,2.0,2.058986737905252
evaluation-004,10,uncapped,0.0,30.0,1.528343595624583,1.409305359640912,10.088995695669443,10.058614466871823
evaluation-004,11,capacity_control,24.0,30.0,1.5284309423919784,0.6046783002931508,6.0,6.02979022472084
evaluation-004,12,uncapped,0.0,30.0,1.4993778766877284,0.6035886980897918,10.051926912506689,9.991496768785924
evaluation-004,13,capacity_control,30.0,30.0,0.1884493436679353,1.2580448169355987,0.0,-0.05211348440082658
evaluation-004,14,uncapped,0.0,30.0,1.0280327151551267,1.9357348892864623,8.605444115710512,8.645651954038774
evaluation-004,15,capacity_control,28.0,30.0,0.9659437610443016,0.43956340401333804,2.0,1.92221140676161
evaluation-004,16,uncapped,0.0,30.0,1.5866001964432968,1.632167004426039,10.572345153355554,10.525195143652928
evaluation-004,17,capacity_control,24.0,30.0,0.3045636625120647,0.11397200930346219,5.741533172608966,5.7381939887103375
evaluation-004,18,uncapped,0.0,30.0,0.7464289153519168,1.0364756233499595,7.0580440074919295,7.025197450008796
evaluation-004,19,capacity_control,30.0,30.0,1.739533940866657,0.7255105450609836,0.0,0.06611970906468513
evaluation-004,20,uncapped,0.0,30.0,1.301237021531299,0.9344775374012868,8.443007516048374,8.462214530975146
evaluation-004,21,capacity_control,28.0,30.0,0.8187263823886946,1.4770450358085532,2.0,2.0320308991599236
evaluation-004,22,uncapped,0.0,30.0,1.6681672427912768,0.4808457619737174,10.326056398454687,10.347032511452658
evaluation-004,23,capacity_control,24.0,30.0,1.1046107108161924,0.3383610839009352,6.0,5.9532643607822
evaluation-004,24,uncapped,0.0,30.0,1.7846006085161932,1.6064224045016875,9.57239317843866,9.55832795249681
evaluation-004,25,capacity_control,30.0,30.0,1.5037553071779335,0.5304907535516181,0.0,-0.013523433343833068
evaluation-004,26,uncapped,0.0,30.0,0.4661628228496173,0.3924320752266266,7.8476238140862025,7.858743750819983
evaluation-004,27,capacity_control,28.0,30.0,1.9077184833134415,1.8066984318275676,2.0,1.9023500157102715
evaluation-004,28,uncapped,0.0,30.0,1.937647126297364,0.8390991348912933,10.995087856460277,10.892275039022042
evaluation-004,29,capacity_control,24.0,30.0,1.2881066184741758,0.22873550820876454,6.0,5.944942169906511
evaluation-004,30,uncapped,0.0,30.0,0.4980242923782665,1.6590081170747881,6.948896351509405,6.935878378071507
evaluation-004,31,capacity_control,30.0,30.0,1.6479662906720423,0.6204163082284861,0.0,0.029172824471800547
evaluation-004,32,uncapped,0.0,30.0,0.9587928784186683,1.850963874473796,8.628348751370428,8.572190841201081
evaluation-004,33,capacity_control,28.0,30.0,0.6614448919284324,0.2408989981310501,2.0,1.935918956224055
evaluation-004,34,uncapped,0.0,30.0,0.1971521234622935,0.602006641143126,5.788431653905912,5.846081562234067
evaluation-004,35,capacity_control,24.0,30.0,1.0170299230929427,1.6915052513703475,6.0,5.978366763838547
evaluation-004,36,uncapped,0.0,30.0,1.684245475540974,0.7991776721678472,9.546174990695162,9.518115072833488
evaluation-004,37,capacity_control,30.0,30.0,0.3170113377532806,1.758319253021581,0.0,-0.0419546417122324
evaluation-004,38,uncapped,0.0,30.0,1.7021764557508041,0.2260628006950287,9.597210651837747,9.588941034553867
evaluation-004,39,capacity_control,28.0,30.0,0.7690488344230255,1.6538320991162319,2.0,1.9917926530299324
evaluation-004,40,uncapped,0.0,30.0,1.2053000368244882,1.132647934381613,9.673494415933664,9.68227385674447
evaluation-004,41,capacity_control,24.0,30.0,0.5050174196661235,1.2436741793030746,6.0,5.919031171883259
evaluation-004,42,uncapped,0.0,30.0,1.3694746290561648,1.6309758455380332,9.222117442829218,9.169597247133893
evaluation-004,43,capacity_control,30.0,30.0,1.112254403244585,1.3609956015309634,0.0,0.024765711920577665
evaluation-004,44,uncapped,0.0,30.0,1.5408732366361781,0.1263375068673911,9.580235895588656,9.662586612632138
evaluation-004,45,capacity_control,28.0,30.0,0.8352839532071836,0.19212246846477488,2.0,2.073454521302093
evaluation-004,46,uncapped,0.0,30.0,1.6531416230569915,0.6142360192055003,9.088498672911868,9.03556856833682
evaluation-004,47,capacity_control,24.0,30.0,1.049329833437959,0.25085516270573804,6.0,5.9984383530539125
evaluation-004,48,uncapped,0.0,30.0,1.5433813498572186,0.3159670596001143,10.111634996467135,10.073508530733287
evaluation-004,49,capacity_control,30.0,30.0,1.725966131933232,1.103223327600764,0.0,-0.012682799239614484
evaluation-004,50,uncapped,0.0,30.0,0.2979617965664616,1.0201559587684754,7.352789105955148,7.223246641612741
evaluation-004,51,capacity_control,28.0,30.0,0.982763870327862,0.3450133854841573,2.0,2.014602385491386
evaluation-004,52,uncapped,0.0,30.0,1.8293156414462943,1.3906097551524323,10.683383166709127,10.746031136780973
evaluation-004,53,capacity_control,24.0,30.0,0.6461738236031098,0.49511909086956996,6.0,5.960384440167569
evaluation-004,54,uncapped,0.0,30.0,0.3988206620496493,1.7477715983201272,7.249611081722135,7.2176640852567475
evaluation-004,55,capacity_control,30.0,30.0,1.9703120939975907,1.7471711944793042,0.0,-0.1277861148740988
evaluation-004,56,uncapped,0.0,30.0,1.936267415629224,1.1698587661381366,9.985771094901342,9.994123801540205
evaluation-004,57,capacity_control,28.0,30.0,1.9498571971011422,1.1021099701718318,2.0,2.0074877638919424
evaluation-004,58,uncapped,0.0,30.0,1.4548408470897622,0.1964241223696126,9.801166375814828,9.789831087608876
evaluation-004,59,capacity_control,24.0,30.0,0.2515337981371162,0.7049831310917853,6.0,5.891920705031706
evaluation-004,60,uncapped,0.0,30.0,0.32325099758740183,0.735699204243702,6.542441883107571,6.494927530918191
evaluation-004,61,capacity_control,30.0,30.0,0.837771261947992,0.25902649827138724,0.0,-0.05264349660073784
evaluation-004,62,uncapped,0.0,30.0,1.5418875288018246,1.5670915622108559,10.233731124473953,10.20636551954588
evaluation-004,63,capacity_control,28.0,30.0,0.48012931915633184,1.6051774914344765,2.0,2.0362694172580507
evaluation-005,0,uncapped,0.0,30.0,0.2330699113554464,1.552250678388504,7.26070114791068,7.211769277119549
evaluation-005,1,capacity_control,30.0,30.0,0.8818825466771714,0.6198462960920956,0.0,-0.011350683345930153
evaluation-005,2,uncapped,0.0,30.0,0.4635741666090336,0.07268812655267354,6.393921425438786,6.3415606728782326
evaluation-005,3,capacity_control,28.0,30.0,0.36024233936705286,0.7226596418951408,2.0,2.012667738275893
evaluation-005,4,uncapped,0.0,30.0,0.38397065275655495,0.6486932063001731,7.3521497693123905,7.351911556019526
evaluation-005,5,capacity_control,24.0,30.0,1.3322924416103343,0.4526023744918255,6.0,5.982906109111877
evaluation-005,6,uncapped,0.0,30.0,0.10942759855741047,1.590734961099211,7.448856165322824,7.405145030369181
evaluation-005,7,capacity_control,30.0,30.0,1.1441211083200695,1.319634471647678,0.0,0.055173851585901004
evaluation-005,8,uncapped,0.0,30.0,0.32478806588844744,1.5235930373363062,7.629874397450518,7.600804677141333
evaluation-005,9,capacity_control,28.0,30.0,1.0986209964619593,0.04032754626127777,2.0,2.060437552694948
evaluation-005,10,uncapped,0.0,30.0,1.7255469606719998,1.6809932521105972,9.390853015498607,9.316697436194778
evaluation-005,11,capacity_control,24.0,30.0,0.05379766378841744,0.2929647250951404,5.398214816958308,5.407870267017173
evaluation-005,12,uncapped,0.0,30.0,0.3964998124234753,0.7582157943719117,6.656684545741643,6.6211013675424075
evaluation-005,13,capacity_control,30.0,30.0,0.8868070330970967,0.11752013335782374,0.0,-0.04637589484317978
evaluation-005,14,uncapped,0.0,30.0,1.2992478877534075,0.7312093615387294,6.9610164718037995,6.902043432256794
evaluation-005,15,capacity_control,28.0,30.0,0.2725281966763433,1.8148311323074786,2.0,1.88390659146592
evaluation-005,16,uncapped,0.0,30.0,1.6878234416421982,1.8750568410939976,7.976469934378338,7.91072186940666
evaluation-005,17,capacity_control,24.0,30.0,1.1684806510055263,1.5492329581819007,6.0,6.03501620574436
evaluation-005,18,uncapped,0.0,30.0,0.19723536995493962,1.8486943814994183,6.84813689842734,6.911937247065009
evaluation-005,19,capacity_control,30.0,30.0,0.1409480996378858,0.33927249452663455,0.0,-0.07059791972099046
evaluation-005,20,uncapped,0.0,30.0,0.11751284287576169,1.2849686849722588,6.232791940939886,6.3159020343809775
evaluation-005,21,capacity_control,28.0,30.0,1.1027955701833747,1.3737913220430857,2.0,1.9517092997724632
evaluation-005,22,uncapped,0.0,30.0,0.010028462461701748,1.624869067024523,6.770323923337448,6.725780428759262
evaluation-005,23,capacity_control,24.0,30.0,0.6732365277782191,0.0036865223557576154,6.0,5.940450298052915
evaluation-005,24,uncapped,0.0,30.0,0.3672443228240909,1.3191745791596416,6.74837371255491,6.8503176226005085
evaluation-005,25,capacity_control,30.0,30.0,0.9507784502600864,0.2417459279417864,0.0,-0.03940467521685929
evaluation-005,26,uncapped,0.0,30.0,1.4536130689543176,1.139392146571652,8.322835353207719,8.338780311885452
evaluation-005,27,capacity_control,28.0,30.0,1.390917081290019,0.3122354251829156,2.0,2.01923180168472
evaluation-005,28,uncapped,0.0,30.0,1.292128957572568,0.6598072924173675,8.281830364020793,8.187186314169935
evaluation-005,29,capacity_control,24.0,30.0,1.8470142787432264,0.20567682858595804,6.0,5.918176722699292
evaluation-005,30,uncapped,0.0,30.0,1.6426567886546017,1.5157802141072714,8.237630262079879,8.261396691716847
evaluation-005,31,capacity_control,30.0,30.0,1.5202155291514428,0.0832190383363709,0.0,0.07038952851676192
evaluation-005,32,uncapped,0.0,30.0,0.07344537558790698,0.17411678717001666,6.716032504860315,6.759343116631705
evaluation-005,33,capacity_control,28.0,30.0,0.9522426797657271,0.9529183437527393,2.0,1.970729364103817
evaluation-005,34,uncapped,0.0,30.0,1.9835101458614575,0.29305788222048124,7.624330310434801,7.635223931924363
evaluation-005,35,capacity_control,24.0,30.0,0.27839003734746925,1.6925934297934315,6.0,5.925754896536628
evaluation-005,36,uncapped,0.0,30.0,0.698530336491892,1.7748681643779134,8.274496343774953,8.210866451105236
evaluation-005,37,capacity_control,30.0,30.0,1.2638750448600338,0.0994607857237122,0.0,0.01920111480533473
evaluation-005,38,uncapped,0.0,30.0,0.38193014111105206,0.4126934152344597,7.210695281018234,7.172664738040095
evaluation-005,39,capacity_control,28.0,30.0,1.102008499183243,1.2486349354529829,2.0,1.9230635834357865
evaluation-005,40,uncapped,0.0,30.0,0.2996722034516919,1.9263362245407318,7.622651926905221,7.587740404256024
evaluation-005,41,capacity_control,24.0,30.0,1.0024515210082094,1.2227524565089798,6.0,6.011875926074778
evaluation-005,42,uncapped,0.0,30.0,0.8207358544094101,0.477234711291449,6.2542672329858355,6.214640480793824
evaluation-005,43,capacity_control,30.0,30.0,1.0297137257254376,1.3718832033585455,0.0,0.026421393347006317
evaluation-005,44,uncapped,0.0,30.0,1.0943222902140035,0.3585459963810691,6.891885782316948,6.877629827362565
evaluation-005,45,capacity_control,28.0,30.0,0.733556857079863,1.4111015568113932,2.0,1.9859278135091076
evaluation-005,46,uncapped,0.0,30.0,1.646271315989204,1.6911812325674325,8.880987827965269,8.82586338061485
evaluation-005,47,capacity_control,24.0,30.0,0.14422793597339623,1.6302511390952503,6.0,6.069601685190015
evaluation-005,48,uncapped,0.0,30.0,1.8383272751164117,1.7491331039202542,8.046042043990209,8.09285605540763
evaluation-005,49,capacity_control,30.0,30.0,1.6412828431167699,0.5389946165517634,0.0,-0.001651777264047872
evaluation-005,50,uncapped,0.0,30.0,1.8198527934223057,1.2421786934258365,7.935927535490667,7.884281124768668
evaluation-005,51,capacity_control,28.0,30.0,1.9476460158300863,1.1716798324404083,2.0,1.981655072266198
evaluation-005,52,uncapped,0.0,30.0,0.6307661726782865,0.36077684928073506,6.514490686580821,6.5548479638356865
evaluation-005,53,capacity_control,24.0,30.0,0.3766475725532865,1.7760658887024596,6.0,5.959360075234476
evaluation-005,54,uncapped,0.0,30.0,1.3484997239331964,1.6811865631038378,9.001772659480167,9.021238001595126
evaluation-005,55,capacity_control,30.0,30.0,0.5030079327381936,0.3495068862484534,0.0,0.08227885080144831
evaluation-005,56,uncapped,0.0,30.0,1.0305601445091,1.2630864634962495,7.9651617282541585,7.960160457718937
evaluation-005,57,capacity_control,28.0,30.0,1.6540664586848866,0.08276331069362075,2.0,2.076806875559441
evaluation-005,58,uncapped,0.0,30.0,1.9565555745156689,0.9511366446224112,8.052048216855235,8.115811718010777
evaluation-005,59,capacity_control,24.0,30.0,0.4485882923661928,1.9308928409004245,6.0,5.929161026227251
evaluation-005,60,uncapped,0.0,30.0,1.905855208905855,1.202026732297819,7.909821350863057,7.994330220042162
evaluation-005,61,capacity_control,30.0,30.0,0.5784158589006652,1.225275118862918,0.0,0.04804420651696467
evaluation-005,62,uncapped,0.0,30.0,1.4549485342047097,1.7103762908230808,8.72839340080819,8.717778506035328
evaluation-005,63,capacity_control,28.0,30.0,1.6946608515654118,0.5790789898318702,2.0,1.9990420870420633
evaluation-006,0,uncapped,0.0,30.0,1.4408921758288762,1.9880471694191424,8.360266697106335,8.313169027995716
evaluation-006,1,capacity_control,30.0,30.0,0.33091720566371463,0.9838641044571672,0.0,0.024207768051567068
evaluation-006,2,uncapped,0.0,30.0,0.7476301943969408,0.3458628778024908,7.7096618685035985,7.878435906702532
evaluation-006,3,capacity_control,28.0,30.0,1.5631849213008013,0.826063641602925,2.0,2.0120726010890517
evaluation-006,4,uncapped,0.0,30.0,0.4608041418484199,0.10125851164897237,6.029210818242129,5.94963595393721
evaluation-006,5,capacity_control,24.0,30.0,1.4641070042801239,0.8731108998541761,6.0,5.917366132934672
evaluation-006,6,uncapped,0.0,30.0,0.24321616553399128,0.5705385071490392,5.926231650207108,5.896984832573926
evaluation-006,7,capacity_control,30.0,30.0,0.42725285160493964,0.30095624631002926,0.0,0.002313587792405296
evaluation-006,8,uncapped,0.0,30.0,1.6520996128252448,0.7567199756534935,7.018117069389741,7.005057168001107
evaluation-006,9,capacity_control,28.0,30.0,0.680601715812351,0.9538334691759711,2.0,2.055047663975909
evaluation-006,10,uncapped,0.0,30.0,1.2598655598567425,1.4325953468506145,8.796799553961774,8.849569581759138
evaluation-006,11,capacity_control,24.0,30.0,1.8499848498488354,1.6065863826467999,6.0,6.023535832788888
evaluation-006,12,uncapped,0.0,30.0,0.5706784767517716,1.8158249333020338,8.270223855535404,8.33541909278506
evaluation-006,13,capacity_control,30.0,30.0,0.7936433818031918,1.9339397652910133,0.0,-0.03449542088032253
evaluation-006,14,uncapped,0.0,30.0,0.968317276985196,1.410969721964021,7.4036677448274,7.359737590815592
evaluation-006,15,capacity_control,28.0,30.0,0.06430690003454642,0.7753064090856328,2.0,2.0068849933991357
evaluation-006,16,uncapped,0.0,30.0,0.2000244645019389,0.759587322017589,7.327058773758983,7.372498316435178
evaluation-006,17,capacity_control,24.0,30.0,0.005119032242853372,0.7289355135073727,6.0,6.024232239535732
evaluation-006,18,uncapped,0.0,30.0,0.9481824035840045,0.2569916824029619,6.813301398279557,6.852202455737167
evaluation-006,19,capacity_control,30.0,30.0,1.6877559530502737,0.16097900989196567,0.0,-0.02282660213840354
evaluation-006,20,uncapped,0.0,30.0,1.0582010750019664,1.5918506484141843,7.427017497952663,7.359670299233863
evaluation-006,21,capacity_control,28.0,30.0,0.9867877404511693,0.8824189884894318,2.0,1.904857623670943
evaluation-006,22,uncapped,0.0,30.0,1.9381727077538218,0.15629765631792192,7.812497602509151,7.813361405020987
evaluation-006,23,capacity_control,24.0,30.0,1.5950809981065681,1.949653961114271,6.0,5.963307578944571
evaluation-006,24,uncapped,0.0,30.0,1.068474956996566,1.6267900364972268,7.7547293028391255,7.842715759589808
evaluation-006,25,capacity_control,30.0,30.0,1.5159042910868121,1.2304783043445282,0.0,-0.03527449877937729
evaluation-006,26,uncapped,0.0,30.0,1.5297876196047435,0.7445508768581348,8.675322425725767,8.684475768549538
evaluation-006,27,capacity_control,28.0,30.0,0.1161423103164747,0.47081360424686824,2.0,1.9359795110714548
evaluation-006,28,uncapped,0.0,30.0,1.9428034441336464,1.811365070474365,9.555855418774177,9.55264723713182
evaluation-006,29,capacity_control,24.0,30.0,1.2397480728024917,1.3962059925424508,6.0,6.072023541489294
evaluation-006,30,uncapped,0.0,30.0,1.247148319815818,0.1561227042118658,8.350112645915514,8.340066811465908
evaluation-006,31,capacity_control,30.0,30.0,1.8157195427170703,1.2541152689178852,0.0,-0.04955524828787183
evaluation-006,32,uncapped,0.0,30.0,0.86303001572327,1.2744008856171924,8.352886277699886,8.3129348170024
evaluation-006,33,capacity_control,28.0,30.0,1.5325232754298592,0.9485150802669076,2.0,2.0252942556955182
evaluation-006,34,uncapped,0.0,30.0,1.3744636244924988,0.27762753815879915,7.187105343247532,7.188897658015263
evaluation-006,35,capacity_control,24.0,30.0,0.6163995230081654,1.4967429610405425,6.0,5.958619980438341
evaluation-006,36,uncapped,0.0,30.0,1.659672764830772,0.15751238478663265,7.0602750533071195,7.005869717491254
evaluation-006,37,capacity_control,30.0,30.0,0.598577804370021,1.3142867591391936,0.0,0.013568221495497893
evaluation-006,38,uncapped,0.0,30.0,0.3661094129621407,0.9667839774041525,7.905207781624406,7.8786236923559585
evaluation-006,39,capacity_control,28.0,30.0,0.2949524765643454,0.23052122047005574,2.0,2.0051756854509595
evaluation-006,40,uncapped,0.0,30.0,1.1039371632570232,1.173988685333687,6.996439741032074,7.014249325464369
evaluation-006,41,capacity_control,24.0,30.0,0.07027760945269224,0.2889872653347494,6.0,6.047445961274558
evaluation-006,42,uncapped,0.0,30.0,0.462915153519289,0.8454451429192587,7.718129542703864,7.728967809768454
evaluation-006,43,capacity_control,30.0,30.0,0.0221216991684563,0.45754753391417946,0.0,0.03718908645104786
evaluation-006,44,uncapped,0.0,30.0,0.13902142558654207,1.7673348420793196,6.8519994065011,6.972273695294792
evaluation-006,45,capacity_control,28.0,30.0,1.2708551944767892,0.955448836830668,2.0,1.9831882964464103
evaluation-006,46,uncapped,0.0,30.0,1.4399263357429843,0.9815470265699002,8.291249056111052,8.281382121036632
evaluation-006,47,capacity_control,24.0,30.0,1.6592409273666338,0.060844842659132814,6.0,5.968269986703337
evaluation-006,48,uncapped,0.0,30.0,1.4516397976276247,0.9571296703219627,8.498218259763028,8.382280742338864
evaluation-006,49,capacity_control,30.0,30.0,1.5296339482374934,0.8792131032345796,0.0,-0.008078073528226334
evaluation-006,50,uncapped,0.0,30.0,1.9393257999426545,0.18341449747421756,7.773397188020819,7.7643460916804194
evaluation-006,51,capacity_control,28.0,30.0,0.3423711218643124,0.7992637722472109,2.0,1.9979383254701282
evaluation-006,52,uncapped,0.0,30.0,0.08048242539244899,1.54613379424551,6.679796136963762,6.70841499375894
evaluation-006,53,capacity_control,24.0,30.0,1.3809495579801983,0.018775829277330125,6.0,5.950728206916389
evaluation-006,54,uncapped,0.0,30.0,0.7545323229767886,0.30481181075219843,6.461414488907196,6.390335673253797
evaluation-006,55,capacity_control,30.0,30.0,0.7132001497397533,0.9287000602921129,0.0,0.005905117203152444
evaluation-006,56,uncapped,0.0,30.0,1.0012596198969235,1.6034376422352283,7.841428559066118,7.832311244272287
evaluation-006,57,capacity_control,28.0,30.0,0.10969410238057775,0.9553029091316996,2.0,2.022625866772046
evaluation-006,58,uncapped,0.0,30.0,0.7512533761791769,1.732859075115443,7.274329333964852,7.250078384964454
evaluation-006,59,capacity_control,24.0,30.0,1.1094179064787884,0.5028615172411903,6.0,6.0134736397412025
evaluation-006,60,uncapped,0.0,30.0,1.1816315690556725,1.5313075155479763,8.778562605281696,8.736425311149757
evaluation-006,61,capacity_control,30.0,30.0,0.44034029497494265,1.483539519437802,0.0,-0.0029051253011882954
evaluation-006,62,uncapped,0.0,30.0,1.6076248144793808,0.4030604453492923,8.56106229713221,8.528743766233664
evaluation-006,63,capacity_control,28.0,30.0,0.7533186593141337,0.6798661776326416,2.0,2.106702203785786
evaluation-007,0,uncapped,0.0,30.0,0.7337190423062143,0.5170717299958105,7.941485133321921,7.961653483680424
evaluation-007,1,capacity_control,30.0,30.0,0.5377188678733245,1.6722557307503554,0.0,-0.08193642252199372
evaluation-007,2,uncapped,0.0,30.0,1.6916070251557684,0.845194007961211,10.230427392998962,10.227651087008809
evaluation-007,3,capacity_control,28.0,30.0,0.29973225568027906,1.2617512893831466,2.0,2.0327630925593465
evaluation-007,4,uncapped,0.0,30.0,0.616039601572282,1.8354408727491773,7.67237604727065,7.684666989507743
evaluation-007,5,capacity_control,24.0,30.0,1.3381643203061655,0.37123415146881733,6.0,5.947322794720425
evaluation-007,6,uncapped,0.0,30.0,0.27881177722097505,1.5036557460872833,7.468548353483337,7.403878637929099
evaluation-007,7,capacity_control,30.0,30.0,1.0385544922377092,0.13043316475434996,0.0,0.018842145145912162
evaluation-007,8,uncapped,0.0,30.0,0.23014280585892877,0.9272430200140893,7.201236852192059,7.22224975579515
evaluation-007,9,capacity_control,28.0,30.0,0.9768024009658163,1.49553706330198,2.0,2.045488991919929
evaluation-007,10,uncapped,0.0,30.0,1.8305821098722057,0.4245672133918874,10.536047278640103,10.514541768927252
evaluation-007,11,capacity_control,24.0,30.0,0.634788599966646,1.943372370640938,6.0,6.089771361655727
evaluation-007,12,uncapped,0.0,30.0,1.6707094874801376,0.9808550469752746,10.176161380646523,10.136275538776498
evaluation-007,13,capacity_control,30.0,30.0,1.47522425235178,1.954634924570742,0.0,0.06916042421186866
evaluation-007,14,uncapped,0.0,30.0,0.32336085294458394,0.8055312767640503,6.648192104022083,6.662880221112427
evaluation-007,15,capacity_control,28.0,30.0,1.4810033147861064,0.47950327708556184,2.0,2.0453689406959517
evaluation-007,16,uncapped,0.0,30.0,1.5064296030540483,1.9522681954468148,10.509213366362253,10.505734702161272
evaluation-007,17,capacity_control,24.0,30.0,0.8650738653822849,1.6614312359718657,6.0,5.9960793037227855
evaluation-007,18,uncapped,0.0,30.0,0.19397629378737502,1.9712217132418144,7.0320618009434295,7.059086383135166
evaluation-007,19,capacity_control,30.0,30.0,0.966261683246382,1.416896686858752,0.0,0.07551326683366993
evaluation-007,20,uncapped,0.0,30.0,1.109707281070582,1.5709071309349174,9.070309465232357,9.06402553572464
evaluation-007,21,capacity_control,28.0,30.0,1.5070085386959429,1.2126301238416293,2.0,1.9970919518439474
evaluation-007,22,uncapped,0.0,30.0,1.874727390543557,0.6709226174759451,9.749868130827755,9.757634020693661
evaluation-007,23,capacity_control,24.0,30.0,1.9916125278429493,1.1858006290890997,6.0,6.062848676362989
evaluation-007,24,uncapped,0.0,30.0,0.02028900787759036,1.9904900395056382,6.110323073790248,6.12738226141718
evaluation-007,25,capacity_control,30.0,30.0,0.4975911321969355,0.524582281583859,0.0,0.012797988622760173
evaluation-007,26,uncapped,0.0,30.0,0.7780879902242412,1.2329646224194064,7.516759814288502,7.594813727228566
evaluation-007,27,capacity_control,28.0,30.0,0.3447934092496796,0.207388354646864,2.0,1.9906085759188084
evaluation-007,28,uncapped,0.0,30.0,0.376047709466915,1.5593487824377754,6.378919634390428,6.443258246605094
evaluation-007,29,capacity_control,24.0,30.0,0.7366168424275779,1.545958532757536,6.0,5.937033046380327
evaluation-007,30,uncapped,0.0,30.0,1.8081878011663282,1.5531602767323673,10.402418135544512,10.459224811576293
evaluation-007,31,capacity_control,30.0,30.0,1.49207434626757,1.1898032000670116,0.0,0.05958753833082743
evaluation-007,32,uncapped,0.0,30.0,1.306007248490036,0.9609555859743848,9.173590754531709,9.134242002122617
evaluation-007,33,capacity_control,28.0,30.0,0.04198032432383503,0.006345594569322488,2.0,2.014034879770377
evaluation-007,34,uncapped,0.0,30.0,1.0706006027343975,0.4646376761163866,7.705602426206258,7.719445913417787
evaluation-007,35,capacity_control,24.0,30.0,1.871064120507805,1.429632074127308,6.0,5.980475790508284
evaluation-007,36,uncapped,0.0,30.0,0.5685499562583176,1.4179569460876675,7.926517183929725,7.883192059524661
evaluation-007,37,capacity_control,30.0,30.0,0.23679909953252065,0.7096339872202861,0.0,-0.0250147054061082
evaluation-007,38,uncapped,0.0,30.0,0.7034766738729452,1.779703537582533,7.790542330471152,7.719191748240569
evaluation-007,39,capacity_control,28.0,30.0,1.3586027400307876,0.45862785442617016,2.0,2.004326348080474
evaluation-007,40,uncapped,0.0,30.0,1.105481763778997,1.4534317883369239,7.996621728430758,7.9245996706524995
evaluation-007,41,capacity_control,24.0,30.0,1.2401784384218828,0.08675657355605026,6.0,5.928413136491404
evaluation-007,42,uncapped,0.0,30.0,0.46578462123604214,1.646775928283548,7.677222959524056,7.695022519441052
evaluation-007,43,capacity_control,30.0,30.0,1.1546698428242417,1.6505922984349504,0.0,0.06745871209535848
evaluation-007,44,uncapped,0.0,30.0,0.13720004303592748,1.7454224397250693,6.156654941739314,6.20329329518697
evaluation-007,45,capacity_control,28.0,30.0,1.6620941721560458,0.9426096532388333,2.0,2.005123041509709
evaluation-007,46,uncapped,0.0,30.0,0.3674350413690868,0.7999954680171251,6.849436456472134,6.814763333376088
evaluation-007,47,capacity_control,24.0,30.0,0.8645321543140014,0.42020738654643086,6.0,5.95673704575799
evaluation-007,48,uncapped,0.0,30.0,0.8815909206134258,0.10638127489352356,7.140447141917114,7.117310883427566
evaluation-007,49,capacity_control,30.0,30.0,1.3205925888342243,1.06799147679718,0.0,-0.010110214850673746
evaluation-007,50,uncapped,0.0,30.0,1.758901055014674,0.28648438071402627,9.65633817578447,9.633128288665521
evaluation-007,51,capacity_control,28.0,30.0,1.0324886486907165,0.6119864510029263,2.0,2.049229396152187
evaluation-007,52,uncapped,0.0,30.0,0.32908587558205427,0.6445101005410523,6.710494165107004,6.686951800454345
evaluation-007,53,capacity_control,24.0,30.0,1.9863855980506466,1.7899063306341214,6.0,6.071342241455835
evaluation-007,54,uncapped,0.0,30.0,1.7868163455337174,1.229362581055669,10.828531544191424,10.9269090582325
evaluation-007,55,capacity_control,30.0,30.0,0.5412962831349748,0.7802762732623805,0.0,-0.07301632518853206
evaluation-007,56,uncapped,0.0,30.0,1.7274095534375484,0.313931589204848,9.41485184390664,9.400054422311245
evaluation-007,57,capacity_control,28.0,30.0,0.08698269741696452,0.3453924396406096,2.0,2.0583992276180076
evaluation-007,58,uncapped,0.0,30.0,0.4997620231868265,0.2013841583135083,6.476924305414303,6.4341289136753845
evaluation-007,59,capacity_control,24.0,30.0,1.696410728516902,1.4186462769687762,6.0,5.983861611161157
evaluation-007,60,uncapped,0.0,30.0,0.15211386638635593,1.059525471874423,5.557472248053373,5.647094387994497
evaluation-007,61,capacity_control,30.0,30.0,0.3241314700458229,0.6256230840291701,0.0,-0.0016877038654961552
evaluation-007,62,uncapped,0.0,30.0,0.9903424036368591,1.0736187257415288,8.365549588495268,8.315862046962465
evaluation-007,63,capacity_control,28.0,30.0,1.918900049736672,1.0169398112304855,2.0,2.0729553965281355
evaluation-008,0,uncapped,0.0,30.0,1.9661523290435992,1.0728941807588033,7.318621175866756,7.288959572368862
evaluation-008,1,capacity_control,30.0,30.0,1.5043913926239625,1.0034792815724742,0.0,-0.010281133053577203
evaluation-008,2,uncapped,0.0,30.0,0.16768291832686089,0.8645752269399165,5.204686436210846,5.232567974316241
evaluation-008,3,capacity_control,28.0,30.0,0.8415783132747436,1.3094833996986937,2.0,1.9811275675392597
evaluation-008,4,uncapped,0.0,30.0,0.7998502891110464,1.0708713035009176,6.183380981230464,6.263061980537087
evaluation-008,5,capacity_control,24.0,30.0,0.46883092424910733,1.6900786290968313,5.005471357264157,4.980106377408099
evaluation-008,6,uncapped,0.0,30.0,1.692885930083185,1.5484302865436073,7.040298059791596,7.00955236065171
evaluation-008,7,capacity_control,30.0,30.0,0.2011887581798102,0.5875377810512941,0.0,0.04266790577205353
evaluation-008,8,uncapped,0.0,30.0,1.5065750596822631,1.4249644570538227,7.4914433085538485,7.546286338291074
evaluation-008,9,capacity_control,28.0,30.0,0.17870230085923478,1.673511199086696,2.0,1.936496037755549
evaluation-008,10,uncapped,0.0,30.0,0.36108546279252085,0.8413108289475748,5.669952638472783,5.667531639055465
evaluation-008,11,capacity_control,24.0,30.0,1.3253842634655455,1.0944909858600587,6.0,5.979231604417528
evaluation-008,12,uncapped,0.0,30.0,0.4685335285324854,1.400050958852779,5.544905666894168,5.636051274907564
evaluation-008,13,capacity_control,30.0,30.0,0.5441729235504427,0.9176002225508129,0.0,0.12934557612642494
evaluation-008,14,uncapped,0.0,30.0,0.4333298402556298,1.5564511610968244,5.455523438504938,5.408281162058562
evaluation-008,15,capacity_control,28.0,30.0,0.2188029026079512,0.37564005011551527,2.0,1.9731119450226666
evaluation-008,16,uncapped,0.0,30.0,0.11979694860033163,0.21074041715764102,4.891520388188086,4.86404326934029
evaluation-008,17,capacity_control,24.0,30.0,0.044315967169620274,1.3702404726917723,4.971176666763026,4.9888807301144436
evaluation-008,18,uncapped,0.0,30.0,0.06315282775383224,0.954611403994926,4.488768257350804,4.4842899822513305
evaluation-008,19,capacity_control,30.0,30.0,1.8632800575325257,0.2031630954117125,0.0,-0.02169717037408951
evaluation-008,20,uncapped,0.0,30.0,1.7473278195113449,1.6554085460831383,7.015534855538885,7.054430296507962
evaluation-008,21,capacity_control,28.0,30.0,0.5109499011353493,1.9754228045081839,2.0,1.9074352611698426
evaluation-008,22,uncapped,0.0,30.0,1.8721864656106149,0.289979178248033,7.224681528022633,7.149586063191994
evaluation-008,23,capacity_control,24.0,30.0,1.9266265874690993,0.5245172373585647,6.0,5.989429179604022
evaluation-008,24,uncapped,0.0,30.0,0.5745377722049079,1.5493487284401686,6.037062296244927,6.010463910985436
evaluation-008,25,capacity_control,30.0,30.0,1.097412403874665,1.0029329963026015,0.0,-0.053515657670735364
evaluation-008,26,uncapped,0.0,30.0,1.0396848001390062,0.29041946912943706,6.124044052091062,6.176307749829822
evaluation-008,27,capacity_control,28.0,30.0,0.6818490301466997,1.7776367818978547,2.0,1.9859206526979982
evaluation-008,28,uncapped,0.0,30.0,1.9349829234178706,0.582040116336918,7.698377560541164,7.762462778661657
evaluation-008,29,capacity_control,24.0,30.0,0.2768872091881034,1.2222011508496975,5.167793032168387,5.031895551747794
evaluation-008,30,uncapped,0.0,30.0,1.5924986845614126,0.5506451592353716,7.503354541359634,7.544426943174409
evaluation-008,31,capacity_control,30.0,30.0,0.38727746403122176,1.4692399066664512,0.0,0.0393759580074082
evaluation-008,32,uncapped,0.0,30.0,0.20710761647696208,0.3342449757079282,4.7442572177774,4.74759488686458
evaluation-008,33,capacity_control,28.0,30.0,1.8676661892468984,1.9547732345574351,2.0,2.016386369835471
evaluation-008,34,uncapped,0.0,30.0,1.4830603599608805,1.8477857975147158,6.850691837094807,6.790184773796358
evaluation-008,35,capacity_control,24.0,30.0,1.428718554206311,0.1295355124341362,6.0,5.979892640369201
evaluation-008,36,uncapped,0.0,30.0,1.3401923370152267,1.3348267927086968,7.230140590261315,7.232809705028673
evaluation-008,37,capacity_control,30.0,30.0,1.6457022459744206,1.7544630517356126,0.0,0.05734909491569802
evaluation-008,38,uncapped,0.0,30.0,0.24158874230158434,1.7602015129835382,4.5177225822081395,4.553124708677815
evaluation-008,39,capacity_control,28.0,30.0,0.17490255586635883,1.5919629497601813,2.0,1.968044417027218
evaluation-008,40,uncapped,0.0,30.0,1.6885475705185913,1.5345473714271267,7.411783241317067,7.376840247288102
evaluation-008,41,capacity_control,24.0,30.0,1.4239780983257102,0.9656888679561024,6.0,6.053852921147928
evaluation-008,42,uncapped,0.0,30.0,1.1058644141957594,0.3460866340620177,5.798190894571967,5.732228740112468
evaluation-008,43,capacity_control,30.0,30.0,0.5176430095232876,1.1804973284649645,0.0,-0.12314463382289553
evaluation-008,44,uncapped,0.0,30.0,0.13485192071943386,0.12881643688713118,4.568590764506719,4.578994412149721
evaluation-008,45,capacity_control,28.0,30.0,1.9472722738332855,1.8279952159918509,2.0,2.093910664797785
evaluation-008,46,uncapped,0.0,30.0,0.8578613028289919,1.0543742403191245,6.445408535441784,6.457830444317204
evaluation-008,47,capacity_control,24.0,30.0,1.0264666981619706,1.2783484144497481,6.0,5.9917755616986295
evaluation-008,48,uncapped,0.0,30.0,1.7986079453869834,0.741003444799244,6.7057102588957465,6.671414502314019
evaluation-008,49,capacity_control,30.0,30.0,1.9049345273443654,0.37540446498432356,0.0,-0.0680932531926126
evaluation-008,50,uncapped,0.0,30.0,0.7616113459747214,1.6944062581957577,5.548361705050674,5.493253538790734
evaluation-008,51,capacity_control,28.0,30.0,0.7011106525892754,1.2783761416456259,2.0,2.019526139181277
evaluation-008,52,uncapped,0.0,30.0,1.153605099959962,0.39040292861267023,5.550916262608387,5.577918246309026
evaluation-008,53,capacity_control,24.0,30.0,1.97794026752527,1.3862499320929578,6.0,6.02056852957089
evaluation-008,54,uncapped,0.0,30.0,1.0535890681841866,0.009574161333410602,5.508698567762874,5.536019780462245
evaluation-008,55,capacity_control,30.0,30.0,1.4020826343122987,0.2671165072116546,0.0,0.03723560643284022
evaluation-008,56,uncapped,0.0,30.0,1.9936709597043698,0.5618504724351487,6.852709119583032,6.813162732607214
evaluation-008,57,capacity_control,28.0,30.0,0.6946849969005424,1.5874469763831092,2.0,2.0569625075797537
evaluation-008,58,uncapped,0.0,30.0,0.2867018212941468,0.5772502710941623,5.548273957851711,5.544096045710242
evaluation-008,59,capacity_control,24.0,30.0,0.9479766934160345,0.5955403265051726,5.7237187740479465,5.747669361750829
evaluation-008,60,uncapped,0.0,30.0,0.7893842496042829,1.237165641251401,6.021656638495511,6.030442868370211
evaluation-008,61,capacity_control,30.0,30.0,1.565873912205063,1.1549473968410995,0.0,-0.008576305508496888
evaluation-008,62,uncapped,0.0,30.0,1.8765677388275328,1.0717924853915841,7.11774406244227,7.112079560580371
evaluation-008,63,capacity_control,28.0,30.0,1.9486867187075967,0.17628218128927875,2.0,1.9462809098815161
evaluation-009,0,uncapped,0.0,30.0,0.05009090271091332,0.7875670531987793,3.057322053772316,3.0761664908609845
evaluation-009,1,capacity_control,30.0,30.0,1.6642804696207856,0.15039043068039737,0.0,0.005634641450927867
evaluation-009,2,uncapped,0.0,30.0,0.8743838399971517,0.6478955235967447,3.1354974808962237,3.173713260748877
evaluation-009,3,capacity_control,28.0,30.0,1.5046754799935163,1.8684180969356339,2.0,1.9813157386829308
evaluation-009,4,uncapped,0.0,30.0,0.7488153763076946,1.5134086996638474,3.835984393751725,3.9508409076438906
evaluation-009,5,capacity_control,24.0,30.0,1.5275894348396997,0.10443355678207578,3.976236753677324,3.9304714506810416
evaluation-009,6,uncapped,0.0,30.0,1.030757485049732,1.8615594806743763,3.938766051233946,3.8818670732647873
evaluation-009,7,capacity_control,30.0,30.0,1.1688982541316824,1.6427285305743002,0.0,-0.027832946336667067
evaluation-009,8,uncapped,0.0,30.0,1.9660828204856238,0.9347696695159056,4.2738070391233975,4.3473513618623345
evaluation-009,9,capacity_control,28.0,30.0,1.923842937720382,0.8097770480451838,2.0,1.9899608086186393
evaluation-009,10,uncapped,0.0,30.0,1.7040292329179951,0.6555320823820219,3.937510294890706,3.959312372522897
evaluation-009,11,capacity_control,24.0,30.0,1.690811890940039,0.323429081166015,4.1244701139824835,4.040584174140184
evaluation-009,12,uncapped,0.0,30.0,1.2110983685401926,0.47510662937657155,3.863067532021092,3.867567286053556
evaluation-009,13,capacity_control,30.0,30.0,1.9366470692853661,1.6612086952586935,0.0,0.012251966308348714
evaluation-009,14,uncapped,0.0,30.0,1.716410446539237,1.2544075619885289,4.155376258500063,4.129762368089333
evaluation-009,15,capacity_control,28.0,30.0,0.02177223513363402,0.3370230986789762,2.0,1.9804886649229676
evaluation-009,16,uncapped,0.0,30.0,1.0880384472820588,0.7840441707206942,3.582509265952634,3.547726266807556
evaluation-009,17,capacity_control,24.0,30.0,0.5364451433389792,1.1240010515076166,2.9697897503093316,2.934972573887203
evaluation-009,18,uncapped,0.0,30.0,1.0262133936651816,1.6958936882793263,3.62552627856179,3.7048008776084695
evaluation-009,19,capacity_control,30.0,30.0,0.35990003925182434,0.17580274065078894,0.0,0.043811677032229226
evaluation-009,20,uncapped,0.0,30.0,1.3044879375455598,1.557914626798577,3.843806194617563,3.8646908203037453
evaluation-009,21,capacity_control,28.0,30.0,1.0305580544499202,0.4797120248440958,2.0,2.0111194801358843
evaluation-009,22,uncapped,0.0,30.0,0.7171517297330012,1.7301727208877717,3.6932389656435918,3.7122958699089703
evaluation-009,23,capacity_control,24.0,30.0,1.4881838356217016,1.6314477956946138,4.0771040009182204,4.058346866447953
evaluation-009,24,uncapped,0.0,30.0,1.3278868856302974,1.0433088663372676,3.5150830289828323,3.574320041529575
evaluation-009,25,capacity_control,30.0,30.0,1.6050817098210233,0.00868607439997282,0.0,-0.08528018837607565
evaluation-009,26,uncapped,0.0,30.0,0.053328726739778176,0.0950617186949303,2.738333415396393,2.7545190764331684
evaluation-009,27,capacity_control,28.0,30.0,0.6646340959765662,1.912431748518326,2.0,1.9710784029712607
evaluation-009,28,uncapped,0.0,30.0,1.500298595797378,0.2096327475520221,3.7016355045334355,3.6715205963344317
evaluation-009,29,capacity_control,24.0,30.0,1.6086152784950454,0.7600518218089785,4.377688367595548,4.361699869857896
evaluation-009,30,uncapped,0.0,30.0,1.1638019027932809,0.044830378223894574,3.497361085141026,3.516189189664639
evaluation-009,31,capacity_control,30.0,30.0,0.5242182053838667,1.4676495707058754,0.0,0.07834142116942708
evaluation-009,32,uncapped,0.0,30.0,1.6949301625131707,0.7109753517344111,3.856408798494667,3.770014434097483
evaluation-009,33,capacity_control,28.0,30.0,1.9092429493390854,1.5097315891565504,2.0,1.8924462833628302
evaluation-009,34,uncapped,0.0,30.0,1.9812180903287089,0.14132927550879604,4.561283708177141,4.568471251355014
evaluation-009,35,capacity_control,24.0,30.0,1.3014896659661908,1.5540289829725062,4.128188933922704,4.216021413015748
evaluation-009,36,uncapped,0.0,30.0,1.3741617447708019,0.8207761975414782,4.196394149847783,4.239910171432307
evaluation-009,37,capacity_control,30.0,30.0,0.13104597501934,1.9731170668988751,0.0,-0.0324470766456736
evaluation-009,38,uncapped,0.0,30.0,1.7821386713745306,0.9150315820475938,4.158632210427784,4.1605431226122995
evaluation-009,39,capacity_control,28.0,30.0,1.334091742689621,0.04138694654054875,2.0,1.9442053287553456
evaluation-009,40,uncapped,0.0,30.0,0.6860485802312084,1.7191868044880863,3.2019770758088932,3.163869999979135
evaluation-009,41,capacity_control,24.0,30.0,1.786437091530906,0.5228799540150486,4.036679526864128,4.047653444679198
evaluation-009,42,uncapped,0.0,30.0,1.6654302573919886,0.016613403273386673,3.610017577497298,3.563844934641085
evaluation-009,43,capacity_control,30.0,30.0,1.1534653846150849,1.4573157035989555,0.0,-0.027571412080833465
evaluation-009,44,uncapped,0.0,30.0,1.189405506321874,0.873367794378825,3.4132399417920007,3.408025650671427
evaluation-009,45,capacity_control,28.0,30.0,1.5226144321580573,1.642972703119218,2.0,2.000137537409684
evaluation-009,46,uncapped,0.0,30.0,1.2000358289397013,0.1570427945682269,3.7175169173496094,3.758545905215616
evaluation-009,47,capacity_control,24.0,30.0,0.529959648251731,0.3663437152616116,3.4460312213064963,3.501173457504498
evaluation-009,48,uncapped,0.0,30.0,0.4000193482735386,1.1410088661720255,3.1027149900042525,3.129493865181125
evaluation-009,49,capacity_control,30.0,30.0,0.4859160697454068,1.0438407905043874,0.0,0.018274439363212318
evaluation-009,50,uncapped,0.0,30.0,0.6776386875481983,1.8557625712292969,3.6474920667245203,3.6568973926894177
evaluation-009,51,capacity_control,28.0,30.0,0.4355969795244323,1.4435650394630684,2.0,2.071408220379596
evaluation-009,52,uncapped,0.0,30.0,0.800392291893451,0.4251457254841804,3.1567260079422663,3.1450227791049024
evaluation-009,53,capacity_control,24.0,30.0,0.6885553698446063,1.1309384457420344,3.7680931883648654,3.75539881724176
evaluation-009,54,uncapped,0.0,30.0,1.7301574395492358,1.3100368688571868,4.094992465677652,4.147964456613338
evaluation-009,55,capacity_control,30.0,30.0,1.6195893203799494,1.7397601117336816,0.0,-0.042849511109387686
evaluation-009,56,uncapped,0.0,30.0,0.09315845705627845,1.557957490419986,3.205800788326677,3.28327430836073
evaluation-009,57,capacity_control,28.0,30.0,1.0480973537923362,0.14383329540538736,2.0,1.9823183952618475
evaluation-009,58,uncapped,0.0,30.0,0.22557468550548587,0.3629358546228052,2.8614221844946375,2.8315350748836634
evaluation-009,59,capacity_control,24.0,30.0,0.4122028702518574,0.45503404533697367,2.881870316274086,2.8789338557474013
evaluation-009,60,uncapped,0.0,30.0,0.9962834977245043,1.695971932351698,3.6346482717114137,3.627611738857624
evaluation-009,61,capacity_control,30.0,30.0,0.5511950939375156,0.9869159018924611,0.0,-0.04232790187589978
evaluation-009,62,uncapped,0.0,30.0,1.8223090699883109,0.3578387323255243,3.8229567473491737,3.8129280401464087
evaluation-009,63,capacity_control,28.0,30.0,1.0788293415978405,0.13815626109188806,2.0,1.9954475527745308
evaluation-010,0,uncapped,0.0,30.0,0.10734043368579149,1.8068637371529574,5.717836129964222,5.6811669196580095
evaluation-010,1,capacity_control,30.0,30.0,1.9927494057024127,0.0011545508027277496,0.0,0.013437849648322281
evaluation-010,2,uncapped,0.0,30.0,1.2818532982810456,1.24554991921704,6.537532635785612,6.50083419694618
evaluation-010,3,capacity_control,28.0,30.0,1.5685910938371417,1.3088438115390717,2.0,1.9408696828402876
evaluation-010,4,uncapped,0.0,30.0,0.49857636092638313,0.07496040532656845,5.728862405105228,5.6902027634984265
evaluation-010,5,capacity_control,24.0,30.0,0.04786518221953928,1.2123692329463558,4.819972731069297,4.869127182927086
evaluation-010,6,uncapped,0.0,30.0,0.7276318837563056,0.6716902442488797,5.789153315660873,5.807198977541638
evaluation-010,7,capacity_control,30.0,30.0,0.5670653694681551,0.5777984415053818,0.0,-0.03435565708777382
evaluation-010,8,uncapped,0.0,30.0,0.8363202693049576,1.1158251808344062,7.05995478681347,7.077359338676857
evaluation-010,9,capacity_control,28.0,30.0,0.12449428122049233,0.9973209974912913,2.0,2.028747241415528
evaluation-010,10,uncapped,0.0,30.0,1.1418352981948736,0.2520814427823719,6.569075368805425,6.524057126741507
evaluation-010,11,capacity_control,24.0,30.0,0.2647379946038835,1.8736444245428234,6.0,6.037282099920647
evaluation-010,12,uncapped,0.0,30.0,0.7709330330627322,1.915140305047251,5.951396397835493,5.963360321895973
evaluation-010,13,capacity_control,30.0,30.0,0.3343453328080588,0.534577755988116,0.0,0.011323709837123648
evaluation-010,14,uncapped,0.0,30.0,0.6760387714712541,0.23555480537361073,6.105366632009448,6.029589583534882
evaluation-010,15,capacity_control,28.0,30.0,0.2727308030522366,1.679118410377795,2.0,1.9335981935338553
evaluation-010,16,uncapped,0.0,30.0,1.6435364701141773,1.3240307423220288,6.807140501758417,6.7978345491081
evaluation-010,17,capacity_control,24.0,30.0,1.4889184048243516,0.755177143985998,6.0,5.999067004061107
evaluation-010,18,uncapped,0.0,30.0,1.182017675288898,1.1812932451422862,6.852859544329979,6.8432195536281695
evaluation-010,19,capacity_control,30.0,30.0,1.9857058431326895,0.4531623991946099,0.0,0.01159847785861258
evaluation-010,20,uncapped,0.0,30.0,1.4279991207502643,0.4196814077813109,7.243923288638108,7.168571658751036
evaluation-010,21,capacity_control,28.0,30.0,1.0905749633004036,0.6898731640699389,2.0,1.943799476766577
evaluation-010,22,uncapped,0.0,30.0,0.8236291898105761,1.038721589405474,5.783317139874342,5.892388997181028
evaluation-010,23,capacity_control,24.0,30.0,1.5566144447460617,1.8826878601362425,6.0,5.955703313515921
evaluation-010,24,uncapped,0.0,30.0,0.61979813677059,1.1648023299773564,6.619950218123152,6.63943645586064
evaluation-010,25,capacity_control,30.0,30.0,0.4630585964881053,0.7858133208508833,0.0,0.031046446125673595
evaluation-010,26,uncapped,0.0,30.0,1.7697445042128268,1.6124014094582606,7.23204201001277,7.262316612465638
evaluation-010,27,capacity_control,28.0,30.0,1.161401220080191,1.9375282608396573,2.0,1.9207133086934287
evaluation-010,28,uncapped,0.0,30.0,1.304328390429551,1.8037096615504804,6.413284565069836,6.433821461671769
evaluation-010,29,capacity_control,24.0,30.0,1.7941556841386643,1.0663078718916177,6.0,6.00419892849271
evaluation-010,30,uncapped,0.0,30.0,1.4946637198681776,1.1721538427006601,7.557039150791707,7.573365565114392
evaluation-010,31,capacity_control,30.0,30.0,0.7340038453083622,1.3916696492911516,0.0,0.0009634950458237859
evaluation-010,32,uncapped,0.0,30.0,0.27010457733669835,0.006571844618117106,5.290223445785333,5.274182197396593
evaluation-010,33,capacity_control,28.0,30.0,1.1620157929217731,0.5865233669305832,2.0,1.9974568222382407
evaluation-010,34,uncapped,0.0,30.0,1.8545062999739281,0.23221128655996437,7.040957769274148,7.103481512997805
evaluation-010,35,capacity_control,24.0,30.0,1.9441673592751467,1.950634508282928,6.0,6.05527690110991
evaluation-010,36,uncapped,0.0,30.0,0.48766731497648674,0.7691928667940908,6.283630814252578,6.221271057034569
evaluation-010,37,capacity_control,30.0,30.0,1.5778036621381824,0.8776413781161299,0.0,0.007797292640248407
evaluation-010,38,uncapped,0.0,30.0,0.37546062546993,0.17416883245702586,5.441134762136012,5.599050483557848
evaluation-010,39,capacity_control,28.0,30.0,0.7210794224104446,1.8419786334641148,2.0,2.021614899990791
evaluation-010,40,uncapped,0.0,30.0,1.4773350340281473,0.002622039104466234,7.16112065470805,7.224287345917917
evaluation-010,41,capacity_control,24.0,30.0,0.22464446243184266,1.2608960456936045,5.154547423982378,5.183584760824096
evaluation-010,42,uncapped,0.0,30.0,1.9876100153389296,0.8914179215095603,7.625141809191706,7.659865333447046
evaluation-010,43,capacity_control,30.0,30.0,1.2189646513480732,1.569512769258842,0.0,-0.05596311517846578
evaluation-010,44,uncapped,0.0,30.0,1.4510567151471476,1.8511264470698774,6.35885225803857,6.362018227367849
evaluation-010,45,capacity_control,28.0,30.0,0.9146579751637243,1.0130333111456096,2.0,2.100803701488758
evaluation-010,46,uncapped,0.0,30.0,0.5564704650749268,0.26076038308895755,6.238767221306178,6.2861356806964
evaluation-010,47,capacity_control,24.0,30.0,0.7771467562976733,0.8442298991247177,6.0,5.961557263952392
evaluation-010,48,uncapped,0.0,30.0,0.7027000219935919,1.4325886896061462,5.716198106262435,5.6597446938678475
evaluation-010,49,capacity_control,30.0,30.0,1.2602089150128264,1.314381904564496,0.0,-0.03831145255978889
evaluation-010,50,uncapped,0.0,30.0,1.4867908312158788,1.1068615509473523,7.73130470037396,7.737285996097186
evaluation-010,51,capacity_control,28.0,30.0,1.4132841325794916,1.3406371025719221,2.0,1.9577580878904122
evaluation-010,52,uncapped,0.0,30.0,1.3256015114329205,1.7428530245268954,6.20163200725548,6.1715587669367515
evaluation-010,53,capacity_control,24.0,30.0,1.152055573006414,0.990430913801922,6.0,6.01857801155365
evaluation-010,54,uncapped,0.0,30.0,0.8455506587808135,0.45827504575344236,6.039023524865816,6.0498699743821795
evaluation-010,55,capacity_control,30.0,30.0,1.5697997916095092,0.022144653869561548,0.0,-0.03570945610025939
evaluation-010,56,uncapped,0.0,30.0,0.47397550181330383,0.05209037798030458,5.442116710325682,5.392390068487874
evaluation-010,57,capacity_control,28.0,30.0,0.807569899017313,0.9503381633908679,2.0,2.0117761521539377
evaluation-010,58,uncapped,0.0,30.0,0.6062800419854375,0.06574917407268299,6.540360118102027,6.5679959067106655
evaluation-010,59,capacity_control,24.0,30.0,1.5330815163879155,1.2887964342007008,6.0,6.059595975842152
evaluation-010,60,uncapped,0.0,30.0,0.14441814950238374,1.4789627457465053,5.758881021140246,5.796671605225581
evaluation-010,61,capacity_control,30.0,30.0,0.1694516893107758,1.0661670001008308,0.0,-0.0032037317432361684
evaluation-010,62,uncapped,0.0,30.0,0.2689831812824499,0.7809943558056651,5.346535578233985,5.352207796123607
evaluation-010,63,capacity_control,28.0,30.0,1.4072898579771107,0.8292145690862125,2.0,1.9793459667469286
evaluation-011,0,uncapped,0.0,30.0,0.4562327918157789,1.7224668183238931,5.3448282411019346,5.371908888837817
evaluation-011,1,capacity_control,30.0,30.0,0.05798611635947126,0.2751987895704029,0.0,0.02890725316117798
evaluation-011,2,uncapped,0.0,30.0,1.7591553176185017,0.0065108030117755344,5.682034027165385,5.67437509473867
evaluation-011,3,capacity_control,28.0,30.0,1.7658243303385843,1.5325098436568778,2.0,2.0145007706571985
evaluation-011,4,uncapped,0.0,30.0,1.0980218485930242,1.5291432795647408,6.489142200857932,6.532553001926994
evaluation-011,5,capacity_control,24.0,30.0,1.7906507438322836,0.9799699386339074,6.0,6.021228067911325
evaluation-011,6,uncapped,0.0,30.0,1.0230730175103095,0.24293919387884477,5.883756326188429,5.891157524160246
evaluation-011,7,capacity_control,30.0,30.0,0.11125598046020668,0.7511818803615546,0.0,-0.00999661268233605
evaluation-011,8,uncapped,0.0,30.0,0.11054256452663602,1.9909421018828537,5.52049442717166,5.431542604778309
evaluation-011,9,capacity_control,28.0,30.0,1.220973742771492,1.844323596414695,2.0,2.0105208257150045
evaluation-011,10,uncapped,0.0,30.0,0.1249745021202957,1.4048018117923275,4.94577700755303,4.918411585532756
evaluation-011,11,capacity_control,24.0,30.0,1.4303583227030479,0.3630256096805198,6.0,6.005915890216242
evaluation-011,12,uncapped,0.0,30.0,0.6527483806504939,0.7232702306489174,4.850721687795911,4.811755167264269
evaluation-011,13,capacity_control,30.0,30.0,0.5332985729023116,0.4972359129600441,0.0,0.08016845572614638
evaluation-011,14,uncapped,0.0,30.0,0.6340416006825351,0.9932331915601593,5.713027387689717,5.723846962769451
evaluation-011,15,capacity_control,28.0,30.0,1.9599646150789418,1.3026456914027849,2.0,2.105334680801368
evaluation-011,16,uncapped,0.0,30.0,0.965685551905026,1.9430385190012878,5.800999105292336,5.848602357194936
evaluation-011,17,capacity_control,24.0,30.0,1.3794326297200297,0.3855549401414098,5.489579529923378,5.427846126022025
evaluation-011,18,uncapped,0.0,30.0,0.6832402218562963,0.1057589368825389,4.872391478758259,4.850105167942199
evaluation-011,19,capacity_control,30.0,30.0,1.2757645294458295,1.8902538607837585,0.0,-0.02362077427677847
evaluation-011,20,uncapped,0.0,30.0,1.429102717165481,1.124605716318486,7.08694906403211,6.9566423287985435
evaluation-011,21,capacity_control,28.0,30.0,0.8413243123543643,0.8419645403881422,2.0,2.023420945999026
evaluation-011,22,uncapped,0.0,30.0,1.1389852335622772,1.880775674252872,6.772210147628174,6.75282573328839
evaluation-011,23,capacity_control,24.0,30.0,1.220104334606051,0.26389947406912717,5.608292773983923,5.593618166983201
evaluation-011,24,uncapped,0.0,30.0,0.27762783065137797,1.0097739392368985,4.513483965488864,4.537239530412175
evaluation-011,25,capacity_control,30.0,30.0,0.5276043391750556,0.37065384202017215,0.0,0.006662139055896943
evaluation-011,26,uncapped,0.0,30.0,0.8413425940278934,0.9840775720864725,5.99718908843166,5.957253163846747
evaluation-011,27,capacity_control,28.0,30.0,0.6744859150370774,0.12992012315501866,2.0,1.940252855820224
evaluation-011,28,uncapped,0.0,30.0,1.180494765856643,1.1130857495495343,5.898567091867701,5.872219702231652
evaluation-011,29,capacity_control,24.0,30.0,0.423260514525158,1.8758310917158352,5.157401140289835,5.218219520561597
evaluation-011,30,uncapped,0.0,30.0,1.0950503760661412,0.09878601861045389,5.287915505341429,5.261593978789815
evaluation-011,31,capacity_control,30.0,30.0,0.5552853643176774,1.0669476101283102,0.0,0.014851623353052294
evaluation-011,32,uncapped,0.0,30.0,1.1556492812982797,0.027349968364095645,5.4841242521935065,5.394918714086974
evaluation-011,33,capacity_control,28.0,30.0,0.7908070510637049,0.21171420094675897,2.0,2.001738508274917
evaluation-011,34,uncapped,0.0,30.0,0.4056615655636566,1.3796678188432339,4.817314270127127,4.875396333219715
evaluation-011,35,capacity_control,24.0,30.0,0.2605264103087457,0.31197529948286906,4.073140080488052,4.070197642764604
evaluation-011,36,uncapped,0.0,30.0,0.3913754580594446,0.38556699083671875,4.253769649237703,4.267446473727385
evaluation-011,37,capacity_control,30.0,30.0,1.5750798870914673,0.9378350283171859,0.0,0.05072497779739524
evaluation-011,38,uncapped,0.0,30.0,1.5903174320557527,0.7137094338427126,6.253588356062374,6.32737970013411
evaluation-011,39,capacity_control,28.0,30.0,1.1076715827481167,0.28061132209777795,2.0,1.929842822323649
evaluation-011,40,uncapped,0.0,30.0,1.0258469814177091,1.474259233501596,6.242207288348525,6.182622128746332
evaluation-011,41,capacity_control,24.0,30.0,0.6866942266568106,0.6840145257372501,5.345354792206251,5.346029600535951
evaluation-011,42,uncapped,0.0,30.0,1.7045157493061416,1.7866197516542774,7.374182856733139,7.417059550890634
evaluation-011,43,capacity_control,30.0,30.0,1.598412981630558,1.8462935219428487,0.0,0.0651492629604765
evaluation-011,44,uncapped,0.0,30.0,1.243085775515887,1.973476927228512,6.794398362647361,6.756662182928879
evaluation-011,45,capacity_control,28.0,30.0,1.135580657457983,0.39786890111908857,2.0,1.9467613403894128
evaluation-011,46,uncapped,0.0,30.0,0.9019885517854642,1.3097387422458158,5.696423948763046,5.665451180642765
evaluation-011,47,capacity_control,24.0,30.0,1.09272500739987,0.05897944160096458,5.952434199865046,5.9148857448043115
evaluation-011,48,uncapped,0.0,30.0,0.6215198300725375,1.8032494894718114,6.079279236998294,5.980229689907666
evaluation-011,49,capacity_control,30.0,30.0,1.486323290055235,1.7382072194640068,0.0,0.024958856822637918
evaluation-011,50,uncapped,0.0,30.0,0.03852802850248449,0.7022502850903225,4.755394799415861,4.750868845095966
evaluation-011,51,capacity_control,28.0,30.0,1.3535041042420421,0.23600702104440163,2.0,1.9619653455331798
evaluation-011,52,uncapped,0.0,30.0,0.03840878576795714,1.4334060837624485,5.28620619227677,5.211161742350493
evaluation-011,53,capacity_control,24.0,30.0,0.6516461593194807,0.4629917135852937,5.769111858988041,5.796115896525441
evaluation-011,54,uncapped,0.0,30.0,1.0988865438024555,0.2468068845447744,5.175515038983599,5.19651047233329
evaluation-011,55,capacity_control,30.0,30.0,1.5538342648804475,0.2606166234386236,0.0,-0.027882112257806214
evaluation-011,56,uncapped,0.0,30.0,0.1640414172718183,1.9849199753689248,5.435427160886535,5.464958194943618
evaluation-011,57,capacity_control,28.0,30.0,0.24081810486822874,0.990937078064499,2.0,1.9439049162171207
evaluation-011,58,uncapped,0.0,30.0,1.1063698056093343,1.295642343477352,6.118018424629643,6.007307179566569
evaluation-011,59,capacity_control,24.0,30.0,0.6626936496933866,1.8900156608025307,5.879145802307903,5.838860067251012
evaluation-011,60,uncapped,0.0,30.0,0.7183011281061029,0.3221864025948562,4.568337168398368,4.5565358230330055
evaluation-011,61,capacity_control,30.0,30.0,0.6295961218980488,0.9151039932473115,0.0,0.042530153294216375
evaluation-011,62,uncapped,0.0,30.0,1.192840865601093,0.08378741332937767,5.1939910384846195,5.171677064317944
evaluation-011,63,capacity_control,28.0,30.0,1.6164911065872345,1.475719001126737,2.0,2.011117412363779
evaluation-012,0,uncapped,0.0,30.0,1.9881797369557006,1.6741813101557124,10.236516700586053,10.219178269739428
evaluation-012,1,capacity_control,30.0,30.0,1.2307333318758376,0.4055747750299248,0.0,0.02638819662211869
evaluation-012,2,uncapped,0.0,30.0,1.0867857035121917,1.2185351301641802,7.581481552416216,7.598944822019973
evaluation-012,3,capacity_control,28.0,30.0,0.1137718634234628,1.3748336058072865,2.0,2.062605290378109
evaluation-012,4,uncapped,0.0,30.0,1.200823463317977,1.5486344377574182,8.534168729111189,8.46622298089787
evaluation-012,5,capacity_control,24.0,30.0,0.12282376785782967,1.3867740779017135,5.9469041428765275,5.956279631925808
evaluation-012,6,uncapped,0.0,30.0,0.29482643583462487,0.7306738260816956,5.011353364063737,5.000259044517928
evaluation-012,7,capacity_control,30.0,30.0,0.18615850947298074,0.8528295802023982,0.0,-0.029800863144306546
evaluation-012,8,uncapped,0.0,30.0,1.0023586802988356,0.8435317415833037,6.91756496425446,6.898523042625922
evaluation-012,9,capacity_control,28.0,30.0,1.3390908120798757,1.8290324028574934,2.0,2.0280485893289906
evaluation-012,10,uncapped,0.0,30.0,1.997240418432506,1.4357440589898363,9.624036666170591,9.666495899068668
evaluation-012,11,capacity_control,24.0,30.0,1.3028082993458077,1.7069481352760387,6.0,5.991560653641368
evaluation-012,12,uncapped,0.0,30.0,1.866418736102728,1.144338469527472,9.320121873132294,9.298414883614818
evaluation-012,13,capacity_control,30.0,30.0,1.259349318675881,1.4273159244224582,0.0,-0.059906486374795044
evaluation-012,14,uncapped,0.0,30.0,1.2709506441648124,0.9659078582762948,8.4202411034059,8.438970075824992
evaluation-012,15,capacity_control,28.0,30.0,0.38629195812928363,0.7573892519013914,2.0,2.0243860805957703
evaluation-012,16,uncapped,0.0,30.0,0.6622315885629304,0.4383539571352302,5.559712823888709,5.558949170523792
evaluation-012,17,capacity_control,24.0,30.0,0.9352468295293905,0.24891626092897434,6.0,5.999635021554798
evaluation-012,18,uncapped,0.0,30.0,0.7455526678583071,1.8615175482819282,7.027870161593003,7.052579489319506
evaluation-012,19,capacity_control,30.0,30.0,1.7194105018483479,1.0649093340439317,0.0,-0.010161591944200715
evaluation-012,20,uncapped,0.0,30.0,0.6199826112515714,1.962326820796799,7.361041315874544,7.273163648748091
evaluation-012,21,capacity_control,28.0,30.0,1.5974259964543076,0.6310937320516099,2.0,1.9357213356523697
evaluation-012,22,uncapped,0.0,30.0,1.2389347820767618,1.6597278654162861,7.881283773053781,7.874876523802702
evaluation-012,23,capacity_control,24.0,30.0,0.8383455719148594,1.5246399336675682,6.0,5.931413615372761
evaluation-012,24,uncapped,0.0,30.0,1.3087449249807122,0.9202984199465196,7.733645313045118,7.745672136093594
evaluation-012,25,capacity_control,30.0,30.0,1.2865357189899536,0.32706915404541226,0.0,0.03373404687033387
evaluation-012,26,uncapped,0.0,30.0,0.19276707236302126,0.9072988905688188,5.79132494411287,5.784517520899088
evaluation-012,27,capacity_control,28.0,30.0,1.158634118784259,0.0054753236253406445,2.0,2.0404322411454943
evaluation-012,28,uncapped,0.0,30.0,0.2975247628942388,1.7758326139466751,5.994135610760182,6.073470692339297
evaluation-012,29,capacity_control,24.0,30.0,1.7133582243426528,0.7596393029844657,6.0,5.915888012915668
evaluation-012,30,uncapped,0.0,30.0,0.6012575112577532,0.046723395837795945,6.262091110782051,6.303817624275502
evaluation-012,31,capacity_control,30.0,30.0,0.9468361708015436,1.4269004720755285,0.0,-0.021299790705602863
evaluation-012,32,uncapped,0.0,30.0,1.226954608516463,1.955071924456824,8.827532669220016,8.854421181906735
evaluation-012,33,capacity_control,28.0,30.0,1.5206374867759298,0.843298362486171,2.0,1.963462772840125
evaluation-012,34,uncapped,0.0,30.0,1.5224328026078262,1.02974332684692,9.234200701208898,9.264378405236096
evaluation-012,35,capacity_control,24.0,30.0,1.1131178194318654,0.7401092912605136,6.0,5.94511821857121
evaluation-012,36,uncapped,0.0,30.0,1.003868508220458,1.695526269177267,7.182523809066643,7.310851716442766
evaluation-012,37,capacity_control,30.0,30.0,0.19923353244574948,0.07422562382554299,0.0,-0.034602339479408294
evaluation-012,38,uncapped,0.0,30.0,0.12161634737355809,0.6647723643458301,4.395808669059006,4.457728135765887
evaluation-012,39,capacity_control,28.0,30.0,0.05749935959868391,0.16477964727568328,2.0,2.029919338470129
evaluation-012,40,uncapped,0.0,30.0,1.2008605707713795,0.20776758966993691,7.9711868199688745,7.9062633380120175
evaluation-012,41,capacity_control,24.0,30.0,0.6212729653402211,1.7056293979880919,6.0,5.982181735188691
evaluation-012,42,uncapped,0.0,30.0,0.5758528855282605,1.1374944004338579,5.976809741125268,6.049034780693789
evaluation-012,43,capacity_control,30.0,30.0,1.447064568598928,1.7671587858742035,0.0,0.04706454020147866
evaluation-012,44,uncapped,0.0,30.0,0.6307129734255126,0.20595282181682117,5.824610657821731,5.775583656672025
evaluation-012,45,capacity_control,28.0,30.0,0.7551827610222974,1.3225623703328315,2.0,1.8849876269073265
evaluation-012,46,uncapped,0.0,30.0,0.07120566594530198,1.8243291866640836,4.963751359145526,4.96936602299458
evaluation-012,47,capacity_control,24.0,30.0,1.2446134406885923,1.1681817554177039,6.0,5.944597485329841
evaluation-012,48,uncapped,0.0,30.0,1.6112005411041619,1.6183973238977507,9.427582854447607,9.489567808190785
evaluation-012,49,capacity_control,30.0,30.0,0.7293335291847491,0.35912416820879,0.0,-0.0330766315181296
evaluation-012,50,uncapped,0.0,30.0,1.5869451773539869,1.3826589279948462,8.6208396274122,8.72175675591797
evaluation-012,51,capacity_control,28.0,30.0,0.18636806272636908,0.9220181960087854,2.0,2.0348444660152207
evaluation-012,52,uncapped,0.0,30.0,0.8644215818929899,0.8261823233055874,7.469942622477405,7.539214901774653
evaluation-012,53,capacity_control,24.0,30.0,1.1927674050591133,0.17855347678809896,6.0,6.03131244683539
evaluation-012,54,uncapped,0.0,30.0,1.2763384990455278,1.7035959553978577,8.427837904943138,8.543089776598723
evaluation-012,55,capacity_control,30.0,30.0,1.275327970990547,0.5326678110541947,0.0,0.007394104251024378
evaluation-012,56,uncapped,0.0,30.0,1.8475755632668747,0.2365670677367453,9.242792004134959,9.312058317673204
evaluation-012,57,capacity_control,28.0,30.0,0.9321598141543439,0.2078824862832669,2.0,2.019031556441355
evaluation-012,58,uncapped,0.0,30.0,1.7705496602322688,1.9143127052943927,9.214619642582806,9.232023957747998
evaluation-012,59,capacity_control,24.0,30.0,0.6130829311255976,0.38885810579908453,5.4726195444883885,5.470227456422922
evaluation-012,60,uncapped,0.0,30.0,1.8724849404432444,1.694698518054704,9.296324763494013,9.348079402342877
evaluation-012,61,capacity_control,30.0,30.0,0.0396600449850435,0.833592159230707,0.0,-0.026268809640796184
evaluation-012,62,uncapped,0.0,30.0,1.252338894073752,0.6013085321715861,8.269174356600482,8.323840995616623
evaluation-012,63,capacity_control,28.0,30.0,0.09672638369431197,0.8248839482442274,2.0,1.9985716591970533
evaluation-013,0,uncapped,0.0,30.0,0.16956338427751927,0.08394488787104093,5.297606067652593,5.254683883546384
evaluation-013,1,capacity_control,30.0,30.0,1.0228276896156383,1.423595293302481,0.0,0.03102103386680613
evaluation-013,2,uncapped,0.0,30.0,0.08618695850521729,0.14114867814205923,5.274900971898359,5.210894679203451
evaluation-013,3,capacity_control,28.0,30.0,0.9389455356703065,0.4010263130031817,2.0,2.0217952399815853
evaluation-013,4,uncapped,0.0,30.0,0.2548169878622586,1.4017748514747295,6.477195249012901,6.444274843970216
evaluation-013,5,capacity_control,24.0,30.0,0.5097730704436367,0.2760684275988128,6.0,5.955534097278892
evaluation-013,6,uncapped,0.0,30.0,1.7536425793530206,0.38885784364670384,8.190421525111958,8.116171593397382
evaluation-013,7,capacity_control,30.0,30.0,0.7316313576252094,0.19486312298470976,0.0,0.009181385277270178
evaluation-013,8,uncapped,0.0,30.0,0.6002043920633631,1.2189528431249421,6.740191515234335,6.734119999771551
evaluation-013,9,capacity_control,28.0,30.0,0.38503512568332154,1.680819585373512,2.0,2.0286800950759494
evaluation-013,10,uncapped,0.0,30.0,0.1983366753590723,0.5149644265063269,6.727703286086774,6.693584613104867
evaluation-013,11,capacity_control,24.0,30.0,1.4355223189938005,0.49764563480066104,6.0,5.952026529345276
evaluation-013,12,uncapped,0.0,30.0,0.11892539351588072,0.8209891326663388,7.074428542860389,7.06448701827895
evaluation-013,13,capacity_control,30.0,30.0,0.993941877080371,0.6319123096326145,0.0,-0.03617870664036455
evaluation-013,14,uncapped,0.0,30.0,1.821121944762309,0.4842522732614092,7.482403203186451,7.569796663200848
evaluation-013,15,capacity_control,28.0,30.0,1.9348582297058736,1.1081312652218924,2.0,1.9879542080819919
evaluation-013,16,uncapped,0.0,30.0,1.1244801840660483,1.840105241475055,6.323493694795127,6.327521192865821
evaluation-013,17,capacity_control,24.0,30.0,0.5526310362133462,1.1873003009314818,6.0,6.137009957302526
evaluation-013,18,uncapped,0.0,30.0,1.510100539963225,0.5069620292606847,6.857001081771991,6.787988922675619
evaluation-013,19,capacity_control,30.0,30.0,0.4257253059519932,1.5609353808477102,0.0,0.032053394518272785
evaluation-013,20,uncapped,0.0,30.0,0.18540326313427946,1.7406344391821886,6.4472971690477845,6.498403924783119
evaluation-013,21,capacity_control,28.0,30.0,0.9489942870224797,1.5803749224787762,2.0,2.0283874820918335
evaluation-013,22,uncapped,0.0,30.0,0.15208007232531018,1.3238291902825339,7.165384430242773,7.206082966744193
evaluation-013,23,capacity_control,24.0,30.0,1.0289235218664754,0.34301370752738514,6.0,5.97654464117799
evaluation-013,24,uncapped,0.0,30.0,0.6854622104753572,1.1704938164274306,6.133387725536791,6.103854801580562
evaluation-013,25,capacity_control,30.0,30.0,0.38631226850084177,0.11019879114345921,0.0,0.03363041530550449
evaluation-013,26,uncapped,0.0,30.0,1.3339798180068796,0.5668840408526759,6.809460732195243,6.7955949150608115
evaluation-013,27,capacity_control,28.0,30.0,1.8387186426911013,0.7270701863872566,2.0,1.9710093473472194
evaluation-013,28,uncapped,0.0,30.0,1.1499862437404176,1.2164801495511404,7.312670360730887,7.34281666429076
evaluation-013,29,capacity_control,24.0,30.0,1.532035076522371,0.06194967822247999,6.0,5.857059224721081
evaluation-013,30,uncapped,0.0,30.0,1.043528167587562,0.0330128870959312,6.294825237357217,6.312596861520994
evaluation-013,31,capacity_control,30.0,30.0,0.558073849242722,1.9290286723711907,0.0,-0.03619239767308289
evaluation-013,32,uncapped,0.0,30.0,1.4498565187998445,0.473607738775637,6.8796592835744255,6.926167928680474
evaluation-013,33,capacity_control,28.0,30.0,1.3231853721700535,1.0446463246239566,2.0,2.008832198587042
evaluation-013,34,uncapped,0.0,30.0,1.0422501477168795,1.3443293521347075,7.464512633794103,7.334266766293956
evaluation-013,35,capacity_control,24.0,30.0,1.93236643492261,0.15938307598646517,6.0,5.991789760307546
evaluation-013,36,uncapped,0.0,30.0,1.730004760668722,0.2171857207611987,7.602930551413332,7.595096848282797
evaluation-013,37,capacity_control,30.0,30.0,0.3321511330884974,1.224838997531974,0.0,-0.026326214474322165
evaluation-013,38,uncapped,0.0,30.0,0.7257137222114978,1.4024796313196026,7.138939011779859,7.19654270999895
evaluation-013,39,capacity_control,28.0,30.0,1.5559282805258927,0.6441077188623241,2.0,1.9734331281680932
evaluation-013,40,uncapped,0.0,30.0,0.7372982075521093,0.667711403376066,6.080541349352248,6.01595568541542
evaluation-013,41,capacity_control,24.0,30.0,1.4057531619817938,1.5099002417055432,6.0,6.049328320164346
evaluation-013,42,uncapped,0.0,30.0,1.7146125304258368,1.7743950387212595,7.348626573431548,7.476998718896608
evaluation-013,43,capacity_control,30.0,30.0,1.5224702407393438,1.9027683483947475,0.0,-0.01827640443842091
evaluation-013,44,uncapped,0.0,30.0,1.968669249356847,1.3962145664570307,7.512810050148954,7.623349371972728
evaluation-013,45,capacity_control,28.0,30.0,1.0813261627178727,0.69426608282137,2.0,1.9504166528817304
evaluation-013,46,uncapped,0.0,30.0,1.9079181852398583,0.22942262087837073,7.0938381241395865,7.005619459754735
evaluation-013,47,capacity_control,24.0,30.0,1.7076851585048578,1.6939860339571329,6.0,5.96477133678734
evaluation-013,48,uncapped,0.0,30.0,0.7594040833044706,1.4817913154511146,7.538648637647053,7.501190664345303
evaluation-013,49,capacity_control,30.0,30.0,0.3841935381624546,1.0600209553963402,0.0,-0.03818406522935462
evaluation-013,50,uncapped,0.0,30.0,0.9522765919631471,1.493564431562341,7.289425913265316,7.230416893254993
evaluation-013,51,capacity_control,28.0,30.0,0.5320929055502053,1.551196156201766,2.0,2.0138289212798783
evaluation-013,52,uncapped,0.0,30.0,0.12483248385299772,0.24376839123070804,5.6507486213499645,5.6540685669497455
evaluation-013,53,capacity_control,24.0,30.0,1.8259997211074077,1.569231621144786,6.0,6.0246795014631225
evaluation-013,54,uncapped,0.0,30.0,1.902116389826883,1.0820849669051311,7.340991874493664,7.42647592378931
evaluation-013,55,capacity_control,30.0,30.0,0.31730955385313164,1.9665017286427589,0.0,-0.06401294365078546
evaluation-013,56,uncapped,0.0,30.0,1.7917050423054723,1.0330259446882855,7.625598948027467,7.588673914511678
evaluation-013,57,capacity_control,28.0,30.0,0.3178697414132692,0.1010924006740257,2.0,2.0265190747914223
evaluation-013,58,uncapped,0.0,30.0,0.14743887141417877,0.7528344685148918,6.392004010302293,6.310800204990159
evaluation-013,59,capacity_control,24.0,30.0,0.2755275366579333,1.2086925649203486,6.0,5.981763568249102
evaluation-013,60,uncapped,0.0,30.0,0.8242902405813131,0.5596903788827094,7.588605602228005,7.618361470145528
evaluation-013,61,capacity_control,30.0,30.0,1.3324110392133441,0.7176291934531347,0.0,-0.0020952684249765825
evaluation-013,62,uncapped,0.0,30.0,0.43321754189253237,1.448270430856673,7.09249080757591,7.100305637216498
evaluation-013,63,capacity_control,28.0,30.0,0.9724218508543263,1.3748189863980502,2.0,1.9653891067578317
evaluation-014,0,uncapped,0.0,30.0,0.4206596859905716,0.44065025407253877,8.063620260162276,8.137241537638934
evaluation-014,1,capacity_control,30.0,30.0,0.44225435194145724,0.185038149448169,0.0,-0.07239359852493808
evaluation-014,2,uncapped,0.0,30.0,0.14708626875506337,0.8011403221628284,7.118780779203595,7.006571029691589
evaluation-014,3,capacity_control,28.0,30.0,0.4748007600224169,1.57911399908037,2.0,1.9646876944880234
evaluation-014,4,uncapped,0.0,30.0,1.0353761011663718,1.404702578551135,10.466498958113542,10.406727747857937
evaluation-014,5,capacity_control,24.0,30.0,0.865681864341423,1.672319767661967,6.0,5.997619698549012
evaluation-014,6,uncapped,0.0,30.0,1.8391829280596517,0.3676067440233539,11.807204100423924,11.861049862151875
evaluation-014,7,capacity_control,30.0,30.0,1.0930138082106493,0.7287909676586706,0.0,0.05370237252152282
evaluation-014,8,uncapped,0.0,30.0,0.7165803855126645,0.499121984446951,7.823064416815916,7.788052046113295
evaluation-014,9,capacity_control,28.0,30.0,0.6822018854527856,0.20850330407635664,2.0,2.012478935328476
evaluation-014,10,uncapped,0.0,30.0,1.6688903772635224,0.17413490391722708,10.561492918013782,10.522263496367179
evaluation-014,11,capacity_control,24.0,30.0,0.7329582907389558,0.01639799681983356,6.0,5.992655084996924
evaluation-014,12,uncapped,0.0,30.0,1.5532663905862267,1.9774498259628137,11.976740790118683,11.933696863869475
evaluation-014,13,capacity_control,30.0,30.0,1.9699527022514858,0.05725734392053461,0.0,-0.03453031299009667
evaluation-014,14,uncapped,0.0,30.0,1.083361481285217,0.5661370734770883,9.503298818740886,9.403385576039325
evaluation-014,15,capacity_control,28.0,30.0,1.4714085669241317,0.18109435181192057,2.0,2.0242877037165896
evaluation-014,16,uncapped,0.0,30.0,1.5478156404625154,1.5508387008312419,12.32988019868372,12.334953371780063
evaluation-014,17,capacity_control,24.0,30.0,0.8563445894938446,1.9241776932886585,6.0,5.9287966296471915
evaluation-014,18,uncapped,0.0,30.0,1.2472755770732817,0.4971484970908262,10.43223095778215,10.51501846167552
evaluation-014,19,capacity_control,30.0,30.0,0.8618193481444112,0.41245325368055763,0.0,0.0023589605084670413
evaluation-014,20,uncapped,0.0,30.0,1.9054564992725076,0.7555086859889351,11.22073636447605,11.288763702302793
evaluation-014,21,capacity_control,28.0,30.0,1.7185201650731194,0.7832615324712155,2.0,2.0413733209483222
evaluation-014,22,uncapped,0.0,30.0,0.524530816030663,1.1484685192530892,7.60802972484797,7.630557103706031
evaluation-014,23,capacity_control,24.0,30.0,0.6438123984252611,1.976826637713356,6.0,5.995288968085498
evaluation-014,24,uncapped,0.0,30.0,0.02795355122666443,1.3495259861364315,7.285441470828166,7.2613144565288295
evaluation-014,25,capacity_control,30.0,30.0,0.01745715197766806,0.40768694858990506,0.0,-0.0430601378587759
evaluation-014,26,uncapped,0.0,30.0,1.868411442675413,1.4815656576866303,11.336765357091267,11.29431667803046
evaluation-014,27,capacity_control,28.0,30.0,0.784360085656078,1.9797051721251053,2.0,2.033669884602906
evaluation-014,28,uncapped,0.0,30.0,0.7158598820851807,0.9580109982566596,8.24475529283439,8.232389621434582
evaluation-014,29,capacity_control,24.0,30.0,0.817175305055537,0.1791430117154078,6.0,6.085053899380637
evaluation-014,30,uncapped,0.0,30.0,1.7386236488875508,1.1185460683802833,12.062462232754386,12.119811734152828
evaluation-014,31,capacity_control,30.0,30.0,0.058933026981993875,0.7225556968843851,0.0,0.03509427467186089
evaluation-014,32,uncapped,0.0,30.0,1.3066747953239932,1.006503148053494,10.219536121138562,10.327067064815763
evaluation-014,33,capacity_control,28.0,30.0,1.383535093234777,1.3418178229229467,2.0,2.031460752272579
evaluation-014,34,uncapped,0.0,30.0,1.818628079100488,1.4466731229618999,12.430026535891862,12.460452502496835
evaluation-014,35,capacity_control,24.0,30.0,0.6758490895166889,1.6900808267245657,6.0,6.052371338078932
evaluation-014,36,uncapped,0.0,30.0,1.1900318708579658,0.5427123170883579,10.516631540849579,10.497414644080207
evaluation-014,37,capacity_control,30.0,30.0,1.4783386935476461,1.6892762265555077,0.0,-0.05582646152466039
evaluation-014,38,uncapped,0.0,30.0,0.2547463865736914,0.8736705402794496,7.270691646150666,7.26040296734748
evaluation-014,39,capacity_control,28.0,30.0,1.425521357053465,1.062364021708721,2.0,1.9703704527811736
evaluation-014,40,uncapped,0.0,30.0,0.052153903023590464,1.0512479329654196,6.696912366993953,6.73665032356353
evaluation-014,41,capacity_control,24.0,30.0,0.9286371368287765,1.0109641669134406,6.0,6.100893068747823
evaluation-014,42,uncapped,0.0,30.0,0.5261776924421828,0.06582871276371027,7.098158980266314,7.114454966244278
evaluation-014,43,capacity_control,30.0,30.0,1.7292562435209007,0.2133162936400368,0.0,-0.020258676866918315
evaluation-014,44,uncapped,0.0,30.0,0.4474118093906385,0.12412044768755814,6.7929815437814955,6.752017423989299
evaluation-014,45,capacity_control,28.0,30.0,0.770855951163069,0.34204544593369146,2.0,2.0623329670877406
evaluation-014,46,uncapped,0.0,30.0,1.1979526915786987,1.0854767952458066,10.262346885964977,10.213090363337061
evaluation-014,47,capacity_control,24.0,30.0,0.9595222512598645,0.5540839867950311,6.0,6.044294156631379
evaluation-014,48,uncapped,0.0,30.0,1.3707022834320992,0.5706534388765028,9.623376838610383,9.572912833313703
evaluation-014,49,capacity_control,30.0,30.0,0.4732866847693844,0.45516636841236835,0.0,-0.027964978411667864
evaluation-014,50,uncapped,0.0,30.0,0.12209466088866061,1.2752917962141115,6.938175039946901,6.98137630429091
evaluation-014,51,capacity_control,28.0,30.0,1.0254313603194811,0.42493137077326537,2.0,2.0843638466972236
evaluation-014,52,uncapped,0.0,30.0,0.23560066457879936,1.6796140784760212,8.120907873065258,8.149396928409416
evaluation-014,53,capacity_control,24.0,30.0,0.7903762268840344,0.4507728429863114,6.0,5.971480420713297
evaluation-014,54,uncapped,0.0,30.0,1.067462390381865,0.365818903886159,8.899603054992195,8.732478128529825
evaluation-014,55,capacity_control,30.0,30.0,1.5561690503915093,1.8942766061261898,0.0,0.01731584214953777
evaluation-014,56,uncapped,0.0,30.0,0.40050242285107873,0.21907341412741932,8.466366955738131,8.455645328281134
evaluation-014,57,capacity_control,28.0,30.0,1.9676181081208834,1.5683574637345863,2.0,2.000334549924409
evaluation-014,58,uncapped,0.0,30.0,1.2315627982854969,0.1408375530039978,9.10062187058022,9.129755479445679
evaluation-014,59,capacity_control,24.0,30.0,1.0549619310501381,0.7059484473682414,6.0,6.029038346487368
evaluation-014,60,uncapped,0.0,30.0,0.8116319718444969,1.2616603863259537,8.924036784673088,8.9282759522385
evaluation-014,61,capacity_control,30.0,30.0,1.552226626302154,0.8704450444254968,0.0,-0.011225666413658327
evaluation-014,62,uncapped,0.0,30.0,1.4747723977150342,1.2457267106350038,11.730113846012141,11.717310201059233
evaluation-014,63,capacity_control,28.0,30.0,1.7969999333938644,1.6093433509126562,2.0,1.9224256399657862
evaluation-015,0,uncapped,0.0,30.0,1.1755481831675638,0.42798510816463575,4.903813519874146,4.85447438156707
evaluation-015,1,capacity_control,30.0,30.0,1.872288697764468,0.38292348487623196,0.0,0.060396485705533715
evaluation-015,2,uncapped,0.0,30.0,1.6228194390884574,0.5930108697424128,5.679163193633453,5.74578191175965
evaluation-015,3,capacity_control,28.0,30.0,0.8735576370434537,0.3742134388992866,2.0,2.000882478330975
evaluation-015,4,uncapped,0.0,30.0,1.9363122914269295,0.9912424932070136,6.288758238374028,6.271716255798037
evaluation-015,5,capacity_control,24.0,30.0,0.9314825254407979,1.4282440798261067,5.780187029567062,5.773141604602914
evaluation-015,6,uncapped,0.0,30.0,0.9377753613153852,0.29635633011139073,4.432626676353749,4.536619221921713
evaluation-015,7,capacity_control,30.0,30.0,0.993628141432519,1.9678417582888172,0.0,-0.04601447002467518
evaluation-015,8,uncapped,0.0,30.0,0.8251634212616021,0.11740689038825258,5.087862474719382,5.11086934071428
evaluation-015,9,capacity_control,28.0,30.0,1.5344482737009573,1.217129217385354,2.0,2.0107142962914275
evaluation-015,10,uncapped,0.0,30.0,0.860036479587369,0.8925281754341803,4.613616222362234,4.644312867607269
evaluation-015,11,capacity_control,24.0,30.0,1.732242978714489,0.7423431971898158,5.938214625483528,5.971952468063109
evaluation-015,12,uncapped,0.0,30.0,1.0272308304269577,1.7336402133159305,6.246215463473048,6.233212757764462
evaluation-015,13,capacity_control,30.0,30.0,1.2360537366611506,1.3571019561096926,0.0,0.04230178814376792
evaluation-015,14,uncapped,0.0,30.0,1.0815051703816223,0.7562235995733633,5.105589058430239,5.1460014063317265
evaluation-015,15,capacity_control,28.0,30.0,1.5479202093854854,1.5284164909818254,2.0,1.937967029549478
evaluation-015,16,uncapped,0.0,30.0,1.7343688299634474,1.7421998335038211,6.634277492576396,6.561740551673692
evaluation-015,17,capacity_control,24.0,30.0,0.9367679882749826,1.6540171881663897,5.265530233543743,5.240986806988564
evaluation-015,18,uncapped,0.0,30.0,1.8156119340953552,0.43440318898907493,6.112335151048547,6.046868290259472
evaluation-015,19,capacity_control,30.0,30.0,1.6730659575857785,0.8811767671396509,0.0,0.017773245773573015
evaluation-015,20,uncapped,0.0,30.0,0.5796926991548441,0.9652504585280204,5.3575578285057315,5.3085923231191465
evaluation-015,21,capacity_control,28.0,30.0,1.2276087123845782,1.0230238979857897,2.0,2.06547230800524
evaluation-015,22,uncapped,0.0,30.0,0.4607445115087876,1.0672000060778961,5.082421176495239,5.028358343822355
evaluation-015,23,capacity_control,24.0,30.0,0.8971251264913653,0.5515216309941131,4.49146389934752,4.5440099008735375
evaluation-015,24,uncapped,0.0,30.0,0.08408412022090195,1.6800140419431313,4.930602826441494,4.903444782327276
evaluation-015,25,capacity_control,30.0,30.0,1.5380620777340683,1.0442355712166758,0.0,-0.006822690746886691
evaluation-015,26,uncapped,0.0,30.0,0.17049127927276597,1.1562868821469268,4.382581721550604,4.395890449632067
evaluation-015,27,capacity_control,28.0,30.0,1.7801893354878868,1.1273400414506423,2.0,2.035457468631592
evaluation-015,28,uncapped,0.0,30.0,1.3771182142618816,0.43228975222772914,5.424728318784902,5.333129672671787
evaluation-015,29,capacity_control,24.0,30.0,1.1817296129792834,0.7141795844337875,4.721242704006182,4.702374562178663
evaluation-015,30,uncapped,0.0,30.0,1.4333780247641164,1.8073765735300547,6.100009199380934,6.145624094373439
evaluation-015,31,capacity_control,30.0,30.0,1.6474616884053017,1.8952845469541664,0.0,-0.02591551755417236
evaluation-015,32,uncapped,0.0,30.0,1.4646978208017445,0.18339409292123854,4.638168840368306,4.679878632218109
evaluation-015,33,capacity_control,28.0,30.0,1.2715240896830597,1.2023334312652671,2.0,2.036626240877073
evaluation-015,34,uncapped,0.0,30.0,1.3281529190586718,1.1104556270693728,5.336731298521565,5.319997466626359
evaluation-015,35,capacity_control,24.0,30.0,1.9760528527691772,1.2820737482588132,6.0,5.983013759730281
evaluation-015,36,uncapped,0.0,30.0,1.2620846884567083,0.65978443773332,5.508961450248847,5.521350662967869
evaluation-015,37,capacity_control,30.0,30.0,1.0891387220655318,1.1702388205721312,0.0,0.06274445351319004
evaluation-015,38,uncapped,0.0,30.0,0.23044632200848492,0.11302182271040073,4.557653609136035,4.543304335267691
evaluation-015,39,capacity_control,28.0,30.0,1.6379002600836545,0.5152855807656946,2.0,1.9675985959281603
evaluation-015,40,uncapped,0.0,30.0,0.34819150345624617,0.5751427487412177,4.993872397586698,5.016480688542326
evaluation-015,41,capacity_control,24.0,30.0,0.8821881121455,1.100592583270944,5.467275546024147,5.503255776360277
evaluation-015,42,uncapped,0.0,30.0,0.015495796977130105,0.5942915383332281,4.696315924105081,4.702272052355829
evaluation-015,43,capacity_control,30.0,30.0,0.25938777618539177,1.5894717848747804,0.0,-0.0005826610137514213
evaluation-015,44,uncapped,0.0,30.0,1.249768135352288,1.054831028565408,6.021689609725564,6.019754898112714
evaluation-015,45,capacity_control,28.0,30.0,0.7361875493830785,1.0923293839158768,2.0,2.0312163875588296
evaluation-015,46,uncapped,0.0,30.0,0.23740909588583925,0.4155815060369603,4.233017830421374,4.211017604024372
evaluation-015,47,capacity_control,24.0,30.0,0.10672975764065273,0.6660571328090261,3.7648236915891324,3.7029462434346803
evaluation-015,48,uncapped,0.0,30.0,0.3005196557568006,0.3046188107605212,4.184069749097567,4.205818115636802
evaluation-015,49,capacity_control,30.0,30.0,0.3965089574293488,0.8550159286838308,0.0,0.019989370017517445
evaluation-015,50,uncapped,0.0,30.0,0.6058226346959397,1.6332559230793813,5.809451041026326,5.843437027773013
evaluation-015,51,capacity_control,28.0,30.0,0.2929289398025847,0.798426742661932,2.0,2.068829021672221
evaluation-015,52,uncapped,0.0,30.0,0.001806757523458824,1.8338871737796443,4.3906309178546294,4.447540700147059
evaluation-015,53,capacity_control,24.0,30.0,0.23406317173692748,0.2502473058017882,4.357010869027088,4.327576158166131
evaluation-015,54,uncapped,0.0,30.0,0.9268537496435181,0.7192165451422687,4.529873373171263,4.523984459642394
evaluation-015,55,capacity_control,30.0,30.0,1.9358560611997677,0.5781766649011728,0.0,0.07955836295870475
evaluation-015,56,uncapped,0.0,30.0,1.3369311359503544,1.4642785630930946,6.250899868639484,6.233834625759717
evaluation-015,57,capacity_control,28.0,30.0,0.2059491170515444,0.6790607512240003,2.0,2.0337835762251255
evaluation-015,58,uncapped,0.0,30.0,1.6012094358409763,1.1769309061104063,5.494210921664486,5.560372066680207
evaluation-015,59,capacity_control,24.0,30.0,0.935848598432794,0.21137322323838714,5.057145012857429,5.100117363774854
evaluation-015,60,uncapped,0.0,30.0,1.2020387819256488,1.963253404118577,6.489400210993881,6.5338130387180975
evaluation-015,61,capacity_control,30.0,30.0,1.812436181699907,1.1662289767187837,0.0,-0.058996414372018316
evaluation-015,62,uncapped,0.0,30.0,1.7975053890029722,0.4198635301601399,5.2249377853382395,5.202742963628527
evaluation-015,63,capacity_control,28.0,30.0,0.47244628282221157,0.6438158329512633,2.0,1.928169827731157
evaluation-016,0,uncapped,0.0,30.0,1.7067744443800927,1.781988514177078,8.765850786411542,8.739396903936314
evaluation-016,1,capacity_control,30.0,30.0,0.18609410103158552,0.017658253962141712,0.0,-0.01698838843509608
evaluation-016,2,uncapped,0.0,30.0,0.696363797586719,0.6632511320135721,5.852234829287954,5.895092678716193
evaluation-016,3,capacity_control,28.0,30.0,1.5341211458511184,0.5232019962247241,2.0,1.9574628219798063
evaluation-016,4,uncapped,0.0,30.0,0.44698688443491497,0.6861658370874566,4.992526121424545,4.9719111843110575
evaluation-016,5,capacity_control,24.0,30.0,0.1984426309884053,1.829172312408096,5.715938111450303,5.766943864387286
evaluation-016,6,uncapped,0.0,30.0,0.7942957778580009,0.11749583462669566,5.720016375391469,5.662489836875607
evaluation-016,7,capacity_control,30.0,30.0,1.528085415098671,1.4214310432576727,0.0,0.006178210846925051
evaluation-016,8,uncapped,0.0,30.0,0.4754216884212765,1.8325438647694605,5.531845389762015,5.478065314609002
evaluation-016,9,capacity_control,28.0,30.0,1.1976867666504496,1.0298853762117783,2.0,2.0019126894165407
evaluation-016,10,uncapped,0.0,30.0,1.206029562549741,1.1037431698554665,7.2070173973779905,7.16885388846648
evaluation-016,11,capacity_control,24.0,30.0,0.6668765907683993,1.5785958821127466,6.0,6.0038401863082695
evaluation-016,12,uncapped,0.0,30.0,1.9288024505817205,0.6931410215469567,8.057883363578492,8.077433013372552
evaluation-016,13,capacity_control,30.0,30.0,1.3111162592433034,0.032357636848442395,0.0,-0.002285768927316026
evaluation-016,14,uncapped,0.0,30.0,0.2352238468399397,0.7294997412969919,5.133941012012767,5.150290876855063
evaluation-016,15,capacity_control,28.0,30.0,0.08195532204024958,1.456704815662246,2.0,2.0274737637019626
evaluation-016,16,uncapped,0.0,30.0,1.344024527052608,1.7166574525199456,7.419244357908321,7.499682505205224
evaluation-016,17,capacity_control,24.0,30.0,0.07834581697112286,0.6816408555550526,4.582023839543949,4.61290146339737
evaluation-016,18,uncapped,0.0,30.0,1.5512597514189737,1.4867757337656207,8.05277425071058,8.111152278671725
evaluation-016,19,capacity_control,30.0,30.0,1.0567010657259437,0.8964733724947929,0.0,-0.024720674504195593
evaluation-016,20,uncapped,0.0,30.0,0.9987312910175814,0.44788502244873074,6.62795284331107,6.6854208171517655
evaluation-016,21,capacity_control,28.0,30.0,1.643143625169672,0.5664251107875187,2.0,2.0083408432573284
evaluation-016,22,uncapped,0.0,30.0,0.7310294622507094,1.618573078878947,6.967201327347466,6.93366638447088
evaluation-016,23,capacity_control,24.0,30.0,1.9884099953764323,1.0335110325266756,6.0,6.0653095366346506
evaluation-016,24,uncapped,0.0,30.0,0.617179789906374,0.847443060812564,6.217947792579108,6.30844433461895
evaluation-016,25,capacity_control,30.0,30.0,0.9653053113647272,0.24683611709094633,0.0,0.10588396310131698
evaluation-016,26,uncapped,0.0,30.0,0.8950473405734565,1.3660540464153585,6.620845177396218,6.628398817545266
evaluation-016,27,capacity_control,28.0,30.0,0.519441881219971,0.9770055311018659,2.0,2.028471073835896
evaluation-016,28,uncapped,0.0,30.0,0.601438753887179,1.3262951449206042,5.898799227486613,5.965223090848382
evaluation-016,29,capacity_control,24.0,30.0,1.2440227564394692,0.09767200677735266,6.0,5.961366137587588
evaluation-016,30,uncapped,0.0,30.0,0.13890788082094407,1.679474474279389,4.9914765174146964,5.041775712458852
evaluation-016,31,capacity_control,30.0,30.0,0.548666255353641,1.531520678854413,0.0,0.049607391030054036
evaluation-016,32,uncapped,0.0,30.0,0.5791294240809637,0.4066465932314218,5.373369767423298,5.314625076542289
evaluation-016,33,capacity_control,28.0,30.0,1.1521804462126906,0.3754450726852634,2.0,1.9650321070886922
evaluation-016,34,uncapped,0.0,30.0,1.8431424526370157,0.11785170300182224,7.450709510080591,7.516591135683545
evaluation-016,35,capacity_control,24.0,30.0,1.4436184917646826,1.0618000656140578,6.0,6.052841841370815
evaluation-016,36,uncapped,0.0,30.0,0.9986550685176787,1.2707209379379332,6.80065536257887,6.828463137273351
evaluation-016,37,capacity_control,30.0,30.0,1.7637930641968913,0.7780497807523248,0.0,-0.0502656445368893
evaluation-016,38,uncapped,0.0,30.0,1.0917851186347272,1.0028064318960497,6.410788751100004,6.494865155372376
evaluation-016,39,capacity_control,28.0,30.0,1.1404724191580093,0.7750176032724807,2.0,2.0099834458339663
evaluation-016,40,uncapped,0.0,30.0,1.95001508021876,0.2553628065647573,8.369559313486612,8.35544968962482
evaluation-016,41,capacity_control,24.0,30.0,1.8733109124984169,1.6655828970441346,6.0,6.008808819513099
evaluation-016,42,uncapped,0.0,30.0,1.3388404705004244,0.3059816455816804,7.232303932578608,7.1954782732537
evaluation-016,43,capacity_control,30.0,30.0,1.224563551131156,1.009991367788657,0.0,-0.0022326493130549866
evaluation-016,44,uncapped,0.0,30.0,0.12934350965027153,0.9847466212347906,4.179410886944181,4.1524895147446665
evaluation-016,45,capacity_control,28.0,30.0,0.45811292872597886,0.30316616871405055,2.0,2.0177351466487736
evaluation-016,46,uncapped,0.0,30.0,0.1592059384416682,1.9694199627172142,5.591913555337177,5.646538503544376
evaluation-016,47,capacity_control,24.0,30.0,0.5133524793617854,1.6525797577734338,6.0,6.020468248251223
evaluation-016,48,uncapped,0.0,30.0,0.01455125198964935,1.2237941693234597,4.081010645365446,4.09128458258459
evaluation-016,49,capacity_control,30.0,30.0,0.5892567990977118,0.14212234816365332,0.0,-0.10289145002534744
evaluation-016,50,uncapped,0.0,30.0,1.174908685950834,1.4715801953074588,7.156455227134902,7.130189973654577
evaluation-016,51,capacity_control,28.0,30.0,0.16908779099259008,1.721998236256551,2.0,1.9828769240167055
evaluation-016,52,uncapped,0.0,30.0,1.9388598881629164,1.921590666167338,9.720093834765546,9.671215378580225
evaluation-016,53,capacity_control,24.0,30.0,1.6902992436904125,0.021924624415907923,6.0,5.944809719681717
evaluation-016,54,uncapped,0.0,30.0,1.2253010595991658,1.496855719290932,7.263693635683554,7.284584112217346
evaluation-016,55,capacity_control,30.0,30.0,1.4351763837400342,1.344706059343894,0.0,0.08052719707757237
evaluation-016,56,uncapped,0.0,30.0,0.9395195011678281,1.189469315072564,6.469280253646334,6.547387287081682
evaluation-016,57,capacity_control,28.0,30.0,1.7018994837272956,1.393513090694467,2.0,1.9286366069068133
evaluation-016,58,uncapped,0.0,30.0,0.8064543177228951,1.3746881239281183,6.802689276798593,6.756467458598578
evaluation-016,59,capacity_control,24.0,30.0,1.7423468037797039,0.18231768909757462,6.0,6.017431900833127
evaluation-016,60,uncapped,0.0,30.0,0.4828974477776784,1.441243603512865,6.260494894304742,6.237579557490004
evaluation-016,61,capacity_control,30.0,30.0,1.9758106755138896,0.8689527175013749,0.0,0.009021412388691958
evaluation-016,62,uncapped,0.0,30.0,1.113581103390267,1.2778974445245819,7.037694187704662,6.964801225213077
evaluation-016,63,capacity_control,28.0,30.0,1.2658739155314611,1.6959781524944784,2.0,1.9381577714610347
evaluation-017,0,uncapped,0.0,30.0,1.3830266527420139,0.19024576078270172,5.717958122484955,5.768036805028324
evaluation-017,1,capacity_control,30.0,30.0,0.08822016934384647,0.06538795488737148,0.0,0.010740170319630895
evaluation-017,2,uncapped,0.0,30.0,1.7059281706524039,0.4737648637057923,6.721782951754782,6.772550745515425
evaluation-017,3,capacity_control,28.0,30.0,0.7461287722320737,0.17512296763274615,2.0,2.0030890579792002
evaluation-017,4,uncapped,0.0,30.0,0.5129416794308688,0.15198840576110606,3.961620668861456,3.902494732613348
evaluation-017,5,capacity_control,24.0,30.0,0.9171045987432525,0.24800061607772173,4.814289491015038,4.850371397962991
evaluation-017,6,uncapped,0.0,30.0,1.9190371839187323,0.9815038496655859,7.653779673767046,7.687195853183584
evaluation-017,7,capacity_control,30.0,30.0,1.8923392860788424,0.03728559686625932,0.0,0.04713857608292651
evaluation-017,8,uncapped,0.0,30.0,0.6600719960772967,1.3161017250170872,4.711650616098641,4.7445233635378115
evaluation-017,9,capacity_control,28.0,30.0,1.0548295852158265,1.098144605190701,2.0,1.9071059077542967
evaluation-017,10,uncapped,0.0,30.0,1.1579239246669188,0.6583045724694341,5.421556269752127,5.486549695966823
evaluation-017,11,capacity_control,24.0,30.0,0.5167157094985568,0.8302930053156092,3.837581763236897,3.8180280820227748
evaluation-017,12,uncapped,0.0,30.0,0.3085302673263157,1.6985810811376896,3.9343944153835047,3.9270387055266918
evaluation-017,13,capacity_control,30.0,30.0,0.2890376283014737,1.8020197656088048,0.0,0.016720510723364664
evaluation-017,14,uncapped,0.0,30.0,0.40174594064991065,0.9327485584844915,4.246907728343172,4.35547337926949
evaluation-017,15,capacity_control,28.0,30.0,1.8717129453091774,0.16011428076055245,2.0,2.0337269602797927
evaluation-017,16,uncapped,0.0,30.0,0.09277149944699348,0.594956525611015,3.405649109725105,3.3902223976351613
evaluation-017,17,capacity_control,24.0,30.0,0.34920824191417954,0.4681516881755665,3.513194772585346,3.6450409078674784
evaluation-017,18,uncapped,0.0,30.0,0.6920485474237381,1.7192197751356582,4.530967395805416,4.618676310947223
evaluation-017,19,capacity_control,30.0,30.0,1.0169074600339547,0.4827924788668323,0.0,-0.05194521869640139
evaluation-017,20,uncapped,0.0,30.0,1.0939942449741318,0.44576099078817366,5.27391624831317,5.32227502517727
evaluation-017,21,capacity_control,28.0,30.0,1.6852884058182531,1.0702650309807753,2.0,1.9973398211146298
evaluation-017,22,uncapped,0.0,30.0,1.5336843391429487,1.8963027222342006,7.216936686283198,7.18168858633432
evaluation-017,23,capacity_control,24.0,30.0,1.4100187294159987,1.0010056930298872,6.0,5.998299061891624
evaluation-017,24,uncapped,0.0,30.0,1.0918314982714705,0.031024039807218795,5.254650468012905,5.275238996475867
evaluation-017,25,capacity_control,30.0,30.0,1.7210771174695974,1.578748256808306,0.0,-0.01731610948496123
evaluation-017,26,uncapped,0.0,30.0,1.6376892242520007,1.9969203253317565,7.428140873380247,7.466427235729305
evaluation-017,27,capacity_control,28.0,30.0,1.2778027785499309,1.3730059274927031,2.0,2.0178978998767674
evaluation-017,28,uncapped,0.0,30.0,1.988107419628558,0.4798708263374265,6.989229862853815,6.978832620038775
evaluation-017,29,capacity_control,24.0,30.0,0.8896432039090967,0.6393836219801639,4.747239770785677,4.7559183620995
evaluation-017,30,uncapped,0.0,30.0,0.524329003726391,1.0673838250946972,3.9979537515016714,3.9998332970030415
evaluation-017,31,capacity_control,30.0,30.0,0.480258609837259,1.7823220900479884,0.0,-0.014467549709280334
evaluation-017,32,uncapped,0.0,30.0,0.22707150453732927,1.337806573224878,3.9125837596047903,3.8555284080339063
evaluation-017,33,capacity_control,28.0,30.0,1.1152315390021375,0.20247478537323027,2.0,1.9458619994956012
evaluation-017,34,uncapped,0.0,30.0,1.9648119926358523,0.8570295038149252,7.028479032663156,6.978809993078925
evaluation-017,35,capacity_control,24.0,30.0,1.933708424873104,0.7102337009222037,6.0,5.989078378263691
evaluation-017,36,uncapped,0.0,30.0,1.3433967019731716,0.6507769091343278,5.785730808214722,5.743680522866517
evaluation-017,37,capacity_control,30.0,30.0,1.825315067232634,1.043260465634961,0.0,0.059830515042349014
evaluation-017,38,uncapped,0.0,30.0,1.6435537954927286,0.4216522014409525,6.7204884996814815,6.683109126522407
evaluation-017,39,capacity_control,28.0,30.0,0.9487242757464225,0.5513820670971292,2.0,2.048732506029073
evaluation-017,40,uncapped,0.0,30.0,1.2804069986847473,0.5327216119648619,5.9351132631480095,5.9272232448410485
evaluation-017,41,capacity_control,24.0,30.0,1.7148321411842549,0.7564710660052565,6.0,5.9650752469178565
evaluation-017,42,uncapped,0.0,30.0,0.22110758838960742,0.5751299864691262,2.9612975057847097,2.939040242008506
evaluation-017,43,capacity_control,30.0,30.0,0.20571401556329127,0.34017059601795574,0.0,-0.04519294289746073
evaluation-017,44,uncapped,0.0,30.0,0.49113840286586985,0.05884875077757967,3.9584172036042977,3.988669489019328
evaluation-017,45,capacity_control,28.0,30.0,0.4264579714939194,1.106098332643428,2.0,1.97974539455619
evaluation-017,46,uncapped,0.0,30.0,1.4274859857501738,0.7371861995410025,6.16935169723205,6.1794818571003765
evaluation-017,47,capacity_control,24.0,30.0,1.7573382436329714,1.9820428040699245,6.0,6.0915580060231305
evaluation-017,48,uncapped,0.0,30.0,0.42705460644689386,0.5379834731958009,3.6210722736885197,3.6898525337148165
evaluation-017,49,capacity_control,30.0,30.0,0.9516015320807292,1.3312711729450442,0.0,0.005211806158376995
evaluation-017,50,uncapped,0.0,30.0,0.8523273565960983,1.7672014877369613,5.383761904155993,5.299136943793258
evaluation-017,51,capacity_control,28.0,30.0,0.057329790755499044,1.1304429691952285,2.0,1.9791761907021501
evaluation-017,52,uncapped,0.0,30.0,0.44119891359905905,0.6860560205415831,3.6593272678655775,3.6487484530896666
evaluation-017,53,capacity_control,24.0,30.0,1.3861722246273331,0.622989688819265,6.0,5.997227013000649
evaluation-017,54,uncapped,0.0,30.0,0.845616073935993,0.6466312382230806,5.135319178938312,5.281380132021769
evaluation-017,55,capacity_control,30.0,30.0,1.6085848593950904,0.5016654790241795,0.0,0.021921701018060555
evaluation-017,56,uncapped,0.0,30.0,0.5377272740841312,0.37053772202044,3.8832381010565005,3.9123179169724334
evaluation-017,57,capacity_control,28.0,30.0,1.7740455538180175,1.037896919495341,2.0,2.06622173389309
evaluation-017,58,uncapped,0.0,30.0,0.2209126743528791,1.8446275030234112,4.280817399061469,4.246996316362985
evaluation-017,59,capacity_control,24.0,30.0,1.4045050550793103,0.061068300683037924,6.0,6.058889307578356
evaluation-017,60,uncapped,0.0,30.0,0.7517747132331194,1.9699498612245214,5.235861919373144,5.2103372230171
evaluation-017,61,capacity_control,30.0,30.0,1.8649158075221774,1.5815529014795973,0.0,-0.016165261526998553
evaluation-017,62,uncapped,0.0,30.0,0.3900391422150207,0.4325266132513712,3.335360173299433,3.253412570678943
evaluation-017,63,capacity_control,28.0,30.0,0.6289269529634562,1.0728239973727145,2.0,2.0402901236662925
evaluation-018,0,uncapped,0.0,30.0,0.795616728048673,1.9625480408714573,5.982230120944753,5.992867720432208
evaluation-018,1,capacity_control,30.0,30.0,0.11222663947417133,1.561141294088292,0.0,0.12446448125430228
evaluation-018,2,uncapped,0.0,30.0,0.11264794351467455,0.9504954854225185,4.473632268861298,4.470095079018087
evaluation-018,3,capacity_control,28.0,30.0,1.1405118891760508,1.8025040646576846,2.0,2.0077495201083573
evaluation-018,4,uncapped,0.0,30.0,0.5950308409009046,0.3323662586160048,5.070631529319926,5.066402144728721
evaluation-018,5,capacity_control,24.0,30.0,1.9493765775190355,0.2958573286559274,6.0,5.984316806116038
evaluation-018,6,uncapped,0.0,30.0,1.6002990051392103,1.264195317654804,8.54198413970956,8.502755898040897
evaluation-018,7,capacity_control,30.0,30.0,1.0416011819572235,0.14211320068818223,0.0,0.07338475835074193
evaluation-018,8,uncapped,0.0,30.0,1.2494496747641615,1.581302551589328,7.252088606169506,7.284611394806188
evaluation-018,9,capacity_control,28.0,30.0,1.57449958273618,1.0641626432322007,2.0,1.9165722758073755
evaluation-018,10,uncapped,0.0,30.0,1.1114641560554301,1.0915635669079218,6.673323771973551,6.683306112351273
evaluation-018,11,capacity_control,24.0,30.0,1.4549257294235576,1.2509717370186637,6.0,5.99883444104023
evaluation-018,12,uncapped,0.0,30.0,1.2367361427465549,1.6271259269525193,7.0515820464053505,7.0677300201115045
evaluation-018,13,capacity_control,30.0,30.0,1.4494830035961075,0.1380328076133448,0.0,0.026976020672279416
evaluation-018,14,uncapped,0.0,30.0,0.3379899489830356,1.364116637959759,4.302510213000736,4.346595813917678
evaluation-018,15,capacity_control,28.0,30.0,0.5003105262824168,1.4136873008077877,2.0,1.9533512030112283
evaluation-018,16,uncapped,0.0,30.0,1.9991326196304988,0.3864759738470671,9.148106250939053,9.13986426079496
evaluation-018,17,capacity_control,24.0,30.0,1.6941855794168186,0.39945304273529336,6.0,5.997662385615049
evaluation-018,18,uncapped,0.0,30.0,0.8540824319973652,1.9704262617088486,6.280016215589946,6.255946557165794
evaluation-018,19,capacity_control,30.0,30.0,1.137362394387881,1.5996941532856,0.0,-0.002968322572454188
evaluation-018,20,uncapped,0.0,30.0,1.043612348430716,0.23532285019614863,5.879367498142619,5.973651251192186
evaluation-018,21,capacity_control,28.0,30.0,0.9143954723602028,0.9524300667989929,2.0,2.0110642615828396
evaluation-018,22,uncapped,0.0,30.0,0.38608649400627915,0.7955058675200992,4.6560523135759215,4.713814513638383
evaluation-018,23,capacity_control,24.0,30.0,0.2851458587443221,1.0778187942055453,4.25855357774027,4.203166968878352
evaluation-018,24,uncapped,0.0,30.0,0.8063023865308714,1.8869565326618958,6.051981304514692,6.080063473059664
evaluation-018,25,capacity_control,30.0,30.0,1.0438447913981252,1.2680208836469484,0.0,0.0585243608300263
evaluation-018,26,uncapped,0.0,30.0,0.34478561722230294,0.9169113483433449,4.392627656844122,4.360959614976166
evaluation-018,27,capacity_control,28.0,30.0,1.0875060951037654,0.1420527992931382,2.0,1.9602320728360747
evaluation-018,28,uncapped,0.0,30.0,1.2887300872058307,0.465798041899641,6.458251299225153,6.53307275279271
evaluation-018,29,capacity_control,24.0,30.0,0.4190577605374659,0.814501858668153,4.400606720571341,4.4056917500572
evaluation-018,30,uncapped,0.0,30.0,0.5949920213595894,1.3113499255834968,5.006981533936029,4.997318738686562
evaluation-018,31,capacity_control,30.0,30.0,1.365334791359265,0.8344064358363479,0.0,0.04212628788813802
evaluation-018,32,uncapped,0.0,30.0,0.7186371394227613,0.6425612541048162,5.872703538005209,5.908000768694178
evaluation-018,33,capacity_control,28.0,30.0,1.3840428795989201,1.8669776713219153,2.0,2.039014457239198
evaluation-018,34,uncapped,0.0,30.0,0.0585448478138102,0.3757482669793819,3.5084470952194176,3.4973143292955684
evaluation-018,35,capacity_control,24.0,30.0,1.9654222478647598,0.23507442122397526,6.0,5.968025967303351
evaluation-018,36,uncapped,0.0,30.0,1.3672889759534148,1.9059579201625279,7.7005183225563965,7.751330861334014
evaluation-018,37,capacity_control,30.0,30.0,0.04876475214026721,0.46491785111528094,0.0,-0.017285498322249068
evaluation-018,38,uncapped,0.0,30.0,1.595116880546389,0.4306728526189927,7.277072892144281,7.281782533199263
evaluation-018,39,capacity_control,28.0,30.0,1.151139273418425,0.3031240060852016,2.0,2.001564024234692
evaluation-018,40,uncapped,0.0,30.0,1.7200662381094893,1.0350468970063427,7.964202743352526,7.971722694017448
evaluation-018,41,capacity_control,24.0,30.0,0.9478176236798384,0.05813295222893178,6.0,5.924870905607655
evaluation-018,42,uncapped,0.0,30.0,0.5622962336385242,0.05277344654858207,5.1648816702648555,5.257873707761323
evaluation-018,43,capacity_control,30.0,30.0,1.9058639760042837,1.5867420858483934,0.0,-0.08340233655506167
evaluation-018,44,uncapped,0.0,30.0,0.3535804171712782,1.4852800974089853,5.052138333564142,5.03544721162003
evaluation-018,45,capacity_control,28.0,30.0,0.44667299492196744,1.9459011450694328,2.0,1.9718495592572423
evaluation-018,46,uncapped,0.0,30.0,0.1555094727869344,0.3277110708220339,3.934798119746099,3.855062461744966
evaluation-018,47,capacity_control,24.0,30.0,1.742294616524423,1.5501353948225014,6.0,6.0942490509362734
evaluation-018,48,uncapped,0.0,30.0,1.3156971726092634,1.1414364734688176,6.888779352824541,6.858753549825267
evaluation-018,49,capacity_control,30.0,30.0,1.9926357401797832,1.2128781128381159,0.0,-0.11894297364688387
evaluation-018,50,uncapped,0.0,30.0,1.3447041970363751,1.0838471051271101,7.145006483730079,7.183164648016495
evaluation-018,51,capacity_control,28.0,30.0,0.5867380576165924,0.4434815075885765,2.0,1.953416668328679
evaluation-018,52,uncapped,0.0,30.0,0.6396296536599835,0.4145954261527023,4.737575107516066,4.699247951163968
evaluation-018,53,capacity_control,24.0,30.0,1.7847481504587281,0.41590557585722765,6.0,5.9993337215903475
evaluation-018,54,uncapped,0.0,30.0,1.3147855319232336,1.8255269787942285,7.795047318093794,7.777711335089571
evaluation-018,55,capacity_control,30.0,30.0,0.44727234469441735,0.4714420877826717,0.0,-0.036371951173620874
evaluation-018,56,uncapped,0.0,30.0,0.8913496840305983,1.7993932875117706,6.303215734056523,6.309704521040262
evaluation-018,57,capacity_control,28.0,30.0,0.42604300028193465,0.4821717671409915,2.0,1.9944229191607834
evaluation-018,58,uncapped,0.0,30.0,1.9719077453446046,1.7717233221117075,9.493138734568067,9.496891104583476
evaluation-018,59,capacity_control,24.0,30.0,0.11063028232572192,1.8512540093523249,4.176820741237776,4.149713910742359
evaluation-018,60,uncapped,0.0,30.0,1.6138114691871837,0.2752564484098232,7.76419069769893,7.752262494058233
evaluation-018,61,capacity_control,30.0,30.0,1.7334008264299767,0.4776901153052979,0.0,-0.0584125604303897
evaluation-018,62,uncapped,0.0,30.0,1.8744760799148061,0.2884327614430984,8.868794847622551,8.861446770678398
evaluation-018,63,capacity_control,28.0,30.0,0.6314148927544634,0.16630806342676552,2.0,1.9904253676415486
evaluation-019,0,uncapped,0.0,30.0,1.1238796537425046,0.6858150959553191,8.731854070335936,8.80050662158087
evaluation-019,1,capacity_control,30.0,30.0,0.8227021481506074,0.5250754783405649,0.0,0.041721632611637
evaluation-019,2,uncapped,0.0,30.0,1.3883466024078293,0.15155257120128218,8.519920835661956,8.481348499875656
evaluation-019,3,capacity_control,28.0,30.0,1.8735083872672837,1.5637899206577606,2.0,2.0166579012569357
evaluation-019,4,uncapped,0.0,30.0,1.3504752782596052,0.9449042226570237,8.062216958019091,8.075634637052712
evaluation-019,5,capacity_control,24.0,30.0,1.1808706883470261,0.3951643287404649,6.0,6.027032443202538
evaluation-019,6,uncapped,0.0,30.0,0.26108518946035075,1.6702684634178808,7.532019012934775,7.555862671558797
evaluation-019,7,capacity_control,30.0,30.0,1.6708080344319796,1.3466446397152911,0.0,-0.0343091446951636
evaluation-019,8,uncapped,0.0,30.0,1.122037987011104,0.15902951983925062,7.904159054285087,7.875833756763802
evaluation-019,9,capacity_control,28.0,30.0,0.506161329861698,0.7045972007702885,2.0,2.0925668055767828
evaluation-019,10,uncapped,0.0,30.0,1.109208512964969,0.4321077961935538,8.880964335356143,8.974248472431597
evaluation-019,11,capacity_control,24.0,30.0,0.25504133300228515,0.2998589328073189,6.0,5.969780421504687
evaluation-019,12,uncapped,0.0,30.0,0.5876068693967997,0.2638775131130564,6.74394039744265,6.778283445613188
evaluation-019,13,capacity_control,30.0,30.0,1.1223283879315993,0.5443504697453132,0.0,-0.018351155013303113
evaluation-019,14,uncapped,0.0,30.0,0.6415157533963403,1.4458619906461956,7.214722687629082,7.136673615322571
evaluation-019,15,capacity_control,28.0,30.0,0.36397472400562103,1.4056117173865845,2.0,1.9750618830794644
evaluation-019,16,uncapped,0.0,30.0,1.2927780816960477,0.7695465496970579,8.806196505085625,8.800174499911476
evaluation-019,17,capacity_control,24.0,30.0,1.028413107906787,0.8611570316392039,6.0,6.051319503559063
evaluation-019,18,uncapped,0.0,30.0,1.4968241736360208,0.6646679767857075,8.16057597030507,8.23217320713058
evaluation-019,19,capacity_control,30.0,30.0,1.4800429924143552,0.6717455171838225,0.0,-0.0370565203735669
evaluation-019,20,uncapped,0.0,30.0,0.4618688712771324,1.8133762998676322,7.623761408896496,7.64815778328645
evaluation-019,21,capacity_control,28.0,30.0,0.4497900707740057,0.9427496155750248,2.0,1.9275497972389748
evaluation-019,22,uncapped,0.0,30.0,0.4407361428404313,0.7312343527825742,7.496869018003492,7.457130530872456
evaluation-019,23,capacity_control,24.0,30.0,0.8197713315546902,1.1258481239826068,6.0,6.0355234036870105
evaluation-019,24,uncapped,0.0,30.0,0.12999233878485894,0.12958742439353843,6.108239741364865,6.0056265794815005
evaluation-019,25,capacity_control,30.0,30.0,0.8893984870784204,0.5219451164507953,0.0,-0.02226220924048816
evaluation-019,26,uncapped,0.0,30.0,1.590768084441699,1.9557684113862008,9.088574675740352,9.008831880622234
evaluation-019,27,capacity_control,28.0,30.0,1.3937579524429038,1.7291485950070205,2.0,2.0061300065275174
evaluation-019,28,uncapped,0.0,30.0,1.787841625823456,0.29990037868912234,8.346916929902624,8.411985429482922
evaluation-019,29,capacity_control,24.0,30.0,1.8355519797374276,1.2508973787872597,6.0,5.981768856037446
evaluation-019,30,uncapped,0.0,30.0,1.1696060111020092,0.9333414403103699,7.6544040267176925,7.680472748081397
evaluation-019,31,capacity_control,30.0,30.0,1.8008658969690827,1.491213856160948,0.0,0.04817243464940484
evaluation-019,32,uncapped,0.0,30.0,0.7215044315385775,1.1372206254832862,8.434281586702925,8.389495541293918
evaluation-019,33,capacity_control,28.0,30.0,0.8517380961959164,0.2704658324219382,2.0,1.920012892728372
evaluation-019,34,uncapped,0.0,30.0,0.539209758128345,1.4800116017709906,7.716953945697,7.614951203189526
evaluation-019,35,capacity_control,24.0,30.0,1.376730905558757,0.15713397405638752,6.0,5.998490288426659
evaluation-019,36,uncapped,0.0,30.0,1.4823713844635076,0.16853549327561246,8.617381194826004,8.58995594462268
evaluation-019,37,capacity_control,30.0,30.0,1.373236597993747,1.8306730054977414,0.0,-0.01492146781349191
evaluation-019,38,uncapped,0.0,30.0,0.3598270789752809,1.2177562097514927,7.144007753414048,7.260401296291491
evaluation-019,39,capacity_control,28.0,30.0,1.1062388544821156,1.0515573586540585,2.0,2.0171902081168627
evaluation-019,40,uncapped,0.0,30.0,1.1380029167113377,0.14703839132673902,7.041627100419955,7.029379242864564
evaluation-019,41,capacity_control,24.0,30.0,0.9984816968343162,1.4678894181016968,6.0,5.946473458771052
evaluation-019,42,uncapped,0.0,30.0,1.287704073906485,0.37031968086129763,8.709809078491567,8.674534886030555
evaluation-019,43,capacity_control,30.0,30.0,1.3317106106479748,0.41257821035693953,0.0,-0.03134025142009219
evaluation-019,44,uncapped,0.0,30.0,1.3385072465522845,0.7154988381179157,8.183860105681084,8.162474192675708
evaluation-019,45,capacity_control,28.0,30.0,0.9862837778540783,0.8965880129087518,2.0,2.0651916143043865
evaluation-019,46,uncapped,0.0,30.0,1.335535516529158,1.9850754575999616,9.85925888033218,9.911920113021576
evaluation-019,47,capacity_control,24.0,30.0,1.422870228818789,0.9811350737716531,6.0,6.054720233517106
evaluation-019,48,uncapped,0.0,30.0,1.901243861902795,0.8933721158073287,9.70669566704983,9.719741550708367
evaluation-019,49,capacity_control,30.0,30.0,1.8276351734985243,0.014120891515423839,0.0,-0.07399280399578388
evaluation-019,50,uncapped,0.0,30.0,1.2689813673395516,0.2841633051398511,7.700294464335877,7.687774308093039
evaluation-019,51,capacity_control,28.0,30.0,1.7717132529551478,0.9901278970493153,2.0,1.9511254240360068
evaluation-019,52,uncapped,0.0,30.0,0.5918798295931409,0.3920647726643951,7.19678446617839,7.19940587104289
evaluation-019,53,capacity_control,24.0,30.0,1.176977110704055,0.571080089503754,6.0,5.927090768398043
evaluation-019,54,uncapped,0.0,30.0,1.2562087620629905,1.4300680723582655,7.858398850662785,7.931337663553752
evaluation-019,55,capacity_control,30.0,30.0,1.7573069937064822,1.2385399614977226,0.0,-0.05852702629577775
evaluation-019,56,uncapped,0.0,30.0,1.127820286082278,1.0947156430278844,7.695474928879815,7.715309114965167
evaluation-019,57,capacity_control,28.0,30.0,0.2382799127279498,1.076060288684464,2.0,2.10925025784552
evaluation-019,58,uncapped,0.0,30.0,1.1907485706154264,1.9514444283304162,7.795536811411943,7.7997233234686405
evaluation-019,59,capacity_control,24.0,30.0,1.2301613651600682,0.3600341617430223,6.0,6.003490790435049
evaluation-019,60,uncapped,0.0,30.0,1.7060687452080667,1.5284931193809546,9.279687809872943,9.262455364481593
evaluation-019,61,capacity_control,30.0,30.0,1.662060979493727,0.9283692767921401,0.0,-0.05603121295390665
evaluation-019,62,uncapped,0.0,30.0,1.1619669917125104,1.274194973683978,7.937638614869263,7.9655628581579245
evaluation-019,63,capacity_control,28.0,30.0,0.302762572815078,0.18032054719759483,2.0,1.9530437499566307
evaluation-020,0,uncapped,0.0,30.0,0.5094934336741401,0.9733022220029344,4.942446416053508,4.931256056780851
evaluation-020,1,capacity_control,30.0,30.0,1.8068417439784028,1.7028345665921683,0.0,-3.7902012511877626e-05
evaluation-020,2,uncapped,0.0,30.0,1.6624024549549055,1.9191729509682638,6.198796523131871,6.232650093643869
evaluation-020,3,capacity_control,28.0,30.0,1.1729982081193164,1.6098172034433806,2.0,2.0710544043216546
evaluation-020,4,uncapped,0.0,30.0,0.6578494542455506,1.947430682045313,5.929986502194206,5.962916007445095
evaluation-020,5,capacity_control,24.0,30.0,0.32936395600569623,0.8767287329430744,5.852990093885825,5.861301776204894
evaluation-020,6,uncapped,0.0,30.0,0.05179856665113136,0.06528941381835263,4.446328874192003,4.496841025489031
evaluation-020,7,capacity_control,30.0,30.0,0.7940890550156938,1.8706127174676679,0.0,0.010191349527484765
evaluation-020,8,uncapped,0.0,30.0,0.24765485558188427,1.692424551201384,6.22207629660343,6.281211428308317
evaluation-020,9,capacity_control,28.0,30.0,0.9505526398640716,0.062411948934464334,2.0,1.9554134011553426
evaluation-020,10,uncapped,0.0,30.0,1.040639767140808,0.09587839214343719,5.6434884030189805,5.587992251047658
evaluation-020,11,capacity_control,24.0,30.0,0.7568431657012766,1.3521756136132976,5.496433754901641,5.527748656750627
evaluation-020,12,uncapped,0.0,30.0,1.1248138659665474,0.42307288778352503,5.31823633814579,5.372031269234155
evaluation-020,13,capacity_control,30.0,30.0,0.9730973042402298,0.6945812805180513,0.0,-0.10043520626488099
evaluation-020,14,uncapped,0.0,30.0,0.8012421246401549,1.82469187823925,6.031045199527513,6.0171093266909725
evaluation-020,15,capacity_control,28.0,30.0,0.8760586458387079,1.8862074648343017,2.0,2.009118440368243
evaluation-020,16,uncapped,0.0,30.0,0.010821191924821782,0.47588574564648023,4.412915563267048,4.471045925831782
evaluation-020,17,capacity_control,24.0,30.0,1.2580262143385126,0.6870008806755212,6.0,5.912662982064786
evaluation-020,18,uncapped,0.0,30.0,1.2014728323421204,1.7756863727242025,6.447317619428118,6.454074017258116
evaluation-020,19,capacity_control,30.0,30.0,0.9714149461587807,0.7997996766204591,0.0,-0.012929976121857376
evaluation-020,20,uncapped,0.0,30.0,1.7547538156842644,0.07827186494317395,5.843809111573183,5.947082977943391
evaluation-020,21,capacity_control,28.0,30.0,1.9509513377149235,0.44875316028263823,2.0,2.015401835610028
evaluation-020,22,uncapped,0.0,30.0,1.7621464752463727,1.2745373266545648,6.35532617973865,6.398542494048472
evaluation-020,23,capacity_control,24.0,30.0,1.3313530894948555,1.0622113449239483,6.0,6.065339666455481
evaluation-020,24,uncapped,0.0,30.0,0.2454476354736601,1.841550113635966,5.034635590628576,4.89803328277394
evaluation-020,25,capacity_control,30.0,30.0,1.043962769466886,1.4342133282190062,0.0,-0.020759155713006214
evaluation-020,26,uncapped,0.0,30.0,1.0042059611434748,0.2767727157606237,5.956230817265407,6.0117372667456355
evaluation-020,27,capacity_control,28.0,30.0,1.4425626413378003,1.9506579960349897,2.0,1.9626568484281037
evaluation-020,28,uncapped,0.0,30.0,1.604852689264124,1.1831029951795102,6.409209817407258,6.44009636526042
evaluation-020,29,capacity_control,24.0,30.0,0.03291921318719937,1.0558916694099894,4.631876924563014,4.603481418292861
evaluation-020,30,uncapped,0.0,30.0,1.4527917772398353,1.7081347852648106,6.369533302755658,6.308292118984756
evaluation-020,31,capacity_control,30.0,30.0,1.1326273165833969,1.1007581931456807,0.0,-0.012506455431229755
evaluation-020,32,uncapped,0.0,30.0,0.5391245869438341,1.4623073972019462,5.3544182443345,5.385460674868355
evaluation-020,33,capacity_control,28.0,30.0,1.1979295770936038,1.019265883646933,2.0,2.0377545629395017
evaluation-020,34,uncapped,0.0,30.0,0.6237936799189612,1.6775241557616638,6.225973401539238,6.166172660925521
evaluation-020,35,capacity_control,24.0,30.0,0.4508824035397634,0.0609551631347407,5.132099682858503,5.160318324859783
evaluation-020,36,uncapped,0.0,30.0,1.275942292637119,1.5646809785818034,6.093862622828377,6.117301794803294
evaluation-020,37,capacity_control,30.0,30.0,1.724737950528137,0.3780955866344966,0.0,-0.08980921810133477
evaluation-020,38,uncapped,0.0,30.0,1.3462781026502533,1.8503952288494996,7.046626024272582,7.063805303588401
evaluation-020,39,capacity_control,28.0,30.0,0.9478286401899458,1.9667009866284153,2.0,2.132340126136074
evaluation-020,40,uncapped,0.0,30.0,0.9720065671764548,1.967863612653784,5.906127012732768,5.915866576385811
evaluation-020,41,capacity_control,24.0,30.0,1.19166562316054,1.0125306613055542,6.0,5.954628576767874
evaluation-020,42,uncapped,0.0,30.0,0.4132442014231268,0.22009778533243285,5.284732644755256,5.311996166136474
evaluation-020,43,capacity_control,30.0,30.0,1.2166073088843918,0.12146007786922408,0.0,-0.10887957550075794
evaluation-020,44,uncapped,0.0,30.0,1.3083551530298,1.00755159148847,5.708922134848605,5.658854788385787
evaluation-020,45,capacity_control,28.0,30.0,1.5810536004958817,0.6080065188790797,2.0,1.9450492831361936
evaluation-020,46,uncapped,0.0,30.0,0.7172874508726437,1.249646860067584,6.113724128206368,6.13061505823567
evaluation-020,47,capacity_control,24.0,30.0,1.5353041312010218,0.43963767971404843,5.6958346513182025,5.68053275466409
evaluation-020,48,uncapped,0.0,30.0,0.13454716088859597,1.2878004248187538,5.802953156337257,5.8012037717778515
evaluation-020,49,capacity_control,30.0,30.0,1.0268637196589303,1.4966609421618065,0.0,-0.045836207830757036
evaluation-020,50,uncapped,0.0,30.0,1.5404849964749732,1.2484729195858597,6.143502586922274,6.132007835898608
evaluation-020,51,capacity_control,28.0,30.0,1.5038832360979082,0.484757961824551,2.0,2.034610804809609
evaluation-020,52,uncapped,0.0,30.0,0.38058937817707816,1.7981018125643835,5.191659300123868,5.147512346192299
evaluation-020,53,capacity_control,24.0,30.0,1.0372284295556926,0.6811223811942866,5.790760890732144,5.674282228310186
evaluation-020,54,uncapped,0.0,30.0,0.7336386811359021,1.308642995835151,6.026353797865955,5.983017496092545
evaluation-020,55,capacity_control,30.0,30.0,1.9881898892758638,0.3181389789165987,0.0,-0.03236282144943808
evaluation-020,56,uncapped,0.0,30.0,1.808710406770662,1.2285698761686772,7.105521661903326,7.168990120788948
evaluation-020,57,capacity_control,28.0,30.0,0.6290485724302799,1.3395101124495647,2.0,1.9694398255336056
evaluation-020,58,uncapped,0.0,30.0,0.47169744915542555,1.876154233484708,6.237279615312795,6.25837745854406
evaluation-020,59,capacity_control,24.0,30.0,0.7257111872551649,0.7652103604534133,5.228707046956451,5.313719983227121
evaluation-020,60,uncapped,0.0,30.0,1.7615870536841742,0.038401698797627226,5.744600813510024,5.79629443054963
evaluation-020,61,capacity_control,30.0,30.0,0.6179671925650803,0.706355989972344,0.0,-0.0615716442590163
evaluation-020,62,uncapped,0.0,30.0,1.3222789768406475,1.5083425563606474,5.837183851997784,5.78617770030419
evaluation-020,63,capacity_control,28.0,30.0,0.9137403475661943,0.27787982797819555,2.0,2.0019199939699117
evaluation-021,0,uncapped,0.0,30.0,1.075440338896302,0.8767599237980317,3.905028044072598,4.0021171493052865
evaluation-021,1,capacity_control,30.0,30.0,0.5043836143881648,1.914401271018333,0.0,0.11396663432139587
evaluation-021,2,uncapped,0.0,30.0,1.1176961058857224,1.6113998874428337,4.183038527039189,4.182754195330532
evaluation-021,3,capacity_control,28.0,30.0,0.9288740885225593,0.4562940423551187,2.0,1.993066914505283
evaluation-021,4,uncapped,0.0,30.0,1.4563957209562104,1.2363396612560569,4.648314647279945,4.6344910218579605
evaluation-021,5,capacity_control,24.0,30.0,0.3784413677952252,0.06882352087077503,3.3054517539599346,3.323827111839626
evaluation-021,6,uncapped,0.0,30.0,1.2642823258979574,1.4225730730539456,4.48817160001007,4.463745400628887
evaluation-021,7,capacity_control,30.0,30.0,0.5016398559424682,0.949237165832292,0.0,-0.0023439968424687012
evaluation-021,8,uncapped,0.0,30.0,0.4994112959472574,1.7744604175655927,3.957779753109536,3.9055563739477037
evaluation-021,9,capacity_control,28.0,30.0,1.1322740739982615,0.04078833374416613,2.0,1.9967022620593493
evaluation-021,10,uncapped,0.0,30.0,1.2511732312265278,0.2911455430669716,3.934773947938506,3.9960241613553995
evaluation-021,11,capacity_control,24.0,30.0,0.7403438369069244,1.9218641812644746,3.9321697306304304,3.843496531157912
evaluation-021,12,uncapped,0.0,30.0,0.7109137373886982,0.3736494435373363,3.8138189898197945,3.8511148150635326
evaluation-021,13,capacity_control,30.0,30.0,1.9752939236563691,0.7664231242444635,0.0,0.025335606883128504
evaluation-021,14,uncapped,0.0,30.0,0.34133872470171056,0.5144401213627927,3.1775732080657106,3.1982616457926523
evaluation-021,15,capacity_control,28.0,30.0,1.9750503410923348,0.0641707625903436,2.0,1.9655230927900673
evaluation-021,16,uncapped,0.0,30.0,0.969691747411239,1.3931000392035768,4.271169367228768,4.211131979294608
evaluation-021,17,capacity_control,24.0,30.0,1.0554199937829445,1.3668878512792024,4.2118206431358285,4.240838762927795
evaluation-021,18,uncapped,0.0,30.0,1.2210334087749493,0.5437859324516638,4.019255738713857,3.940681956325393
evaluation-021,19,capacity_control,30.0,30.0,0.8639765991277639,0.708292485976366,0.0,-0.00648734399807102
evaluation-021,20,uncapped,0.0,30.0,0.5831770322718213,1.3060947851770377,3.9431139324759417,3.9525205651107203
evaluation-021,21,capacity_control,28.0,30.0,0.07699923490586147,0.6832574637803703,2.0,1.9403337727468681
evaluation-021,22,uncapped,0.0,30.0,0.8015031401906854,1.7314678228114473,3.7735087225711945,3.7683299271408925
evaluation-021,23,capacity_control,24.0,30.0,0.1322517928388054,1.0984139383025726,3.4179589618096333,3.4725110869735065
evaluation-021,24,uncapped,0.0,30.0,0.7217886473469499,1.2402227871660425,4.184902716310145,4.114299722877379
evaluation-021,25,capacity_control,30.0,30.0,0.6022834214578281,1.5964238408200802,0.0,0.03791076789423914
evaluation-021,26,uncapped,0.0,30.0,0.6175472121798655,0.7889471995676589,4.117078010071587,4.08277143344966
evaluation-021,27,capacity_control,28.0,30.0,0.7571073698683191,1.0006395782534976,2.0,2.0574992080038266
evaluation-021,28,uncapped,0.0,30.0,1.4057614136678174,0.727524886328391,4.4149090232777155,4.425843892137707
evaluation-021,29,capacity_control,24.0,30.0,0.8316776368432177,0.4349021621940219,3.5498777125833807,3.5874608696638255
evaluation-021,30,uncapped,0.0,30.0,1.700217849135587,0.6903709274073988,4.541892419098198,4.558119494945855
evaluation-021,31,capacity_control,30.0,30.0,0.8786052230679089,1.8503284859335796,0.0,0.0018363139455726957
evaluation-021,32,uncapped,0.0,30.0,0.30610182335777103,1.7764855406732176,3.2190238939687017,3.2964442617006826
evaluation-021,33,capacity_control,28.0,30.0,0.9406372849583167,1.5291775196600237,2.0,1.9653275162874528
evaluation-021,34,uncapped,0.0,30.0,1.3023021404569006,0.12189446922417435,4.5232286795802406,4.5397924766764755
evaluation-021,35,capacity_control,24.0,30.0,0.4008722540101395,1.3696180511251428,3.3114111560831656,3.339775670772572
evaluation-021,36,uncapped,0.0,30.0,1.3543535546203904,0.8282937149470353,4.477234958873905,4.432971780349584
evaluation-021,37,capacity_control,30.0,30.0,1.669380753635454,0.6250059585956946,0.0,0.04850352823419246
evaluation-021,38,uncapped,0.0,30.0,1.958472039513799,0.23802042312443628,5.159231074477722,5.093466586567075
evaluation-021,39,capacity_control,28.0,30.0,0.5250942464200969,1.5600623169821748,2.0,2.037424857564825
evaluation-021,40,uncapped,0.0,30.0,0.0013232803652714065,0.42614420132070485,3.3655340519470123,3.3696920642654122
evaluation-021,41,capacity_control,24.0,30.0,1.147525569211023,0.8037262162792218,4.159252463118977,4.204592926647988
evaluation-021,42,uncapped,0.0,30.0,1.496526628647272,1.8468073739018411,5.034818171866199,4.994947919647388
evaluation-021,43,capacity_control,30.0,30.0,0.24557122865280379,1.7482509570314213,0.0,0.017492697904621966
evaluation-021,44,uncapped,0.0,30.0,1.5245555124060473,0.12220502038080938,4.680481502951423,4.643190461731826
evaluation-021,45,capacity_control,28.0,30.0,0.32651174890269896,1.66858538293853,2.0,2.011395798869152
evaluation-021,46,uncapped,0.0,30.0,1.9817438741564637,0.1324580782571474,4.771362687548141,4.782560903192573
evaluation-021,47,capacity_control,24.0,30.0,0.4146597999445101,0.4373997485859782,3.440082860717031,3.4989010598547967
evaluation-021,48,uncapped,0.0,30.0,0.27202050124065047,1.3979407674156081,3.6013809750696035,3.621676871354196
evaluation-021,49,capacity_control,30.0,30.0,0.09131808289104315,1.9709765680005638,0.0,0.11350468309686529
evaluation-021,50,uncapped,0.0,30.0,0.9042885241716898,0.27679848432890286,4.1387080416039295,4.10555831249747
evaluation-021,51,capacity_control,28.0,30.0,0.039488936109018935,0.5909542429785153,2.0,2.01155080658398
evaluation-021,52,uncapped,0.0,30.0,0.5421461617304679,0.34315438172764434,3.8047935730936677,3.8981997077897965
evaluation-021,53,capacity_control,24.0,30.0,0.011414891075482991,1.6380638610901386,3.5960908185811378,3.568150516936526
evaluation-021,54,uncapped,0.0,30.0,0.28197030756905206,1.8613281379383653,3.665127871666089,3.726770492162747
evaluation-021,55,capacity_control,30.0,30.0,1.5698608247683246,1.1468824156916542,0.0,0.02671655751569473
evaluation-021,56,uncapped,0.0,30.0,0.63929672697925,1.9828763523925215,3.708274741233477,3.731594717819175
evaluation-021,57,capacity_control,28.0,30.0,0.24858107049674416,1.015372464907752,2.0,1.8624244131211962
evaluation-021,58,uncapped,0.0,30.0,0.2657889188992726,1.6848214353983941,3.9208237759050046,3.9143809931891482
evaluation-021,59,capacity_control,24.0,30.0,0.7732102453401226,0.13289665868109024,4.08384639074745,4.087991474073919
evaluation-021,60,uncapped,0.0,30.0,0.6759229692255193,1.7569626915502636,3.6534623346446438,3.6108018675124103
evaluation-021,61,capacity_control,30.0,30.0,1.588808015844009,0.32725434774452955,0.0,-0.045314396469575656
evaluation-021,62,uncapped,0.0,30.0,0.7618298806235857,0.7304767121284157,3.6553234169898756,3.587438441199774
evaluation-021,63,capacity_control,28.0,30.0,0.9260711986646502,0.1916238803698609,2.0,1.9932881112203835
evaluation-022,0,uncapped,0.0,30.0,1.4008262694225329,0.03336471259505558,8.471428932458657,8.453140320205568
evaluation-022,1,capacity_control,30.0,30.0,1.9761249736962345,0.8050624528780335,0.0,-0.03495180848212355
evaluation-022,2,uncapped,0.0,30.0,0.22658395810355736,0.25676458515145817,6.611292298705935,6.650138410110924
evaluation-022,3,capacity_control,28.0,30.0,0.5371150912317606,0.4692045710429016,2.0,2.0206993614198527
evaluation-022,4,uncapped,0.0,30.0,1.54630945348345,0.7075659436626482,7.846861509049455,7.877823813555017
evaluation-022,5,capacity_control,24.0,30.0,0.024018729490721258,0.3219073340206322,6.0,5.997839380492348
evaluation-022,6,uncapped,0.0,30.0,1.9460601144260359,0.009942733647068103,9.152144156876137,9.14858523576322
evaluation-022,7,capacity_control,30.0,30.0,0.6795305798199587,1.5173430647885748,0.0,0.015792545714786374
evaluation-022,8,uncapped,0.0,30.0,0.7606478818183651,1.565652426727954,7.913136309356443,7.8963596835698935
evaluation-022,9,capacity_control,28.0,30.0,1.1446761538921082,0.39076464357003515,2.0,1.947308733382285
evaluation-022,10,uncapped,0.0,30.0,0.37818602286836356,0.24227848754193615,6.390502850697142,6.344035745153947
evaluation-022,11,capacity_control,24.0,30.0,0.14441234189982266,1.4824181318673106,6.0,6.040630415382523
evaluation-022,12,uncapped,0.0,30.0,1.551533845296972,1.3063525917895686,8.309028931576982,8.291362902555102
evaluation-022,13,capacity_control,30.0,30.0,1.0617916926150732,1.0762016694845034,0.0,-0.021414255995799363
evaluation-022,14,uncapped,0.0,30.0,1.198886669490628,1.2760211063250533,8.112724472411301,8.090341990551655
evaluation-022,15,capacity_control,28.0,30.0,0.5139041444517765,0.09677352406583051,2.0,1.9855905634641315
evaluation-022,16,uncapped,0.0,30.0,0.565617631165316,0.5285356908872099,7.920545262676203,7.870727496746189
evaluation-022,17,capacity_control,24.0,30.0,1.7560454471209859,1.337349635465761,6.0,5.9778127061702175
evaluation-022,18,uncapped,0.0,30.0,0.5000084409623868,1.0502095237246742,7.977952928597614,8.039565092824551
evaluation-022,19,capacity_control,30.0,30.0,0.07876401745419104,1.2266747700390708,0.0,0.07367326754017856
evaluation-022,20,uncapped,0.0,30.0,0.13815139968804102,0.3253138606576347,6.382506743504193,6.463609602737212
evaluation-022,21,capacity_control,28.0,30.0,1.3238691923306458,1.3444170505001802,2.0,2.028900991663002
evaluation-022,22,uncapped,0.0,30.0,1.126742907125127,0.5243793573817039,7.065111063012099,7.044733181256047
evaluation-022,23,capacity_control,24.0,30.0,0.9536658974214913,1.8382980632840815,6.0,6.058986689013614
evaluation-022,24,uncapped,0.0,30.0,0.14349636162362533,0.3792650186490276,5.62577019131353,5.562040719336854
evaluation-022,25,capacity_control,30.0,30.0,0.36669392925008726,0.3872514403454492,0.0,0.08181814567933536
evaluation-022,26,uncapped,0.0,30.0,1.6559356051331866,0.46153260553466535,7.728031675065257,7.700012736932603
evaluation-022,27,capacity_control,28.0,30.0,0.6198582383556583,1.9067606460316764,2.0,1.9581542970119021
evaluation-022,28,uncapped,0.0,30.0,1.7788911667825067,0.8193757637157146,8.81298793613537,8.834986975249416
evaluation-022,29,capacity_control,24.0,30.0,0.15077221247055905,1.8176018281502633,6.0,5.97458667440042
evaluation-022,30,uncapped,0.0,30.0,1.409095006257528,1.6190421473806405,9.163788583709914,9.204987408804124
evaluation-022,31,capacity_control,30.0,30.0,1.9940539726897877,0.4492529045162683,0.0,-0.05450342593680022
evaluation-022,32,uncapped,0.0,30.0,1.3534108968150178,0.9991757396901124,8.685806339460497,8.705704892655067
evaluation-022,33,capacity_control,28.0,30.0,0.25453971460249525,1.7862815067862547,2.0,2.0539123189308683
evaluation-022,34,uncapped,0.0,30.0,1.1538264582597364,0.0033378246936084377,7.673795339019453,7.58632229237061
evaluation-022,35,capacity_control,24.0,30.0,0.10939206344206664,1.468534151760748,6.0,6.023249626305026
evaluation-022,36,uncapped,0.0,30.0,1.2581317805204308,1.3517320469888834,7.508039911849128,7.508654886952922
evaluation-022,37,capacity_control,30.0,30.0,0.03709451943455777,1.9841480042965627,0.0,-0.013385587494741995
evaluation-022,38,uncapped,0.0,30.0,0.33421299748700006,0.4874244432951289,6.236779939718247,6.271434117150054
evaluation-022,39,capacity_control,28.0,30.0,1.2423999443323923,0.4950007057670913,2.0,1.989293181574093
evaluation-022,40,uncapped,0.0,30.0,0.5119065579812638,0.6053016231288899,7.684762624843487,7.681006101973573
evaluation-022,41,capacity_control,24.0,30.0,1.1723426168501794,0.434146194490137,6.0,6.024259047174393
evaluation-022,42,uncapped,0.0,30.0,0.5726691471909444,1.0940192053203517,7.648075238780544,7.700246471756435
evaluation-022,43,capacity_control,30.0,30.0,1.0316027322278067,0.1289920352661571,0.0,-0.03855992437012386
evaluation-022,44,uncapped,0.0,30.0,1.6573976438833007,0.8827427289251295,7.62782656511977,7.5324633641373
evaluation-022,45,capacity_control,28.0,30.0,0.882036057440408,0.9760285731079303,2.0,2.0368038064849467
evaluation-022,46,uncapped,0.0,30.0,1.0182259668674385,1.2654681404524537,7.126137817601633,7.195908275354034
evaluation-022,47,capacity_control,24.0,30.0,0.7380251474837163,0.7298493214086113,6.0,5.9587671614374385
evaluation-022,48,uncapped,0.0,30.0,0.06964773191956786,1.5327980832840045,6.991190474255582,7.028942663383319
evaluation-022,49,capacity_control,30.0,30.0,1.207699722187299,0.9126432931084114,0.0,-0.04250045534478462
evaluation-022,50,uncapped,0.0,30.0,1.4844636215926224,0.15799853271107223,7.964218657561095,7.947297716800706
evaluation-022,51,capacity_control,28.0,30.0,1.2186799181863828,0.8086348902389104,2.0,2.027017606893222
evaluation-022,52,uncapped,0.0,30.0,1.679034048592353,0.5746833246064185,7.714259550414878,7.6818755841737
evaluation-022,53,capacity_control,24.0,30.0,1.24904487801136,1.804662891958218,6.0,6.070922392140501
evaluation-022,54,uncapped,0.0,30.0,1.5854978953661656,0.810144844070128,7.813020610426858,7.955014499716771
evaluation-022,55,capacity_control,30.0,30.0,0.013186797882485779,0.5904686320876718,0.0,-0.020651772632148697
evaluation-022,56,uncapped,0.0,30.0,0.13367808838683026,0.3088837965899398,6.5159777546160145,6.4674650324669605
evaluation-022,57,capacity_control,28.0,30.0,1.781324474441499,1.331289684567979,2.0,1.9800440739853284
evaluation-022,58,uncapped,0.0,30.0,0.3753016614809854,1.481450062465898,7.029801969166408,6.956048723991921
evaluation-022,59,capacity_control,24.0,30.0,1.3753802366769632,0.6742281782360653,6.0,5.990531089772088
evaluation-022,60,uncapped,0.0,30.0,1.4698326325928275,1.6484011119978375,9.286897268887346,9.233680148068892
evaluation-022,61,capacity_control,30.0,30.0,0.48851340131593113,0.6752779580929684,0.0,-0.03652646386100474
evaluation-022,62,uncapped,0.0,30.0,1.4939548336590527,1.101068706834521,8.633736166274154,8.638126383767645
evaluation-022,63,capacity_control,28.0,30.0,1.910622431923186,0.573499286308607,2.0,1.9383410179599099
evaluation-023,0,uncapped,0.0,30.0,1.5586077847900996,1.8247717449563043,8.226141203474219,8.171594619287065
evaluation-023,1,capacity_control,30.0,30.0,1.289239825419839,0.45277065586994203,0.0,0.024723139943443752
evaluation-023,2,uncapped,0.0,30.0,0.35954936026311546,0.6830124348267161,6.868928474090233,6.7967652990299205
evaluation-023,3,capacity_control,28.0,30.0,1.6534754280665596,1.6789779379742131,2.0,2.0316806997829544
evaluation-023,4,uncapped,0.0,30.0,1.5235381581079326,1.2174516643594573,8.400468881429587,8.329930487744047
evaluation-023,5,capacity_control,24.0,30.0,0.5681942714628088,1.0882150029610862,6.0,6.006704728826239
evaluation-023,6,uncapped,0.0,30.0,0.12241585744147132,0.9344184710198766,6.951600614738757,6.9838929544643396
evaluation-023,7,capacity_control,30.0,30.0,1.6487644932346954,1.5791634517801074,0.0,0.03479905293887072
evaluation-023,8,uncapped,0.0,30.0,1.394916094164351,1.6098000020111893,8.281338108366262,8.337138886404661
evaluation-023,9,capacity_control,28.0,30.0,0.2694891125104819,0.6175787429047908,2.0,1.9874701062791318
evaluation-023,10,uncapped,0.0,30.0,1.9904573318446,0.5391313105777265,8.40558710777709,8.360837666619876
evaluation-023,11,capacity_control,24.0,30.0,1.2749724080030271,0.15438604169822523,6.0,6.025253918362352
evaluation-023,12,uncapped,0.0,30.0,1.8753050990586002,0.5863116598485116,7.623981829883068,7.604297846918783
evaluation-023,13,capacity_control,30.0,30.0,0.9028072704474224,1.555500481342583,0.0,-0.056923130503936964
evaluation-023,14,uncapped,0.0,30.0,0.4747179648620532,1.4416834528106945,6.952324571031334,6.9578314892441675
evaluation-023,15,capacity_control,28.0,30.0,0.016874893515309353,1.5993417011445668,2.0,1.9662367842280521
evaluation-023,16,uncapped,0.0,30.0,0.6002823267992743,1.0918313757388334,6.4913313299585305,6.401582893918131
evaluation-023,17,capacity_control,24.0,30.0,1.5080587157275096,1.079546683122349,6.0,5.952476164183932
evaluation-023,18,uncapped,0.0,30.0,1.4879762040492415,0.7553356263078874,8.27392550959884,8.286317832746068
evaluation-023,19,capacity_control,30.0,30.0,1.5883236752433383,1.582789565551331,0.0,0.030329316566680354
evaluation-023,20,uncapped,0.0,30.0,0.8397431562452409,1.86272987509849,6.5754936671330215,6.529903454229779
evaluation-023,21,capacity_control,28.0,30.0,1.1715631517449967,1.0017699902228485,2.0,1.9425822092797111
evaluation-023,22,uncapped,0.0,30.0,1.4221564390598307,1.5893847467379119,7.477195229194216,7.436048446928577
evaluation-023,23,capacity_control,24.0,30.0,0.7438271108448049,0.5984759706267353,6.0,5.961232311596545
evaluation-023,24,uncapped,0.0,30.0,1.2499457388866406,1.4881043173006778,7.609751910688331,7.557460020524833
evaluation-023,25,capacity_control,30.0,30.0,0.7835285314454139,1.997758594923027,0.0,0.02439317714145405
evaluation-023,26,uncapped,0.0,30.0,1.4366950203779294,0.09847704303257276,7.756204361101761,7.811861056618865
evaluation-023,27,capacity_control,28.0,30.0,1.8269821906841348,1.5308372672944068,2.0,2.084576560235496
evaluation-023,28,uncapped,0.0,30.0,0.23037826332404387,0.38237988528366595,6.872276836796847,6.905368565747147
evaluation-023,29,capacity_control,24.0,30.0,1.2085582834841913,0.7692191929653549,6.0,6.011986999413216
evaluation-023,30,uncapped,0.0,30.0,0.8346084924707222,1.9408147050853841,7.47711368529685,7.555006111864293
evaluation-023,31,capacity_control,30.0,30.0,0.3311762318857252,1.8422402027153693,0.0,0.006758176263199399
evaluation-023,32,uncapped,0.0,30.0,1.9249397444980751,1.3861187577973608,7.696068208819629,7.6755869110509
evaluation-023,33,capacity_control,28.0,30.0,1.1684389414773633,1.2807289436525453,2.0,2.035143322931736
evaluation-023,34,uncapped,0.0,30.0,1.4647992532010143,1.2057613155142317,7.179758809422425,7.159929179417851
evaluation-023,35,capacity_control,24.0,30.0,1.4391659037236624,0.8517295581965372,6.0,6.045645193146622
evaluation-023,36,uncapped,0.0,30.0,1.2159641549650124,0.9968643396718648,6.862406394376608,6.778591495753457
evaluation-023,37,capacity_control,30.0,30.0,0.7477484561546608,0.4559856888443541,0.0,-0.06675537239931438
evaluation-023,38,uncapped,0.0,30.0,0.056298008158990775,1.7380909541341518,7.079436916581674,7.117825978894432
evaluation-023,39,capacity_control,28.0,30.0,1.0387626651025192,1.0560125339275255,2.0,1.9935228758154722
evaluation-023,40,uncapped,0.0,30.0,0.8353379296405625,0.6442087629640296,7.515548652328886,7.476645390067336
evaluation-023,41,capacity_control,24.0,30.0,1.4202266298326003,0.1708119917802582,6.0,6.043939792841329
evaluation-023,42,uncapped,0.0,30.0,0.9258856458226115,1.496473332436603,6.772580540911413,6.777883184881444
evaluation-023,43,capacity_control,30.0,30.0,1.2603372109260214,0.09154506600507495,0.0,0.00812256873828029
evaluation-023,44,uncapped,0.0,30.0,0.362343590604004,0.9102605807780886,6.2858746788991615,6.261208469012754
evaluation-023,45,capacity_control,28.0,30.0,0.2643949257525855,1.6266375656126206,2.0,1.9743375576519548
evaluation-023,46,uncapped,0.0,30.0,0.8341766425921462,1.6061534263712411,7.958542323979678,7.901098945305252
evaluation-023,47,capacity_control,24.0,30.0,1.6111569145153954,1.4827149902836778,6.0,6.001907507846987
evaluation-023,48,uncapped,0.0,30.0,1.3216340136910971,0.5664172609195164,6.685392174778901,6.698347192121818
evaluation-023,49,capacity_control,30.0,30.0,1.8870908188305702,1.1099455871557908,0.0,-0.08175719092745914
evaluation-023,50,uncapped,0.0,30.0,0.04637596008190581,1.1425092810509512,5.598167909755629,5.6379275868984555
evaluation-023,51,capacity_control,28.0,30.0,1.8344423671398573,0.8645734986343594,2.0,2.0657334259613607
evaluation-023,52,uncapped,0.0,30.0,1.6214569366460019,0.27354222528350935,8.233697126978132,8.314334664837345
evaluation-023,53,capacity_control,24.0,30.0,1.1550389465447615,1.4888249308508013,6.0,6.059733068943839
evaluation-023,54,uncapped,0.0,30.0,1.9710860057544763,1.3203055990153771,8.75629202457624,8.774953448916959
evaluation-023,55,capacity_control,30.0,30.0,1.9456536215717053,1.9383577428591137,0.0,-0.01913580493815974
evaluation-023,56,uncapped,0.0,30.0,1.7087774836851783,1.269018730684979,7.419848718434704,7.415569151835934
evaluation-023,57,capacity_control,28.0,30.0,1.313007107721262,0.42276783289789166,2.0,2.0705561520476414
evaluation-023,58,uncapped,0.0,30.0,1.9792524228538164,1.326650350168956,8.517103304874933,8.563795600879445
evaluation-023,59,capacity_control,24.0,30.0,0.32396349311240713,0.040006385659072885,6.0,5.983214994413449
evaluation-023,60,uncapped,0.0,30.0,0.20040711346812,0.0036157154078502174,6.750852303284738,6.7254385411777715
evaluation-023,61,capacity_control,30.0,30.0,0.4468421846635162,0.18094549097299395,0.0,0.04925952760682964
evaluation-023,62,uncapped,0.0,30.0,1.4586472272426043,1.7607384331533829,7.644608953080265,7.613327137679614
evaluation-023,63,capacity_control,28.0,30.0,1.6612128995693967,1.059462327586303,2.0,1.9644234878983382
