case_id,cohort,method,parameter,reference_passed,mean_gap_reference_sd,reference_mean_mcse_sd,width_ratio,endpoint_gap_prior_width
evaluation-prior_predictive-000,prior_predictive,prior,r,1,10.216914277603191,0.025611484610564766,20.028787468394324,0.5641652668744058
evaluation-prior_predictive-000,prior_predictive,prior,b,1,8.945562821456772,0.02598414993290419,8.008658112553928,0.7141155184689613
evaluation-prior_predictive-000,prior_predictive,prior,g,1,3.5986894210987734,0.026939766379191998,5.033807250329402,0.563662350587196
evaluation-prior_predictive-000,prior_predictive,published,r,1,0.07464254098524106,0.025611484610564766,1.0288247138162498,0.002251655225559368
evaluation-prior_predictive-000,prior_predictive,published,b,1,0.04011974884957277,0.02598414993290419,0.9590567417259215,0.0038103161484546177
evaluation-prior_predictive-000,prior_predictive,published,g,1,0.03988663841858751,0.026939766379191998,1.0018261740425207,0.005264570705640834
evaluation-prior_predictive-000,prior_predictive,higher_compute,r,1,0.022503520891168197,0.025611484610564766,1.0171681147284477,0.0007951561183121569
evaluation-prior_predictive-000,prior_predictive,higher_compute,b,1,0.028123099833162583,0.02598414993290419,0.9825238102630681,0.002783643371643585
evaluation-prior_predictive-000,prior_predictive,higher_compute,g,1,0.0024856539007328104,0.026939766379191998,0.9817212963135267,0.004500297619839597
evaluation-prior_predictive-001,prior_predictive,prior,r,1,33.03879493486866,0.026186257397437438,30.168783607258252,0.7420295194412798
evaluation-prior_predictive-001,prior_predictive,prior,b,1,17.313724836415478,0.026705354142519518,21.890802438385705,0.6534230291251791
evaluation-prior_predictive-001,prior_predictive,prior,g,1,5.596325274252583,0.027883238401514368,5.5298242816141485,0.6440121404787861
evaluation-prior_predictive-001,prior_predictive,published,r,1,0.05897223274720382,0.026186257397437438,0.9874163929435977,0.0005917833744268908
evaluation-prior_predictive-001,prior_predictive,published,b,1,0.042352777478199946,0.026705354142519518,0.9618597367577302,0.0018950435224574847
evaluation-prior_predictive-001,prior_predictive,published,g,1,0.14363853493726692,0.027883238401514368,1.0157175958819185,0.0030965233857215
evaluation-prior_predictive-001,prior_predictive,higher_compute,r,1,0.012304146499064991,0.026186257397437438,1.0518960165814384,0.001137960056488474
evaluation-prior_predictive-001,prior_predictive,higher_compute,b,1,0.021678904008355038,0.026705354142519518,1.0092922136834133,0.0004712071891106007
evaluation-prior_predictive-001,prior_predictive,higher_compute,g,1,0.03895738659463252,0.027883238401514368,1.0656374117777525,0.006598458618307795
evaluation-prior_predictive-002,prior_predictive,prior,r,1,26.79400270311684,0.0291987743740843,37.74009386573086,0.6283313773141739
evaluation-prior_predictive-002,prior_predictive,prior,b,1,5.291673006713911,0.02873931560844684,17.433517351590726,0.4888147322107648
evaluation-prior_predictive-002,prior_predictive,prior,g,1,13.83455865462115,0.03173168250754943,8.846520178749174,0.8478641457317595
evaluation-prior_predictive-002,prior_predictive,published,r,1,0.0324212861408663,0.0291987743740843,1.0257305072551368,0.000376253109800014
evaluation-prior_predictive-002,prior_predictive,published,b,1,0.12222502912988563,0.02873931560844684,1.076366149274431,0.0033486741462392723
evaluation-prior_predictive-002,prior_predictive,published,g,1,0.04798701197765286,0.03173168250754943,0.9651842888535923,0.004012285024662526
evaluation-prior_predictive-002,prior_predictive,higher_compute,r,1,0.021128834351303152,0.0291987743740843,1.0208370151348003,0.00025434632407850266
evaluation-prior_predictive-002,prior_predictive,higher_compute,b,1,0.018501978767653755,0.02873931560844684,1.0075808919960032,0.0003414939418479257
evaluation-prior_predictive-002,prior_predictive,higher_compute,g,1,0.021457979313199888,0.03173168250754943,1.0259004153070894,0.002480686762832557
evaluation-prior_predictive-003,prior_predictive,prior,r,1,2.346476896601865,0.026371521107985428,22.731795356048995,0.4560303107464014
evaluation-prior_predictive-003,prior_predictive,prior,b,1,16.543707135005665,0.025827533449766012,15.063166368112476,0.718632070703422
evaluation-prior_predictive-003,prior_predictive,prior,g,1,6.776510893162628,0.025498630069629425,4.759876413363823,0.7321119486139462
evaluation-prior_predictive-003,prior_predictive,published,r,1,0.04275676512626687,0.026371521107985428,0.9833890269695715,0.0005684396316225637
evaluation-prior_predictive-003,prior_predictive,published,b,1,0.030237942109810134,0.025827533449766012,0.977277848772814,0.001604528677435546
evaluation-prior_predictive-003,prior_predictive,published,g,1,0.08886567250951591,0.025498630069629425,1.0234377300452764,0.00600555425444889
evaluation-prior_predictive-003,prior_predictive,higher_compute,r,1,0.03756981771553885,0.026371521107985428,0.9945529482079712,0.0004865446060253002
evaluation-prior_predictive-003,prior_predictive,higher_compute,b,1,0.009347440977218026,0.025827533449766012,1.0170134856649167,0.0009300855782635509
evaluation-prior_predictive-003,prior_predictive,higher_compute,g,1,0.06489981845915921,0.025498630069629425,0.9798724832716035,0.005361788574976753
evaluation-prior_predictive-004,prior_predictive,prior,r,1,84.38634015647864,0.025075032430033777,53.4779628747431,0.886631422292977
evaluation-prior_predictive-004,prior_predictive,prior,b,1,29.755416558927696,0.026537433800535165,28.862533494452535,0.6976998778976966
evaluation-prior_predictive-004,prior_predictive,prior,g,1,12.422657533416075,0.02615567676346453,10.153429961454021,0.737972018070715
evaluation-prior_predictive-004,prior_predictive,published,r,1,0.02779691946228083,0.025075032430033777,1.0115809698063498,0.00017815891860310332
evaluation-prior_predictive-004,prior_predictive,published,b,1,0.07675625342292307,0.026537433800535165,1.0136239492641494,0.00038568180213900406
evaluation-prior_predictive-004,prior_predictive,published,g,1,0.05091292471931143,0.02615567676346453,0.9444394118984013,0.0045494865537810784
evaluation-prior_predictive-004,prior_predictive,higher_compute,r,1,0.023862684615220304,0.025075032430033777,0.9721199612042616,0.00045496702892000584
evaluation-prior_predictive-004,prior_predictive,higher_compute,b,1,0.008234533020706668,0.026537433800535165,0.9982494820124933,0.0007212631274225778
evaluation-prior_predictive-004,prior_predictive,higher_compute,g,1,0.016124778820252286,0.02615567676346453,1.0221426184734876,0.001686348331223983
evaluation-prior_predictive-005,prior_predictive,prior,r,1,0.6753690747531936,0.02663525284753572,19.582217579316268,0.45109717939240107
evaluation-prior_predictive-005,prior_predictive,prior,b,1,19.176695501501616,0.024712128729848487,12.379861673479246,0.8352174013554649
evaluation-prior_predictive-005,prior_predictive,prior,g,1,0.5511114130628296,0.029196292951431474,3.428575849838605,0.3476736334321008
evaluation-prior_predictive-005,prior_predictive,published,r,1,0.021102504967600758,0.02663525284753572,1.0039799734085324,0.00013270199924978834
evaluation-prior_predictive-005,prior_predictive,published,b,1,0.003994194245224699,0.024712128729848487,0.9990523717490436,0.00020838401428431298
evaluation-prior_predictive-005,prior_predictive,published,g,1,0.027724275666759533,0.029196292951431474,0.9677648086568481,0.015101673470116622
evaluation-prior_predictive-005,prior_predictive,higher_compute,r,1,0.0017434352703189651,0.02663525284753572,1.025240030568054,0.0006093837511576735
evaluation-prior_predictive-005,prior_predictive,higher_compute,b,1,0.024245474825838928,0.024712128729848487,1.045274902876003,0.0030949367811652804
evaluation-prior_predictive-005,prior_predictive,higher_compute,g,1,0.03311669183379609,0.029196292951431474,0.9858914245376698,0.004191764235599027
evaluation-prior_predictive-006,prior_predictive,prior,r,1,75.0621403798942,0.03230612649147275,47.21076708864238,0.8729117410309186
evaluation-prior_predictive-006,prior_predictive,prior,b,1,25.754430441173362,0.02810776769168773,20.57163060365096,0.7644514923323054
evaluation-prior_predictive-006,prior_predictive,prior,g,1,22.2981446056459,0.03240637801504039,13.75526006629319,0.879931256011926
evaluation-prior_predictive-006,prior_predictive,published,r,1,0.11405046872723443,0.03230612649147275,0.9761050201759286,0.001092891272384285
evaluation-prior_predictive-006,prior_predictive,published,b,1,0.13933402527147942,0.02810776769168773,1.0067577536364158,0.002257388965811913
evaluation-prior_predictive-006,prior_predictive,published,g,1,0.04483825165628512,0.03240637801504039,1.0568646563942128,0.002619009673206635
evaluation-prior_predictive-006,prior_predictive,higher_compute,r,1,0.08226688775631541,0.03230612649147275,0.9932892716052903,0.000576562632977525
evaluation-prior_predictive-006,prior_predictive,higher_compute,b,1,0.08764373968653431,0.02810776769168773,1.0183104460034191,0.0013720960634541867
evaluation-prior_predictive-006,prior_predictive,higher_compute,g,1,0.02343998596455385,0.03240637801504039,0.939296330832988,0.003964965541581322
evaluation-prior_predictive-007,prior_predictive,prior,r,1,36.254714599455,0.030150641871524907,23.605613420591904,0.8680795356441595
evaluation-prior_predictive-007,prior_predictive,prior,b,1,17.359476857399795,0.030863881402638262,13.50588246714332,0.7602880635604141
evaluation-prior_predictive-007,prior_predictive,prior,g,1,9.680060726124523,0.027952322849815338,6.18180738240325,0.7957969746634547
evaluation-prior_predictive-007,prior_predictive,published,r,1,0.08272365287794338,0.030150641871524907,1.0022146420147158,0.002841777659574755
evaluation-prior_predictive-007,prior_predictive,published,b,1,0.0650235418836724,0.030863881402638262,0.9521632001617981,0.0017765939737449444
evaluation-prior_predictive-007,prior_predictive,published,g,1,0.13034589278175834,0.027952322849815338,1.0670265150489822,0.014358551231803997
evaluation-prior_predictive-007,prior_predictive,higher_compute,r,1,0.04328805588286204,0.030150641871524907,0.9507904416009206,0.0022596711448548135
evaluation-prior_predictive-007,prior_predictive,higher_compute,b,1,0.052454401919059125,0.030863881402638262,0.9556718743320735,0.0025194999180202515
evaluation-prior_predictive-007,prior_predictive,higher_compute,g,1,0.0016173248504666624,0.027952322849815338,0.9760632911358462,0.0022272017613663743
evaluation-prior_predictive-008,prior_predictive,prior,r,1,46.87232992511162,0.02652007485817448,36.11788756532622,0.798710104267732
evaluation-prior_predictive-008,prior_predictive,prior,b,1,2.9512770527553625,0.026634146044602427,25.301255744971353,0.45643689629926404
evaluation-prior_predictive-008,prior_predictive,prior,g,1,0.20158022828575523,0.02688413828523786,6.248059360297526,0.3752772433922733
evaluation-prior_predictive-008,prior_predictive,published,r,1,0.04806443029431558,0.02652007485817448,1.0523234308825133,0.000855577659694721
evaluation-prior_predictive-008,prior_predictive,published,b,1,0.047731826159527355,0.026634146044602427,0.9827560667813884,0.0006891416024958907
evaluation-prior_predictive-008,prior_predictive,published,g,1,0.04487631378726734,0.02688413828523786,1.0237662771223202,0.0018622862140157959
evaluation-prior_predictive-008,prior_predictive,higher_compute,r,1,0.010845315397395472,0.02652007485817448,1.0203619859572304,0.0002837976480112303
evaluation-prior_predictive-008,prior_predictive,higher_compute,b,1,0.009596741476666892,0.026634146044602427,0.9820479323605869,0.0008032277238555708
evaluation-prior_predictive-008,prior_predictive,higher_compute,g,1,0.01751476031161886,0.02688413828523786,0.9927432698402817,0.000745245069592726
evaluation-prior_predictive-009,prior_predictive,prior,r,1,46.08733814364756,0.025057875951761798,42.03428292182913,0.7428096813156421
evaluation-prior_predictive-009,prior_predictive,prior,b,1,36.7735796741535,0.025325599000629542,29.033895654601935,0.7756842999835897
evaluation-prior_predictive-009,prior_predictive,prior,g,1,9.470937485776306,0.02658621951917572,8.528259306134819,0.703075999468534
evaluation-prior_predictive-009,prior_predictive,published,r,1,0.10494571764367178,0.025057875951761798,1.0537980540149008,0.00140576764077327
evaluation-prior_predictive-009,prior_predictive,published,b,1,0.06061681106149737,0.025325599000629542,1.0478139429835889,0.0014305620984258471
evaluation-prior_predictive-009,prior_predictive,published,g,1,0.08471561559433995,0.02658621951917572,1.0001292293382535,0.0007119522549052862
evaluation-prior_predictive-009,prior_predictive,higher_compute,r,1,0.040086903221762844,0.025057875951761798,1.0164624726221287,0.0004570002828513016
evaluation-prior_predictive-009,prior_predictive,higher_compute,b,1,0.02141791065426031,0.025325599000629542,1.0164788189228913,0.0006683460377790773
evaluation-prior_predictive-009,prior_predictive,higher_compute,g,1,0.02229976515796087,0.02658621951917572,0.9887568513949199,0.000666242111828988
evaluation-prior_predictive-010,prior_predictive,prior,r,1,38.131030590215964,0.025457281598746176,35.690507992060205,0.7346807084914689
evaluation-prior_predictive-010,prior_predictive,prior,b,1,7.039576966310122,0.024718159465204694,23.43499404689392,0.518355776187398
evaluation-prior_predictive-010,prior_predictive,prior,g,1,7.604108096646508,0.026278491555537405,7.2460742840562675,0.6933080421763922
evaluation-prior_predictive-010,prior_predictive,published,r,1,0.008933768512859768,0.025457281598746176,1.0396615301478354,0.0009470580015407126
evaluation-prior_predictive-010,prior_predictive,published,b,1,0.037226113511654696,0.024718159465204694,1.0632076440770633,0.0014395659175275633
evaluation-prior_predictive-010,prior_predictive,published,g,1,0.024736713389610872,0.026278491555537405,1.0703732399171757,0.009065803095684166
evaluation-prior_predictive-010,prior_predictive,higher_compute,r,1,0.04166868180585468,0.025457281598746176,1.0933217034918044,0.0016873654930290212
evaluation-prior_predictive-010,prior_predictive,higher_compute,b,1,0.02834842022823765,0.024718159465204694,1.0854701575931538,0.002305914847334467
evaluation-prior_predictive-010,prior_predictive,higher_compute,g,1,0.03708926591655069,0.026278491555537405,1.0179488543941777,0.0038015464642695077
evaluation-prior_predictive-011,prior_predictive,prior,r,1,45.94305874412895,0.026107870371464396,39.0843781919366,0.7747970358194104
evaluation-prior_predictive-011,prior_predictive,prior,b,1,9.709864715399155,0.026477271922909065,20.467332892541528,0.5541144734171949
evaluation-prior_predictive-011,prior_predictive,prior,g,1,9.48226131609231,0.02471933386230937,6.786584123257071,0.7493193336160572
evaluation-prior_predictive-011,prior_predictive,published,r,1,0.08998999151456903,0.026107870371464396,1.0335825920024175,0.0008782205326420082
evaluation-prior_predictive-011,prior_predictive,published,b,1,0.08715727268182666,0.026477271922909065,0.9876445364594179,0.001539529369569692
evaluation-prior_predictive-011,prior_predictive,published,g,1,0.004242701697083179,0.02471933386230937,1.0322576467561069,0.002265120047128281
evaluation-prior_predictive-011,prior_predictive,higher_compute,r,1,0.013681017288862644,0.026107870371464396,1.0015203834564392,1.9973779505836713e-05
evaluation-prior_predictive-011,prior_predictive,higher_compute,b,1,0.010551759436751946,0.026477271922909065,0.980253682476918,0.000518115488639026
evaluation-prior_predictive-011,prior_predictive,higher_compute,g,1,0.022108191954602053,0.02471933386230937,0.9941704080708518,0.0015921725015372295
evaluation-prior_predictive-012,prior_predictive,prior,r,1,2.388831536119443,0.028034218887558488,23.761225138311726,0.45340981035896927
evaluation-prior_predictive-012,prior_predictive,prior,b,1,2.202546613874069,0.026352287423454388,14.469983057146,0.45367266630527664
evaluation-prior_predictive-012,prior_predictive,prior,g,1,1.9233728949169486,0.027185921808939587,4.4047725666154385,0.4458529088956743
evaluation-prior_predictive-012,prior_predictive,published,r,1,0.08979603940648898,0.028034218887558488,0.9465629791523433,0.0012575396143884217
evaluation-prior_predictive-012,prior_predictive,published,b,1,0.08105295046748931,0.026352287423454388,1.0312661801065133,0.0010606525739165207
evaluation-prior_predictive-012,prior_predictive,published,g,1,0.048875003877608104,0.027185921808939587,1.0029985014767957,0.005270119419469865
evaluation-prior_predictive-012,prior_predictive,higher_compute,r,1,0.0036020527619114945,0.028034218887558488,1.0033614453699666,0.00044642658694919274
evaluation-prior_predictive-012,prior_predictive,higher_compute,b,1,0.06427364760620675,0.026352287423454388,1.0416067240649232,0.001739802625643616
evaluation-prior_predictive-012,prior_predictive,higher_compute,g,1,0.04508547608603516,0.027185921808939587,1.0281315345874151,0.004622359732615877
evaluation-prior_predictive-013,prior_predictive,prior,r,1,69.61253464195953,0.029598758069641677,39.536037923582775,0.9207949032256851
evaluation-prior_predictive-013,prior_predictive,prior,b,1,7.744574689758432,0.03442348815486093,17.84077238572237,0.5524230143776657
evaluation-prior_predictive-013,prior_predictive,prior,g,1,12.821125200409037,0.03236034552371016,8.163868639952655,0.8414712393914643
evaluation-prior_predictive-013,prior_predictive,published,r,1,0.0021459880715232653,0.029598758069641677,1.0066906225929348,8.821213683181857e-05
evaluation-prior_predictive-013,prior_predictive,published,b,1,0.027048707455172332,0.03442348815486093,0.9967211407206655,0.0005909739956624805
evaluation-prior_predictive-013,prior_predictive,published,g,1,0.03441166113722538,0.03236034552371016,0.9631093946769402,0.004426350165540327
evaluation-prior_predictive-013,prior_predictive,higher_compute,r,1,0.022939402092229888,0.029598758069641677,0.9719906431458637,0.0004403775262365646
evaluation-prior_predictive-013,prior_predictive,higher_compute,b,1,0.011508291896266383,0.03442348815486093,1.0242367339103706,0.0008941890000338404
evaluation-prior_predictive-013,prior_predictive,higher_compute,g,1,0.014498761664943717,0.03236034552371016,1.007803884993854,0.0008005862903491534
evaluation-prior_predictive-014,prior_predictive,prior,r,1,15.62675059840541,0.028157155760011817,29.852481717369304,0.5746620312106603
evaluation-prior_predictive-014,prior_predictive,prior,b,1,18.133158881319467,0.02606318499347375,19.522695894908832,0.6758837232225565
evaluation-prior_predictive-014,prior_predictive,prior,g,1,3.0545121975983474,0.027725418858490558,5.834592963606859,0.5044883197466635
evaluation-prior_predictive-014,prior_predictive,published,r,1,0.0489133098212762,0.028157155760011817,1.0334092443123455,0.0009022636405047931
evaluation-prior_predictive-014,prior_predictive,published,b,1,0.07965377448277797,0.02606318499347375,1.00859081097307,0.002406848785842186
evaluation-prior_predictive-014,prior_predictive,published,g,1,0.03238190978268941,0.027725418858490558,1.010445995726998,0.0015665185071380566
evaluation-prior_predictive-014,prior_predictive,higher_compute,r,1,0.00878373067267511,0.028157155760011817,0.9960547526437988,0.0002526226832254193
evaluation-prior_predictive-014,prior_predictive,higher_compute,b,1,0.018250364354840985,0.02606318499347375,1.0390849521841639,0.001625368082516765
evaluation-prior_predictive-014,prior_predictive,higher_compute,g,1,0.026868400821847695,0.027725418858490558,0.9833463666004443,0.0017872065602292028
evaluation-prior_predictive-015,prior_predictive,prior,r,1,35.95800539300338,0.028179391382433062,34.09328089500749,0.7244763240751921
evaluation-prior_predictive-015,prior_predictive,prior,b,1,12.634635480023965,0.026825653031495176,17.611242144928955,0.6042308977009153
evaluation-prior_predictive-015,prior_predictive,prior,g,1,13.80453055252107,0.02946606414511679,8.796485396681618,0.8521740385976075
evaluation-prior_predictive-015,prior_predictive,published,r,1,0.023733875839303694,0.028179391382433062,1.0528266795650107,0.001167109358193678
evaluation-prior_predictive-015,prior_predictive,published,b,1,0.03642704747973278,0.026825653031495176,0.9784044023176731,0.0017161611484402429
evaluation-prior_predictive-015,prior_predictive,published,g,1,0.022230317042619036,0.02946606414511679,1.0483515810151527,0.004002684813496082
evaluation-prior_predictive-015,prior_predictive,higher_compute,r,1,0.005631584820378682,0.028179391382433062,1.0565344306443147,0.0010551760844763614
evaluation-prior_predictive-015,prior_predictive,higher_compute,b,1,0.008477066658649298,0.026825653031495176,1.0480802766369652,0.0016747054546334184
evaluation-prior_predictive-015,prior_predictive,higher_compute,g,1,0.018766589935983388,0.02946606414511679,0.9971011980432085,0.0005383080623065639
evaluation-prior_predictive-016,prior_predictive,prior,r,1,3.81586404279118,0.025371675040757692,26.67333756794124,0.4911781956389139
evaluation-prior_predictive-016,prior_predictive,prior,b,1,20.106187378773686,0.02570234279766502,12.994354821380115,0.8396698767214144
evaluation-prior_predictive-016,prior_predictive,prior,g,1,2.941808796145457,0.025140373228075164,6.565874284126916,0.4944421009370521
evaluation-prior_predictive-016,prior_predictive,published,r,1,0.011878442001115564,0.025371675040757692,0.9902758477254128,0.0002912775960237646
evaluation-prior_predictive-016,prior_predictive,published,b,1,0.0038289722539173038,0.02570234279766502,1.0503424498747638,0.0021600686630423027
evaluation-prior_predictive-016,prior_predictive,published,g,1,0.034492849384993085,0.025140373228075164,1.007426317896489,0.003391543755799989
evaluation-prior_predictive-016,prior_predictive,higher_compute,r,1,0.07168080826261274,0.025371675040757692,1.0011223028935772,4.124551401233726e-05
evaluation-prior_predictive-016,prior_predictive,higher_compute,b,1,0.030151047779712333,0.02570234279766502,1.0057309588247214,0.0007155054318680243
evaluation-prior_predictive-016,prior_predictive,higher_compute,g,1,0.10717193496084101,0.025140373228075164,1.0289996673312076,0.005552811951570619
evaluation-prior_predictive-017,prior_predictive,prior,r,1,5.287087119904869,0.02894407381322868,19.406423867233382,0.49880297516606253
evaluation-prior_predictive-017,prior_predictive,prior,b,1,22.093969612943013,0.027209020321855383,14.974568183638517,0.8278757866405531
evaluation-prior_predictive-017,prior_predictive,prior,g,1,3.4665927745294733,0.027457485266819095,3.2784995495265634,0.5997050729477471
evaluation-prior_predictive-017,prior_predictive,published,r,1,0.05052303379461288,0.02894407381322868,0.9884959215204168,0.001240817000496719
evaluation-prior_predictive-017,prior_predictive,published,b,1,0.03757338000693516,0.027209020321855383,1.038930959113316,0.0017857370159578777
evaluation-prior_predictive-017,prior_predictive,published,g,1,0.021243135347072322,0.027457485266819095,0.9872805396857484,0.004712074029203624
evaluation-prior_predictive-017,prior_predictive,higher_compute,r,1,0.04734894031425195,0.02894407381322868,1.0043057490459473,0.0011894082426421686
evaluation-prior_predictive-017,prior_predictive,higher_compute,b,1,0.025922184372148018,0.027209020321855383,1.0199731389388877,0.0013561126216496077
evaluation-prior_predictive-017,prior_predictive,higher_compute,g,1,0.025955018252078185,0.027457485266819095,0.9844981572594694,0.00446060622762875
evaluation-prior_predictive-018,prior_predictive,prior,r,1,19.800569487645845,0.029644550547747766,25.271636432229386,0.6158044647411437
evaluation-prior_predictive-018,prior_predictive,prior,b,1,18.7474666738463,0.027690100559843896,13.00072608195576,0.8353058054174699
evaluation-prior_predictive-018,prior_predictive,prior,g,1,3.4819953670219,0.028815485508177294,5.295073195181973,0.5328433914481856
evaluation-prior_predictive-018,prior_predictive,published,r,1,0.012380092816845805,0.029644550547747766,0.9427826918510698,0.0011507272707964589
evaluation-prior_predictive-018,prior_predictive,published,b,1,0.02847014717189686,0.027690100559843896,1.0224926857751815,0.0014301404183321154
evaluation-prior_predictive-018,prior_predictive,published,g,1,0.02707182526122588,0.028815485508177294,0.8983353451410717,0.011129537084723362
evaluation-prior_predictive-018,prior_predictive,higher_compute,r,1,0.012065049802088416,0.029644550547747766,0.9634525686184582,0.0010409597591685877
evaluation-prior_predictive-018,prior_predictive,higher_compute,b,1,0.024065041517888405,0.027690100559843896,0.9953346999503012,0.0011546102945422022
evaluation-prior_predictive-018,prior_predictive,higher_compute,g,1,0.01783596305421162,0.028815485508177294,0.979862577326308,0.004630860057723563
evaluation-prior_predictive-019,prior_predictive,prior,r,1,14.730319032083438,0.02721490659957238,24.455277504908135,0.5870209778537769
evaluation-prior_predictive-019,prior_predictive,prior,b,1,14.543018895248267,0.027130091381994428,13.391674064632166,0.7271332899450196
evaluation-prior_predictive-019,prior_predictive,prior,g,1,8.824565636221411,0.025973446380148705,5.882050263096958,0.7693333238570752
evaluation-prior_predictive-019,prior_predictive,published,r,1,0.048800540445283244,0.02721490659957238,0.964755430981183,0.0010515964551827868
evaluation-prior_predictive-019,prior_predictive,published,b,1,0.004070916783741043,0.027130091381994428,0.9771755392374176,0.0023231800005488524
evaluation-prior_predictive-019,prior_predictive,published,g,1,0.10066186677612031,0.025973446380148705,1.044076555116373,0.006312468811170702
evaluation-prior_predictive-019,prior_predictive,higher_compute,r,1,0.009654072175127282,0.02721490659957238,0.9893084327144468,0.00026396427024592367
evaluation-prior_predictive-019,prior_predictive,higher_compute,b,1,0.031129960492278116,0.027130091381994428,0.9412019608102408,0.003562802235168405
evaluation-prior_predictive-019,prior_predictive,higher_compute,g,1,0.02689462188712964,0.025973446380148705,1.0168672668178238,0.003122458656058813
evaluation-prior_predictive-020,prior_predictive,prior,r,1,14.445634685548805,0.02699309745071948,14.76030996299181,0.7073335176682479
evaluation-prior_predictive-020,prior_predictive,prior,b,1,4.357251616789569,0.026436944649958587,7.500078894827875,0.5473855076723371
evaluation-prior_predictive-020,prior_predictive,prior,g,1,1.600683382485613,0.028410776353712152,3.0370320962584882,0.4523120859405162
evaluation-prior_predictive-020,prior_predictive,published,r,1,0.006352023212449736,0.02699309745071948,0.9510661292747146,0.002288731493701531
evaluation-prior_predictive-020,prior_predictive,published,b,1,0.01831538751780979,0.026436944649958587,1.006899551128567,0.0010861176936011851
evaluation-prior_predictive-020,prior_predictive,published,g,1,0.04773855828657524,0.028410776353712152,1.0098892437315619,0.002576773343908184
evaluation-prior_predictive-020,prior_predictive,higher_compute,r,1,0.015640090120918233,0.02699309745071948,0.9373258134093359,0.0024120764703162343
evaluation-prior_predictive-020,prior_predictive,higher_compute,b,1,0.015017773009358281,0.026436944649958587,0.9859957629439953,0.0016514785244802432
evaluation-prior_predictive-020,prior_predictive,higher_compute,g,1,0.022002174181353158,0.028410776353712152,0.9936805160828686,0.0032347716535668924
evaluation-prior_predictive-021,prior_predictive,prior,r,1,46.03892960458864,0.027853915831767707,31.785719973725577,0.8436573951542958
evaluation-prior_predictive-021,prior_predictive,prior,b,1,30.4315874930133,0.028327179513518798,19.990026212302315,0.8250773987310147
evaluation-prior_predictive-021,prior_predictive,prior,g,1,12.873441301667,0.027829701381819293,7.5766549383113695,0.8256096278007232
evaluation-prior_predictive-021,prior_predictive,published,r,1,0.023519047099679842,0.027853915831767707,0.9172099228231507,0.0013321159981429058
evaluation-prior_predictive-021,prior_predictive,published,b,1,0.031101734173228954,0.028327179513518798,0.8940001220015017,0.0025223945695710625
evaluation-prior_predictive-021,prior_predictive,published,g,1,0.07523502912633025,0.027829701381819293,1.0014587283417724,0.002254131558193234
evaluation-prior_predictive-021,prior_predictive,higher_compute,r,1,0.05245341699491086,0.027853915831767707,0.9743968403401245,0.0006495440386154646
evaluation-prior_predictive-021,prior_predictive,higher_compute,b,1,0.043971118819187444,0.028327179513518798,0.9672795797919913,0.0016576590055278118
evaluation-prior_predictive-021,prior_predictive,higher_compute,g,1,0.03263476426957629,0.027829701381819293,0.9894718570901547,0.0007922403148392931
evaluation-prior_predictive-022,prior_predictive,prior,r,1,45.04722283252756,0.025048735918521237,40.66979522206589,0.7310592858699185
evaluation-prior_predictive-022,prior_predictive,prior,b,1,33.109967591934925,0.02604361594237648,19.227650858487962,0.8924362334383392
evaluation-prior_predictive-022,prior_predictive,prior,g,1,6.009299951551808,0.026389965467648976,8.510799689968247,0.5937673415711913
evaluation-prior_predictive-022,prior_predictive,published,r,1,0.04558184129305337,0.025048735918521237,1.0538279896051455,0.0010292708304697011
evaluation-prior_predictive-022,prior_predictive,published,b,1,0.04726061909872923,0.02604361594237648,0.9775486842189494,0.00203863871625769
evaluation-prior_predictive-022,prior_predictive,published,g,1,0.013856138883956199,0.026389965467648976,1.0539052309159034,0.0034809959954451575
evaluation-prior_predictive-022,prior_predictive,higher_compute,r,1,0.001723485903377726,0.025048735918521237,1.0288413685350464,0.00046545914831508384
evaluation-prior_predictive-022,prior_predictive,higher_compute,b,1,0.0034548457172651477,0.02604361594237648,0.955679481215112,0.0010925957664638553
evaluation-prior_predictive-022,prior_predictive,higher_compute,g,1,0.015132307929630846,0.026389965467648976,1.03538110186412,0.0030449468038279415
evaluation-prior_predictive-023,prior_predictive,prior,r,1,17.00922486434935,0.03368634717571151,16.60176864135993,0.7116304629547775
evaluation-prior_predictive-023,prior_predictive,prior,b,1,20.100534663467723,0.03041744409198429,11.927897935107778,0.8643146455315313
evaluation-prior_predictive-023,prior_predictive,prior,g,1,6.8153981784586986,0.03581837580779984,4.801213364546487,0.7475479159807704
evaluation-prior_predictive-023,prior_predictive,published,r,1,0.08761391559807948,0.03368634717571151,0.9907350637524172,0.0006485477202593515
evaluation-prior_predictive-023,prior_predictive,published,b,1,0.09284593450975458,0.03041744409198429,1.015526727594826,0.0019785801694325754
evaluation-prior_predictive-023,prior_predictive,published,g,1,0.016383453209247018,0.03581837580779984,0.9746730611464215,0.0026338478872815763
evaluation-prior_predictive-023,prior_predictive,higher_compute,r,1,0.10146747240292095,0.03368634717571151,0.9726146647462357,0.0022626855399489423
evaluation-prior_predictive-023,prior_predictive,higher_compute,b,1,0.09258419649528998,0.03041744409198429,1.013897512302577,0.003270357124487022
evaluation-prior_predictive-023,prior_predictive,higher_compute,g,1,0.05677657641293897,0.03581837580779984,0.9475531509157036,0.009119183348650223
evaluation-prior_predictive-024,prior_predictive,prior,r,1,22.18237196622223,0.025550027414603802,17.59317986061614,0.7743679342626226
evaluation-prior_predictive-024,prior_predictive,prior,b,1,7.798981607505731,0.024459578353470127,10.193411878634908,0.6243979475073749
evaluation-prior_predictive-024,prior_predictive,prior,g,1,3.593500533631781,0.027088362770484813,5.055951917081901,0.5808981677493059
evaluation-prior_predictive-024,prior_predictive,published,r,1,0.053096306111241824,0.025550027414603802,1.0068195662018466,0.0020851190812448315
evaluation-prior_predictive-024,prior_predictive,published,b,1,0.05860497357625847,0.024459578353470127,1.0671896554407956,0.006102288184155568
evaluation-prior_predictive-024,prior_predictive,published,g,1,0.039073124043431974,0.027088362770484813,1.0011306328679834,0.0019074691241170727
evaluation-prior_predictive-024,prior_predictive,higher_compute,r,1,0.010069703213145622,0.025550027414603802,0.9943162455206457,0.0003552498651086348
evaluation-prior_predictive-024,prior_predictive,higher_compute,b,1,0.01434360706170299,0.024459578353470127,0.993492629546305,0.002041924360025682
evaluation-prior_predictive-024,prior_predictive,higher_compute,g,1,0.003315913179344885,0.027088362770484813,1.0128048686908864,0.0015887658272268831
evaluation-prior_predictive-025,prior_predictive,prior,r,1,50.63391754034177,0.026063211071115668,39.79349643156615,0.7746644913368806
evaluation-prior_predictive-025,prior_predictive,prior,b,1,35.98937651162973,0.025027294299572563,23.81439530593596,0.8301482615816604
evaluation-prior_predictive-025,prior_predictive,prior,g,1,2.9424368236121348,0.026033109573093648,6.524088556838248,0.5008667519314911
evaluation-prior_predictive-025,prior_predictive,published,r,1,0.0609916077180589,0.026063211071115668,0.9198034369827339,0.0013866321997052882
evaluation-prior_predictive-025,prior_predictive,published,b,1,0.14599877216943485,0.025027294299572563,0.9946857560299546,0.0004980133871557157
evaluation-prior_predictive-025,prior_predictive,published,g,1,0.00886612094063027,0.026033109573093648,0.9719025387751967,0.009501939134707732
evaluation-prior_predictive-025,prior_predictive,higher_compute,r,1,0.0020136900810222595,0.026063211071115668,1.00503206079634,0.0004783777435689955
evaluation-prior_predictive-025,prior_predictive,higher_compute,b,1,0.024126117590479296,0.025027294299572563,1.0224647139273795,0.0005107444548333006
evaluation-prior_predictive-025,prior_predictive,higher_compute,g,1,0.024463046203427784,0.026033109573093648,1.024449899994472,0.003755756750657563
evaluation-prior_predictive-026,prior_predictive,prior,r,1,0.11048223471068443,0.026599923503445862,22.621984812020216,0.4365051004415701
evaluation-prior_predictive-026,prior_predictive,prior,b,1,4.1880274397517425,0.028086761870817423,11.725434840987692,0.5131698955349934
evaluation-prior_predictive-026,prior_predictive,prior,g,1,0.46035359573369233,0.025208878967251477,4.841219183557153,0.3734991297476485
evaluation-prior_predictive-026,prior_predictive,published,r,1,0.04812861637196852,0.026599923503445862,0.9723799461324252,0.0013609597274258551
evaluation-prior_predictive-026,prior_predictive,published,b,1,0.01663312163859961,0.028086761870817423,0.9598263383100788,0.001956954872388206
evaluation-prior_predictive-026,prior_predictive,published,g,1,0.05972003767687764,0.025208878967251477,1.0072557499230508,0.0009288348135449986
evaluation-prior_predictive-026,prior_predictive,higher_compute,r,1,0.07241677127758309,0.026599923503445862,1.0005218482989164,0.0006411504678160244
evaluation-prior_predictive-026,prior_predictive,higher_compute,b,1,0.04751491285836164,0.028086761870817423,1.0052122627231446,0.0007104846421356114
evaluation-prior_predictive-026,prior_predictive,higher_compute,g,1,0.02296946885963885,0.025208878967251477,1.0114045677572392,0.0019498801498540191
evaluation-prior_predictive-027,prior_predictive,prior,r,1,43.72513561864975,0.02738532366667321,38.21523305881932,0.7405498147729882
evaluation-prior_predictive-027,prior_predictive,prior,b,1,30.855255404601678,0.025896887920355133,20.005640629156716,0.8374855634881856
evaluation-prior_predictive-027,prior_predictive,prior,g,1,4.933445889372381,0.025041072981220998,7.9980299035357785,0.552653230583301
evaluation-prior_predictive-027,prior_predictive,published,r,1,0.05160268733244897,0.02738532366667321,1.002287990996403,0.0005797421309951348
evaluation-prior_predictive-027,prior_predictive,published,b,1,0.053342668418182165,0.025896887920355133,1.0029156130494266,0.0006627884576339227
evaluation-prior_predictive-027,prior_predictive,published,g,1,0.13445214944795889,0.025041072981220998,1.015318435470639,0.005771062586257744
evaluation-prior_predictive-027,prior_predictive,higher_compute,r,1,0.02032540362314495,0.02738532366667321,1.0006007593270325,0.0004564857821738322
evaluation-prior_predictive-027,prior_predictive,higher_compute,b,1,0.000931258605021423,0.025896887920355133,0.9885482944212105,0.0008985272013007251
evaluation-prior_predictive-027,prior_predictive,higher_compute,g,1,0.02554635473648238,0.025041072981220998,1.0282810615926787,0.003061678221914811
evaluation-prior_predictive-028,prior_predictive,prior,r,1,60.93005859582434,0.027549742583685033,36.53503635890459,0.876000458033424
evaluation-prior_predictive-028,prior_predictive,prior,b,1,34.87448687242629,0.02878075947262615,27.17379714214446,0.7670153312890462
evaluation-prior_predictive-028,prior_predictive,prior,g,1,2.3682096864211424,0.026165617483094164,7.944953704765282,0.4738888652030099
evaluation-prior_predictive-028,prior_predictive,published,r,1,0.006805345046225221,0.027549742583685033,1.0089988731186834,0.0003815835474465512
evaluation-prior_predictive-028,prior_predictive,published,b,1,0.021290662085325453,0.02878075947262615,0.9620600415153984,0.0011378051585872128
evaluation-prior_predictive-028,prior_predictive,published,g,1,0.0029116902853274017,0.026165617483094164,1.0410728286463864,0.0024054759974877216
evaluation-prior_predictive-028,prior_predictive,higher_compute,r,1,0.00878711858162021,0.027549742583685033,0.987162403670247,0.0002699699349398473
evaluation-prior_predictive-028,prior_predictive,higher_compute,b,1,0.013890451073143682,0.02878075947262615,0.9792716779780373,0.0007190747101766704
evaluation-prior_predictive-028,prior_predictive,higher_compute,g,1,0.0003083399588900223,0.026165617483094164,1.0092667384600083,0.0005374008703545874
evaluation-prior_predictive-029,prior_predictive,prior,r,1,14.59781847003566,0.030511929538654045,29.287935939047692,0.5866942588455352
evaluation-prior_predictive-029,prior_predictive,prior,b,1,43.43930443449495,0.031089738053182887,25.53159339316577,0.9186915552857193
evaluation-prior_predictive-029,prior_predictive,prior,g,1,1.0070087955699185,0.02845553251074186,4.666414162440764,0.41151208500583303
evaluation-prior_predictive-029,prior_predictive,published,r,1,0.13048264594392736,0.030511929538654045,0.9707541685308693,0.0016655938175453855
evaluation-prior_predictive-029,prior_predictive,published,b,1,0.042891533020726104,0.031089738053182887,1.0084210100812447,0.0006969489815003005
evaluation-prior_predictive-029,prior_predictive,published,g,1,0.15130557855529883,0.02845553251074186,0.9701777408543635,0.003185776803140833
evaluation-prior_predictive-029,prior_predictive,higher_compute,r,1,0.018313607149430863,0.030511929538654045,0.9748780279358444,0.0005754471424849564
evaluation-prior_predictive-029,prior_predictive,higher_compute,b,1,0.010046361786793604,0.031089738053182887,0.9713837309699805,0.0009000314054300685
evaluation-prior_predictive-029,prior_predictive,higher_compute,g,1,0.01962468019084138,0.02845553251074186,1.0005136411299824,0.0009913916942998896
evaluation-prior_predictive-030,prior_predictive,prior,r,1,19.238029767053973,0.029290547243178835,11.808071823348488,0.8494573941640136
evaluation-prior_predictive-030,prior_predictive,prior,b,1,9.384657038917656,0.026735013127571542,10.883295939801855,0.641093613893091
evaluation-prior_predictive-030,prior_predictive,prior,g,1,1.0071885265302147,0.02857709599898647,1.9683762534760203,0.3951021993896663
evaluation-prior_predictive-030,prior_predictive,published,r,1,0.09586534341750652,0.029290547243178835,0.9986853145797189,0.001693586866796733
evaluation-prior_predictive-030,prior_predictive,published,b,1,0.05671119784841734,0.026735013127571542,1.016263585097029,0.002486413141831978
evaluation-prior_predictive-030,prior_predictive,published,g,1,0.06154892825789742,0.02857709599898647,1.017915119531578,0.0073614831469702435
evaluation-prior_predictive-030,prior_predictive,higher_compute,r,1,0.012288131949196819,0.029290547243178835,1.022228076249877,0.0008403837928662542
evaluation-prior_predictive-030,prior_predictive,higher_compute,b,1,0.022062489536406982,0.026735013127571542,1.0017283968515538,0.00032273725567000255
evaluation-prior_predictive-030,prior_predictive,higher_compute,g,1,0.020969682439673756,0.02857709599898647,1.018191922058374,0.0072224404583387525
evaluation-prior_predictive-031,prior_predictive,prior,r,1,41.40449112663086,0.02740322611684067,33.91137358783496,0.7695029294398047
evaluation-prior_predictive-031,prior_predictive,prior,b,1,23.755380631379897,0.026185601695668585,20.871555193330277,0.7470346486742628
evaluation-prior_predictive-031,prior_predictive,prior,g,1,1.0073448241682066,0.026135309097145253,5.873131613743717,0.4166337636757296
evaluation-prior_predictive-031,prior_predictive,published,r,1,0.018085711331635314,0.02740322611684067,0.9629197142292406,0.0008128625922384872
evaluation-prior_predictive-031,prior_predictive,published,b,1,0.02284784512540124,0.026185601695668585,1.048433746109567,0.0013018375439820319
evaluation-prior_predictive-031,prior_predictive,published,g,1,0.0016491382972023594,0.026135309097145253,0.959989252594968,0.0035207865986124076
evaluation-prior_predictive-031,prior_predictive,higher_compute,r,1,0.05996568647981371,0.02740322611684067,0.993185547727893,0.000969774413381419
evaluation-prior_predictive-031,prior_predictive,higher_compute,b,1,0.044862361207167856,0.026185601695668585,1.0247956893977201,0.0011941686510111183
evaluation-prior_predictive-031,prior_predictive,higher_compute,g,1,0.05735095389264795,0.026135309097145253,0.9786321885069298,0.00490646964138329
evaluation-prior_predictive-032,prior_predictive,prior,r,1,14.647250064015765,0.028417054201573838,16.682465620749173,0.6873355032924028
evaluation-prior_predictive-032,prior_predictive,prior,b,1,3.433182138339515,0.029873268358274835,8.555113924196773,0.5046218968113547
evaluation-prior_predictive-032,prior_predictive,prior,g,1,1.9925713237425726,0.027334005944155117,3.4363842627205226,0.48026515256671604
evaluation-prior_predictive-032,prior_predictive,published,r,1,0.0010367762496353826,0.028417054201573838,1.0119678980513565,0.00044453018162130914
evaluation-prior_predictive-032,prior_predictive,published,b,1,0.03109887620740214,0.029873268358274835,1.0517846852873038,0.0034902489434524677
evaluation-prior_predictive-032,prior_predictive,published,g,1,0.025128858321973386,0.027334005944155117,1.016528087322032,0.00725786688485934
evaluation-prior_predictive-032,prior_predictive,higher_compute,r,1,0.004440396805913778,0.028417054201573838,1.0130763107921854,0.0004670164881391455
evaluation-prior_predictive-032,prior_predictive,higher_compute,b,1,0.008750417074390573,0.029873268358274835,1.0306947742985064,0.001958630709696241
evaluation-prior_predictive-032,prior_predictive,higher_compute,g,1,0.019555728597891734,0.027334005944155117,1.0034953207241808,0.001082009729147966
evaluation-prior_predictive-033,prior_predictive,prior,r,1,43.612305552576785,0.025674883718009616,39.01201919192968,0.7368197998509753
evaluation-prior_predictive-033,prior_predictive,prior,b,1,26.677151323407585,0.024865692692502085,20.87045750221836,0.7626463595792102
evaluation-prior_predictive-033,prior_predictive,prior,g,1,6.753330988890204,0.026932421253442227,7.444429637843744,0.6446435228092057
evaluation-prior_predictive-033,prior_predictive,published,r,1,0.054446950744701315,0.025674883718009616,1.0088654643340902,0.0003798551814716185
evaluation-prior_predictive-033,prior_predictive,published,b,1,0.008932239814516161,0.024865692692502085,1.0627514179781197,0.0027390563346077813
evaluation-prior_predictive-033,prior_predictive,published,g,1,0.025888348530847156,0.026932421253442227,1.0420710264771604,0.0059487728708160215
evaluation-prior_predictive-033,prior_predictive,higher_compute,r,1,0.01740867594292187,0.025674883718009616,0.9868815865823024,0.0002578072552710993
evaluation-prior_predictive-033,prior_predictive,higher_compute,b,1,0.012988567035680654,0.024865692692502085,1.0169700209430101,0.0004833025608901309
evaluation-prior_predictive-033,prior_predictive,higher_compute,g,1,0.01949399224151128,0.026932421253442227,1.0141139773367305,0.004521999864750756
evaluation-prior_predictive-034,prior_predictive,prior,r,1,10.333974895471762,0.026818025878523583,14.854041098289832,0.6151261774688418
evaluation-prior_predictive-034,prior_predictive,prior,b,1,23.510885365725233,0.02683729023128524,14.16733309292325,0.8743371944898974
evaluation-prior_predictive-034,prior_predictive,prior,g,1,1.6157084337691519,0.02646184624908569,3.665788451375676,0.4501380829455957
evaluation-prior_predictive-034,prior_predictive,published,r,1,0.02449293934370871,0.026818025878523583,1.049356656609295,0.00208145487244756
evaluation-prior_predictive-034,prior_predictive,published,b,1,0.023507276497858103,0.02683729023128524,1.0284307818184215,0.00271342164444488
evaluation-prior_predictive-034,prior_predictive,published,g,1,0.06038713708631954,0.02646184624908569,1.0255202516592745,0.0048386752035642355
evaluation-prior_predictive-034,prior_predictive,higher_compute,r,1,0.0007326829310733565,0.026818025878523583,0.9992356520004342,0.0002454561359079103
evaluation-prior_predictive-034,prior_predictive,higher_compute,b,1,0.026728727332667887,0.02683729023128524,1.020114770584703,0.0013330414337332287
evaluation-prior_predictive-034,prior_predictive,higher_compute,g,1,0.01254260796278817,0.02646184624908569,1.0128603165521068,0.0029523062780302534
evaluation-prior_predictive-035,prior_predictive,prior,r,1,12.11321677226325,0.02752604712521768,23.94514048939706,0.5599639928371754
evaluation-prior_predictive-035,prior_predictive,prior,b,1,14.089722046985266,0.028140778631766863,16.037874797817818,0.6594671270582434
evaluation-prior_predictive-035,prior_predictive,prior,g,1,6.823581290986888,0.025690356509957407,4.6971535481126026,0.7422674991346284
evaluation-prior_predictive-035,prior_predictive,published,r,1,0.052596015764829994,0.02752604712521768,0.9736473733460648,0.0008071476448803239
evaluation-prior_predictive-035,prior_predictive,published,b,1,0.12388877873533767,0.028140778631766863,0.9916911441503358,0.0023209566980622043
evaluation-prior_predictive-035,prior_predictive,published,g,1,0.01184660083113358,0.025690356509957407,0.995333393357407,0.005446253053875971
evaluation-prior_predictive-035,prior_predictive,higher_compute,r,1,0.03734808640734377,0.02752604712521768,0.9831158387693556,0.00037410411146021616
evaluation-prior_predictive-035,prior_predictive,higher_compute,b,1,0.06552649434356608,0.028140778631766863,0.9599954695465976,0.001154583980374646
evaluation-prior_predictive-035,prior_predictive,higher_compute,g,1,0.03817238472806522,0.025690356509957407,0.9556746730592397,0.010792126663926177
evaluation-prior_predictive-036,prior_predictive,prior,r,1,58.455461667562574,0.026627421210537492,41.99478712032909,0.8138099352113674
evaluation-prior_predictive-036,prior_predictive,prior,b,1,2.657101165662976,0.02479656626120877,23.46544297474177,0.46422613893911413
evaluation-prior_predictive-036,prior_predictive,prior,g,1,12.248806190865615,0.025129352232902216,8.083671041418933,0.8139954316863629
evaluation-prior_predictive-036,prior_predictive,published,r,1,0.02754828031608839,0.026627421210537492,1.0699109515721883,0.001021586412610927
evaluation-prior_predictive-036,prior_predictive,published,b,1,0.05119703285211967,0.02479656626120877,1.0265075836314985,0.0006503601219587374
evaluation-prior_predictive-036,prior_predictive,published,g,1,0.06392165675762855,0.025129352232902216,1.1017362788149798,0.005753172745618005
evaluation-prior_predictive-036,prior_predictive,higher_compute,r,1,0.06489561641359846,0.026627421210537492,1.01554685905499,0.0005718213111585898
evaluation-prior_predictive-036,prior_predictive,higher_compute,b,1,0.021212828795101606,0.02479656626120877,1.0575232081847619,0.0014521046668261484
evaluation-prior_predictive-036,prior_predictive,higher_compute,g,1,0.05986491330618007,0.025129352232902216,1.026303229322453,0.002184360524568221
evaluation-prior_predictive-037,prior_predictive,prior,r,1,93.85239052156314,0.03145126528407562,54.560921879163196,0.9398379626537666
evaluation-prior_predictive-037,prior_predictive,prior,b,1,6.624462591952071,0.03050626545476372,19.12255552941196,0.5188417629819412
evaluation-prior_predictive-037,prior_predictive,prior,g,1,7.201652977708584,0.0295643740510184,6.209251813135024,0.6849258517455671
evaluation-prior_predictive-037,prior_predictive,published,r,1,0.060321340490741907,0.03145126528407562,1.0000868914868128,0.0002704169064838465
evaluation-prior_predictive-037,prior_predictive,published,b,1,0.00041402345399327366,0.03050626545476372,0.952114218750253,0.0016494916877523025
evaluation-prior_predictive-037,prior_predictive,published,g,1,0.00660841992109098,0.0295643740510184,1.0630002138527954,0.0050443065523822495
evaluation-prior_predictive-037,prior_predictive,higher_compute,r,1,0.011631921656124422,0.03145126528407562,0.9537620216395092,0.000747103302939293
evaluation-prior_predictive-037,prior_predictive,higher_compute,b,1,0.017889300773087327,0.03050626545476372,0.9911566113862724,0.0002692769229223124
evaluation-prior_predictive-037,prior_predictive,higher_compute,g,1,0.0033148382439595033,0.0295643740510184,1.0053991041009471,0.0022702845859891296
evaluation-prior_predictive-038,prior_predictive,prior,r,1,8.443145604930342,0.025242925787061065,21.30349898226862,0.5522066925383461
evaluation-prior_predictive-038,prior_predictive,prior,b,1,17.64545810981688,0.0257930809098014,11.546657701432624,0.8475630544971416
evaluation-prior_predictive-038,prior_predictive,prior,g,1,3.0356393096415015,0.024689166218997277,5.239402064912973,0.509025972677387
evaluation-prior_predictive-038,prior_predictive,published,r,1,0.06622457812039045,0.025242925787061065,1.0614494922564075,0.00307304417429514
evaluation-prior_predictive-038,prior_predictive,published,b,1,0.0908213508743136,0.0257930809098014,1.0586249493066782,0.004684645943883403
evaluation-prior_predictive-038,prior_predictive,published,g,1,0.04591781838213438,0.024689166218997277,1.0050916065310753,0.0047075078581940155
evaluation-prior_predictive-038,prior_predictive,higher_compute,r,1,0.028089972607227995,0.025242925787061065,1.024358977255759,0.0008901827281637686
evaluation-prior_predictive-038,prior_predictive,higher_compute,b,1,0.01356777705808132,0.0257930809098014,1.0182477116714808,0.0012153263245711532
evaluation-prior_predictive-038,prior_predictive,higher_compute,g,1,0.0409232858287084,0.024689166218997277,1.0220471664597721,0.004579710160920597
evaluation-prior_predictive-039,prior_predictive,prior,r,1,96.37706270298264,0.028475222124150223,57.272221333630256,0.9109961417101662
evaluation-prior_predictive-039,prior_predictive,prior,b,1,42.08672725554344,0.02773150793209094,28.64117119283156,0.8330043245799027
evaluation-prior_predictive-039,prior_predictive,prior,g,1,28.16067774644512,0.02849758550254421,16.749483369013532,0.8979846450100654
evaluation-prior_predictive-039,prior_predictive,published,r,1,0.09398181627052091,0.028475222124150223,1.0220722774625568,0.0007743256181242941
evaluation-prior_predictive-039,prior_predictive,published,b,1,0.06255671539608992,0.02773150793209094,1.0222360111927784,0.0009292035657249897
evaluation-prior_predictive-039,prior_predictive,published,g,1,0.07259044588673634,0.02849758550254421,1.0421597331926253,0.003002961078535345
evaluation-prior_predictive-039,prior_predictive,higher_compute,r,1,0.000951998402758742,0.028475222124150223,1.031969052736498,0.0005629992604911186
evaluation-prior_predictive-039,prior_predictive,higher_compute,b,1,0.008018634187890316,0.02773150793209094,1.0118461849009814,0.0007164031110326263
evaluation-prior_predictive-039,prior_predictive,higher_compute,g,1,0.03557613988037635,0.02849758550254421,0.9701392182272633,0.0010561540355228261
evaluation-prior_predictive-040,prior_predictive,prior,r,1,13.395500943361105,0.027041815527436085,13.62519289989646,0.689194044607128
evaluation-prior_predictive-040,prior_predictive,prior,b,1,10.112537275202511,0.028373537803263158,9.58697615476648,0.7171069385373802
evaluation-prior_predictive-040,prior_predictive,prior,g,1,0.7339693452423186,0.028450586650821726,2.560653710745026,0.33740518938310887
evaluation-prior_predictive-040,prior_predictive,published,r,1,0.0030048717318132273,0.027041815527436085,0.9430897730712221,0.0028473521433520035
evaluation-prior_predictive-040,prior_predictive,published,b,1,0.007897037774030275,0.028373537803263158,1.0228223470966882,0.002703889828802275
evaluation-prior_predictive-040,prior_predictive,published,g,1,0.017688269243212002,0.028450586650821726,0.9781333777491991,0.006235794209802983
evaluation-prior_predictive-040,prior_predictive,higher_compute,r,1,0.012355451250193888,0.027041815527436085,0.9970246534016438,0.0009422480819959075
evaluation-prior_predictive-040,prior_predictive,higher_compute,b,1,0.00985616308816722,0.028373537803263158,1.0311004704690645,0.001649376149790349
evaluation-prior_predictive-040,prior_predictive,higher_compute,g,1,0.011192450231337423,0.028450586650821726,0.9923698229900849,0.0031274329516639554
evaluation-prior_predictive-041,prior_predictive,prior,r,1,27.35516737038916,0.026540581059503243,16.954125758201677,0.875946271421367
evaluation-prior_predictive-041,prior_predictive,prior,b,1,18.231760316563992,0.026394986856892212,10.46884968007973,0.8536140568021562
evaluation-prior_predictive-041,prior_predictive,prior,g,1,1.239283217052956,0.026670375977271614,4.119201072497908,0.42248009914560875
evaluation-prior_predictive-041,prior_predictive,published,r,1,0.055417604119929915,0.026540581059503243,1.0425576338572404,0.0022815104237382164
evaluation-prior_predictive-041,prior_predictive,published,b,1,0.0455575507356859,0.026394986856892212,0.9973836612425739,0.0008176826397561677
evaluation-prior_predictive-041,prior_predictive,published,g,1,0.028831210179159895,0.026670375977271614,1.031864412623383,0.005848749166118515
evaluation-prior_predictive-041,prior_predictive,higher_compute,r,1,0.015579481870462158,0.026540581059503243,0.9897543280065937,0.0009446141410918152
evaluation-prior_predictive-041,prior_predictive,higher_compute,b,1,0.04592946312882263,0.026394986856892212,0.9737798313258977,0.0025550649870692776
evaluation-prior_predictive-041,prior_predictive,higher_compute,g,1,0.0268395945534154,0.026670375977271614,0.9924999467860302,0.0022044410266407535
evaluation-prior_predictive-042,prior_predictive,prior,r,1,16.475243509988466,0.02919257363823526,45.654748964415674,0.5388177530263882
evaluation-prior_predictive-042,prior_predictive,prior,b,1,22.75251774384967,0.02925272833066862,17.077580347378806,0.795068492167964
evaluation-prior_predictive-042,prior_predictive,prior,g,1,16.458724583480173,0.033545141328249616,9.796098558893274,0.8573683966150306
evaluation-prior_predictive-042,prior_predictive,published,r,1,0.09174561542826012,0.02919257363823526,1.0523003939439126,0.0012980394409529694
evaluation-prior_predictive-042,prior_predictive,published,b,1,0.0015651151650898254,0.02925272833066862,1.067980103764557,0.002840165049635246
evaluation-prior_predictive-042,prior_predictive,published,g,1,0.08190876294742203,0.033545141328249616,1.042691745340284,0.0030199489145847982
evaluation-prior_predictive-042,prior_predictive,higher_compute,r,1,0.015467958400631136,0.02919257363823526,1.0322188597772155,0.000621448153159676
evaluation-prior_predictive-042,prior_predictive,higher_compute,b,1,0.04895522810259918,0.02925272833066862,1.0250875173578335,0.0017588653260603771
evaluation-prior_predictive-042,prior_predictive,higher_compute,g,1,0.02789343787711574,0.033545141328249616,1.0489225114383762,0.004886625941043065
evaluation-prior_predictive-043,prior_predictive,prior,r,1,30.294310101183594,0.027177400251723043,20.852484326055624,0.8450205713501808
evaluation-prior_predictive-043,prior_predictive,prior,b,1,4.4471664555080785,0.0278406995414279,12.019185741407586,0.5198953625323635
evaluation-prior_predictive-043,prior_predictive,prior,g,1,3.447806405780818,0.024454614307016776,4.218763954283176,0.5614408587470784
evaluation-prior_predictive-043,prior_predictive,published,r,1,0.04287940028022303,0.027177400251723043,0.9464807159004003,0.0025199354311652065
evaluation-prior_predictive-043,prior_predictive,published,b,1,0.06917200624339458,0.0278406995414279,0.9804718782860352,0.002374423876841103
evaluation-prior_predictive-043,prior_predictive,published,g,1,0.031569659653174806,0.024454614307016776,1.0289989984823928,0.004651940974799915
evaluation-prior_predictive-043,prior_predictive,higher_compute,r,1,0.039995394155329496,0.027177400251723043,0.9766970179044517,0.0013151163256339693
evaluation-prior_predictive-043,prior_predictive,higher_compute,b,1,0.05196101211222643,0.0278406995414279,1.0114366242981512,0.0015931184558747092
evaluation-prior_predictive-043,prior_predictive,higher_compute,g,1,0.002895661468126411,0.024454614307016776,1.0112319488033767,0.0015745875604438603
evaluation-prior_predictive-044,prior_predictive,prior,r,1,5.311136862323766,0.0311218963881978,39.53975728314714,0.45883407234243195
evaluation-prior_predictive-044,prior_predictive,prior,b,1,1.1137485702265064,0.02821253999865128,18.45259434189476,0.4427930283964446
evaluation-prior_predictive-044,prior_predictive,prior,g,1,14.98252230009944,0.027847894000298273,9.111795324910071,0.8403574676475715
evaluation-prior_predictive-044,prior_predictive,published,r,1,0.006849367608962913,0.0311218963881978,1.0307877500156795,0.00045045195754041717
evaluation-prior_predictive-044,prior_predictive,published,b,1,0.10700446228161761,0.02821253999865128,1.0425365439759158,0.0014226066842001118
evaluation-prior_predictive-044,prior_predictive,published,g,1,0.06516817415535155,0.027847894000298273,0.9833368076028565,0.001054526400929151
evaluation-prior_predictive-044,prior_predictive,higher_compute,r,1,0.007514201290269999,0.0311218963881978,0.9684180619768806,0.00041807233821418893
evaluation-prior_predictive-044,prior_predictive,higher_compute,b,1,0.04079219995478676,0.02821253999865128,1.0107360468708184,0.0006946523308751118
evaluation-prior_predictive-044,prior_predictive,higher_compute,g,1,0.0531615421359158,0.027847894000298273,0.9748825443625816,0.0030482326715496055
evaluation-prior_predictive-045,prior_predictive,prior,r,1,17.8606960920917,0.028616772102762724,11.252654912611796,0.8289203836961049
evaluation-prior_predictive-045,prior_predictive,prior,b,1,10.272522281545909,0.02927681282952975,7.420222100423388,0.7643749809412588
evaluation-prior_predictive-045,prior_predictive,prior,g,1,2.1932691651331555,0.026695943208127727,2.6467446655365654,0.5004377481405995
evaluation-prior_predictive-045,prior_predictive,published,r,1,0.06250588334577734,0.028616772102762724,0.9674503250817817,0.0033124827663272662
evaluation-prior_predictive-045,prior_predictive,published,b,1,0.10148417665607369,0.02927681282952975,1.0393308357989266,0.00405888278807538
evaluation-prior_predictive-045,prior_predictive,published,g,1,0.010995304779710016,0.026695943208127727,1.0127309644703226,0.005020524333809728
evaluation-prior_predictive-045,prior_predictive,higher_compute,r,1,0.028201689843275514,0.028616772102762724,0.9816295900600182,0.0014510978712813187
evaluation-prior_predictive-045,prior_predictive,higher_compute,b,1,0.021282230293412353,0.02927681282952975,0.9722430122680982,0.0022048106494104045
evaluation-prior_predictive-045,prior_predictive,higher_compute,g,1,0.03286140236318845,0.026695943208127727,1.012587768759972,0.0025761666796306204
evaluation-prior_predictive-046,prior_predictive,prior,r,1,31.799097045650925,0.027415623493040137,18.939753894868247,0.8751210726204413
evaluation-prior_predictive-046,prior_predictive,prior,b,1,1.4443226469304844,0.02675254933175857,7.676035835036614,0.4437116579163658
evaluation-prior_predictive-046,prior_predictive,prior,g,1,2.3159265786079217,0.028425281562702288,3.4876587264986925,0.5081321453663864
evaluation-prior_predictive-046,prior_predictive,published,r,1,0.0559208028345172,0.027415623493040137,0.9460626289060966,0.0016491019213823084
evaluation-prior_predictive-046,prior_predictive,published,b,1,0.02073732868192409,0.02675254933175857,0.9511699068401595,0.0037890558067783077
evaluation-prior_predictive-046,prior_predictive,published,g,1,0.09661405502358819,0.028425281562702288,0.9492214745306653,0.006671136890490231
evaluation-prior_predictive-046,prior_predictive,higher_compute,r,1,0.05544541144556154,0.027415623493040137,1.003525981469637,0.000656884339184168
evaluation-prior_predictive-046,prior_predictive,higher_compute,b,1,0.023881238654538502,0.02675254933175857,1.0340658710612174,0.0026471901016217993
evaluation-prior_predictive-046,prior_predictive,higher_compute,g,1,1.6228987210906207e-05,0.028425281562702288,0.9790524300252036,0.006720912602538459
evaluation-prior_predictive-047,prior_predictive,prior,r,1,34.63343690553561,0.029684086295098656,25.693152236313292,0.8124631216079147
evaluation-prior_predictive-047,prior_predictive,prior,b,1,17.96816719965867,0.029256210103724874,11.224600188821855,0.866269500386508
evaluation-prior_predictive-047,prior_predictive,prior,g,1,2.51569100437734,0.02887957586996293,4.367554890611714,0.5161245401218296
evaluation-prior_predictive-047,prior_predictive,published,r,1,0.059209713110154966,0.029684086295098656,1.006457667914325,0.000761040531326825
evaluation-prior_predictive-047,prior_predictive,published,b,1,0.03746549434434302,0.029256210103724874,1.0012380160576018,0.0003993610106860501
evaluation-prior_predictive-047,prior_predictive,published,g,1,0.013771465781045919,0.02887957586996293,0.9934308754979991,0.002619723458258949
evaluation-prior_predictive-047,prior_predictive,higher_compute,r,1,0.07159787737390531,0.029684086295098656,0.9664930603815517,0.0011832534799959642
evaluation-prior_predictive-047,prior_predictive,higher_compute,b,1,0.0446762706353435,0.029256210103724874,0.9980371781052106,0.0002949227131821885
evaluation-prior_predictive-047,prior_predictive,higher_compute,g,1,0.021143635057215834,0.02887957586996293,1.042011148801397,0.00550850831337657
evaluation-prior_predictive-048,prior_predictive,prior,r,1,1.8727556796836469,0.02749147192410093,19.87336156967309,0.4446487047800476
evaluation-prior_predictive-048,prior_predictive,prior,b,1,8.644317191968463,0.02868869024271716,12.266845776201254,0.6026266367143615
evaluation-prior_predictive-048,prior_predictive,prior,g,1,3.7548740937902076,0.02659609005560742,3.729284601885575,0.6076962096390323
evaluation-prior_predictive-048,prior_predictive,published,r,1,0.029334343549566676,0.02749147192410093,1.0285809829341688,0.0010929160790788355
evaluation-prior_predictive-048,prior_predictive,published,b,1,0.017998433667722608,0.02868869024271716,1.0463074614634673,0.0018183755780288636
evaluation-prior_predictive-048,prior_predictive,published,g,1,0.00894941201193555,0.02659609005560742,0.9691508020348187,0.013114380536002335
evaluation-prior_predictive-048,prior_predictive,higher_compute,r,1,0.011870811090676902,0.02749147192410093,1.0397019968695211,0.0009241315409827718
evaluation-prior_predictive-048,prior_predictive,higher_compute,b,1,0.030221117383966198,0.02868869024271716,1.02398177170257,0.0021089389332404453
evaluation-prior_predictive-048,prior_predictive,higher_compute,g,1,0.043801115312533376,0.02659609005560742,1.0144939064947003,0.004971611481184371
evaluation-prior_predictive-049,prior_predictive,prior,r,1,23.410194408205285,0.026905696228511133,25.104347025229924,0.6771644364844689
evaluation-prior_predictive-049,prior_predictive,prior,b,1,6.372945391139377,0.030391730879266037,15.928039945342586,0.5326959687221408
evaluation-prior_predictive-049,prior_predictive,prior,g,1,3.1810883979350706,0.02468042249270597,5.364806818754623,0.5483084340618238
evaluation-prior_predictive-049,prior_predictive,published,r,1,0.06023711163891301,0.026905696228511133,0.9425041195205413,0.0014710867377607517
evaluation-prior_predictive-049,prior_predictive,published,b,1,0.02846343907587195,0.030391730879266037,0.9696848846507772,0.002657508910097217
evaluation-prior_predictive-049,prior_predictive,published,g,1,0.06142703413967351,0.02468042249270597,0.9589170793403451,0.0043723097463152505
evaluation-prior_predictive-049,prior_predictive,higher_compute,r,1,0.01018932379257103,0.026905696228511133,1.0180344888902415,0.0008654679882963793
evaluation-prior_predictive-049,prior_predictive,higher_compute,b,1,0.010049403191017124,0.030391730879266037,0.9962595680445808,0.00024782494566659706
evaluation-prior_predictive-049,prior_predictive,higher_compute,g,1,0.021327870640304055,0.02468042249270597,0.9896142936763161,0.0030196895271558666
evaluation-prior_predictive-050,prior_predictive,prior,r,1,9.150295730728864,0.028571869469447862,16.50011941371947,0.574915707333455
evaluation-prior_predictive-050,prior_predictive,prior,b,1,6.389155871324681,0.02804270014218221,8.640062533174188,0.6007165980930117
evaluation-prior_predictive-050,prior_predictive,prior,g,1,5.676472741418512,0.02623299316350136,4.268256654405978,0.7031597775929046
evaluation-prior_predictive-050,prior_predictive,published,r,1,0.007878664361186238,0.028571869469447862,0.9777679155128757,0.0010372093506857045
evaluation-prior_predictive-050,prior_predictive,published,b,1,0.04751953610881643,0.02804270014218221,1.0074269837578844,0.0008096511735526946
evaluation-prior_predictive-050,prior_predictive,published,g,1,0.07856095776722447,0.02623299316350136,0.967735332118633,0.009029679546945536
evaluation-prior_predictive-050,prior_predictive,higher_compute,r,1,0.03592238254404321,0.028571869469447862,0.9647751261333962,0.0012368682908183715
evaluation-prior_predictive-050,prior_predictive,higher_compute,b,1,0.01947479353982395,0.02804270014218221,0.980875394163436,0.0013705418854767614
evaluation-prior_predictive-050,prior_predictive,higher_compute,g,1,0.050589000590098666,0.02623299316350136,1.0159624587805471,0.005510309491662986
evaluation-prior_predictive-051,prior_predictive,prior,r,1,52.35036323832175,0.026103642969992243,43.40609107798536,0.7749949661949357
evaluation-prior_predictive-051,prior_predictive,prior,b,1,12.269412827471019,0.02762808364441114,27.756318160927695,0.5588633886644188
evaluation-prior_predictive-051,prior_predictive,prior,g,1,5.676023013455735,0.028488566878816363,7.336949956478108,0.5957433382109096
evaluation-prior_predictive-051,prior_predictive,published,r,1,0.021422798132953558,0.026103642969992243,0.9956665358324894,0.00013178683855930018
evaluation-prior_predictive-051,prior_predictive,published,b,1,0.02937883028116942,0.02762808364441114,0.9699741494046529,0.0012260897755620448
evaluation-prior_predictive-051,prior_predictive,published,g,1,0.01732261018645487,0.028488566878816363,1.0045041365602096,0.0006445468091130849
evaluation-prior_predictive-051,prior_predictive,higher_compute,r,1,0.021678901409915383,0.026103642969992243,1.0019381513262084,0.00012930331031054307
evaluation-prior_predictive-051,prior_predictive,higher_compute,b,1,0.01059309203173631,0.02762808364441114,1.0109134087744287,0.0002748793147306472
evaluation-prior_predictive-051,prior_predictive,higher_compute,g,1,0.008565634410685625,0.028488566878816363,1.0235131520497085,0.0031501715643793976
evaluation-prior_predictive-052,prior_predictive,prior,r,1,19.71192021493683,0.028122813571337925,29.51711945834981,0.6230657226035954
evaluation-prior_predictive-052,prior_predictive,prior,b,1,11.752901973049818,0.027992398961706348,18.41777747022343,0.6103163725012966
evaluation-prior_predictive-052,prior_predictive,prior,g,1,6.597494945751181,0.027390788965443242,5.648409177947789,0.6558183240091431
evaluation-prior_predictive-052,prior_predictive,published,r,1,0.02735034840582189,0.028122813571337925,1.0242614547670725,0.001070460604191359
evaluation-prior_predictive-052,prior_predictive,published,b,1,0.0034337499749969905,0.027992398961706348,1.0378977110042844,0.0009589246792630846
evaluation-prior_predictive-052,prior_predictive,published,g,1,0.014784292229592473,0.027390788965443242,0.9798417404927416,0.006100383304966355
evaluation-prior_predictive-052,prior_predictive,higher_compute,r,1,0.031106997496620527,0.028122813571337925,1.001764389694065,0.0002873207317954189
evaluation-prior_predictive-052,prior_predictive,higher_compute,b,1,0.040882459666092955,0.027992398961706348,0.9914619482759303,0.0012607677327824973
evaluation-prior_predictive-052,prior_predictive,higher_compute,g,1,0.02409431618437152,0.027390788965443242,1.0162187878624345,0.0038719906625934303
evaluation-prior_predictive-053,prior_predictive,prior,r,1,46.30792660167838,0.026478868262166895,37.369824465882786,0.7767014398412581
evaluation-prior_predictive-053,prior_predictive,prior,b,1,12.568049041274366,0.026527959068363555,22.574132893124794,0.5835815859496314
evaluation-prior_predictive-053,prior_predictive,prior,g,1,2.425743529742701,0.02742106389285859,7.106862615503983,0.4472924106721957
evaluation-prior_predictive-053,prior_predictive,published,r,1,0.01984426667592894,0.026478868262166895,1.0144367521411441,0.0005035695798268532
evaluation-prior_predictive-053,prior_predictive,published,b,1,0.0028466968337159467,0.026527959068363555,0.9706270523202684,0.0010782810808736443
evaluation-prior_predictive-053,prior_predictive,published,g,1,0.017795280030338655,0.02742106389285859,0.935619987539539,0.004702900844686664
evaluation-prior_predictive-053,prior_predictive,higher_compute,r,1,0.0023548454361747495,0.026478868262166895,0.9937348053112839,0.00017914315837079067
evaluation-prior_predictive-053,prior_predictive,higher_compute,b,1,0.015070350936361021,0.026527959068363555,0.9660446673364814,0.001387904493771419
evaluation-prior_predictive-053,prior_predictive,higher_compute,g,1,0.0081386399473299,0.02742106389285859,0.9426944898629465,0.003930075700978586
evaluation-prior_predictive-054,prior_predictive,prior,r,1,40.38752615084958,0.026817297278939077,39.2441309447731,0.7333985937238925
evaluation-prior_predictive-054,prior_predictive,prior,b,1,24.60979133276836,0.02669944243654626,21.222138125843795,0.7444139111920153
evaluation-prior_predictive-054,prior_predictive,prior,g,1,0.8161736690012898,0.025968400250936705,6.808010197955102,0.4226319722208558
evaluation-prior_predictive-054,prior_predictive,published,r,1,0.031209567019080436,0.026817297278939077,1.0032871146596092,9.539377237333113e-05
evaluation-prior_predictive-054,prior_predictive,published,b,1,0.005787262221401008,0.02669944243654626,0.9570737986616501,0.0018645776353944043
evaluation-prior_predictive-054,prior_predictive,published,g,1,0.020973362617944056,0.025968400250936705,0.980153552282651,0.00580323721303011
evaluation-prior_predictive-054,prior_predictive,higher_compute,r,1,0.035211726926302186,0.026817297278939077,0.9853325642773599,0.0003298521653702924
evaluation-prior_predictive-054,prior_predictive,higher_compute,b,1,0.03538590545372189,0.02669944243654626,0.9819860387419614,0.0016167817819074059
evaluation-prior_predictive-054,prior_predictive,higher_compute,g,1,0.03438033731810544,0.025968400250936705,1.0236486410393932,0.004786979240683012
evaluation-prior_predictive-055,prior_predictive,prior,r,1,5.000846953166806,0.026824162013163406,21.533083400439576,0.5051038823974984
evaluation-prior_predictive-055,prior_predictive,prior,b,1,14.64562285256357,0.02449909844715827,13.82585128286348,0.7107694021714754
evaluation-prior_predictive-055,prior_predictive,prior,g,1,5.716945749199029,0.025773542718107226,4.224454710706591,0.6964177164770239
evaluation-prior_predictive-055,prior_predictive,published,r,1,0.04216197185374572,0.026824162013163406,0.9852704776830641,0.001000586243569875
evaluation-prior_predictive-055,prior_predictive,published,b,1,0.07375646387283952,0.02449909844715827,1.0481507247716564,0.0025661508214705362
evaluation-prior_predictive-055,prior_predictive,published,g,1,0.0007265512199766664,0.025773542718107226,0.9874191295856135,0.0022626041500684035
evaluation-prior_predictive-055,prior_predictive,higher_compute,r,1,0.02669198466048141,0.026824162013163406,0.9827985651324377,0.000817973694102155
evaluation-prior_predictive-055,prior_predictive,higher_compute,b,1,0.021480413539273165,0.02449909844715827,0.9714113451083304,0.001565273709356063
evaluation-prior_predictive-055,prior_predictive,higher_compute,g,1,0.06702899909157303,0.025773542718107226,0.9778216162893313,0.006909428291788505
evaluation-prior_predictive-056,prior_predictive,prior,r,1,61.554327421404,0.026798237494320722,39.42266319337065,0.8787489091690072
evaluation-prior_predictive-056,prior_predictive,prior,b,1,3.757581011388239,0.026191109185365373,25.22614049391986,0.47688499951704877
evaluation-prior_predictive-056,prior_predictive,prior,g,1,8.12252979183647,0.026245406896603173,7.88072587310728,0.6948055571602283
evaluation-prior_predictive-056,prior_predictive,published,r,1,0.00246690126375729,0.026798237494320722,1.0221087114411531,0.0005000011260241077
evaluation-prior_predictive-056,prior_predictive,published,b,1,0.029817894057107625,0.026191109185365373,0.9765110344303441,0.001058157209542987
evaluation-prior_predictive-056,prior_predictive,published,g,1,0.015547941726020788,0.026245406896603173,1.020320375967915,0.0025599135886419933
evaluation-prior_predictive-056,prior_predictive,higher_compute,r,1,0.0044341105012867445,0.026798237494320722,1.0394940525934548,0.0007070777673940191
evaluation-prior_predictive-056,prior_predictive,higher_compute,b,1,0.020656095052298994,0.026191109185365373,1.0037456690864102,0.0001414477100667
evaluation-prior_predictive-056,prior_predictive,higher_compute,g,1,0.021420344670502023,0.026245406896603173,1.013083108953248,0.002129800017835609
evaluation-prior_predictive-057,prior_predictive,prior,r,1,34.764768130658574,0.028280680092089998,21.40021924687044,0.8609062913377582
evaluation-prior_predictive-057,prior_predictive,prior,b,1,4.376527823428934,0.028161359005676293,10.550763231683971,0.5368365371644536
evaluation-prior_predictive-057,prior_predictive,prior,g,1,5.393063353840934,0.026285633951290552,4.828357004174775,0.6641864595789335
evaluation-prior_predictive-057,prior_predictive,published,r,1,0.029600656215700304,0.028280680092089998,1.0448070460454448,0.001224961488626904
evaluation-prior_predictive-057,prior_predictive,published,b,1,0.0028878127115410913,0.028161359005676293,1.0186263601858436,0.0009427978647356561
evaluation-prior_predictive-057,prior_predictive,published,g,1,0.05440948995552492,0.026285633951290552,0.9756087939801356,0.002779374731113997
evaluation-prior_predictive-057,prior_predictive,higher_compute,r,1,0.00047696614737571824,0.028280680092089998,1.0230139256908157,0.001171810060581091
evaluation-prior_predictive-057,prior_predictive,higher_compute,b,1,0.0006344245191594039,0.028161359005676293,1.0099498497177368,0.0013662039111551395
evaluation-prior_predictive-057,prior_predictive,higher_compute,g,1,0.028278987015802358,0.026285633951290552,1.0108509942376138,0.0016981415513078225
evaluation-prior_predictive-058,prior_predictive,prior,r,1,41.57758923309516,0.025604099255488618,27.350566173621683,0.8514768971674124
evaluation-prior_predictive-058,prior_predictive,prior,b,1,21.367255409188004,0.02626869552102744,22.403372143966806,0.6786509708785873
evaluation-prior_predictive-058,prior_predictive,prior,g,1,5.595154931963617,0.02612161927822201,5.8990194176364765,0.6345554571768643
evaluation-prior_predictive-058,prior_predictive,published,r,1,0.01550454984902739,0.025604099255488618,1.0000350249097856,4.721358853846761e-05
evaluation-prior_predictive-058,prior_predictive,published,b,1,0.012861653908958182,0.02626869552102744,0.9713724803839737,0.0010725746639078438
evaluation-prior_predictive-058,prior_predictive,published,g,1,0.04454101027254544,0.02612161927822201,1.0303490856707709,0.005373293878619956
evaluation-prior_predictive-058,prior_predictive,higher_compute,r,1,0.004277038811773004,0.025604099255488618,0.9629594294941775,0.0009468109399162206
evaluation-prior_predictive-058,prior_predictive,higher_compute,b,1,0.025768061223414792,0.02626869552102744,0.9871324454526456,0.0009309168463911277
evaluation-prior_predictive-058,prior_predictive,higher_compute,g,1,0.023227933886956837,0.02612161927822201,0.9921795641580784,0.000865616297341526
evaluation-prior_predictive-059,prior_predictive,prior,r,1,15.036303143016257,0.02722610173510046,24.6206843248527,0.5991116489953593
evaluation-prior_predictive-059,prior_predictive,prior,b,1,11.42854157449508,0.02703169942723742,14.531770603261087,0.6397795357941523
evaluation-prior_predictive-059,prior_predictive,prior,g,1,3.990926109967414,0.026689353426753704,5.317028982001101,0.5818825209652819
evaluation-prior_predictive-059,prior_predictive,published,r,1,0.05532212012718254,0.02722610173510046,1.0286917170153893,0.0009068230005434922
evaluation-prior_predictive-059,prior_predictive,published,b,1,0.02978571036067992,0.02703169942723742,0.9890672735899789,0.0010264551287033185
evaluation-prior_predictive-059,prior_predictive,published,g,1,0.05108812016392437,0.026689353426753704,0.970674552422576,0.004741310993176262
evaluation-prior_predictive-059,prior_predictive,higher_compute,r,1,0.03341387969669407,0.02722610173510046,0.9942732164801885,0.0005223794029186232
evaluation-prior_predictive-059,prior_predictive,higher_compute,b,1,0.026966978585485486,0.02703169942723742,0.994080491869524,0.0010212239395709587
evaluation-prior_predictive-059,prior_predictive,higher_compute,g,1,0.04114748682926315,0.026689353426753704,0.99143247150267,0.0029284506793020304
evaluation-prior_predictive-060,prior_predictive,prior,r,1,87.64186892811506,0.025804963012513216,49.60234812610993,0.9118593251798458
evaluation-prior_predictive-060,prior_predictive,prior,b,1,14.647651271340415,0.026933969354366667,28.12268441051927,0.5678622732009786
evaluation-prior_predictive-060,prior_predictive,prior,g,1,10.639416785454067,0.025019722644439885,10.208488882460497,0.687187179781666
evaluation-prior_predictive-060,prior_predictive,published,r,1,0.008345085046860658,0.025804963012513216,1.0268012647263811,0.00036189365483744557
evaluation-prior_predictive-060,prior_predictive,published,b,1,0.03891946760892859,0.026933969354366667,1.0042647152893578,0.0001583694445946193
evaluation-prior_predictive-060,prior_predictive,published,g,1,0.054875780937321865,0.025019722644439885,0.9812915164280377,0.00145384463284437
evaluation-prior_predictive-060,prior_predictive,higher_compute,r,1,0.028526149924137968,0.025804963012513216,0.9989870334515549,0.0004147224678878736
evaluation-prior_predictive-060,prior_predictive,higher_compute,b,1,0.02101935587486332,0.026933969354366667,1.0164192307556488,0.00029010876867889833
evaluation-prior_predictive-060,prior_predictive,higher_compute,g,1,0.02059804724663584,0.025019722644439885,1.0426424740509748,0.002853009147245761
evaluation-prior_predictive-061,prior_predictive,prior,r,1,3.654516420649042,0.0303207459400158,29.778653539371373,0.47021418335859666
evaluation-prior_predictive-061,prior_predictive,prior,b,1,0.2766105481189289,0.02724547563523614,11.744262303208188,0.4299026859821235
evaluation-prior_predictive-061,prior_predictive,prior,g,1,5.939702586790889,0.02783562104789678,5.31309871497487,0.6745150841817813
evaluation-prior_predictive-061,prior_predictive,published,r,1,0.08208217645515518,0.0303207459400158,1.0015075849050028,0.0011478533686641867
evaluation-prior_predictive-061,prior_predictive,published,b,1,0.08512545573511902,0.02724547563523614,1.0286288466167597,0.003134681094842229
evaluation-prior_predictive-061,prior_predictive,published,g,1,0.02636539655195718,0.02783562104789678,0.999715479840707,0.004823446392284939
evaluation-prior_predictive-061,prior_predictive,higher_compute,r,1,0.0066268983756262185,0.0303207459400158,1.0268580759240007,0.0005974778040037284
evaluation-prior_predictive-061,prior_predictive,higher_compute,b,1,0.0001328666131554062,0.02724547563523614,1.0212480690084929,0.0009562513551542474
evaluation-prior_predictive-061,prior_predictive,higher_compute,g,1,0.013727614951584442,0.02783562104789678,0.9779458495113882,0.0049589946158329345
evaluation-prior_predictive-062,prior_predictive,prior,r,1,6.218922891488712,0.02566887793022161,23.925589703544986,0.5029874094500183
evaluation-prior_predictive-062,prior_predictive,prior,b,1,7.766500812001687,0.026218049267796754,10.85112897883472,0.5967732863130253
evaluation-prior_predictive-062,prior_predictive,prior,g,1,1.2506197787589108,0.027268983149930003,4.6691500968318405,0.41832016173041064
evaluation-prior_predictive-062,prior_predictive,published,r,1,0.09387000945739091,0.02566887793022161,1.0578571283062825,0.0012084464421230716
evaluation-prior_predictive-062,prior_predictive,published,b,1,0.07746825421347218,0.026218049267796754,0.9981041146688022,0.0005602733295667406
evaluation-prior_predictive-062,prior_predictive,published,g,1,0.07293161547705881,0.027268983149930003,1.0653999459019787,0.01218692314409145
evaluation-prior_predictive-062,prior_predictive,higher_compute,r,1,0.0356775914078961,0.02566887793022161,1.0169143098413929,0.00045576137027107205
evaluation-prior_predictive-062,prior_predictive,higher_compute,b,1,0.020882450913728784,0.026218049267796754,0.9953685257249317,0.002168390145662791
evaluation-prior_predictive-062,prior_predictive,higher_compute,g,1,0.0528719410311174,0.027268983149930003,1.0311741831628425,0.004811523697624137
evaluation-prior_predictive-063,prior_predictive,prior,r,1,11.358896119578642,0.03240663360838214,12.677779966536733,0.6701958247410483
evaluation-prior_predictive-063,prior_predictive,prior,b,1,13.469754955046444,0.029463504686040698,8.544794873935011,0.8193180923312615
evaluation-prior_predictive-063,prior_predictive,prior,g,1,0.8843920902184259,0.029771710491642785,3.074207255578966,0.3945320936698839
evaluation-prior_predictive-063,prior_predictive,published,r,1,0.08950222659326555,0.03240663360838214,1.042983223803639,0.004373889222379172
evaluation-prior_predictive-063,prior_predictive,published,b,1,0.06080712826942961,0.029463504686040698,0.994855424052844,0.0017216831333712434
evaluation-prior_predictive-063,prior_predictive,published,g,1,0.050417758420692856,0.029771710491642785,1.0797510863039168,0.017662813952099114
evaluation-prior_predictive-063,prior_predictive,higher_compute,r,1,0.014055845616321965,0.03240663360838214,1.0195403030675605,0.001475417322507629
evaluation-prior_predictive-063,prior_predictive,higher_compute,b,1,0.015439014881842487,0.029463504686040698,1.0074398474337902,0.0004248913924927322
evaluation-prior_predictive-063,prior_predictive,higher_compute,g,1,0.0008359814718876004,0.029771710491642785,0.9939062290765962,0.004725104305768613
evaluation-prior_predictive-064,prior_predictive,prior,r,1,2.495230501685145,0.025490237351654274,29.78848533755754,0.445959804775049
evaluation-prior_predictive-064,prior_predictive,prior,b,1,1.7970843530340506,0.024901215513604753,13.750026432676407,0.4541220346128741
evaluation-prior_predictive-064,prior_predictive,prior,g,1,0.31897665808567033,0.026561292748079682,5.455493626949451,0.3782225898293945
evaluation-prior_predictive-064,prior_predictive,published,r,1,0.04233564194242673,0.025490237351654274,0.959345943457983,0.001111276285640006
evaluation-prior_predictive-064,prior_predictive,published,b,1,0.02871797406479639,0.024901215513604753,0.9317365232193799,0.0022356799791321434
evaluation-prior_predictive-064,prior_predictive,published,g,1,0.03996064350411422,0.026561292748079682,0.989329457330217,0.0026270353755004916
evaluation-prior_predictive-064,prior_predictive,higher_compute,r,1,0.020252037482464763,0.025490237351654274,0.9958841716578132,0.0005956126063527319
evaluation-prior_predictive-064,prior_predictive,higher_compute,b,1,0.020604316168099417,0.024901215513604753,0.9875851736860727,0.000790391959938308
evaluation-prior_predictive-064,prior_predictive,higher_compute,g,1,0.014888419732622761,0.026561292748079682,1.0156822821397429,0.0024540361894298535
evaluation-prior_predictive-065,prior_predictive,prior,r,1,33.1958741074709,0.028454505253372762,22.784079717941832,0.8428146127794282
evaluation-prior_predictive-065,prior_predictive,prior,b,1,13.163643543867842,0.026002691781019494,11.935098539480418,0.7160937461315123
evaluation-prior_predictive-065,prior_predictive,prior,g,1,1.2355840777218114,0.026510336351258105,2.5630873557012492,0.4176875124119098
evaluation-prior_predictive-065,prior_predictive,published,r,1,0.021364137733250688,0.028454505253372762,1.0024332969835077,0.0007356011998294795
evaluation-prior_predictive-065,prior_predictive,published,b,1,0.026330844894217404,0.026002691781019494,0.9866179874013616,0.0006559654620174271
evaluation-prior_predictive-065,prior_predictive,published,g,1,0.04577373127946942,0.026510336351258105,0.9690485383920918,0.005798381003659647
evaluation-prior_predictive-065,prior_predictive,higher_compute,r,1,0.004272188015391048,0.028454505253372762,0.9878432104226719,0.00033590401505353046
evaluation-prior_predictive-065,prior_predictive,higher_compute,b,1,0.00035682991490109225,0.026002691781019494,0.9651703816305278,0.0018523340475949724
evaluation-prior_predictive-065,prior_predictive,higher_compute,g,1,0.0010601938778323021,0.026510336351258105,0.9598906395035711,0.008173500870734332
evaluation-prior_predictive-066,prior_predictive,prior,r,1,8.017789559401084,0.02517119536379008,15.802472918755765,0.5593225620120494
evaluation-prior_predictive-066,prior_predictive,prior,b,1,5.749533509887058,0.026646410487777338,8.90333405462056,0.5597920057804875
evaluation-prior_predictive-066,prior_predictive,prior,g,1,2.639141396511479,0.028337305777667986,4.395737426281644,0.5144701408992247
evaluation-prior_predictive-066,prior_predictive,published,r,1,0.04585172250853543,0.02517119536379008,1.0107258568427033,0.0014862913284018713
evaluation-prior_predictive-066,prior_predictive,published,b,1,0.06470551263168889,0.026646410487777338,0.9581443981079888,0.0021889985303509716
evaluation-prior_predictive-066,prior_predictive,published,g,1,0.004447235123383991,0.028337305777667986,0.9740248009021986,0.003199276304552308
evaluation-prior_predictive-066,prior_predictive,higher_compute,r,1,0.014738665308065255,0.02517119536379008,1.0216104325988067,0.001025734390109741
evaluation-prior_predictive-066,prior_predictive,higher_compute,b,1,0.002554806534074655,0.026646410487777338,0.9750613904130346,0.0020616113808713974
evaluation-prior_predictive-066,prior_predictive,higher_compute,g,1,0.02316543260729353,0.028337305777667986,1.0084870334290903,0.005386993637457108
evaluation-prior_predictive-067,prior_predictive,prior,r,1,24.09546260788957,0.018622999852773808,34.76584513501545,0.643226253373486
evaluation-prior_predictive-067,prior_predictive,prior,b,1,21.109828323078208,0.018126220495991108,23.041118725882953,0.6718080531147976
evaluation-prior_predictive-067,prior_predictive,prior,g,1,1.1289118871967223,0.01964640236257251,5.706657352135586,0.4228259591403244
evaluation-prior_predictive-067,prior_predictive,published,r,1,0.009892381479762768,0.018622999852773808,1.0500192835913822,0.0010890578052882294
evaluation-prior_predictive-067,prior_predictive,published,b,1,0.001003928883722211,0.018126220495991108,1.006806730074617,0.0009212859551190888
evaluation-prior_predictive-067,prior_predictive,published,g,1,0.012108609766794837,0.01964640236257251,0.995213658622625,0.001682151658773945
evaluation-prior_predictive-067,prior_predictive,higher_compute,r,1,0.045474090747592566,0.018622999852773808,1.0556932268205004,0.0011585861648322944
evaluation-prior_predictive-067,prior_predictive,higher_compute,b,1,0.03409776296694812,0.018126220495991108,0.9965270266466317,0.0005742267796302158
evaluation-prior_predictive-067,prior_predictive,higher_compute,g,1,0.008321777003618837,0.01964640236257251,1.0260840864146503,0.005187573511430885
evaluation-prior_predictive-068,prior_predictive,prior,r,1,1.7089503215423174,0.029048962457786105,19.949670620969425,0.44796506589683366
evaluation-prior_predictive-068,prior_predictive,prior,b,1,16.528293198289173,0.026368847915032776,14.713865117805247,0.7211882070306725
evaluation-prior_predictive-068,prior_predictive,prior,g,1,3.061301705111194,0.029470860854729677,3.748803485359819,0.5483543535798183
evaluation-prior_predictive-068,prior_predictive,published,r,1,0.008618858222854188,0.029048962457786105,0.9608439031407064,0.002096967401906754
evaluation-prior_predictive-068,prior_predictive,published,b,1,0.0005841975687594979,0.026368847915032776,1.0250965388243425,0.0011907275535876672
evaluation-prior_predictive-068,prior_predictive,published,g,1,0.015990340436788743,0.029470860854729677,1.043981234604543,0.008695003066254217
evaluation-prior_predictive-068,prior_predictive,higher_compute,r,1,0.017736791825096153,0.029048962457786105,0.9657398333127526,0.0010808217816655012
evaluation-prior_predictive-068,prior_predictive,higher_compute,b,1,0.029495159559427782,0.026368847915032776,1.023288279529098,0.0018658433684157316
evaluation-prior_predictive-068,prior_predictive,higher_compute,g,1,0.005147311484499176,0.029470860854729677,1.0069505590712864,0.0009901569409842548
evaluation-prior_predictive-069,prior_predictive,prior,r,1,0.8357881491470586,0.026337901585149842,29.757699548125235,0.44280926464844583
evaluation-prior_predictive-069,prior_predictive,prior,b,1,7.42169365806548,0.02542574216312408,15.270329274446185,0.5652475439145868
evaluation-prior_predictive-069,prior_predictive,prior,g,1,5.408708801240526,0.027745877119158813,4.331586762765357,0.6842925789878244
evaluation-prior_predictive-069,prior_predictive,published,r,1,0.029431713820941383,0.026337901585149842,0.9927487916726705,0.0006782592013845345
evaluation-prior_predictive-069,prior_predictive,published,b,1,0.010398629005253478,0.02542574216312408,0.949716561037476,0.0019510984716888836
evaluation-prior_predictive-069,prior_predictive,published,g,1,0.06131659932248803,0.027745877119158813,1.0134188088528298,0.00229573938401402
evaluation-prior_predictive-069,prior_predictive,higher_compute,r,1,0.01558863820663798,0.026337901585149842,0.9943225869473598,0.0001813212446289588
evaluation-prior_predictive-069,prior_predictive,higher_compute,b,1,0.013820093644303205,0.02542574216312408,0.9682732660989752,0.0010912644790800562
evaluation-prior_predictive-069,prior_predictive,higher_compute,g,1,0.04188424647301415,0.027745877119158813,0.9911445096649997,0.003352574634078783
evaluation-prior_predictive-070,prior_predictive,prior,r,1,51.742614673803565,0.027154028800308337,45.47460459983466,0.7448421755512568
evaluation-prior_predictive-070,prior_predictive,prior,b,1,8.474995238010747,0.025654622321475667,25.995693349098243,0.5263859392075947
evaluation-prior_predictive-070,prior_predictive,prior,g,1,10.352621881153452,0.02426079040676271,7.678171054526978,0.7705793565982982
evaluation-prior_predictive-070,prior_predictive,published,r,1,0.03443729988901113,0.027154028800308337,1.0589671054956549,0.0010637682906263397
evaluation-prior_predictive-070,prior_predictive,published,b,1,0.01606798378228224,0.025654622321475667,1.0972015777490403,0.002876954379255725
evaluation-prior_predictive-070,prior_predictive,published,g,1,0.06839556180042695,0.02426079040676271,1.0242737734086487,0.002212529690054782
evaluation-prior_predictive-070,prior_predictive,higher_compute,r,1,0.010558368036010277,0.027154028800308337,1.013016555504532,0.0002113194389611698
evaluation-prior_predictive-070,prior_predictive,higher_compute,b,1,0.038789415387564675,0.025654622321475667,0.993114591587157,0.0004519469829905809
evaluation-prior_predictive-070,prior_predictive,higher_compute,g,1,0.022546801748875404,0.02426079040676271,0.9518739062974549,0.004063014747692217
evaluation-prior_predictive-071,prior_predictive,prior,r,1,38.06228784058106,0.025674008514186157,22.324816601107138,0.9074727020705678
evaluation-prior_predictive-071,prior_predictive,prior,b,1,12.618109403531205,0.02770593791466859,12.336137919472854,0.6957196155732026
evaluation-prior_predictive-071,prior_predictive,prior,g,1,8.243985034721076,0.02643368550281582,5.459861023386607,0.757224279824024
evaluation-prior_predictive-071,prior_predictive,published,r,1,0.19504257104653194,0.025674008514186157,0.9574017911335806,0.0017249233988021473
evaluation-prior_predictive-071,prior_predictive,published,b,1,0.13327229650562042,0.02770593791466859,1.0000577129862829,0.0009576173694313183
evaluation-prior_predictive-071,prior_predictive,published,g,1,0.13282992288521997,0.02643368550281582,0.9716277219009901,0.0036027925397176075
evaluation-prior_predictive-071,prior_predictive,higher_compute,r,1,0.057202464398369735,0.025674008514186157,1.0062669901538097,0.0006811055903216771
evaluation-prior_predictive-071,prior_predictive,higher_compute,b,1,0.015476131151429725,0.02770593791466859,0.9991190684012612,0.00015866530028580962
evaluation-prior_predictive-071,prior_predictive,higher_compute,g,1,0.058785484902251904,0.02643368550281582,1.00560605522892,0.0029577671844911377
evaluation-prior_predictive-072,prior_predictive,prior,r,1,35.76756448807354,0.030746451323604738,31.593898332877103,0.755963039665048
evaluation-prior_predictive-072,prior_predictive,prior,b,1,55.56242040820632,0.02825095744426704,32.57084961701237,0.917735337393375
evaluation-prior_predictive-072,prior_predictive,prior,g,1,2.649110236587364,0.03147332174970738,4.300193402179583,0.5198749316512838
evaluation-prior_predictive-072,prior_predictive,published,r,1,0.07358942104072966,0.030746451323604738,1.0600361103429894,0.001079348035059417
evaluation-prior_predictive-072,prior_predictive,published,b,1,0.10262340701602289,0.02825095744426704,1.0798356824692625,0.00196442312613212
evaluation-prior_predictive-072,prior_predictive,published,g,1,0.0718799570022384,0.03147332174970738,1.0922591704668012,0.02352397375557775
evaluation-prior_predictive-072,prior_predictive,higher_compute,r,1,0.0010889031741793563,0.030746451323604738,1.0085862326496031,0.00032706044878046586
evaluation-prior_predictive-072,prior_predictive,higher_compute,b,1,0.05292084425721273,0.02825095744426704,1.040656321305196,0.001129231407472986
evaluation-prior_predictive-072,prior_predictive,higher_compute,g,1,0.0190076530521281,0.03147332174970738,0.9905263777557183,0.004757347772660764
evaluation-prior_predictive-073,prior_predictive,prior,r,1,21.74403926712912,0.026472456661211563,15.467605491170417,0.818199464374902
evaluation-prior_predictive-073,prior_predictive,prior,b,1,11.610962134564396,0.027981898869675226,15.390543290372536,0.6340833837811353
evaluation-prior_predictive-073,prior_predictive,prior,g,1,2.808734497650627,0.025690519386165178,2.6897822559599116,0.5483786746007508
evaluation-prior_predictive-073,prior_predictive,published,r,1,0.028544894933927575,0.026472456661211563,0.9860975303702106,0.000469485516641092
evaluation-prior_predictive-073,prior_predictive,published,b,1,0.06670982963175838,0.027981898869675226,0.9672315755641975,0.00236288471786672
evaluation-prior_predictive-073,prior_predictive,published,g,1,0.007219530867176607,0.025690519386165178,1.0008970603193064,0.004898210964465605
evaluation-prior_predictive-073,prior_predictive,higher_compute,r,1,0.02039580593766852,0.026472456661211563,0.9977996049902219,6.863086894393078e-05
evaluation-prior_predictive-073,prior_predictive,higher_compute,b,1,0.050671423161059874,0.027981898869675226,0.9985783936694148,0.0009513301323615053
evaluation-prior_predictive-073,prior_predictive,higher_compute,g,1,0.0022150760949194307,0.025690519386165178,0.9982488149209889,0.0007748728101697466
evaluation-prior_predictive-074,prior_predictive,prior,r,1,65.7784217883558,0.024665958072864765,43.495665790842594,0.8390811848216119
evaluation-prior_predictive-074,prior_predictive,prior,b,1,6.7143886916728475,0.026069313454801995,19.52848761811366,0.5317375589915596
evaluation-prior_predictive-074,prior_predictive,prior,g,1,6.313808625220472,0.025740967728886587,7.800792208111653,0.6242532617875751
evaluation-prior_predictive-074,prior_predictive,published,r,1,0.07748090078121256,0.024665958072864765,0.9923477115807766,0.0004261793436096302
evaluation-prior_predictive-074,prior_predictive,published,b,1,0.060034596008029496,0.026069313454801995,1.0229531923426753,0.0006485930216420854
evaluation-prior_predictive-074,prior_predictive,published,g,1,0.0919526433255465,0.025740967728886587,1.0507331016936146,0.00489098844979767
evaluation-prior_predictive-074,prior_predictive,higher_compute,r,1,0.008849809839669438,0.024665958072864765,0.9924294198947206,0.0003362965157162427
evaluation-prior_predictive-074,prior_predictive,higher_compute,b,1,0.02328026478366681,0.026069313454801995,1.0368635512881528,0.001071525999628431
evaluation-prior_predictive-074,prior_predictive,higher_compute,g,1,0.020756879447996982,0.025740967728886587,1.0450367953656121,0.00307528299002241
evaluation-prior_predictive-075,prior_predictive,prior,r,1,8.86622253976514,0.03027731996776735,11.895951165050143,0.608741066007168
evaluation-prior_predictive-075,prior_predictive,prior,b,1,11.75321762232618,0.0288675316273213,10.47111678872675,0.7138785881666327
evaluation-prior_predictive-075,prior_predictive,prior,g,1,3.5999824252146615,0.033446737385840794,2.840216021862811,0.616108043003429
evaluation-prior_predictive-075,prior_predictive,published,r,1,0.028818874869608165,0.03027731996776735,1.0419815551825546,0.003961699258394476
evaluation-prior_predictive-075,prior_predictive,published,b,1,0.025885423542058264,0.0288675316273213,1.0286800934120572,0.0021470807383749957
evaluation-prior_predictive-075,prior_predictive,published,g,1,0.030403426651692576,0.033446737385840794,1.0058645309224268,0.0020999580048891575
evaluation-prior_predictive-075,prior_predictive,higher_compute,r,1,0.011511561378067447,0.03027731996776735,1.0091021291919158,0.0009795391964351197
evaluation-prior_predictive-075,prior_predictive,higher_compute,b,1,0.021468392274957056,0.0288675316273213,1.0287816734407331,0.001540934172984798
evaluation-prior_predictive-075,prior_predictive,higher_compute,g,1,0.001975607080675211,0.033446737385840794,0.9823842807638876,0.006124780999750695
evaluation-prior_predictive-076,prior_predictive,prior,r,1,33.14544791979131,0.027631859916289126,37.12772133659496,0.6813141537298174
evaluation-prior_predictive-076,prior_predictive,prior,b,1,21.041052421890825,0.02588317303062277,18.98461784899483,0.7136756110965454
evaluation-prior_predictive-076,prior_predictive,prior,g,1,9.008912874133628,0.027170568767653957,6.440592371317643,0.7548357376996296
evaluation-prior_predictive-076,prior_predictive,published,r,1,0.011112439058056454,0.027631859916289126,0.9817004580714541,0.00038942973007867937
evaluation-prior_predictive-076,prior_predictive,published,b,1,0.026991431775060186,0.02588317303062277,0.9855153524570297,0.002150175399725107
evaluation-prior_predictive-076,prior_predictive,published,g,1,0.05407637059441305,0.027170568767653957,0.9711077631875348,0.0022482889060872115
evaluation-prior_predictive-076,prior_predictive,higher_compute,r,1,0.0356947791946132,0.027631859916289126,0.9909453669077706,0.00039524636277225394
evaluation-prior_predictive-076,prior_predictive,higher_compute,b,1,0.006408560163336887,0.02588317303062277,0.9828543531738578,0.0010652933055968817
evaluation-prior_predictive-076,prior_predictive,higher_compute,g,1,0.04035733239534531,0.027170568767653957,0.998786101481712,0.001182507803195211
evaluation-prior_predictive-077,prior_predictive,prior,r,1,0.4359073480692342,0.02775905495940346,32.09812437811014,0.4402939408135258
evaluation-prior_predictive-077,prior_predictive,prior,b,1,15.089712969337725,0.02555502556072935,14.149683744056059,0.7008437807928656
evaluation-prior_predictive-077,prior_predictive,prior,g,1,4.305741168894529,0.027090904898951416,4.176449525305495,0.6424379772167239
evaluation-prior_predictive-077,prior_predictive,published,r,1,0.028423733876892596,0.02775905495940346,1.080514967438649,0.0011252955314353663
evaluation-prior_predictive-077,prior_predictive,published,b,1,0.06038365012903641,0.02555502556072935,1.0154289357697064,0.0010517942851095085
evaluation-prior_predictive-077,prior_predictive,published,g,1,0.023188535594305625,0.027090904898951416,1.0480170954844001,0.008509535095051497
evaluation-prior_predictive-077,prior_predictive,higher_compute,r,1,0.013833998790851048,0.02775905495940346,1.0289173650941115,0.0005608447943868574
evaluation-prior_predictive-077,prior_predictive,higher_compute,b,1,0.0096398187611932,0.02555502556072935,1.0244117282236445,0.00116522623550388
evaluation-prior_predictive-077,prior_predictive,higher_compute,g,1,0.005076739566685842,0.027090904898951416,1.0185323170405065,0.0022890365530277984
evaluation-prior_predictive-078,prior_predictive,prior,r,1,17.500331331666118,0.02655563840839978,15.004431328260546,0.744653471947425
evaluation-prior_predictive-078,prior_predictive,prior,b,1,14.87186649828153,0.026218965421661727,11.779608120148026,0.7387358106873154
evaluation-prior_predictive-078,prior_predictive,prior,g,1,0.175513567463976,0.026224058268701222,3.5170968015186816,0.34135142288509795
evaluation-prior_predictive-078,prior_predictive,published,r,1,0.06108045883587207,0.02655563840839978,0.9738156303883432,0.0018336221533030717
evaluation-prior_predictive-078,prior_predictive,published,b,1,0.027517943253464665,0.026218965421661727,0.9988925119686239,0.002121427705478851
evaluation-prior_predictive-078,prior_predictive,published,g,1,0.06427629785377381,0.026224058268701222,0.9535448949334975,0.01814288614141471
evaluation-prior_predictive-078,prior_predictive,higher_compute,r,1,0.018870699368418974,0.02655563840839978,0.9917743405634987,0.0007449720485649772
evaluation-prior_predictive-078,prior_predictive,higher_compute,b,1,0.01840117898392558,0.026218965421661727,1.004905806647268,0.0008392216936321973
evaluation-prior_predictive-078,prior_predictive,higher_compute,g,1,0.03467307374917305,0.026224058268701222,0.9839600907947194,0.011417774270019998
evaluation-prior_predictive-079,prior_predictive,prior,r,1,29.153921693547083,0.029157150352014022,26.855945546629616,0.7166293302358495
evaluation-prior_predictive-079,prior_predictive,prior,b,1,11.51306642254468,0.02777574587578457,10.43303195302272,0.7148218600766467
evaluation-prior_predictive-079,prior_predictive,prior,g,1,6.601504605023429,0.027198931755455638,4.620367414691471,0.7390388370274966
evaluation-prior_predictive-079,prior_predictive,published,r,1,0.022093152309787714,0.029157150352014022,0.9945778009119502,0.000782264540999833
evaluation-prior_predictive-079,prior_predictive,published,b,1,0.011996281896530682,0.02777574587578457,0.9853501172338684,0.0026696376191486237
evaluation-prior_predictive-079,prior_predictive,published,g,1,0.0311123588646267,0.027198931755455638,0.9789442710881144,0.0031072258921674423
evaluation-prior_predictive-079,prior_predictive,higher_compute,r,1,0.030849842809766177,0.029157150352014022,0.9873983441352067,0.00042940813379432896
evaluation-prior_predictive-079,prior_predictive,higher_compute,b,1,0.03324625347098366,0.02777574587578457,0.9976497916575993,0.0004940808637448058
evaluation-prior_predictive-079,prior_predictive,higher_compute,g,1,0.0077654176453483175,0.027198931755455638,0.980776266837881,0.0024493986574500304
evaluation-prior_predictive-080,prior_predictive,prior,r,1,11.036198053900478,0.026117011386423698,35.46695954433074,0.5229214956536968
evaluation-prior_predictive-080,prior_predictive,prior,b,1,11.411391219663624,0.026280744219515987,15.785980005210863,0.6176290146232757
evaluation-prior_predictive-080,prior_predictive,prior,g,1,1.6789711770145108,0.02572829130864615,6.855923816944279,0.45425660250699634
evaluation-prior_predictive-080,prior_predictive,published,r,1,0.005088680045694692,0.026117011386423698,1.0162780482878138,0.0005243338195948984
evaluation-prior_predictive-080,prior_predictive,published,b,1,0.008561396255744693,0.026280744219515987,0.9627659233243175,0.0019421237670517399
evaluation-prior_predictive-080,prior_predictive,published,g,1,0.012814421708217416,0.02572829130864615,1.027932842858154,0.004463882582162251
evaluation-prior_predictive-080,prior_predictive,higher_compute,r,1,0.014882737758307242,0.026117011386423698,1.0685185152414345,0.0011068211235141234
evaluation-prior_predictive-080,prior_predictive,higher_compute,b,1,0.034255479301535254,0.026280744219515987,1.0515258609656963,0.001995071520147107
evaluation-prior_predictive-080,prior_predictive,higher_compute,g,1,0.022842221088732288,0.02572829130864615,1.0167685945984182,0.003641081398943549
evaluation-prior_predictive-081,prior_predictive,prior,r,1,3.532459444474228,0.02760904802612167,22.64944065431802,0.47561629339671746
evaluation-prior_predictive-081,prior_predictive,prior,b,1,2.970410782352244,0.027999255973065917,11.235737513511797,0.4812174236673803
evaluation-prior_predictive-081,prior_predictive,prior,g,1,1.503121351545449,0.025886235262105643,4.007591112800936,0.4047132341471016
evaluation-prior_predictive-081,prior_predictive,published,r,1,0.033650516566392015,0.02760904802612167,1.0301794274070644,0.001803406523699073
evaluation-prior_predictive-081,prior_predictive,published,b,1,0.006038651315244137,0.027999255973065917,0.9891005354201097,0.0012760238920127343
evaluation-prior_predictive-081,prior_predictive,published,g,1,0.06159067285367117,0.025886235262105643,0.9631170487215858,0.008223555408686523
evaluation-prior_predictive-081,prior_predictive,higher_compute,r,1,0.02730642507595417,0.02760904802612167,0.996369939568468,0.00046304841637878624
evaluation-prior_predictive-081,prior_predictive,higher_compute,b,1,0.007070318256185696,0.027999255973065917,0.9686863848517931,0.0013222722785994456
evaluation-prior_predictive-081,prior_predictive,higher_compute,g,1,0.007973315084845469,0.025886235262105643,1.008028502635853,0.002700017320089454
evaluation-prior_predictive-082,prior_predictive,prior,r,1,22.5630258168293,0.0295062620093124,13.198403144959201,0.8746769392304597
evaluation-prior_predictive-082,prior_predictive,prior,b,1,9.195943502180578,0.026784638227847567,10.559520517265627,0.6442806778325835
evaluation-prior_predictive-082,prior_predictive,prior,g,1,1.348123809920212,0.0299947969688165,2.775204195859645,0.4007005858464241
evaluation-prior_predictive-082,prior_predictive,published,r,1,0.013431177340069003,0.0295062620093124,1.0094704272438018,0.0015225178096422987
evaluation-prior_predictive-082,prior_predictive,published,b,1,0.026592427218899557,0.026784638227847567,1.0003870840679259,0.00014501036268850244
evaluation-prior_predictive-082,prior_predictive,published,g,1,0.028405446745557065,0.0299947969688165,1.049688505769343,0.013337099315985923
evaluation-prior_predictive-082,prior_predictive,higher_compute,r,1,0.03665497575091207,0.0295062620093124,0.9692567566625764,0.0013687289398817508
evaluation-prior_predictive-082,prior_predictive,higher_compute,b,1,0.014450220982425961,0.026784638227847567,0.9651116266886409,0.002548927318325056
evaluation-prior_predictive-082,prior_predictive,higher_compute,g,1,0.05073777982132367,0.0299947969688165,1.0152302976312504,0.010137758635268557
evaluation-prior_predictive-083,prior_predictive,prior,r,1,47.22740369530663,0.026743417681553878,34.952917843736756,0.8245787646628934
evaluation-prior_predictive-083,prior_predictive,prior,b,1,17.32808570603593,0.02733238337850359,13.735732403435229,0.7623821405301803
evaluation-prior_predictive-083,prior_predictive,prior,g,1,0.10779738908804881,0.026407141958150623,5.159792424570328,0.36788607387211736
evaluation-prior_predictive-083,prior_predictive,published,r,1,0.06369206493706224,0.026743417681553878,0.9742600424072356,0.0009958315710620151
evaluation-prior_predictive-083,prior_predictive,published,b,1,0.000256386407579256,0.02733238337850359,0.9157041091790318,0.0041914154614858925
evaluation-prior_predictive-083,prior_predictive,published,g,1,0.09100429418085274,0.026407141958150623,1.0190068346232926,0.005711523443181696
evaluation-prior_predictive-083,prior_predictive,higher_compute,r,1,0.0039496136560171575,0.026743417681553878,1.0035267469182128,0.0005444053922375088
evaluation-prior_predictive-083,prior_predictive,higher_compute,b,1,0.010915827802809816,0.02733238337850359,1.003060156806187,0.00024129715263083719
evaluation-prior_predictive-083,prior_predictive,higher_compute,g,1,0.01114422516163418,0.026407141958150623,1.0071328796311956,0.0016157287172040985
evaluation-prior_predictive-084,prior_predictive,prior,r,1,57.18818544275674,0.026765810431298043,38.80663935882618,0.8376104258986716
evaluation-prior_predictive-084,prior_predictive,prior,b,1,17.14743504318357,0.024653443787467345,23.62214869842626,0.6384280672790722
evaluation-prior_predictive-084,prior_predictive,prior,g,1,0.6117796745203132,0.02614314348513907,8.18363470757634,0.4088571749643811
evaluation-prior_predictive-084,prior_predictive,published,r,1,0.009272106189677855,0.026765810431298043,0.9855720612388853,0.0003878610285357927
evaluation-prior_predictive-084,prior_predictive,published,b,1,0.010241245533509857,0.024653443787467345,1.0110355198784746,0.0011451131839782746
evaluation-prior_predictive-084,prior_predictive,published,g,1,0.043301099647556136,0.02614314348513907,0.9351177007360387,0.004353772713654586
evaluation-prior_predictive-084,prior_predictive,higher_compute,r,1,0.03402104228756789,0.026765810431298043,1.0163229187496867,0.0003633814834621922
evaluation-prior_predictive-084,prior_predictive,higher_compute,b,1,0.020762663121626338,0.024653443787467345,1.0037646922842745,8.768688414884096e-05
evaluation-prior_predictive-084,prior_predictive,higher_compute,g,1,0.02984509583394881,0.02614314348513907,0.9858373482088624,0.0011895514240881783
evaluation-prior_predictive-085,prior_predictive,prior,r,1,14.425703480637493,0.03195822509788713,34.21878114745571,0.5489535103811917
evaluation-prior_predictive-085,prior_predictive,prior,b,1,15.670060551601235,0.03131870516287199,15.349374856280516,0.6908844887079997
evaluation-prior_predictive-085,prior_predictive,prior,g,1,21.45448443312984,0.03129790373211972,13.467800534004358,0.8847772030091747
evaluation-prior_predictive-085,prior_predictive,published,r,1,0.1344671870533603,0.03195822509788713,1.0958245432043523,0.002019185325424999
evaluation-prior_predictive-085,prior_predictive,published,b,1,0.18193357588200665,0.03131870516287199,1.0421749687670547,0.0021015903733461625
evaluation-prior_predictive-085,prior_predictive,published,g,1,0.04788412855799999,0.03129790373211972,0.9277522244755189,0.00520749567551603
evaluation-prior_predictive-085,prior_predictive,higher_compute,r,1,0.028688778796364996,0.03195822509788713,0.9865530237955865,0.00035945405577815964
evaluation-prior_predictive-085,prior_predictive,higher_compute,b,1,0.01677716122360199,0.03131870516287199,1.0158642945624463,0.0005365337361476818
evaluation-prior_predictive-085,prior_predictive,higher_compute,g,1,0.05423829974135551,0.03129790373211972,0.9517552907813599,0.0036983210131933016
evaluation-prior_predictive-086,prior_predictive,prior,r,1,32.92481422620437,0.027653363721106883,36.02404539557759,0.6905020829885191
evaluation-prior_predictive-086,prior_predictive,prior,b,1,11.875191540852022,0.026095615249260958,20.95947574693596,0.5898096805642059
evaluation-prior_predictive-086,prior_predictive,prior,g,1,14.605191456059679,0.028924347629246474,8.82630613507854,0.834807489624716
evaluation-prior_predictive-086,prior_predictive,published,r,1,0.03220500837665287,0.027653363721106883,0.9678853722943218,0.000680182644442843
evaluation-prior_predictive-086,prior_predictive,published,b,1,0.022963594996932065,0.026095615249260958,1.0032026116271022,0.00016258072371275745
evaluation-prior_predictive-086,prior_predictive,published,g,1,0.04441495749727969,0.028924347629246474,1.0426752841650881,0.005181159608394215
evaluation-prior_predictive-086,prior_predictive,higher_compute,r,1,0.011029782427488201,0.027653363721106883,0.9999697234962955,0.00026018335733857256
evaluation-prior_predictive-086,prior_predictive,higher_compute,b,1,0.010981049821139168,0.026095615249260958,1.012796115254104,0.0003355901391133287
evaluation-prior_predictive-086,prior_predictive,higher_compute,g,1,0.01629643386539299,0.028924347629246474,1.0102973906469361,0.002141077892992699
evaluation-prior_predictive-087,prior_predictive,prior,r,1,56.05930109304585,0.02663542508834345,32.10552289392888,0.9240365644339636
evaluation-prior_predictive-087,prior_predictive,prior,b,1,21.31492439371604,0.026637997947689725,14.30492010951361,0.8255994474498112
evaluation-prior_predictive-087,prior_predictive,prior,g,1,3.8906089318993593,0.027050575655519264,3.5266782365424625,0.6179797553293847
evaluation-prior_predictive-087,prior_predictive,published,r,1,0.03281198692865381,0.02663542508834345,0.9790197072108172,0.0003780540531392873
evaluation-prior_predictive-087,prior_predictive,published,b,1,0.034490262759367396,0.026637997947689725,0.9942769512338747,0.001672886915662275
evaluation-prior_predictive-087,prior_predictive,published,g,1,0.049372755004703936,0.027050575655519264,1.008733176032272,0.00150061709588159
evaluation-prior_predictive-087,prior_predictive,higher_compute,r,1,0.0062432992239620936,0.02663542508834345,0.9804577689446893,0.000431965574491322
evaluation-prior_predictive-087,prior_predictive,higher_compute,b,1,0.025154792510876475,0.026637997947689725,1.0108737903051246,0.0009913384305258789
evaluation-prior_predictive-087,prior_predictive,higher_compute,g,1,0.021451391450906132,0.027050575655519264,0.9950815394936491,0.004152290031453065
evaluation-prior_predictive-088,prior_predictive,prior,r,1,36.671995759430104,0.024875740606210787,39.19927707371965,0.6746082431189052
evaluation-prior_predictive-088,prior_predictive,prior,b,1,5.25010362386789,0.025369319961374086,19.76658505236509,0.4953366133151885
evaluation-prior_predictive-088,prior_predictive,prior,g,1,6.6964040144779355,0.02456020795084109,7.059812239339543,0.6580272069435386
evaluation-prior_predictive-088,prior_predictive,published,r,1,0.010240103042796782,0.024875740606210787,0.9859200389007573,0.00017457424801792243
evaluation-prior_predictive-088,prior_predictive,published,b,1,0.0665001185304753,0.025369319961374086,0.9547549787229306,0.0011270615682810181
evaluation-prior_predictive-088,prior_predictive,published,g,1,0.040898999455857246,0.02456020795084109,1.0112538068845955,0.0036439261000628664
evaluation-prior_predictive-088,prior_predictive,higher_compute,r,1,0.04939579100240753,0.024875740606210787,0.9695041213761375,0.0008439776214446878
evaluation-prior_predictive-088,prior_predictive,higher_compute,b,1,0.04470203093614397,0.025369319961374086,0.9922375632631903,0.001014061165833624
evaluation-prior_predictive-088,prior_predictive,higher_compute,g,1,0.0021558571392412793,0.02456020795084109,0.9967503155209042,0.0005889171490464085
evaluation-prior_predictive-089,prior_predictive,prior,r,1,59.81461368020104,0.026192544279430113,42.23974527367609,0.8167988739164985
evaluation-prior_predictive-089,prior_predictive,prior,b,1,31.036315592730283,0.02678571568707855,24.166846510573123,0.7821539776322681
evaluation-prior_predictive-089,prior_predictive,prior,g,1,16.044618377718972,0.026224633600421605,10.286861596162275,0.8383148473691416
evaluation-prior_predictive-089,prior_predictive,published,r,1,0.01788541472829372,0.026192544279430113,1.0285059050390064,0.0008149202947832871
evaluation-prior_predictive-089,prior_predictive,published,b,1,0.036452162520927374,0.02678571568707855,0.9915956700661488,0.0016989597911133193
evaluation-prior_predictive-089,prior_predictive,published,g,1,4.1935336620838785e-05,0.026224633600421605,0.9667962023691677,0.002177881595143607
evaluation-prior_predictive-089,prior_predictive,higher_compute,r,1,0.027526460369179908,0.026192544279430113,1.0368189568360182,0.0007957311683864562
evaluation-prior_predictive-089,prior_predictive,higher_compute,b,1,0.004427956962040039,0.02678571568707855,1.006517244428733,0.0005286629294912526
evaluation-prior_predictive-089,prior_predictive,higher_compute,g,1,0.058470536347428284,0.026224633600421605,1.0068428690739821,0.00038276144977244034
evaluation-prior_predictive-090,prior_predictive,prior,r,1,10.211938145567114,0.0271730833928438,25.34392110673347,0.5411127458259589
evaluation-prior_predictive-090,prior_predictive,prior,b,1,5.170165412147219,0.02775546335785128,12.025476435028448,0.5081272205743461
evaluation-prior_predictive-090,prior_predictive,prior,g,1,2.4893917920803594,0.025983750818674375,3.735735096837978,0.5343052449715028
evaluation-prior_predictive-090,prior_predictive,published,r,1,0.08759109893575114,0.0271730833928438,1.009001269072511,0.0006110510121803969
evaluation-prior_predictive-090,prior_predictive,published,b,1,0.03736458590604396,0.02775546335785128,0.9883839979883596,0.0010457972958957563
evaluation-prior_predictive-090,prior_predictive,published,g,1,0.14531147581505255,0.025983750818674375,1.0292395964832926,0.011077499591665221
evaluation-prior_predictive-090,prior_predictive,higher_compute,r,1,0.036357041250507476,0.0271730833928438,0.9947461808992453,0.0005341315244315284
evaluation-prior_predictive-090,prior_predictive,higher_compute,b,1,0.005975093948579371,0.02775546335785128,0.9983519737515355,0.0007219067310643368
evaluation-prior_predictive-090,prior_predictive,higher_compute,g,1,0.05453372768635878,0.025983750818674375,1.0118335111760073,0.0057523781037041935
evaluation-prior_predictive-091,prior_predictive,prior,r,1,1.7476745629211667,0.02635938931377683,23.52258242876072,0.45209309161120464
evaluation-prior_predictive-091,prior_predictive,prior,b,1,3.9558362635081745,0.026087000794073712,14.959588138405683,0.497881407209708
evaluation-prior_predictive-091,prior_predictive,prior,g,1,2.7575562170942227,0.02700982813867329,5.732936073802875,0.4800034309473323
evaluation-prior_predictive-091,prior_predictive,published,r,1,0.033614169969540225,0.02635938931377683,0.9571029237047143,0.0011878787295154976
evaluation-prior_predictive-091,prior_predictive,published,b,1,0.007419395435632562,0.026087000794073712,0.945909676573633,0.0024073967078151346
evaluation-prior_predictive-091,prior_predictive,published,g,1,0.03694752091753252,0.02700982813867329,0.9854813429644241,0.0020452543208468454
evaluation-prior_predictive-091,prior_predictive,higher_compute,r,1,0.02057260866763518,0.02635938931377683,1.01058191928291,0.0008991271269831458
evaluation-prior_predictive-091,prior_predictive,higher_compute,b,1,0.02395457908500383,0.026087000794073712,1.0205634618973678,0.0013992446369916144
evaluation-prior_predictive-091,prior_predictive,higher_compute,g,1,0.011557870061678167,0.02700982813867329,0.9857105028620496,0.0033658044717094215
evaluation-prior_predictive-092,prior_predictive,prior,r,1,78.36414458086246,0.028186072083490114,43.548150334714265,0.9087539070045665
evaluation-prior_predictive-092,prior_predictive,prior,b,1,32.42268684548471,0.02497051888760251,21.63918457718927,0.8432881376866298
evaluation-prior_predictive-092,prior_predictive,prior,g,1,10.74185646638163,0.026013441762853515,7.133707976976974,0.7900309359052384
evaluation-prior_predictive-092,prior_predictive,published,r,1,0.012822677445833682,0.028186072083490114,1.0636296055227994,0.0007035617282358242
evaluation-prior_predictive-092,prior_predictive,published,b,1,0.004919971144185841,0.02497051888760251,1.0411382831733111,0.0013068293595472013
evaluation-prior_predictive-092,prior_predictive,published,g,1,0.010120604369448187,0.026013441762853515,0.984052126924405,0.003179107589152408
evaluation-prior_predictive-092,prior_predictive,higher_compute,r,1,0.012958789976556627,0.028186072083490114,1.0805909735567123,0.0010231595858415747
evaluation-prior_predictive-092,prior_predictive,higher_compute,b,1,0.050631118011584444,0.02497051888760251,1.0305304315064203,0.0014694367044080891
evaluation-prior_predictive-092,prior_predictive,higher_compute,g,1,0.03265596148687776,0.026013441762853515,0.9991390691849137,0.0010821490064376327
evaluation-prior_predictive-093,prior_predictive,prior,r,1,11.55411192230186,0.031109963166211736,10.799053946067929,0.7215247146501637
evaluation-prior_predictive-093,prior_predictive,prior,b,1,6.251570538496229,0.030670898996628292,8.571607953917049,0.6007672643881258
evaluation-prior_predictive-093,prior_predictive,prior,g,1,0.7200891870320849,0.028626754360015688,3.220612484313785,0.3908885847562423
evaluation-prior_predictive-093,prior_predictive,published,r,1,0.04517511095984967,0.031109963166211736,0.9564755346466062,0.003798875629579553
evaluation-prior_predictive-093,prior_predictive,published,b,1,0.04565934715082849,0.030670898996628292,0.9816786742315976,0.004191435800888677
evaluation-prior_predictive-093,prior_predictive,published,g,1,0.03084639106062096,0.028626754360015688,1.0191305271790898,0.01283128291412479
evaluation-prior_predictive-093,prior_predictive,higher_compute,r,1,0.01752250857630701,0.031109963166211736,1.0063666809842895,0.0004774139370193886
evaluation-prior_predictive-093,prior_predictive,higher_compute,b,1,0.010724147361017188,0.030670898996628292,1.0236236861499255,0.0026096618282423377
evaluation-prior_predictive-093,prior_predictive,higher_compute,g,1,0.02939097890224943,0.028626754360015688,1.0299636503434209,0.007800772762656671
evaluation-prior_predictive-094,prior_predictive,prior,r,1,1.7521092980403947,0.03069131979303496,17.92408692148629,0.45377427884789173
evaluation-prior_predictive-094,prior_predictive,prior,b,1,2.770693430074597,0.02930396445181431,11.468037869788429,0.4763876854084323
evaluation-prior_predictive-094,prior_predictive,prior,g,1,4.57481060409117,0.027133968547746846,4.6813798078762145,0.6339652225331351
evaluation-prior_predictive-094,prior_predictive,published,r,1,0.005253031186513942,0.03069131979303496,0.9745261540740395,0.0008516871952391666
evaluation-prior_predictive-094,prior_predictive,published,b,1,0.06176052419522706,0.02930396445181431,0.9626179495244747,0.002231416377415929
evaluation-prior_predictive-094,prior_predictive,published,g,1,0.05126552895382369,0.027133968547746846,1.002504226041297,0.008028458221962902
evaluation-prior_predictive-094,prior_predictive,higher_compute,r,1,0.017546720712552446,0.03069131979303496,0.9787282738397087,0.0009267127288675366
evaluation-prior_predictive-094,prior_predictive,higher_compute,b,1,0.02652009981841994,0.02930396445181431,0.9664243398994354,0.0015739582661706386
evaluation-prior_predictive-094,prior_predictive,higher_compute,g,1,0.015115114836647002,0.027133968547746846,1.000266843119884,0.005523866012247403
evaluation-prior_predictive-095,prior_predictive,prior,r,1,5.6434710988961445,0.027396562770371335,37.952848753510224,0.4747067925531529
evaluation-prior_predictive-095,prior_predictive,prior,b,1,30.97531203144614,0.02785847505522416,18.47174216309122,0.8746869539267024
evaluation-prior_predictive-095,prior_predictive,prior,g,1,1.5861712109690236,0.02555615386997466,4.90834720702387,0.44789290386821706
evaluation-prior_predictive-095,prior_predictive,published,r,1,0.08167703950150033,0.027396562770371335,1.040316866455968,0.0008394738190299714
evaluation-prior_predictive-095,prior_predictive,published,b,1,0.08299864600158144,0.02785847505522416,1.033053132013778,0.0023936547817314134
evaluation-prior_predictive-095,prior_predictive,published,g,1,0.12053314642303889,0.02555615386997466,1.0700331225006285,0.01097099352491443
evaluation-prior_predictive-095,prior_predictive,higher_compute,r,1,0.03640655203345667,0.027396562770371335,0.9980715874802578,0.00043585656009540824
evaluation-prior_predictive-095,prior_predictive,higher_compute,b,1,0.05797287929593457,0.02785847505522416,0.9983689391799117,0.0015577862873630722
evaluation-prior_predictive-095,prior_predictive,higher_compute,g,1,0.011813661855454146,0.02555615386997466,1.0470565614281766,0.0057627919139528055
evaluation-prior_predictive-096,prior_predictive,prior,r,1,2.517597082666821,0.027019765699051287,29.559925500395877,0.4735673209290536
evaluation-prior_predictive-096,prior_predictive,prior,b,1,22.313659082340642,0.02753360253809878,16.391801840026066,0.7883252605161332
evaluation-prior_predictive-096,prior_predictive,prior,g,1,2.9422238251992456,0.027640353308610515,4.401168253283871,0.5267851286683983
evaluation-prior_predictive-096,prior_predictive,published,r,1,0.04051854709605965,0.027019765699051287,0.9803298478868254,0.0006535496989013012
evaluation-prior_predictive-096,prior_predictive,published,b,1,0.02454328386401811,0.02753360253809878,0.9723857821386531,0.0012101549465286965
evaluation-prior_predictive-096,prior_predictive,published,g,1,0.06824694068120814,0.027640353308610515,0.9902412308883662,0.005938377672042167
evaluation-prior_predictive-096,prior_predictive,higher_compute,r,1,0.0248570894387218,0.027019765699051287,1.0053664978226,0.0001349211159931881
evaluation-prior_predictive-096,prior_predictive,higher_compute,b,1,0.025565574886448804,0.02753360253809878,0.9834918365823544,0.001027724368303673
evaluation-prior_predictive-096,prior_predictive,higher_compute,g,1,0.026444063984801213,0.027640353308610515,1.0155928226672617,0.0017714603915498783
evaluation-prior_predictive-097,prior_predictive,prior,r,1,4.402609897678337,0.02641186091848774,28.966605552345207,0.47517964676029506
evaluation-prior_predictive-097,prior_predictive,prior,b,1,2.1378825476274184,0.025334230125545056,14.583386462046196,0.46574205511733685
evaluation-prior_predictive-097,prior_predictive,prior,g,1,1.6136521919486932,0.025976405067362762,5.154604661901999,0.4451906786728633
evaluation-prior_predictive-097,prior_predictive,published,r,1,0.028281579526108585,0.02641186091848774,0.9378462527401968,0.0013025844101191748
evaluation-prior_predictive-097,prior_predictive,published,b,1,0.030128619146944716,0.025334230125545056,0.9810228475365438,0.002368828379994703
evaluation-prior_predictive-097,prior_predictive,published,g,1,0.0005147021143367993,0.025976405067362762,0.9965891331583953,0.0031920324593950195
evaluation-prior_predictive-097,prior_predictive,higher_compute,r,1,0.0048731080978558945,0.02641186091848774,0.9782406178994567,0.0005216762971273307
evaluation-prior_predictive-097,prior_predictive,higher_compute,b,1,0.008360082145324643,0.025334230125545056,0.9906645455515607,0.0009488725375458529
evaluation-prior_predictive-097,prior_predictive,higher_compute,g,1,0.008270362146315123,0.025976405067362762,0.9936310495276671,0.0013516162230879647
evaluation-prior_predictive-098,prior_predictive,prior,r,1,17.087663582140834,0.027079534299125508,11.114466226182351,0.8158376353735343
evaluation-prior_predictive-098,prior_predictive,prior,b,1,8.556962917353946,0.027872055495137053,5.972487156422934,0.7579332690614201
evaluation-prior_predictive-098,prior_predictive,prior,g,1,9.231752605405624,0.029109321487725694,5.795935311670504,0.7987933508969781
evaluation-prior_predictive-098,prior_predictive,published,r,1,0.08591102723998159,0.027079534299125508,1.0230530468949424,0.0028400321237511683
evaluation-prior_predictive-098,prior_predictive,published,b,1,0.12213108306841229,0.027872055495137053,1.0152725531250686,0.010028072176804325
evaluation-prior_predictive-098,prior_predictive,published,g,1,0.09602506442270457,0.029109321487725694,0.9749796291538363,0.005420821889305233
evaluation-prior_predictive-098,prior_predictive,higher_compute,r,1,0.006789586978042689,0.027079534299125508,1.013907084537862,0.0006153593831198142
evaluation-prior_predictive-098,prior_predictive,higher_compute,b,1,0.003353918722653897,0.027872055495137053,1.0247597749745487,0.002298404026648937
evaluation-prior_predictive-098,prior_predictive,higher_compute,g,1,0.033129622077442265,0.029109321487725694,1.0155442143512416,0.0030303435458531314
evaluation-prior_predictive-099,prior_predictive,prior,r,1,44.033432475952914,0.026327393930994487,41.346041657448026,0.7323091876682275
evaluation-prior_predictive-099,prior_predictive,prior,b,1,26.485684763170255,0.025943149439397104,20.37945904394458,0.7794211401595944
evaluation-prior_predictive-099,prior_predictive,prior,g,1,1.9343534371757456,0.026103961266178567,7.031487450087661,0.4428630007990554
evaluation-prior_predictive-099,prior_predictive,published,r,1,0.02251331216567699,0.026327393930994487,1.0083982244471428,0.000556369613646357
evaluation-prior_predictive-099,prior_predictive,published,b,1,0.04179453799853042,0.025943149439397104,0.9633492176718303,0.0009530139420089068
evaluation-prior_predictive-099,prior_predictive,published,g,1,0.05996399388149975,0.026103961266178567,1.0255169679879836,0.004277407135732034
evaluation-prior_predictive-099,prior_predictive,higher_compute,r,1,0.009845382064124225,0.026327393930994487,0.9859712768083899,0.00038491732163451847
evaluation-prior_predictive-099,prior_predictive,higher_compute,b,1,0.0035805324989023612,0.025943149439397104,1.0114571474562155,0.001203687402925846
evaluation-prior_predictive-099,prior_predictive,higher_compute,g,1,0.01485573168245126,0.026103961266178567,1.0141970628239252,0.0011833990725382965
evaluation-prior_predictive-100,prior_predictive,prior,r,1,82.68659384550945,0.02569308582135269,48.16802388271321,0.9010010555834125
evaluation-prior_predictive-100,prior_predictive,prior,b,1,36.801898180759025,0.026882191735934653,30.020652547667503,0.7676284409280438
evaluation-prior_predictive-100,prior_predictive,prior,g,1,9.550246579974422,0.02511283993908943,10.277247742600832,0.6396021228052075
evaluation-prior_predictive-100,prior_predictive,published,r,1,0.06102315271739994,0.02569308582135269,0.9324863397896362,0.0012006121949769504
evaluation-prior_predictive-100,prior_predictive,published,b,1,0.050883600851793394,0.026882191735934653,0.9491935161024512,0.0008896929470183501
evaluation-prior_predictive-100,prior_predictive,published,g,1,0.018760476289578693,0.02511283993908943,0.9603776388209221,0.0020324088807524565
evaluation-prior_predictive-100,prior_predictive,higher_compute,r,1,0.0123737903379032,0.02569308582135269,0.9809883258360542,0.0003138883086385806
evaluation-prior_predictive-100,prior_predictive,higher_compute,b,1,0.013732969464917614,0.026882191735934653,0.9988082337853306,0.00016044789545617278
evaluation-prior_predictive-100,prior_predictive,higher_compute,g,1,0.00795799055521525,0.02511283993908943,1.0002992248311533,8.481811635388525e-05
evaluation-prior_predictive-101,prior_predictive,prior,r,1,57.11271582039482,0.02672720373658161,39.89378108983242,0.8201341279178583
evaluation-prior_predictive-101,prior_predictive,prior,b,1,42.29141698315557,0.024289151166489373,27.789005018018113,0.8804466556994557
evaluation-prior_predictive-101,prior_predictive,prior,g,1,12.673411182782479,0.026609682187059547,8.840986764420842,0.7530901769692183
evaluation-prior_predictive-101,prior_predictive,published,r,1,0.0251015521873745,0.02672720373658161,1.0166151753684576,0.00035146944861152996
evaluation-prior_predictive-101,prior_predictive,published,b,1,0.003281697431081692,0.024289151166489373,1.086887068194076,0.0025359701776547896
evaluation-prior_predictive-101,prior_predictive,published,g,1,0.007331556902824301,0.026609682187059547,1.0485424260196237,0.0036486569029841893
evaluation-prior_predictive-101,prior_predictive,higher_compute,r,1,0.005250098019752655,0.02672720373658161,1.0036573547780963,0.00017011790954487202
evaluation-prior_predictive-101,prior_predictive,higher_compute,b,1,0.04951288719695788,0.024289151166489373,1.0477172340149747,0.0016310993039718724
evaluation-prior_predictive-101,prior_predictive,higher_compute,g,1,0.022134514128691916,0.026609682187059547,1.0024844259738066,0.0016787028511354354
evaluation-prior_predictive-102,prior_predictive,prior,r,1,9.085334413860865,0.02606238605061963,27.777578880604743,0.5185654291268292
evaluation-prior_predictive-102,prior_predictive,prior,b,1,5.066016099577485,0.027950614570415387,19.360283257005438,0.5110627196134514
evaluation-prior_predictive-102,prior_predictive,prior,g,1,0.8913453991894075,0.025800169082070768,5.642663336893289,0.4070868032338594
evaluation-prior_predictive-102,prior_predictive,published,r,1,0.05178028346103984,0.02606238605061963,1.0163012467212424,0.0011544604540731918
evaluation-prior_predictive-102,prior_predictive,published,b,1,0.09877316119596437,0.027950614570415387,1.0556652462091598,0.002345694618173422
evaluation-prior_predictive-102,prior_predictive,published,g,1,0.016808723336818137,0.025800169082070768,1.0084686543224948,0.0023962018156865883
evaluation-prior_predictive-102,prior_predictive,higher_compute,r,1,0.02524537476098291,0.02606238605061963,1.0139477032697555,0.0005026142109811893
evaluation-prior_predictive-102,prior_predictive,higher_compute,b,1,0.04498124320478764,0.027950614570415387,1.0321346974747772,0.001114121887913111
evaluation-prior_predictive-102,prior_predictive,higher_compute,g,1,0.014564643632586824,0.025800169082070768,0.996303175026912,0.001713936225332252
evaluation-prior_predictive-103,prior_predictive,prior,r,1,19.586377622655117,0.028877233796911626,19.985768712169314,0.7108898277780676
evaluation-prior_predictive-103,prior_predictive,prior,b,1,12.736810814713174,0.02599953623480465,9.996740739721243,0.7465951206022785
evaluation-prior_predictive-103,prior_predictive,prior,g,1,1.2067899777345612,0.027086890627549036,2.4106715686340414,0.4201243857715062
evaluation-prior_predictive-103,prior_predictive,published,r,1,0.021533651253353804,0.028877233796911626,1.0513448356905453,0.0018955492951665913
evaluation-prior_predictive-103,prior_predictive,published,b,1,0.02818828820105427,0.02599953623480465,1.0074570985551972,0.002326826448484365
evaluation-prior_predictive-103,prior_predictive,published,g,1,0.03980873972807129,0.027086890627549036,1.005343615569593,0.004906819807035737
evaluation-prior_predictive-103,prior_predictive,higher_compute,r,1,0.08762137437284653,0.028877233796911626,1.0338444621666525,0.0024006625815216807
evaluation-prior_predictive-103,prior_predictive,higher_compute,b,1,0.0012889419965065865,0.02599953623480465,1.0298268782884203,0.0023389022333085486
evaluation-prior_predictive-103,prior_predictive,higher_compute,g,1,0.07983937070164912,0.027086890627549036,1.0216937877414103,0.011348282010260544
evaluation-prior_predictive-104,prior_predictive,prior,r,1,1.4403002138846388,0.026687780176493914,30.918541338124975,0.44183864584754134
evaluation-prior_predictive-104,prior_predictive,prior,b,1,6.478865312268024,0.02576714994100558,14.869678997902064,0.5481150597640588
evaluation-prior_predictive-104,prior_predictive,prior,g,1,2.4861041732548674,0.027229860973386883,5.1659861718166225,0.4987354425651544
evaluation-prior_predictive-104,prior_predictive,published,r,1,0.021885613481245906,0.026687780176493914,0.9776278766544542,0.0010185657917323176
evaluation-prior_predictive-104,prior_predictive,published,b,1,0.017621976532102887,0.02576714994100558,0.973823107904933,0.0011310931410395853
evaluation-prior_predictive-104,prior_predictive,published,g,1,0.00047788277145900833,0.027229860973386883,0.9925050188647102,0.002790547096856444
evaluation-prior_predictive-104,prior_predictive,higher_compute,r,1,0.007997950213552797,0.026687780176493914,1.0294838369531967,0.00045122285196915374
evaluation-prior_predictive-104,prior_predictive,higher_compute,b,1,0.03558801581108872,0.02576714994100558,0.9868384301337827,0.0009810276777281856
evaluation-prior_predictive-104,prior_predictive,higher_compute,g,1,0.021530379335063982,0.027229860973386883,1.0106773121062607,0.001777903683992943
evaluation-prior_predictive-105,prior_predictive,prior,r,1,19.220675988262318,0.024356794222822584,13.158647807053296,0.8181200998027176
evaluation-prior_predictive-105,prior_predictive,prior,b,1,9.492746374680014,0.02451071194202016,9.285226829159347,0.6918827973670869
evaluation-prior_predictive-105,prior_predictive,prior,g,1,1.3830766695189625,0.02425127518464696,2.874323727016855,0.4161376311802581
evaluation-prior_predictive-105,prior_predictive,published,r,1,0.1271464352195852,0.024356794222822584,0.9650214863800444,0.0022147655607125394
evaluation-prior_predictive-105,prior_predictive,published,b,1,0.08032873434966283,0.02451071194202016,1.0249737854133414,0.004581779323213686
evaluation-prior_predictive-105,prior_predictive,published,g,1,0.10772116713670499,0.02425127518464696,1.0262468561902243,0.007368005795044888
evaluation-prior_predictive-105,prior_predictive,higher_compute,r,1,0.03196783498160405,0.024356794222822584,1.0310570517831783,0.0019965212247680477
evaluation-prior_predictive-105,prior_predictive,higher_compute,b,1,0.006524610284482591,0.02451071194202016,1.008484171076971,0.001161855602439621
evaluation-prior_predictive-105,prior_predictive,higher_compute,g,1,0.033466211826260896,0.02425127518464696,1.0438403330857298,0.01489126480966628
evaluation-prior_predictive-106,prior_predictive,prior,r,1,32.527294250981576,0.02724430686021858,31.52410371727107,0.7143621763837072
evaluation-prior_predictive-106,prior_predictive,prior,b,1,15.36145673935848,0.02586129689551464,22.2782018044577,0.6243584318705955
evaluation-prior_predictive-106,prior_predictive,prior,g,1,2.4381990718952045,0.026947595621482436,6.891332534252231,0.4813117537307626
evaluation-prior_predictive-106,prior_predictive,published,r,1,0.014440301713805103,0.02724430686021858,0.9999753557585559,0.00018014600539288198
evaluation-prior_predictive-106,prior_predictive,published,b,1,0.012762546496366798,0.02586129689551464,0.9864091816509566,0.00046903081316225227
evaluation-prior_predictive-106,prior_predictive,published,g,1,0.03837241626292799,0.026947595621482436,1.01992703213724,0.0024803418437393393
evaluation-prior_predictive-106,prior_predictive,higher_compute,r,1,0.01048613711585925,0.02724430686021858,1.057939943081713,0.0014132974271735914
evaluation-prior_predictive-106,prior_predictive,higher_compute,b,1,0.02175119991677149,0.02586129689551464,0.99835980797133,0.0007943103329645318
evaluation-prior_predictive-106,prior_predictive,higher_compute,g,1,0.011223057498217223,0.026947595621482436,1.0445404052516862,0.0033829273698399165
evaluation-prior_predictive-107,prior_predictive,prior,r,1,32.42241669777668,0.028673412857469893,41.12445421961407,0.6563444137272739
evaluation-prior_predictive-107,prior_predictive,prior,b,1,3.7659218770623553,0.028265613646296053,20.662519783083734,0.4960201372047922
evaluation-prior_predictive-107,prior_predictive,prior,g,1,18.175058424649176,0.030892315004979125,11.362187193040285,0.8662233704390078
evaluation-prior_predictive-107,prior_predictive,published,r,1,0.10778147392029828,0.028673412857469893,1.0385957582335117,0.0008105478402923675
evaluation-prior_predictive-107,prior_predictive,published,b,1,0.11863868342128533,0.028265613646296053,1.0288682522003028,0.0022307141581007885
evaluation-prior_predictive-107,prior_predictive,published,g,1,0.07491418222828664,0.030892315004979125,1.01939419113503,0.003218691324717634
evaluation-prior_predictive-107,prior_predictive,higher_compute,r,1,0.013950293587328503,0.028673412857469893,1.0540090717036419,0.0005971868671792446
evaluation-prior_predictive-107,prior_predictive,higher_compute,b,1,0.03073628420948322,0.028265613646296053,1.0452526265168134,0.001884715466719733
evaluation-prior_predictive-107,prior_predictive,higher_compute,g,1,0.020545131154036844,0.030892315004979125,1.0067758398387037,0.00047551710589422216
evaluation-prior_predictive-108,prior_predictive,prior,r,1,48.72572975609624,0.027135040456891774,48.145168057571254,0.7310024041831515
evaluation-prior_predictive-108,prior_predictive,prior,b,1,63.29568552267837,0.027862709802719286,36.756707572987885,0.9288675080984949
evaluation-prior_predictive-108,prior_predictive,prior,g,1,7.156976172845613,0.025949465051833202,7.4983688107520505,0.6743109070888266
evaluation-prior_predictive-108,prior_predictive,published,r,1,0.06580461753191225,0.027135040456891774,1.0133295217994127,0.0002765847648023752
evaluation-prior_predictive-108,prior_predictive,published,b,1,0.03306617053885107,0.027862709802719286,0.9858849111932753,0.0003699470419210371
evaluation-prior_predictive-108,prior_predictive,published,g,1,0.017723587539527224,0.025949465051833202,1.0120318700341049,0.001182053960943133
evaluation-prior_predictive-108,prior_predictive,higher_compute,r,1,0.020742034049625716,0.027135040456891774,1.0401780366763502,0.0008164156506442014
evaluation-prior_predictive-108,prior_predictive,higher_compute,b,1,0.0571208484375966,0.027862709802719286,0.9899538087443077,0.00022412612497637596
evaluation-prior_predictive-108,prior_predictive,higher_compute,g,1,0.0018950659334030354,0.025949465051833202,1.01208024974083,0.0023208474238378685
evaluation-prior_predictive-109,prior_predictive,prior,r,1,9.310903656928064,0.028695450221520244,19.828579481532245,0.5578643334613612
evaluation-prior_predictive-109,prior_predictive,prior,b,1,15.16260592335705,0.027674577993796738,11.774862805558083,0.7543382020722694
evaluation-prior_predictive-109,prior_predictive,prior,g,1,6.558737737652631,0.027484240833415836,4.486581197778569,0.7387699715458312
evaluation-prior_predictive-109,prior_predictive,published,r,1,0.051160296742647084,0.028695450221520244,0.9323885833699583,0.002137801943209302
evaluation-prior_predictive-109,prior_predictive,published,b,1,0.016014670459439422,0.027674577993796738,1.0461635695160432,0.0018342073959006556
evaluation-prior_predictive-109,prior_predictive,published,g,1,0.05725689207728515,0.027484240833415836,0.9173322245031281,0.016330033698404092
evaluation-prior_predictive-109,prior_predictive,higher_compute,r,1,0.02085618007375097,0.028695450221520244,1.0004240431463287,0.0006681176333533934
evaluation-prior_predictive-109,prior_predictive,higher_compute,b,1,0.013800300683580513,0.027674577993796738,0.992086763547386,0.0008582383100531388
evaluation-prior_predictive-109,prior_predictive,higher_compute,g,1,0.023964020659885774,0.027484240833415836,1.0077731924291389,0.0017264826741140299
evaluation-prior_predictive-110,prior_predictive,prior,r,1,12.252925780009717,0.028219273914779186,38.75687476101089,0.5226435113688264
evaluation-prior_predictive-110,prior_predictive,prior,b,1,18.717235463571786,0.032477223023717014,19.57701307011476,0.6990288087271722
evaluation-prior_predictive-110,prior_predictive,prior,g,1,13.112041940966284,0.029505253608040863,7.974409217768797,0.835709870925796
evaluation-prior_predictive-110,prior_predictive,published,r,1,0.04468592247919435,0.028219273914779186,1.0228094075824232,0.0009426449776258986
evaluation-prior_predictive-110,prior_predictive,published,b,1,0.004166288584424026,0.032477223023717014,1.0485679609258856,0.001485260724978943
evaluation-prior_predictive-110,prior_predictive,published,g,1,0.07120324723583418,0.029505253608040863,1.0356892245466285,0.004870010223728231
evaluation-prior_predictive-110,prior_predictive,higher_compute,r,1,0.024572959111658115,0.028219273914779186,0.9899409794688564,0.00047362828930822926
evaluation-prior_predictive-110,prior_predictive,higher_compute,b,1,0.028130876199886183,0.032477223023717014,1.0262866879007173,0.0007289822153104808
evaluation-prior_predictive-110,prior_predictive,higher_compute,g,1,0.031195660540510452,0.029505253608040863,0.9765891129775166,0.0019553901636883662
evaluation-prior_predictive-111,prior_predictive,prior,r,1,28.024156513761234,0.02646365288603527,21.598969698489437,0.8086976014559951
evaluation-prior_predictive-111,prior_predictive,prior,b,1,0.6603546659274695,0.027422150167080814,10.124095251702489,0.42201604665557274
evaluation-prior_predictive-111,prior_predictive,prior,g,1,5.433601227061728,0.025625273441380034,3.8553594713991126,0.7018767509139571
evaluation-prior_predictive-111,prior_predictive,published,r,1,0.0027683866707452816,0.02646365288603527,0.9617387121144196,0.0030963348986456176
evaluation-prior_predictive-111,prior_predictive,published,b,1,0.029968902614964304,0.027422150167080814,1.0210752937696292,0.002916209987874829
evaluation-prior_predictive-111,prior_predictive,published,g,1,0.04494938688230056,0.025625273441380034,0.9723579537759309,0.011711952277865464
evaluation-prior_predictive-111,prior_predictive,higher_compute,r,1,0.024251676430370128,0.02646365288603527,0.9871279338863524,0.0010373837974597677
evaluation-prior_predictive-111,prior_predictive,higher_compute,b,1,0.03299895753918878,0.027422150167080814,1.0026867538245985,0.0004261778502515412
evaluation-prior_predictive-111,prior_predictive,higher_compute,g,1,0.003030142035254562,0.025625273441380034,0.9948632506586524,0.0026517387268393602
evaluation-prior_predictive-112,prior_predictive,prior,r,1,15.381967179557751,0.026250098143939523,24.872006551992243,0.5939879748201555
evaluation-prior_predictive-112,prior_predictive,prior,b,1,2.6757997302441168,0.027110924828495406,13.04464246571233,0.4690432287397995
evaluation-prior_predictive-112,prior_predictive,prior,g,1,0.8879143806229662,0.025728787268166575,3.461954884299972,0.4060989340870969
evaluation-prior_predictive-112,prior_predictive,published,r,1,0.01825439106442202,0.026250098143939523,0.9270175612867089,0.0015478659547757772
evaluation-prior_predictive-112,prior_predictive,published,b,1,0.017935227114496608,0.027110924828495406,1.0157894105333019,0.0011964812632049514
evaluation-prior_predictive-112,prior_predictive,published,g,1,0.018519682564649396,0.025728787268166575,0.9435622065628153,0.011646223868580219
evaluation-prior_predictive-112,prior_predictive,higher_compute,r,1,0.016033229974564623,0.026250098143939523,0.9813862098779464,0.00043421777309567605
evaluation-prior_predictive-112,prior_predictive,higher_compute,b,1,0.015202803982954965,0.027110924828495406,1.0009935138444062,0.00045965103768148553
evaluation-prior_predictive-112,prior_predictive,higher_compute,g,1,0.0038303973433209296,0.025728787268166575,0.966166372602607,0.004815268039654666
evaluation-prior_predictive-113,prior_predictive,prior,r,1,28.316525376420405,0.024892342482998733,15.625096320491384,0.8725148910796022
evaluation-prior_predictive-113,prior_predictive,prior,b,1,18.28578484526733,0.027023946172819932,11.470046597624503,0.8481965668138441
evaluation-prior_predictive-113,prior_predictive,prior,g,1,0.8834571230056152,0.025067303752241022,3.5300440023129394,0.3935831591294341
evaluation-prior_predictive-113,prior_predictive,published,r,1,0.09327154953878988,0.024892342482998733,0.9380641655850532,0.004443004511281916
evaluation-prior_predictive-113,prior_predictive,published,b,1,0.008530377349732624,0.027023946172819932,1.0387251142507485,0.0034379856442919633
evaluation-prior_predictive-113,prior_predictive,published,g,1,0.10965997926448207,0.025067303752241022,0.975961502257326,0.012953021708616702
evaluation-prior_predictive-113,prior_predictive,higher_compute,r,1,0.031454252909760505,0.024892342482998733,0.9955281395348788,0.0006943978428788355
evaluation-prior_predictive-113,prior_predictive,higher_compute,b,1,0.005471134758258102,0.027023946172819932,0.9980855997775296,0.000514402620843768
evaluation-prior_predictive-113,prior_predictive,higher_compute,g,1,0.02057173674712954,0.025067303752241022,1.0064431658273998,0.0017929412525454283
evaluation-prior_predictive-114,prior_predictive,prior,r,1,25.94998321455523,0.027684911497592044,22.909589355992814,0.7485611366642179
evaluation-prior_predictive-114,prior_predictive,prior,b,1,17.570970826367038,0.02754952219348208,11.215112658566614,0.8237920526085173
evaluation-prior_predictive-114,prior_predictive,prior,g,1,7.805895517488351,0.027174244158654916,5.215747049834544,0.7656395891869273
evaluation-prior_predictive-114,prior_predictive,published,r,1,0.007088606087365496,0.027684911497592044,0.9569221825186225,0.0015686075952262197
evaluation-prior_predictive-114,prior_predictive,published,b,1,0.03280550773696133,0.02754952219348208,0.998214419428099,0.00020765605014538835
evaluation-prior_predictive-114,prior_predictive,published,g,1,0.030719099784911247,0.027174244158654916,1.0233557148330008,0.0027912936543793287
evaluation-prior_predictive-114,prior_predictive,higher_compute,r,1,0.1092707721949963,0.027684911497592044,0.9693740634042524,0.0023470451417095064
evaluation-prior_predictive-114,prior_predictive,higher_compute,b,1,0.1083792251245116,0.02754952219348208,0.9862746027777435,0.003435992818489364
evaluation-prior_predictive-114,prior_predictive,higher_compute,g,1,0.061800255542972644,0.027174244158654916,1.0384789565239803,0.005981535184300564
evaluation-prior_predictive-115,prior_predictive,prior,r,1,26.054667483745774,0.03075828077477558,22.930113196615277,0.7568576888568321
evaluation-prior_predictive-115,prior_predictive,prior,b,1,15.364714464064397,0.029739543878282242,11.6453849830882,0.7810539207358074
evaluation-prior_predictive-115,prior_predictive,prior,g,1,13.697130429183042,0.03276594713856736,8.868201723482827,0.8406014838966454
evaluation-prior_predictive-115,prior_predictive,published,r,1,0.09027236083117839,0.03075828077477558,0.9982019654335431,0.0009903982037046493
evaluation-prior_predictive-115,prior_predictive,published,b,1,0.006977962053814894,0.029739543878282242,1.031702637606882,0.0029774717319215327
evaluation-prior_predictive-115,prior_predictive,published,g,1,0.1549294789148963,0.03276594713856736,0.9267411060526203,0.007906366292326078
evaluation-prior_predictive-115,prior_predictive,higher_compute,r,1,0.055043198119181694,0.03075828077477558,1.0216141571330641,0.0007152356033826024
evaluation-prior_predictive-115,prior_predictive,higher_compute,b,1,0.022837569381431156,0.029739543878282242,1.0219241370862262,0.002422015479315931
evaluation-prior_predictive-115,prior_predictive,higher_compute,g,1,0.09182529368948561,0.03276594713856736,0.9955035141728087,0.00029195237112256134
evaluation-prior_predictive-116,prior_predictive,prior,r,1,30.90070761392244,0.026543289938708206,19.297450361596987,0.8640755025225065
evaluation-prior_predictive-116,prior_predictive,prior,b,1,7.948204295909375,0.02579133541435159,9.979837398616743,0.6271198414346482
evaluation-prior_predictive-116,prior_predictive,prior,g,1,2.594386193460794,0.026739900304715018,4.2997858726760185,0.4904431580934011
evaluation-prior_predictive-116,prior_predictive,published,r,1,0.07211274876684434,0.026543289938708206,0.9793746651651,0.0018475260473014288
evaluation-prior_predictive-116,prior_predictive,published,b,1,0.01847393546573553,0.02579133541435159,0.9465404536845013,0.004676737552392574
evaluation-prior_predictive-116,prior_predictive,published,g,1,0.10215234560222997,0.026739900304715018,0.9093338911149192,0.015848639210014892
evaluation-prior_predictive-116,prior_predictive,higher_compute,r,1,0.009890262587267872,0.026543289938708206,0.9992635832505571,0.000515541866855429
evaluation-prior_predictive-116,prior_predictive,higher_compute,b,1,0.06201731323695333,0.02579133541435159,0.9774885105468482,0.004211598860587884
evaluation-prior_predictive-116,prior_predictive,higher_compute,g,1,0.05906409385706097,0.026739900304715018,0.9622648886952024,0.008907148085618849
evaluation-prior_predictive-117,prior_predictive,prior,r,1,12.12438368376922,0.026907811612386832,13.036858007215415,0.6838514046117966
evaluation-prior_predictive-117,prior_predictive,prior,b,1,4.162913325668754,0.026987666513150547,11.582377708974303,0.5177207413485261
evaluation-prior_predictive-117,prior_predictive,prior,g,1,2.9067014147517765,0.026092435090100587,2.9297466472342304,0.5694005117711595
evaluation-prior_predictive-117,prior_predictive,published,r,1,0.016199455540282185,0.026907811612386832,1.020826981802773,0.001816605947634849
evaluation-prior_predictive-117,prior_predictive,published,b,1,0.0437038633566155,0.026987666513150547,0.9994157311387991,0.0018545944363939526
evaluation-prior_predictive-117,prior_predictive,published,g,1,0.020039251257753764,0.026092435090100587,0.9918033428117768,0.007952728858767848
evaluation-prior_predictive-117,prior_predictive,higher_compute,r,1,0.04207544889572188,0.026907811612386832,1.0023221904644666,0.0014180115460880789
evaluation-prior_predictive-117,prior_predictive,higher_compute,b,1,0.02070302985918476,0.026987666513150547,1.0115474938720952,0.0005708738041604988
evaluation-prior_predictive-117,prior_predictive,higher_compute,g,1,0.0575203780992016,0.026092435090100587,1.009155960294424,0.0036554924550345758
evaluation-prior_predictive-118,prior_predictive,prior,r,1,55.99497546970777,0.025200381962616803,40.38800262823603,0.8205524679049158
evaluation-prior_predictive-118,prior_predictive,prior,b,1,16.14044263444305,0.02377941842852817,19.53414212175956,0.6463272565691133
evaluation-prior_predictive-118,prior_predictive,prior,g,1,2.11025132781266,0.02558361610908062,6.231401534411183,0.46640900514915384
evaluation-prior_predictive-118,prior_predictive,published,r,1,0.03743126351194591,0.025200381962616803,0.9986305537317218,1.7018318658153692e-05
evaluation-prior_predictive-118,prior_predictive,published,b,1,0.04751354194297161,0.02377941842852817,1.026086866705968,0.0008215530311370678
evaluation-prior_predictive-118,prior_predictive,published,g,1,0.026138313360765796,0.02558361610908062,0.9897453233575161,0.000937750598609538
evaluation-prior_predictive-118,prior_predictive,higher_compute,r,1,0.027369343682251725,0.025200381962616803,1.026430131110437,0.0005737030016716993
evaluation-prior_predictive-118,prior_predictive,higher_compute,b,1,0.04208182254805075,0.02377941842852817,1.0166197594626039,0.0011294675364101003
evaluation-prior_predictive-118,prior_predictive,higher_compute,g,1,0.022434692925120802,0.02558361610908062,0.9875405076804743,0.0014431241776599602
evaluation-prior_predictive-119,prior_predictive,prior,r,1,10.903126558193353,0.028358750514665656,17.55785011628855,0.5927429613850916
evaluation-prior_predictive-119,prior_predictive,prior,b,1,5.474560829948568,0.028504209162099673,8.917631609643966,0.5526985949466262
evaluation-prior_predictive-119,prior_predictive,prior,g,1,3.2027868027496313,0.02685577338847552,4.834839727350395,0.5363163211329475
evaluation-prior_predictive-119,prior_predictive,published,r,1,0.0025253958708342287,0.028358750514665656,1.0397432460908769,0.0010106755871501782
evaluation-prior_predictive-119,prior_predictive,published,b,1,0.024334568094177573,0.028504209162099673,0.9574613882966237,0.002964288697197226
evaluation-prior_predictive-119,prior_predictive,published,g,1,0.001995301698581553,0.02685577338847552,1.0634097588175095,0.007933654803124433
evaluation-prior_predictive-119,prior_predictive,higher_compute,r,1,0.01604983162806474,0.028358750514665656,1.0142185664868602,0.000791465024991093
evaluation-prior_predictive-119,prior_predictive,higher_compute,b,1,0.04357438102100813,0.028504209162099673,0.9907921244475106,0.0017213666476832757
evaluation-prior_predictive-119,prior_predictive,higher_compute,g,1,0.013542811158201877,0.02685577338847552,1.047031442085408,0.005101233668494548
evaluation-prior_predictive-120,prior_predictive,prior,r,1,63.48609627291047,0.026877339646350983,38.60128132745489,0.8790908725530121
evaluation-prior_predictive-120,prior_predictive,prior,b,1,9.909408625405971,0.02516515853485812,25.22543241553432,0.5232166002730672
evaluation-prior_predictive-120,prior_predictive,prior,g,1,9.37857606297388,0.02769700989435212,9.138178307568051,0.6913862774069619
evaluation-prior_predictive-120,prior_predictive,published,r,1,0.0023374403721306324,0.026877339646350983,0.9590148907175393,0.0012173228374664873
evaluation-prior_predictive-120,prior_predictive,published,b,1,0.053763985685101955,0.02516515853485812,0.946732642842163,0.0010304101752645067
evaluation-prior_predictive-120,prior_predictive,published,g,1,0.013885280743993235,0.02769700989435212,1.0205929984558484,0.003427471845001001
evaluation-prior_predictive-120,prior_predictive,higher_compute,r,1,0.0013374355279267079,0.026877339646350983,0.990236749416552,0.00013011346934129384
evaluation-prior_predictive-120,prior_predictive,higher_compute,b,1,0.016519247508736384,0.02516515853485812,0.9815839175420801,0.0005750573326294805
evaluation-prior_predictive-120,prior_predictive,higher_compute,g,1,0.021495455122189547,0.02769700989435212,1.0438587141759137,0.0029310133438557873
evaluation-prior_predictive-121,prior_predictive,prior,r,1,19.389042344856204,0.02884126940679049,18.77925800039565,0.7222386138165197
evaluation-prior_predictive-121,prior_predictive,prior,b,1,9.255722117569217,0.02831941683294344,7.5041591081022,0.730674362476569
evaluation-prior_predictive-121,prior_predictive,prior,g,1,1.6182583232207173,0.027574041502316432,3.4848973519387814,0.4496823775797985
evaluation-prior_predictive-121,prior_predictive,published,r,1,0.04178560451217462,0.02884126940679049,0.9134169777921034,0.003223510380505168
evaluation-prior_predictive-121,prior_predictive,published,b,1,0.03953843349116263,0.02831941683294344,0.9709658469231263,0.0041160783552545155
evaluation-prior_predictive-121,prior_predictive,published,g,1,0.019008161820729286,0.027574041502316432,0.9798579573414015,0.005405399089137147
evaluation-prior_predictive-121,prior_predictive,higher_compute,r,1,0.002430210423876013,0.02884126940679049,0.9842876561490119,0.0006701410264941347
evaluation-prior_predictive-121,prior_predictive,higher_compute,b,1,0.035957687922521575,0.02831941683294344,0.9724855525139251,0.0029349909434252196
evaluation-prior_predictive-121,prior_predictive,higher_compute,g,1,0.002641729929077484,0.027574041502316432,0.9880002556002475,0.001959827948175147
evaluation-prior_predictive-122,prior_predictive,prior,r,1,4.379774622978598,0.026934141771164377,27.240035356196515,0.48291570269685513
evaluation-prior_predictive-122,prior_predictive,prior,b,1,2.4652574440000197,0.025555151401215188,12.66949572232078,0.46159818371059574
evaluation-prior_predictive-122,prior_predictive,prior,g,1,1.8864030613108862,0.026712737973578628,4.828659190353209,0.46293942963203133
evaluation-prior_predictive-122,prior_predictive,published,r,1,0.034885651640205434,0.026934141771164377,0.9643652713838983,0.00108419833627534
evaluation-prior_predictive-122,prior_predictive,published,b,1,0.07135926839227089,0.025555151401215188,0.9756649767863742,0.0030099770297944417
evaluation-prior_predictive-122,prior_predictive,published,g,1,0.0970033947864884,0.026712737973578628,0.9744124591566323,0.0094694880986183
evaluation-prior_predictive-122,prior_predictive,higher_compute,r,1,0.02128728306762277,0.026934141771164377,1.0118516342037744,0.0004575106864881384
evaluation-prior_predictive-122,prior_predictive,higher_compute,b,1,0.012405958629029096,0.025555151401215188,1.0175690427699122,0.0010911456927988005
evaluation-prior_predictive-122,prior_predictive,higher_compute,g,1,0.010795637306730466,0.026712737973578628,0.9758910657359094,0.003660080999453516
evaluation-prior_predictive-123,prior_predictive,prior,r,1,21.57552590047863,0.027018735627393486,31.15818764012739,0.6156757656279814
evaluation-prior_predictive-123,prior_predictive,prior,b,1,1.814603121969618,0.027699394489659884,23.584493129218504,0.43927896996563975
evaluation-prior_predictive-123,prior_predictive,prior,g,1,2.989763497796736,0.02718245018705116,5.571850526118127,0.520282282288001
evaluation-prior_predictive-123,prior_predictive,published,r,1,0.04983832016542904,0.027018735627393486,0.9868202217478997,0.0009493043258361015
evaluation-prior_predictive-123,prior_predictive,published,b,1,0.06664487053084446,0.027699394489659884,0.9765049157221962,0.0011945719123247045
evaluation-prior_predictive-123,prior_predictive,published,g,1,0.0014512017910885593,0.02718245018705116,0.9997952165774838,0.0018222821806229
evaluation-prior_predictive-123,prior_predictive,higher_compute,r,1,0.014054293247753275,0.027018735627393486,0.9683823578447113,0.0010070149331777856
evaluation-prior_predictive-123,prior_predictive,higher_compute,b,1,0.025194473321527796,0.027699394489659884,0.9771596881237775,0.0004999231237654556
evaluation-prior_predictive-123,prior_predictive,higher_compute,g,1,0.03514105195412919,0.02718245018705116,1.034904800205619,0.0048761025409777
evaluation-prior_predictive-124,prior_predictive,prior,r,1,11.870236490779625,0.031093289674275364,18.65292633703017,0.5910720037251057
evaluation-prior_predictive-124,prior_predictive,prior,b,1,16.34859896576338,0.028618467760508578,13.15457585911579,0.7635473982722274
evaluation-prior_predictive-124,prior_predictive,prior,g,1,4.20019758019876,0.028179459492422974,4.7326867298802595,0.5986477180391943
evaluation-prior_predictive-124,prior_predictive,published,r,1,0.03543389279722267,0.031093289674275364,1.0169296170755893,0.001075731094741202
evaluation-prior_predictive-124,prior_predictive,published,b,1,0.027949809271063806,0.028618467760508578,1.0138378935176768,0.0010064997930973262
evaluation-prior_predictive-124,prior_predictive,published,g,1,0.04781496039462846,0.028179459492422974,1.0136218206324723,0.0016476831427021839
evaluation-prior_predictive-124,prior_predictive,higher_compute,r,1,0.014473299642182096,0.031093289674275364,1.0135438115331523,0.0004809831238151337
evaluation-prior_predictive-124,prior_predictive,higher_compute,b,1,0.01897983428944186,0.028618467760508578,1.0132551921663262,0.0009527277598945005
evaluation-prior_predictive-124,prior_predictive,higher_compute,g,1,0.01231205076442964,0.028179459492422974,1.0280001810138872,0.003630124806630799
evaluation-prior_predictive-125,prior_predictive,prior,r,1,8.60304274820483,0.02563029106881674,27.214801493560103,0.5175626550070359
evaluation-prior_predictive-125,prior_predictive,prior,b,1,14.833376158981562,0.02544032475336692,17.167826806798228,0.671817477835812
evaluation-prior_predictive-125,prior_predictive,prior,g,1,4.127627965232531,0.025516780418836166,5.343920839526922,0.5686857901254461
evaluation-prior_predictive-125,prior_predictive,published,r,1,0.04450951396147198,0.02563029106881674,1.005074952807652,0.00034209382575471164
evaluation-prior_predictive-125,prior_predictive,published,b,1,0.019451914403292154,0.02544032475336692,1.0159358229301612,0.0009569486512905456
evaluation-prior_predictive-125,prior_predictive,published,g,1,0.03098348541169939,0.025516780418836166,1.0374838014273604,0.004596233301090921
evaluation-prior_predictive-125,prior_predictive,higher_compute,r,1,0.04352442472707059,0.02563029106881674,1.0303508500040572,0.0007645937849843539
evaluation-prior_predictive-125,prior_predictive,higher_compute,b,1,0.04421753470016522,0.02544032475336692,0.9804135835492752,0.001013080639326347
evaluation-prior_predictive-125,prior_predictive,higher_compute,g,1,0.001371118274593484,0.025516780418836166,1.042742107633989,0.004262068275048304
evaluation-prior_predictive-126,prior_predictive,prior,r,1,1.5247950044858247,0.026708296275821435,21.65542695608494,0.46174969216701806
evaluation-prior_predictive-126,prior_predictive,prior,b,1,7.448764703818056,0.02676020532704287,12.370892043269171,0.578896471783761
evaluation-prior_predictive-126,prior_predictive,prior,g,1,5.15690354977846,0.025697563120565033,4.662638270960695,0.650330756649469
evaluation-prior_predictive-126,prior_predictive,published,r,1,0.030871462155548788,0.026708296275821435,1.0055993013147568,0.001350482426481688
evaluation-prior_predictive-126,prior_predictive,published,b,1,0.017134673303715646,0.02676020532704287,0.9873850335766724,0.002260098319889092
evaluation-prior_predictive-126,prior_predictive,published,g,1,0.07113865030372693,0.025697563120565033,0.9389132306807229,0.013208853146265825
evaluation-prior_predictive-126,prior_predictive,higher_compute,r,1,0.08538198354840004,0.026708296275821435,0.9778384765388588,0.0017146849236534163
evaluation-prior_predictive-126,prior_predictive,higher_compute,b,1,0.044655679665059025,0.02676020532704287,0.9643440950943388,0.0025309156416795987
evaluation-prior_predictive-126,prior_predictive,higher_compute,g,1,0.05925290267602571,0.025697563120565033,0.9960815305874836,0.0032574825665608598
evaluation-prior_predictive-127,prior_predictive,prior,r,1,4.15573628903773,0.02715758369199499,28.233730870642198,0.46266774808902533
evaluation-prior_predictive-127,prior_predictive,prior,b,1,19.42602265492883,0.02663163364656579,14.37342882058516,0.7608573595797969
evaluation-prior_predictive-127,prior_predictive,prior,g,1,8.691352204369709,0.027875299483450345,6.040698594002551,0.7622262702820068
evaluation-prior_predictive-127,prior_predictive,published,r,1,0.03782639367069329,0.02715758369199499,1.0159412938987225,0.0007429310532944081
evaluation-prior_predictive-127,prior_predictive,published,b,1,0.09800575957356367,0.02663163364656579,0.9393550164248168,0.0029192204971499438
evaluation-prior_predictive-127,prior_predictive,published,g,1,0.06019476698478873,0.027875299483450345,1.002657850119793,0.0050281454740430664
evaluation-prior_predictive-127,prior_predictive,higher_compute,r,1,0.024146805611499164,0.02715758369199499,0.9932445827690893,0.00043050728277815864
evaluation-prior_predictive-127,prior_predictive,higher_compute,b,1,0.02188692897126035,0.02663163364656579,0.9600900075387885,0.0020958753482062777
evaluation-prior_predictive-127,prior_predictive,higher_compute,g,1,0.00039972729114882977,0.027875299483450345,0.978863342477381,0.0031125903176115743
evaluation-ecological-000,ecological,prior,r,1,20.588764096978515,0.023731030910541556,50.44587217606594,0.5504426425810905
evaluation-ecological-000,ecological,prior,b,1,48.56999405024081,0.025254913263802376,33.427316156639996,0.8207635951866935
evaluation-ecological-000,ecological,prior,g,1,6.179438480673332,0.025416207069237664,6.930828984730802,0.6304856882473769
evaluation-ecological-000,ecological,published,r,1,0.026181020838891348,0.023731030910541556,0.98219389781369,0.00018801321816841465
evaluation-ecological-000,ecological,published,b,1,0.04063759162626546,0.025254913263802376,0.9896061263030151,0.000718764168996211
evaluation-ecological-000,ecological,published,g,1,0.03912120677630394,0.025416207069237664,1.0146686074938729,0.0031098142804188156
evaluation-ecological-000,ecological,higher_compute,r,1,0.010144189814425249,0.023731030910541556,1.009096559387795,0.00010777912758334433
evaluation-ecological-000,ecological,higher_compute,b,1,0.04131232671445088,0.025254913263802376,1.0119945401428925,0.000637348595804843
evaluation-ecological-000,ecological,higher_compute,g,1,0.012176493314001209,0.025416207069237664,1.0258992040984027,0.004214894008834624
evaluation-ecological-001,ecological,prior,r,1,4.965371393005403,0.02677972622242258,64.37713809096799,0.4716675693311935
evaluation-ecological-001,ecological,prior,b,1,47.14198200885621,0.028110215622637928,38.002100568990706,0.7738831105621925
evaluation-ecological-001,ecological,prior,g,1,0.6419740202695565,0.026581964845719647,10.496942963467964,0.42009191945988994
evaluation-ecological-001,ecological,published,r,1,0.0016793876221666948,0.02677972622242258,1.0045470499213807,0.00011387935318474263
evaluation-ecological-001,ecological,published,b,1,0.056433342698889055,0.028110215622637928,0.9337433407831301,0.001069524062191718
evaluation-ecological-001,ecological,published,g,1,0.043354277442816995,0.026581964845719647,0.9589821547844286,0.0022905682566599916
evaluation-ecological-001,ecological,higher_compute,r,1,0.04365902086847592,0.02677972622242258,1.0378077331495839,0.0004427594974337386
evaluation-ecological-001,ecological,higher_compute,b,1,0.020364993130155076,0.028110215622637928,0.9870736819187836,0.0001654849467646713
evaluation-ecological-001,ecological,higher_compute,g,1,0.03353034756166829,0.026581964845719647,1.0363549690669802,0.0016360458454207222
evaluation-ecological-002,ecological,prior,r,1,25.867784364689903,0.02658149740717585,44.27419974575611,0.59932743582607
evaluation-ecological-002,ecological,prior,b,1,35.03669184645165,0.02536284133563255,31.04576890664309,0.7190716317852862
evaluation-ecological-002,ecological,prior,g,1,9.776317408863722,0.028332799986317884,6.984866684573527,0.7755527336902368
evaluation-ecological-002,ecological,published,r,1,0.0513836828971717,0.02658149740717585,0.997417673462916,0.0001654329688179542
evaluation-ecological-002,ecological,published,b,1,0.005940955615125044,0.02536284133563255,1.0081810078818005,0.000440173846443459
evaluation-ecological-002,ecological,published,g,1,0.04620392997440241,0.028332799986317884,0.9988636663848492,0.0015094869347042489
evaluation-ecological-002,ecological,higher_compute,r,1,0.01237075122904668,0.02658149740717585,0.9857870652443914,0.0002067711032364509
evaluation-ecological-002,ecological,higher_compute,b,1,0.014174972424754245,0.02536284133563255,0.9874856302171475,0.00034493998194715656
evaluation-ecological-002,ecological,higher_compute,g,1,0.0024142680671059304,0.028332799986317884,1.004602021568977,0.0014596550359318936
evaluation-ecological-003,ecological,prior,r,1,33.743942803840184,0.02715812826952462,47.59106978970846,0.6236955998649804
evaluation-ecological-003,ecological,prior,b,1,24.91878395148179,0.028212559184009122,36.48176019467654,0.6156350327492736
evaluation-ecological-003,ecological,prior,g,1,3.3413025737420767,0.026408976890525647,8.886686797444012,0.4926702117208657
evaluation-ecological-003,ecological,published,r,1,0.038439970670067235,0.02715812826952462,0.9564253797257822,0.0007755389801570681
evaluation-ecological-003,ecological,published,b,1,0.013419673447688357,0.028212559184009122,0.9888409142407437,0.00040250675546484873
evaluation-ecological-003,ecological,published,g,1,0.029239511621393693,0.026408976890525647,1.0444378353912507,0.002911735112443928
evaluation-ecological-003,ecological,higher_compute,r,1,0.06370920175263678,0.02715812826952462,1.008934153196184,0.0005112502837012478
evaluation-ecological-003,ecological,higher_compute,b,1,0.023019312062889465,0.028212559184009122,1.0327161061423695,0.0006018151688721218
evaluation-ecological-003,ecological,higher_compute,g,1,0.04017007729511256,0.026408976890525647,1.067651897804452,0.004238023938717694
evaluation-ecological-004,ecological,prior,r,1,11.424855543275655,0.026356836037361768,62.82844508768424,0.4857926574512194
evaluation-ecological-004,ecological,prior,b,1,0.1633172920322395,0.02640334929927029,37.663801519329326,0.4449852458738244
evaluation-ecological-004,ecological,prior,g,1,1.9673739256706235,0.02659572376915503,8.76349870960366,0.4695779462805007
evaluation-ecological-004,ecological,published,r,1,0.01757057891208193,0.026356836037361768,0.9983380977787868,0.00014049117008418932
evaluation-ecological-004,ecological,published,b,1,0.012057443992611326,0.02640334929927029,1.0012190214531016,0.0004133863999061127
evaluation-ecological-004,ecological,published,g,1,0.059702472499192014,0.02659572376915503,1.057727532662858,0.004410278488764588
evaluation-ecological-004,ecological,higher_compute,r,1,0.0009083740814780592,0.026356836037361768,1.0010752661763405,0.0001354862363787864
evaluation-ecological-004,ecological,higher_compute,b,1,0.0014577584480243932,0.02640334929927029,1.0142455821465572,0.00039770510652701316
evaluation-ecological-004,ecological,higher_compute,g,1,0.015068261692041174,0.02659572376915503,0.9996421108266519,0.001172382150515655
evaluation-ecological-005,ecological,prior,r,1,31.19386503693291,0.029747989635456103,29.659474437815337,0.7099437333051767
evaluation-ecological-005,ecological,prior,b,1,33.68060708425124,0.026200826120896747,25.557533796954043,0.7936049690613408
evaluation-ecological-005,ecological,prior,g,1,5.562695468184499,0.03002948870630516,6.073335869416491,0.6344260493681992
evaluation-ecological-005,ecological,published,r,1,0.014917888208343293,0.029747989635456103,1.002117214725847,0.0001787817658357819
evaluation-ecological-005,ecological,published,b,1,0.02288338582615713,0.026200826120896747,0.9953077686500168,0.0005549705762480705
evaluation-ecological-005,ecological,published,g,1,0.03554415046467128,0.03002948870630516,1.0037688873622634,0.0021647622638142766
evaluation-ecological-005,ecological,higher_compute,r,1,0.06094900743751588,0.029747989635456103,0.9836190669231617,0.0006740222237155239
evaluation-ecological-005,ecological,higher_compute,b,1,0.02986103478285463,0.026200826120896747,0.974421388909051,0.0009344639342694805
evaluation-ecological-005,ecological,higher_compute,g,1,0.05127969442702702,0.03002948870630516,0.9441440866458847,0.006136079750002042
evaluation-ecological-006,ecological,prior,r,1,19.51631353896818,0.02521488364256702,68.28247027190702,0.5195073770589601
evaluation-ecological-006,ecological,prior,b,1,20.267339173806725,0.025022735864015908,38.711101483505054,0.5959578792605582
evaluation-ecological-006,ecological,prior,g,1,11.890959347980772,0.027728338260154896,9.978986897933922,0.7269584183871667
evaluation-ecological-006,ecological,published,r,1,0.030112417402287806,0.02521488364256702,1.0090015920162125,0.00023038905674329277
evaluation-ecological-006,ecological,published,b,1,0.03224585421571457,0.025022735864015908,1.0318161704958317,0.0013192801940165922
evaluation-ecological-006,ecological,published,g,1,0.07595968660787913,0.027728338260154896,0.994183832182025,0.0030248830689201534
evaluation-ecological-006,ecological,higher_compute,r,1,0.0278933314914902,0.02521488364256702,1.0110876186378424,0.00035397388638092053
evaluation-ecological-006,ecological,higher_compute,b,1,0.005365729299467025,0.025022735864015908,1.0193284325630907,0.0005081049524944703
evaluation-ecological-006,ecological,higher_compute,g,1,0.06123061001957423,0.027728338260154896,0.9978224491057773,0.0017358190818296537
evaluation-ecological-007,ecological,prior,r,1,2.5393623890147663,0.026691846155649058,48.014039604042665,0.4657368337684271
evaluation-ecological-007,ecological,prior,b,1,18.190601752468876,0.02465706325455989,28.50606858392464,0.5953154447635431
evaluation-ecological-007,ecological,prior,g,1,0.8958952964103677,0.026988640008526594,6.726358673646812,0.4112644147691192
evaluation-ecological-007,ecological,published,r,1,0.0185631372237335,0.026691846155649058,0.9151390810984765,0.0009450829054366375
evaluation-ecological-007,ecological,published,b,1,0.06945030006890857,0.02465706325455989,1.0290400289904014,0.0016962529915415913
evaluation-ecological-007,ecological,published,g,1,0.04533700161553827,0.026988640008526594,0.925329375842567,0.006059869712067428
evaluation-ecological-007,ecological,higher_compute,r,1,0.04161660515588768,0.026691846155649058,1.0014679279263523,2.92763522039922e-05
evaluation-ecological-007,ecological,higher_compute,b,1,0.05599706786123097,0.02465706325455989,1.0468681638643194,0.0010112761178817208
evaluation-ecological-007,ecological,higher_compute,g,1,0.0002984789441657598,0.026988640008526594,0.9529756269585027,0.003258044767105936
evaluation-ecological-008,ecological,prior,r,1,15.86638193147933,0.02462843326465361,58.093280564357485,0.5346109421071953
evaluation-ecological-008,ecological,prior,b,1,15.191683005668967,0.02482725830889196,32.68020365047605,0.5437719313806095
evaluation-ecological-008,ecological,prior,g,1,1.084635006076428,0.026207648064351722,8.912156594611584,0.4375834416107597
evaluation-ecological-008,ecological,published,r,1,0.028232470158387413,0.02462843326465361,0.9576769654032785,0.0007425786602993275
evaluation-ecological-008,ecological,published,b,1,0.07660896980070513,0.02482725830889196,1.0098740345706985,0.0001687302592580764
evaluation-ecological-008,ecological,published,g,1,0.046663354911681255,0.026207648064351722,1.0031864812142635,0.002228265496381082
evaluation-ecological-008,ecological,higher_compute,r,1,0.014146210477814782,0.02462843326465361,1.0108661158250447,0.00028221085704978793
evaluation-ecological-008,ecological,higher_compute,b,1,0.022422304340920168,0.02482725830889196,0.9841005195542823,0.00028269052891660706
evaluation-ecological-008,ecological,higher_compute,g,1,0.03464975885913234,0.026207648064351722,1.020136481737835,0.002492890789236313
evaluation-ecological-009,ecological,prior,r,1,12.300680647177483,0.029578117248217305,41.66538460715949,0.5359919935481126
evaluation-ecological-009,ecological,prior,b,1,37.757231845671846,0.026363288244938596,26.715048557392393,0.8390628841724709
evaluation-ecological-009,ecological,prior,g,1,2.2247102609067726,0.027956400468468343,6.115986608308346,0.47138997386852316
evaluation-ecological-009,ecological,published,r,1,0.05812447849271942,0.029578117248217305,1.031296625144918,0.0009310340687795163
evaluation-ecological-009,ecological,published,b,1,0.0538342543098803,0.026363288244938596,0.9881344892876511,0.0004977115382463371
evaluation-ecological-009,ecological,published,g,1,0.021392417106129526,0.027956400468468343,0.9834069300148661,0.003937822008929295
evaluation-ecological-009,ecological,higher_compute,r,1,0.023589765345838298,0.029578117248217305,1.021477143456441,0.00043205765250512823
evaluation-ecological-009,ecological,higher_compute,b,1,0.00914783895086747,0.026363288244938596,0.9506672602012812,0.000963539026056237
evaluation-ecological-009,ecological,higher_compute,g,1,0.04106759729356962,0.027956400468468343,0.9589074559293078,0.00549698208515359
evaluation-ecological-010,ecological,prior,r,1,15.094567872994386,0.025285239974724653,47.06099816434313,0.5258311829340698
evaluation-ecological-010,ecological,prior,b,1,3.438230703163873,0.027764123462204585,26.47359283831405,0.46992246044936736
evaluation-ecological-010,ecological,prior,g,1,3.7033022604194383,0.025054151681500957,7.450785660723637,0.5362483718925296
evaluation-ecological-010,ecological,published,r,1,0.04462513797848475,0.025285239974724653,1.0524532354324712,0.0013530066964781244
evaluation-ecological-010,ecological,published,b,1,0.09079344704358822,0.027764123462204585,0.9285060484033394,0.0015342056687984496
evaluation-ecological-010,ecological,published,g,1,0.09741647439399373,0.025054151681500957,1.0432693682696899,0.004551590193645136
evaluation-ecological-010,ecological,higher_compute,r,1,0.014183391173525581,0.025285239974724653,1.036945129091754,0.0006603433252223567
evaluation-ecological-010,ecological,higher_compute,b,1,0.003037222335372784,0.027764123462204585,0.9590920433152477,0.0009978083551545503
evaluation-ecological-010,ecological,higher_compute,g,1,0.01968811547047647,0.025054151681500957,1.0603184071520013,0.004676044804195999
evaluation-ecological-011,ecological,prior,r,1,89.9671439028928,0.025297912296730365,62.411783685937095,0.8110213892925281
evaluation-ecological-011,ecological,prior,b,1,11.98831085780712,0.026942193591251138,23.38485989158508,0.5548522513580012
evaluation-ecological-011,ecological,prior,g,1,10.436050366081774,0.025593288031437712,6.777629504587442,0.7998648924318676
evaluation-ecological-011,ecological,published,r,1,0.019065118784614143,0.025297912296730365,0.9120728509708114,0.0012696778509748707
evaluation-ecological-011,ecological,published,b,1,0.06530776515718081,0.026942193591251138,1.0044545640385667,0.0002407445329579261
evaluation-ecological-011,ecological,published,g,1,0.023674930979631564,0.025593288031437712,1.0330994958718076,0.003903476158927349
evaluation-ecological-011,ecological,higher_compute,r,1,0.03403597526390101,0.025297912296730365,0.9823002521847356,0.0003985308379271431
evaluation-ecological-011,ecological,higher_compute,b,1,0.004381447989942903,0.026942193591251138,1.042032253966408,0.0008481944747479985
evaluation-ecological-011,ecological,higher_compute,g,1,0.035531354273195814,0.025593288031437712,1.0095955000967314,0.001361064030732835
evaluation-ecological-012,ecological,prior,r,1,20.40384241211178,0.027231908612803012,69.48284242635832,0.5130880643423413
evaluation-ecological-012,ecological,prior,b,1,42.33145763108901,0.026293632547852643,39.88641079121645,0.7144641548264798
evaluation-ecological-012,ecological,prior,g,1,9.96577685647297,0.02810332370535513,9.613829238694295,0.673873255010214
evaluation-ecological-012,ecological,published,r,1,0.0556910613043534,0.027231908612803012,0.9916954109722789,9.696438491794505e-05
evaluation-ecological-012,ecological,published,b,1,0.014278540234457432,0.026293632547852643,1.0466942515074986,0.000661505553499886
evaluation-ecological-012,ecological,published,g,1,0.041788702974050226,0.02810332370535513,1.0228021360821204,0.0011351166148785771
evaluation-ecological-012,ecological,higher_compute,r,1,0.05482777205886521,0.027231908612803012,0.9977619394888284,0.0003290613363476543
evaluation-ecological-012,ecological,higher_compute,b,1,0.0693984060333508,0.026293632547852643,0.9865013039955652,0.0003941016166640665
evaluation-ecological-012,ecological,higher_compute,g,1,0.007762786857688915,0.02810332370535513,0.9742714886874493,0.0015199976426268774
evaluation-ecological-013,ecological,prior,r,1,67.33121229803122,0.027280673427966477,57.20039561168708,0.755036729310897
evaluation-ecological-013,ecological,prior,b,1,11.771846137966877,0.029124471754171606,25.16812561424334,0.5656342304302263
evaluation-ecological-013,ecological,prior,g,1,7.119952616184492,0.025907299125415544,6.104152717156935,0.6842123390629402
evaluation-ecological-013,ecological,published,r,1,0.09474587916365286,0.027280673427966477,0.9233101379369405,0.0009575654183323253
evaluation-ecological-013,ecological,published,b,1,0.005893158595274039,0.029124471754171606,0.9926552530180833,0.0007164593557623889
evaluation-ecological-013,ecological,published,g,1,0.11451912115728677,0.025907299125415544,0.8768742371348806,0.012649415661924734
evaluation-ecological-013,ecological,higher_compute,r,1,0.035698978701398834,0.027280673427966477,0.9829830193254937,0.0005175930249359991
evaluation-ecological-013,ecological,higher_compute,b,1,0.02893673251658257,0.029124471754171606,0.9732113415847107,0.0006783072180398086
evaluation-ecological-013,ecological,higher_compute,g,1,0.021932739502589924,0.025907299125415544,1.0169829152656902,0.003125499936536026
evaluation-ecological-014,ecological,prior,r,1,11.871777223932632,0.02537112762166741,39.63531820254721,0.5085816871466206
evaluation-ecological-014,ecological,prior,b,1,3.904227237910609,0.02742227990643727,34.2610946916886,0.4727381437643466
evaluation-ecological-014,ecological,prior,g,1,2.7529996102286867,0.02511126440341251,7.241991126964941,0.4990075570913771
evaluation-ecological-014,ecological,published,r,1,0.017806108131488266,0.02537112762166741,1.0397912207421647,0.0006154391562471773
evaluation-ecological-014,ecological,published,b,1,0.04663596793557911,0.02742227990643727,0.9959500673709263,0.00030230542206588495
evaluation-ecological-014,ecological,published,g,1,0.02370138277410292,0.02511126440341251,1.0047626322377436,0.0018065360544097797
evaluation-ecological-014,ecological,higher_compute,r,1,0.02431129934338115,0.02537112762166741,0.9807489715681087,0.0005275603206246574
evaluation-ecological-014,ecological,higher_compute,b,1,0.008704138323176196,0.02742227990643727,0.9553711656913244,0.0009682915234776601
evaluation-ecological-014,ecological,higher_compute,g,1,0.004953032641218555,0.02511126440341251,0.9959049256697333,0.001600752741627784
evaluation-ecological-015,ecological,prior,r,1,79.95159672701827,0.02542261040181212,74.54641354396946,0.7466062194777677
evaluation-ecological-015,ecological,prior,b,1,29.99595058178457,0.025102847201565772,35.88988946887553,0.6832391912269984
evaluation-ecological-015,ecological,prior,g,1,3.305951678358393,0.025030426073920857,8.595843319877723,0.5081827536002701
evaluation-ecological-015,ecological,published,r,1,0.07181400934281837,0.02542261040181212,1.023502221013609,0.0004356940665912005
evaluation-ecological-015,ecological,published,b,1,0.10785979319089009,0.025102847201565772,0.9705636361767778,0.0007569747918855895
evaluation-ecological-015,ecological,published,g,1,0.1927837602872375,0.025030426073920857,0.9929236687942958,0.006531065193445262
evaluation-ecological-015,ecological,higher_compute,r,1,0.08799935731272208,0.02542261040181212,0.9938542727568542,0.0002002266112484108
evaluation-ecological-015,ecological,higher_compute,b,1,0.04997550768381086,0.025102847201565772,1.001514195898131,0.00032453600664030804
evaluation-ecological-015,ecological,higher_compute,g,1,0.06071508593687631,0.025030426073920857,1.0331384355899909,0.0026737182478322324
evaluation-ecological-016,ecological,prior,r,1,12.456019396927928,0.026483055006558287,49.666384971980634,0.5052323438583033
evaluation-ecological-016,ecological,prior,b,1,30.260944251892248,0.027720418517232306,33.64466228326937,0.6837316804281197
evaluation-ecological-016,ecological,prior,g,1,6.227971185905693,0.026256315814830414,7.306745157885912,0.6157863171596768
evaluation-ecological-016,ecological,published,r,1,0.0007215315113191551,0.026483055006558287,1.0335294288055528,0.00033169683611822265
evaluation-ecological-016,ecological,published,b,1,0.030372717495884015,0.027720418517232306,0.9897908110976156,0.0012351552638655504
evaluation-ecological-016,ecological,published,g,1,0.01385608844896823,0.026256315814830414,1.0300577289072257,0.0047899761171164845
evaluation-ecological-016,ecological,higher_compute,r,1,0.037442060114598816,0.026483055006558287,0.9728770276646473,0.0003725283754899185
evaluation-ecological-016,ecological,higher_compute,b,1,0.049173881573899236,0.027720418517232306,1.031059088274386,0.000862041592779672
evaluation-ecological-016,ecological,higher_compute,g,1,0.010988047814636043,0.026256315814830414,0.9986858972937326,9.532774973577962e-05
evaluation-ecological-017,ecological,prior,r,1,17.228482368761448,0.02702353477036207,48.96344599371773,0.5393397349927124
evaluation-ecological-017,ecological,prior,b,1,41.19185108672491,0.02690834094900124,34.23185072418434,0.7688240497770866
evaluation-ecological-017,ecological,prior,g,1,6.244804387705411,0.025494631638294546,6.787749201228241,0.6280994559642336
evaluation-ecological-017,ecological,published,r,1,0.023657592064514312,0.02702353477036207,0.9762903066647557,0.0006127790410965043
evaluation-ecological-017,ecological,published,b,1,0.024934831574594737,0.02690834094900124,0.9601585403438592,0.0015336638595489394
evaluation-ecological-017,ecological,published,g,1,0.06923827645222268,0.025494631638294546,0.9863287367812613,0.003692035276420813
evaluation-ecological-017,ecological,higher_compute,r,1,0.011330276217809134,0.02702353477036207,0.962553669689908,0.00038488875339230216
evaluation-ecological-017,ecological,higher_compute,b,1,0.031444881163464215,0.02690834094900124,0.9576551135655744,0.0009004112091575145
evaluation-ecological-017,ecological,higher_compute,g,1,0.008000470725981899,0.025494631638294546,1.0125612918054225,0.0028100105276245013
evaluation-ecological-018,ecological,prior,r,1,41.924465849024884,0.02611350941457187,43.51690377293587,0.7115627987954974
evaluation-ecological-018,ecological,prior,b,1,13.68666400595418,0.024842049517089192,24.092389108119846,0.5890819626744982
evaluation-ecological-018,ecological,prior,g,1,9.462683053757587,0.025450931291634775,9.097466915715867,0.7011273634419353
evaluation-ecological-018,ecological,published,r,1,0.005725918759074918,0.02611350941457187,0.9736585707098554,0.0005448784484462325
evaluation-ecological-018,ecological,published,b,1,0.015933857356917398,0.024842049517089192,0.9714692263222906,0.0008039881576658914
evaluation-ecological-018,ecological,published,g,1,0.011468461318171926,0.025450931291634775,0.9928061929991523,0.0029679827718540226
evaluation-ecological-018,ecological,higher_compute,r,1,0.016059374997653406,0.02611350941457187,1.0045415289923276,0.00028324667572417656
evaluation-ecological-018,ecological,higher_compute,b,1,0.03627546752628026,0.024842049517089192,1.0005300431413608,5.070893954819411e-05
evaluation-ecological-018,ecological,higher_compute,g,1,0.02556815963110114,0.025450931291634775,1.020625552355725,0.0017646187434695176
evaluation-ecological-019,ecological,prior,r,1,38.312102826664876,0.025501613242687234,60.5488702387965,0.624398398026707
evaluation-ecological-019,ecological,prior,b,1,2.869418181303433,0.02906542381890531,34.21588757876652,0.46896237655489087
evaluation-ecological-019,ecological,prior,g,1,0.48344036625752346,0.024054016049862407,7.444732573500583,0.4207288663196183
evaluation-ecological-019,ecological,published,r,1,0.06331038418215867,0.025501613242687234,1.0472884670293556,0.0003734905584000803
evaluation-ecological-019,ecological,published,b,1,0.012375762747430734,0.02906542381890531,0.9521764882446505,0.0007126297798182079
evaluation-ecological-019,ecological,published,g,1,0.0764382877162904,0.024054016049862407,0.9985625818539383,0.0037600010104268944
evaluation-ecological-019,ecological,higher_compute,r,1,0.02264528077963487,0.025501613242687234,1.0294759088168317,0.00025146360560161324
evaluation-ecological-019,ecological,higher_compute,b,1,0.03203748735403165,0.02906542381890531,0.9572080874175535,0.0006007113783971895
evaluation-ecological-019,ecological,higher_compute,g,1,0.027383657164112646,0.024054016049862407,1.0396473952516259,0.00330216522447975
evaluation-ecological-020,ecological,prior,r,1,112.35201801647466,0.024995904882629805,75.8258522840883,0.8418102405123665
evaluation-ecological-020,ecological,prior,b,1,6.810924291986294,0.02476979834342064,29.35149791908842,0.5138130734457559
evaluation-ecological-020,ecological,prior,g,1,3.1161250356260077,0.025454847578776477,6.3397939443313165,0.5015115976996014
evaluation-ecological-020,ecological,published,r,1,0.012890051410282495,0.024995904882629805,0.9925379078071256,0.0001822072730065146
evaluation-ecological-020,ecological,published,b,1,0.0674769887609406,0.02476979834342064,0.9707990544482002,0.0006059407021082209
evaluation-ecological-020,ecological,published,g,1,0.03817331441786478,0.025454847578776477,0.994559424493585,0.002048186354975945
evaluation-ecological-020,ecological,higher_compute,r,1,0.03347570632511012,0.024995904882629805,1.0110286329974636,7.042275227394275e-05
evaluation-ecological-020,ecological,higher_compute,b,1,0.0223349749066696,0.02476979834342064,1.0237264703813886,0.0007699654106122722
evaluation-ecological-020,ecological,higher_compute,g,1,0.023854072380227014,0.025454847578776477,0.966478030540624,0.003161499246379304
evaluation-ecological-021,ecological,prior,r,1,84.97430248312247,0.026875266389621077,60.161092741764925,0.8252252525043522
evaluation-ecological-021,ecological,prior,b,1,40.68853218750901,0.024689856444989854,30.053743178872494,0.8159539223110899
evaluation-ecological-021,ecological,prior,g,1,6.462674006963919,0.027634618787764232,6.574461482706211,0.6537697201803191
evaluation-ecological-021,ecological,published,r,1,0.044743404029133516,0.026875266389621077,1.02112107697117,0.0004626985559227729
evaluation-ecological-021,ecological,published,b,1,0.03020523909052089,0.024689856444989854,0.993467733722132,0.0007166834907192055
evaluation-ecological-021,ecological,published,g,1,0.028992612041821693,0.027634618787764232,0.9713860551037283,0.0028290267701754426
evaluation-ecological-021,ecological,higher_compute,r,1,0.06977640540729593,0.026875266389621077,1.0504241078712717,0.0009443618896169959
evaluation-ecological-021,ecological,higher_compute,b,1,0.07151114477472326,0.024689856444989854,1.0231596994807097,0.0012744205749390502
evaluation-ecological-021,ecological,higher_compute,g,1,0.04408872638671871,0.027634618787764232,1.0542434355077717,0.006646229851670037
evaluation-ecological-022,ecological,prior,r,1,10.907630338181141,0.02520500181601106,54.329856794278534,0.49397746931410236
evaluation-ecological-022,ecological,prior,b,1,48.222670685833116,0.027081465205652668,34.03672037829437,0.8516385406442737
evaluation-ecological-022,ecological,prior,g,1,3.9694670953031688,0.024147063277837326,6.42832452238815,0.5363004994666892
evaluation-ecological-022,ecological,published,r,1,0.059211445718809375,0.02520500181601106,1.0796802384646924,0.0009060722714329117
evaluation-ecological-022,ecological,published,b,1,0.0789776691558454,0.027081465205652668,0.9336568087384792,0.0017506006798319262
evaluation-ecological-022,ecological,published,g,1,0.009117463960345337,0.024147063277837326,1.1237996538449715,0.008648856874502592
evaluation-ecological-022,ecological,higher_compute,r,1,0.020855096676299815,0.02520500181601106,1.0054925393258194,0.00020707475935803168
evaluation-ecological-022,ecological,higher_compute,b,1,0.019426047445518877,0.027081465205652668,0.9876965985450472,0.0004331885847460359
evaluation-ecological-022,ecological,higher_compute,g,1,0.005983106113191378,0.024147063277837326,1.0171149614038657,0.0033383145116217677
evaluation-ecological-023,ecological,prior,r,1,56.224837441592946,0.02767974957378267,53.889252042267174,0.7252038694124453
evaluation-ecological-023,ecological,prior,b,1,1.322147365811524,0.025945675370747132,39.78387593069479,0.44394206543093667
evaluation-ecological-023,ecological,prior,g,1,7.612439273169529,0.02584801670162753,8.48761291299201,0.6410383195512261
evaluation-ecological-023,ecological,published,r,1,0.0490758976749644,0.02767974957378267,0.9129349677590429,0.0010082188026709165
evaluation-ecological-023,ecological,published,b,1,0.025220621928307933,0.025945675370747132,0.9377713758401729,0.0015349335882576475
evaluation-ecological-023,ecological,published,g,1,0.02988697173316469,0.02584801670162753,0.9319129057180834,0.005480931848161584
evaluation-ecological-023,ecological,higher_compute,r,1,0.01196348181318675,0.02767974957378267,1.0254937430649043,0.00039255176008889947
evaluation-ecological-023,ecological,higher_compute,b,1,0.01344635994827711,0.025945675370747132,1.0349973774401138,0.0006347652215971777
evaluation-ecological-023,ecological,higher_compute,g,1,0.02326027890851294,0.02584801670162753,0.9935983586729347,0.001187798370294972
evaluation-ecological-024,ecological,prior,r,1,22.240692390931518,0.025801788988841567,39.20814882595408,0.5993837321115995
evaluation-ecological-024,ecological,prior,b,1,33.17180126853138,0.027308222385070333,27.73714104400374,0.7643959657985046
evaluation-ecological-024,ecological,prior,g,1,11.056529219209931,0.026678557544507403,8.538289593695623,0.7627783872222345
evaluation-ecological-024,ecological,published,r,1,0.06497955261188543,0.025801788988841567,1.0447807596900076,0.0009892040095526393
evaluation-ecological-024,ecological,published,b,1,0.02723949512472115,0.027308222385070333,1.007833637906049,0.0011089891686353326
evaluation-ecological-024,ecological,published,g,1,0.06540976947286407,0.026678557544507403,0.9803222424163008,0.004624566447900928
evaluation-ecological-024,ecological,higher_compute,r,1,0.05584840638236954,0.025801788988841567,1.0411681656519767,0.0008620257070968881
evaluation-ecological-024,ecological,higher_compute,b,1,0.006825994483193448,0.027308222385070333,1.0217077399538583,0.0006789909972837905
evaluation-ecological-024,ecological,higher_compute,g,1,0.058773287245291767,0.026678557544507403,1.0268980992838603,0.005387940047515347
evaluation-ecological-025,ecological,prior,r,1,33.33158478992625,0.02623230908521138,55.503980658285904,0.593417669774584
evaluation-ecological-025,ecological,prior,b,1,14.320932486251193,0.02455596364902619,29.251843275365033,0.5729803890861478
evaluation-ecological-025,ecological,prior,g,1,8.311380143881445,0.02718935427127447,6.370248939409919,0.7534903777161491
evaluation-ecological-025,ecological,published,r,1,0.018796614975188152,0.02623230908521138,1.0525320223946026,0.0006405473138209791
evaluation-ecological-025,ecological,published,b,1,0.039088239848688006,0.02455596364902619,0.9700068779910329,0.000553464073849419
evaluation-ecological-025,ecological,published,g,1,0.02827952437927263,0.02718935427127447,0.9139291710408755,0.00958242664024174
evaluation-ecological-025,ecological,higher_compute,r,1,0.03308073981596527,0.02623230908521138,1.0127171751819415,0.0001955351996755598
evaluation-ecological-025,ecological,higher_compute,b,1,0.011267703509274135,0.02455596364902619,0.9803991040136442,0.0003923556978883802
evaluation-ecological-025,ecological,higher_compute,g,1,0.044276049700093564,0.02718935427127447,1.010449577560536,0.0034362353504798285
evaluation-ecological-026,ecological,prior,r,1,43.66241142159384,0.026640298279533115,45.42374413689066,0.7214063540921329
evaluation-ecological-026,ecological,prior,b,1,24.914601958352083,0.028547554154019123,32.473976752158364,0.6484443314058232
evaluation-ecological-026,ecological,prior,g,1,10.077211104163169,0.025879364271521085,7.857185597814948,0.7620378425157137
evaluation-ecological-026,ecological,published,r,1,0.05050190205305608,0.026640298279533115,0.995571896102963,0.0006305239486252093
evaluation-ecological-026,ecological,published,b,1,0.06951448188573568,0.028547554154019123,0.9002036817629101,0.0016436037355994416
evaluation-ecological-026,ecological,published,g,1,0.005805364454173167,0.025879364271521085,1.0119386143414295,0.0026370120598242022
evaluation-ecological-026,ecological,higher_compute,r,1,0.008167600333255878,0.026640298279533115,1.02063811124196,0.0002901245364846557
evaluation-ecological-026,ecological,higher_compute,b,1,0.020599813384717294,0.028547554154019123,0.9379576349849583,0.0009578675437645678
evaluation-ecological-026,ecological,higher_compute,g,1,0.00798619330112376,0.025879364271521085,0.9867782839859056,0.0008663054330198053
evaluation-ecological-027,ecological,prior,r,1,49.54776151916143,0.02714611601046188,55.66020104726527,0.6762214482427003
evaluation-ecological-027,ecological,prior,b,1,8.737756996641894,0.02682015507445814,27.913694759619965,0.5124073451074185
evaluation-ecological-027,ecological,prior,g,1,5.882068228574664,0.027274800361122592,5.588775225215935,0.6499126564936144
evaluation-ecological-027,ecological,published,r,1,0.043136434079420624,0.02714611601046188,0.9710895100436773,0.0006062857125797017
evaluation-ecological-027,ecological,published,b,1,0.032045331788834994,0.02682015507445814,0.9505286702464465,0.0011537093827434397
evaluation-ecological-027,ecological,published,g,1,0.04680742101242486,0.027274800361122592,0.9406777033312381,0.011937682809571356
evaluation-ecological-027,ecological,higher_compute,r,1,0.028435853784607622,0.02714611601046188,0.9232179997592469,0.0009681703780778742
evaluation-ecological-027,ecological,higher_compute,b,1,0.02346406295302137,0.02682015507445814,0.9762556949858411,0.0009647208479452551
evaluation-ecological-027,ecological,higher_compute,g,1,0.03604724062460878,0.027274800361122592,0.9572944265760516,0.008917844578104541
evaluation-ecological-028,ecological,prior,r,1,34.250580776956944,0.026080934581393662,60.41205585759141,0.58018106880931
evaluation-ecological-028,ecological,prior,b,1,28.105972981143275,0.024243140122627405,24.15260511878213,0.7322231842515481
evaluation-ecological-028,ecological,prior,g,1,9.825163511511189,0.027373878772581045,6.510079280885277,0.7964485475363456
evaluation-ecological-028,ecological,published,r,1,0.026073807516534386,0.026080934581393662,0.9256970664507715,0.0005894004316030118
evaluation-ecological-028,ecological,published,b,1,0.08264038927278242,0.024243140122627405,1.0004216153880923,0.00033208682728775863
evaluation-ecological-028,ecological,published,g,1,0.02133378381778813,0.027373878772581045,0.9043413983739645,0.010176571092590115
evaluation-ecological-028,ecological,higher_compute,r,1,0.1082105744432356,0.026080934581393662,1.0079587781234232,0.00044429706405798203
evaluation-ecological-028,ecological,higher_compute,b,1,0.026108689862863608,0.024243140122627405,1.0505479554938832,0.0009848080133660008
evaluation-ecological-028,ecological,higher_compute,g,1,0.08672769638689405,0.027373878772581045,0.9924552160038378,0.003563896478642782
evaluation-ecological-029,ecological,prior,r,1,25.37404203690094,0.027964176792995173,56.57154264453966,0.5702973951803375
evaluation-ecological-029,ecological,prior,b,1,29.107725271184684,0.026284737076343483,24.16269012788162,0.7651919955322075
evaluation-ecological-029,ecological,prior,g,1,4.153159279550275,0.02788709624654339,6.968266309653092,0.5377776639447569
evaluation-ecological-029,ecological,published,r,1,0.06060539954743071,0.027964176792995173,1.0125293437154903,0.00036537507080813825
evaluation-ecological-029,ecological,published,b,1,0.054797036276928626,0.026284737076343483,1.0035805252656893,0.000517733401962417
evaluation-ecological-029,ecological,published,g,1,0.013131093815237057,0.02788709624654339,0.9410391446997471,0.0038817520894508795
evaluation-ecological-029,ecological,higher_compute,r,1,0.023379192938629695,0.027964176792995173,1.0143612211257749,0.00022548482657732313
evaluation-ecological-029,ecological,higher_compute,b,1,0.004190927179793605,0.026284737076343483,0.9755218783188977,0.0008514661486812347
evaluation-ecological-029,ecological,higher_compute,g,1,0.03384255481435653,0.02788709624654339,0.97368898131477,0.00193678541457791
evaluation-ecological-030,ecological,prior,r,1,31.547300448142067,0.025618890757989624,55.68314794796261,0.5983740095208053
evaluation-ecological-030,ecological,prior,b,1,7.730240940758506,0.02862602174642576,29.866757691413696,0.49808495490398047
evaluation-ecological-030,ecological,prior,g,1,5.07633149300357,0.025530978044337523,6.9713554674133995,0.5838371768291819
evaluation-ecological-030,ecological,published,r,1,0.04893381663524649,0.025618890757989624,1.0043742066119672,0.00038459089931712026
evaluation-ecological-030,ecological,published,b,1,0.04308435881160929,0.02862602174642576,1.0363856284513435,0.0015924302258713218
evaluation-ecological-030,ecological,published,g,1,0.01391372265993326,0.025530978044337523,1.0317461393019285,0.0028193596645788993
evaluation-ecological-030,ecological,higher_compute,r,1,0.04799859689279113,0.025618890757989624,1.0058961788576959,0.000480296938959975
evaluation-ecological-030,ecological,higher_compute,b,1,0.03931894582747782,0.02862602174642576,1.0024658502479544,0.0004830322203088322
evaluation-ecological-030,ecological,higher_compute,g,1,0.01241618928507518,0.025530978044337523,0.9901566193000083,0.0016515873492675692
evaluation-ecological-031,ecological,prior,r,1,36.706779973379795,0.02585875412677637,37.30164312091833,0.7051780162548195
evaluation-ecological-031,ecological,prior,b,1,21.89225481958685,0.02888031543488711,25.103325872184875,0.6778263124851973
evaluation-ecological-031,ecological,prior,g,1,10.390435576303224,0.024343035178183623,8.001871488684756,0.7355194231425778
evaluation-ecological-031,ecological,published,r,1,0.07912908152445478,0.02585875412677637,0.98272887444718,0.0004858032959798031
evaluation-ecological-031,ecological,published,b,1,0.02588996505207062,0.02888031543488711,0.9544422086564341,0.0008647966868498003
evaluation-ecological-031,ecological,published,g,1,0.08057014718058794,0.024343035178183623,1.0393174700216867,0.0022721588274049465
evaluation-ecological-031,ecological,higher_compute,r,1,0.04001086925270169,0.02585875412677637,1.018739859684819,0.000418412127593637
evaluation-ecological-031,ecological,higher_compute,b,1,0.00118642924553783,0.02888031543488711,0.9967209131456751,0.0002601550985367851
evaluation-ecological-031,ecological,higher_compute,g,1,0.03326263286969953,0.024343035178183623,1.0100895386695763,0.003086706211784529
evaluation-ecological-032,ecological,prior,r,1,31.36467826843704,0.026590937083143484,62.81932811432607,0.5883985351960884
evaluation-ecological-032,ecological,prior,b,1,39.50799592687232,0.02528683483404621,29.16114149010697,0.7879104132342789
evaluation-ecological-032,ecological,prior,g,1,11.216782508042972,0.026656613960431532,9.503610396238562,0.7196975014968805
evaluation-ecological-032,ecological,published,r,1,0.03985506431762831,0.026590937083143484,0.9910449474014349,0.0002711252391047007
evaluation-ecological-032,ecological,published,b,1,0.07544324779581262,0.02528683483404621,1.0094847467719772,0.0007705051792779472
evaluation-ecological-032,ecological,published,g,1,0.0784625339888657,0.026656613960431532,1.0383158290273848,0.0022773438777784483
evaluation-ecological-032,ecological,higher_compute,r,1,0.033050633431223095,0.026590937083143484,0.9809229168523527,0.00047521244487865505
evaluation-ecological-032,ecological,higher_compute,b,1,0.03520897976135779,0.02528683483404621,1.0036714010415517,0.0003338368123950275
evaluation-ecological-032,ecological,higher_compute,g,1,0.012914345945993016,0.026656613960431532,1.017382359376466,0.0008231694896804198
evaluation-ecological-033,ecological,prior,r,1,7.560793831000808,0.026369679645766263,52.0647100697008,0.49234426876054566
evaluation-ecological-033,ecological,prior,b,1,5.378312454962328,0.024731978873649123,34.052111188380195,0.4759376782494222
evaluation-ecological-033,ecological,prior,g,1,3.2107385172095926,0.026744839902743026,7.5224132853524335,0.4978564759482183
evaluation-ecological-033,ecological,published,r,1,0.03196651009795943,0.026369679645766263,1.0385224813613267,0.0007793784145824212
evaluation-ecological-033,ecological,published,b,1,0.002730459379764661,0.024731978873649123,1.0446475864295732,0.0006419233605682529
evaluation-ecological-033,ecological,published,g,1,0.03693824495587927,0.026744839902743026,0.9769458677319254,0.003007039143151577
evaluation-ecological-033,ecological,higher_compute,r,1,0.029334308815481457,0.026369679645766263,1.0064487085200795,0.0003074809833631953
evaluation-ecological-033,ecological,higher_compute,b,1,0.0111042366729556,0.024731978873649123,0.997538857588911,0.00010867321925580597
evaluation-ecological-033,ecological,higher_compute,g,1,0.04020206781077818,0.026744839902743026,0.9589884648520856,0.004347231575172958
evaluation-ecological-034,ecological,prior,r,1,31.830623049440398,0.025163216295652862,47.58156808393216,0.6133934246285504
evaluation-ecological-034,ecological,prior,b,1,34.86553662764393,0.024921138992683455,27.40459417898129,0.78104354568212
evaluation-ecological-034,ecological,prior,g,1,4.071069150223929,0.023881998774183254,7.3854838767328,0.5301327463766693
evaluation-ecological-034,ecological,published,r,1,0.014333720119923675,0.025163216295652862,1.0379855262556212,0.000520485835462973
evaluation-ecological-034,ecological,published,b,1,0.11936151881085916,0.024921138992683455,1.0281546574195433,0.0023958004942448152
evaluation-ecological-034,ecological,published,g,1,0.09794111487945317,0.023881998774183254,1.212425928228043,0.020644567476472975
evaluation-ecological-034,ecological,higher_compute,r,1,0.026543583263885617,0.025163216295652862,1.0271747559202478,0.0006738094836042189
evaluation-ecological-034,ecological,higher_compute,b,1,0.035775328688755145,0.024921138992683455,1.0348362779930778,0.0005821092700089902
evaluation-ecological-034,ecological,higher_compute,g,1,0.06194001250827639,0.023881998774183254,1.0508988421601668,0.003987618927917824
evaluation-ecological-035,ecological,prior,r,1,23.680391583293122,0.02800916385530827,52.455993520648605,0.5534772997264735
evaluation-ecological-035,ecological,prior,b,1,40.4138042398403,0.028495075827528214,42.640651256296486,0.7164781629344554
evaluation-ecological-035,ecological,prior,g,1,9.394421893704191,0.025881603873134144,8.046875867887575,0.6984240220228822
evaluation-ecological-035,ecological,published,r,1,0.008618744282239084,0.02800916385530827,0.9580756602950606,0.0004340514775620363
evaluation-ecological-035,ecological,published,b,1,0.015418624895700185,0.028495075827528214,1.0412538215710163,0.0010719351801970589
evaluation-ecological-035,ecological,published,g,1,0.014112722541113648,0.025881603873134144,0.9410677118168324,0.0033788951792436406
evaluation-ecological-035,ecological,higher_compute,r,1,0.01027990474188747,0.02800916385530827,0.985597690261666,0.000317952538673912
evaluation-ecological-035,ecological,higher_compute,b,1,0.009866699805170999,0.028495075827528214,0.9699090694410276,0.00080490889305036
evaluation-ecological-035,ecological,higher_compute,g,1,0.004144979289560558,0.025881603873134144,1.0019002822900756,0.0013771741078463795
evaluation-ecological-036,ecological,prior,r,1,12.996554743512002,0.027032191296669672,49.518439092760424,0.5191207014129532
evaluation-ecological-036,ecological,prior,b,1,6.885179127030591,0.02641534277371715,30.823778206479087,0.4789693084656436
evaluation-ecological-036,ecological,prior,g,1,7.024219899296342,0.02605456477415788,9.043869049663954,0.5958826566865164
evaluation-ecological-036,ecological,published,r,1,0.010211033491487857,0.027032191296669672,1.005020361314973,6.508045444375554e-05
evaluation-ecological-036,ecological,published,b,1,0.0005675985689373836,0.02641534277371715,0.930806421545652,0.001840187299414886
evaluation-ecological-036,ecological,published,g,1,0.002517547794549486,0.02605456477415788,1.0195960783701274,0.0010847719568182757
evaluation-ecological-036,ecological,higher_compute,r,1,0.03399033202196375,0.027032191296669672,1.0193953319685114,0.00019380594887123218
evaluation-ecological-036,ecological,higher_compute,b,1,0.01811268866359429,0.02641534277371715,0.9750064628375741,0.0006019154033094943
evaluation-ecological-036,ecological,higher_compute,g,1,0.05403145870823643,0.02605456477415788,1.0051664080168699,0.001764155996438338
evaluation-ecological-037,ecological,prior,r,1,48.328974798898095,0.02601414533928792,65.99748118760152,0.6382957571964077
evaluation-ecological-037,ecological,prior,b,1,10.15492746928804,0.02510285452324,28.734097858861478,0.5438922741091343
evaluation-ecological-037,ecological,prior,g,1,1.44003821252277,0.025211238064057753,7.088026613896223,0.45508109616588666
evaluation-ecological-037,ecological,published,r,1,0.1252719529036795,0.02601414533928792,1.0757504541461678,0.0006155440860082054
evaluation-ecological-037,ecological,published,b,1,0.008530155758841557,0.02510285452324,0.9947959322017246,0.0011061193306241002
evaluation-ecological-037,ecological,published,g,1,0.14654151426551573,0.025211238064057753,1.006093380371507,0.005703609609280652
evaluation-ecological-037,ecological,higher_compute,r,1,0.0029174944894215012,0.02601414533928792,1.0306644408184558,0.00023230042707493107
evaluation-ecological-037,ecological,higher_compute,b,1,0.0059302419293730145,0.02510285452324,1.0186972901797318,0.000667103882102893
evaluation-ecological-037,ecological,higher_compute,g,1,0.04267119067476676,0.025211238064057753,1.015048617894763,0.0013226956066988982
evaluation-ecological-038,ecological,prior,r,1,62.44312254754195,0.024878331401374496,72.52893764486866,0.701134440154445
evaluation-ecological-038,ecological,prior,b,1,1.3149312005724834,0.02524795333137497,30.229338302367797,0.4489479017037993
evaluation-ecological-038,ecological,prior,g,1,5.549310899799658,0.025489950653314542,7.046366310861785,0.6081029906248245
evaluation-ecological-038,ecological,published,r,1,0.059948263099106544,0.024878331401374496,0.9377128344961958,0.0005789334843565216
evaluation-ecological-038,ecological,published,b,1,0.03296065008259715,0.02524795333137497,0.9995550971974051,0.0005560981743389703
evaluation-ecological-038,ecological,published,g,1,0.017481389646546358,0.025489950653314542,0.976695912347054,0.0031938994328527953
evaluation-ecological-038,ecological,higher_compute,r,1,0.012473365535812277,0.024878331401374496,1.0292629851305486,0.0004845964942729412
evaluation-ecological-038,ecological,higher_compute,b,1,0.012059020418806998,0.02524795333137497,0.9980328375123884,0.0003479347697789237
evaluation-ecological-038,ecological,higher_compute,g,1,0.02532723732472422,0.025489950653314542,1.0041696978890975,0.0005113442933622758
evaluation-ecological-039,ecological,prior,r,1,19.756893301979485,0.02571146501798725,58.071023830571214,0.5336078249719388
evaluation-ecological-039,ecological,prior,b,1,23.828289900346395,0.02590331061336121,32.60022891411457,0.6396739978960639
evaluation-ecological-039,ecological,prior,g,1,8.575868488251515,0.02638827089134259,8.045274610360623,0.6738719777420576
evaluation-ecological-039,ecological,published,r,1,0.07606561810118738,0.02571146501798725,0.9824491271885917,0.0002617082521589135
evaluation-ecological-039,ecological,published,b,1,0.050890796435376015,0.02590331061336121,1.0039621967123677,0.00037063730745590107
evaluation-ecological-039,ecological,published,g,1,0.02654618274036959,0.02638827089134259,0.960611251202708,0.002364330236006365
evaluation-ecological-039,ecological,higher_compute,r,1,0.010678318152136735,0.02571146501798725,0.9688256272375939,0.00026311788080013443
evaluation-ecological-039,ecological,higher_compute,b,1,0.02192024521362955,0.02590331061336121,0.987215017896775,0.0008104090880263648
evaluation-ecological-039,ecological,higher_compute,g,1,0.018943242063484984,0.02638827089134259,0.9987579345625419,0.0007323321161563368
evaluation-ecological-040,ecological,prior,r,1,34.60720296220571,0.026075227962497477,43.623374716988074,0.649546682623272
evaluation-ecological-040,ecological,prior,b,1,15.831760674305219,0.025761494657912772,37.30088225992019,0.5567981457334469
evaluation-ecological-040,ecological,prior,g,1,12.192833408718977,0.026530483085937778,9.706189223279544,0.7382281291899407
evaluation-ecological-040,ecological,published,r,1,0.03467211416217767,0.026075227962497477,0.9997791735425948,0.0007389336068208685
evaluation-ecological-040,ecological,published,b,1,0.08941867747327226,0.025761494657912772,0.9577780420790744,0.0013343544220218995
evaluation-ecological-040,ecological,published,g,1,0.03387526909731377,0.026530483085937778,1.021561751696517,0.0013310531927837599
evaluation-ecological-040,ecological,higher_compute,r,1,0.01493981452030196,0.026075227962497477,0.9858289012944915,0.00018784557768366147
evaluation-ecological-040,ecological,higher_compute,b,1,0.04127042674935255,0.025761494657912772,1.0073245063284784,0.000379844242630778
evaluation-ecological-040,ecological,higher_compute,g,1,0.01789141829631703,0.026530483085937778,0.9701834874702472,0.002000190920307815
evaluation-ecological-041,ecological,prior,r,1,26.178877440883216,0.026562083357123626,59.0545548998534,0.5611365762117398
evaluation-ecological-041,ecological,prior,b,1,51.98181160124566,0.024852780562041796,39.5171416463837,0.7788413015115683
evaluation-ecological-041,ecological,prior,g,1,4.184795100666548,0.025990470238783214,9.891602080474357,0.5152601337686872
evaluation-ecological-041,ecological,published,r,1,0.024941202092500534,0.026562083357123626,0.9623352077746559,0.0004197549028675714
evaluation-ecological-041,ecological,published,b,1,0.009493324212344207,0.024852780562041796,0.9981319498624358,0.00022068508756856176
evaluation-ecological-041,ecological,published,g,1,0.04286946145011772,0.025990470238783214,0.9671690741902697,0.0035905365182092863
evaluation-ecological-041,ecological,higher_compute,r,1,0.01403618612672357,0.026562083357123626,0.9798065227576522,0.00015590285428812578
evaluation-ecological-041,ecological,higher_compute,b,1,0.01128904448655246,0.024852780562041796,0.9856036686816652,0.0004965835840410549
evaluation-ecological-041,ecological,higher_compute,g,1,0.000568681832720791,0.025990470238783214,0.9666535671085219,0.003272156282584371
evaluation-ecological-042,ecological,prior,r,1,14.665921444584201,0.026927056776595258,55.71602324338948,0.5327018929535068
evaluation-ecological-042,ecological,prior,b,1,26.599324797198424,0.02546917549194385,39.741776164867446,0.6218483212925984
evaluation-ecological-042,ecological,prior,g,1,0.8663520220942523,0.029047446696139408,9.491939646549223,0.4392667645619183
evaluation-ecological-042,ecological,published,r,1,0.029123718823132465,0.026927056776595258,1.0198794239155011,0.0005129858880441596
evaluation-ecological-042,ecological,published,b,1,0.01999949536628694,0.02546917549194385,0.9848175035047781,0.0009373973157220661
evaluation-ecological-042,ecological,published,g,1,0.059883109312451506,0.029047446696139408,1.0198462637246535,0.004244913564373717
evaluation-ecological-042,ecological,higher_compute,r,1,0.023412661740667102,0.026927056776595258,1.0021326236500396,0.0004023638454671759
evaluation-ecological-042,ecological,higher_compute,b,1,0.01760420878505654,0.02546917549194385,1.0084088805253208,0.0002904139977816911
evaluation-ecological-042,ecological,higher_compute,g,1,0.006665789586777887,0.029047446696139408,0.9829979979822632,0.0011927401426862355
evaluation-ecological-043,ecological,prior,r,1,18.3275681905982,0.02614731902396076,57.18174637722057,0.5209225484268266
evaluation-ecological-043,ecological,prior,b,1,28.655829386275986,0.026915010888121284,34.37721364007489,0.6567185259339228
evaluation-ecological-043,ecological,prior,g,1,2.383593115861465,0.025908025845844083,9.600791666306648,0.4756736097496825
evaluation-ecological-043,ecological,published,r,1,0.047768651302960714,0.02614731902396076,1.0244385963175824,0.0007491426274617297
evaluation-ecological-043,ecological,published,b,1,0.055285667926291505,0.026915010888121284,0.9764982522344311,0.0006895139569571996
evaluation-ecological-043,ecological,published,g,1,0.030748364772264093,0.025908025845844083,0.9961240668687392,0.0013886150638925399
evaluation-ecological-043,ecological,higher_compute,r,1,0.054167531969179436,0.02614731902396076,1.0096125389153174,0.00028532924688488376
evaluation-ecological-043,ecological,higher_compute,b,1,0.028756021712180915,0.026915010888121284,0.9967482741107,0.0001992255563541434
evaluation-ecological-043,ecological,higher_compute,g,1,0.05137017014544703,0.025908025845844083,0.9978367562012177,0.0016508011980805731
evaluation-ecological-044,ecological,prior,r,1,27.1165939804002,0.029421692020206548,48.72552795697103,0.6126434526948553
evaluation-ecological-044,ecological,prior,b,1,38.683126031097274,0.026476635825519238,33.02373056010147,0.7593165042435791
evaluation-ecological-044,ecological,prior,g,1,2.1741899819263835,0.028816779573671365,7.566265628135396,0.4611783388836051
evaluation-ecological-044,ecological,published,r,1,0.05904434508248699,0.029421692020206548,1.0154869565825777,0.0004474913867711372
evaluation-ecological-044,ecological,published,b,1,0.022187388807738278,0.026476635825519238,1.0401334199020578,0.0010904081314034642
evaluation-ecological-044,ecological,published,g,1,0.05161286249892319,0.028816779573671365,0.9866328341939314,0.0034826706820022257
evaluation-ecological-044,ecological,higher_compute,r,1,0.04247320172869831,0.029421692020206548,1.0068729056850467,0.0002977083252901913
evaluation-ecological-044,ecological,higher_compute,b,1,0.01023198608243934,0.026476635825519238,1.013915178370208,0.00018978996510492506
evaluation-ecological-044,ecological,higher_compute,g,1,0.028721688050552984,0.028816779573671365,1.017192735284945,0.002369465625699993
evaluation-ecological-045,ecological,prior,r,1,25.163613431995184,0.02544284975757394,62.629532528953696,0.5555445391005586
evaluation-ecological-045,ecological,prior,b,1,1.1025352290983108,0.028280938277770774,30.212346766035807,0.4432569074575392
evaluation-ecological-045,ecological,prior,g,1,9.284169538902104,0.025503871685914198,8.230980673862607,0.6939966117291227
evaluation-ecological-045,ecological,published,r,1,0.09619807448962418,0.02544284975757394,0.9845596826837386,0.0001602897445018847
evaluation-ecological-045,ecological,published,b,1,0.11659428845473305,0.028280938277770774,1.035169783732295,0.0013004300653377322
evaluation-ecological-045,ecological,published,g,1,0.005854367045758634,0.025503871685914198,0.9514585281734961,0.004515945067999072
evaluation-ecological-045,ecological,higher_compute,r,1,0.010606681085121819,0.02544284975757394,1.0288105499356917,0.0002522846323147476
evaluation-ecological-045,ecological,higher_compute,b,1,0.03563143457558361,0.028280938277770774,1.0119718629189496,0.00037574690017470045
evaluation-ecological-045,ecological,higher_compute,g,1,0.05474548306846164,0.025503871685914198,0.9923010571851623,0.002360610687034692
evaluation-ecological-046,ecological,prior,r,1,13.79761713889481,0.026959949206765813,56.52282562428452,0.5043816962282093
evaluation-ecological-046,ecological,prior,b,1,12.841223909286906,0.02722434668963909,37.30276658810113,0.5350639637150866
evaluation-ecological-046,ecological,prior,g,1,6.463367396289962,0.026551639085944226,8.135628939649644,0.5838196788288343
evaluation-ecological-046,ecological,published,r,1,0.06449108185695569,0.026959949206765813,1.017905765517565,0.000986313603969761
evaluation-ecological-046,ecological,published,b,1,0.006254135128661749,0.02722434668963909,1.0037375052060415,9.077224070610512e-05
evaluation-ecological-046,ecological,published,g,1,0.07085237509996843,0.026551639085944226,1.023570213636347,0.005760470193576159
evaluation-ecological-046,ecological,higher_compute,r,1,0.024728021971515968,0.026959949206765813,1.02677583458018,0.0005601217481003099
evaluation-ecological-046,ecological,higher_compute,b,1,0.011957095493581373,0.02722434668963909,0.9698315254272921,0.0004010528395817836
evaluation-ecological-046,ecological,higher_compute,g,1,0.03885393589009506,0.026551639085944226,1.0081231199594858,0.0024775148892909604
evaluation-ecological-047,ecological,prior,r,1,18.254232178595846,0.025659323626205866,60.98165662537365,0.5081394149504143
evaluation-ecological-047,ecological,prior,b,1,47.18188487860164,0.026111695200049686,41.44872377606374,0.7488862512741796
evaluation-ecological-047,ecological,prior,g,1,11.53173791114032,0.02722688490924064,10.326421820459425,0.7139423149277196
evaluation-ecological-047,ecological,published,r,1,0.05223223110981687,0.025659323626205866,1.0050758272350062,0.0005247303138517326
evaluation-ecological-047,ecological,published,b,1,0.06031374596538514,0.026111695200049686,1.0099784788984254,0.0006986942909975369
evaluation-ecological-047,ecological,published,g,1,0.006835401618326958,0.02722688490924064,1.0504500886348198,0.0033167725464521534
evaluation-ecological-047,ecological,higher_compute,r,1,0.03038780834529776,0.025659323626205866,1.022892889245433,0.0005264793152268687
evaluation-ecological-047,ecological,higher_compute,b,1,0.04165047878543164,0.026111695200049686,1.0216786457403637,0.0010827472830229113
evaluation-ecological-047,ecological,higher_compute,g,1,0.004696999491774489,0.02722688490924064,1.0273571789499547,0.0025184621217783434
evaluation-ecological-048,ecological,prior,r,1,29.960020164952336,0.027790173492352462,36.22872150560794,0.6623697914023529
evaluation-ecological-048,ecological,prior,b,1,23.938540364210482,0.026345997683486225,31.773552837124388,0.6418844977146188
evaluation-ecological-048,ecological,prior,g,1,9.99308006019618,0.028454096696308533,7.5117279627177655,0.7567323183789613
evaluation-ecological-048,ecological,published,r,1,0.02552354649598602,0.027790173492352462,0.9475384009114597,0.0008635987744192164
evaluation-ecological-048,ecological,published,b,1,0.05249463394604518,0.026345997683486225,1.0151588197969126,0.000642060189649829
evaluation-ecological-048,ecological,published,g,1,0.0309061986042014,0.028454096696308533,0.9956028530104223,0.001573714668092873
evaluation-ecological-048,ecological,higher_compute,r,1,0.030014196146956267,0.027790173492352462,0.9882699806766714,0.00027796293970761
evaluation-ecological-048,ecological,higher_compute,b,1,0.010613517923782033,0.026345997683486225,0.9806624144864112,0.0005173090852683693
evaluation-ecological-048,ecological,higher_compute,g,1,0.04025068496910322,0.028454096696308533,0.9881524300253174,0.0010167846591112653
evaluation-ecological-049,ecological,prior,r,1,25.99093624183343,0.024504416886500936,52.071263571414576,0.5658812000164501
evaluation-ecological-049,ecological,prior,b,1,42.980455272653096,0.02649060504059061,31.887423692288042,0.7920856166017296
evaluation-ecological-049,ecological,prior,g,1,4.472665877621147,0.02364783216808169,7.597611653128884,0.556187642669188
evaluation-ecological-049,ecological,published,r,1,0.057464045210104564,0.024504416886500936,1.0125919042402636,0.0004316912731194833
evaluation-ecological-049,ecological,published,b,1,0.07807918875173406,0.02649060504059061,1.027937398368595,0.0011552643037783916
evaluation-ecological-049,ecological,published,g,1,0.0014726613510166768,0.02364783216808169,1.0656717160960798,0.006641979077299
evaluation-ecological-049,ecological,higher_compute,r,1,0.008652663305316229,0.024504416886500936,1.0232332660234023,0.000327846526379183
evaluation-ecological-049,ecological,higher_compute,b,1,0.004547850647964186,0.02649060504059061,1.0241765182628344,0.00040101024325784885
evaluation-ecological-049,ecological,higher_compute,g,1,0.020517966517623023,0.02364783216808169,1.0213029854985984,0.0018154347248559508
evaluation-ecological-050,ecological,prior,r,1,83.02762445811167,0.026875613803615514,59.99215230029253,0.8044615450919016
evaluation-ecological-050,ecological,prior,b,1,4.8361828137517255,0.025264201951205767,23.377451182892532,0.47048214040740455
evaluation-ecological-050,ecological,prior,g,1,6.35150518176649,0.02632867317916127,5.383057996250639,0.6966994707907711
evaluation-ecological-050,ecological,published,r,1,0.006044985908917973,0.026875613803615514,0.9943644284413926,0.0002610241310404919
evaluation-ecological-050,ecological,published,b,1,0.024279022797349274,0.025264201951205767,0.9359902534890203,0.0016097317100948415
evaluation-ecological-050,ecological,published,g,1,0.03191904688534869,0.02632867317916127,1.0182265730232063,0.0017677602966272195
evaluation-ecological-050,ecological,higher_compute,r,1,0.012979826808081657,0.026875613803615514,0.973875597224862,0.0003103601057440712
evaluation-ecological-050,ecological,higher_compute,b,1,0.013157335718724156,0.025264201951205767,1.0188071426290557,0.0005468055353030187
evaluation-ecological-050,ecological,higher_compute,g,1,0.0027663812185512522,0.02632867317916127,0.9815133443844275,0.002813910023281383
evaluation-ecological-051,ecological,prior,r,1,40.34287839658644,0.02661819069548118,57.46474524918922,0.6323202578011892
evaluation-ecological-051,ecological,prior,b,1,24.89684726534716,0.025021021991400248,41.94310462748563,0.5995083751305513
evaluation-ecological-051,ecological,prior,g,1,3.5376263011829208,0.02575343159606927,9.331699945580601,0.5064744066314595
evaluation-ecological-051,ecological,published,r,1,0.027952450155005335,0.02661819069548118,1.0279948096071196,0.00045348042232321956
evaluation-ecological-051,ecological,published,b,1,0.012869281406687102,0.025021021991400248,1.0414555050346765,0.0008586357263985711
evaluation-ecological-051,ecological,published,g,1,0.031031362720839208,0.02575343159606927,1.0358243360714496,0.00440021707649868
evaluation-ecological-051,ecological,higher_compute,r,1,0.007980574548092086,0.02661819069548118,1.0087152982574907,8.093679669466762e-05
evaluation-ecological-051,ecological,higher_compute,b,1,0.007254483470967938,0.025021021991400248,1.050047983208474,0.0005791941939336631
evaluation-ecological-051,ecological,higher_compute,g,1,0.0132971662296979,0.02575343159606927,1.0090102631682583,0.001824389974729168
evaluation-ecological-052,ecological,prior,r,1,15.347622661882736,0.02591896838927268,46.903834723793494,0.5194418022407895
evaluation-ecological-052,ecological,prior,b,1,25.332905511868827,0.025255206667056374,27.736802840866062,0.6848550631821791
evaluation-ecological-052,ecological,prior,g,1,4.6406997596601425,0.02541216763301793,5.888208775129617,0.5831173555736048
evaluation-ecological-052,ecological,published,r,1,0.003716407934873126,0.02591896838927268,1.002799984307941,0.0002603516218185516
evaluation-ecological-052,ecological,published,b,1,0.04859828004338392,0.025255206667056374,0.9570525214606891,0.0014699522346174553
evaluation-ecological-052,ecological,published,g,1,0.036991460402465474,0.02541216763301793,1.0237519120654732,0.0022288125425202684
evaluation-ecological-052,ecological,higher_compute,r,1,0.03501968393427769,0.02591896838927268,0.9750670722388719,0.0006348977560309462
evaluation-ecological-052,ecological,higher_compute,b,1,0.038078242888410364,0.025255206667056374,0.9907017723813535,0.00027602036839669
evaluation-ecological-052,ecological,higher_compute,g,1,0.025664563943182672,0.02541216763301793,0.9654822644285632,0.0057726585219950236
evaluation-ecological-053,ecological,prior,r,1,27.633303149091265,0.02777104105157292,50.89604993387295,0.5857716994953095
evaluation-ecological-053,ecological,prior,b,1,46.505917391978166,0.027002104567978753,32.29105750312681,0.8371768566644459
evaluation-ecological-053,ecological,prior,g,1,5.064935616330444,0.026120940524733426,5.854336523961706,0.6092480287417582
evaluation-ecological-053,ecological,published,r,1,0.09048267370062445,0.02777104105157292,0.974698174438443,0.0008381482693263406
evaluation-ecological-053,ecological,published,b,1,0.029297145389368635,0.027002104567978753,0.9967854658029249,0.0002114203302334694
evaluation-ecological-053,ecological,published,g,1,0.11909769628814723,0.026120940524733426,0.999344286011572,0.008375272413187612
evaluation-ecological-053,ecological,higher_compute,r,1,0.052545951371738835,0.02777104105157292,1.0167079143908047,0.0005445786970255106
evaluation-ecological-053,ecological,higher_compute,b,1,0.009955802384191062,0.027002104567978753,1.001249619513676,0.00020812945780299686
evaluation-ecological-053,ecological,higher_compute,g,1,0.03643587556315037,0.026120940524733426,0.9971407185178192,0.002578636494122849
evaluation-ecological-054,ecological,prior,r,1,41.897838653884314,0.026019251703191585,59.18101337373474,0.6146572116240282
evaluation-ecological-054,ecological,prior,b,1,16.77912272732686,0.026715075195713613,25.38999687239058,0.5996624998686302
evaluation-ecological-054,ecological,prior,g,1,7.371568435770734,0.02694506043384227,7.945709733513284,0.6453189567034915
evaluation-ecological-054,ecological,published,r,1,0.07548740652209657,0.026019251703191585,0.9739441538896956,0.000407280430366234
evaluation-ecological-054,ecological,published,b,1,0.04633804417880703,0.026715075195713613,0.9861123536588303,0.0009346991544001426
evaluation-ecological-054,ecological,published,g,1,0.04159977986665526,0.02694506043384227,1.002008683517959,0.000650962191454385
evaluation-ecological-054,ecological,higher_compute,r,1,0.06554080334047957,0.026019251703191585,0.9771431677027174,0.0002626656155379307
evaluation-ecological-054,ecological,higher_compute,b,1,0.0888533415456834,0.026715075195713613,0.9932051787772245,0.001355109184563208
evaluation-ecological-054,ecological,higher_compute,g,1,0.024624635789581708,0.02694506043384227,1.0231543028885637,0.0018222615762439331
evaluation-ecological-055,ecological,prior,r,1,27.313514215804595,0.02608407323045366,46.82712648888708,0.602409577995917
evaluation-ecological-055,ecological,prior,b,1,29.401586309613094,0.02453314119398832,36.276132897014826,0.6717253094521752
evaluation-ecological-055,ecological,prior,g,1,6.3425816600228515,0.026519434900625638,7.19796711591449,0.6305685953671587
evaluation-ecological-055,ecological,published,r,1,0.05825054040755039,0.02608407323045366,1.0055290348919366,0.00014840052150659014
evaluation-ecological-055,ecological,published,b,1,0.024440599709653038,0.02453314119398832,0.9635791808197116,0.0006238066860039026
evaluation-ecological-055,ecological,published,g,1,0.09644068349236318,0.026519434900625638,1.0125923836938648,0.0033521797690357763
evaluation-ecological-055,ecological,higher_compute,r,1,0.03765262327329714,0.02608407323045366,1.0129120541152683,0.00021392690535175044
evaluation-ecological-055,ecological,higher_compute,b,1,0.009502383659671203,0.02453314119398832,0.9825930699576807,0.000491958148909788
evaluation-ecological-055,ecological,higher_compute,g,1,0.05065635969744171,0.026519434900625638,0.9930560923430547,0.0018778024690512332
evaluation-ecological-056,ecological,prior,r,1,31.0669316835037,0.02682757783960744,45.19946715234308,0.6565254752685323
evaluation-ecological-056,ecological,prior,b,1,16.667313869900045,0.026998558749459865,35.7338909934546,0.5862027732927481
evaluation-ecological-056,ecological,prior,g,1,0.09148753105663368,0.02654619976880115,8.931986438017306,0.3993106283046191
evaluation-ecological-056,ecological,published,r,1,0.022546820422064132,0.02682757783960744,1.0358748596162657,0.0005953518125843734
evaluation-ecological-056,ecological,published,b,1,0.028607330958213495,0.026998558749459865,1.0282591903757474,0.0005999793798224573
evaluation-ecological-056,ecological,published,g,1,0.05630900532382312,0.02654619976880115,0.9775075202331536,0.005593265022050403
evaluation-ecological-056,ecological,higher_compute,r,1,0.015628086169988325,0.02682757783960744,1.0354474062990429,0.0006090548966687
evaluation-ecological-056,ecological,higher_compute,b,1,0.03608879022638961,0.026998558749459865,0.9905849672762996,0.00020951710695609193
evaluation-ecological-056,ecological,higher_compute,g,1,0.03273695533778854,0.02654619976880115,1.029798091542514,0.002032099184871086
evaluation-ecological-057,ecological,prior,r,1,62.49759315879007,0.027446108042330348,63.75890841493104,0.7088113562477089
evaluation-ecological-057,ecological,prior,b,1,19.26701818356549,0.02733610085460734,29.421876620073142,0.6189082826079298
evaluation-ecological-057,ecological,prior,g,1,2.420538259027556,0.028089026679243623,7.6315237014314325,0.45730362376064804
evaluation-ecological-057,ecological,published,r,1,0.04617930148783784,0.027446108042330348,0.9658297730581342,0.00044838613542445377
evaluation-ecological-057,ecological,published,b,1,0.036909773163368895,0.02733610085460734,0.9454875111988235,0.0009413100563522292
evaluation-ecological-057,ecological,published,g,1,0.03833060034253469,0.028089026679243623,0.9032137167386359,0.006564713715924014
evaluation-ecological-057,ecological,higher_compute,r,1,0.0012943786185155622,0.027446108042330348,0.9403786098379765,0.00042041634322768456
evaluation-ecological-057,ecological,higher_compute,b,1,0.03598649018301915,0.02733610085460734,0.981617988777694,0.0009940726724797955
evaluation-ecological-057,ecological,higher_compute,g,1,0.03452574381258741,0.028089026679243623,0.939068752775525,0.0038855886407934692
evaluation-ecological-058,ecological,prior,r,1,27.97136068625009,0.02785424350849383,57.65641729324049,0.596445127716831
evaluation-ecological-058,ecological,prior,b,1,0.24059811594309624,0.025984075686540837,31.144351065003168,0.4424500521322538
evaluation-ecological-058,ecological,prior,g,1,7.755623838558527,0.02491874424907538,7.55804606480395,0.6595213323524338
evaluation-ecological-058,ecological,published,r,1,0.0205035193072446,0.02785424350849383,1.0044045873698741,0.0003692725473771752
evaluation-ecological-058,ecological,published,b,1,0.03437647589398433,0.025984075686540837,1.04089900360996,0.0016194022827754396
evaluation-ecological-058,ecological,published,g,1,0.04632810514569619,0.02491874424907538,0.9442382073563045,0.005187541424957892
evaluation-ecological-058,ecological,higher_compute,r,1,0.030063134019811897,0.02785424350849383,1.0377762123488548,0.000455326159022255
evaluation-ecological-058,ecological,higher_compute,b,1,0.039793591201512324,0.025984075686540837,1.020036071614387,0.0004747694378499645
evaluation-ecological-058,ecological,higher_compute,g,1,0.0289105283142185,0.02491874424907538,0.9982909750744069,0.0013029880202013178
evaluation-ecological-059,ecological,prior,r,1,38.929910874006495,0.026904812270831826,58.02917729728089,0.6313691715144047
evaluation-ecological-059,ecological,prior,b,1,22.793338867818946,0.026098298067749694,24.834685448634573,0.677435761050643
evaluation-ecological-059,ecological,prior,g,1,9.859535031182894,0.02490917369729073,7.002392025026399,0.7933341215800414
evaluation-ecological-059,ecological,published,r,1,0.007753887851907222,0.026904812270831826,0.9687608359334596,0.00032966415660973247
evaluation-ecological-059,ecological,published,b,1,0.02355480385647656,0.026098298067749694,0.9762796602500836,0.0012625456165179295
evaluation-ecological-059,ecological,published,g,1,0.028810419130576918,0.02490917369729073,1.0338891478488383,0.003752646812765505
evaluation-ecological-059,ecological,higher_compute,r,1,0.025498153963503474,0.026904812270831826,0.9819627761487815,0.00014527381457507538
evaluation-ecological-059,ecological,higher_compute,b,1,0.014129411074448527,0.026098298067749694,1.0022878830676472,0.0006147908518199686
evaluation-ecological-059,ecological,higher_compute,g,1,0.058881220808919,0.02490917369729073,1.0313275570858094,0.0057006714638810005
evaluation-ecological-060,ecological,prior,r,1,39.34124946333871,0.026887752780368552,51.270031504337865,0.6388239933502056
evaluation-ecological-060,ecological,prior,b,1,10.203102478599439,0.02648296400386144,24.628753681707355,0.5367960020929159
evaluation-ecological-060,ecological,prior,g,1,4.721594640208835,0.027082566078101215,6.101747590228596,0.6083528701388405
evaluation-ecological-060,ecological,published,r,1,0.03689481262092941,0.026887752780368552,1.0563465980730222,0.0007202668795093606
evaluation-ecological-060,ecological,published,b,1,0.012965111789414783,0.02648296400386144,1.0052393688194012,0.00038272393475127233
evaluation-ecological-060,ecological,published,g,1,0.07153357306789929,0.027082566078101215,1.025089692167763,0.005766837004140407
evaluation-ecological-060,ecological,higher_compute,r,1,0.010293741399003508,0.026887752780368552,1.010429191643118,0.000229449849527071
evaluation-ecological-060,ecological,higher_compute,b,1,0.023876335334136613,0.02648296400386144,0.9972379814271775,0.0002862851423839352
evaluation-ecological-060,ecological,higher_compute,g,1,0.02034791865154752,0.027082566078101215,1.0115591334884761,0.0015441104333137334
evaluation-ecological-061,ecological,prior,r,1,9.52133533925079,0.025470232712897674,59.08999828244429,0.500401722279547
evaluation-ecological-061,ecological,prior,b,1,15.950773769884737,0.025704874686098434,38.682546071043085,0.5663325383221358
evaluation-ecological-061,ecological,prior,g,1,0.3212228280255332,0.02617125538675201,9.484592610930314,0.4251795162276063
evaluation-ecological-061,ecological,published,r,1,0.03564843722503131,0.025470232712897674,1.0346719114830298,0.0005923912499863349
evaluation-ecological-061,ecological,published,b,1,0.01847784516421571,0.025704874686098434,0.9339724722887838,0.0009422168065723824
evaluation-ecological-061,ecological,published,g,1,0.05935521305617924,0.02617125538675201,1.0063434844448493,0.002526916167949547
evaluation-ecological-061,ecological,higher_compute,r,1,0.008826126350352249,0.025470232712897674,1.0078672191108027,0.00014580332986232256
evaluation-ecological-061,ecological,higher_compute,b,1,0.05255176529166603,0.025704874686098434,0.9839313067880416,0.00035520896241809653
evaluation-ecological-061,ecological,higher_compute,g,1,0.04421359967364039,0.02617125538675201,0.9736524652585342,0.0028089684234886697
evaluation-ecological-062,ecological,prior,r,1,55.56722078677691,0.0263367547679456,58.91210664201523,0.7123664999136299
evaluation-ecological-062,ecological,prior,b,1,15.919451768825883,0.025633095425296893,30.387401575643967,0.5711408295211664
evaluation-ecological-062,ecological,prior,g,1,2.140470514566194,0.027577203084281177,6.931582568981186,0.4726954062370366
evaluation-ecological-062,ecological,published,r,1,0.0008911016194705693,0.0263367547679456,0.957701294142571,0.0005535392740975512
evaluation-ecological-062,ecological,published,b,1,0.04100338185200545,0.025633095425296893,0.9525523166971462,0.0019620048487842823
evaluation-ecological-062,ecological,published,g,1,0.015774321469010186,0.027577203084281177,1.0004252173190809,0.0018309937292787515
evaluation-ecological-062,ecological,higher_compute,r,1,0.07466698569403815,0.0263367547679456,0.9643540492230799,0.0006599251157265081
evaluation-ecological-062,ecological,higher_compute,b,1,0.04121705186781727,0.025633095425296893,0.9759412053096344,0.0013865962350228856
evaluation-ecological-062,ecological,higher_compute,g,1,0.06377113396778229,0.027577203084281177,0.9904694601534645,0.0046733404323753835
evaluation-ecological-063,ecological,prior,r,1,34.40392276481313,0.024530645384193746,63.38329726237029,0.6028166948565684
evaluation-ecological-063,ecological,prior,b,1,46.250386431750506,0.026431145883656804,34.82471542946149,0.7968645151465332
evaluation-ecological-063,ecological,prior,g,1,6.6476815515229495,0.025164573450573654,8.994673985445969,0.601718206941095
evaluation-ecological-063,ecological,published,r,1,0.00681592500966997,0.024530645384193746,1.106139668768224,0.001294805162696348
evaluation-ecological-063,ecological,published,b,1,0.06333587371735618,0.026431145883656804,1.0447216438207498,0.0019001599068646513
evaluation-ecological-063,ecological,published,g,1,0.05488717090167709,0.025164573450573654,0.9783936184912633,0.002261540900402592
evaluation-ecological-063,ecological,higher_compute,r,1,0.024601326473665405,0.024530645384193746,1.0264762167886843,0.00030753804632244197
evaluation-ecological-063,ecological,higher_compute,b,1,0.030040005936702724,0.026431145883656804,1.0357767950736712,0.0011448599867268428
evaluation-ecological-063,ecological,higher_compute,g,1,0.03837395470194925,0.025164573450573654,0.9872922417123537,0.0018308461897045825
