case_id,cdf,cohort,method,quantity,truth
evaluation-prior_predictive-000,0.66796875,prior_predictive,prior,r,5.932540062416604
evaluation-prior_predictive-000,0.7177734375,prior_predictive,prior,b,2.3252726556065113
evaluation-prior_predictive-000,0.34765625,prior_predictive,prior,g,0.2588256314097852
evaluation-prior_predictive-000,0.998046875,prior_predictive,prior,log_likelihood,56.07982906624336
evaluation-prior_predictive-000,0.9156897260384105,prior_predictive,published,r,5.932540062416604
evaluation-prior_predictive-000,0.006682314607369712,prior_predictive,published,b,2.3252726556065113
evaluation-prior_predictive-000,0.7136868854451492,prior_predictive,published,g,0.2588256314097852
evaluation-prior_predictive-000,0.043972338760031066,prior_predictive,published,log_likelihood,56.07982906624336
evaluation-prior_predictive-000,0.9108060280638354,prior_predictive,higher_compute,r,5.932540062416604
evaluation-prior_predictive-000,0.005413340992688623,prior_predictive,higher_compute,b,2.3252726556065113
evaluation-prior_predictive-000,0.7238808971180359,prior_predictive,higher_compute,g,0.2588256314097852
evaluation-prior_predictive-000,0.04104935464184298,prior_predictive,higher_compute,log_likelihood,56.07982906624336
evaluation-prior_predictive-000,0.9084375000000003,prior_predictive,reference,r,5.932540062416604
evaluation-prior_predictive-000,0.006875000000000003,prior_predictive,reference,b,2.3252726556065113
evaluation-prior_predictive-000,0.7201250000000001,prior_predictive,reference,g,0.2588256314097852
evaluation-prior_predictive-000,0.05268750000000002,prior_predictive,reference,log_likelihood,56.07982906624336
evaluation-prior_predictive-001,0.205078125,prior_predictive,prior,r,3.1861036249512584
evaluation-prior_predictive-001,0.728515625,prior_predictive,prior,b,2.308072132768034
evaluation-prior_predictive-001,0.779296875,prior_predictive,prior,g,0.6348849308003608
evaluation-prior_predictive-001,1.0,prior_predictive,prior,log_likelihood,70.81307653597325
evaluation-prior_predictive-001,0.7788642020953505,prior_predictive,published,r,3.1861036249512584
evaluation-prior_predictive-001,0.6052862235185683,prior_predictive,published,b,2.308072132768034
evaluation-prior_predictive-001,0.5164285394067709,prior_predictive,published,g,0.6348849308003608
evaluation-prior_predictive-001,0.1329703189262766,prior_predictive,published,log_likelihood,70.81307653597325
evaluation-prior_predictive-001,0.7928534958343469,prior_predictive,higher_compute,r,3.1861036249512584
evaluation-prior_predictive-001,0.6029957250460489,prior_predictive,higher_compute,b,2.308072132768034
evaluation-prior_predictive-001,0.4634009969642613,prior_predictive,higher_compute,g,0.6348849308003608
evaluation-prior_predictive-001,0.1349534028501902,prior_predictive,higher_compute,log_likelihood,70.81307653597325
evaluation-prior_predictive-001,0.7952500000000002,prior_predictive,reference,r,3.1861036249512584
evaluation-prior_predictive-001,0.6147500000000001,prior_predictive,reference,b,2.308072132768034
evaluation-prior_predictive-001,0.45306250000000015,prior_predictive,reference,g,0.6348849308003608
evaluation-prior_predictive-001,0.14875000000000002,prior_predictive,reference,log_likelihood,70.81307653597325
evaluation-prior_predictive-002,0.3046875,prior_predictive,prior,r,3.8673500501061993
evaluation-prior_predictive-002,0.4052734375,prior_predictive,prior,b,1.5542926076936632
evaluation-prior_predictive-002,0.9833984375,prior_predictive,prior,g,0.7879880681466621
evaluation-prior_predictive-002,1.0,prior_predictive,prior,log_likelihood,61.65305195154126
evaluation-prior_predictive-002,0.19187439966627606,prior_predictive,published,r,3.8673500501061993
evaluation-prior_predictive-002,0.48419455780882004,prior_predictive,published,b,1.5542926076936632
evaluation-prior_predictive-002,0.8301238343920477,prior_predictive,published,g,0.7879880681466621
evaluation-prior_predictive-002,0.9236875630085373,prior_predictive,published,log_likelihood,61.65305195154126
evaluation-prior_predictive-002,0.19260074866860938,prior_predictive,higher_compute,r,3.8673500501061993
evaluation-prior_predictive-002,0.4442386973119229,prior_predictive,higher_compute,b,1.5542926076936632
evaluation-prior_predictive-002,0.845033037028452,prior_predictive,higher_compute,g,0.7879880681466621
evaluation-prior_predictive-002,0.9061905616268936,prior_predictive,higher_compute,log_likelihood,61.65305195154126
evaluation-prior_predictive-002,0.19581250000000006,prior_predictive,reference,r,3.8673500501061993
evaluation-prior_predictive-002,0.42343750000000013,prior_predictive,reference,b,1.5542926076936632
evaluation-prior_predictive-002,0.8323750000000003,prior_predictive,reference,g,0.7879880681466621
evaluation-prior_predictive-002,0.9101250000000003,prior_predictive,reference,log_likelihood,61.65305195154126
evaluation-prior_predictive-003,0.46484375,prior_predictive,prior,r,4.788744060405187
evaluation-prior_predictive-003,0.8046875,prior_predictive,prior,b,2.5212025863253356
evaluation-prior_predictive-003,0.1337890625,prior_predictive,prior,g,0.09747568712173704
evaluation-prior_predictive-003,1.0,prior_predictive,prior,log_likelihood,59.58748534395151
evaluation-prior_predictive-003,0.46832237252774445,prior_predictive,published,r,4.788744060405187
evaluation-prior_predictive-003,0.6299711309107143,prior_predictive,published,b,2.5212025863253356
evaluation-prior_predictive-003,0.570229543243282,prior_predictive,published,g,0.09747568712173704
evaluation-prior_predictive-003,0.9886969779801627,prior_predictive,published,log_likelihood,59.58748534395151
evaluation-prior_predictive-003,0.44607002130337003,prior_predictive,higher_compute,r,4.788744060405187
evaluation-prior_predictive-003,0.6284764996472785,prior_predictive,higher_compute,b,2.5212025863253356
evaluation-prior_predictive-003,0.5461922987567488,prior_predictive,higher_compute,g,0.09747568712173704
evaluation-prior_predictive-003,0.9903742712012156,prior_predictive,higher_compute,log_likelihood,59.58748534395151
evaluation-prior_predictive-003,0.4595000000000002,prior_predictive,reference,r,4.788744060405187
evaluation-prior_predictive-003,0.6203125,prior_predictive,reference,b,2.5212025863253356
evaluation-prior_predictive-003,0.5268125000000002,prior_predictive,reference,g,0.09747568712173704
evaluation-prior_predictive-003,0.9930000000000004,prior_predictive,reference,log_likelihood,59.58748534395151
evaluation-prior_predictive-004,0.068359375,prior_predictive,prior,r,2.3585033203449335
evaluation-prior_predictive-004,0.2265625,prior_predictive,prior,b,1.0856915976685628
evaluation-prior_predictive-004,0.1787109375,prior_predictive,prior,g,0.1367651940401891
evaluation-prior_predictive-004,1.0,prior_predictive,prior,log_likelihood,65.67532052117178
evaluation-prior_predictive-004,0.6074338234242761,prior_predictive,published,r,2.3585033203449335
evaluation-prior_predictive-004,0.6453854098740626,prior_predictive,published,b,1.0856915976685628
evaluation-prior_predictive-004,0.5318692177922383,prior_predictive,published,g,0.1367651940401891
evaluation-prior_predictive-004,0.5171533872555653,prior_predictive,published,log_likelihood,65.67532052117178
evaluation-prior_predictive-004,0.6202265850556998,prior_predictive,higher_compute,r,2.3585033203449335
evaluation-prior_predictive-004,0.6235891364707541,prior_predictive,higher_compute,b,1.0856915976685628
evaluation-prior_predictive-004,0.5380007952227706,prior_predictive,higher_compute,g,0.1367651940401891
evaluation-prior_predictive-004,0.5272460715310244,prior_predictive,higher_compute,log_likelihood,65.67532052117178
evaluation-prior_predictive-004,0.6208750000000001,prior_predictive,reference,r,2.3585033203449335
evaluation-prior_predictive-004,0.6186875000000001,prior_predictive,reference,b,1.0856915976685628
evaluation-prior_predictive-004,0.5266875000000002,prior_predictive,reference,g,0.1367651940401891
evaluation-prior_predictive-004,0.5276875000000001,prior_predictive,reference,log_likelihood,65.67532052117178
evaluation-prior_predictive-005,0.4921875,prior_predictive,prior,r,5.092867611069445
evaluation-prior_predictive-005,0.083984375,prior_predictive,prior,b,0.7332111764242981
evaluation-prior_predictive-005,0.478515625,prior_predictive,prior,g,0.3979725726624122
evaluation-prior_predictive-005,1.0,prior_predictive,prior,log_likelihood,38.61893234493438
evaluation-prior_predictive-005,0.44285849801715876,prior_predictive,published,r,5.092867611069445
evaluation-prior_predictive-005,0.6258342733455511,prior_predictive,published,b,0.7332111764242981
evaluation-prior_predictive-005,0.23420661621838879,prior_predictive,published,g,0.3979725726624122
evaluation-prior_predictive-005,0.6454937886060665,prior_predictive,published,log_likelihood,38.61893234493438
evaluation-prior_predictive-005,0.41829622762929697,prior_predictive,higher_compute,r,5.092867611069445
evaluation-prior_predictive-005,0.6563084998105764,prior_predictive,higher_compute,b,0.7332111764242981
evaluation-prior_predictive-005,0.23979993266979255,prior_predictive,higher_compute,g,0.3979725726624122
evaluation-prior_predictive-005,0.6585347370571704,prior_predictive,higher_compute,log_likelihood,38.61893234493438
evaluation-prior_predictive-005,0.41612500000000013,prior_predictive,reference,r,5.092867611069445
evaluation-prior_predictive-005,0.6621250000000001,prior_predictive,reference,b,0.7332111764242981
evaluation-prior_predictive-005,0.2512500000000001,prior_predictive,reference,g,0.3979725726624122
evaluation-prior_predictive-005,0.6618125000000001,prior_predictive,reference,log_likelihood,38.61893234493438
evaluation-prior_predictive-006,0.080078125,prior_predictive,prior,r,2.390127615365497
evaluation-prior_predictive-006,0.84765625,prior_predictive,prior,b,2.598377923043543
evaluation-prior_predictive-006,0.9794921875,prior_predictive,prior,g,0.7781453320928242
evaluation-prior_predictive-006,1.0,prior_predictive,prior,log_likelihood,89.53186156383073
evaluation-prior_predictive-006,0.5390886798665364,prior_predictive,published,r,2.390127615365497
evaluation-prior_predictive-006,0.677506711633141,prior_predictive,published,b,2.598377923043543
evaluation-prior_predictive-006,0.3481145831141242,prior_predictive,published,g,0.7781453320928242
evaluation-prior_predictive-006,0.5636703703074644,prior_predictive,published,log_likelihood,89.53186156383073
evaluation-prior_predictive-006,0.5357486346868183,prior_predictive,higher_compute,r,2.390127615365497
evaluation-prior_predictive-006,0.656596843264627,prior_predictive,higher_compute,b,2.598377923043543
evaluation-prior_predictive-006,0.3658747399867895,prior_predictive,higher_compute,g,0.7781453320928242
evaluation-prior_predictive-006,0.6218694925461279,prior_predictive,higher_compute,log_likelihood,89.53186156383073
evaluation-prior_predictive-006,0.5651875000000001,prior_predictive,reference,r,2.390127615365497
evaluation-prior_predictive-006,0.6218125000000001,prior_predictive,reference,b,2.598377923043543
evaluation-prior_predictive-006,0.3685625000000001,prior_predictive,reference,g,0.7781453320928242
evaluation-prior_predictive-006,0.6126875,prior_predictive,reference,log_likelihood,89.53186156383073
evaluation-prior_predictive-007,0.91015625,prior_predictive,prior,r,7.509990313490773
evaluation-prior_predictive-007,0.8662109375,prior_predictive,prior,b,2.676962688209078
evaluation-prior_predictive-007,0.0849609375,prior_predictive,prior,g,0.06577466063282884
evaluation-prior_predictive-007,1.0,prior_predictive,prior,log_likelihood,43.07131825643123
evaluation-prior_predictive-007,0.11436623389768501,prior_predictive,published,r,7.509990313490773
evaluation-prior_predictive-007,0.8975398335843596,prior_predictive,published,b,2.676962688209078
evaluation-prior_predictive-007,0.6244041268975918,prior_predictive,published,g,0.06577466063282884
evaluation-prior_predictive-007,0.5567756189630885,prior_predictive,published,log_likelihood,43.07131825643123
evaluation-prior_predictive-007,0.09543997791474947,prior_predictive,higher_compute,r,7.509990313490773
evaluation-prior_predictive-007,0.8995130970558021,prior_predictive,higher_compute,b,2.676962688209078
evaluation-prior_predictive-007,0.6716854439040785,prior_predictive,higher_compute,g,0.06577466063282884
evaluation-prior_predictive-007,0.5464392274987986,prior_predictive,higher_compute,log_likelihood,43.07131825643123
evaluation-prior_predictive-007,0.09812500000000003,prior_predictive,reference,r,7.509990313490773
evaluation-prior_predictive-007,0.8990000000000004,prior_predictive,reference,b,2.676962688209078
evaluation-prior_predictive-007,0.6634375000000001,prior_predictive,reference,g,0.06577466063282884
evaluation-prior_predictive-007,0.545625,prior_predictive,reference,log_likelihood,43.07131825643123
evaluation-prior_predictive-008,0.15234375,prior_predictive,prior,r,2.8466702342402743
evaluation-prior_predictive-008,0.4482421875,prior_predictive,prior,b,1.6348149777470335
evaluation-prior_predictive-008,0.4638671875,prior_predictive,prior,g,0.3881307732741264
evaluation-prior_predictive-008,1.0,prior_predictive,prior,log_likelihood,74.37056464203798
evaluation-prior_predictive-008,0.6066934321696129,prior_predictive,published,r,2.8466702342402743
evaluation-prior_predictive-008,0.05946880829653213,prior_predictive,published,b,1.6348149777470335
evaluation-prior_predictive-008,0.41615445384634975,prior_predictive,published,g,0.3881307732741264
evaluation-prior_predictive-008,0.07049252667555114,prior_predictive,published,log_likelihood,74.37056464203798
evaluation-prior_predictive-008,0.6437378457751409,prior_predictive,higher_compute,r,2.8466702342402743
evaluation-prior_predictive-008,0.06151490788517924,prior_predictive,higher_compute,b,1.6348149777470335
evaluation-prior_predictive-008,0.38672783209707007,prior_predictive,higher_compute,g,0.3881307732741264
evaluation-prior_predictive-008,0.06389910158151835,prior_predictive,higher_compute,log_likelihood,74.37056464203798
evaluation-prior_predictive-008,0.6356875000000002,prior_predictive,reference,r,2.8466702342402743
evaluation-prior_predictive-008,0.060125000000000026,prior_predictive,reference,b,1.6348149777470335
evaluation-prior_predictive-008,0.38687500000000014,prior_predictive,reference,g,0.3881307732741264
evaluation-prior_predictive-008,0.06768750000000001,prior_predictive,reference,log_likelihood,74.37056464203798
evaluation-prior_predictive-009,0.20703125,prior_predictive,prior,r,3.1995174040425747
evaluation-prior_predictive-009,0.15234375,prior_predictive,prior,b,0.854378711803288
evaluation-prior_predictive-009,0.2236328125,prior_predictive,prior,g,0.17508549088479342
evaluation-prior_predictive-009,1.0,prior_predictive,prior,log_likelihood,43.620609053209975
evaluation-prior_predictive-009,0.8494934047166349,prior_predictive,published,r,3.1995174040425747
evaluation-prior_predictive-009,0.03405779608524555,prior_predictive,published,b,0.854378711803288
evaluation-prior_predictive-009,0.6367981893348955,prior_predictive,published,g,0.17508549088479342
evaluation-prior_predictive-009,0.24024891577227947,prior_predictive,published,log_likelihood,43.620609053209975
evaluation-prior_predictive-009,0.8338411234814069,prior_predictive,higher_compute,r,3.1995174040425747
evaluation-prior_predictive-009,0.028403201966418552,prior_predictive,higher_compute,b,0.854378711803288
evaluation-prior_predictive-009,0.6626988107269727,prior_predictive,higher_compute,g,0.17508549088479342
evaluation-prior_predictive-009,0.25544529821110057,prior_predictive,higher_compute,log_likelihood,43.620609053209975
evaluation-prior_predictive-009,0.8284375000000003,prior_predictive,reference,r,3.1995174040425747
evaluation-prior_predictive-009,0.02793750000000001,prior_predictive,reference,b,0.854378711803288
evaluation-prior_predictive-009,0.6778125000000002,prior_predictive,reference,g,0.17508549088479342
evaluation-prior_predictive-009,0.2492500000000001,prior_predictive,reference,log_likelihood,43.620609053209975
evaluation-prior_predictive-010,0.2041015625,prior_predictive,prior,r,3.1777141322860922
evaluation-prior_predictive-010,0.3994140625,prior_predictive,prior,b,1.4829828684256992
evaluation-prior_predictive-010,0.2568359375,prior_predictive,prior,g,0.21143887750549206
evaluation-prior_predictive-010,1.0,prior_predictive,prior,log_likelihood,48.075457729786486
evaluation-prior_predictive-010,0.46792742225908246,prior_predictive,published,r,3.1777141322860922
evaluation-prior_predictive-010,0.14192979806013273,prior_predictive,published,b,1.4829828684256992
evaluation-prior_predictive-010,0.9352380384489536,prior_predictive,published,g,0.21143887750549206
evaluation-prior_predictive-010,0.199936246320307,prior_predictive,published,log_likelihood,48.075457729786486
evaluation-prior_predictive-010,0.4494832170233905,prior_predictive,higher_compute,r,3.1777141322860922
evaluation-prior_predictive-010,0.148009139116651,prior_predictive,higher_compute,b,1.4829828684256992
evaluation-prior_predictive-010,0.9600581302936764,prior_predictive,higher_compute,g,0.21143887750549206
evaluation-prior_predictive-010,0.2096437044210037,prior_predictive,higher_compute,log_likelihood,48.075457729786486
evaluation-prior_predictive-010,0.4653125000000002,prior_predictive,reference,r,3.1777141322860922
evaluation-prior_predictive-010,0.13062500000000005,prior_predictive,reference,b,1.4829828684256992
evaluation-prior_predictive-010,0.9541250000000003,prior_predictive,reference,g,0.21143887750549206
evaluation-prior_predictive-010,0.18956250000000005,prior_predictive,reference,log_likelihood,48.075457729786486
evaluation-prior_predictive-011,0.16015625,prior_predictive,prior,r,2.9868518173746836
evaluation-prior_predictive-011,0.619140625,prior_predictive,prior,b,2.0718090776081683
evaluation-prior_predictive-011,0.125,prior_predictive,prior,g,0.09897504568739413
evaluation-prior_predictive-011,1.0,prior_predictive,prior,log_likelihood,72.26866180235838
evaluation-prior_predictive-011,0.3154136727203241,prior_predictive,published,r,2.9868518173746836
evaluation-prior_predictive-011,0.552950818611552,prior_predictive,published,b,2.0718090776081683
evaluation-prior_predictive-011,0.3511980143857057,prior_predictive,published,g,0.09897504568739413
evaluation-prior_predictive-011,0.5993880333654782,prior_predictive,published,log_likelihood,72.26866180235838
evaluation-prior_predictive-011,0.2897352306771136,prior_predictive,higher_compute,r,2.9868518173746836
evaluation-prior_predictive-011,0.6228287629714881,prior_predictive,higher_compute,b,2.0718090776081683
evaluation-prior_predictive-011,0.3491863643449432,prior_predictive,higher_compute,g,0.09897504568739413
evaluation-prior_predictive-011,0.6296381298843179,prior_predictive,higher_compute,log_likelihood,72.26866180235838
evaluation-prior_predictive-011,0.28656250000000005,prior_predictive,reference,r,2.9868518173746836
evaluation-prior_predictive-011,0.6110625000000001,prior_predictive,reference,b,2.0718090776081683
evaluation-prior_predictive-011,0.3560000000000001,prior_predictive,reference,g,0.09897504568739413
evaluation-prior_predictive-011,0.6255625,prior_predictive,reference,log_likelihood,72.26866180235838
evaluation-prior_predictive-012,0.5400390625,prior_predictive,prior,r,5.135858910156765
evaluation-prior_predictive-012,0.5634765625,prior_predictive,prior,b,1.8803885054803477
evaluation-prior_predictive-012,0.5380859375,prior_predictive,prior,g,0.41759078837562114
evaluation-prior_predictive-012,1.0,prior_predictive,prior,log_likelihood,63.163284790927776
evaluation-prior_predictive-012,0.6933735937071742,prior_predictive,published,r,5.135858910156765
evaluation-prior_predictive-012,0.7735486799877673,prior_predictive,published,b,1.8803885054803477
evaluation-prior_predictive-012,0.08141749629506205,prior_predictive,published,g,0.41759078837562114
evaluation-prior_predictive-012,0.33189449722513736,prior_predictive,published,log_likelihood,63.163284790927776
evaluation-prior_predictive-012,0.6422540593784397,prior_predictive,higher_compute,r,5.135858910156765
evaluation-prior_predictive-012,0.7801957743575806,prior_predictive,higher_compute,b,1.8803885054803477
evaluation-prior_predictive-012,0.08746032050329561,prior_predictive,higher_compute,g,0.41759078837562114
evaluation-prior_predictive-012,0.3610383501580693,prior_predictive,higher_compute,log_likelihood,63.163284790927776
evaluation-prior_predictive-012,0.6528750000000001,prior_predictive,reference,r,5.135858910156765
evaluation-prior_predictive-012,0.7858750000000003,prior_predictive,reference,b,1.8803885054803477
evaluation-prior_predictive-012,0.08175000000000002,prior_predictive,reference,g,0.41759078837562114
evaluation-prior_predictive-012,0.3486250000000001,prior_predictive,reference,log_likelihood,63.163284790927776
evaluation-prior_predictive-013,0.9990234375,prior_predictive,prior,r,7.99415295145311
evaluation-prior_predictive-013,0.625,prior_predictive,prior,b,2.0902928298342434
evaluation-prior_predictive-013,0.8896484375,prior_predictive,prior,g,0.7087669517760881
evaluation-prior_predictive-013,1.0,prior_predictive,prior,log_likelihood,40.833990268969046
evaluation-prior_predictive-013,0.9007145695094537,prior_predictive,published,r,7.99415295145311
evaluation-prior_predictive-013,0.6841959658720697,prior_predictive,published,b,2.0902928298342434
evaluation-prior_predictive-013,0.037702820484577314,prior_predictive,published,g,0.7087669517760881
evaluation-prior_predictive-013,0.35252059922498563,prior_predictive,published,log_likelihood,40.833990268969046
evaluation-prior_predictive-013,0.9320224034691516,prior_predictive,higher_compute,r,7.99415295145311
evaluation-prior_predictive-013,0.654471035655376,prior_predictive,higher_compute,b,2.0902928298342434
evaluation-prior_predictive-013,0.05405197409289436,prior_predictive,higher_compute,g,0.7087669517760881
evaluation-prior_predictive-013,0.3710753694547351,prior_predictive,higher_compute,log_likelihood,40.833990268969046
evaluation-prior_predictive-013,0.9086875000000003,prior_predictive,reference,r,7.99415295145311
evaluation-prior_predictive-013,0.6518750000000002,prior_predictive,reference,b,2.0902928298342434
evaluation-prior_predictive-013,0.05062500000000002,prior_predictive,reference,g,0.7087669517760881
evaluation-prior_predictive-013,0.3620000000000001,prior_predictive,reference,log_likelihood,40.833990268969046
evaluation-prior_predictive-014,0.359375,prior_predictive,prior,r,4.119641060298175
evaluation-prior_predictive-014,0.763671875,prior_predictive,prior,b,2.3779130002726427
evaluation-prior_predictive-014,0.384765625,prior_predictive,prior,g,0.3143543232476576
evaluation-prior_predictive-014,1.0,prior_predictive,prior,log_likelihood,75.60721701087691
evaluation-prior_predictive-014,0.12704481779247007,prior_predictive,published,r,4.119641060298175
evaluation-prior_predictive-014,0.5900323405978831,prior_predictive,published,b,2.3779130002726427
evaluation-prior_predictive-014,0.6404253097643862,prior_predictive,published,g,0.3143543232476576
evaluation-prior_predictive-014,0.4418762853843773,prior_predictive,published,log_likelihood,75.60721701087691
evaluation-prior_predictive-014,0.13075522851035598,prior_predictive,higher_compute,r,4.119641060298175
evaluation-prior_predictive-014,0.6037484822670923,prior_predictive,higher_compute,b,2.3779130002726427
evaluation-prior_predictive-014,0.6702256551400945,prior_predictive,higher_compute,g,0.3143543232476576
evaluation-prior_predictive-014,0.39659967325478007,prior_predictive,higher_compute,log_likelihood,75.60721701087691
evaluation-prior_predictive-014,0.12931250000000005,prior_predictive,reference,r,4.119641060298175
evaluation-prior_predictive-014,0.6108750000000001,prior_predictive,reference,b,2.3779130002726427
evaluation-prior_predictive-014,0.6967500000000002,prior_predictive,reference,g,0.3143543232476576
evaluation-prior_predictive-014,0.39518750000000014,prior_predictive,reference,log_likelihood,75.60721701087691
evaluation-prior_predictive-015,0.189453125,prior_predictive,prior,r,3.2186687610393623
evaluation-prior_predictive-015,0.7001953125,prior_predictive,prior,b,2.2649711913640624
evaluation-prior_predictive-015,0.99609375,prior_predictive,prior,g,0.7953881211610518
evaluation-prior_predictive-015,1.0,prior_predictive,prior,log_likelihood,70.71613370352198
evaluation-prior_predictive-015,0.07078709802414136,prior_predictive,published,r,3.2186687610393623
evaluation-prior_predictive-015,0.7969319182825099,prior_predictive,published,b,2.2649711913640624
evaluation-prior_predictive-015,0.9018632717142423,prior_predictive,published,g,0.7953881211610518
evaluation-prior_predictive-015,0.9185188650009333,prior_predictive,published,log_likelihood,70.71613370352198
evaluation-prior_predictive-015,0.09327505428825414,prior_predictive,higher_compute,r,3.2186687610393623
evaluation-prior_predictive-015,0.8110760605594699,prior_predictive,higher_compute,b,2.2649711913640624
evaluation-prior_predictive-015,0.9276258952332437,prior_predictive,higher_compute,g,0.7953881211610518
evaluation-prior_predictive-015,0.9093083256933873,prior_predictive,higher_compute,log_likelihood,70.71613370352198
evaluation-prior_predictive-015,0.07825000000000001,prior_predictive,reference,r,3.2186687610393623
evaluation-prior_predictive-015,0.8186250000000003,prior_predictive,reference,b,2.2649711913640624
evaluation-prior_predictive-015,0.9065625000000004,prior_predictive,reference,g,0.7953881211610518
evaluation-prior_predictive-015,0.8883750000000004,prior_predictive,reference,log_likelihood,70.71613370352198
evaluation-prior_predictive-016,0.462890625,prior_predictive,prior,r,4.631131254355257
evaluation-prior_predictive-016,0.955078125,prior_predictive,prior,b,2.8813416877139795
evaluation-prior_predictive-016,0.37109375,prior_predictive,prior,g,0.3172915290409655
evaluation-prior_predictive-016,1.0,prior_predictive,prior,log_likelihood,72.96616513006595
evaluation-prior_predictive-016,0.19002153622601922,prior_predictive,published,r,4.631131254355257
evaluation-prior_predictive-016,0.8886701592977636,prior_predictive,published,b,2.8813416877139795
evaluation-prior_predictive-016,0.5530281008294177,prior_predictive,published,g,0.3172915290409655
evaluation-prior_predictive-016,0.6683562858245298,prior_predictive,published,log_likelihood,72.96616513006595
evaluation-prior_predictive-016,0.1880070062440534,prior_predictive,higher_compute,r,4.631131254355257
evaluation-prior_predictive-016,0.9031451637586151,prior_predictive,higher_compute,b,2.8813416877139795
evaluation-prior_predictive-016,0.5018361818632772,prior_predictive,higher_compute,g,0.3172915290409655
evaluation-prior_predictive-016,0.625591512819123,prior_predictive,higher_compute,log_likelihood,72.96616513006595
evaluation-prior_predictive-016,0.16975000000000004,prior_predictive,reference,r,4.631131254355257
evaluation-prior_predictive-016,0.8945625000000004,prior_predictive,reference,b,2.8813416877139795
evaluation-prior_predictive-016,0.5465,prior_predictive,reference,g,0.3172915290409655
evaluation-prior_predictive-016,0.6381875000000001,prior_predictive,reference,log_likelihood,72.96616513006595
evaluation-prior_predictive-017,0.5625,prior_predictive,prior,r,5.396038201231707
evaluation-prior_predictive-017,0.892578125,prior_predictive,prior,b,2.7331321728822937
evaluation-prior_predictive-017,0.2685546875,prior_predictive,prior,g,0.21236469480784725
evaluation-prior_predictive-017,1.0,prior_predictive,prior,log_likelihood,59.87679132670743
evaluation-prior_predictive-017,0.46263569978798885,prior_predictive,published,r,5.396038201231707
evaluation-prior_predictive-017,0.25780014829321507,prior_predictive,published,b,2.7331321728822937
evaluation-prior_predictive-017,0.7095060969151832,prior_predictive,published,g,0.21236469480784725
evaluation-prior_predictive-017,0.8960418573646272,prior_predictive,published,log_likelihood,59.87679132670743
evaluation-prior_predictive-017,0.4512029944510943,prior_predictive,higher_compute,r,5.396038201231707
evaluation-prior_predictive-017,0.2545090651019804,prior_predictive,higher_compute,b,2.7331321728822937
evaluation-prior_predictive-017,0.6913881294056505,prior_predictive,higher_compute,g,0.21236469480784725
evaluation-prior_predictive-017,0.9089719871046883,prior_predictive,higher_compute,log_likelihood,59.87679132670743
evaluation-prior_predictive-017,0.43962500000000015,prior_predictive,reference,r,5.396038201231707
evaluation-prior_predictive-017,0.2629375000000001,prior_predictive,reference,b,2.7331321728822937
evaluation-prior_predictive-017,0.7024375000000002,prior_predictive,reference,g,0.21236469480784725
evaluation-prior_predictive-017,0.9058750000000004,prior_predictive,reference,log_likelihood,59.87679132670743
evaluation-prior_predictive-018,0.267578125,prior_predictive,prior,r,3.8766272658428296
evaluation-prior_predictive-018,0.9248046875,prior_predictive,prior,b,2.848695940937474
evaluation-prior_predictive-018,0.666015625,prior_predictive,prior,g,0.5254325909201314
evaluation-prior_predictive-018,1.0,prior_predictive,prior,log_likelihood,51.92508976281863
evaluation-prior_predictive-018,0.28782561383113076,prior_predictive,published,r,3.8766272658428296
evaluation-prior_predictive-018,0.7955494231428863,prior_predictive,published,b,2.848695940937474
evaluation-prior_predictive-018,0.3575306175873486,prior_predictive,published,g,0.5254325909201314
evaluation-prior_predictive-018,0.8047729537301384,prior_predictive,published,log_likelihood,51.92508976281863
evaluation-prior_predictive-018,0.29964182930363026,prior_predictive,higher_compute,r,3.8766272658428296
evaluation-prior_predictive-018,0.769306735888666,prior_predictive,higher_compute,b,2.848695940937474
evaluation-prior_predictive-018,0.40613563562814897,prior_predictive,higher_compute,g,0.5254325909201314
evaluation-prior_predictive-018,0.8213024289686945,prior_predictive,higher_compute,log_likelihood,51.92508976281863
evaluation-prior_predictive-018,0.28768750000000004,prior_predictive,reference,r,3.8766272658428296
evaluation-prior_predictive-018,0.7833125000000003,prior_predictive,reference,b,2.848695940937474
evaluation-prior_predictive-018,0.39218750000000013,prior_predictive,reference,g,0.5254325909201314
evaluation-prior_predictive-018,0.8105625000000003,prior_predictive,reference,log_likelihood,51.92508976281863
evaluation-prior_predictive-019,0.6728515625,prior_predictive,prior,r,5.9729063966820375
evaluation-prior_predictive-019,0.775390625,prior_predictive,prior,b,2.488704296025806
evaluation-prior_predictive-019,0.8974609375,prior_predictive,prior,g,0.7069420720598915
evaluation-prior_predictive-019,1.0,prior_predictive,prior,log_likelihood,61.689088941105155
evaluation-prior_predictive-019,0.49562616341007587,prior_predictive,published,r,5.9729063966820375
evaluation-prior_predictive-019,0.35312827760255777,prior_predictive,published,b,2.488704296025806
evaluation-prior_predictive-019,0.36762692779216,prior_predictive,published,g,0.7069420720598915
evaluation-prior_predictive-019,0.5428896438891458,prior_predictive,published,log_likelihood,61.689088941105155
evaluation-prior_predictive-019,0.5252285369530485,prior_predictive,higher_compute,r,5.9729063966820375
evaluation-prior_predictive-019,0.3474818607676301,prior_predictive,higher_compute,b,2.488704296025806
evaluation-prior_predictive-019,0.32927545571542427,prior_predictive,higher_compute,g,0.7069420720598915
evaluation-prior_predictive-019,0.5403123220183559,prior_predictive,higher_compute,log_likelihood,61.689088941105155
evaluation-prior_predictive-019,0.5276250000000001,prior_predictive,reference,r,5.9729063966820375
evaluation-prior_predictive-019,0.3533125000000001,prior_predictive,reference,b,2.488704296025806
evaluation-prior_predictive-019,0.32612500000000005,prior_predictive,reference,g,0.7069420720598915
evaluation-prior_predictive-019,0.544625,prior_predictive,reference,log_likelihood,61.689088941105155
evaluation-prior_predictive-020,0.744140625,prior_predictive,prior,r,6.559334110088089
evaluation-prior_predictive-020,0.3369140625,prior_predictive,prior,b,1.4004101612888888
evaluation-prior_predictive-020,0.732421875,prior_predictive,prior,g,0.5866913202588754
evaluation-prior_predictive-020,0.9990234375,prior_predictive,prior,log_likelihood,56.637877617895285
evaluation-prior_predictive-020,0.29089716545545263,prior_predictive,published,r,6.559334110088089
evaluation-prior_predictive-020,0.6044707034131731,prior_predictive,published,b,1.4004101612888888
evaluation-prior_predictive-020,0.7930412155967929,prior_predictive,published,g,0.5866913202588754
evaluation-prior_predictive-020,0.4368821573434841,prior_predictive,published,log_likelihood,56.637877617895285
evaluation-prior_predictive-020,0.2853678457087855,prior_predictive,higher_compute,r,6.559334110088089
evaluation-prior_predictive-020,0.5953069648236757,prior_predictive,higher_compute,b,1.4004101612888888
evaluation-prior_predictive-020,0.825173365868692,prior_predictive,higher_compute,g,0.5866913202588754
evaluation-prior_predictive-020,0.4324296748408552,prior_predictive,higher_compute,log_likelihood,56.637877617895285
evaluation-prior_predictive-020,0.28087500000000004,prior_predictive,reference,r,6.559334110088089
evaluation-prior_predictive-020,0.594875,prior_predictive,reference,b,1.4004101612888888
evaluation-prior_predictive-020,0.8178750000000004,prior_predictive,reference,g,0.5866913202588754
evaluation-prior_predictive-020,0.4517500000000002,prior_predictive,reference,log_likelihood,56.637877617895285
evaluation-prior_predictive-021,0.1103515625,prior_predictive,prior,r,2.5208313475873845
evaluation-prior_predictive-021,0.912109375,prior_predictive,prior,b,2.755496035929372
evaluation-prior_predictive-021,0.951171875,prior_predictive,prior,g,0.7452066203919486
evaluation-prior_predictive-021,1.0,prior_predictive,prior,log_likelihood,99.25982362939891
evaluation-prior_predictive-021,0.3139396265503411,prior_predictive,published,r,2.5208313475873845
evaluation-prior_predictive-021,0.6973135439112015,prior_predictive,published,b,2.755496035929372
evaluation-prior_predictive-021,0.3860833970294069,prior_predictive,published,g,0.7452066203919486
evaluation-prior_predictive-021,0.8048804275611872,prior_predictive,published,log_likelihood,99.25982362939891
evaluation-prior_predictive-021,0.3354306110115866,prior_predictive,higher_compute,r,2.5208313475873845
evaluation-prior_predictive-021,0.6969267342452166,prior_predictive,higher_compute,b,2.755496035929372
evaluation-prior_predictive-021,0.4102132485385182,prior_predictive,higher_compute,g,0.7452066203919486
evaluation-prior_predictive-021,0.7820695771248249,prior_predictive,higher_compute,log_likelihood,99.25982362939891
evaluation-prior_predictive-021,0.3019375000000001,prior_predictive,reference,r,2.5208313475873845
evaluation-prior_predictive-021,0.7133750000000002,prior_predictive,reference,b,2.755496035929372
evaluation-prior_predictive-021,0.42768750000000016,prior_predictive,reference,g,0.7452066203919486
evaluation-prior_predictive-021,0.8083750000000003,prior_predictive,reference,log_likelihood,99.25982362939891
evaluation-prior_predictive-022,0.1953125,prior_predictive,prior,r,3.190477273940332
evaluation-prior_predictive-022,0.0263671875,prior_predictive,prior,b,0.5665375643255739
evaluation-prior_predictive-022,0.7001953125,prior_predictive,prior,g,0.5600054460556119
evaluation-prior_predictive-022,1.0,prior_predictive,prior,log_likelihood,48.88803215762127
evaluation-prior_predictive-022,0.6353533084226486,prior_predictive,published,r,3.190477273940332
evaluation-prior_predictive-022,0.3581299805275436,prior_predictive,published,b,0.5665375643255739
evaluation-prior_predictive-022,0.4957710817314927,prior_predictive,published,g,0.5600054460556119
evaluation-prior_predictive-022,0.9403227542986419,prior_predictive,published,log_likelihood,48.88803215762127
evaluation-prior_predictive-022,0.6386181498893485,prior_predictive,higher_compute,r,3.190477273940332
evaluation-prior_predictive-022,0.34061722121932,prior_predictive,higher_compute,b,0.5665375643255739
evaluation-prior_predictive-022,0.49166962633877276,prior_predictive,higher_compute,g,0.5600054460556119
evaluation-prior_predictive-022,0.9578559180263662,prior_predictive,higher_compute,log_likelihood,48.88803215762127
evaluation-prior_predictive-022,0.6379375,prior_predictive,reference,r,3.190477273940332
evaluation-prior_predictive-022,0.3465000000000001,prior_predictive,reference,b,0.5665375643255739
evaluation-prior_predictive-022,0.4886875000000002,prior_predictive,reference,g,0.5600054460556119
evaluation-prior_predictive-022,0.9568750000000004,prior_predictive,reference,log_likelihood,48.88803215762127
evaluation-prior_predictive-023,0.7822265625,prior_predictive,prior,r,6.6879001295602425
evaluation-prior_predictive-023,0.046875,prior_predictive,prior,b,0.6230023346836162
evaluation-prior_predictive-023,0.861328125,prior_predictive,prior,g,0.6960135422476582
evaluation-prior_predictive-023,1.0,prior_predictive,prior,log_likelihood,59.559968555516434
evaluation-prior_predictive-023,0.5985234598830704,prior_predictive,published,r,6.6879001295602425
evaluation-prior_predictive-023,0.5019329092457994,prior_predictive,published,b,0.6230023346836162
evaluation-prior_predictive-023,0.18786751758156944,prior_predictive,published,g,0.6960135422476582
evaluation-prior_predictive-023,0.5352026173441976,prior_predictive,published,log_likelihood,59.559968555516434
evaluation-prior_predictive-023,0.6017947365580378,prior_predictive,higher_compute,r,6.6879001295602425
evaluation-prior_predictive-023,0.5124714422260199,prior_predictive,higher_compute,b,0.6230023346836162
evaluation-prior_predictive-023,0.18768908319246003,prior_predictive,higher_compute,g,0.6960135422476582
evaluation-prior_predictive-023,0.5543867182703551,prior_predictive,higher_compute,log_likelihood,59.559968555516434
evaluation-prior_predictive-023,0.5705625000000001,prior_predictive,reference,r,6.6879001295602425
evaluation-prior_predictive-023,0.5523125,prior_predictive,reference,b,0.6230023346836162
evaluation-prior_predictive-023,0.20650000000000007,prior_predictive,reference,g,0.6960135422476582
evaluation-prior_predictive-023,0.564125,prior_predictive,reference,log_likelihood,59.559968555516434
evaluation-prior_predictive-024,0.8251953125,prior_predictive,prior,r,7.045184936092105
evaluation-prior_predictive-024,0.716796875,prior_predictive,prior,b,2.3332433278431957
evaluation-prior_predictive-024,0.2802734375,prior_predictive,prior,g,0.21447831461469402
evaluation-prior_predictive-024,1.0,prior_predictive,prior,log_likelihood,58.147033021499745
evaluation-prior_predictive-024,0.38886183717125056,prior_predictive,published,r,7.045184936092105
evaluation-prior_predictive-024,0.817980361691235,prior_predictive,published,b,2.3332433278431957
evaluation-prior_predictive-024,0.29184949418692296,prior_predictive,published,g,0.21447831461469402
evaluation-prior_predictive-024,0.5687613520276436,prior_predictive,published,log_likelihood,58.147033021499745
evaluation-prior_predictive-024,0.40560151888619456,prior_predictive,higher_compute,r,7.045184936092105
evaluation-prior_predictive-024,0.8381447736266944,prior_predictive,higher_compute,b,2.3332433278431957
evaluation-prior_predictive-024,0.3129257467911548,prior_predictive,higher_compute,g,0.21447831461469402
evaluation-prior_predictive-024,0.5704952850870312,prior_predictive,higher_compute,log_likelihood,58.147033021499745
evaluation-prior_predictive-024,0.39656250000000015,prior_predictive,reference,r,7.045184936092105
evaluation-prior_predictive-024,0.8336250000000003,prior_predictive,reference,b,2.3332433278431957
evaluation-prior_predictive-024,0.31000000000000005,prior_predictive,reference,g,0.21447831461469402
evaluation-prior_predictive-024,0.5727500000000001,prior_predictive,reference,log_likelihood,58.147033021499745
evaluation-prior_predictive-025,0.162109375,prior_predictive,prior,r,2.975410284820276
evaluation-prior_predictive-025,0.9072265625,prior_predictive,prior,b,2.747848723827672
evaluation-prior_predictive-025,0.5634765625,prior_predictive,prior,g,0.4583893180444994
evaluation-prior_predictive-025,1.0,prior_predictive,prior,log_likelihood,85.24491031923625
evaluation-prior_predictive-025,0.851036792179776,prior_predictive,published,r,2.975410284820276
evaluation-prior_predictive-025,0.5044388858634282,prior_predictive,published,b,2.747848723827672
evaluation-prior_predictive-025,0.11100333531624704,prior_predictive,published,g,0.4583893180444994
evaluation-prior_predictive-025,0.557322446960947,prior_predictive,published,log_likelihood,85.24491031923625
evaluation-prior_predictive-025,0.8407528502167457,prior_predictive,higher_compute,r,2.975410284820276
evaluation-prior_predictive-025,0.4391153291466443,prior_predictive,higher_compute,b,2.747848723827672
evaluation-prior_predictive-025,0.11088871029275853,prior_predictive,higher_compute,g,0.4583893180444994
evaluation-prior_predictive-025,0.5941980483027022,prior_predictive,higher_compute,log_likelihood,85.24491031923625
evaluation-prior_predictive-025,0.8578125000000003,prior_predictive,reference,r,2.975410284820276
evaluation-prior_predictive-025,0.42400000000000015,prior_predictive,reference,b,2.747848723827672
evaluation-prior_predictive-025,0.09506250000000002,prior_predictive,reference,g,0.4583893180444994
evaluation-prior_predictive-025,0.5731875000000001,prior_predictive,reference,log_likelihood,85.24491031923625
evaluation-prior_predictive-026,0.517578125,prior_predictive,prior,r,4.9901734222706695
evaluation-prior_predictive-026,0.583984375,prior_predictive,prior,b,2.012044890129986
evaluation-prior_predictive-026,0.4990234375,prior_predictive,prior,g,0.3887167439068049
evaluation-prior_predictive-026,1.0,prior_predictive,prior,log_likelihood,46.56120148552179
evaluation-prior_predictive-026,0.5353685392703509,prior_predictive,published,r,4.9901734222706695
evaluation-prior_predictive-026,0.5181819369883832,prior_predictive,published,b,2.012044890129986
evaluation-prior_predictive-026,0.28831349489871877,prior_predictive,published,g,0.3887167439068049
evaluation-prior_predictive-026,0.8867513676162984,prior_predictive,published,log_likelihood,46.56120148552179
evaluation-prior_predictive-026,0.5427449433773637,prior_predictive,higher_compute,r,4.9901734222706695
evaluation-prior_predictive-026,0.48352764590506003,prior_predictive,higher_compute,b,2.012044890129986
evaluation-prior_predictive-026,0.306129095184258,prior_predictive,higher_compute,g,0.3887167439068049
evaluation-prior_predictive-026,0.8737364534552522,prior_predictive,higher_compute,log_likelihood,46.56120148552179
evaluation-prior_predictive-026,0.5170625000000002,prior_predictive,reference,r,4.9901734222706695
evaluation-prior_predictive-026,0.5086250000000002,prior_predictive,reference,b,2.012044890129986
evaluation-prior_predictive-026,0.28768750000000004,prior_predictive,reference,g,0.3887167439068049
evaluation-prior_predictive-026,0.8683125000000003,prior_predictive,reference,log_likelihood,46.56120148552179
evaluation-prior_predictive-027,0.2041015625,prior_predictive,prior,r,3.247365846499057
evaluation-prior_predictive-027,0.078125,prior_predictive,prior,b,0.7058561922398374
evaluation-prior_predictive-027,0.29296875,prior_predictive,prior,g,0.2421325432279632
evaluation-prior_predictive-027,1.0,prior_predictive,prior,log_likelihood,49.76474128720076
evaluation-prior_predictive-027,0.8502864539429353,prior_predictive,published,r,3.247365846499057
evaluation-prior_predictive-027,0.21261475746946243,prior_predictive,published,b,0.7058561922398374
evaluation-prior_predictive-027,0.14178955480048513,prior_predictive,published,g,0.2421325432279632
evaluation-prior_predictive-027,0.4762776193658625,prior_predictive,published,log_likelihood,49.76474128720076
evaluation-prior_predictive-027,0.8601120724801339,prior_predictive,higher_compute,r,3.247365846499057
evaluation-prior_predictive-027,0.22833373256688522,prior_predictive,higher_compute,b,0.7058561922398374
evaluation-prior_predictive-027,0.13374378477366106,prior_predictive,higher_compute,g,0.2421325432279632
evaluation-prior_predictive-027,0.4769828042293205,prior_predictive,higher_compute,log_likelihood,49.76474128720076
evaluation-prior_predictive-027,0.8539375000000002,prior_predictive,reference,r,3.247365846499057
evaluation-prior_predictive-027,0.2174375000000001,prior_predictive,reference,b,0.7058561922398374
evaluation-prior_predictive-027,0.12643750000000004,prior_predictive,reference,g,0.2421325432279632
evaluation-prior_predictive-027,0.4721875000000002,prior_predictive,reference,log_likelihood,49.76474128720076
evaluation-prior_predictive-028,0.0810546875,prior_predictive,prior,r,2.413522489117616
evaluation-prior_predictive-028,0.83984375,prior_predictive,prior,b,2.5588416895235016
evaluation-prior_predictive-028,0.4912109375,prior_predictive,prior,g,0.3947849311406173
evaluation-prior_predictive-028,1.0,prior_predictive,prior,log_likelihood,82.43310104061288
evaluation-prior_predictive-028,0.9862841507743304,prior_predictive,published,r,2.413522489117616
evaluation-prior_predictive-028,0.02807776366925928,prior_predictive,published,b,2.5588416895235016
evaluation-prior_predictive-028,0.008726464224797562,prior_predictive,published,g,0.3947849311406173
evaluation-prior_predictive-028,0.04862865005963722,prior_predictive,published,log_likelihood,82.43310104061288
evaluation-prior_predictive-028,0.9910105816653939,prior_predictive,higher_compute,r,2.413522489117616
evaluation-prior_predictive-028,0.031278331938525486,prior_predictive,higher_compute,b,2.5588416895235016
evaluation-prior_predictive-028,0.00793688267485569,prior_predictive,higher_compute,g,0.3947849311406173
evaluation-prior_predictive-028,0.04997689654229824,prior_predictive,higher_compute,log_likelihood,82.43310104061288
evaluation-prior_predictive-028,0.9898750000000005,prior_predictive,reference,r,2.413522489117616
evaluation-prior_predictive-028,0.034,prior_predictive,reference,b,2.5588416895235016
evaluation-prior_predictive-028,0.005437500000000001,prior_predictive,reference,g,0.3947849311406173
evaluation-prior_predictive-028,0.05218750000000002,prior_predictive,reference,log_likelihood,82.43310104061288
evaluation-prior_predictive-029,0.626953125,prior_predictive,prior,r,5.802341696800225
evaluation-prior_predictive-029,0.0146484375,prior_predictive,prior,b,0.5356211773834736
evaluation-prior_predictive-029,0.66015625,prior_predictive,prior,g,0.5393592902157556
evaluation-prior_predictive-029,1.0,prior_predictive,prior,log_likelihood,51.582081559578896
evaluation-prior_predictive-029,0.13440440778727283,prior_predictive,published,r,5.802341696800225
evaluation-prior_predictive-029,0.4629907484592489,prior_predictive,published,b,0.5356211773834736
evaluation-prior_predictive-029,0.9820576991530667,prior_predictive,published,g,0.5393592902157556
evaluation-prior_predictive-029,0.21439194700531414,prior_predictive,published,log_likelihood,51.582081559578896
evaluation-prior_predictive-029,0.13656349977324928,prior_predictive,higher_compute,r,5.802341696800225
evaluation-prior_predictive-029,0.49891424451635447,prior_predictive,higher_compute,b,0.5356211773834736
evaluation-prior_predictive-029,0.981489869378058,prior_predictive,higher_compute,g,0.5393592902157556
evaluation-prior_predictive-029,0.2271325305643704,prior_predictive,higher_compute,log_likelihood,51.582081559578896
evaluation-prior_predictive-029,0.14543750000000003,prior_predictive,reference,r,5.802341696800225
evaluation-prior_predictive-029,0.5141250000000002,prior_predictive,reference,b,0.5356211773834736
evaluation-prior_predictive-029,0.9825000000000004,prior_predictive,reference,g,0.5393592902157556
evaluation-prior_predictive-029,0.22112500000000007,prior_predictive,reference,log_likelihood,51.582081559578896
evaluation-prior_predictive-030,0.96484375,prior_predictive,prior,r,7.772757063699982
evaluation-prior_predictive-030,0.240234375,prior_predictive,prior,b,1.0624740170270235
evaluation-prior_predictive-030,0.3310546875,prior_predictive,prior,g,0.26530581686160243
evaluation-prior_predictive-030,1.0,prior_predictive,prior,log_likelihood,34.54884949885867
evaluation-prior_predictive-030,0.8542842966329854,prior_predictive,published,r,7.772757063699982
evaluation-prior_predictive-030,0.06681889418528458,prior_predictive,published,b,1.0624740170270235
evaluation-prior_predictive-030,0.37395304801063656,prior_predictive,published,g,0.26530581686160243
evaluation-prior_predictive-030,0.34854900232801234,prior_predictive,published,log_likelihood,34.54884949885867
evaluation-prior_predictive-030,0.8448754380824842,prior_predictive,higher_compute,r,7.772757063699982
evaluation-prior_predictive-030,0.06769565496528465,prior_predictive,higher_compute,b,1.0624740170270235
evaluation-prior_predictive-030,0.40342612069841866,prior_predictive,higher_compute,g,0.26530581686160243
evaluation-prior_predictive-030,0.33991811213900536,prior_predictive,higher_compute,log_likelihood,34.54884949885867
evaluation-prior_predictive-030,0.8511250000000004,prior_predictive,reference,r,7.772757063699982
evaluation-prior_predictive-030,0.06675,prior_predictive,reference,b,1.0624740170270235
evaluation-prior_predictive-030,0.40093750000000017,prior_predictive,reference,g,0.26530581686160243
evaluation-prior_predictive-030,0.32025000000000003,prior_predictive,reference,log_likelihood,34.54884949885867
evaluation-prior_predictive-031,0.1708984375,prior_predictive,prior,r,2.963300872583051
evaluation-prior_predictive-031,0.8115234375,prior_predictive,prior,b,2.5852696928226484
evaluation-prior_predictive-031,0.6044921875,prior_predictive,prior,g,0.4659864968093548
evaluation-prior_predictive-031,1.0,prior_predictive,prior,log_likelihood,71.28365940301026
evaluation-prior_predictive-031,0.08258817989997129,prior_predictive,published,r,2.963300872583051
evaluation-prior_predictive-031,0.7547722016195807,prior_predictive,published,b,2.5852696928226484
evaluation-prior_predictive-031,0.840536855555174,prior_predictive,published,g,0.4659864968093548
evaluation-prior_predictive-031,0.6748638915437809,prior_predictive,published,log_likelihood,71.28365940301026
evaluation-prior_predictive-031,0.09620618054791172,prior_predictive,higher_compute,r,2.963300872583051
evaluation-prior_predictive-031,0.7349233767810374,prior_predictive,higher_compute,b,2.5852696928226484
evaluation-prior_predictive-031,0.7976228561644052,prior_predictive,higher_compute,g,0.4659864968093548
evaluation-prior_predictive-031,0.6832259487653567,prior_predictive,higher_compute,log_likelihood,71.28365940301026
evaluation-prior_predictive-031,0.07950000000000002,prior_predictive,reference,r,2.963300872583051
evaluation-prior_predictive-031,0.7673125000000003,prior_predictive,reference,b,2.5852696928226484
evaluation-prior_predictive-031,0.8132500000000003,prior_predictive,reference,g,0.4659864968093548
evaluation-prior_predictive-031,0.6918750000000002,prior_predictive,reference,log_likelihood,71.28365940301026
evaluation-prior_predictive-032,0.7490234375,prior_predictive,prior,r,6.461610447274593
evaluation-prior_predictive-032,0.4130859375,prior_predictive,prior,b,1.5456212218980343
evaluation-prior_predictive-032,0.36328125,prior_predictive,prior,g,0.3120454183030277
evaluation-prior_predictive-032,1.0,prior_predictive,prior,log_likelihood,61.289221639851974
evaluation-prior_predictive-032,0.5332284815870686,prior_predictive,published,r,6.461610447274593
evaluation-prior_predictive-032,0.67647694488035,prior_predictive,published,b,1.5456212218980343
evaluation-prior_predictive-032,0.6577823533448552,prior_predictive,published,g,0.3120454183030277
evaluation-prior_predictive-032,0.6433767921150009,prior_predictive,published,log_likelihood,61.289221639851974
evaluation-prior_predictive-032,0.5210175089268643,prior_predictive,higher_compute,r,6.461610447274593
evaluation-prior_predictive-032,0.6759335899243517,prior_predictive,higher_compute,b,1.5456212218980343
evaluation-prior_predictive-032,0.6510777876600651,prior_predictive,higher_compute,g,0.3120454183030277
evaluation-prior_predictive-032,0.6286508531129748,prior_predictive,higher_compute,log_likelihood,61.289221639851974
evaluation-prior_predictive-032,0.5121250000000002,prior_predictive,reference,r,6.461610447274593
evaluation-prior_predictive-032,0.6755000000000002,prior_predictive,reference,b,1.5456212218980343
evaluation-prior_predictive-032,0.6478750000000002,prior_predictive,reference,g,0.3120454183030277
evaluation-prior_predictive-032,0.6185,prior_predictive,reference,log_likelihood,61.289221639851974
evaluation-prior_predictive-033,0.201171875,prior_predictive,prior,r,3.094395077530881
evaluation-prior_predictive-033,0.8251953125,prior_predictive,prior,b,2.5520187754843064
evaluation-prior_predictive-033,0.2744140625,prior_predictive,prior,g,0.2202456757453103
evaluation-prior_predictive-033,1.0,prior_predictive,prior,log_likelihood,66.83447195323288
evaluation-prior_predictive-033,0.7839134486215432,prior_predictive,published,r,3.094395077530881
evaluation-prior_predictive-033,0.1429142561505372,prior_predictive,published,b,2.5520187754843064
evaluation-prior_predictive-033,0.7201878659520773,prior_predictive,published,g,0.2202456757453103
evaluation-prior_predictive-033,0.5746577674004578,prior_predictive,published,log_likelihood,66.83447195323288
evaluation-prior_predictive-033,0.8168428549401674,prior_predictive,higher_compute,r,3.094395077530881
evaluation-prior_predictive-033,0.15031471770914817,prior_predictive,higher_compute,b,2.5520187754843064
evaluation-prior_predictive-033,0.7149456170730174,prior_predictive,higher_compute,g,0.2202456757453103
evaluation-prior_predictive-033,0.5639475192492476,prior_predictive,higher_compute,log_likelihood,66.83447195323288
evaluation-prior_predictive-033,0.8208125000000003,prior_predictive,reference,r,3.094395077530881
evaluation-prior_predictive-033,0.14837500000000003,prior_predictive,reference,b,2.5520187754843064
evaluation-prior_predictive-033,0.7248125000000002,prior_predictive,reference,g,0.2202456757453103
evaluation-prior_predictive-033,0.57175,prior_predictive,reference,log_likelihood,66.83447195323288
evaluation-prior_predictive-034,0.6884765625,prior_predictive,prior,r,6.206261229414217
evaluation-prior_predictive-034,0.078125,prior_predictive,prior,b,0.7021236039568441
evaluation-prior_predictive-034,0.62890625,prior_predictive,prior,g,0.4934025186594424
evaluation-prior_predictive-034,0.9990234375,prior_predictive,prior,log_likelihood,62.19950225671626
evaluation-prior_predictive-034,0.3298236648975919,prior_predictive,published,r,6.206261229414217
evaluation-prior_predictive-034,0.9643444632087359,prior_predictive,published,b,0.7021236039568441
evaluation-prior_predictive-034,0.5043359654014411,prior_predictive,published,g,0.4934025186594424
evaluation-prior_predictive-034,0.09733698527288627,prior_predictive,published,log_likelihood,62.19950225671626
evaluation-prior_predictive-034,0.35128584994594114,prior_predictive,higher_compute,r,6.206261229414217
evaluation-prior_predictive-034,0.972094135631986,prior_predictive,higher_compute,b,0.7021236039568441
evaluation-prior_predictive-034,0.4732254522599857,prior_predictive,higher_compute,g,0.4934025186594424
evaluation-prior_predictive-034,0.08682717683290603,prior_predictive,higher_compute,log_likelihood,62.19950225671626
evaluation-prior_predictive-034,0.3519375000000001,prior_predictive,reference,r,6.206261229414217
evaluation-prior_predictive-034,0.9773125000000005,prior_predictive,reference,b,0.7021236039568441
evaluation-prior_predictive-034,0.4724375000000002,prior_predictive,reference,g,0.4934025186594424
evaluation-prior_predictive-034,0.08418750000000003,prior_predictive,reference,log_likelihood,62.19950225671626
evaluation-prior_predictive-035,0.6181640625,prior_predictive,prior,r,5.802458943208365
evaluation-prior_predictive-035,0.271484375,prior_predictive,prior,b,1.2054913524380266
evaluation-prior_predictive-035,0.951171875,prior_predictive,prior,g,0.7610227203166396
evaluation-prior_predictive-035,1.0,prior_predictive,prior,log_likelihood,60.002136969554705
evaluation-prior_predictive-035,0.08880802242084238,prior_predictive,published,r,5.802458943208365
evaluation-prior_predictive-035,0.8016844210260815,prior_predictive,published,b,1.2054913524380266
evaluation-prior_predictive-035,0.8187747144885353,prior_predictive,published,g,0.7610227203166396
evaluation-prior_predictive-035,0.7426458707032474,prior_predictive,published,log_likelihood,60.002136969554705
evaluation-prior_predictive-035,0.08374244719557306,prior_predictive,higher_compute,r,5.802458943208365
evaluation-prior_predictive-035,0.8151901745269532,prior_predictive,higher_compute,b,1.2054913524380266
evaluation-prior_predictive-035,0.8494592987834868,prior_predictive,higher_compute,g,0.7610227203166396
evaluation-prior_predictive-035,0.7273512994909773,prior_predictive,higher_compute,log_likelihood,60.002136969554705
evaluation-prior_predictive-035,0.07587500000000001,prior_predictive,reference,r,5.802458943208365
evaluation-prior_predictive-035,0.8421875000000003,prior_predictive,reference,b,1.2054913524380266
evaluation-prior_predictive-035,0.8569375000000004,prior_predictive,reference,g,0.7610227203166396
evaluation-prior_predictive-035,0.7224375000000002,prior_predictive,reference,log_likelihood,60.002136969554705
evaluation-prior_predictive-036,0.115234375,prior_predictive,prior,r,2.685464636941611
evaluation-prior_predictive-036,0.484375,prior_predictive,prior,b,1.6707380513535512
evaluation-prior_predictive-036,0.080078125,prior_predictive,prior,g,0.07632368728108228
evaluation-prior_predictive-036,1.0,prior_predictive,prior,log_likelihood,62.20719778969146
evaluation-prior_predictive-036,0.28276058772034735,prior_predictive,published,r,2.685464636941611
evaluation-prior_predictive-036,0.608727106568951,prior_predictive,published,b,1.6707380513535512
evaluation-prior_predictive-036,0.6231241248231039,prior_predictive,published,g,0.07632368728108228
evaluation-prior_predictive-036,0.9760840589733815,prior_predictive,published,log_likelihood,62.20719778969146
evaluation-prior_predictive-036,0.2609558509755633,prior_predictive,higher_compute,r,2.685464636941611
evaluation-prior_predictive-036,0.6485611229727839,prior_predictive,higher_compute,b,1.6707380513535512
evaluation-prior_predictive-036,0.6185782115237911,prior_predictive,higher_compute,g,0.07632368728108228
evaluation-prior_predictive-036,0.9754044843766867,prior_predictive,higher_compute,log_likelihood,62.20719778969146
evaluation-prior_predictive-036,0.2770625,prior_predictive,reference,r,2.685464636941611
evaluation-prior_predictive-036,0.6410000000000001,prior_predictive,reference,b,1.6707380513535512
evaluation-prior_predictive-036,0.5919375,prior_predictive,reference,g,0.07632368728108228
evaluation-prior_predictive-036,0.9751250000000005,prior_predictive,reference,log_likelihood,62.20719778969146
evaluation-prior_predictive-037,0.9951171875,prior_predictive,prior,r,7.9745222022230156
evaluation-prior_predictive-037,0.6064453125,prior_predictive,prior,b,2.0739094398917732
evaluation-prior_predictive-037,0.716796875,prior_predictive,prior,g,0.5741501333891296
evaluation-prior_predictive-037,1.0,prior_predictive,prior,log_likelihood,42.34829735690947
evaluation-prior_predictive-037,0.5428872892898915,prior_predictive,published,r,7.9745222022230156
evaluation-prior_predictive-037,0.9873483627282678,prior_predictive,published,b,2.0739094398917732
evaluation-prior_predictive-037,0.003651075834978048,prior_predictive,published,g,0.5741501333891296
evaluation-prior_predictive-037,0.10554827863605805,prior_predictive,published,log_likelihood,42.34829735690947
evaluation-prior_predictive-037,0.5759862312675644,prior_predictive,higher_compute,r,7.9745222022230156
evaluation-prior_predictive-037,0.9844277956229546,prior_predictive,higher_compute,b,2.0739094398917732
evaluation-prior_predictive-037,0.014611993372621443,prior_predictive,higher_compute,g,0.5741501333891296
evaluation-prior_predictive-037,0.09873145105657873,prior_predictive,higher_compute,log_likelihood,42.34829735690947
evaluation-prior_predictive-037,0.5880625,prior_predictive,reference,r,7.9745222022230156
evaluation-prior_predictive-037,0.9831250000000005,prior_predictive,reference,b,2.0739094398917732
evaluation-prior_predictive-037,0.017,prior_predictive,reference,g,0.5741501333891296
evaluation-prior_predictive-037,0.10543750000000005,prior_predictive,reference,log_likelihood,42.34829735690947
evaluation-prior_predictive-038,0.607421875,prior_predictive,prior,r,5.714630800892438
evaluation-prior_predictive-038,0.0986328125,prior_predictive,prior,b,0.7256541616976432
evaluation-prior_predictive-038,0.640625,prior_predictive,prior,g,0.5006383545081964
evaluation-prior_predictive-038,1.0,prior_predictive,prior,log_likelihood,66.02650602983675
evaluation-prior_predictive-038,0.4443359375,prior_predictive,published,r,5.714630800892438
evaluation-prior_predictive-038,0.65625,prior_predictive,published,b,0.7256541616976432
evaluation-prior_predictive-038,0.3662109375,prior_predictive,published,g,0.5006383545081964
evaluation-prior_predictive-038,0.9873046875,prior_predictive,published,log_likelihood,66.02650602983675
evaluation-prior_predictive-038,0.4746093750000002,prior_predictive,higher_compute,r,5.714630800892438
evaluation-prior_predictive-038,0.6062011718750003,prior_predictive,higher_compute,b,0.7256541616976432
evaluation-prior_predictive-038,0.37329101562500017,prior_predictive,higher_compute,g,0.5006383545081964
evaluation-prior_predictive-038,0.9846191406250004,prior_predictive,higher_compute,log_likelihood,66.02650602983675
evaluation-prior_predictive-038,0.4560000000000002,prior_predictive,reference,r,5.714630800892438
evaluation-prior_predictive-038,0.624125,prior_predictive,reference,b,0.7256541616976432
evaluation-prior_predictive-038,0.3752500000000001,prior_predictive,reference,g,0.5006383545081964
evaluation-prior_predictive-038,0.9828125000000004,prior_predictive,reference,log_likelihood,66.02650602983675
evaluation-prior_predictive-039,0.0322265625,prior_predictive,prior,r,2.149273068253153
evaluation-prior_predictive-039,0.125,prior_predictive,prior,b,0.7761969237781505
evaluation-prior_predictive-039,0.0048828125,prior_predictive,prior,g,0.0026118032003768833
evaluation-prior_predictive-039,1.0,prior_predictive,prior,log_likelihood,69.70352235415419
evaluation-prior_predictive-039,0.3681438423171761,prior_predictive,published,r,2.149273068253153
evaluation-prior_predictive-039,0.8557771108868113,prior_predictive,published,b,0.7761969237781505
evaluation-prior_predictive-039,0.07953085294552038,prior_predictive,published,g,0.0026118032003768833
evaluation-prior_predictive-039,0.7513749319439672,prior_predictive,published,log_likelihood,69.70352235415419
evaluation-prior_predictive-039,0.34839421689935446,prior_predictive,higher_compute,r,2.149273068253153
evaluation-prior_predictive-039,0.8730469195602449,prior_predictive,higher_compute,b,0.7761969237781505
evaluation-prior_predictive-039,0.0840125446447458,prior_predictive,higher_compute,g,0.0026118032003768833
evaluation-prior_predictive-039,0.7050137580905737,prior_predictive,higher_compute,log_likelihood,69.70352235415419
evaluation-prior_predictive-039,0.34643750000000006,prior_predictive,reference,r,2.149273068253153
evaluation-prior_predictive-039,0.8660625000000003,prior_predictive,reference,b,0.7761969237781505
evaluation-prior_predictive-039,0.09275000000000003,prior_predictive,reference,g,0.0026118032003768833
evaluation-prior_predictive-039,0.7286875000000002,prior_predictive,reference,log_likelihood,69.70352235415419
evaluation-prior_predictive-040,0.751953125,prior_predictive,prior,r,6.533259025594601
evaluation-prior_predictive-040,0.8134765625,prior_predictive,prior,b,2.565906282426973
evaluation-prior_predictive-040,0.712890625,prior_predictive,prior,g,0.5601259382887258
evaluation-prior_predictive-040,1.0,prior_predictive,prior,log_likelihood,58.980785260329974
evaluation-prior_predictive-040,0.14979028867032787,prior_predictive,published,r,6.533259025594601
evaluation-prior_predictive-040,0.7322755815026919,prior_predictive,published,b,2.565906282426973
evaluation-prior_predictive-040,0.8998873319065168,prior_predictive,published,g,0.5601259382887258
evaluation-prior_predictive-040,0.23808478153408416,prior_predictive,published,log_likelihood,58.980785260329974
evaluation-prior_predictive-040,0.14830717851607172,prior_predictive,higher_compute,r,6.533259025594601
evaluation-prior_predictive-040,0.7370726177168735,prior_predictive,higher_compute,b,2.565906282426973
evaluation-prior_predictive-040,0.8729791069311674,prior_predictive,higher_compute,g,0.5601259382887258
evaluation-prior_predictive-040,0.22983214389094653,prior_predictive,higher_compute,log_likelihood,58.980785260329974
evaluation-prior_predictive-040,0.16393750000000004,prior_predictive,reference,r,6.533259025594601
evaluation-prior_predictive-040,0.7261250000000001,prior_predictive,reference,b,2.565906282426973
evaluation-prior_predictive-040,0.8635000000000004,prior_predictive,reference,g,0.5601259382887258
evaluation-prior_predictive-040,0.2385625000000001,prior_predictive,reference,log_likelihood,58.980785260329974
evaluation-prior_predictive-041,0.966796875,prior_predictive,prior,r,7.766957284636336
evaluation-prior_predictive-041,0.0234375,prior_predictive,prior,b,0.575715162016188
evaluation-prior_predictive-041,0.419921875,prior_predictive,prior,g,0.3613495619485015
evaluation-prior_predictive-041,1.0,prior_predictive,prior,log_likelihood,53.72400994589288
evaluation-prior_predictive-041,0.7761038228410851,prior_predictive,published,r,7.766957284636336
evaluation-prior_predictive-041,0.19147298728139928,prior_predictive,published,b,0.575715162016188
evaluation-prior_predictive-041,0.6421450163249044,prior_predictive,published,g,0.3613495619485015
evaluation-prior_predictive-041,0.6557663850438706,prior_predictive,published,log_likelihood,53.72400994589288
evaluation-prior_predictive-041,0.7852672563543972,prior_predictive,higher_compute,r,7.766957284636336
evaluation-prior_predictive-041,0.17851678618348085,prior_predictive,higher_compute,b,0.575715162016188
evaluation-prior_predictive-041,0.5961033735952529,prior_predictive,higher_compute,g,0.3613495619485015
evaluation-prior_predictive-041,0.6286070365077601,prior_predictive,higher_compute,log_likelihood,53.72400994589288
evaluation-prior_predictive-041,0.7854375000000002,prior_predictive,reference,r,7.766957284636336
evaluation-prior_predictive-041,0.17625000000000005,prior_predictive,reference,b,0.575715162016188
evaluation-prior_predictive-041,0.6047500000000001,prior_predictive,reference,g,0.3613495619485015
evaluation-prior_predictive-041,0.6596250000000001,prior_predictive,reference,log_likelihood,53.72400994589288
evaluation-prior_predictive-042,0.388671875,prior_predictive,prior,r,4.434770965429628
evaluation-prior_predictive-042,0.1474609375,prior_predictive,prior,b,0.8816938054093444
evaluation-prior_predictive-042,0.01171875,prior_predictive,prior,g,0.011238641781770298
evaluation-prior_predictive-042,1.0,prior_predictive,prior,log_likelihood,26.8644598047415
evaluation-prior_predictive-042,0.41990113337053037,prior_predictive,published,r,4.434770965429628
evaluation-prior_predictive-042,0.8734635919347877,prior_predictive,published,b,0.8816938054093444
evaluation-prior_predictive-042,0.30127672814644635,prior_predictive,published,g,0.011238641781770298
evaluation-prior_predictive-042,0.822774734734582,prior_predictive,published,log_likelihood,26.8644598047415
evaluation-prior_predictive-042,0.46643896356691394,prior_predictive,higher_compute,r,4.434770965429628
evaluation-prior_predictive-042,0.8648009233983608,prior_predictive,higher_compute,b,0.8816938054093444
evaluation-prior_predictive-042,0.2202899109742178,prior_predictive,higher_compute,g,0.011238641781770298
evaluation-prior_predictive-042,0.8709350432818856,prior_predictive,higher_compute,log_likelihood,26.8644598047415
evaluation-prior_predictive-042,0.4623125000000002,prior_predictive,reference,r,4.434770965429628
evaluation-prior_predictive-042,0.8675625000000002,prior_predictive,reference,b,0.8816938054093444
evaluation-prior_predictive-042,0.22931250000000009,prior_predictive,reference,g,0.011238641781770298
evaluation-prior_predictive-042,0.8416875000000004,prior_predictive,reference,log_likelihood,26.8644598047415
evaluation-prior_predictive-043,0.8759765625,prior_predictive,prior,r,7.304012595496765
evaluation-prior_predictive-043,0.59765625,prior_predictive,prior,b,2.048240763432053
evaluation-prior_predictive-043,0.32421875,prior_predictive,prior,g,0.28013601225406193
evaluation-prior_predictive-043,1.0,prior_predictive,prior,log_likelihood,63.88553161741877
evaluation-prior_predictive-043,0.1337890625,prior_predictive,published,r,7.304012595496765
evaluation-prior_predictive-043,0.767578125,prior_predictive,published,b,2.048240763432053
evaluation-prior_predictive-043,0.8408203125,prior_predictive,published,g,0.28013601225406193
evaluation-prior_predictive-043,0.751953125,prior_predictive,published,log_likelihood,63.88553161741877
evaluation-prior_predictive-043,0.15319928765945529,prior_predictive,higher_compute,r,7.304012595496765
evaluation-prior_predictive-043,0.7699594364634237,prior_predictive,higher_compute,b,2.048240763432053
evaluation-prior_predictive-043,0.830946357035705,prior_predictive,higher_compute,g,0.28013601225406193
evaluation-prior_predictive-043,0.7862383806613101,prior_predictive,higher_compute,log_likelihood,63.88553161741877
evaluation-prior_predictive-043,0.13575,prior_predictive,reference,r,7.304012595496765
evaluation-prior_predictive-043,0.7877500000000002,prior_predictive,reference,b,2.048240763432053
evaluation-prior_predictive-043,0.8409375000000003,prior_predictive,reference,g,0.28013601225406193
evaluation-prior_predictive-043,0.7705625000000003,prior_predictive,reference,log_likelihood,63.88553161741877
evaluation-prior_predictive-044,0.5478515625,prior_predictive,prior,r,5.213684237477838
evaluation-prior_predictive-044,0.5,prior_predictive,prior,b,1.7753795188585797
evaluation-prior_predictive-044,0.92578125,prior_predictive,prior,g,0.7345448110916792
evaluation-prior_predictive-044,1.0,prior_predictive,prior,log_likelihood,69.56008325192556
evaluation-prior_predictive-044,0.8050145191057057,prior_predictive,published,r,5.213684237477838
evaluation-prior_predictive-044,0.36822143351820724,prior_predictive,published,b,1.7753795188585797
evaluation-prior_predictive-044,0.11144318875871138,prior_predictive,published,g,0.7345448110916792
evaluation-prior_predictive-044,0.45456750822231184,prior_predictive,published,log_likelihood,69.56008325192556
evaluation-prior_predictive-044,0.8354733138068167,prior_predictive,higher_compute,r,5.213684237477838
evaluation-prior_predictive-044,0.43380700701224983,prior_predictive,higher_compute,b,1.7753795188585797
evaluation-prior_predictive-044,0.0965168763583685,prior_predictive,higher_compute,g,0.7345448110916792
evaluation-prior_predictive-044,0.40457299503955035,prior_predictive,higher_compute,log_likelihood,69.56008325192556
evaluation-prior_predictive-044,0.8296250000000003,prior_predictive,reference,r,5.213684237477838
evaluation-prior_predictive-044,0.40968750000000015,prior_predictive,reference,b,1.7753795188585797
evaluation-prior_predictive-044,0.10800000000000004,prior_predictive,reference,g,0.7345448110916792
evaluation-prior_predictive-044,0.42281250000000015,prior_predictive,reference,log_likelihood,69.56008325192556
evaluation-prior_predictive-045,0.9130859375,prior_predictive,prior,r,7.463108933236573
evaluation-prior_predictive-045,0.880859375,prior_predictive,prior,b,2.724367906745718
evaluation-prior_predictive-045,0.6611328125,prior_predictive,prior,g,0.5337092241758121
evaluation-prior_predictive-045,1.0,prior_predictive,prior,log_likelihood,53.559330880803955
evaluation-prior_predictive-045,0.5554965650288606,prior_predictive,published,r,7.463108933236573
evaluation-prior_predictive-045,0.6232627633685154,prior_predictive,published,b,2.724367906745718
evaluation-prior_predictive-045,0.29526021195295116,prior_predictive,published,g,0.5337092241758121
evaluation-prior_predictive-045,0.8379295009744238,prior_predictive,published,log_likelihood,53.559330880803955
evaluation-prior_predictive-045,0.5660173399850641,prior_predictive,higher_compute,r,7.463108933236573
evaluation-prior_predictive-045,0.6011984512561013,prior_predictive,higher_compute,b,2.724367906745718
evaluation-prior_predictive-045,0.2948476973013555,prior_predictive,higher_compute,g,0.5337092241758121
evaluation-prior_predictive-045,0.8200677257935123,prior_predictive,higher_compute,log_likelihood,53.559330880803955
evaluation-prior_predictive-045,0.5778750000000001,prior_predictive,reference,r,7.463108933236573
evaluation-prior_predictive-045,0.5884375000000001,prior_predictive,reference,b,2.724367906745718
evaluation-prior_predictive-045,0.28218750000000004,prior_predictive,reference,g,0.5337092241758121
evaluation-prior_predictive-045,0.8153125000000003,prior_predictive,reference,log_likelihood,53.559330880803955
evaluation-prior_predictive-046,0.96875,prior_predictive,prior,r,7.794153646355273
evaluation-prior_predictive-046,0.4248046875,prior_predictive,prior,b,1.616129039370436
evaluation-prior_predictive-046,0.7216796875,prior_predictive,prior,g,0.5762454080859302
evaluation-prior_predictive-046,0.9990234375,prior_predictive,prior,log_likelihood,50.62650507610155
evaluation-prior_predictive-046,0.899318985317917,prior_predictive,published,r,7.794153646355273
evaluation-prior_predictive-046,0.3530340095074317,prior_predictive,published,b,1.616129039370436
evaluation-prior_predictive-046,0.6296433432346562,prior_predictive,published,g,0.5762454080859302
evaluation-prior_predictive-046,0.0733431044236883,prior_predictive,published,log_likelihood,50.62650507610155
evaluation-prior_predictive-046,0.8977470306231174,prior_predictive,higher_compute,r,7.794153646355273
evaluation-prior_predictive-046,0.3273426597265394,prior_predictive,higher_compute,b,1.616129039370436
evaluation-prior_predictive-046,0.6691045009767647,prior_predictive,higher_compute,g,0.5762454080859302
evaluation-prior_predictive-046,0.07848727759069105,prior_predictive,higher_compute,log_likelihood,50.62650507610155
evaluation-prior_predictive-046,0.8881875000000004,prior_predictive,reference,r,7.794153646355273
evaluation-prior_predictive-046,0.34062500000000007,prior_predictive,reference,b,1.616129039370436
evaluation-prior_predictive-046,0.6713125000000002,prior_predictive,reference,g,0.5762454080859302
evaluation-prior_predictive-046,0.08043750000000002,prior_predictive,reference,log_likelihood,50.62650507610155
evaluation-prior_predictive-047,0.869140625,prior_predictive,prior,r,7.226946623721675
evaluation-prior_predictive-047,0.9912109375,prior_predictive,prior,b,2.9820683817919758
evaluation-prior_predictive-047,0.6806640625,prior_predictive,prior,g,0.5424488927381977
evaluation-prior_predictive-047,1.0,prior_predictive,prior,log_likelihood,49.32573822121728
evaluation-prior_predictive-047,0.12394685964247612,prior_predictive,published,r,7.226946623721675
evaluation-prior_predictive-047,0.8942377002037029,prior_predictive,published,b,2.9820683817919758
evaluation-prior_predictive-047,0.5552139813297352,prior_predictive,published,g,0.5424488927381977
evaluation-prior_predictive-047,0.9218197335136679,prior_predictive,published,log_likelihood,49.32573822121728
evaluation-prior_predictive-047,0.11766063734862474,prior_predictive,higher_compute,r,7.226946623721675
evaluation-prior_predictive-047,0.9052140432889837,prior_predictive,higher_compute,b,2.9820683817919758
evaluation-prior_predictive-047,0.5827007134719722,prior_predictive,higher_compute,g,0.5424488927381977
evaluation-prior_predictive-047,0.8741276417811416,prior_predictive,higher_compute,log_likelihood,49.32573822121728
evaluation-prior_predictive-047,0.10337500000000004,prior_predictive,reference,r,7.226946623721675
evaluation-prior_predictive-047,0.9129375000000004,prior_predictive,reference,b,2.9820683817919758
evaluation-prior_predictive-047,0.5988125000000001,prior_predictive,reference,g,0.5424488927381977
evaluation-prior_predictive-047,0.8718125000000003,prior_predictive,reference,log_likelihood,49.32573822121728
evaluation-prior_predictive-048,0.5234375,prior_predictive,prior,r,5.20777869935968
evaluation-prior_predictive-048,0.6923828125,prior_predictive,prior,b,2.2230224996548174
evaluation-prior_predictive-048,0.2001953125,prior_predictive,prior,g,0.14993250498777597
evaluation-prior_predictive-048,0.9990234375,prior_predictive,prior,log_likelihood,52.80176213513731
evaluation-prior_predictive-048,0.7885458603750066,prior_predictive,published,r,5.20777869935968
evaluation-prior_predictive-048,0.4432484686352819,prior_predictive,published,b,2.2230224996548174
evaluation-prior_predictive-048,0.3395704648433844,prior_predictive,published,g,0.14993250498777597
evaluation-prior_predictive-048,0.761369114621482,prior_predictive,published,log_likelihood,52.80176213513731
evaluation-prior_predictive-048,0.7824722658304204,prior_predictive,higher_compute,r,5.20777869935968
evaluation-prior_predictive-048,0.44764070750234636,prior_predictive,higher_compute,b,2.2230224996548174
evaluation-prior_predictive-048,0.3219962089896406,prior_predictive,higher_compute,g,0.14993250498777597
evaluation-prior_predictive-048,0.7496825041894053,prior_predictive,higher_compute,log_likelihood,52.80176213513731
evaluation-prior_predictive-048,0.7925625000000003,prior_predictive,reference,r,5.20777869935968
evaluation-prior_predictive-048,0.43406250000000013,prior_predictive,reference,b,2.2230224996548174
evaluation-prior_predictive-048,0.33406250000000004,prior_predictive,reference,g,0.14993250498777597
evaluation-prior_predictive-048,0.7315625000000001,prior_predictive,reference,log_likelihood,52.80176213513731
evaluation-prior_predictive-049,0.23046875,prior_predictive,prior,r,3.5931924456997684
evaluation-prior_predictive-049,0.349609375,prior_predictive,prior,b,1.407289398836077
evaluation-prior_predictive-049,0.4287109375,prior_predictive,prior,g,0.31560636133866543
evaluation-prior_predictive-049,0.9990234375,prior_predictive,prior,log_likelihood,44.64030264428301
evaluation-prior_predictive-049,0.6861954391548806,prior_predictive,published,r,3.5931924456997684
evaluation-prior_predictive-049,0.06058730226871553,prior_predictive,published,b,1.407289398836077
evaluation-prior_predictive-049,0.9339658178351098,prior_predictive,published,g,0.31560636133866543
evaluation-prior_predictive-049,0.11538804561147951,prior_predictive,published,log_likelihood,44.64030264428301
evaluation-prior_predictive-049,0.6886798833407315,prior_predictive,higher_compute,r,3.5931924456997684
evaluation-prior_predictive-049,0.06170667296203183,prior_predictive,higher_compute,b,1.407289398836077
evaluation-prior_predictive-049,0.9358461598783614,prior_predictive,higher_compute,g,0.31560636133866543
evaluation-prior_predictive-049,0.13133163859686092,prior_predictive,higher_compute,log_likelihood,44.64030264428301
evaluation-prior_predictive-049,0.6937500000000001,prior_predictive,reference,r,3.5931924456997684
evaluation-prior_predictive-049,0.06218750000000002,prior_predictive,reference,b,1.407289398836077
evaluation-prior_predictive-049,0.9303125000000003,prior_predictive,reference,g,0.31560636133866543
evaluation-prior_predictive-049,0.134125,prior_predictive,reference,log_likelihood,44.64030264428301
evaluation-prior_predictive-050,0.640625,prior_predictive,prior,r,5.780966555426388
evaluation-prior_predictive-050,0.74609375,prior_predictive,prior,b,2.3378852827799492
evaluation-prior_predictive-050,0.2119140625,prior_predictive,prior,g,0.19574070047245842
evaluation-prior_predictive-050,1.0,prior_predictive,prior,log_likelihood,53.27018048016738
evaluation-prior_predictive-050,0.15023421223171463,prior_predictive,published,r,5.780966555426388
evaluation-prior_predictive-050,0.7948211737327919,prior_predictive,published,b,2.3378852827799492
evaluation-prior_predictive-050,0.9325382257725447,prior_predictive,published,g,0.19574070047245842
evaluation-prior_predictive-050,0.34962300152850534,prior_predictive,published,log_likelihood,53.27018048016738
evaluation-prior_predictive-050,0.12326282597359203,prior_predictive,higher_compute,r,5.780966555426388
evaluation-prior_predictive-050,0.833920082536018,prior_predictive,higher_compute,b,2.3378852827799492
evaluation-prior_predictive-050,0.9200084993432373,prior_predictive,higher_compute,g,0.19574070047245842
evaluation-prior_predictive-050,0.38155903753238474,prior_predictive,higher_compute,log_likelihood,53.27018048016738
evaluation-prior_predictive-050,0.15131250000000002,prior_predictive,reference,r,5.780966555426388
evaluation-prior_predictive-050,0.8138750000000003,prior_predictive,reference,b,2.3378852827799492
evaluation-prior_predictive-050,0.9110625000000003,prior_predictive,reference,g,0.19574070047245842
evaluation-prior_predictive-050,0.38856250000000014,prior_predictive,reference,log_likelihood,53.27018048016738
evaluation-prior_predictive-051,0.16796875,prior_predictive,prior,r,3.0244924809834837
evaluation-prior_predictive-051,0.6181640625,prior_predictive,prior,b,2.0599196454700484
evaluation-prior_predictive-051,0.271484375,prior_predictive,prior,g,0.22559243163110684
evaluation-prior_predictive-051,1.0,prior_predictive,prior,log_likelihood,77.0123660560097
evaluation-prior_predictive-051,0.4184357361439009,prior_predictive,published,r,3.0244924809834837
evaluation-prior_predictive-051,0.517664988935955,prior_predictive,published,b,2.0599196454700484
evaluation-prior_predictive-051,0.3384419102689459,prior_predictive,published,g,0.22559243163110684
evaluation-prior_predictive-051,0.8256266795035714,prior_predictive,published,log_likelihood,77.0123660560097
evaluation-prior_predictive-051,0.4163677568101181,prior_predictive,higher_compute,r,3.0244924809834837
evaluation-prior_predictive-051,0.5220128908767592,prior_predictive,higher_compute,b,2.0599196454700484
evaluation-prior_predictive-051,0.3399513656958841,prior_predictive,higher_compute,g,0.22559243163110684
evaluation-prior_predictive-051,0.8157286638982064,prior_predictive,higher_compute,log_likelihood,77.0123660560097
evaluation-prior_predictive-051,0.4249375000000002,prior_predictive,reference,r,3.0244924809834837
evaluation-prior_predictive-051,0.5311875,prior_predictive,reference,b,2.0599196454700484
evaluation-prior_predictive-051,0.3563125000000001,prior_predictive,reference,g,0.22559243163110684
evaluation-prior_predictive-051,0.8231875000000003,prior_predictive,reference,log_likelihood,77.0123660560097
evaluation-prior_predictive-052,0.3310546875,prior_predictive,prior,r,3.9576134585909926
evaluation-prior_predictive-052,0.65625,prior_predictive,prior,b,2.150458614221426
evaluation-prior_predictive-052,0.1220703125,prior_predictive,prior,g,0.10964049292225289
evaluation-prior_predictive-052,1.0,prior_predictive,prior,log_likelihood,57.91094678730665
evaluation-prior_predictive-052,0.8670295793007329,prior_predictive,published,r,3.9576134585909926
evaluation-prior_predictive-052,0.0773145259911477,prior_predictive,published,b,2.150458614221426
evaluation-prior_predictive-052,0.08459579384060742,prior_predictive,published,g,0.10964049292225289
evaluation-prior_predictive-052,0.10838622288081272,prior_predictive,published,log_likelihood,57.91094678730665
evaluation-prior_predictive-052,0.8576910750791337,prior_predictive,higher_compute,r,3.9576134585909926
evaluation-prior_predictive-052,0.06504797104731691,prior_predictive,higher_compute,b,2.150458614221426
evaluation-prior_predictive-052,0.0845297211664432,prior_predictive,higher_compute,g,0.10964049292225289
evaluation-prior_predictive-052,0.0912645914876875,prior_predictive,higher_compute,log_likelihood,57.91094678730665
evaluation-prior_predictive-052,0.8635000000000004,prior_predictive,reference,r,3.9576134585909926
evaluation-prior_predictive-052,0.07450000000000001,prior_predictive,reference,b,2.150458614221426
evaluation-prior_predictive-052,0.08437500000000002,prior_predictive,reference,g,0.10964049292225289
evaluation-prior_predictive-052,0.09881250000000003,prior_predictive,reference,log_likelihood,57.91094678730665
evaluation-prior_predictive-053,0.154296875,prior_predictive,prior,r,2.9402674196084355
evaluation-prior_predictive-053,0.333984375,prior_predictive,prior,b,1.3602595696890547
evaluation-prior_predictive-053,0.599609375,prior_predictive,prior,g,0.46357613748817866
evaluation-prior_predictive-053,1.0,prior_predictive,prior,log_likelihood,58.6815201339271
evaluation-prior_predictive-053,0.6488903139922129,prior_predictive,published,r,2.9402674196084355
evaluation-prior_predictive-053,0.21267259760233917,prior_predictive,published,b,1.3602595696890547
evaluation-prior_predictive-053,0.4357344004698207,prior_predictive,published,g,0.46357613748817866
evaluation-prior_predictive-053,0.7918075263975695,prior_predictive,published,log_likelihood,58.6815201339271
evaluation-prior_predictive-053,0.6688546408816809,prior_predictive,higher_compute,r,2.9402674196084355
evaluation-prior_predictive-053,0.21827749913675382,prior_predictive,higher_compute,b,1.3602595696890547
evaluation-prior_predictive-053,0.4704642844752451,prior_predictive,higher_compute,g,0.46357613748817866
evaluation-prior_predictive-053,0.7815066349509469,prior_predictive,higher_compute,log_likelihood,58.6815201339271
evaluation-prior_predictive-053,0.6714375000000001,prior_predictive,reference,r,2.9402674196084355
evaluation-prior_predictive-053,0.2295000000000001,prior_predictive,reference,b,1.3602595696890547
evaluation-prior_predictive-053,0.4579375000000002,prior_predictive,reference,g,0.46357613748817866
evaluation-prior_predictive-053,0.8006875000000002,prior_predictive,reference,log_likelihood,58.6815201339271
evaluation-prior_predictive-054,0.2236328125,prior_predictive,prior,r,3.332264852114996
evaluation-prior_predictive-054,0.794921875,prior_predictive,prior,b,2.479728412562059
evaluation-prior_predictive-054,0.4873046875,prior_predictive,prior,g,0.39551129425859843
evaluation-prior_predictive-054,0.9990234375,prior_predictive,prior,log_likelihood,72.4169317203805
evaluation-prior_predictive-054,0.9744226172177879,prior_predictive,published,r,3.332264852114996
evaluation-prior_predictive-054,0.036411409023488335,prior_predictive,published,b,2.479728412562059
evaluation-prior_predictive-054,0.09684160300089549,prior_predictive,published,g,0.39551129425859843
evaluation-prior_predictive-054,0.16295161825793245,prior_predictive,published,log_likelihood,72.4169317203805
evaluation-prior_predictive-054,0.9706239466009083,prior_predictive,higher_compute,r,3.332264852114996
evaluation-prior_predictive-054,0.03688837995072859,prior_predictive,higher_compute,b,2.479728412562059
evaluation-prior_predictive-054,0.09885410761062043,prior_predictive,higher_compute,g,0.39551129425859843
evaluation-prior_predictive-054,0.18710358981379221,prior_predictive,higher_compute,log_likelihood,72.4169317203805
evaluation-prior_predictive-054,0.9663125000000004,prior_predictive,reference,r,3.332264852114996
evaluation-prior_predictive-054,0.05012500000000002,prior_predictive,reference,b,2.479728412562059
evaluation-prior_predictive-054,0.11656250000000004,prior_predictive,reference,g,0.39551129425859843
evaluation-prior_predictive-054,0.18081250000000004,prior_predictive,reference,log_likelihood,72.4169317203805
evaluation-prior_predictive-055,0.5556640625,prior_predictive,prior,r,5.350981081575269
evaluation-prior_predictive-055,0.205078125,prior_predictive,prior,b,1.0328787440759422
evaluation-prior_predictive-055,0.875,prior_predictive,prior,g,0.7050581968748973
evaluation-prior_predictive-055,1.0,prior_predictive,prior,log_likelihood,55.136519700585936
evaluation-prior_predictive-055,0.4177935648922748,prior_predictive,published,r,5.350981081575269
evaluation-prior_predictive-055,0.4322525184722852,prior_predictive,published,b,1.0328787440759422
evaluation-prior_predictive-055,0.5745978329792832,prior_predictive,published,g,0.7050581968748973
evaluation-prior_predictive-055,0.9893511889328308,prior_predictive,published,log_likelihood,55.136519700585936
evaluation-prior_predictive-055,0.40935362885675775,prior_predictive,higher_compute,r,5.350981081575269
evaluation-prior_predictive-055,0.4780197045950435,prior_predictive,higher_compute,b,1.0328787440759422
evaluation-prior_predictive-055,0.5445918395568732,prior_predictive,higher_compute,g,0.7050581968748973
evaluation-prior_predictive-055,0.9929238911104006,prior_predictive,higher_compute,log_likelihood,55.136519700585936
evaluation-prior_predictive-055,0.39918750000000014,prior_predictive,reference,r,5.350981081575269
evaluation-prior_predictive-055,0.4761250000000002,prior_predictive,reference,b,1.0328787440759422
evaluation-prior_predictive-055,0.5758750000000001,prior_predictive,reference,g,0.7050581968748973
evaluation-prior_predictive-055,0.9927500000000005,prior_predictive,reference,log_likelihood,55.136519700585936
evaluation-prior_predictive-056,0.056640625,prior_predictive,prior,r,2.329958774133206
evaluation-prior_predictive-056,0.5361328125,prior_predictive,prior,b,1.9016773233992068
evaluation-prior_predictive-056,0.814453125,prior_predictive,prior,g,0.6683838915712126
evaluation-prior_predictive-056,1.0,prior_predictive,prior,log_likelihood,79.54402924442616
evaluation-prior_predictive-056,0.17808808058109832,prior_predictive,published,r,2.329958774133206
evaluation-prior_predictive-056,0.5333190207515369,prior_predictive,published,b,1.9016773233992068
evaluation-prior_predictive-056,0.8620232186346679,prior_predictive,published,g,0.6683838915712126
evaluation-prior_predictive-056,0.8295008964209614,prior_predictive,published,log_likelihood,79.54402924442616
evaluation-prior_predictive-056,0.19174580735899316,prior_predictive,higher_compute,r,2.329958774133206
evaluation-prior_predictive-056,0.5485246001732202,prior_predictive,higher_compute,b,1.9016773233992068
evaluation-prior_predictive-056,0.8516086309879599,prior_predictive,higher_compute,g,0.6683838915712126
evaluation-prior_predictive-056,0.8330914832643572,prior_predictive,higher_compute,log_likelihood,79.54402924442616
evaluation-prior_predictive-056,0.18562500000000004,prior_predictive,reference,r,2.329958774133206
evaluation-prior_predictive-056,0.5415000000000001,prior_predictive,reference,b,1.9016773233992068
evaluation-prior_predictive-056,0.8475625000000002,prior_predictive,reference,g,0.6683838915712126
evaluation-prior_predictive-056,0.8198125000000003,prior_predictive,reference,log_likelihood,79.54402924442616
evaluation-prior_predictive-057,0.9501953125,prior_predictive,prior,r,7.66184169088006
evaluation-prior_predictive-057,0.63671875,prior_predictive,prior,b,2.1420788497975742
evaluation-prior_predictive-057,0.12890625,prior_predictive,prior,g,0.10327091313766097
evaluation-prior_predictive-057,1.0,prior_predictive,prior,log_likelihood,46.43068527558229
evaluation-prior_predictive-057,0.798065128587468,prior_predictive,published,r,7.66184169088006
evaluation-prior_predictive-057,0.8338336363878347,prior_predictive,published,b,2.1420788497975742
evaluation-prior_predictive-057,0.12673470024483427,prior_predictive,published,g,0.10327091313766097
evaluation-prior_predictive-057,0.1402093180923415,prior_predictive,published,log_likelihood,46.43068527558229
evaluation-prior_predictive-057,0.7836575891502491,prior_predictive,higher_compute,r,7.66184169088006
evaluation-prior_predictive-057,0.8417223927506818,prior_predictive,higher_compute,b,2.1420788497975742
evaluation-prior_predictive-057,0.1167587255251527,prior_predictive,higher_compute,g,0.10327091313766097
evaluation-prior_predictive-057,0.14243498565065568,prior_predictive,higher_compute,log_likelihood,46.43068527558229
evaluation-prior_predictive-057,0.7822500000000002,prior_predictive,reference,r,7.66184169088006
evaluation-prior_predictive-057,0.8434375000000003,prior_predictive,reference,b,2.1420788497975742
evaluation-prior_predictive-057,0.10512500000000004,prior_predictive,reference,g,0.10327091313766097
evaluation-prior_predictive-057,0.12981250000000005,prior_predictive,reference,log_likelihood,46.43068527558229
evaluation-prior_predictive-058,0.072265625,prior_predictive,prior,r,2.431413925052082
evaluation-prior_predictive-058,0.765625,prior_predictive,prior,b,2.391473190398173
evaluation-prior_predictive-058,0.84375,prior_predictive,prior,g,0.6785648715161883
evaluation-prior_predictive-058,1.0,prior_predictive,prior,log_likelihood,82.9979026488636
evaluation-prior_predictive-058,0.0948121902109518,prior_predictive,published,r,2.431413925052082
evaluation-prior_predictive-058,0.6254766769899714,prior_predictive,published,b,2.391473190398173
evaluation-prior_predictive-058,0.9704754175471615,prior_predictive,published,g,0.6785648715161883
evaluation-prior_predictive-058,0.41111939024425226,prior_predictive,published,log_likelihood,82.9979026488636
evaluation-prior_predictive-058,0.08341961243582799,prior_predictive,higher_compute,r,2.431413925052082
evaluation-prior_predictive-058,0.6304731839321218,prior_predictive,higher_compute,b,2.391473190398173
evaluation-prior_predictive-058,0.9746329880787915,prior_predictive,higher_compute,g,0.6785648715161883
evaluation-prior_predictive-058,0.38809693157505365,prior_predictive,higher_compute,log_likelihood,82.9979026488636
evaluation-prior_predictive-058,0.08806250000000002,prior_predictive,reference,r,2.431413925052082
evaluation-prior_predictive-058,0.6352500000000001,prior_predictive,reference,b,2.391473190398173
evaluation-prior_predictive-058,0.9787500000000005,prior_predictive,reference,g,0.6785648715161883
evaluation-prior_predictive-058,0.40887500000000015,prior_predictive,reference,log_likelihood,82.9979026488636
evaluation-prior_predictive-059,0.365234375,prior_predictive,prior,r,4.097864426247252
evaluation-prior_predictive-059,0.6748046875,prior_predictive,prior,b,2.2128229021379013
evaluation-prior_predictive-059,0.19140625,prior_predictive,prior,g,0.14121594129733978
evaluation-prior_predictive-059,1.0,prior_predictive,prior,log_likelihood,63.22980046179245
evaluation-prior_predictive-059,0.9788713760910837,prior_predictive,published,r,4.097864426247252
evaluation-prior_predictive-059,0.05725301744147113,prior_predictive,published,b,2.2128229021379013
evaluation-prior_predictive-059,0.03205606908658067,prior_predictive,published,g,0.14121594129733978
evaluation-prior_predictive-059,0.12661588202147658,prior_predictive,published,log_likelihood,63.22980046179245
evaluation-prior_predictive-059,0.9783744422467633,prior_predictive,higher_compute,r,4.097864426247252
evaluation-prior_predictive-059,0.05575568055840836,prior_predictive,higher_compute,b,2.2128229021379013
evaluation-prior_predictive-059,0.02850848580107361,prior_predictive,higher_compute,g,0.14121594129733978
evaluation-prior_predictive-059,0.1251760619262406,prior_predictive,higher_compute,log_likelihood,63.22980046179245
evaluation-prior_predictive-059,0.9814375000000004,prior_predictive,reference,r,4.097864426247252
evaluation-prior_predictive-059,0.05231250000000002,prior_predictive,reference,b,2.2128229021379013
evaluation-prior_predictive-059,0.03093750000000001,prior_predictive,reference,g,0.14121594129733978
evaluation-prior_predictive-059,0.13237500000000002,prior_predictive,reference,log_likelihood,63.22980046179245
evaluation-prior_predictive-060,0.029296875,prior_predictive,prior,r,2.2009258962034375
evaluation-prior_predictive-060,0.6240234375,prior_predictive,prior,b,2.090311993009719
evaluation-prior_predictive-060,0.78515625,prior_predictive,prior,g,0.624596534487324
evaluation-prior_predictive-060,1.0,prior_predictive,prior,log_likelihood,90.82273032427403
evaluation-prior_predictive-060,0.5373509577004778,prior_predictive,published,r,2.2009258962034375
evaluation-prior_predictive-060,0.3665156953892655,prior_predictive,published,b,2.090311993009719
evaluation-prior_predictive-060,0.5396948742986181,prior_predictive,published,g,0.624596534487324
evaluation-prior_predictive-060,0.9774773314685288,prior_predictive,published,log_likelihood,90.82273032427403
evaluation-prior_predictive-060,0.5392281808899356,prior_predictive,higher_compute,r,2.2009258962034375
evaluation-prior_predictive-060,0.3645880415249205,prior_predictive,higher_compute,b,2.090311993009719
evaluation-prior_predictive-060,0.5017620944896577,prior_predictive,higher_compute,g,0.624596534487324
evaluation-prior_predictive-060,0.9611953957355833,prior_predictive,higher_compute,log_likelihood,90.82273032427403
evaluation-prior_predictive-060,0.541375,prior_predictive,reference,r,2.2009258962034375
evaluation-prior_predictive-060,0.3636250000000001,prior_predictive,reference,b,2.090311993009719
evaluation-prior_predictive-060,0.5030625000000002,prior_predictive,reference,g,0.624596534487324
evaluation-prior_predictive-060,0.9496875000000005,prior_predictive,reference,log_likelihood,90.82273032427403
evaluation-prior_predictive-061,0.462890625,prior_predictive,prior,r,4.8039288758346315
evaluation-prior_predictive-061,0.509765625,prior_predictive,prior,b,1.8366338518505974
evaluation-prior_predictive-061,0.1572265625,prior_predictive,prior,g,0.12887984006958889
evaluation-prior_predictive-061,1.0,prior_predictive,prior,log_likelihood,49.62256797395139
evaluation-prior_predictive-061,0.6530306015762196,prior_predictive,published,r,4.8039288758346315
evaluation-prior_predictive-061,0.6753543787714535,prior_predictive,published,b,1.8366338518505974
evaluation-prior_predictive-061,0.28531890837220053,prior_predictive,published,g,0.12887984006958889
evaluation-prior_predictive-061,0.6678251860613473,prior_predictive,published,log_likelihood,49.62256797395139
evaluation-prior_predictive-061,0.6730171319905434,prior_predictive,higher_compute,r,4.8039288758346315
evaluation-prior_predictive-061,0.6225488663372383,prior_predictive,higher_compute,b,1.8366338518505974
evaluation-prior_predictive-061,0.29990882066323954,prior_predictive,higher_compute,g,0.12887984006958889
evaluation-prior_predictive-061,0.676833619498109,prior_predictive,higher_compute,log_likelihood,49.62256797395139
evaluation-prior_predictive-061,0.6658750000000002,prior_predictive,reference,r,4.8039288758346315
evaluation-prior_predictive-061,0.6333750000000001,prior_predictive,reference,b,1.8366338518505974
evaluation-prior_predictive-061,0.29825,prior_predictive,reference,g,0.12887984006958889
evaluation-prior_predictive-061,0.6641875000000002,prior_predictive,reference,log_likelihood,49.62256797395139
evaluation-prior_predictive-062,0.5595703125,prior_predictive,prior,r,5.33768362549654
evaluation-prior_predictive-062,0.7109375,prior_predictive,prior,b,2.3185373236394766
evaluation-prior_predictive-062,0.626953125,prior_predictive,prior,g,0.5066268128920132
evaluation-prior_predictive-062,1.0,prior_predictive,prior,log_likelihood,52.897368668248326
evaluation-prior_predictive-062,0.11841316833149312,prior_predictive,published,r,5.33768362549654
evaluation-prior_predictive-062,0.8902580141701544,prior_predictive,published,b,2.3185373236394766
evaluation-prior_predictive-062,0.835438137849825,prior_predictive,published,g,0.5066268128920132
evaluation-prior_predictive-062,0.5038442701301487,prior_predictive,published,log_likelihood,52.897368668248326
evaluation-prior_predictive-062,0.1145022348263846,prior_predictive,higher_compute,r,5.33768362549654
evaluation-prior_predictive-062,0.8737551887402382,prior_predictive,higher_compute,b,2.3185373236394766
evaluation-prior_predictive-062,0.8519190177341656,prior_predictive,higher_compute,g,0.5066268128920132
evaluation-prior_predictive-062,0.46563102136811785,prior_predictive,higher_compute,log_likelihood,52.897368668248326
evaluation-prior_predictive-062,0.11506250000000004,prior_predictive,reference,r,5.33768362549654
evaluation-prior_predictive-062,0.8910000000000003,prior_predictive,reference,b,2.3185373236394766
evaluation-prior_predictive-062,0.8498750000000004,prior_predictive,reference,g,0.5066268128920132
evaluation-prior_predictive-062,0.44862500000000016,prior_predictive,reference,log_likelihood,52.897368668248326
evaluation-prior_predictive-063,0.728515625,prior_predictive,prior,r,6.401827748640948
evaluation-prior_predictive-063,0.943359375,prior_predictive,prior,b,2.8401034093104367
evaluation-prior_predictive-063,0.4794921875,prior_predictive,prior,g,0.3797320368741474
evaluation-prior_predictive-063,1.0,prior_predictive,prior,log_likelihood,53.71557998149907
evaluation-prior_predictive-063,0.22714399063232688,prior_predictive,published,r,6.401827748640948
evaluation-prior_predictive-063,0.5896630870527457,prior_predictive,published,b,2.8401034093104367
evaluation-prior_predictive-063,0.7551837148303779,prior_predictive,published,g,0.3797320368741474
evaluation-prior_predictive-063,1.0,prior_predictive,published,log_likelihood,53.71557998149907
evaluation-prior_predictive-063,0.24656411233092276,prior_predictive,higher_compute,r,6.401827748640948
evaluation-prior_predictive-063,0.5532438816598466,prior_predictive,higher_compute,b,2.8401034093104367
evaluation-prior_predictive-063,0.7179668334345007,prior_predictive,higher_compute,g,0.3797320368741474
evaluation-prior_predictive-063,0.996673143440468,prior_predictive,higher_compute,log_likelihood,53.71557998149907
evaluation-prior_predictive-063,0.2479375000000001,prior_predictive,reference,r,6.401827748640948
evaluation-prior_predictive-063,0.5545625000000001,prior_predictive,reference,b,2.8401034093104367
evaluation-prior_predictive-063,0.7229375000000002,prior_predictive,reference,g,0.3797320368741474
evaluation-prior_predictive-063,0.9980000000000004,prior_predictive,reference,log_likelihood,53.71557998149907
evaluation-prior_predictive-064,0.5322265625,prior_predictive,prior,r,5.258053570428399
evaluation-prior_predictive-064,0.533203125,prior_predictive,prior,b,1.8161676501629844
evaluation-prior_predictive-064,0.4248046875,prior_predictive,prior,g,0.341780275633513
evaluation-prior_predictive-064,1.0,prior_predictive,prior,log_likelihood,59.30852611077792
evaluation-prior_predictive-064,0.9719264519566474,prior_predictive,published,r,5.258053570428399
evaluation-prior_predictive-064,0.2760563938814579,prior_predictive,published,b,1.8161676501629844
evaluation-prior_predictive-064,0.034267722233714965,prior_predictive,published,g,0.341780275633513
evaluation-prior_predictive-064,0.20657447297061365,prior_predictive,published,log_likelihood,59.30852611077792
evaluation-prior_predictive-064,0.9751205980846435,prior_predictive,higher_compute,r,5.258053570428399
evaluation-prior_predictive-064,0.27604894950408904,prior_predictive,higher_compute,b,1.8161676501629844
evaluation-prior_predictive-064,0.032377429885686884,prior_predictive,higher_compute,g,0.341780275633513
evaluation-prior_predictive-064,0.21990875277150235,prior_predictive,higher_compute,log_likelihood,59.30852611077792
evaluation-prior_predictive-064,0.9740000000000004,prior_predictive,reference,r,5.258053570428399
evaluation-prior_predictive-064,0.29756250000000006,prior_predictive,reference,b,1.8161676501629844
evaluation-prior_predictive-064,0.03318750000000001,prior_predictive,reference,g,0.341780275633513
evaluation-prior_predictive-064,0.22512500000000008,prior_predictive,reference,log_likelihood,59.30852611077792
evaluation-prior_predictive-065,0.892578125,prior_predictive,prior,r,7.428438135953208
evaluation-prior_predictive-065,0.2080078125,prior_predictive,prior,b,1.022410976587464
evaluation-prior_predictive-065,0.2255859375,prior_predictive,prior,g,0.1731859664299182
evaluation-prior_predictive-065,1.0,prior_predictive,prior,log_likelihood,44.24557683767567
evaluation-prior_predictive-065,0.7097436009277782,prior_predictive,published,r,7.428438135953208
evaluation-prior_predictive-065,0.732871614981595,prior_predictive,published,b,1.022410976587464
evaluation-prior_predictive-065,0.08625499709556647,prior_predictive,published,g,0.1731859664299182
evaluation-prior_predictive-065,0.59852998313274,prior_predictive,published,log_likelihood,44.24557683767567
evaluation-prior_predictive-065,0.6926330281484729,prior_predictive,higher_compute,r,7.428438135953208
evaluation-prior_predictive-065,0.7540850835768828,prior_predictive,higher_compute,b,1.022410976587464
evaluation-prior_predictive-065,0.09710374800267205,prior_predictive,higher_compute,g,0.1731859664299182
evaluation-prior_predictive-065,0.6028610269158434,prior_predictive,higher_compute,log_likelihood,44.24557683767567
evaluation-prior_predictive-065,0.6935625000000001,prior_predictive,reference,r,7.428438135953208
evaluation-prior_predictive-065,0.7540000000000002,prior_predictive,reference,b,1.022410976587464
evaluation-prior_predictive-065,0.09981250000000003,prior_predictive,reference,g,0.1731859664299182
evaluation-prior_predictive-065,0.604875,prior_predictive,reference,log_likelihood,44.24557683767567
evaluation-prior_predictive-066,0.6279296875,prior_predictive,prior,r,5.790609616618175
evaluation-prior_predictive-066,0.705078125,prior_predictive,prior,b,2.210057634019827
evaluation-prior_predictive-066,0.3759765625,prior_predictive,prior,g,0.3101602622231953
evaluation-prior_predictive-066,1.0,prior_predictive,prior,log_likelihood,63.113183653762704
evaluation-prior_predictive-066,0.2725998877975762,prior_predictive,published,r,5.790609616618175
evaluation-prior_predictive-066,0.6894029301579242,prior_predictive,published,b,2.210057634019827
evaluation-prior_predictive-066,0.7690421804633529,prior_predictive,published,g,0.3101602622231953
evaluation-prior_predictive-066,0.5237545306431832,prior_predictive,published,log_likelihood,63.113183653762704
evaluation-prior_predictive-066,0.2861139514330895,prior_predictive,higher_compute,r,5.790609616618175
evaluation-prior_predictive-066,0.688027973211258,prior_predictive,higher_compute,b,2.210057634019827
evaluation-prior_predictive-066,0.768808411214419,prior_predictive,higher_compute,g,0.3101602622231953
evaluation-prior_predictive-066,0.5160887365400877,prior_predictive,higher_compute,log_likelihood,63.113183653762704
evaluation-prior_predictive-066,0.29068750000000004,prior_predictive,reference,r,5.790609616618175
evaluation-prior_predictive-066,0.6816250000000001,prior_predictive,reference,b,2.210057634019827
evaluation-prior_predictive-066,0.7809375000000003,prior_predictive,reference,g,0.3101602622231953
evaluation-prior_predictive-066,0.5073125000000003,prior_predictive,reference,log_likelihood,63.113183653762704
evaluation-prior_predictive-067,0.3310546875,prior_predictive,prior,r,3.922206792681315
evaluation-prior_predictive-067,0.755859375,prior_predictive,prior,b,2.3105557175942755
evaluation-prior_predictive-067,0.494140625,prior_predictive,prior,g,0.4017746252275056
evaluation-prior_predictive-067,1.0,prior_predictive,prior,log_likelihood,71.00731633164494
evaluation-prior_predictive-067,0.9424376860150356,prior_predictive,published,r,3.922206792681315
evaluation-prior_predictive-067,0.1478887177420356,prior_predictive,published,b,2.3105557175942755
evaluation-prior_predictive-067,0.12595528445898418,prior_predictive,published,g,0.4017746252275056
evaluation-prior_predictive-067,0.38124842292413813,prior_predictive,published,log_likelihood,71.00731633164494
evaluation-prior_predictive-067,0.9459093213584076,prior_predictive,higher_compute,r,3.922206792681315
evaluation-prior_predictive-067,0.13423434865410394,prior_predictive,higher_compute,b,2.3105557175942755
evaluation-prior_predictive-067,0.1139930182024147,prior_predictive,higher_compute,g,0.4017746252275056
evaluation-prior_predictive-067,0.36354802195799085,prior_predictive,higher_compute,log_likelihood,71.00731633164494
evaluation-prior_predictive-067,0.9550625000000004,prior_predictive,reference,r,3.922206792681315
evaluation-prior_predictive-067,0.13215625000000003,prior_predictive,reference,b,2.3105557175942755
evaluation-prior_predictive-067,0.10321875000000004,prior_predictive,reference,g,0.4017746252275056
evaluation-prior_predictive-067,0.3510312500000001,prior_predictive,reference,log_likelihood,71.00731633164494
evaluation-prior_predictive-068,0.5244140625,prior_predictive,prior,r,5.096448870870092
evaluation-prior_predictive-068,0.2099609375,prior_predictive,prior,b,1.059503918084796
evaluation-prior_predictive-068,0.658203125,prior_predictive,prior,g,0.5464234792381321
evaluation-prior_predictive-068,1.0,prior_predictive,prior,log_likelihood,55.23435620697053
evaluation-prior_predictive-068,0.4445431751618171,prior_predictive,published,r,5.096448870870092
evaluation-prior_predictive-068,0.8045882765734331,prior_predictive,published,b,1.059503918084796
evaluation-prior_predictive-068,0.21429264037620344,prior_predictive,published,g,0.5464234792381321
evaluation-prior_predictive-068,0.6224514728417189,prior_predictive,published,log_likelihood,55.23435620697053
evaluation-prior_predictive-068,0.4475087329877244,prior_predictive,higher_compute,r,5.096448870870092
evaluation-prior_predictive-068,0.8099273821355044,prior_predictive,higher_compute,b,1.059503918084796
evaluation-prior_predictive-068,0.20320146868452096,prior_predictive,higher_compute,g,0.5464234792381321
evaluation-prior_predictive-068,0.6006590364047628,prior_predictive,higher_compute,log_likelihood,55.23435620697053
evaluation-prior_predictive-068,0.44043750000000015,prior_predictive,reference,r,5.096448870870092
evaluation-prior_predictive-068,0.8136250000000003,prior_predictive,reference,b,1.059503918084796
evaluation-prior_predictive-068,0.21306250000000007,prior_predictive,reference,g,0.5464234792381321
evaluation-prior_predictive-068,0.6050000000000001,prior_predictive,reference,log_likelihood,55.23435620697053
evaluation-prior_predictive-069,0.4853515625,prior_predictive,prior,r,4.944689633012711
evaluation-prior_predictive-069,0.3798828125,prior_predictive,prior,b,1.3975995989760657
evaluation-prior_predictive-069,0.1787109375,prior_predictive,prior,g,0.1277275513282204
evaluation-prior_predictive-069,1.0,prior_predictive,prior,log_likelihood,64.99136658149786
evaluation-prior_predictive-069,0.35785716045731214,prior_predictive,published,r,4.944689633012711
evaluation-prior_predictive-069,0.4027710697360811,prior_predictive,published,b,1.3975995989760657
evaluation-prior_predictive-069,0.46568292066281786,prior_predictive,published,g,0.1277275513282204
evaluation-prior_predictive-069,0.662537488863386,prior_predictive,published,log_likelihood,64.99136658149786
evaluation-prior_predictive-069,0.36510441605719024,prior_predictive,higher_compute,r,4.944689633012711
evaluation-prior_predictive-069,0.41487083081775383,prior_predictive,higher_compute,b,1.3975995989760657
evaluation-prior_predictive-069,0.47183929055693863,prior_predictive,higher_compute,g,0.1277275513282204
evaluation-prior_predictive-069,0.6458598788206134,prior_predictive,higher_compute,log_likelihood,64.99136658149786
evaluation-prior_predictive-069,0.3573125000000001,prior_predictive,reference,r,4.944689633012711
evaluation-prior_predictive-069,0.42562500000000014,prior_predictive,reference,b,1.3975995989760657
evaluation-prior_predictive-069,0.4871250000000002,prior_predictive,reference,g,0.1277275513282204
evaluation-prior_predictive-069,0.6514375000000001,prior_predictive,reference,log_likelihood,64.99136658149786
evaluation-prior_predictive-070,0.1806640625,prior_predictive,prior,r,3.1150419238668805
evaluation-prior_predictive-070,0.419921875,prior_predictive,prior,b,1.5110631246976425
evaluation-prior_predictive-070,0.87890625,prior_predictive,prior,g,0.6995765460670772
evaluation-prior_predictive-070,1.0,prior_predictive,prior,log_likelihood,63.333866816141125
evaluation-prior_predictive-070,0.8118824831938544,prior_predictive,published,r,3.1150419238668805
evaluation-prior_predictive-070,0.24453806871617956,prior_predictive,published,b,1.5110631246976425
evaluation-prior_predictive-070,0.5319343888732954,prior_predictive,published,g,0.6995765460670772
evaluation-prior_predictive-070,0.7307487822353965,prior_predictive,published,log_likelihood,63.333866816141125
evaluation-prior_predictive-070,0.8258684227732898,prior_predictive,higher_compute,r,3.1150419238668805
evaluation-prior_predictive-070,0.22491314589170258,prior_predictive,higher_compute,b,1.5110631246976425
evaluation-prior_predictive-070,0.5025743948500905,prior_predictive,higher_compute,g,0.6995765460670772
evaluation-prior_predictive-070,0.7015806183658193,prior_predictive,higher_compute,log_likelihood,63.333866816141125
evaluation-prior_predictive-070,0.8183750000000003,prior_predictive,reference,r,3.1150419238668805
evaluation-prior_predictive-070,0.24343750000000008,prior_predictive,reference,b,1.5110631246976425
evaluation-prior_predictive-070,0.4869375000000002,prior_predictive,reference,g,0.6995765460670772
evaluation-prior_predictive-070,0.6980000000000002,prior_predictive,reference,log_likelihood,63.333866816141125
evaluation-prior_predictive-071,0.986328125,prior_predictive,prior,r,7.884789830779783
evaluation-prior_predictive-071,0.21484375,prior_predictive,prior,b,1.0252964732492607
evaluation-prior_predictive-071,0.033203125,prior_predictive,prior,g,0.025642294003179966
evaluation-prior_predictive-071,1.0,prior_predictive,prior,log_likelihood,47.127537567962534
evaluation-prior_predictive-071,0.8281867187259516,prior_predictive,published,r,7.884789830779783
evaluation-prior_predictive-071,0.2578800382671502,prior_predictive,published,b,1.0252964732492607
evaluation-prior_predictive-071,0.12276521110013655,prior_predictive,published,g,0.025642294003179966
evaluation-prior_predictive-071,0.8706173527476906,prior_predictive,published,log_likelihood,47.127537567962534
evaluation-prior_predictive-071,0.7856682411913185,prior_predictive,higher_compute,r,7.884789830779783
evaluation-prior_predictive-071,0.3048951654709685,prior_predictive,higher_compute,b,1.0252964732492607
evaluation-prior_predictive-071,0.15499694123329233,prior_predictive,higher_compute,g,0.025642294003179966
evaluation-prior_predictive-071,0.8894294881605525,prior_predictive,higher_compute,log_likelihood,47.127537567962534
evaluation-prior_predictive-071,0.7846875000000002,prior_predictive,reference,r,7.884789830779783
evaluation-prior_predictive-071,0.30525,prior_predictive,reference,b,1.0252964732492607
evaluation-prior_predictive-071,0.16450000000000004,prior_predictive,reference,g,0.025642294003179966
evaluation-prior_predictive-071,0.8786250000000003,prior_predictive,reference,log_likelihood,47.127537567962534
evaluation-prior_predictive-072,0.83203125,prior_predictive,prior,r,6.981267869388897
evaluation-prior_predictive-072,0.0029296875,prior_predictive,prior,b,0.5096160410639645
evaluation-prior_predictive-072,0.25,prior_predictive,prior,g,0.20396070798349655
evaluation-prior_predictive-072,1.0,prior_predictive,prior,log_likelihood,53.23796508521199
evaluation-prior_predictive-072,0.9531487290732406,prior_predictive,published,r,6.981267869388897
evaluation-prior_predictive-072,0.2530131493987462,prior_predictive,published,b,0.5096160410639645
evaluation-prior_predictive-072,0.12598813309834067,prior_predictive,published,g,0.20396070798349655
evaluation-prior_predictive-072,0.4109074720784802,prior_predictive,published,log_likelihood,53.23796508521199
evaluation-prior_predictive-072,0.9639922110746807,prior_predictive,higher_compute,r,6.981267869388897
evaluation-prior_predictive-072,0.21717240312966773,prior_predictive,higher_compute,b,0.5096160410639645
evaluation-prior_predictive-072,0.1000654342891441,prior_predictive,higher_compute,g,0.20396070798349655
evaluation-prior_predictive-072,0.3539328916852953,prior_predictive,higher_compute,log_likelihood,53.23796508521199
evaluation-prior_predictive-072,0.9649375000000004,prior_predictive,reference,r,6.981267869388897
evaluation-prior_predictive-072,0.24668750000000012,prior_predictive,reference,b,0.5096160410639645
evaluation-prior_predictive-072,0.10787500000000004,prior_predictive,reference,g,0.20396070798349655
evaluation-prior_predictive-072,0.3525000000000001,prior_predictive,reference,log_likelihood,53.23796508521199
evaluation-prior_predictive-073,0.8955078125,prior_predictive,prior,r,7.354572364593105
evaluation-prior_predictive-073,0.71875,prior_predictive,prior,b,2.3081421165262856
evaluation-prior_predictive-073,0.8232421875,prior_predictive,prior,g,0.6524371152905482
evaluation-prior_predictive-073,1.0,prior_predictive,prior,log_likelihood,47.45265880063478
evaluation-prior_predictive-073,0.41507228364516036,prior_predictive,published,r,7.354572364593105
evaluation-prior_predictive-073,0.7132815445820456,prior_predictive,published,b,2.3081421165262856
evaluation-prior_predictive-073,0.6375952413689003,prior_predictive,published,g,0.6524371152905482
evaluation-prior_predictive-073,0.6586764990462487,prior_predictive,published,log_likelihood,47.45265880063478
evaluation-prior_predictive-073,0.41614662185451956,prior_predictive,higher_compute,r,7.354572364593105
evaluation-prior_predictive-073,0.7109031166657902,prior_predictive,higher_compute,b,2.3081421165262856
evaluation-prior_predictive-073,0.6297242999639325,prior_predictive,higher_compute,g,0.6524371152905482
evaluation-prior_predictive-073,0.6454363645190726,prior_predictive,higher_compute,log_likelihood,47.45265880063478
evaluation-prior_predictive-073,0.43512500000000015,prior_predictive,reference,r,7.354572364593105
evaluation-prior_predictive-073,0.6996250000000002,prior_predictive,reference,b,2.3081421165262856
evaluation-prior_predictive-073,0.6221875000000001,prior_predictive,reference,g,0.6524371152905482
evaluation-prior_predictive-073,0.6413750000000001,prior_predictive,reference,log_likelihood,47.45265880063478
evaluation-prior_predictive-074,0.09375,prior_predictive,prior,r,2.571421135740386
evaluation-prior_predictive-074,0.4140625,prior_predictive,prior,b,1.468975844537625
evaluation-prior_predictive-074,0.2421875,prior_predictive,prior,g,0.18698393349474485
evaluation-prior_predictive-074,1.0,prior_predictive,prior,log_likelihood,62.37513535711639
evaluation-prior_predictive-074,0.7999007526960956,prior_predictive,published,r,2.571421135740386
evaluation-prior_predictive-074,0.49970090194935196,prior_predictive,published,b,1.468975844537625
evaluation-prior_predictive-074,0.1520442682844807,prior_predictive,published,g,0.18698393349474485
evaluation-prior_predictive-074,0.6690378090645771,prior_predictive,published,log_likelihood,62.37513535711639
evaluation-prior_predictive-074,0.7971727382674383,prior_predictive,higher_compute,r,2.571421135740386
evaluation-prior_predictive-074,0.505141804543329,prior_predictive,higher_compute,b,1.468975844537625
evaluation-prior_predictive-074,0.1516561265528687,prior_predictive,higher_compute,g,0.18698393349474485
evaluation-prior_predictive-074,0.7134349268321705,prior_predictive,higher_compute,log_likelihood,62.37513535711639
evaluation-prior_predictive-074,0.8035625000000002,prior_predictive,reference,r,2.571421135740386
evaluation-prior_predictive-074,0.4853125000000002,prior_predictive,reference,b,1.468975844537625
evaluation-prior_predictive-074,0.1400625,prior_predictive,reference,g,0.18698393349474485
evaluation-prior_predictive-074,0.7096250000000002,prior_predictive,reference,log_likelihood,62.37513535711639
evaluation-prior_predictive-075,0.7333984375,prior_predictive,prior,r,6.262075651958479
evaluation-prior_predictive-075,0.7666015625,prior_predictive,prior,b,2.4317148365850656
evaluation-prior_predictive-075,0.7783203125,prior_predictive,prior,g,0.6200622689065596
evaluation-prior_predictive-075,1.0,prior_predictive,prior,log_likelihood,67.26039896604392
evaluation-prior_predictive-075,0.8288127500025212,prior_predictive,published,r,6.262075651958479
evaluation-prior_predictive-075,0.10603080164073134,prior_predictive,published,b,2.4317148365850656
evaluation-prior_predictive-075,0.22229040281633977,prior_predictive,published,g,0.6200622689065596
evaluation-prior_predictive-075,0.2677616287829475,prior_predictive,published,log_likelihood,67.26039896604392
evaluation-prior_predictive-075,0.8501388746854895,prior_predictive,higher_compute,r,6.262075651958479
evaluation-prior_predictive-075,0.10823362124301686,prior_predictive,higher_compute,b,2.4317148365850656
evaluation-prior_predictive-075,0.20468751767370513,prior_predictive,higher_compute,g,0.6200622689065596
evaluation-prior_predictive-075,0.23920693337266205,prior_predictive,higher_compute,log_likelihood,67.26039896604392
evaluation-prior_predictive-075,0.8512500000000003,prior_predictive,reference,r,6.262075651958479
evaluation-prior_predictive-075,0.09543750000000004,prior_predictive,reference,b,2.4317148365850656
evaluation-prior_predictive-075,0.20162500000000005,prior_predictive,reference,g,0.6200622689065596
evaluation-prior_predictive-075,0.25056250000000013,prior_predictive,reference,log_likelihood,67.26039896604392
evaluation-prior_predictive-076,0.2568359375,prior_predictive,prior,r,3.458889446393173
evaluation-prior_predictive-076,0.806640625,prior_predictive,prior,b,2.517056612335941
evaluation-prior_predictive-076,0.1435546875,prior_predictive,prior,g,0.12098601561669292
evaluation-prior_predictive-076,1.0,prior_predictive,prior,log_likelihood,57.75751514612297
evaluation-prior_predictive-076,0.070527815390793,prior_predictive,published,r,3.458889446393173
evaluation-prior_predictive-076,0.6739905817293564,prior_predictive,published,b,2.517056612335941
evaluation-prior_predictive-076,0.5871131822471792,prior_predictive,published,g,0.12098601561669292
evaluation-prior_predictive-076,0.1763348546509775,prior_predictive,published,log_likelihood,57.75751514612297
evaluation-prior_predictive-076,0.06664300076454044,prior_predictive,higher_compute,r,3.458889446393173
evaluation-prior_predictive-076,0.6706683617381819,prior_predictive,higher_compute,b,2.517056612335941
evaluation-prior_predictive-076,0.6326494637685351,prior_predictive,higher_compute,g,0.12098601561669292
evaluation-prior_predictive-076,0.18526383242247138,prior_predictive,higher_compute,log_likelihood,57.75751514612297
evaluation-prior_predictive-076,0.07912500000000001,prior_predictive,reference,r,3.458889446393173
evaluation-prior_predictive-076,0.6758750000000002,prior_predictive,reference,b,2.517056612335941
evaluation-prior_predictive-076,0.6125,prior_predictive,reference,g,0.12098601561669292
evaluation-prior_predictive-076,0.17037500000000005,prior_predictive,reference,log_likelihood,57.75751514612297
evaluation-prior_predictive-077,0.46875,prior_predictive,prior,r,4.8935619675379405
evaluation-prior_predictive-077,0.8671875,prior_predictive,prior,b,2.631456218207561
evaluation-prior_predictive-077,0.1845703125,prior_predictive,prior,g,0.14315753094273048
evaluation-prior_predictive-077,1.0,prior_predictive,prior,log_likelihood,47.58265096443533
evaluation-prior_predictive-077,0.0021869616283063985,prior_predictive,published,r,4.8935619675379405
evaluation-prior_predictive-077,0.9998675622878668,prior_predictive,published,b,2.631456218207561
evaluation-prior_predictive-077,0.31582182447778906,prior_predictive,published,g,0.14315753094273048
evaluation-prior_predictive-077,0.0009777256805016566,prior_predictive,published,log_likelihood,47.58265096443533
evaluation-prior_predictive-077,0.001881126261790793,prior_predictive,higher_compute,r,4.8935619675379405
evaluation-prior_predictive-077,0.9999360374610283,prior_predictive,higher_compute,b,2.631456218207561
evaluation-prior_predictive-077,0.3191485011860032,prior_predictive,higher_compute,g,0.14315753094273048
evaluation-prior_predictive-077,0.0011412210889578838,prior_predictive,higher_compute,log_likelihood,47.58265096443533
evaluation-prior_predictive-077,0.0023750000000000004,prior_predictive,reference,r,4.8935619675379405
evaluation-prior_predictive-077,0.9993125000000005,prior_predictive,reference,b,2.631456218207561
evaluation-prior_predictive-077,0.31400000000000006,prior_predictive,reference,g,0.14315753094273048
evaluation-prior_predictive-077,0.002625,prior_predictive,reference,log_likelihood,47.58265096443533
evaluation-prior_predictive-078,0.810546875,prior_predictive,prior,r,6.909743625431417
evaluation-prior_predictive-078,0.8603515625,prior_predictive,prior,b,2.6358456654367513
evaluation-prior_predictive-078,0.46484375,prior_predictive,prior,g,0.3685518303665705
evaluation-prior_predictive-078,1.0,prior_predictive,prior,log_likelihood,48.484769201395444
evaluation-prior_predictive-078,0.548828125,prior_predictive,published,r,6.909743625431417
evaluation-prior_predictive-078,0.71484375,prior_predictive,published,b,2.6358456654367513
evaluation-prior_predictive-078,0.33984375,prior_predictive,published,g,0.3685518303665705
evaluation-prior_predictive-078,0.443359375,prior_predictive,published,log_likelihood,48.484769201395444
evaluation-prior_predictive-078,0.5257826619871735,prior_predictive,higher_compute,r,6.909743625431417
evaluation-prior_predictive-078,0.7286456442240449,prior_predictive,higher_compute,b,2.6358456654367513
evaluation-prior_predictive-078,0.3653536230657302,prior_predictive,higher_compute,g,0.3685518303665705
evaluation-prior_predictive-078,0.5004641832846503,prior_predictive,higher_compute,log_likelihood,48.484769201395444
evaluation-prior_predictive-078,0.5081875000000002,prior_predictive,reference,r,6.909743625431417
evaluation-prior_predictive-078,0.7218125000000002,prior_predictive,reference,b,2.6358456654367513
evaluation-prior_predictive-078,0.3901250000000001,prior_predictive,reference,g,0.3685518303665705
evaluation-prior_predictive-078,0.4863125000000002,prior_predictive,reference,log_likelihood,48.484769201395444
evaluation-prior_predictive-079,0.787109375,prior_predictive,prior,r,6.670494908814166
evaluation-prior_predictive-079,0.8203125,prior_predictive,prior,b,2.5997916354609
evaluation-prior_predictive-079,0.828125,prior_predictive,prior,g,0.6611491596559557
evaluation-prior_predictive-079,1.0,prior_predictive,prior,log_likelihood,49.48567196890308
evaluation-prior_predictive-079,0.279497885648046,prior_predictive,published,r,6.670494908814166
evaluation-prior_predictive-079,0.9052790481387409,prior_predictive,published,b,2.5997916354609
evaluation-prior_predictive-079,0.14169464677484567,prior_predictive,published,g,0.6611491596559557
evaluation-prior_predictive-079,0.3773549028488463,prior_predictive,published,log_likelihood,49.48567196890308
evaluation-prior_predictive-079,0.22449069228766394,prior_predictive,higher_compute,r,6.670494908814166
evaluation-prior_predictive-079,0.9154625346162131,prior_predictive,higher_compute,b,2.5997916354609
evaluation-prior_predictive-079,0.13859572819254684,prior_predictive,higher_compute,g,0.6611491596559557
evaluation-prior_predictive-079,0.36503305331499103,prior_predictive,higher_compute,log_likelihood,49.48567196890308
evaluation-prior_predictive-079,0.2368750000000001,prior_predictive,reference,r,6.670494908814166
evaluation-prior_predictive-079,0.9096250000000003,prior_predictive,reference,b,2.5997916354609
evaluation-prior_predictive-079,0.14856250000000001,prior_predictive,reference,g,0.6611491596559557
evaluation-prior_predictive-079,0.3758750000000001,prior_predictive,reference,log_likelihood,49.48567196890308
evaluation-prior_predictive-080,0.427734375,prior_predictive,prior,r,4.507120830332633
evaluation-prior_predictive-080,0.712890625,prior_predictive,prior,b,2.271949683297115
evaluation-prior_predictive-080,0.333984375,prior_predictive,prior,g,0.27661297968636694
evaluation-prior_predictive-080,1.0,prior_predictive,prior,log_likelihood,56.69543528803962
evaluation-prior_predictive-080,0.9299278585705695,prior_predictive,published,r,4.507120830332633
evaluation-prior_predictive-080,0.6658938297031841,prior_predictive,published,b,2.271949683297115
evaluation-prior_predictive-080,0.022062020747682258,prior_predictive,published,g,0.27661297968636694
evaluation-prior_predictive-080,0.0877984340448614,prior_predictive,published,log_likelihood,56.69543528803962
evaluation-prior_predictive-080,0.9133061910008917,prior_predictive,higher_compute,r,4.507120830332633
evaluation-prior_predictive-080,0.6763163362413234,prior_predictive,higher_compute,b,2.271949683297115
evaluation-prior_predictive-080,0.016628595104209807,prior_predictive,higher_compute,g,0.27661297968636694
evaluation-prior_predictive-080,0.08900856673324112,prior_predictive,higher_compute,log_likelihood,56.69543528803962
evaluation-prior_predictive-080,0.9245000000000003,prior_predictive,reference,r,4.507120830332633
evaluation-prior_predictive-080,0.6591875000000001,prior_predictive,reference,b,2.271949683297115
evaluation-prior_predictive-080,0.021000000000000005,prior_predictive,reference,g,0.27661297968636694
evaluation-prior_predictive-080,0.08906250000000002,prior_predictive,reference,log_likelihood,56.69543528803962
evaluation-prior_predictive-081,0.44140625,prior_predictive,prior,r,4.605825920094091
evaluation-prior_predictive-081,0.408203125,prior_predictive,prior,b,1.564536535758148
evaluation-prior_predictive-081,0.73046875,prior_predictive,prior,g,0.5595111764508939
evaluation-prior_predictive-081,0.9970703125,prior_predictive,prior,log_likelihood,64.93538427489085
evaluation-prior_predictive-081,0.010080705772592118,prior_predictive,published,r,4.605825920094091
evaluation-prior_predictive-081,0.26581704584017296,prior_predictive,published,b,1.564536535758148
evaluation-prior_predictive-081,0.9841648480145803,prior_predictive,published,g,0.5595111764508939
evaluation-prior_predictive-081,0.006674963464872239,prior_predictive,published,log_likelihood,64.93538427489085
evaluation-prior_predictive-081,0.009825209873177013,prior_predictive,higher_compute,r,4.605825920094091
evaluation-prior_predictive-081,0.25985336834322936,prior_predictive,higher_compute,b,1.564536535758148
evaluation-prior_predictive-081,0.9751739235309277,prior_predictive,higher_compute,g,0.5595111764508939
evaluation-prior_predictive-081,0.006367802593049284,prior_predictive,higher_compute,log_likelihood,64.93538427489085
evaluation-prior_predictive-081,0.013625000000000005,prior_predictive,reference,r,4.605825920094091
evaluation-prior_predictive-081,0.2706875,prior_predictive,reference,b,1.564536535758148
evaluation-prior_predictive-081,0.9799375000000003,prior_predictive,reference,g,0.5595111764508939
evaluation-prior_predictive-081,0.007875000000000004,prior_predictive,reference,log_likelihood,64.93538427489085
evaluation-prior_predictive-082,0.931640625,prior_predictive,prior,r,7.615184863711046
evaluation-prior_predictive-082,0.7138671875,prior_predictive,prior,b,2.2927215543634847
evaluation-prior_predictive-082,0.7294921875,prior_predictive,prior,g,0.5938441592510447
evaluation-prior_predictive-082,1.0,prior_predictive,prior,log_likelihood,47.73751720181227
evaluation-prior_predictive-082,0.29255337454646446,prior_predictive,published,r,7.615184863711046
evaluation-prior_predictive-082,0.2789866333932552,prior_predictive,published,b,2.2927215543634847
evaluation-prior_predictive-082,0.8649981682635379,prior_predictive,published,g,0.5938441592510447
evaluation-prior_predictive-082,0.8203759507642318,prior_predictive,published,log_likelihood,47.73751720181227
evaluation-prior_predictive-082,0.28158495584242516,prior_predictive,higher_compute,r,7.615184863711046
evaluation-prior_predictive-082,0.2532678448394654,prior_predictive,higher_compute,b,2.2927215543634847
evaluation-prior_predictive-082,0.8619250075447413,prior_predictive,higher_compute,g,0.5938441592510447
evaluation-prior_predictive-082,0.815497144216976,prior_predictive,higher_compute,log_likelihood,47.73751720181227
evaluation-prior_predictive-082,0.2723125,prior_predictive,reference,r,7.615184863711046
evaluation-prior_predictive-082,0.2664375,prior_predictive,reference,b,2.2927215543634847
evaluation-prior_predictive-082,0.8748750000000003,prior_predictive,reference,g,0.5938441592510447
evaluation-prior_predictive-082,0.8153125000000003,prior_predictive,reference,log_likelihood,47.73751720181227
evaluation-prior_predictive-083,0.876953125,prior_predictive,prior,r,7.324720139656707
evaluation-prior_predictive-083,0.15625,prior_predictive,prior,b,0.9200221461540316
evaluation-prior_predictive-083,0.4921875,prior_predictive,prior,g,0.39407320065394025
evaluation-prior_predictive-083,1.0,prior_predictive,prior,log_likelihood,41.60787796581329
evaluation-prior_predictive-083,0.41677461279033434,prior_predictive,published,r,7.324720139656707
evaluation-prior_predictive-083,0.5551830968262763,prior_predictive,published,b,0.9200221461540316
evaluation-prior_predictive-083,0.3802788751058265,prior_predictive,published,g,0.39407320065394025
evaluation-prior_predictive-083,0.9512649264979811,prior_predictive,published,log_likelihood,41.60787796581329
evaluation-prior_predictive-083,0.3956152904943262,prior_predictive,higher_compute,r,7.324720139656707
evaluation-prior_predictive-083,0.5329075343981602,prior_predictive,higher_compute,b,0.9200221461540316
evaluation-prior_predictive-083,0.39776875865988975,prior_predictive,higher_compute,g,0.39407320065394025
evaluation-prior_predictive-083,0.9578734990489469,prior_predictive,higher_compute,log_likelihood,41.60787796581329
evaluation-prior_predictive-083,0.3890625000000001,prior_predictive,reference,r,7.324720139656707
evaluation-prior_predictive-083,0.5395625,prior_predictive,reference,b,0.9200221461540316
evaluation-prior_predictive-083,0.40387500000000015,prior_predictive,reference,g,0.39407320065394025
evaluation-prior_predictive-083,0.9633750000000004,prior_predictive,reference,log_likelihood,41.60787796581329
evaluation-prior_predictive-084,0.099609375,prior_predictive,prior,r,2.5981008827584504
evaluation-prior_predictive-084,0.3125,prior_predictive,prior,b,1.263464349896735
evaluation-prior_predictive-084,0.46484375,prior_predictive,prior,g,0.3744684901967868
evaluation-prior_predictive-084,1.0,prior_predictive,prior,log_likelihood,63.13673547268259
evaluation-prior_predictive-084,0.8653850324435364,prior_predictive,published,r,2.5981008827584504
evaluation-prior_predictive-084,0.6328584639580004,prior_predictive,published,b,1.263464349896735
evaluation-prior_predictive-084,0.03287929051619581,prior_predictive,published,g,0.3744684901967868
evaluation-prior_predictive-084,0.16568428199097984,prior_predictive,published,log_likelihood,63.13673547268259
evaluation-prior_predictive-084,0.8724505513770962,prior_predictive,higher_compute,r,2.5981008827584504
evaluation-prior_predictive-084,0.6375325252760156,prior_predictive,higher_compute,b,1.263464349896735
evaluation-prior_predictive-084,0.04774719418781634,prior_predictive,higher_compute,g,0.3744684901967868
evaluation-prior_predictive-084,0.18306850511996695,prior_predictive,higher_compute,log_likelihood,63.13673547268259
evaluation-prior_predictive-084,0.8654375000000003,prior_predictive,reference,r,2.5981008827584504
evaluation-prior_predictive-084,0.6591250000000002,prior_predictive,reference,b,1.263464349896735
evaluation-prior_predictive-084,0.049187500000000016,prior_predictive,reference,g,0.3744684901967868
evaluation-prior_predictive-084,0.18831250000000005,prior_predictive,reference,log_likelihood,63.13673547268259
evaluation-prior_predictive-085,0.609375,prior_predictive,prior,r,5.58459060285243
evaluation-prior_predictive-085,0.7939453125,prior_predictive,prior,b,2.4845901541184023
evaluation-prior_predictive-085,0.0546875,prior_predictive,prior,g,0.041302789135791954
evaluation-prior_predictive-085,1.0,prior_predictive,prior,log_likelihood,57.94522033707257
evaluation-prior_predictive-085,0.053194773056181616,prior_predictive,published,r,5.58459060285243
evaluation-prior_predictive-085,0.8755534633091485,prior_predictive,published,b,2.4845901541184023
evaluation-prior_predictive-085,0.8795988504448479,prior_predictive,published,g,0.041302789135791954
evaluation-prior_predictive-085,0.3211909366065284,prior_predictive,published,log_likelihood,57.94522033707257
evaluation-prior_predictive-085,0.04658895697365671,prior_predictive,higher_compute,r,5.58459060285243
evaluation-prior_predictive-085,0.8558938021118807,prior_predictive,higher_compute,b,2.4845901541184023
evaluation-prior_predictive-085,0.8825657565525202,prior_predictive,higher_compute,g,0.041302789135791954
evaluation-prior_predictive-085,0.28771444296859705,prior_predictive,higher_compute,log_likelihood,57.94522033707257
evaluation-prior_predictive-085,0.05100000000000002,prior_predictive,reference,r,5.58459060285243
evaluation-prior_predictive-085,0.8491875000000003,prior_predictive,reference,b,2.4845901541184023
evaluation-prior_predictive-085,0.8650625000000003,prior_predictive,reference,g,0.041302789135791954
evaluation-prior_predictive-085,0.29981250000000004,prior_predictive,reference,log_likelihood,57.94522033707257
evaluation-prior_predictive-086,0.263671875,prior_predictive,prior,r,3.473797014279604
evaluation-prior_predictive-086,0.65234375,prior_predictive,prior,b,2.12477540810852
evaluation-prior_predictive-086,0.9619140625,prior_predictive,prior,g,0.7642334753982006
evaluation-prior_predictive-086,1.0,prior_predictive,prior,log_likelihood,69.36341189830908
evaluation-prior_predictive-086,0.4962857420047223,prior_predictive,published,r,3.473797014279604
evaluation-prior_predictive-086,0.4382424838838028,prior_predictive,published,b,2.12477540810852
evaluation-prior_predictive-086,0.651902015571128,prior_predictive,published,g,0.7642334753982006
evaluation-prior_predictive-086,0.9883538068074855,prior_predictive,published,log_likelihood,69.36341189830908
evaluation-prior_predictive-086,0.49211524025953324,prior_predictive,higher_compute,r,3.473797014279604
evaluation-prior_predictive-086,0.4163211688800236,prior_predictive,higher_compute,b,2.12477540810852
evaluation-prior_predictive-086,0.6263384165882295,prior_predictive,higher_compute,g,0.7642334753982006
evaluation-prior_predictive-086,0.9880454614049823,prior_predictive,higher_compute,log_likelihood,69.36341189830908
evaluation-prior_predictive-086,0.4971250000000002,prior_predictive,reference,r,3.473797014279604
evaluation-prior_predictive-086,0.43318750000000017,prior_predictive,reference,b,2.12477540810852
evaluation-prior_predictive-086,0.6309375000000002,prior_predictive,reference,g,0.7642334753982006
evaluation-prior_predictive-086,0.9858125000000004,prior_predictive,reference,log_likelihood,69.36341189830908
evaluation-prior_predictive-087,0.986328125,prior_predictive,prior,r,7.937853310781562
evaluation-prior_predictive-087,0.9140625,prior_predictive,prior,b,2.787249696980718
evaluation-prior_predictive-087,0.794921875,prior_predictive,prior,g,0.6430340294965167
evaluation-prior_predictive-087,1.0,prior_predictive,prior,log_likelihood,38.35899219349803
evaluation-prior_predictive-087,0.5802093135439546,prior_predictive,published,r,7.937853310781562
evaluation-prior_predictive-087,0.7179309635542479,prior_predictive,published,b,2.787249696980718
evaluation-prior_predictive-087,0.4859272791086877,prior_predictive,published,g,0.6430340294965167
evaluation-prior_predictive-087,0.5553109428047919,prior_predictive,published,log_likelihood,38.35899219349803
evaluation-prior_predictive-087,0.5640504399788694,prior_predictive,higher_compute,r,7.937853310781562
evaluation-prior_predictive-087,0.7057651922827255,prior_predictive,higher_compute,b,2.787249696980718
evaluation-prior_predictive-087,0.5165654854390069,prior_predictive,higher_compute,g,0.6430340294965167
evaluation-prior_predictive-087,0.5285985635696038,prior_predictive,higher_compute,log_likelihood,38.35899219349803
evaluation-prior_predictive-087,0.5650625,prior_predictive,reference,r,7.937853310781562
evaluation-prior_predictive-087,0.6936250000000002,prior_predictive,reference,b,2.787249696980718
evaluation-prior_predictive-087,0.5093750000000002,prior_predictive,reference,g,0.6430340294965167
evaluation-prior_predictive-087,0.5108125000000002,prior_predictive,reference,log_likelihood,38.35899219349803
evaluation-prior_predictive-088,0.220703125,prior_predictive,prior,r,3.5260118677242858
evaluation-prior_predictive-088,0.568359375,prior_predictive,prior,b,1.931383534718607
evaluation-prior_predictive-088,0.806640625,prior_predictive,prior,g,0.6606697788292122
evaluation-prior_predictive-088,1.0,prior_predictive,prior,log_likelihood,76.70885405377756
evaluation-prior_predictive-088,0.03766130651092824,prior_predictive,published,r,3.5260118677242858
evaluation-prior_predictive-088,0.2567434201397534,prior_predictive,published,b,1.931383534718607
evaluation-prior_predictive-088,0.9225841032246764,prior_predictive,published,g,0.6606697788292122
evaluation-prior_predictive-088,0.0957234262949962,prior_predictive,published,log_likelihood,76.70885405377756
evaluation-prior_predictive-088,0.029978169445191973,prior_predictive,higher_compute,r,3.5260118677242858
evaluation-prior_predictive-088,0.32812434276273716,prior_predictive,higher_compute,b,1.931383534718607
evaluation-prior_predictive-088,0.9220818879393009,prior_predictive,higher_compute,g,0.6606697788292122
evaluation-prior_predictive-088,0.10497554935500472,prior_predictive,higher_compute,log_likelihood,76.70885405377756
evaluation-prior_predictive-088,0.04243750000000001,prior_predictive,reference,r,3.5260118677242858
evaluation-prior_predictive-088,0.33262500000000006,prior_predictive,reference,b,1.931383534718607
evaluation-prior_predictive-088,0.9184375000000004,prior_predictive,reference,g,0.6606697788292122
evaluation-prior_predictive-088,0.09881250000000003,prior_predictive,reference,log_likelihood,76.70885405377756
evaluation-prior_predictive-089,0.115234375,prior_predictive,prior,r,2.6756948138835512
evaluation-prior_predictive-089,0.1455078125,prior_predictive,prior,b,0.8526994220988786
evaluation-prior_predictive-089,0.08984375,prior_predictive,prior,g,0.06693579255951763
evaluation-prior_predictive-089,1.0,prior_predictive,prior,log_likelihood,55.16556017406428
evaluation-prior_predictive-089,0.26982674399504025,prior_predictive,published,r,2.6756948138835512
evaluation-prior_predictive-089,0.7360324038093918,prior_predictive,published,b,0.8526994220988786
evaluation-prior_predictive-089,0.8137944212538617,prior_predictive,published,g,0.06693579255951763
evaluation-prior_predictive-089,0.6102998452353146,prior_predictive,published,log_likelihood,55.16556017406428
evaluation-prior_predictive-089,0.2642205165128133,prior_predictive,higher_compute,r,2.6756948138835512
evaluation-prior_predictive-089,0.7320117921936817,prior_predictive,higher_compute,b,0.8526994220988786
evaluation-prior_predictive-089,0.8147860759434298,prior_predictive,higher_compute,g,0.06693579255951763
evaluation-prior_predictive-089,0.6247830969174917,prior_predictive,higher_compute,log_likelihood,55.16556017406428
evaluation-prior_predictive-089,0.27737500000000004,prior_predictive,reference,r,2.6756948138835512
evaluation-prior_predictive-089,0.7271875000000002,prior_predictive,reference,b,0.8526994220988786
evaluation-prior_predictive-089,0.8072500000000002,prior_predictive,reference,g,0.06693579255951763
evaluation-prior_predictive-089,0.6214375000000001,prior_predictive,reference,log_likelihood,55.16556017406428
evaluation-prior_predictive-090,0.396484375,prior_predictive,prior,r,4.421755241892171
evaluation-prior_predictive-090,0.6240234375,prior_predictive,prior,b,2.007860083470658
evaluation-prior_predictive-090,0.3232421875,prior_predictive,prior,g,0.22724159561515514
evaluation-prior_predictive-090,1.0,prior_predictive,prior,log_likelihood,60.36261842909602
evaluation-prior_predictive-090,0.669921875,prior_predictive,published,r,4.421755241892171
evaluation-prior_predictive-090,0.4052734375,prior_predictive,published,b,2.007860083470658
evaluation-prior_predictive-090,0.466796875,prior_predictive,published,g,0.22724159561515514
evaluation-prior_predictive-090,0.875,prior_predictive,published,log_likelihood,60.36261842909602
evaluation-prior_predictive-090,0.6830193559908937,prior_predictive,higher_compute,r,4.421755241892171
evaluation-prior_predictive-090,0.42951850201934216,prior_predictive,higher_compute,b,2.007860083470658
evaluation-prior_predictive-090,0.41914330768649166,prior_predictive,higher_compute,g,0.22724159561515514
evaluation-prior_predictive-090,0.8733981974682944,prior_predictive,higher_compute,log_likelihood,60.36261842909602
evaluation-prior_predictive-090,0.6932500000000001,prior_predictive,reference,r,4.421755241892171
evaluation-prior_predictive-090,0.41631250000000014,prior_predictive,reference,b,2.007860083470658
evaluation-prior_predictive-090,0.39393750000000016,prior_predictive,reference,g,0.22724159561515514
evaluation-prior_predictive-090,0.8595000000000004,prior_predictive,reference,log_likelihood,60.36261842909602
evaluation-prior_predictive-091,0.4853515625,prior_predictive,prior,r,4.898571057003675
evaluation-prior_predictive-091,0.55859375,prior_predictive,prior,b,1.950996526004043
evaluation-prior_predictive-091,0.6318359375,prior_predictive,prior,g,0.5091746030842448
evaluation-prior_predictive-091,1.0,prior_predictive,prior,log_likelihood,55.29328937017833
evaluation-prior_predictive-091,0.62373169779848,prior_predictive,published,r,4.898571057003675
evaluation-prior_predictive-091,0.4800921262851021,prior_predictive,published,b,1.950996526004043
evaluation-prior_predictive-091,0.5341500428678427,prior_predictive,published,g,0.5091746030842448
evaluation-prior_predictive-091,0.7605835865062791,prior_predictive,published,log_likelihood,55.29328937017833
evaluation-prior_predictive-091,0.6564561761544988,prior_predictive,higher_compute,r,4.898571057003675
evaluation-prior_predictive-091,0.4570570003280092,prior_predictive,higher_compute,b,1.950996526004043
evaluation-prior_predictive-091,0.5102209082916489,prior_predictive,higher_compute,g,0.5091746030842448
evaluation-prior_predictive-091,0.7615062378997774,prior_predictive,higher_compute,log_likelihood,55.29328937017833
evaluation-prior_predictive-091,0.6531250000000002,prior_predictive,reference,r,4.898571057003675
evaluation-prior_predictive-091,0.44943750000000016,prior_predictive,reference,b,1.950996526004043
evaluation-prior_predictive-091,0.5130625000000002,prior_predictive,reference,g,0.5091746030842448
evaluation-prior_predictive-091,0.7718125000000002,prior_predictive,reference,log_likelihood,55.29328937017833
evaluation-prior_predictive-092,0.0078125,prior_predictive,prior,r,2.0624719638814017
evaluation-prior_predictive-092,0.9208984375,prior_predictive,prior,b,2.8093758567437304
evaluation-prior_predictive-092,0.9609375,prior_predictive,prior,g,0.7652704208597892
evaluation-prior_predictive-092,1.0,prior_predictive,prior,log_likelihood,114.21343140650612
evaluation-prior_predictive-092,0.050903779311080914,prior_predictive,published,r,2.0624719638814017
evaluation-prior_predictive-092,0.7900845161953906,prior_predictive,published,b,2.8093758567437304
evaluation-prior_predictive-092,0.8406510444192512,prior_predictive,published,g,0.7652704208597892
evaluation-prior_predictive-092,0.5877309953847537,prior_predictive,published,log_likelihood,114.21343140650612
evaluation-prior_predictive-092,0.06083642661831628,prior_predictive,higher_compute,r,2.0624719638814017
evaluation-prior_predictive-092,0.8241066994466295,prior_predictive,higher_compute,b,2.8093758567437304
evaluation-prior_predictive-092,0.8353251888784097,prior_predictive,higher_compute,g,0.7652704208597892
evaluation-prior_predictive-092,0.5741714742695023,prior_predictive,higher_compute,log_likelihood,114.21343140650612
evaluation-prior_predictive-092,0.04168750000000001,prior_predictive,reference,r,2.0624719638814017
evaluation-prior_predictive-092,0.8143125000000002,prior_predictive,reference,b,2.8093758567437304
evaluation-prior_predictive-092,0.8529375000000003,prior_predictive,reference,g,0.7652704208597892
evaluation-prior_predictive-092,0.5503125,prior_predictive,reference,log_likelihood,114.21343140650612
evaluation-prior_predictive-093,0.765625,prior_predictive,prior,r,6.5952807024449545
evaluation-prior_predictive-093,0.3251953125,prior_predictive,prior,b,1.3131410470500229
evaluation-prior_predictive-093,0.501953125,prior_predictive,prior,g,0.3969074562443412
evaluation-prior_predictive-093,1.0,prior_predictive,prior,log_likelihood,55.5779662166091
evaluation-prior_predictive-093,0.11194833380893969,prior_predictive,published,r,6.5952807024449545
evaluation-prior_predictive-093,0.8137074212648963,prior_predictive,published,b,1.3131410470500229
evaluation-prior_predictive-093,0.7368460057354644,prior_predictive,published,g,0.3969074562443412
evaluation-prior_predictive-093,0.9109696647030846,prior_predictive,published,log_likelihood,55.5779662166091
evaluation-prior_predictive-093,0.08805942498863542,prior_predictive,higher_compute,r,6.5952807024449545
evaluation-prior_predictive-093,0.8000302084649871,prior_predictive,higher_compute,b,1.3131410470500229
evaluation-prior_predictive-093,0.7581729791081186,prior_predictive,higher_compute,g,0.3969074562443412
evaluation-prior_predictive-093,0.8786839725123858,prior_predictive,higher_compute,log_likelihood,55.5779662166091
evaluation-prior_predictive-093,0.09800000000000003,prior_predictive,reference,r,6.5952807024449545
evaluation-prior_predictive-093,0.7925625000000003,prior_predictive,reference,b,1.3131410470500229
evaluation-prior_predictive-093,0.7538750000000003,prior_predictive,reference,g,0.3969074562443412
evaluation-prior_predictive-093,0.8969375000000004,prior_predictive,reference,log_likelihood,55.5779662166091
evaluation-prior_predictive-094,0.474609375,prior_predictive,prior,r,4.827688397026787
evaluation-prior_predictive-094,0.5859375,prior_predictive,prior,b,1.9168198517802841
evaluation-prior_predictive-094,0.26171875,prior_predictive,prior,g,0.18395569867406608
evaluation-prior_predictive-094,1.0,prior_predictive,prior,log_likelihood,56.555401042439144
evaluation-prior_predictive-094,0.41015625,prior_predictive,published,r,4.827688397026787
evaluation-prior_predictive-094,0.4814453125,prior_predictive,published,b,1.9168198517802841
evaluation-prior_predictive-094,0.525390625,prior_predictive,published,g,0.18395569867406608
evaluation-prior_predictive-094,0.935546875,prior_predictive,published,log_likelihood,56.555401042439144
evaluation-prior_predictive-094,0.42187500000000017,prior_predictive,higher_compute,r,4.827688397026787
evaluation-prior_predictive-094,0.5280761718750002,prior_predictive,higher_compute,b,1.9168198517802841
evaluation-prior_predictive-094,0.5073242187500002,prior_predictive,higher_compute,g,0.18395569867406608
evaluation-prior_predictive-094,0.9372558593750003,prior_predictive,higher_compute,log_likelihood,56.555401042439144
evaluation-prior_predictive-094,0.4066250000000001,prior_predictive,reference,r,4.827688397026787
evaluation-prior_predictive-094,0.54125,prior_predictive,reference,b,1.9168198517802841
evaluation-prior_predictive-094,0.5126250000000002,prior_predictive,reference,g,0.18395569867406608
evaluation-prior_predictive-094,0.9437500000000003,prior_predictive,reference,log_likelihood,56.555401042439144
evaluation-prior_predictive-095,0.4609375,prior_predictive,prior,r,4.703252273187628
evaluation-prior_predictive-095,0.0537109375,prior_predictive,prior,b,0.6330878098931667
evaluation-prior_predictive-095,0.5966796875,prior_predictive,prior,g,0.47563178361703334
evaluation-prior_predictive-095,1.0,prior_predictive,prior,log_likelihood,32.01661316877647
evaluation-prior_predictive-095,0.24637425521489698,prior_predictive,published,r,4.703252273187628
evaluation-prior_predictive-095,0.729628597459477,prior_predictive,published,b,0.6330878098931667
evaluation-prior_predictive-095,0.5949779846901133,prior_predictive,published,g,0.47563178361703334
evaluation-prior_predictive-095,0.9536813560166921,prior_predictive,published,log_likelihood,32.01661316877647
evaluation-prior_predictive-095,0.2506429898529642,prior_predictive,higher_compute,r,4.703252273187628
evaluation-prior_predictive-095,0.7393202254349158,prior_predictive,higher_compute,b,0.6330878098931667
evaluation-prior_predictive-095,0.5384239679460429,prior_predictive,higher_compute,g,0.47563178361703334
evaluation-prior_predictive-095,0.9161797591308951,prior_predictive,higher_compute,log_likelihood,32.01661316877647
evaluation-prior_predictive-095,0.2531875000000001,prior_predictive,reference,r,4.703252273187628
evaluation-prior_predictive-095,0.7259375000000001,prior_predictive,reference,b,0.6330878098931667
evaluation-prior_predictive-095,0.5399375,prior_predictive,reference,g,0.47563178361703334
evaluation-prior_predictive-095,0.9093750000000004,prior_predictive,reference,log_likelihood,32.01661316877647
evaluation-prior_predictive-096,0.5126953125,prior_predictive,prior,r,5.1709998041098535
evaluation-prior_predictive-096,0.8798828125,prior_predictive,prior,b,2.6922990784250476
evaluation-prior_predictive-096,0.7431640625,prior_predictive,prior,g,0.5948305224700345
evaluation-prior_predictive-096,1.0,prior_predictive,prior,log_likelihood,53.99168191893496
evaluation-prior_predictive-096,0.16427083299928077,prior_predictive,published,r,5.1709998041098535
evaluation-prior_predictive-096,0.6162544993552533,prior_predictive,published,b,2.6922990784250476
evaluation-prior_predictive-096,0.8548618507737722,prior_predictive,published,g,0.5948305224700345
evaluation-prior_predictive-096,0.6288434633021243,prior_predictive,published,log_likelihood,53.99168191893496
evaluation-prior_predictive-096,0.19905688795597276,prior_predictive,higher_compute,r,5.1709998041098535
evaluation-prior_predictive-096,0.6092948566115122,prior_predictive,higher_compute,b,2.6922990784250476
evaluation-prior_predictive-096,0.8323968073841799,prior_predictive,higher_compute,g,0.5948305224700345
evaluation-prior_predictive-096,0.6701001464375878,prior_predictive,higher_compute,log_likelihood,53.99168191893496
evaluation-prior_predictive-096,0.2151875000000001,prior_predictive,reference,r,5.1709998041098535
evaluation-prior_predictive-096,0.592125,prior_predictive,reference,b,2.6922990784250476
evaluation-prior_predictive-096,0.8342500000000003,prior_predictive,reference,g,0.5948305224700345
evaluation-prior_predictive-096,0.6645625000000002,prior_predictive,reference,log_likelihood,53.99168191893496
evaluation-prior_predictive-097,0.5439453125,prior_predictive,prior,r,5.177976410883828
evaluation-prior_predictive-097,0.5498046875,prior_predictive,prior,b,1.9158080753409796
evaluation-prior_predictive-097,0.4052734375,prior_predictive,prior,g,0.33824916216279094
evaluation-prior_predictive-097,0.9990234375,prior_predictive,prior,log_likelihood,60.39270766794067
evaluation-prior_predictive-097,0.40727866788191724,prior_predictive,published,r,5.177976410883828
evaluation-prior_predictive-097,0.8773038245801359,prior_predictive,published,b,1.9158080753409796
evaluation-prior_predictive-097,0.49910564683640746,prior_predictive,published,g,0.33824916216279094
evaluation-prior_predictive-097,0.5164376842904459,prior_predictive,published,log_likelihood,60.39270766794067
evaluation-prior_predictive-097,0.3950108410281429,prior_predictive,higher_compute,r,5.177976410883828
evaluation-prior_predictive-097,0.8716466202496533,prior_predictive,higher_compute,b,1.9158080753409796
evaluation-prior_predictive-097,0.5212345178040942,prior_predictive,higher_compute,g,0.33824916216279094
evaluation-prior_predictive-097,0.5846202461245869,prior_predictive,higher_compute,log_likelihood,60.39270766794067
evaluation-prior_predictive-097,0.3894375000000001,prior_predictive,reference,r,5.177976410883828
evaluation-prior_predictive-097,0.8708750000000003,prior_predictive,reference,b,1.9158080753409796
evaluation-prior_predictive-097,0.5241875000000003,prior_predictive,reference,g,0.33824916216279094
evaluation-prior_predictive-097,0.5974375000000001,prior_predictive,reference,log_likelihood,60.39270766794067
evaluation-prior_predictive-098,0.892578125,prior_predictive,prior,r,7.275658437391981
evaluation-prior_predictive-098,0.1611328125,prior_predictive,prior,b,0.9251790201485633
evaluation-prior_predictive-098,0.91796875,prior_predictive,prior,g,0.7163152883843429
evaluation-prior_predictive-098,0.9990234375,prior_predictive,prior,log_likelihood,43.500160391359294
evaluation-prior_predictive-098,0.21710497277315255,prior_predictive,published,r,7.275658437391981
evaluation-prior_predictive-098,0.8955428145392446,prior_predictive,published,b,0.9251790201485633
evaluation-prior_predictive-098,0.20297713009001664,prior_predictive,published,g,0.7163152883843429
evaluation-prior_predictive-098,0.3913848030848635,prior_predictive,published,log_likelihood,43.500160391359294
evaluation-prior_predictive-098,0.21979189905562718,prior_predictive,higher_compute,r,7.275658437391981
evaluation-prior_predictive-098,0.8770207087385966,prior_predictive,higher_compute,b,0.9251790201485633
evaluation-prior_predictive-098,0.2379513448502893,prior_predictive,higher_compute,g,0.7163152883843429
evaluation-prior_predictive-098,0.40898083098941074,prior_predictive,higher_compute,log_likelihood,43.500160391359294
evaluation-prior_predictive-098,0.21131250000000007,prior_predictive,reference,r,7.275658437391981
evaluation-prior_predictive-098,0.8928125000000003,prior_predictive,reference,b,0.9251790201485633
evaluation-prior_predictive-098,0.2228750000000001,prior_predictive,reference,g,0.7163152883843429
evaluation-prior_predictive-098,0.3842500000000001,prior_predictive,reference,log_likelihood,43.500160391359294
evaluation-prior_predictive-099,0.2294921875,prior_predictive,prior,r,3.329853800968807
evaluation-prior_predictive-099,0.142578125,prior_predictive,prior,b,0.857209334279483
evaluation-prior_predictive-099,0.578125,prior_predictive,prior,g,0.4327025837979397
evaluation-prior_predictive-099,1.0,prior_predictive,prior,log_likelihood,47.652430876637084
evaluation-prior_predictive-099,0.9229454216848711,prior_predictive,published,r,3.329853800968807
evaluation-prior_predictive-099,0.31106580001222883,prior_predictive,published,b,0.857209334279483
evaluation-prior_predictive-099,0.3597480904779165,prior_predictive,published,g,0.4327025837979397
evaluation-prior_predictive-099,0.12433275873281663,prior_predictive,published,log_likelihood,47.652430876637084
evaluation-prior_predictive-099,0.9255076760260306,prior_predictive,higher_compute,r,3.329853800968807
evaluation-prior_predictive-099,0.3158763186362413,prior_predictive,higher_compute,b,0.857209334279483
evaluation-prior_predictive-099,0.35315115496514815,prior_predictive,higher_compute,g,0.4327025837979397
evaluation-prior_predictive-099,0.1279570732388572,prior_predictive,higher_compute,log_likelihood,47.652430876637084
evaluation-prior_predictive-099,0.9280000000000004,prior_predictive,reference,r,3.329853800968807
evaluation-prior_predictive-099,0.3115625000000001,prior_predictive,reference,b,0.857209334279483
evaluation-prior_predictive-099,0.3408125000000001,prior_predictive,reference,g,0.4327025837979397
evaluation-prior_predictive-099,0.12812500000000004,prior_predictive,reference,log_likelihood,47.652430876637084
evaluation-prior_predictive-100,0.056640625,prior_predictive,prior,r,2.263329515267558
evaluation-prior_predictive-100,0.1474609375,prior_predictive,prior,b,0.9044719477291947
evaluation-prior_predictive-100,0.7431640625,prior_predictive,prior,g,0.5762400404338205
evaluation-prior_predictive-100,1.0,prior_predictive,prior,log_likelihood,78.63581826513997
evaluation-prior_predictive-100,0.7348605940494437,prior_predictive,published,r,2.263329515267558
evaluation-prior_predictive-100,0.23149547697956407,prior_predictive,published,b,0.9044719477291947
evaluation-prior_predictive-100,0.22377150091071096,prior_predictive,published,g,0.5762400404338205
evaluation-prior_predictive-100,0.7236260483461161,prior_predictive,published,log_likelihood,78.63581826513997
evaluation-prior_predictive-100,0.7319595129025177,prior_predictive,higher_compute,r,2.263329515267558
evaluation-prior_predictive-100,0.2920257845465873,prior_predictive,higher_compute,b,0.9044719477291947
evaluation-prior_predictive-100,0.18740749651757663,prior_predictive,higher_compute,g,0.5762400404338205
evaluation-prior_predictive-100,0.71528999849305,prior_predictive,higher_compute,log_likelihood,78.63581826513997
evaluation-prior_predictive-100,0.7243750000000002,prior_predictive,reference,r,2.263329515267558
evaluation-prior_predictive-100,0.27037500000000003,prior_predictive,reference,b,0.9044719477291947
evaluation-prior_predictive-100,0.20425000000000007,prior_predictive,reference,g,0.5762400404338205
evaluation-prior_predictive-100,0.7148125000000002,prior_predictive,reference,log_likelihood,78.63581826513997
evaluation-prior_predictive-101,0.09375,prior_predictive,prior,r,2.617784984265951
evaluation-prior_predictive-101,0.94140625,prior_predictive,prior,b,2.8846278855499943
evaluation-prior_predictive-101,0.123046875,prior_predictive,prior,g,0.10518713509564002
evaluation-prior_predictive-101,1.0,prior_predictive,prior,log_likelihood,70.11628332269555
evaluation-prior_predictive-101,0.090322829947901,prior_predictive,published,r,2.617784984265951
evaluation-prior_predictive-101,0.8969631835100137,prior_predictive,published,b,2.8846278855499943
evaluation-prior_predictive-101,0.5149283810655119,prior_predictive,published,g,0.10518713509564002
evaluation-prior_predictive-101,0.25781904654866833,prior_predictive,published,log_likelihood,70.11628332269555
evaluation-prior_predictive-101,0.0968104720814306,prior_predictive,higher_compute,r,2.617784984265951
evaluation-prior_predictive-101,0.8976579525742634,prior_predictive,higher_compute,b,2.8846278855499943
evaluation-prior_predictive-101,0.5075546636876525,prior_predictive,higher_compute,g,0.10518713509564002
evaluation-prior_predictive-101,0.24002838370725973,prior_predictive,higher_compute,log_likelihood,70.11628332269555
evaluation-prior_predictive-101,0.09268750000000003,prior_predictive,reference,r,2.617784984265951
evaluation-prior_predictive-101,0.9129375000000004,prior_predictive,reference,b,2.8846278855499943
evaluation-prior_predictive-101,0.5080625000000002,prior_predictive,reference,g,0.10518713509564002
evaluation-prior_predictive-101,0.2299375000000001,prior_predictive,reference,log_likelihood,70.11628332269555
evaluation-prior_predictive-102,0.412109375,prior_predictive,prior,r,4.594143220335394
evaluation-prior_predictive-102,0.4208984375,prior_predictive,prior,b,1.5511865042960975
evaluation-prior_predictive-102,0.43359375,prior_predictive,prior,g,0.34691862450569205
evaluation-prior_predictive-102,1.0,prior_predictive,prior,log_likelihood,56.409606569622454
evaluation-prior_predictive-102,0.7718800740950755,prior_predictive,published,r,4.594143220335394
evaluation-prior_predictive-102,0.393651528154827,prior_predictive,published,b,1.5511865042960975
evaluation-prior_predictive-102,0.26892794731439323,prior_predictive,published,g,0.34691862450569205
evaluation-prior_predictive-102,0.7178647909245011,prior_predictive,published,log_likelihood,56.409606569622454
evaluation-prior_predictive-102,0.8029359966244964,prior_predictive,higher_compute,r,4.594143220335394
evaluation-prior_predictive-102,0.37260235734519,prior_predictive,higher_compute,b,1.5511865042960975
evaluation-prior_predictive-102,0.2498146061530904,prior_predictive,higher_compute,g,0.34691862450569205
evaluation-prior_predictive-102,0.7059041815713885,prior_predictive,higher_compute,log_likelihood,56.409606569622454
evaluation-prior_predictive-102,0.8142500000000003,prior_predictive,reference,r,4.594143220335394
evaluation-prior_predictive-102,0.3595625000000001,prior_predictive,reference,b,1.5511865042960975
evaluation-prior_predictive-102,0.2541875000000001,prior_predictive,reference,g,0.34691862450569205
evaluation-prior_predictive-102,0.6764375000000001,prior_predictive,reference,log_likelihood,56.409606569622454
evaluation-prior_predictive-103,0.75,prior_predictive,prior,r,6.51338652422337
evaluation-prior_predictive-103,0.2021484375,prior_predictive,prior,b,0.9855197495965624
evaluation-prior_predictive-103,0.416015625,prior_predictive,prior,g,0.3206676820352877
evaluation-prior_predictive-103,1.0,prior_predictive,prior,log_likelihood,57.72946046835363
evaluation-prior_predictive-103,0.04139855796590491,prior_predictive,published,r,6.51338652422337
evaluation-prior_predictive-103,0.9046900289639521,prior_predictive,published,b,0.9855197495965624
evaluation-prior_predictive-103,0.6517298253925509,prior_predictive,published,g,0.3206676820352877
evaluation-prior_predictive-103,0.3618071309735168,prior_predictive,published,log_likelihood,57.72946046835363
evaluation-prior_predictive-103,0.039125451084879706,prior_predictive,higher_compute,r,6.51338652422337
evaluation-prior_predictive-103,0.8966710384478256,prior_predictive,higher_compute,b,0.9855197495965624
evaluation-prior_predictive-103,0.6486615225659758,prior_predictive,higher_compute,g,0.3206676820352877
evaluation-prior_predictive-103,0.3758930883833692,prior_predictive,higher_compute,log_likelihood,57.72946046835363
evaluation-prior_predictive-103,0.04350000000000001,prior_predictive,reference,r,6.51338652422337
evaluation-prior_predictive-103,0.9101875000000004,prior_predictive,reference,b,0.9855197495965624
evaluation-prior_predictive-103,0.6168750000000001,prior_predictive,reference,g,0.3206676820352877
evaluation-prior_predictive-103,0.3426875000000001,prior_predictive,reference,log_likelihood,57.72946046835363
evaluation-prior_predictive-104,0.525390625,prior_predictive,prior,r,5.126470518200018
evaluation-prior_predictive-104,0.3681640625,prior_predictive,prior,b,1.394705462671781
evaluation-prior_predictive-104,0.62890625,prior_predictive,prior,g,0.49622478014073845
evaluation-prior_predictive-104,1.0,prior_predictive,prior,log_likelihood,58.058117680495656
evaluation-prior_predictive-104,0.9436857659519039,prior_predictive,published,r,5.126470518200018
evaluation-prior_predictive-104,0.1721103800266231,prior_predictive,published,b,1.394705462671781
evaluation-prior_predictive-104,0.3734498543723068,prior_predictive,published,g,0.49622478014073845
evaluation-prior_predictive-104,0.31229918551122443,prior_predictive,published,log_likelihood,58.058117680495656
evaluation-prior_predictive-104,0.9289166222724257,prior_predictive,higher_compute,r,5.126470518200018
evaluation-prior_predictive-104,0.19473211856146394,prior_predictive,higher_compute,b,1.394705462671781
evaluation-prior_predictive-104,0.3696450101970721,prior_predictive,higher_compute,g,0.49622478014073845
evaluation-prior_predictive-104,0.3308991919975588,prior_predictive,higher_compute,log_likelihood,58.058117680495656
evaluation-prior_predictive-104,0.9324375000000004,prior_predictive,reference,r,5.126470518200018
evaluation-prior_predictive-104,0.19600000000000006,prior_predictive,reference,b,1.394705462671781
evaluation-prior_predictive-104,0.3791875000000001,prior_predictive,reference,g,0.49622478014073845
evaluation-prior_predictive-104,0.3416875000000001,prior_predictive,reference,log_likelihood,58.058117680495656
evaluation-prior_predictive-105,0.9287109375,prior_predictive,prior,r,7.544875773310484
evaluation-prior_predictive-105,0.22265625,prior_predictive,prior,b,1.0153947245958426
evaluation-prior_predictive-105,0.5537109375,prior_predictive,prior,g,0.45540512787747994
evaluation-prior_predictive-105,0.998046875,prior_predictive,prior,log_likelihood,52.22484107277019
evaluation-prior_predictive-105,0.779770373837962,prior_predictive,published,r,7.544875773310484
evaluation-prior_predictive-105,0.4914739247654094,prior_predictive,published,b,1.0153947245958426
evaluation-prior_predictive-105,0.26098840347653884,prior_predictive,published,g,0.45540512787747994
evaluation-prior_predictive-105,0.493335526843123,prior_predictive,published,log_likelihood,52.22484107277019
evaluation-prior_predictive-105,0.7982450759474782,prior_predictive,higher_compute,r,7.544875773310484
evaluation-prior_predictive-105,0.44333048506634387,prior_predictive,higher_compute,b,1.0153947245958426
evaluation-prior_predictive-105,0.2352894018231208,prior_predictive,higher_compute,g,0.45540512787747994
evaluation-prior_predictive-105,0.48146868826475403,prior_predictive,higher_compute,log_likelihood,52.22484107277019
evaluation-prior_predictive-105,0.8151250000000003,prior_predictive,reference,r,7.544875773310484
evaluation-prior_predictive-105,0.44862500000000016,prior_predictive,reference,b,1.0153947245958426
evaluation-prior_predictive-105,0.21450000000000008,prior_predictive,reference,g,0.45540512787747994
evaluation-prior_predictive-105,0.4581875000000002,prior_predictive,reference,log_likelihood,52.22484107277019
evaluation-prior_predictive-106,0.2099609375,prior_predictive,prior,r,3.358284646223899
evaluation-prior_predictive-106,0.3134765625,prior_predictive,prior,b,1.2518753452892644
evaluation-prior_predictive-106,0.3974609375,prior_predictive,prior,g,0.32042342846431027
evaluation-prior_predictive-106,1.0,prior_predictive,prior,log_likelihood,38.85261977882086
evaluation-prior_predictive-106,0.7390501161366856,prior_predictive,published,r,3.358284646223899
evaluation-prior_predictive-106,0.2897111984642661,prior_predictive,published,b,1.2518753452892644
evaluation-prior_predictive-106,0.500451266196856,prior_predictive,published,g,0.32042342846431027
evaluation-prior_predictive-106,0.7774736032795655,prior_predictive,published,log_likelihood,38.85261977882086
evaluation-prior_predictive-106,0.7332307429648766,prior_predictive,higher_compute,r,3.358284646223899
evaluation-prior_predictive-106,0.29919660664852843,prior_predictive,higher_compute,b,1.2518753452892644
evaluation-prior_predictive-106,0.4652307699901567,prior_predictive,higher_compute,g,0.32042342846431027
evaluation-prior_predictive-106,0.7596208633752137,prior_predictive,higher_compute,log_likelihood,38.85261977882086
evaluation-prior_predictive-106,0.7283125000000001,prior_predictive,reference,r,3.358284646223899
evaluation-prior_predictive-106,0.30118750000000005,prior_predictive,reference,b,1.2518753452892644
evaluation-prior_predictive-106,0.4723750000000002,prior_predictive,reference,g,0.32042342846431027
evaluation-prior_predictive-106,0.7503125000000002,prior_predictive,reference,log_likelihood,38.85261977882086
evaluation-prior_predictive-107,0.2587890625,prior_predictive,prior,r,3.6879377939172397
evaluation-prior_predictive-107,0.53125,prior_predictive,prior,b,1.8847574652522445
evaluation-prior_predictive-107,0.0673828125,prior_predictive,prior,g,0.047295351228625916
evaluation-prior_predictive-107,1.0,prior_predictive,prior,log_likelihood,55.98866029678531
evaluation-prior_predictive-107,0.12306197665389867,prior_predictive,published,r,3.6879377939172397
evaluation-prior_predictive-107,0.3945619100422525,prior_predictive,published,b,1.8847574652522445
evaluation-prior_predictive-107,0.8394364909479844,prior_predictive,published,g,0.047295351228625916
evaluation-prior_predictive-107,0.12942091933923544,prior_predictive,published,log_likelihood,55.98866029678531
evaluation-prior_predictive-107,0.13771054337874408,prior_predictive,higher_compute,r,3.6879377939172397
evaluation-prior_predictive-107,0.3875918339900078,prior_predictive,higher_compute,b,1.8847574652522445
evaluation-prior_predictive-107,0.8447630282560713,prior_predictive,higher_compute,g,0.047295351228625916
evaluation-prior_predictive-107,0.11999692584945928,prior_predictive,higher_compute,log_likelihood,55.98866029678531
evaluation-prior_predictive-107,0.12556250000000005,prior_predictive,reference,r,3.6879377939172397
evaluation-prior_predictive-107,0.3575625000000001,prior_predictive,reference,b,1.8847574652522445
evaluation-prior_predictive-107,0.8393125000000003,prior_predictive,reference,g,0.047295351228625916
evaluation-prior_predictive-107,0.11250000000000004,prior_predictive,reference,log_likelihood,55.98866029678531
evaluation-prior_predictive-108,0.216796875,prior_predictive,prior,r,3.2281035479510236
evaluation-prior_predictive-108,0.0087890625,prior_predictive,prior,b,0.5278045977931701
evaluation-prior_predictive-108,0.2587890625,prior_predictive,prior,g,0.19574573375897028
evaluation-prior_predictive-108,1.0,prior_predictive,prior,log_likelihood,51.329912937019884
evaluation-prior_predictive-108,0.5928700133370648,prior_predictive,published,r,3.2281035479510236
evaluation-prior_predictive-108,0.48210527393822394,prior_predictive,published,b,0.5278045977931701
evaluation-prior_predictive-108,0.6518604846164564,prior_predictive,published,g,0.19574573375897028
evaluation-prior_predictive-108,0.6294207320076606,prior_predictive,published,log_likelihood,51.329912937019884
evaluation-prior_predictive-108,0.6414085190216391,prior_predictive,higher_compute,r,3.2281035479510236
evaluation-prior_predictive-108,0.48139215554862336,prior_predictive,higher_compute,b,0.5278045977931701
evaluation-prior_predictive-108,0.6548299582176411,prior_predictive,higher_compute,g,0.19574573375897028
evaluation-prior_predictive-108,0.59771432791952,prior_predictive,higher_compute,log_likelihood,51.329912937019884
evaluation-prior_predictive-108,0.62975,prior_predictive,reference,r,3.2281035479510236
evaluation-prior_predictive-108,0.45225000000000015,prior_predictive,reference,b,0.5278045977931701
evaluation-prior_predictive-108,0.6523125000000001,prior_predictive,reference,g,0.19574573375897028
evaluation-prior_predictive-108,0.6279375,prior_predictive,reference,log_likelihood,51.329912937019884
evaluation-prior_predictive-109,0.6376953125,prior_predictive,prior,r,5.922515943045067
evaluation-prior_predictive-109,0.8349609375,prior_predictive,prior,b,2.5969455485727964
evaluation-prior_predictive-109,0.0546875,prior_predictive,prior,g,0.042643881819300504
evaluation-prior_predictive-109,1.0,prior_predictive,prior,log_likelihood,60.82289899395575
evaluation-prior_predictive-109,0.7944274911649654,prior_predictive,published,r,5.922515943045067
evaluation-prior_predictive-109,0.35253402307129594,prior_predictive,published,b,2.5969455485727964
evaluation-prior_predictive-109,0.2742238077494653,prior_predictive,published,g,0.042643881819300504
evaluation-prior_predictive-109,0.9101892024225333,prior_predictive,published,log_likelihood,60.82289899395575
evaluation-prior_predictive-109,0.7915214412800052,prior_predictive,higher_compute,r,5.922515943045067
evaluation-prior_predictive-109,0.3250604126767632,prior_predictive,higher_compute,b,2.5969455485727964
evaluation-prior_predictive-109,0.28823389630926977,prior_predictive,higher_compute,g,0.042643881819300504
evaluation-prior_predictive-109,0.9125725828092011,prior_predictive,higher_compute,log_likelihood,60.82289899395575
evaluation-prior_predictive-109,0.7941875000000003,prior_predictive,reference,r,5.922515943045067
evaluation-prior_predictive-109,0.3288750000000001,prior_predictive,reference,b,2.5969455485727964
evaluation-prior_predictive-109,0.289125,prior_predictive,reference,g,0.042643881819300504
evaluation-prior_predictive-109,0.9138125000000004,prior_predictive,reference,log_likelihood,60.82289899395575
evaluation-prior_predictive-110,0.431640625,prior_predictive,prior,r,4.569945896365602
evaluation-prior_predictive-110,0.75,prior_predictive,prior,b,2.448739992070948
evaluation-prior_predictive-110,0.0068359375,prior_predictive,prior,g,0.004318491300114591
evaluation-prior_predictive-110,1.0,prior_predictive,prior,log_likelihood,56.43209200438126
evaluation-prior_predictive-110,0.9847226338472637,prior_predictive,published,r,4.569945896365602
evaluation-prior_predictive-110,0.517146294070486,prior_predictive,published,b,2.448739992070948
evaluation-prior_predictive-110,0.07253177088938795,prior_predictive,published,g,0.004318491300114591
evaluation-prior_predictive-110,0.029362496659619052,prior_predictive,published,log_likelihood,56.43209200438126
evaluation-prior_predictive-110,0.9844431636546892,prior_predictive,higher_compute,r,4.569945896365602
evaluation-prior_predictive-110,0.48394694140602845,prior_predictive,higher_compute,b,2.448739992070948
evaluation-prior_predictive-110,0.07640273427423103,prior_predictive,higher_compute,g,0.004318491300114591
evaluation-prior_predictive-110,0.021942120040148165,prior_predictive,higher_compute,log_likelihood,56.43209200438126
evaluation-prior_predictive-110,0.9818125000000004,prior_predictive,reference,r,4.569945896365602
evaluation-prior_predictive-110,0.5058750000000003,prior_predictive,reference,b,2.448739992070948
evaluation-prior_predictive-110,0.07725000000000001,prior_predictive,reference,g,0.004318491300114591
evaluation-prior_predictive-110,0.021875000000000006,prior_predictive,reference,log_likelihood,56.43209200438126
evaluation-prior_predictive-111,0.890625,prior_predictive,prior,r,7.386737754397366
evaluation-prior_predictive-111,0.4296875,prior_predictive,prior,b,1.5858843640959501
evaluation-prior_predictive-111,0.068359375,prior_predictive,prior,g,0.06943158434972352
evaluation-prior_predictive-111,1.0,prior_predictive,prior,log_likelihood,39.64045871956
evaluation-prior_predictive-111,0.9721090667256664,prior_predictive,published,r,7.386737754397366
evaluation-prior_predictive-111,0.06781095791091746,prior_predictive,published,b,1.5858843640959501
evaluation-prior_predictive-111,0.2815582475592239,prior_predictive,published,g,0.06943158434972352
evaluation-prior_predictive-111,0.11773779510863502,prior_predictive,published,log_likelihood,39.64045871956
evaluation-prior_predictive-111,0.976076915847971,prior_predictive,higher_compute,r,7.386737754397366
evaluation-prior_predictive-111,0.05140661332783363,prior_predictive,higher_compute,b,1.5858843640959501
evaluation-prior_predictive-111,0.3187046171072273,prior_predictive,higher_compute,g,0.06943158434972352
evaluation-prior_predictive-111,0.12346323935128548,prior_predictive,higher_compute,log_likelihood,39.64045871956
evaluation-prior_predictive-111,0.9748750000000004,prior_predictive,reference,r,7.386737754397366
evaluation-prior_predictive-111,0.05475000000000002,prior_predictive,reference,b,1.5858843640959501
evaluation-prior_predictive-111,0.31543750000000004,prior_predictive,reference,g,0.06943158434972352
evaluation-prior_predictive-111,0.12743750000000004,prior_predictive,reference,log_likelihood,39.64045871956
evaluation-prior_predictive-112,0.3154296875,prior_predictive,prior,r,3.9657695898626013
evaluation-prior_predictive-112,0.5810546875,prior_predictive,prior,b,1.936089007858232
evaluation-prior_predictive-112,0.501953125,prior_predictive,prior,g,0.4180294151457171
evaluation-prior_predictive-112,1.0,prior_predictive,prior,log_likelihood,68.11417892832915
evaluation-prior_predictive-112,0.5376480633266978,prior_predictive,published,r,3.9657695898626013
evaluation-prior_predictive-112,0.8134949211409563,prior_predictive,published,b,1.936089007858232
evaluation-prior_predictive-112,0.2125617227436515,prior_predictive,published,g,0.4180294151457171
evaluation-prior_predictive-112,0.8564579425528894,prior_predictive,published,log_likelihood,68.11417892832915
evaluation-prior_predictive-112,0.5327721997882743,prior_predictive,higher_compute,r,3.9657695898626013
evaluation-prior_predictive-112,0.8265323088681038,prior_predictive,higher_compute,b,1.936089007858232
evaluation-prior_predictive-112,0.21007052790176206,prior_predictive,higher_compute,g,0.4180294151457171
evaluation-prior_predictive-112,0.8716938215682664,prior_predictive,higher_compute,log_likelihood,68.11417892832915
evaluation-prior_predictive-112,0.550875,prior_predictive,reference,r,3.9657695898626013
evaluation-prior_predictive-112,0.8159375000000002,prior_predictive,reference,b,1.936089007858232
evaluation-prior_predictive-112,0.22181250000000008,prior_predictive,reference,g,0.4180294151457171
evaluation-prior_predictive-112,0.8691875000000003,prior_predictive,reference,log_likelihood,68.11417892832915
evaluation-prior_predictive-113,0.9912109375,prior_predictive,prior,r,7.90432315785446
evaluation-prior_predictive-113,0.9375,prior_predictive,prior,b,2.825731952391055
evaluation-prior_predictive-113,0.3427734375,prior_predictive,prior,g,0.2791039561652077
evaluation-prior_predictive-113,1.0,prior_predictive,prior,log_likelihood,37.625840712472446
evaluation-prior_predictive-113,0.9269000826026477,prior_predictive,published,r,7.90432315785446
evaluation-prior_predictive-113,0.3055709874948336,prior_predictive,published,b,2.825731952391055
evaluation-prior_predictive-113,0.20194703416098425,prior_predictive,published,g,0.2791039561652077
evaluation-prior_predictive-113,0.40052809608172735,prior_predictive,published,log_likelihood,37.625840712472446
evaluation-prior_predictive-113,0.944954794926815,prior_predictive,higher_compute,r,7.90432315785446
evaluation-prior_predictive-113,0.3210206797658043,prior_predictive,higher_compute,b,2.825731952391055
evaluation-prior_predictive-113,0.16111795369209458,prior_predictive,higher_compute,g,0.2791039561652077
evaluation-prior_predictive-113,0.42225272958025006,prior_predictive,higher_compute,log_likelihood,37.625840712472446
evaluation-prior_predictive-113,0.9431875000000004,prior_predictive,reference,r,7.90432315785446
evaluation-prior_predictive-113,0.33262500000000006,prior_predictive,reference,b,2.825731952391055
evaluation-prior_predictive-113,0.17012500000000003,prior_predictive,reference,g,0.2791039561652077
evaluation-prior_predictive-113,0.42368750000000016,prior_predictive,reference,log_likelihood,37.625840712472446
evaluation-prior_predictive-114,0.80078125,prior_predictive,prior,r,6.9303975747614395
evaluation-prior_predictive-114,0.048828125,prior_predictive,prior,b,0.6177878130757339
evaluation-prior_predictive-114,0.0615234375,prior_predictive,prior,g,0.04901655932740763
evaluation-prior_predictive-114,1.0,prior_predictive,prior,log_likelihood,55.03621593446035
evaluation-prior_predictive-114,0.8255832787501672,prior_predictive,published,r,6.9303975747614395
evaluation-prior_predictive-114,0.12437404178384161,prior_predictive,published,b,0.6177878130757339
evaluation-prior_predictive-114,0.448600624744275,prior_predictive,published,g,0.04901655932740763
evaluation-prior_predictive-114,0.5737136594365435,prior_predictive,published,log_likelihood,55.03621593446035
evaluation-prior_predictive-114,0.8602255413139448,prior_predictive,higher_compute,r,6.9303975747614395
evaluation-prior_predictive-114,0.10548502140766873,prior_predictive,higher_compute,b,0.6177878130757339
evaluation-prior_predictive-114,0.4225926979856651,prior_predictive,higher_compute,g,0.04901655932740763
evaluation-prior_predictive-114,0.6057114874198454,prior_predictive,higher_compute,log_likelihood,55.03621593446035
evaluation-prior_predictive-114,0.8246875000000002,prior_predictive,reference,r,6.9303975747614395
evaluation-prior_predictive-114,0.12943750000000004,prior_predictive,reference,b,0.6177878130757339
evaluation-prior_predictive-114,0.4493750000000002,prior_predictive,reference,g,0.04901655932740763
evaluation-prior_predictive-114,0.5956875000000001,prior_predictive,reference,log_likelihood,55.03621593446035
evaluation-prior_predictive-115,0.806640625,prior_predictive,prior,r,6.9235043147463236
evaluation-prior_predictive-115,0.8642578125,prior_predictive,prior,b,2.66166709993917
evaluation-prior_predictive-115,0.9833984375,prior_predictive,prior,g,0.7897907433075677
evaluation-prior_predictive-115,0.9990234375,prior_predictive,prior,log_likelihood,44.60961554969833
evaluation-prior_predictive-115,0.6692457849167682,prior_predictive,published,r,6.9235043147463236
evaluation-prior_predictive-115,0.29157591036397895,prior_predictive,published,b,2.66166709993917
evaluation-prior_predictive-115,0.7820413918511387,prior_predictive,published,g,0.7897907433075677
evaluation-prior_predictive-115,0.6695206525513095,prior_predictive,published,log_likelihood,44.60961554969833
evaluation-prior_predictive-115,0.6642512958546516,prior_predictive,higher_compute,r,6.9235043147463236
evaluation-prior_predictive-115,0.2772076704385104,prior_predictive,higher_compute,b,2.66166709993917
evaluation-prior_predictive-115,0.7794975179021604,prior_predictive,higher_compute,g,0.7897907433075677
evaluation-prior_predictive-115,0.7040208548550739,prior_predictive,higher_compute,log_likelihood,44.60961554969833
evaluation-prior_predictive-115,0.6368750000000001,prior_predictive,reference,r,6.9235043147463236
evaluation-prior_predictive-115,0.296625,prior_predictive,reference,b,2.66166709993917
evaluation-prior_predictive-115,0.8219375000000002,prior_predictive,reference,g,0.7897907433075677
evaluation-prior_predictive-115,0.7181875000000002,prior_predictive,reference,log_likelihood,44.60961554969833
evaluation-prior_predictive-116,0.9384765625,prior_predictive,prior,r,7.668143088152789
evaluation-prior_predictive-116,0.7314453125,prior_predictive,prior,b,2.334557842561113
evaluation-prior_predictive-116,0.634765625,prior_predictive,prior,g,0.5080317841305528
evaluation-prior_predictive-116,1.0,prior_predictive,prior,log_likelihood,50.48908800881744
evaluation-prior_predictive-116,0.40634325700194757,prior_predictive,published,r,7.668143088152789
evaluation-prior_predictive-116,0.6282200374521925,prior_predictive,published,b,2.334557842561113
evaluation-prior_predictive-116,0.3230946456577829,prior_predictive,published,g,0.5080317841305528
evaluation-prior_predictive-116,0.9699181435395301,prior_predictive,published,log_likelihood,50.48908800881744
evaluation-prior_predictive-116,0.44240287091930885,prior_predictive,higher_compute,r,7.668143088152789
evaluation-prior_predictive-116,0.6263112037404833,prior_predictive,higher_compute,b,2.334557842561113
evaluation-prior_predictive-116,0.3105657711162404,prior_predictive,higher_compute,g,0.5080317841305528
evaluation-prior_predictive-116,0.9703182781539298,prior_predictive,higher_compute,log_likelihood,50.48908800881744
evaluation-prior_predictive-116,0.43950000000000017,prior_predictive,reference,r,7.668143088152789
evaluation-prior_predictive-116,0.64975,prior_predictive,reference,b,2.334557842561113
evaluation-prior_predictive-116,0.29537500000000005,prior_predictive,reference,g,0.5080317841305528
evaluation-prior_predictive-116,0.9708125000000004,prior_predictive,reference,log_likelihood,50.48908800881744
evaluation-prior_predictive-117,0.732421875,prior_predictive,prior,r,6.384732154095783
evaluation-prior_predictive-117,0.6328125,prior_predictive,prior,b,2.074813711921716
evaluation-prior_predictive-117,0.2783203125,prior_predictive,prior,g,0.24085081419229395
evaluation-prior_predictive-117,1.0,prior_predictive,prior,log_likelihood,50.39485187161137
evaluation-prior_predictive-117,0.11449464839561824,prior_predictive,published,r,6.384732154095783
evaluation-prior_predictive-117,0.8918805194999491,prior_predictive,published,b,2.074813711921716
evaluation-prior_predictive-117,0.7153627047185888,prior_predictive,published,g,0.24085081419229395
evaluation-prior_predictive-117,0.6741065521045815,prior_predictive,published,log_likelihood,50.39485187161137
evaluation-prior_predictive-117,0.12779369199973692,prior_predictive,higher_compute,r,6.384732154095783
evaluation-prior_predictive-117,0.8715388545554702,prior_predictive,higher_compute,b,2.074813711921716
evaluation-prior_predictive-117,0.6983347035963964,prior_predictive,higher_compute,g,0.24085081419229395
evaluation-prior_predictive-117,0.676979774815185,prior_predictive,higher_compute,log_likelihood,50.39485187161137
evaluation-prior_predictive-117,0.11806250000000004,prior_predictive,reference,r,6.384732154095783
evaluation-prior_predictive-117,0.8850000000000003,prior_predictive,reference,b,2.074813711921716
evaluation-prior_predictive-117,0.7246250000000002,prior_predictive,reference,g,0.24085081419229395
evaluation-prior_predictive-117,0.6489375000000002,prior_predictive,reference,log_likelihood,50.39485187161137
evaluation-prior_predictive-118,0.134765625,prior_predictive,prior,r,2.7453898541214157
evaluation-prior_predictive-118,0.255859375,prior_predictive,prior,b,1.1773011782122191
evaluation-prior_predictive-118,0.4228515625,prior_predictive,prior,g,0.3406410649859211
evaluation-prior_predictive-118,1.0,prior_predictive,prior,log_likelihood,64.06419569605058
evaluation-prior_predictive-118,0.6793117837328757,prior_predictive,published,r,2.7453898541214157
evaluation-prior_predictive-118,0.16088052695179783,prior_predictive,published,b,1.1773011782122191
evaluation-prior_predictive-118,0.6454867042271353,prior_predictive,published,g,0.3406410649859211
evaluation-prior_predictive-118,0.7414268940724349,prior_predictive,published,log_likelihood,64.06419569605058
evaluation-prior_predictive-118,0.6879321734343206,prior_predictive,higher_compute,r,2.7453898541214157
evaluation-prior_predictive-118,0.16630269302796305,prior_predictive,higher_compute,b,1.1773011782122191
evaluation-prior_predictive-118,0.6519694058877745,prior_predictive,higher_compute,g,0.3406410649859211
evaluation-prior_predictive-118,0.7460805497488748,prior_predictive,higher_compute,log_likelihood,64.06419569605058
evaluation-prior_predictive-118,0.6877500000000001,prior_predictive,reference,r,2.7453898541214157
evaluation-prior_predictive-118,0.14587500000000003,prior_predictive,reference,b,1.1773011782122191
evaluation-prior_predictive-118,0.6700000000000002,prior_predictive,reference,g,0.3406410649859211
evaluation-prior_predictive-118,0.7563750000000002,prior_predictive,reference,log_likelihood,64.06419569605058
evaluation-prior_predictive-119,0.6669921875,prior_predictive,prior,r,6.019457306018085
evaluation-prior_predictive-119,0.6708984375,prior_predictive,prior,b,2.168775106478
evaluation-prior_predictive-119,0.2626953125,prior_predictive,prior,g,0.2097348157283488
evaluation-prior_predictive-119,1.0,prior_predictive,prior,log_likelihood,58.594569101995496
evaluation-prior_predictive-119,0.6429472893288857,prior_predictive,published,r,6.019457306018085
evaluation-prior_predictive-119,0.5066190093988359,prior_predictive,published,b,2.168775106478
evaluation-prior_predictive-119,0.17757320582022496,prior_predictive,published,g,0.2097348157283488
evaluation-prior_predictive-119,0.7741081836860055,prior_predictive,published,log_likelihood,58.594569101995496
evaluation-prior_predictive-119,0.6444265120926356,prior_predictive,higher_compute,r,6.019457306018085
evaluation-prior_predictive-119,0.4971969359205982,prior_predictive,higher_compute,b,2.168775106478
evaluation-prior_predictive-119,0.1805341330262873,prior_predictive,higher_compute,g,0.2097348157283488
evaluation-prior_predictive-119,0.7573088390980582,prior_predictive,higher_compute,log_likelihood,58.594569101995496
evaluation-prior_predictive-119,0.6414375000000001,prior_predictive,reference,r,6.019457306018085
evaluation-prior_predictive-119,0.5076875000000003,prior_predictive,reference,b,2.168775106478
evaluation-prior_predictive-119,0.16068750000000004,prior_predictive,reference,g,0.2097348157283488
evaluation-prior_predictive-119,0.7537500000000001,prior_predictive,reference,log_likelihood,58.594569101995496
evaluation-prior_predictive-120,0.0478515625,prior_predictive,prior,r,2.287208364493896
evaluation-prior_predictive-120,0.3935546875,prior_predictive,prior,b,1.5374360197939683
evaluation-prior_predictive-120,0.79296875,prior_predictive,prior,g,0.6495132552179042
evaluation-prior_predictive-120,1.0,prior_predictive,prior,log_likelihood,79.7459490866421
evaluation-prior_predictive-120,0.24655031833218516,prior_predictive,published,r,2.287208364493896
evaluation-prior_predictive-120,0.66365143458866,prior_predictive,published,b,1.5374360197939683
evaluation-prior_predictive-120,0.7639681159632729,prior_predictive,published,g,0.6495132552179042
evaluation-prior_predictive-120,0.934271118566737,prior_predictive,published,log_likelihood,79.7459490866421
evaluation-prior_predictive-120,0.24083310080612536,prior_predictive,higher_compute,r,2.287208364493896
evaluation-prior_predictive-120,0.6176328625000218,prior_predictive,higher_compute,b,1.5374360197939683
evaluation-prior_predictive-120,0.7651879255160234,prior_predictive,higher_compute,g,0.6495132552179042
evaluation-prior_predictive-120,0.9513346458847775,prior_predictive,higher_compute,log_likelihood,79.7459490866421
evaluation-prior_predictive-120,0.2404375000000001,prior_predictive,reference,r,2.287208364493896
evaluation-prior_predictive-120,0.6242500000000001,prior_predictive,reference,b,1.5374360197939683
evaluation-prior_predictive-120,0.7511875000000002,prior_predictive,reference,g,0.6495132552179042
evaluation-prior_predictive-120,0.9514375000000004,prior_predictive,reference,log_likelihood,79.7459490866421
evaluation-prior_predictive-121,0.7861328125,prior_predictive,prior,r,6.830147371245107
evaluation-prior_predictive-121,0.828125,prior_predictive,prior,b,2.5840278982728195
evaluation-prior_predictive-121,0.2822265625,prior_predictive,prior,g,0.25146200756501885
evaluation-prior_predictive-121,1.0,prior_predictive,prior,log_likelihood,49.90125714495685
evaluation-prior_predictive-121,0.758506458737805,prior_predictive,published,r,6.830147371245107
evaluation-prior_predictive-121,0.37213510770526204,prior_predictive,published,b,2.5840278982728195
evaluation-prior_predictive-121,0.15912035037297925,prior_predictive,published,g,0.25146200756501885
evaluation-prior_predictive-121,0.6040161575755044,prior_predictive,published,log_likelihood,49.90125714495685
evaluation-prior_predictive-121,0.7376977647198883,prior_predictive,higher_compute,r,6.830147371245107
evaluation-prior_predictive-121,0.38580188815645633,prior_predictive,higher_compute,b,2.5840278982728195
evaluation-prior_predictive-121,0.16229320344153264,prior_predictive,higher_compute,g,0.25146200756501885
evaluation-prior_predictive-121,0.6073238085641948,prior_predictive,higher_compute,log_likelihood,49.90125714495685
evaluation-prior_predictive-121,0.7331250000000002,prior_predictive,reference,r,6.830147371245107
evaluation-prior_predictive-121,0.40581250000000013,prior_predictive,reference,b,2.5840278982728195
evaluation-prior_predictive-121,0.15768750000000004,prior_predictive,reference,g,0.25146200756501885
evaluation-prior_predictive-121,0.6088125000000001,prior_predictive,reference,log_likelihood,49.90125714495685
evaluation-prior_predictive-122,0.462890625,prior_predictive,prior,r,4.604191560989928
evaluation-prior_predictive-122,0.568359375,prior_predictive,prior,b,1.936864591559151
evaluation-prior_predictive-122,0.4619140625,prior_predictive,prior,g,0.36807812013688407
evaluation-prior_predictive-122,1.0,prior_predictive,prior,log_likelihood,70.76204217844989
evaluation-prior_predictive-122,0.2575298591075774,prior_predictive,published,r,4.604191560989928
evaluation-prior_predictive-122,0.9111229484491989,prior_predictive,published,b,1.936864591559151
evaluation-prior_predictive-122,0.8541459360966654,prior_predictive,published,g,0.36807812013688407
evaluation-prior_predictive-122,0.2611597320129172,prior_predictive,published,log_likelihood,70.76204217844989
evaluation-prior_predictive-122,0.2695019578372144,prior_predictive,higher_compute,r,4.604191560989928
evaluation-prior_predictive-122,0.8800396014149243,prior_predictive,higher_compute,b,1.936864591559151
evaluation-prior_predictive-122,0.8795892304244315,prior_predictive,higher_compute,g,0.36807812013688407
evaluation-prior_predictive-122,0.2762192297882059,prior_predictive,higher_compute,log_likelihood,70.76204217844989
evaluation-prior_predictive-122,0.2610000000000001,prior_predictive,reference,r,4.604191560989928
evaluation-prior_predictive-122,0.8917500000000003,prior_predictive,reference,b,1.936864591559151
evaluation-prior_predictive-122,0.8710000000000003,prior_predictive,reference,g,0.36807812013688407
evaluation-prior_predictive-122,0.272625,prior_predictive,reference,log_likelihood,70.76204217844989
evaluation-prior_predictive-123,0.310546875,prior_predictive,prior,r,3.923966631364138
evaluation-prior_predictive-123,0.53125,prior_predictive,prior,b,1.79218169097937
evaluation-prior_predictive-123,0.6669921875,prior_predictive,prior,g,0.5392222041389885
evaluation-prior_predictive-123,1.0,prior_predictive,prior,log_likelihood,55.779947480456215
evaluation-prior_predictive-123,0.37400621171959836,prior_predictive,published,r,3.923966631364138
evaluation-prior_predictive-123,0.5980014373688761,prior_predictive,published,b,1.79218169097937
evaluation-prior_predictive-123,0.6586442037722575,prior_predictive,published,g,0.5392222041389885
evaluation-prior_predictive-123,0.9886549883717967,prior_predictive,published,log_likelihood,55.779947480456215
evaluation-prior_predictive-123,0.35250486528232405,prior_predictive,higher_compute,r,3.923966631364138
evaluation-prior_predictive-123,0.622602717870016,prior_predictive,higher_compute,b,1.79218169097937
evaluation-prior_predictive-123,0.6699822439739219,prior_predictive,higher_compute,g,0.5392222041389885
evaluation-prior_predictive-123,0.9833617051709223,prior_predictive,higher_compute,log_likelihood,55.779947480456215
evaluation-prior_predictive-123,0.3526875000000001,prior_predictive,reference,r,3.923966631364138
evaluation-prior_predictive-123,0.6275625,prior_predictive,reference,b,1.79218169097937
evaluation-prior_predictive-123,0.6453750000000001,prior_predictive,reference,g,0.5392222041389885
evaluation-prior_predictive-123,0.9870625000000004,prior_predictive,reference,log_likelihood,55.779947480456215
evaluation-prior_predictive-124,0.6826171875,prior_predictive,prior,r,5.96950325253431
evaluation-prior_predictive-124,0.876953125,prior_predictive,prior,b,2.670139644420104
evaluation-prior_predictive-124,0.18359375,prior_predictive,prior,g,0.15518440710261938
evaluation-prior_predictive-124,0.9990234375,prior_predictive,prior,log_likelihood,65.53388210796066
evaluation-prior_predictive-124,0.5426511863387675,prior_predictive,published,r,5.96950325253431
evaluation-prior_predictive-124,0.849878761638864,prior_predictive,published,b,2.670139644420104
evaluation-prior_predictive-124,0.13802198577994296,prior_predictive,published,g,0.15518440710261938
evaluation-prior_predictive-124,0.418668845822081,prior_predictive,published,log_likelihood,65.53388210796066
evaluation-prior_predictive-124,0.5226569099543068,prior_predictive,higher_compute,r,5.96950325253431
evaluation-prior_predictive-124,0.8587882240270808,prior_predictive,higher_compute,b,2.670139644420104
evaluation-prior_predictive-124,0.14773177144981836,prior_predictive,higher_compute,g,0.15518440710261938
evaluation-prior_predictive-124,0.44251415190941956,prior_predictive,higher_compute,log_likelihood,65.53388210796066
evaluation-prior_predictive-124,0.5091875000000002,prior_predictive,reference,r,5.96950325253431
evaluation-prior_predictive-124,0.8600000000000003,prior_predictive,reference,b,2.670139644420104
evaluation-prior_predictive-124,0.143625,prior_predictive,reference,g,0.15518440710261938
evaluation-prior_predictive-124,0.42787500000000017,prior_predictive,reference,log_likelihood,65.53388210796066
evaluation-prior_predictive-125,0.5830078125,prior_predictive,prior,r,5.463370143501827
evaluation-prior_predictive-125,0.7314453125,prior_predictive,prior,b,2.405877389345247
evaluation-prior_predictive-125,0.3359375,prior_predictive,prior,g,0.2695285451397725
evaluation-prior_predictive-125,1.0,prior_predictive,prior,log_likelihood,57.90515036684289
evaluation-prior_predictive-125,0.15949535115090976,prior_predictive,published,r,5.463370143501827
evaluation-prior_predictive-125,0.6966668884472339,prior_predictive,published,b,2.405877389345247
evaluation-prior_predictive-125,0.7238228300424286,prior_predictive,published,g,0.2695285451397725
evaluation-prior_predictive-125,0.8712107197778184,prior_predictive,published,log_likelihood,57.90515036684289
evaluation-prior_predictive-125,0.1667699304421831,prior_predictive,higher_compute,r,5.463370143501827
evaluation-prior_predictive-125,0.6915296860201271,prior_predictive,higher_compute,b,2.405877389345247
evaluation-prior_predictive-125,0.7818260439343299,prior_predictive,higher_compute,g,0.2695285451397725
evaluation-prior_predictive-125,0.8498920719292546,prior_predictive,higher_compute,log_likelihood,57.90515036684289
evaluation-prior_predictive-125,0.15406250000000002,prior_predictive,reference,r,5.463370143501827
evaluation-prior_predictive-125,0.7051250000000002,prior_predictive,reference,b,2.405877389345247
evaluation-prior_predictive-125,0.7891875000000003,prior_predictive,reference,g,0.2695285451397725
evaluation-prior_predictive-125,0.8405625000000003,prior_predictive,reference,log_likelihood,57.90515036684289
evaluation-prior_predictive-126,0.5166015625,prior_predictive,prior,r,5.103658611374723
evaluation-prior_predictive-126,0.3701171875,prior_predictive,prior,b,1.3971611065061633
evaluation-prior_predictive-126,0.767578125,prior_predictive,prior,g,0.5984832916022412
evaluation-prior_predictive-126,1.0,prior_predictive,prior,log_likelihood,60.36820371337378
evaluation-prior_predictive-126,0.3338792650075275,prior_predictive,published,r,5.103658611374723
evaluation-prior_predictive-126,0.8621712373181774,prior_predictive,published,b,1.3971611065061633
evaluation-prior_predictive-126,0.20277899917021888,prior_predictive,published,g,0.5984832916022412
evaluation-prior_predictive-126,0.5209563173466949,prior_predictive,published,log_likelihood,60.36820371337378
evaluation-prior_predictive-126,0.3731257060031938,prior_predictive,higher_compute,r,5.103658611374723
evaluation-prior_predictive-126,0.8583012951960551,prior_predictive,higher_compute,b,1.3971611065061633
evaluation-prior_predictive-126,0.18705738749715775,prior_predictive,higher_compute,g,0.5984832916022412
evaluation-prior_predictive-126,0.5659856291270348,prior_predictive,higher_compute,log_likelihood,60.36820371337378
evaluation-prior_predictive-126,0.3418125000000001,prior_predictive,reference,r,5.103658611374723
evaluation-prior_predictive-126,0.8574375000000003,prior_predictive,reference,b,1.3971611065061633
evaluation-prior_predictive-126,0.21168750000000008,prior_predictive,reference,g,0.5984832916022412
evaluation-prior_predictive-126,0.58525,prior_predictive,reference,log_likelihood,60.36820371337378
evaluation-prior_predictive-127,0.5400390625,prior_predictive,prior,r,5.168464178686068
evaluation-prior_predictive-127,0.8603515625,prior_predictive,prior,b,2.6555132113647324
evaluation-prior_predictive-127,0.8935546875,prior_predictive,prior,g,0.7168706712643865
evaluation-prior_predictive-127,1.0,prior_predictive,prior,log_likelihood,65.36459366805195
evaluation-prior_predictive-127,0.2882765256056249,prior_predictive,published,r,5.168464178686068
evaluation-prior_predictive-127,0.7663848685951852,prior_predictive,published,b,2.6555132113647324
evaluation-prior_predictive-127,0.4901108874542497,prior_predictive,published,g,0.7168706712643865
evaluation-prior_predictive-127,0.9039134012447523,prior_predictive,published,log_likelihood,65.36459366805195
evaluation-prior_predictive-127,0.2721667240191522,prior_predictive,higher_compute,r,5.168464178686068
evaluation-prior_predictive-127,0.7617819486691081,prior_predictive,higher_compute,b,2.6555132113647324
evaluation-prior_predictive-127,0.5251984789700062,prior_predictive,higher_compute,g,0.7168706712643865
evaluation-prior_predictive-127,0.8822950143664732,prior_predictive,higher_compute,log_likelihood,65.36459366805195
evaluation-prior_predictive-127,0.28718750000000004,prior_predictive,reference,r,5.168464178686068
evaluation-prior_predictive-127,0.7562500000000002,prior_predictive,reference,b,2.6555132113647324
evaluation-prior_predictive-127,0.5038125000000002,prior_predictive,reference,g,0.7168706712643865
evaluation-prior_predictive-127,0.9057500000000003,prior_predictive,reference,log_likelihood,65.36459366805195
evaluation-ecological-000,0.59375,ecological,prior,r,5.627385885540635
evaluation-ecological-000,0.125,ecological,prior,b,0.8330117010200913
evaluation-ecological-000,0.708984375,ecological,prior,g,0.5782559428795414
evaluation-ecological-000,1.0,ecological,prior,log_likelihood,-220.5892072073156
evaluation-ecological-000,0.4733377944608539,ecological,published,r,5.627385885540635
evaluation-ecological-000,0.9030011352962461,ecological,published,b,0.8330117010200913
evaluation-ecological-000,0.22129487069268164,ecological,published,g,0.5782559428795414
evaluation-ecological-000,0.5764515224317488,ecological,published,log_likelihood,-220.5892072073156
evaluation-ecological-000,0.43762853766256943,ecological,higher_compute,r,5.627385885540635
evaluation-ecological-000,0.915570292886288,ecological,higher_compute,b,0.8330117010200913
evaluation-ecological-000,0.23321105389373709,ecological,higher_compute,g,0.5782559428795414
evaluation-ecological-000,0.5627587655143389,ecological,higher_compute,log_likelihood,-220.5892072073156
evaluation-ecological-000,0.42600000000000016,ecological,reference,r,5.627385885540635
evaluation-ecological-000,0.8970000000000004,ecological,reference,b,0.8330117010200913
evaluation-ecological-000,0.23887500000000012,ecological,reference,g,0.5782559428795414
evaluation-ecological-000,0.55925,ecological,reference,log_likelihood,-220.5892072073156
evaluation-ecological-001,0.5087890625,ecological,prior,r,5.140967967675788
evaluation-ecological-001,0.822265625,ecological,prior,b,2.541301151176376
evaluation-ecological-001,0.576171875,ecological,prior,g,0.4524960189690069
evaluation-ecological-001,1.0,ecological,prior,log_likelihood,-138.57895949071533
evaluation-ecological-001,0.3480545104733007,ecological,published,r,5.140967967675788
evaluation-ecological-001,0.026750101373281137,ecological,published,b,2.541301151176376
evaluation-ecological-001,0.9733790151723898,ecological,published,g,0.4524960189690069
evaluation-ecological-001,0.11857289504028179,ecological,published,log_likelihood,-138.57895949071533
evaluation-ecological-001,0.37945987439403817,ecological,higher_compute,r,5.140967967675788
evaluation-ecological-001,0.03455567341990058,ecological,higher_compute,b,2.541301151176376
evaluation-ecological-001,0.9643400497873846,ecological,higher_compute,g,0.4524960189690069
evaluation-ecological-001,0.15567286997187307,ecological,higher_compute,log_likelihood,-138.57895949071533
evaluation-ecological-001,0.3626250000000001,ecological,reference,r,5.140967967675788
evaluation-ecological-001,0.035875000000000004,ecological,reference,b,2.541301151176376
evaluation-ecological-001,0.9691250000000005,ecological,reference,g,0.4524960189690069
evaluation-ecological-001,0.146125,ecological,reference,log_likelihood,-138.57895949071533
evaluation-ecological-002,0.6591796875,ecological,prior,r,5.986800676687182
evaluation-ecological-002,0.18359375,ecological,prior,b,0.9975298183312551
evaluation-ecological-002,0.0908203125,ecological,prior,g,0.08201540021702206
evaluation-ecological-002,1.0,ecological,prior,log_likelihood,-239.52381458365306
evaluation-ecological-002,0.7637210728141204,ecological,published,r,5.986800676687182
evaluation-ecological-002,0.10081770755371494,ecological,published,b,0.9975298183312551
evaluation-ecological-002,0.314313493274867,ecological,published,g,0.08201540021702206
evaluation-ecological-002,0.2741530743589006,ecological,published,log_likelihood,-239.52381458365306
evaluation-ecological-002,0.7110343973299831,ecological,higher_compute,r,5.986800676687182
evaluation-ecological-002,0.10186470306463066,ecological,higher_compute,b,0.9975298183312551
evaluation-ecological-002,0.35443158153947224,ecological,higher_compute,g,0.08201540021702206
evaluation-ecological-002,0.2922452996995273,ecological,higher_compute,log_likelihood,-239.52381458365306
evaluation-ecological-002,0.7195000000000003,ecological,reference,r,5.986800676687182
evaluation-ecological-002,0.09575000000000003,ecological,reference,b,0.9975298183312551
evaluation-ecological-002,0.34043750000000006,ecological,reference,g,0.08201540021702206
evaluation-ecological-002,0.29518750000000005,ecological,reference,log_likelihood,-239.52381458365306
evaluation-ecological-003,0.685546875,ecological,prior,r,6.064179654372839
evaluation-ecological-003,0.6806640625,ecological,prior,b,2.17787148204879
evaluation-ecological-003,0.4169921875,ecological,prior,g,0.34070028373210426
evaluation-ecological-003,1.0,ecological,prior,log_likelihood,-134.93218169098338
evaluation-ecological-003,0.2778821671145918,ecological,published,r,6.064179654372839
evaluation-ecological-003,0.19334740944006593,ecological,published,b,2.17787148204879
evaluation-ecological-003,0.8121250571101195,ecological,published,g,0.34070028373210426
evaluation-ecological-003,0.5360494572950258,ecological,published,log_likelihood,-134.93218169098338
evaluation-ecological-003,0.2719609175996616,ecological,higher_compute,r,6.064179654372839
evaluation-ecological-003,0.19617405138283464,ecological,higher_compute,b,2.17787148204879
evaluation-ecological-003,0.8103887352647468,ecological,higher_compute,g,0.34070028373210426
evaluation-ecological-003,0.536343317419107,ecological,higher_compute,log_likelihood,-134.93218169098338
evaluation-ecological-003,0.2735,ecological,reference,r,6.064179654372839
evaluation-ecological-003,0.17825000000000005,ecological,reference,b,2.17787148204879
evaluation-ecological-003,0.8256875000000004,ecological,reference,g,0.34070028373210426
evaluation-ecological-003,0.4941875000000002,ecological,reference,log_likelihood,-134.93218169098338
evaluation-ecological-004,0.541015625,ecological,prior,r,5.213760357515992
evaluation-ecological-004,0.505859375,ecological,prior,b,1.7354302821603935
evaluation-ecological-004,0.4775390625,ecological,prior,g,0.3686264035239947
evaluation-ecological-004,1.0,ecological,prior,log_likelihood,-203.21818170744598
evaluation-ecological-004,0.07356152649997925,ecological,published,r,5.213760357515992
evaluation-ecological-004,0.5962031903725749,ecological,published,b,1.7354302821603935
evaluation-ecological-004,0.8359252427290143,ecological,published,g,0.3686264035239947
evaluation-ecological-004,0.5539826913904291,ecological,published,log_likelihood,-203.21818170744598
evaluation-ecological-004,0.07883839401818772,ecological,higher_compute,r,5.213760357515992
evaluation-ecological-004,0.6188521127248569,ecological,higher_compute,b,1.7354302821603935
evaluation-ecological-004,0.8437148033744725,ecological,higher_compute,g,0.3686264035239947
evaluation-ecological-004,0.4966438989463562,ecological,higher_compute,log_likelihood,-203.21818170744598
evaluation-ecological-004,0.07500000000000001,ecological,reference,r,5.213760357515992
evaluation-ecological-004,0.6243125,ecological,reference,b,1.7354302821603935
evaluation-ecological-004,0.8393750000000003,ecological,reference,g,0.3686264035239947
evaluation-ecological-004,0.4906250000000002,ecological,reference,log_likelihood,-203.21818170744598
evaluation-ecological-005,0.775390625,ecological,prior,r,6.6097536563250685
evaluation-ecological-005,0.134765625,ecological,prior,b,0.8634931101306749
evaluation-ecological-005,0.3046875,ecological,prior,g,0.23504699571211518
evaluation-ecological-005,1.0,ecological,prior,log_likelihood,-281.14663837453065
evaluation-ecological-005,0.3434271547787244,ecological,published,r,6.6097536563250685
evaluation-ecological-005,0.30433426782117645,ecological,published,b,0.8634931101306749
evaluation-ecological-005,0.8667924662733264,ecological,published,g,0.23504699571211518
evaluation-ecological-005,0.5401512303808863,ecological,published,log_likelihood,-281.14663837453065
evaluation-ecological-005,0.3461569825507784,ecological,higher_compute,r,6.6097536563250685
evaluation-ecological-005,0.2917336715640457,ecological,higher_compute,b,0.8634931101306749
evaluation-ecological-005,0.8806520189926845,ecological,higher_compute,g,0.23504699571211518
evaluation-ecological-005,0.548657767733898,ecological,higher_compute,log_likelihood,-281.14663837453065
evaluation-ecological-005,0.33162500000000006,ecological,reference,r,6.6097536563250685
evaluation-ecological-005,0.30287500000000006,ecological,reference,b,0.8634931101306749
evaluation-ecological-005,0.8854375000000003,ecological,reference,g,0.23504699571211518
evaluation-ecological-005,0.5549375000000001,ecological,reference,log_likelihood,-281.14663837453065
evaluation-ecological-006,0.416015625,ecological,prior,r,4.53869520053269
evaluation-ecological-006,0.6494140625,ecological,prior,b,2.123001772929317
evaluation-ecological-006,0.8173828125,ecological,prior,g,0.6515567547407046
evaluation-ecological-006,1.0,ecological,prior,log_likelihood,-145.64880585184375
evaluation-ecological-006,0.5211278551666874,ecological,published,r,4.53869520053269
evaluation-ecological-006,0.36322481871592704,ecological,published,b,2.123001772929317
evaluation-ecological-006,0.40151401669694703,ecological,published,g,0.6515567547407046
evaluation-ecological-006,0.8170713259926068,ecological,published,log_likelihood,-145.64880585184375
evaluation-ecological-006,0.5284263560609181,ecological,higher_compute,r,4.53869520053269
evaluation-ecological-006,0.3900478866853021,ecological,higher_compute,b,2.123001772929317
evaluation-ecological-006,0.39664833230990143,ecological,higher_compute,g,0.6515567547407046
evaluation-ecological-006,0.8032793571232808,ecological,higher_compute,log_likelihood,-145.64880585184375
evaluation-ecological-006,0.544,ecological,reference,r,4.53869520053269
evaluation-ecological-006,0.38775000000000015,ecological,reference,b,2.123001772929317
evaluation-ecological-006,0.3668750000000001,ecological,reference,g,0.6515567547407046
evaluation-ecological-006,0.7998750000000003,ecological,reference,log_likelihood,-145.64880585184375
evaluation-ecological-007,0.4873046875,ecological,prior,r,5.135315853443916
evaluation-ecological-007,0.3291015625,ecological,prior,b,1.350156290289589
evaluation-ecological-007,0.587890625,ecological,prior,g,0.4572543439176875
evaluation-ecological-007,1.0,ecological,prior,log_likelihood,-186.8286441042228
evaluation-ecological-007,0.054213594230517456,ecological,published,r,5.135315853443916
evaluation-ecological-007,0.48610545362500845,ecological,published,b,1.350156290289589
evaluation-ecological-007,0.9097881458348642,ecological,published,g,0.4572543439176875
evaluation-ecological-007,0.44218921213956636,ecological,published,log_likelihood,-186.8286441042228
evaluation-ecological-007,0.06212508314615463,ecological,higher_compute,r,5.135315853443916
evaluation-ecological-007,0.5360121116278824,ecological,higher_compute,b,1.350156290289589
evaluation-ecological-007,0.8938759205582795,ecological,higher_compute,g,0.4572543439176875
evaluation-ecological-007,0.43246006219193867,ecological,higher_compute,log_likelihood,-186.8286441042228
evaluation-ecological-007,0.0740625,ecological,reference,r,5.135315853443916
evaluation-ecological-007,0.5335625,ecological,reference,b,1.350156290289589
evaluation-ecological-007,0.8925000000000003,ecological,reference,g,0.4572543439176875
evaluation-ecological-007,0.4541875000000002,ecological,reference,log_likelihood,-186.8286441042228
evaluation-ecological-008,0.44140625,ecological,prior,r,4.466701406786449
evaluation-ecological-008,0.640625,ecological,prior,b,2.013357897262008
evaluation-ecological-008,0.46484375,ecological,prior,g,0.3653033296084073
evaluation-ecological-008,1.0,ecological,prior,log_likelihood,-134.33431270508387
evaluation-ecological-008,0.8134374931752494,ecological,published,r,4.466701406786449
evaluation-ecological-008,0.3766609276613802,ecological,published,b,2.013357897262008
evaluation-ecological-008,0.4889034774810207,ecological,published,g,0.3653033296084073
evaluation-ecological-008,0.30615177706429425,ecological,published,log_likelihood,-134.33431270508387
evaluation-ecological-008,0.7995587414532539,ecological,higher_compute,r,4.466701406786449
evaluation-ecological-008,0.43420472790561215,ecological,higher_compute,b,2.013357897262008
evaluation-ecological-008,0.4454365430888897,ecological,higher_compute,g,0.3653033296084073
evaluation-ecological-008,0.30633707311779934,ecological,higher_compute,log_likelihood,-134.33431270508387
evaluation-ecological-008,0.8000000000000003,ecological,reference,r,4.466701406786449
evaluation-ecological-008,0.42237500000000017,ecological,reference,b,2.013357897262008
evaluation-ecological-008,0.4670000000000002,ecological,reference,g,0.3653033296084073
evaluation-ecological-008,0.30500000000000005,ecological,reference,log_likelihood,-134.33431270508387
evaluation-ecological-009,0.5869140625,ecological,prior,r,5.691583417935136
evaluation-ecological-009,0.109375,ecological,prior,b,0.7524326899173233
evaluation-ecological-009,0.2763671875,ecological,prior,g,0.23249869795135952
evaluation-ecological-009,1.0,ecological,prior,log_likelihood,-220.19970953068974
evaluation-ecological-009,0.9421721488167126,ecological,published,r,5.691583417935136
evaluation-ecological-009,0.7639263029043616,ecological,published,b,0.7524326899173233
evaluation-ecological-009,0.009982271871482342,ecological,published,g,0.23249869795135952
evaluation-ecological-009,0.07834398549727534,ecological,published,log_likelihood,-220.19970953068974
evaluation-ecological-009,0.9518281696682419,ecological,higher_compute,r,5.691583417935136
evaluation-ecological-009,0.7645098805654784,ecological,higher_compute,b,0.7524326899173233
evaluation-ecological-009,0.009917655024579525,ecological,higher_compute,g,0.23249869795135952
evaluation-ecological-009,0.0782250632521026,ecological,higher_compute,log_likelihood,-220.19970953068974
evaluation-ecological-009,0.9550000000000004,ecological,reference,r,5.691583417935136
evaluation-ecological-009,0.7609375000000003,ecological,reference,b,0.7524326899173233
evaluation-ecological-009,0.0086875,ecological,reference,g,0.23249869795135952
evaluation-ecological-009,0.07837500000000001,ecological,reference,log_likelihood,-220.19970953068974
evaluation-ecological-010,0.3984375,ecological,prior,r,4.469237114977263
evaluation-ecological-010,0.5283203125,ecological,prior,b,1.8400895413311804
evaluation-ecological-010,0.3466796875,ecological,prior,g,0.2725862931606458
evaluation-ecological-010,1.0,ecological,prior,log_likelihood,-131.62111500385114
evaluation-ecological-010,0.5979434055176172,ecological,published,r,4.469237114977263
evaluation-ecological-010,0.5127525332923129,ecological,published,b,1.8400895413311804
evaluation-ecological-010,0.30246485437775716,ecological,published,g,0.2725862931606458
evaluation-ecological-010,0.9209920496265481,ecological,published,log_likelihood,-131.62111500385114
evaluation-ecological-010,0.6104254099818185,ecological,higher_compute,r,4.469237114977263
evaluation-ecological-010,0.5950840893775879,ecological,higher_compute,b,1.8400895413311804
evaluation-ecological-010,0.27918729824613825,ecological,higher_compute,g,0.2725862931606458
evaluation-ecological-010,0.9278946230972036,ecological,higher_compute,log_likelihood,-131.62111500385114
evaluation-ecological-010,0.6145625000000001,ecological,reference,r,4.469237114977263
evaluation-ecological-010,0.5711250000000001,ecological,reference,b,1.8400895413311804
evaluation-ecological-010,0.26612500000000006,ecological,reference,g,0.2725862931606458
evaluation-ecological-010,0.9219375000000003,ecological,reference,log_likelihood,-131.62111500385114
evaluation-ecological-011,0.1103515625,ecological,prior,r,2.7492092923773974
evaluation-ecological-011,0.6591796875,ecological,prior,b,2.107783274776893
evaluation-ecological-011,0.0859375,ecological,prior,g,0.06798824530394498
evaluation-ecological-011,1.0,ecological,prior,log_likelihood,46.26777633414242
evaluation-ecological-011,0.1754301411351309,ecological,published,r,2.7492092923773974
evaluation-ecological-011,0.9047170447800144,ecological,published,b,2.107783274776893
evaluation-ecological-011,0.5839193544960097,ecological,published,g,0.06798824530394498
evaluation-ecological-011,0.5716478408454089,ecological,published,log_likelihood,46.26777633414242
evaluation-ecological-011,0.21965156205252154,ecological,higher_compute,r,2.7492092923773974
evaluation-ecological-011,0.8944074555567882,ecological,higher_compute,b,2.107783274776893
evaluation-ecological-011,0.5686397801810618,ecological,higher_compute,g,0.06798824530394498
evaluation-ecological-011,0.6096244331860606,ecological,higher_compute,log_likelihood,46.26777633414242
evaluation-ecological-011,0.20093750000000007,ecological,reference,r,2.7492092923773974
evaluation-ecological-011,0.9001250000000003,ecological,reference,b,2.107783274776893
evaluation-ecological-011,0.5869375000000001,ecological,reference,g,0.06798824530394498
evaluation-ecological-011,0.58775,ecological,reference,log_likelihood,46.26777633414242
evaluation-ecological-012,0.4228515625,ecological,prior,r,4.472214577918839
evaluation-ecological-012,0.8076171875,ecological,prior,b,2.444503402893295
evaluation-ecological-012,0.193359375,ecological,prior,g,0.1724571433131343
evaluation-ecological-012,1.0,ecological,prior,log_likelihood,-138.95173845424023
evaluation-ecological-012,0.33987817965366696,ecological,published,r,4.472214577918839
evaluation-ecological-012,0.8981348960119695,ecological,published,b,2.444503402893295
evaluation-ecological-012,0.37227338253366815,ecological,published,g,0.1724571433131343
evaluation-ecological-012,0.7515677796076297,ecological,published,log_likelihood,-138.95173845424023
evaluation-ecological-012,0.3870021206371681,ecological,higher_compute,r,4.472214577918839
evaluation-ecological-012,0.8736882274328275,ecological,higher_compute,b,2.444503402893295
evaluation-ecological-012,0.3276296956519462,ecological,higher_compute,g,0.1724571433131343
evaluation-ecological-012,0.7481347615973781,ecological,higher_compute,log_likelihood,-138.95173845424023
evaluation-ecological-012,0.3643125000000001,ecological,reference,r,4.472214577918839
evaluation-ecological-012,0.8817500000000003,ecological,reference,b,2.444503402893295
evaluation-ecological-012,0.3317500000000001,ecological,reference,g,0.1724571433131343
evaluation-ecological-012,0.7308750000000002,ecological,reference,log_likelihood,-138.95173845424023
evaluation-ecological-013,0.1748046875,ecological,prior,r,3.103914487961523
evaluation-ecological-013,0.3671875,ecological,prior,b,1.3769594704892791
evaluation-ecological-013,0.138671875,ecological,prior,g,0.11987011261469241
evaluation-ecological-013,1.0,ecological,prior,log_likelihood,3.3894945315767013
evaluation-ecological-013,0.9108851924695898,ecological,published,r,3.103914487961523
evaluation-ecological-013,0.08260073717268945,ecological,published,b,1.3769594704892791
evaluation-ecological-013,0.1395106374915931,ecological,published,g,0.11987011261469241
evaluation-ecological-013,0.34166017460741316,ecological,published,log_likelihood,3.3894945315767013
evaluation-ecological-013,0.8981612030065351,ecological,higher_compute,r,3.103914487961523
evaluation-ecological-013,0.08324680724722111,ecological,higher_compute,b,1.3769594704892791
evaluation-ecological-013,0.17254682992771925,ecological,higher_compute,g,0.11987011261469241
evaluation-ecological-013,0.3821501625749123,ecological,higher_compute,log_likelihood,3.3894945315767013
evaluation-ecological-013,0.8779375000000003,ecological,reference,r,3.103914487961523
evaluation-ecological-013,0.08737500000000002,ecological,reference,b,1.3769594704892791
evaluation-ecological-013,0.17281250000000004,ecological,reference,g,0.11987011261469241
evaluation-ecological-013,0.3803125000000001,ecological,reference,log_likelihood,3.3894945315767013
evaluation-ecological-014,0.603515625,ecological,prior,r,5.436860817200604
evaluation-ecological-014,0.5244140625,ecological,prior,b,1.8039606486905762
evaluation-ecological-014,0.5751953125,ecological,prior,g,0.4693986340689131
evaluation-ecological-014,1.0,ecological,prior,log_likelihood,-207.00243773600266
evaluation-ecological-014,0.8635829250510123,ecological,published,r,5.436860817200604
evaluation-ecological-014,0.3570981433112719,ecological,published,b,1.8039606486905762
evaluation-ecological-014,0.3093658717773392,ecological,published,g,0.4693986340689131
evaluation-ecological-014,0.14725333205871793,ecological,published,log_likelihood,-207.00243773600266
evaluation-ecological-014,0.8789807425296496,ecological,higher_compute,r,5.436860817200604
evaluation-ecological-014,0.38003190313746027,ecological,higher_compute,b,1.8039606486905762
evaluation-ecological-014,0.2956322210379734,ecological,higher_compute,g,0.4693986340689131
evaluation-ecological-014,0.12603034095487814,ecological,higher_compute,log_likelihood,-207.00243773600266
evaluation-ecological-014,0.8726875000000003,ecological,reference,r,5.436860817200604
evaluation-ecological-014,0.3730000000000001,ecological,reference,b,1.8039606486905762
evaluation-ecological-014,0.30187500000000006,ecological,reference,g,0.4693986340689131
evaluation-ecological-014,0.13206250000000003,ecological,reference,log_likelihood,-207.00243773600266
evaluation-ecological-015,0.185546875,ecological,prior,r,3.2293048950942245
evaluation-ecological-015,0.7294921875,ecological,prior,b,2.3433445735084693
evaluation-ecological-015,0.431640625,ecological,prior,g,0.3352231943856172
evaluation-ecological-015,1.0,ecological,prior,log_likelihood,-36.339590278661184
evaluation-ecological-015,0.5141771054398456,ecological,published,r,3.2293048950942245
evaluation-ecological-015,0.24850225595419478,ecological,published,b,2.3433445735084693
evaluation-ecological-015,0.8054098979185293,ecological,published,g,0.3352231943856172
evaluation-ecological-015,0.48622811747975714,ecological,published,log_likelihood,-36.339590278661184
evaluation-ecological-015,0.522377248277913,ecological,higher_compute,r,3.2293048950942245
evaluation-ecological-015,0.1736077864780885,ecological,higher_compute,b,2.3433445735084693
evaluation-ecological-015,0.8501121942719645,ecological,higher_compute,g,0.3352231943856172
evaluation-ecological-015,0.4891546855945348,ecological,higher_compute,log_likelihood,-36.339590278661184
evaluation-ecological-015,0.4741250000000002,ecological,reference,r,3.2293048950942245
evaluation-ecological-015,0.19200000000000006,ecological,reference,b,2.3433445735084693
evaluation-ecological-015,0.8648125000000003,ecological,reference,g,0.3352231943856172
evaluation-ecological-015,0.4972500000000002,ecological,reference,log_likelihood,-36.339590278661184
evaluation-ecological-016,0.5673828125,ecological,prior,r,5.468058127181376
evaluation-ecological-016,0.2548828125,ecological,prior,b,1.0755822090648812
evaluation-ecological-016,0.755859375,ecological,prior,g,0.5982531255999608
evaluation-ecological-016,1.0,ecological,prior,log_likelihood,-201.0627043637581
evaluation-ecological-016,0.7700748515521856,ecological,published,r,5.468058127181376
evaluation-ecological-016,0.034696434897970106,ecological,published,b,1.0755822090648812
evaluation-ecological-016,0.6644651246919453,ecological,published,g,0.5982531255999608
evaluation-ecological-016,0.34676504151051046,ecological,published,log_likelihood,-201.0627043637581
evaluation-ecological-016,0.7824478928963984,ecological,higher_compute,r,5.468058127181376
evaluation-ecological-016,0.045300320003786906,ecological,higher_compute,b,1.0755822090648812
evaluation-ecological-016,0.6484158986923252,ecological,higher_compute,g,0.5982531255999608
evaluation-ecological-016,0.3467184576500473,ecological,higher_compute,log_likelihood,-201.0627043637581
evaluation-ecological-016,0.7686875000000002,ecological,reference,r,5.468058127181376
evaluation-ecological-016,0.04325000000000001,ecological,reference,b,1.0755822090648812
evaluation-ecological-016,0.6535625,ecological,reference,g,0.5982531255999608
evaluation-ecological-016,0.3325625000000001,ecological,reference,log_likelihood,-201.0627043637581
evaluation-ecological-017,0.58984375,ecological,prior,r,5.584525097721293
evaluation-ecological-017,0.18359375,ecological,prior,b,0.936813677630042
evaluation-ecological-017,0.7314453125,ecological,prior,g,0.5905132483722151
evaluation-ecological-017,1.0,ecological,prior,log_likelihood,-226.34285133845583
evaluation-ecological-017,0.20413870002870044,ecological,published,r,5.584525097721293
evaluation-ecological-017,0.7570365009208091,ecological,published,b,0.936813677630042
evaluation-ecological-017,0.45080474157226585,ecological,published,g,0.5905132483722151
evaluation-ecological-017,0.4624377282862947,ecological,published,log_likelihood,-226.34285133845583
evaluation-ecological-017,0.23219853337694946,ecological,higher_compute,r,5.584525097721293
evaluation-ecological-017,0.7642602416984529,ecological,higher_compute,b,0.936813677630042
evaluation-ecological-017,0.4196478077040622,ecological,higher_compute,g,0.5905132483722151
evaluation-ecological-017,0.4648148992937927,ecological,higher_compute,log_likelihood,-226.34285133845583
evaluation-ecological-017,0.2297500000000001,ecological,reference,r,5.584525097721293
evaluation-ecological-017,0.7705625000000003,ecological,reference,b,0.936813677630042
evaluation-ecological-017,0.4179375000000002,ecological,reference,g,0.5905132483722151
evaluation-ecological-017,0.4831250000000002,ecological,reference,log_likelihood,-226.34285133845583
evaluation-ecological-018,0.7568359375,ecological,prior,r,6.55231261041455
evaluation-ecological-018,0.6630859375,ecological,prior,b,2.1747652197497755
evaluation-ecological-018,0.21875,ecological,prior,g,0.1655991896271808
evaluation-ecological-018,1.0,ecological,prior,log_likelihood,-160.41073476106916
evaluation-ecological-018,0.09647119537510206,ecological,published,r,6.55231261041455
evaluation-ecological-018,0.91789520079679,ecological,published,b,2.1747652197497755
evaluation-ecological-018,0.5725745285548742,ecological,published,g,0.1655991896271808
evaluation-ecological-018,0.5461963412138234,ecological,published,log_likelihood,-160.41073476106916
evaluation-ecological-018,0.09146304851967887,ecological,higher_compute,r,6.55231261041455
evaluation-ecological-018,0.904341126150982,ecological,higher_compute,b,2.1747652197497755
evaluation-ecological-018,0.5522311192489844,ecological,higher_compute,g,0.1655991896271808
evaluation-ecological-018,0.5866915576019579,ecological,higher_compute,log_likelihood,-160.41073476106916
evaluation-ecological-018,0.09700000000000003,ecological,reference,r,6.55231261041455
evaluation-ecological-018,0.9009375000000004,ecological,reference,b,2.1747652197497755
evaluation-ecological-018,0.5695000000000001,ecological,reference,g,0.1655991896271808
evaluation-ecological-018,0.5878750000000001,ecological,reference,log_likelihood,-160.41073476106916
evaluation-ecological-019,0.3212890625,ecological,prior,r,3.8981566138660817
evaluation-ecological-019,0.5126953125,ecological,prior,b,1.8362712956828293
evaluation-ecological-019,0.5576171875,ecological,prior,g,0.44103827599828466
evaluation-ecological-019,1.0,ecological,prior,log_likelihood,-93.96639935437477
evaluation-ecological-019,0.06113193581535973,ecological,published,r,3.8981566138660817
evaluation-ecological-019,0.31635690036141717,ecological,published,b,1.8362712956828293
evaluation-ecological-019,0.9769862124891011,ecological,published,g,0.44103827599828466
evaluation-ecological-019,0.27487938820704494,ecological,published,log_likelihood,-93.96639935437477
evaluation-ecological-019,0.06011605867130543,ecological,higher_compute,r,3.8981566138660817
evaluation-ecological-019,0.2995198067304634,ecological,higher_compute,b,1.8362712956828293
evaluation-ecological-019,0.9759963036200452,ecological,higher_compute,g,0.44103827599828466
evaluation-ecological-019,0.2774230969593451,ecological,higher_compute,log_likelihood,-93.96639935437477
evaluation-ecological-019,0.058437500000000024,ecological,reference,r,3.8981566138660817
evaluation-ecological-019,0.32343750000000004,ecological,reference,b,1.8362712956828293
evaluation-ecological-019,0.9797500000000003,ecological,reference,g,0.44103827599828466
evaluation-ecological-019,0.28750000000000003,ecological,reference,log_likelihood,-93.96639935437477
evaluation-ecological-020,0.08984375,ecological,prior,r,2.578916985417165
evaluation-ecological-020,0.55859375,ecological,prior,b,1.952726035341183
evaluation-ecological-020,0.3896484375,ecological,prior,g,0.31850640960475246
evaluation-ecological-020,1.0,ecological,prior,log_likelihood,46.040095409364596
evaluation-ecological-020,0.14819203093437133,ecological,published,r,2.578916985417165
evaluation-ecological-020,0.8113014473743623,ecological,published,b,1.952726035341183
evaluation-ecological-020,0.7162172875534203,ecological,published,g,0.31850640960475246
evaluation-ecological-020,0.773663887860168,ecological,published,log_likelihood,46.040095409364596
evaluation-ecological-020,0.14120458686030654,ecological,higher_compute,r,2.578916985417165
evaluation-ecological-020,0.8220797731212568,ecological,higher_compute,b,1.952726035341183
evaluation-ecological-020,0.7265485097673462,ecological,higher_compute,g,0.31850640960475246
evaluation-ecological-020,0.7549841312295348,ecological,higher_compute,log_likelihood,46.040095409364596
evaluation-ecological-020,0.15068750000000003,ecological,reference,r,2.578916985417165
evaluation-ecological-020,0.8240625000000003,ecological,reference,b,1.952726035341183
evaluation-ecological-020,0.7118125000000002,ecological,reference,g,0.31850640960475246
evaluation-ecological-020,0.7465625000000002,ecological,reference,log_likelihood,46.040095409364596
evaluation-ecological-021,0.1025390625,ecological,prior,r,2.656373925832419
evaluation-ecological-021,0.837890625,ecological,prior,b,2.645774352711435
evaluation-ecological-021,0.279296875,ecological,prior,g,0.21666363318311466
evaluation-ecological-021,1.0,ecological,prior,log_likelihood,44.17125624643241
evaluation-ecological-021,0.6348019936750409,ecological,published,r,2.656373925832419
evaluation-ecological-021,0.007531002220025879,ecological,published,b,2.645774352711435
evaluation-ecological-021,0.8611592905520392,ecological,published,g,0.21666363318311466
evaluation-ecological-021,0.040285065208180586,ecological,published,log_likelihood,44.17125624643241
evaluation-ecological-021,0.6223632490354711,ecological,higher_compute,r,2.656373925832419
evaluation-ecological-021,0.010335107631409376,ecological,higher_compute,b,2.645774352711435
evaluation-ecological-021,0.8480323136074406,ecological,higher_compute,g,0.21666363318311466
evaluation-ecological-021,0.02958828730973858,ecological,higher_compute,log_likelihood,44.17125624643241
evaluation-ecological-021,0.6368125000000001,ecological,reference,r,2.656373925832419
evaluation-ecological-021,0.0043125,ecological,reference,b,2.645774352711435
evaluation-ecological-021,0.8395625000000002,ecological,reference,g,0.21666363318311466
evaluation-ecological-021,0.03931250000000001,ecological,reference,log_likelihood,44.17125624643241
evaluation-ecological-022,0.5703125,ecological,prior,r,5.306973358652022
evaluation-ecological-022,0.0927734375,ecological,prior,b,0.7232942750012143
evaluation-ecological-022,0.6650390625,ecological,prior,g,0.5299423850492576
evaluation-ecological-022,1.0,ecological,prior,log_likelihood,-199.2428663489756
evaluation-ecological-022,0.6622376505240352,ecological,published,r,5.306973358652022
evaluation-ecological-022,0.2710318033312412,ecological,published,b,0.7232942750012143
evaluation-ecological-022,0.5391966481096827,ecological,published,g,0.5299423850492576
evaluation-ecological-022,0.8713342270567768,ecological,published,log_likelihood,-199.2428663489756
evaluation-ecological-022,0.6642462270586273,ecological,higher_compute,r,5.306973358652022
evaluation-ecological-022,0.2890646704278079,ecological,higher_compute,b,0.7232942750012143
evaluation-ecological-022,0.5232329963964357,ecological,higher_compute,g,0.5299423850492576
evaluation-ecological-022,0.8380753172778479,ecological,higher_compute,log_likelihood,-199.2428663489756
evaluation-ecological-022,0.6562500000000001,ecological,reference,r,5.306973358652022
evaluation-ecological-022,0.29912500000000003,ecological,reference,b,0.7232942750012143
evaluation-ecological-022,0.5286250000000001,ecological,reference,g,0.5299423850492576
evaluation-ecological-022,0.8500625000000003,ecological,reference,log_likelihood,-199.2428663489756
evaluation-ecological-023,0.78515625,ecological,prior,r,6.716340828513449
evaluation-ecological-023,0.517578125,ecological,prior,b,1.7535247048246787
evaluation-ecological-023,0.220703125,ecological,prior,g,0.170770563316089
evaluation-ecological-023,1.0,ecological,prior,log_likelihood,-265.79980919720083
evaluation-ecological-023,0.8925153514787099,ecological,published,r,6.716340828513449
evaluation-ecological-023,0.7109708659506282,ecological,published,b,1.7535247048246787
evaluation-ecological-023,0.0718145108985698,ecological,published,g,0.170770563316089
evaluation-ecological-023,0.3425778736690428,ecological,published,log_likelihood,-265.79980919720083
evaluation-ecological-023,0.8814636135234466,ecological,higher_compute,r,6.716340828513449
evaluation-ecological-023,0.6896445189143461,ecological,higher_compute,b,1.7535247048246787
evaluation-ecological-023,0.08954650855235768,ecological,higher_compute,g,0.170770563316089
evaluation-ecological-023,0.40927037053147786,ecological,higher_compute,log_likelihood,-265.79980919720083
evaluation-ecological-023,0.8876875000000004,ecological,reference,r,6.716340828513449
evaluation-ecological-023,0.7040625000000001,ecological,reference,b,1.7535247048246787
evaluation-ecological-023,0.07818750000000002,ecological,reference,g,0.170770563316089
evaluation-ecological-023,0.3840625000000001,ecological,reference,log_likelihood,-265.79980919720083
evaluation-ecological-024,0.6630859375,ecological,prior,r,6.070660421688107
evaluation-ecological-024,0.8203125,ecological,prior,b,2.5657696227472075
evaluation-ecological-024,0.0947265625,ecological,prior,g,0.07361070972751976
evaluation-ecological-024,1.0,ecological,prior,log_likelihood,-122.11678930973801
evaluation-ecological-024,0.9759055532218774,ecological,published,r,6.070660421688107
evaluation-ecological-024,0.15992329068651745,ecological,published,b,2.5657696227472075
evaluation-ecological-024,0.1287245251705283,ecological,published,g,0.07361070972751976
evaluation-ecological-024,0.06053945189768368,ecological,published,log_likelihood,-122.11678930973801
evaluation-ecological-024,0.976328927177109,ecological,higher_compute,r,6.070660421688107
evaluation-ecological-024,0.14420293968283793,ecological,higher_compute,b,2.5657696227472075
evaluation-ecological-024,0.12869026341344705,ecological,higher_compute,g,0.07361070972751976
evaluation-ecological-024,0.08887917983278854,ecological,higher_compute,log_likelihood,-122.11678930973801
evaluation-ecological-024,0.9826250000000004,ecological,reference,r,6.070660421688107
evaluation-ecological-024,0.1443125,ecological,reference,b,2.5657696227472075
evaluation-ecological-024,0.11718750000000006,ecological,reference,g,0.07361070972751976
evaluation-ecological-024,0.08475000000000002,ecological,reference,log_likelihood,-122.11678930973801
evaluation-ecological-025,0.3251953125,ecological,prior,r,4.071729874546766
evaluation-ecological-025,0.361328125,ecological,prior,b,1.389992696371089
evaluation-ecological-025,0.1396484375,ecological,prior,g,0.10618668709171161
evaluation-ecological-025,1.0,ecological,prior,log_likelihood,-101.81975430060446
evaluation-ecological-025,0.7285327235340521,ecological,published,r,4.071729874546766
evaluation-ecological-025,0.1439638691986807,ecological,published,b,1.389992696371089
evaluation-ecological-025,0.5765897905431182,ecological,published,g,0.10618668709171161
evaluation-ecological-025,0.5362435528727126,ecological,published,log_likelihood,-101.81975430060446
evaluation-ecological-025,0.7541168294855805,ecological,higher_compute,r,4.071729874546766
evaluation-ecological-025,0.13441637214698904,ecological,higher_compute,b,1.389992696371089
evaluation-ecological-025,0.5402992230799007,ecological,higher_compute,g,0.10618668709171161
evaluation-ecological-025,0.5585241369329909,ecological,higher_compute,log_likelihood,-101.81975430060446
evaluation-ecological-025,0.7468125000000002,ecological,reference,r,4.071729874546766
evaluation-ecological-025,0.13306250000000003,ecological,reference,b,1.389992696371089
evaluation-ecological-025,0.5874375000000001,ecological,reference,g,0.10618668709171161
evaluation-ecological-025,0.5765,ecological,reference,log_likelihood,-101.81975430060446
evaluation-ecological-026,0.765625,ecological,prior,r,6.665376656811571
evaluation-ecological-026,0.2646484375,ecological,prior,b,1.2162784369182182
evaluation-ecological-026,0.091796875,ecological,prior,g,0.07653977725727291
evaluation-ecological-026,1.0,ecological,prior,log_likelihood,-284.61630315007744
evaluation-ecological-026,0.71102891267895,ecological,published,r,6.665376656811571
evaluation-ecological-026,0.22057580988438447,ecological,published,b,1.2162784369182182
evaluation-ecological-026,0.130406923709596,ecological,published,g,0.07653977725727291
evaluation-ecological-026,0.05030362366659956,ecological,published,log_likelihood,-284.61630315007744
evaluation-ecological-026,0.7138352147095175,ecological,higher_compute,r,6.665376656811571
evaluation-ecological-026,0.22282235750543047,ecological,higher_compute,b,1.2162784369182182
evaluation-ecological-026,0.12941818841067937,ecological,higher_compute,g,0.07653977725727291
evaluation-ecological-026,0.048615540227844756,ecological,higher_compute,log_likelihood,-284.61630315007744
evaluation-ecological-026,0.7158125000000002,ecological,reference,r,6.665376656811571
evaluation-ecological-026,0.22112500000000007,ecological,reference,b,1.2162784369182182
evaluation-ecological-026,0.14093750000000002,ecological,reference,g,0.07653977725727291
evaluation-ecological-026,0.05575000000000002,ecological,reference,log_likelihood,-284.61630315007744
evaluation-ecological-027,0.248046875,ecological,prior,r,3.631745580635325
evaluation-ecological-027,0.412109375,ecological,prior,b,1.531942136988751
evaluation-ecological-027,0.2216796875,ecological,prior,g,0.19000529770310637
evaluation-ecological-027,1.0,ecological,prior,log_likelihood,-60.316311192057256
evaluation-ecological-027,0.733777894643251,ecological,published,r,3.631745580635325
evaluation-ecological-027,0.20642211996072898,ecological,published,b,1.531942136988751
evaluation-ecological-027,0.6940477983941156,ecological,published,g,0.19000529770310637
evaluation-ecological-027,0.28669833598961625,ecological,published,log_likelihood,-60.316311192057256
evaluation-ecological-027,0.7338995212635464,ecological,higher_compute,r,3.631745580635325
evaluation-ecological-027,0.19908788194875637,ecological,higher_compute,b,1.531942136988751
evaluation-ecological-027,0.6747953582447702,ecological,higher_compute,g,0.19000529770310637
evaluation-ecological-027,0.2785051709015417,ecological,higher_compute,log_likelihood,-60.316311192057256
evaluation-ecological-027,0.7156875000000003,ecological,reference,r,3.631745580635325
evaluation-ecological-027,0.20225000000000007,ecological,reference,b,1.531942136988751
evaluation-ecological-027,0.6621875000000002,ecological,reference,g,0.19000529770310637
evaluation-ecological-027,0.32250000000000006,ecological,reference,log_likelihood,-60.316311192057256
evaluation-ecological-028,0.33203125,ecological,prior,r,4.097370802900896
evaluation-ecological-028,0.2060546875,ecological,prior,b,0.9930329912008375
evaluation-ecological-028,0.068359375,ecological,prior,g,0.05498805642080143
evaluation-ecological-028,1.0,ecological,prior,log_likelihood,-114.35541851395112
evaluation-ecological-028,0.1739547944152513,ecological,published,r,4.097370802900896
evaluation-ecological-028,0.9167896275872711,ecological,published,b,0.9930329912008375
evaluation-ecological-028,0.3861011133773738,ecological,published,g,0.05498805642080143
evaluation-ecological-028,0.27359352218990585,ecological,published,log_likelihood,-114.35541851395112
evaluation-ecological-028,0.1605613252174577,ecological,higher_compute,r,4.097370802900896
evaluation-ecological-028,0.9231695249709525,ecological,higher_compute,b,0.9930329912008375
evaluation-ecological-028,0.41788294379321744,ecological,higher_compute,g,0.05498805642080143
evaluation-ecological-028,0.3394550901520548,ecological,higher_compute,log_likelihood,-114.35541851395112
evaluation-ecological-028,0.18450000000000005,ecological,reference,r,4.097370802900896
evaluation-ecological-028,0.9275625000000003,ecological,reference,b,0.9930329912008375
evaluation-ecological-028,0.37475000000000014,ecological,reference,g,0.05498805642080143
evaluation-ecological-028,0.3266875000000001,ecological,reference,log_likelihood,-114.35541851395112
evaluation-ecological-029,0.369140625,ecological,prior,r,4.156640548415231
evaluation-ecological-029,0.1669921875,ecological,prior,b,0.9157875970398306
evaluation-ecological-029,0.748046875,ecological,prior,g,0.5768449132842162
evaluation-ecological-029,1.0,ecological,prior,log_likelihood,-126.8489231621405
evaluation-ecological-029,0.04281761732684326,ecological,published,r,4.156640548415231
evaluation-ecological-029,0.6703899177504666,ecological,published,b,0.9157875970398306
evaluation-ecological-029,0.9591120866972782,ecological,published,g,0.5768449132842162
evaluation-ecological-029,0.3598864357833487,ecological,published,log_likelihood,-126.8489231621405
evaluation-ecological-029,0.04880375086062536,ecological,higher_compute,r,4.156640548415231
evaluation-ecological-029,0.6713870549032172,ecological,higher_compute,b,0.9157875970398306
evaluation-ecological-029,0.9495118882777617,ecological,higher_compute,g,0.5768449132842162
evaluation-ecological-029,0.35210799915663993,ecological,higher_compute,log_likelihood,-126.8489231621405
evaluation-ecological-029,0.04337500000000001,ecological,reference,r,4.156640548415231
evaluation-ecological-029,0.6646250000000001,ecological,reference,b,0.9157875970398306
evaluation-ecological-029,0.9473750000000004,ecological,reference,g,0.5768449132842162
evaluation-ecological-029,0.3756250000000001,ecological,reference,log_likelihood,-126.8489231621405
evaluation-ecological-030,0.34765625,ecological,prior,r,4.05571229337764
evaluation-ecological-030,0.421875,ecological,prior,b,1.5776530830902786
evaluation-ecological-030,0.705078125,ecological,prior,g,0.5583421809171907
evaluation-ecological-030,1.0,ecological,prior,log_likelihood,-98.97582668724905
evaluation-ecological-030,0.5052058219078968,ecological,published,r,4.05571229337764
evaluation-ecological-030,0.3717222689486165,ecological,published,b,1.5776530830902786
evaluation-ecological-030,0.5706055698057444,ecological,published,g,0.5583421809171907
evaluation-ecological-030,0.9329687558001485,ecological,published,log_likelihood,-98.97582668724905
evaluation-ecological-030,0.5075615583399342,ecological,higher_compute,r,4.05571229337764
evaluation-ecological-030,0.33796251124289406,ecological,higher_compute,b,1.5776530830902786
evaluation-ecological-030,0.5480380639541483,ecological,higher_compute,g,0.5583421809171907
evaluation-ecological-030,0.9337952493581333,ecological,higher_compute,log_likelihood,-98.97582668724905
evaluation-ecological-030,0.4838750000000002,ecological,reference,r,4.05571229337764
evaluation-ecological-030,0.35106250000000006,ecological,reference,b,1.5776530830902786
evaluation-ecological-030,0.5504375,ecological,reference,g,0.5583421809171907
evaluation-ecological-030,0.9209375000000004,ecological,reference,log_likelihood,-98.97582668724905
evaluation-ecological-031,0.7841796875,ecological,prior,r,6.661398402512713
evaluation-ecological-031,0.740234375,ecological,prior,b,2.3453079380535358
evaluation-ecological-031,0.8154296875,ecological,prior,g,0.6511321671229217
evaluation-ecological-031,1.0,ecological,prior,log_likelihood,133.80548431632857
evaluation-ecological-031,0.7984214178643873,ecological,published,r,6.661398402512713
evaluation-ecological-031,0.3712573880905382,ecological,published,b,2.3453079380535358
evaluation-ecological-031,0.2007758008260085,ecological,published,g,0.6511321671229217
evaluation-ecological-031,0.8102003182905894,ecological,published,log_likelihood,133.80548431632857
evaluation-ecological-031,0.7966491441382326,ecological,higher_compute,r,6.661398402512713
evaluation-ecological-031,0.37387585561691067,ecological,higher_compute,b,2.3453079380535358
evaluation-ecological-031,0.23138348830229388,ecological,higher_compute,g,0.6511321671229217
evaluation-ecological-031,0.815159786803751,ecological,higher_compute,log_likelihood,133.80548431632857
evaluation-ecological-031,0.8133125000000003,ecological,reference,r,6.661398402512713
evaluation-ecological-031,0.36875000000000013,ecological,reference,b,2.3453079380535358
evaluation-ecological-031,0.2206875000000001,ecological,reference,g,0.6511321671229217
evaluation-ecological-031,0.8033750000000003,ecological,reference,log_likelihood,133.80548431632857
evaluation-ecological-032,0.6376953125,ecological,prior,r,5.842866712173132
evaluation-ecological-032,0.8623046875,ecological,prior,b,2.6338836697057335
evaluation-ecological-032,0.8125,ecological,prior,g,0.6376916061961038
evaluation-ecological-032,1.0,ecological,prior,log_likelihood,79.12501828920689
evaluation-ecological-032,0.8869553979119098,ecological,published,r,5.842866712173132
evaluation-ecological-032,0.3131321818616512,ecological,published,b,2.6338836697057335
evaluation-ecological-032,0.26763626510460303,ecological,published,g,0.6376916061961038
evaluation-ecological-032,0.6436462132688883,ecological,published,log_likelihood,79.12501828920689
evaluation-ecological-032,0.8826085343998226,ecological,higher_compute,r,5.842866712173132
evaluation-ecological-032,0.27193037258799,ecological,higher_compute,b,2.6338836697057335
evaluation-ecological-032,0.2873737277215648,ecological,higher_compute,g,0.6376916061961038
evaluation-ecological-032,0.6412274681945023,ecological,higher_compute,log_likelihood,79.12501828920689
evaluation-ecological-032,0.8722500000000003,ecological,reference,r,5.842866712173132
evaluation-ecological-032,0.28093750000000006,ecological,reference,b,2.6338836697057335
evaluation-ecological-032,0.28793750000000007,ecological,reference,g,0.6376916061961038
evaluation-ecological-032,0.63375,ecological,reference,log_likelihood,79.12501828920689
evaluation-ecological-033,0.470703125,ecological,prior,r,4.803599637498072
evaluation-ecological-033,0.5458984375,ecological,prior,b,1.8510965038562883
evaluation-ecological-033,0.310546875,ecological,prior,g,0.24395705177094412
evaluation-ecological-033,1.0,ecological,prior,log_likelihood,-155.56560761714783
evaluation-ecological-033,0.9734236050894743,ecological,published,r,4.803599637498072
evaluation-ecological-033,0.3192856384050333,ecological,published,b,1.8510965038562883
evaluation-ecological-033,0.017418781980804966,ecological,published,g,0.24395705177094412
evaluation-ecological-033,0.1329700678795563,ecological,published,log_likelihood,-155.56560761714783
evaluation-ecological-033,0.9712674417010816,ecological,higher_compute,r,4.803599637498072
evaluation-ecological-033,0.34166196057024145,ecological,higher_compute,b,1.8510965038562883
evaluation-ecological-033,0.011864231210253734,ecological,higher_compute,g,0.24395705177094412
evaluation-ecological-033,0.11433971057387746,ecological,higher_compute,log_likelihood,-155.56560761714783
evaluation-ecological-033,0.9668125000000004,ecological,reference,r,4.803599637498072
evaluation-ecological-033,0.34643750000000006,ecological,reference,b,1.8510965038562883
evaluation-ecological-033,0.0170625,ecological,reference,g,0.24395705177094412
evaluation-ecological-033,0.12043750000000006,ecological,reference,log_likelihood,-155.56560761714783
evaluation-ecological-034,0.6923828125,ecological,prior,r,6.080987537932178
evaluation-ecological-034,0.1337890625,ecological,prior,b,0.8219529421841985
evaluation-ecological-034,0.62890625,ecological,prior,g,0.4954597642304693
evaluation-ecological-034,1.0,ecological,prior,log_likelihood,-247.29056662103443
evaluation-ecological-034,0.9838733454675215,ecological,published,r,6.080987537932178
evaluation-ecological-034,0.007554963649731005,ecological,published,b,0.8219529421841985
evaluation-ecological-034,0.2717778444850717,ecological,published,g,0.4954597642304693
evaluation-ecological-034,0.09047007866825002,ecological,published,log_likelihood,-247.29056662103443
evaluation-ecological-034,0.9733704081156178,ecological,higher_compute,r,6.080987537932178
evaluation-ecological-034,0.008801830583153866,ecological,higher_compute,b,0.8219529421841985
evaluation-ecological-034,0.2669542940189579,ecological,higher_compute,g,0.4954597642304693
evaluation-ecological-034,0.0817730133481592,ecological,higher_compute,log_likelihood,-247.29056662103443
evaluation-ecological-034,0.9856875000000005,ecological,reference,r,6.080987537932178
evaluation-ecological-034,0.010812500000000003,ecological,reference,b,0.8219529421841985
evaluation-ecological-034,0.2368125000000001,ecological,reference,g,0.4954597642304693
evaluation-ecological-034,0.07325000000000001,ecological,reference,log_likelihood,-247.29056662103443
evaluation-ecological-035,0.361328125,ecological,prior,r,4.331845898041204
evaluation-ecological-035,0.7509765625,ecological,prior,b,2.4361358048153043
evaluation-ecological-035,0.8017578125,ecological,prior,g,0.6248612534811038
evaluation-ecological-035,1.0,ecological,prior,log_likelihood,-119.71824767515483
evaluation-ecological-035,0.584969470294503,ecological,published,r,4.331845898041204
evaluation-ecological-035,0.38169207218573764,ecological,published,b,2.4361358048153043
evaluation-ecological-035,0.2679172977512281,ecological,published,g,0.6248612534811038
evaluation-ecological-035,0.48986517540935776,ecological,published,log_likelihood,-119.71824767515483
evaluation-ecological-035,0.6037850200295656,ecological,higher_compute,r,4.331845898041204
evaluation-ecological-035,0.3889188437117794,ecological,higher_compute,b,2.4361358048153043
evaluation-ecological-035,0.25990624526453987,ecological,higher_compute,g,0.6248612534811038
evaluation-ecological-035,0.4884337339411936,ecological,higher_compute,log_likelihood,-119.71824767515483
evaluation-ecological-035,0.5916250000000001,ecological,reference,r,4.331845898041204
evaluation-ecological-035,0.39256250000000015,ecological,reference,b,2.4361358048153043
evaluation-ecological-035,0.2754375,ecological,reference,g,0.6248612534811038
evaluation-ecological-035,0.5208750000000002,ecological,reference,log_likelihood,-119.71824767515483
evaluation-ecological-036,0.568359375,ecological,prior,r,5.451485610685236
evaluation-ecological-036,0.4306640625,ecological,prior,b,1.6059918628062504
evaluation-ecological-036,0.7421875,ecological,prior,g,0.5859491202994535
evaluation-ecological-036,1.0,ecological,prior,log_likelihood,-206.42202004130473
evaluation-ecological-036,0.29450617067671825,ecological,published,r,5.451485610685236
evaluation-ecological-036,0.49042691981486985,ecological,published,b,1.6059918628062504
evaluation-ecological-036,0.8709953540330625,ecological,published,g,0.5859491202994535
evaluation-ecological-036,0.5115625647865547,ecological,published,log_likelihood,-206.42202004130473
evaluation-ecological-036,0.31840997981700325,ecological,higher_compute,r,5.451485610685236
evaluation-ecological-036,0.4852867741398157,ecological,higher_compute,b,1.6059918628062504
evaluation-ecological-036,0.8737227070451414,ecological,higher_compute,g,0.5859491202994535
evaluation-ecological-036,0.5241293542883299,ecological,higher_compute,log_likelihood,-206.42202004130473
evaluation-ecological-036,0.29731250000000004,ecological,reference,r,5.451485610685236
evaluation-ecological-036,0.49587500000000023,ecological,reference,b,1.6059918628062504
evaluation-ecological-036,0.8826250000000003,ecological,reference,g,0.5859491202994535
evaluation-ecological-036,0.5183125000000002,ecological,reference,log_likelihood,-206.42202004130473
evaluation-ecological-037,0.3056640625,ecological,prior,r,3.863576857103068
evaluation-ecological-037,0.3837890625,ecological,prior,b,1.4379950049771109
evaluation-ecological-037,0.4072265625,ecological,prior,g,0.3213054188389382
evaluation-ecological-037,1.0,ecological,prior,log_likelihood,-86.04369296357876
evaluation-ecological-037,0.9682850383763892,ecological,published,r,3.863576857103068
evaluation-ecological-037,0.026459926848428673,ecological,published,b,1.4379950049771109
evaluation-ecological-037,0.1845248803532989,ecological,published,g,0.3213054188389382
evaluation-ecological-037,0.1283413958582127,ecological,published,log_likelihood,-86.04369296357876
evaluation-ecological-037,0.9779481449111104,ecological,higher_compute,r,3.863576857103068
evaluation-ecological-037,0.021774652500692396,ecological,higher_compute,b,1.4379950049771109
evaluation-ecological-037,0.16713497305647423,ecological,higher_compute,g,0.3213054188389382
evaluation-ecological-037,0.1124583891917032,ecological,higher_compute,log_likelihood,-86.04369296357876
evaluation-ecological-037,0.9798125000000004,ecological,reference,r,3.863576857103068
evaluation-ecological-037,0.019312500000000003,ecological,reference,b,1.4379950049771109
evaluation-ecological-037,0.16225000000000003,ecological,reference,g,0.3213054188389382
evaluation-ecological-037,0.10762500000000004,ecological,reference,log_likelihood,-86.04369296357876
evaluation-ecological-038,0.2626953125,ecological,prior,r,3.434778410297702
evaluation-ecological-038,0.515625,ecological,prior,b,1.8274452692041578
evaluation-ecological-038,0.2841796875,ecological,prior,g,0.2151234801571446
evaluation-ecological-038,1.0,ecological,prior,log_likelihood,-46.98615202993401
evaluation-ecological-038,0.35935576868020924,ecological,published,r,3.434778410297702
evaluation-ecological-038,0.7609181304046417,ecological,published,b,1.8274452692041578
evaluation-ecological-038,0.48070417780950087,ecological,published,g,0.2151234801571446
evaluation-ecological-038,0.8997534458678698,ecological,published,log_likelihood,-46.98615202993401
evaluation-ecological-038,0.356243922396137,ecological,higher_compute,r,3.434778410297702
evaluation-ecological-038,0.782840073731085,ecological,higher_compute,b,1.8274452692041578
evaluation-ecological-038,0.49797671058953646,ecological,higher_compute,g,0.2151234801571446
evaluation-ecological-038,0.8999938949317806,ecological,higher_compute,log_likelihood,-46.98615202993401
evaluation-ecological-038,0.3651250000000001,ecological,reference,r,3.434778410297702
evaluation-ecological-038,0.7705000000000002,ecological,reference,b,1.8274452692041578
evaluation-ecological-038,0.5020625000000002,ecological,reference,g,0.2151234801571446
evaluation-ecological-038,0.9176250000000004,ecological,reference,log_likelihood,-46.98615202993401
evaluation-ecological-039,0.6103515625,ecological,prior,r,5.561623115380968
evaluation-ecological-039,0.279296875,ecological,prior,b,1.224618032600057
evaluation-ecological-039,0.21484375,ecological,prior,g,0.16304780018875376
evaluation-ecological-039,1.0,ecological,prior,log_likelihood,-210.9972633746538
evaluation-ecological-039,0.9499300984903778,ecological,published,r,5.561623115380968
evaluation-ecological-039,0.02491983763304922,ecological,published,b,1.224618032600057
evaluation-ecological-039,0.37378200712828125,ecological,published,g,0.16304780018875376
evaluation-ecological-039,0.18773788805195685,ecological,published,log_likelihood,-210.9972633746538
evaluation-ecological-039,0.9548503756166916,ecological,higher_compute,r,5.561623115380968
evaluation-ecological-039,0.028779304466216293,ecological,higher_compute,b,1.224618032600057
evaluation-ecological-039,0.34083519958214126,ecological,higher_compute,g,0.16304780018875376
evaluation-ecological-039,0.18574382052995023,ecological,higher_compute,log_likelihood,-210.9972633746538
evaluation-ecological-039,0.9503750000000004,ecological,reference,r,5.561623115380968
evaluation-ecological-039,0.024125000000000008,ecological,reference,b,1.224618032600057
evaluation-ecological-039,0.3555000000000001,ecological,reference,g,0.16304780018875376
evaluation-ecological-039,0.18906250000000005,ecological,reference,log_likelihood,-210.9972633746538
evaluation-ecological-040,0.7119140625,ecological,prior,r,6.293158849129691
evaluation-ecological-040,0.3818359375,ecological,prior,b,1.4634228898028092
evaluation-ecological-040,0.8330078125,ecological,prior,g,0.64751162498489
evaluation-ecological-040,1.0,ecological,prior,log_likelihood,-260.2115472983635
evaluation-ecological-040,0.7462965363795897,ecological,published,r,6.293158849129691
evaluation-ecological-040,0.5696856992579107,ecological,published,b,1.4634228898028092
evaluation-ecological-040,0.25466631543710394,ecological,published,g,0.64751162498489
evaluation-ecological-040,0.7477793933539654,ecological,published,log_likelihood,-260.2115472983635
evaluation-ecological-040,0.7417441562100346,ecological,higher_compute,r,6.293158849129691
evaluation-ecological-040,0.5378557859638806,ecological,higher_compute,b,1.4634228898028092
evaluation-ecological-040,0.25867548541915064,ecological,higher_compute,g,0.64751162498489
evaluation-ecological-040,0.7941730603177913,ecological,higher_compute,log_likelihood,-260.2115472983635
evaluation-ecological-040,0.7419375000000001,ecological,reference,r,6.293158849129691
evaluation-ecological-040,0.5275000000000001,ecological,reference,b,1.4634228898028092
evaluation-ecological-040,0.2628750000000001,ecological,reference,g,0.64751162498489
evaluation-ecological-040,0.7999375000000002,ecological,reference,log_likelihood,-260.2115472983635
evaluation-ecological-041,0.376953125,ecological,prior,r,4.2821559079711555
evaluation-ecological-041,0.861328125,ecological,prior,b,2.6137233324611273
evaluation-ecological-041,0.625,ecological,prior,g,0.5189890632059906
evaluation-ecological-041,1.0,ecological,prior,log_likelihood,-125.99482608152412
evaluation-ecological-041,0.6011177599449362,ecological,published,r,4.2821559079711555
evaluation-ecological-041,0.3495924445725248,ecological,published,b,2.6137233324611273
evaluation-ecological-041,0.7716451767573927,ecological,published,g,0.5189890632059906
evaluation-ecological-041,0.39041991014897953,ecological,published,log_likelihood,-125.99482608152412
evaluation-ecological-041,0.5748833313967845,ecological,higher_compute,r,4.2821559079711555
evaluation-ecological-041,0.3720756731778166,ecological,higher_compute,b,2.6137233324611273
evaluation-ecological-041,0.7546267131095703,ecological,higher_compute,g,0.5189890632059906
evaluation-ecological-041,0.3923475582192767,ecological,higher_compute,log_likelihood,-125.99482608152412
evaluation-ecological-041,0.5811250000000001,ecological,reference,r,4.2821559079711555
evaluation-ecological-041,0.3741875000000001,ecological,reference,b,2.6137233324611273
evaluation-ecological-041,0.7587500000000003,ecological,reference,g,0.5189890632059906
evaluation-ecological-041,0.40537500000000015,ecological,reference,log_likelihood,-125.99482608152412
evaluation-ecological-042,0.541015625,ecological,prior,r,5.4827681096716745
evaluation-ecological-042,0.6953125,ecological,prior,b,2.199663592123966
evaluation-ecological-042,0.501953125,ecological,prior,g,0.38986298981601875
evaluation-ecological-042,1.0,ecological,prior,log_likelihood,-157.55052074785613
evaluation-ecological-042,0.06904301178596196,ecological,published,r,5.4827681096716745
evaluation-ecological-042,0.8269662858900082,ecological,published,b,2.199663592123966
evaluation-ecological-042,0.7214028607209186,ecological,published,g,0.38986298981601875
evaluation-ecological-042,0.5673918708463797,ecological,published,log_likelihood,-157.55052074785613
evaluation-ecological-042,0.0804910462493646,ecological,higher_compute,r,5.4827681096716745
evaluation-ecological-042,0.8382934395580132,ecological,higher_compute,b,2.199663592123966
evaluation-ecological-042,0.7220769577912811,ecological,higher_compute,g,0.38986298981601875
evaluation-ecological-042,0.5555488380532765,ecological,higher_compute,log_likelihood,-157.55052074785613
evaluation-ecological-042,0.06575000000000003,ecological,reference,r,5.4827681096716745
evaluation-ecological-042,0.8344375000000003,ecological,reference,b,2.199663592123966
evaluation-ecological-042,0.7273750000000002,ecological,reference,g,0.38986298981601875
evaluation-ecological-042,0.5700000000000001,ecological,reference,log_likelihood,-157.55052074785613
evaluation-ecological-043,0.4140625,ecological,prior,r,4.539322428859872
evaluation-ecological-043,0.734375,ecological,prior,b,2.2819049023497877
evaluation-ecological-043,0.435546875,ecological,prior,g,0.35164367015503933
evaluation-ecological-043,1.0,ecological,prior,log_likelihood,-137.80399567021396
evaluation-ecological-043,0.7446310611172315,ecological,published,r,4.539322428859872
evaluation-ecological-043,0.03926524735141423,ecological,published,b,2.2819049023497877
evaluation-ecological-043,0.5787554634526053,ecological,published,g,0.35164367015503933
evaluation-ecological-043,0.33038705008510494,ecological,published,log_likelihood,-137.80399567021396
evaluation-ecological-043,0.7219186831939322,ecological,higher_compute,r,4.539322428859872
evaluation-ecological-043,0.051639461314742285,ecological,higher_compute,b,2.2819049023497877
evaluation-ecological-043,0.64482879502984,ecological,higher_compute,g,0.35164367015503933
evaluation-ecological-043,0.3506216670418837,ecological,higher_compute,log_likelihood,-137.80399567021396
evaluation-ecological-043,0.7363125000000001,ecological,reference,r,4.539322428859872
evaluation-ecological-043,0.049250000000000016,ecological,reference,b,2.2819049023497877
evaluation-ecological-043,0.6270625000000001,ecological,reference,g,0.35164367015503933
evaluation-ecological-043,0.3339375000000001,ecological,reference,log_likelihood,-137.80399567021396
evaluation-ecological-044,0.6513671875,ecological,prior,r,5.978362818209079
evaluation-ecological-044,0.1640625,ecological,prior,b,0.9301897544206501
evaluation-ecological-044,0.5712890625,ecological,prior,g,0.44388712648725004
evaluation-ecological-044,1.0,ecological,prior,log_likelihood,-242.82297953809362
evaluation-ecological-044,0.6481355850742645,ecological,published,r,5.978362818209079
evaluation-ecological-044,0.26757152574273735,ecological,published,b,0.9301897544206501
evaluation-ecological-044,0.34681370245085996,ecological,published,g,0.44388712648725004
evaluation-ecological-044,0.733667300834334,ecological,published,log_likelihood,-242.82297953809362
evaluation-ecological-044,0.7272146106188654,ecological,higher_compute,r,5.978362818209079
evaluation-ecological-044,0.24234552604386872,ecological,higher_compute,b,0.9301897544206501
evaluation-ecological-044,0.3063682317956761,ecological,higher_compute,g,0.44388712648725004
evaluation-ecological-044,0.7011906315791273,ecological,higher_compute,log_likelihood,-242.82297953809362
evaluation-ecological-044,0.7011875000000002,ecological,reference,r,5.978362818209079
evaluation-ecological-044,0.2581875000000001,ecological,reference,b,0.9301897544206501
evaluation-ecological-044,0.33743750000000006,ecological,reference,g,0.44388712648725004
evaluation-ecological-044,0.7438750000000003,ecological,reference,log_likelihood,-242.82297953809362
evaluation-ecological-045,0.396484375,ecological,prior,r,4.277766805358755
evaluation-ecological-045,0.4931640625,ecological,prior,b,1.7151922376917816
evaluation-ecological-045,0.7861328125,ecological,prior,g,0.640716189689992
evaluation-ecological-045,1.0,ecological,prior,log_likelihood,-120.40536956066472
evaluation-ecological-045,0.2885495801424324,ecological,published,r,4.277766805358755
evaluation-ecological-045,0.6620634739255444,ecological,published,b,1.7151922376917816
evaluation-ecological-045,0.508230295617258,ecological,published,g,0.640716189689992
evaluation-ecological-045,0.8826889142343562,ecological,published,log_likelihood,-120.40536956066472
evaluation-ecological-045,0.31982608456351413,ecological,higher_compute,r,4.277766805358755
evaluation-ecological-045,0.5645416682547564,ecological,higher_compute,b,1.7151922376917816
evaluation-ecological-045,0.5123101244298499,ecological,higher_compute,g,0.640716189689992
evaluation-ecological-045,0.8767404605140968,ecological,higher_compute,log_likelihood,-120.40536956066472
evaluation-ecological-045,0.32212500000000005,ecological,reference,r,4.277766805358755
evaluation-ecological-045,0.5696875000000001,ecological,reference,b,1.7151922376917816
evaluation-ecological-045,0.4893125000000002,ecological,reference,g,0.640716189689992
evaluation-ecological-045,0.8608750000000003,ecological,reference,log_likelihood,-120.40536956066472
evaluation-ecological-046,0.5751953125,ecological,prior,r,5.345771744299366
evaluation-ecological-046,0.408203125,ecological,prior,b,1.4852969363822432
evaluation-ecological-046,0.251953125,ecological,prior,g,0.23173093558970848
evaluation-ecological-046,1.0,ecological,prior,log_likelihood,-205.43279389045017
evaluation-ecological-046,0.6128385969522814,ecological,published,r,5.345771744299366
evaluation-ecological-046,0.7752030158244112,ecological,published,b,1.4852969363822432
evaluation-ecological-046,0.23434895991586996,ecological,published,g,0.23173093558970848
evaluation-ecological-046,0.7901358346898366,ecological,published,log_likelihood,-205.43279389045017
evaluation-ecological-046,0.6163447099879107,ecological,higher_compute,r,5.345771744299366
evaluation-ecological-046,0.7806435707929511,ecological,higher_compute,b,1.4852969363822432
evaluation-ecological-046,0.24227607937764742,ecological,higher_compute,g,0.23173093558970848
evaluation-ecological-046,0.8149395609229654,ecological,higher_compute,log_likelihood,-205.43279389045017
evaluation-ecological-046,0.6204375000000001,ecological,reference,r,5.345771744299366
evaluation-ecological-046,0.7778125000000002,ecological,reference,b,1.4852969363822432
evaluation-ecological-046,0.2314375000000001,ecological,reference,g,0.23173093558970848
evaluation-ecological-046,0.8154375000000003,ecological,reference,log_likelihood,-205.43279389045017
evaluation-ecological-047,0.404296875,ecological,prior,r,4.5385126281004045
evaluation-ecological-047,0.8134765625,ecological,prior,b,2.5555193314516647
evaluation-ecological-047,0.2421875,ecological,prior,g,0.19066676250139059
evaluation-ecological-047,1.0,ecological,prior,log_likelihood,-152.9602399758387
evaluation-ecological-047,0.010233378789467706,ecological,published,r,4.5385126281004045
evaluation-ecological-047,0.9685774769766176,ecological,published,b,2.5555193314516647
evaluation-ecological-047,0.9085285568537649,ecological,published,g,0.19066676250139059
evaluation-ecological-047,0.1071655740316295,ecological,published,log_likelihood,-152.9602399758387
evaluation-ecological-047,0.014874965586972601,ecological,higher_compute,r,4.5385126281004045
evaluation-ecological-047,0.9711501293415556,ecological,higher_compute,b,2.5555193314516647
evaluation-ecological-047,0.917461252994867,ecological,higher_compute,g,0.19066676250139059
evaluation-ecological-047,0.11099329015365547,ecological,higher_compute,log_likelihood,-152.9602399758387
evaluation-ecological-047,0.009375000000000001,ecological,reference,r,4.5385126281004045
evaluation-ecological-047,0.9640000000000004,ecological,reference,b,2.5555193314516647
evaluation-ecological-047,0.9246875000000003,ecological,reference,g,0.19066676250139059
evaluation-ecological-047,0.10193750000000004,ecological,reference,log_likelihood,-152.9602399758387
evaluation-ecological-048,0.7451171875,ecological,prior,r,6.331364882188765
evaluation-ecological-048,0.2939453125,ecological,prior,b,1.2511460132496801
evaluation-ecological-048,0.0830078125,ecological,prior,g,0.07322314899414475
evaluation-ecological-048,1.0,ecological,prior,log_likelihood,-266.3557441524519
evaluation-ecological-048,0.9691981440758073,ecological,published,r,6.331364882188765
evaluation-ecological-048,0.5494906844640995,ecological,published,b,1.2511460132496801
evaluation-ecological-048,0.07000078368835705,ecological,published,g,0.07322314899414475
evaluation-ecological-048,0.015760168591012452,ecological,published,log_likelihood,-266.3557441524519
evaluation-ecological-048,0.9602954623405924,ecological,higher_compute,r,6.331364882188765
evaluation-ecological-048,0.5283157108086096,ecological,higher_compute,b,1.2511460132496801
evaluation-ecological-048,0.0684069286846466,ecological,higher_compute,g,0.07322314899414475
evaluation-ecological-048,0.0167032802243847,ecological,higher_compute,log_likelihood,-266.3557441524519
evaluation-ecological-048,0.9606875000000004,ecological,reference,r,6.331364882188765
evaluation-ecological-048,0.5315625,ecological,reference,b,1.2511460132496801
evaluation-ecological-048,0.07400000000000001,ecological,reference,g,0.07322314899414475
evaluation-ecological-048,0.015500000000000007,ecological,reference,log_likelihood,-266.3557441524519
evaluation-ecological-049,0.626953125,ecological,prior,r,5.794383373145875
evaluation-ecological-049,0.13671875,ecological,prior,b,0.8801919296974723
evaluation-ecological-049,0.3486328125,ecological,prior,g,0.27741411743313066
evaluation-ecological-049,1.0,ecological,prior,log_likelihood,-233.36816342878942
evaluation-ecological-049,0.3238902986707317,ecological,published,r,5.794383373145875
evaluation-ecological-049,0.7999245456110272,ecological,published,b,0.8801919296974723
evaluation-ecological-049,0.514315706486685,ecological,published,g,0.27741411743313066
evaluation-ecological-049,0.7627099497081148,ecological,published,log_likelihood,-233.36816342878942
evaluation-ecological-049,0.31005497516496416,ecological,higher_compute,r,5.794383373145875
evaluation-ecological-049,0.8279093843379421,ecological,higher_compute,b,0.8801919296974723
evaluation-ecological-049,0.5349400296940353,ecological,higher_compute,g,0.27741411743313066
evaluation-ecological-049,0.7572336200793177,ecological,higher_compute,log_likelihood,-233.36816342878942
evaluation-ecological-049,0.31731250000000005,ecological,reference,r,5.794383373145875
evaluation-ecological-049,0.8385625000000003,ecological,reference,b,0.8801919296974723
evaluation-ecological-049,0.5196875000000003,ecological,reference,g,0.27741411743313066
evaluation-ecological-049,0.7505000000000002,ecological,reference,log_likelihood,-233.36816342878942
evaluation-ecological-050,0.123046875,ecological,prior,r,2.8103465474022937
evaluation-ecological-050,0.4296875,ecological,prior,b,1.6147719530764717
evaluation-ecological-050,0.2080078125,ecological,prior,g,0.1555048647682659
evaluation-ecological-050,1.0,ecological,prior,log_likelihood,20.499911343900514
evaluation-ecological-050,0.3942399137033886,ecological,published,r,2.8103465474022937
evaluation-ecological-050,0.3913452380167453,ecological,published,b,1.6147719530764717
evaluation-ecological-050,0.5757437063888692,ecological,published,g,0.1555048647682659
evaluation-ecological-050,0.770083035247282,ecological,published,log_likelihood,20.499911343900514
evaluation-ecological-050,0.38099464071732275,ecological,higher_compute,r,2.8103465474022937
evaluation-ecological-050,0.37765573664725943,ecological,higher_compute,b,1.6147719530764717
evaluation-ecological-050,0.6228125851947026,ecological,higher_compute,g,0.1555048647682659
evaluation-ecological-050,0.7860613048435396,ecological,higher_compute,log_likelihood,20.499911343900514
evaluation-ecological-050,0.37193750000000014,ecological,reference,r,2.8103465474022937
evaluation-ecological-050,0.38037500000000013,ecological,reference,b,1.6147719530764717
evaluation-ecological-050,0.6133750000000001,ecological,reference,g,0.1555048647682659
evaluation-ecological-050,0.7761250000000002,ecological,reference,log_likelihood,20.499911343900514
evaluation-ecological-051,0.69140625,ecological,prior,r,6.218727224465393
evaluation-ecological-051,0.3447265625,ecological,prior,b,1.33732984644673
evaluation-ecological-051,0.61328125,ecological,prior,g,0.49018026343135285
evaluation-ecological-051,1.0,ecological,prior,log_likelihood,-269.62744014542096
evaluation-ecological-051,0.46192459650819584,ecological,published,r,6.218727224465393
evaluation-ecological-051,0.22919803389157173,ecological,published,b,1.33732984644673
evaluation-ecological-051,0.6149669914414376,ecological,published,g,0.49018026343135285
evaluation-ecological-051,0.695792676534517,ecological,published,log_likelihood,-269.62744014542096
evaluation-ecological-051,0.43432343073848867,ecological,higher_compute,r,6.218727224465393
evaluation-ecological-051,0.2298507309804427,ecological,higher_compute,b,1.33732984644673
evaluation-ecological-051,0.6154621239575877,ecological,higher_compute,g,0.49018026343135285
evaluation-ecological-051,0.6763031967553149,ecological,higher_compute,log_likelihood,-269.62744014542096
evaluation-ecological-051,0.43550000000000016,ecological,reference,r,6.218727224465393
evaluation-ecological-051,0.2226875000000001,ecological,reference,b,1.33732984644673
evaluation-ecological-051,0.6146250000000001,ecological,reference,g,0.49018026343135285
evaluation-ecological-051,0.6848750000000001,ecological,reference,log_likelihood,-269.62744014542096
evaluation-ecological-052,0.412109375,ecological,prior,r,4.521675933206401
evaluation-ecological-052,0.23828125,ecological,prior,b,1.0929683279400408
evaluation-ecological-052,0.23046875,ecological,prior,g,0.1899614455028728
evaluation-ecological-052,1.0,ecological,prior,log_likelihood,-133.84576082010955
evaluation-ecological-052,0.855344706261821,ecological,published,r,4.521675933206401
evaluation-ecological-052,0.059322092789325195,ecological,published,b,1.0929683279400408
evaluation-ecological-052,0.14349782214752127,ecological,published,g,0.1899614455028728
evaluation-ecological-052,0.07430042989302733,ecological,published,log_likelihood,-133.84576082010955
evaluation-ecological-052,0.8702446279064623,ecological,higher_compute,r,4.521675933206401
evaluation-ecological-052,0.07086826907971529,ecological,higher_compute,b,1.0929683279400408
evaluation-ecological-052,0.13159558260600862,ecological,higher_compute,g,0.1899614455028728
evaluation-ecological-052,0.06318672451841201,ecological,higher_compute,log_likelihood,-133.84576082010955
evaluation-ecological-052,0.8587500000000003,ecological,reference,r,4.521675933206401
evaluation-ecological-052,0.07812500000000001,ecological,reference,b,1.0929683279400408
evaluation-ecological-052,0.14337500000000003,ecological,reference,g,0.1899614455028728
evaluation-ecological-052,0.0773125,ecological,reference,log_likelihood,-133.84576082010955
evaluation-ecological-053,0.341796875,ecological,prior,r,4.195479059462069
evaluation-ecological-053,0.1015625,ecological,prior,b,0.7604636944029246
evaluation-ecological-053,0.72265625,ecological,prior,g,0.5710570548768974
evaluation-ecological-053,1.0,ecological,prior,log_likelihood,-118.47407013870715
evaluation-ecological-053,0.845631474298563,ecological,published,r,4.195479059462069
evaluation-ecological-053,0.3018855617841524,ecological,published,b,0.7604636944029246
evaluation-ecological-053,0.3347361830747255,ecological,published,g,0.5710570548768974
evaluation-ecological-053,0.5221404193440058,ecological,published,log_likelihood,-118.47407013870715
evaluation-ecological-053,0.8384150457500077,ecological,higher_compute,r,4.195479059462069
evaluation-ecological-053,0.3155247026291738,ecological,higher_compute,b,0.7604636944029246
evaluation-ecological-053,0.3001453812322133,ecological,higher_compute,g,0.5710570548768974
evaluation-ecological-053,0.4957712342060141,ecological,higher_compute,log_likelihood,-118.47407013870715
evaluation-ecological-053,0.8512500000000003,ecological,reference,r,4.195479059462069
evaluation-ecological-053,0.31068750000000006,ecological,reference,b,0.7604636944029246
evaluation-ecological-053,0.29200000000000004,ecological,reference,g,0.5710570548768974
evaluation-ecological-053,0.5038125000000002,ecological,reference,log_likelihood,-118.47407013870715
evaluation-ecological-054,0.296875,ecological,prior,r,3.860009996661095
evaluation-ecological-054,0.35546875,ecological,prior,b,1.398224500454068
evaluation-ecological-054,0.76953125,ecological,prior,g,0.6138388089025906
evaluation-ecological-054,1.0,ecological,prior,log_likelihood,-96.15136581738956
evaluation-ecological-054,0.0185546875,ecological,published,r,3.860009996661095
evaluation-ecological-054,0.998046875,ecological,published,b,1.398224500454068
evaluation-ecological-054,0.6669921875,ecological,published,g,0.6138388089025906
evaluation-ecological-054,0.0810546875,ecological,published,log_likelihood,-96.15136581738956
evaluation-ecological-054,0.02026367187500001,ecological,higher_compute,r,3.860009996661095
evaluation-ecological-054,0.9946289062500004,ecological,higher_compute,b,1.398224500454068
evaluation-ecological-054,0.6240234375000003,ecological,higher_compute,g,0.6138388089025906
evaluation-ecological-054,0.10791015625000004,ecological,higher_compute,log_likelihood,-96.15136581738956
evaluation-ecological-054,0.02775000000000001,ecological,reference,r,3.860009996661095
evaluation-ecological-054,0.9902500000000004,ecological,reference,b,1.398224500454068
evaluation-ecological-054,0.61775,ecological,reference,g,0.6138388089025906
evaluation-ecological-054,0.11575000000000005,ecological,reference,log_likelihood,-96.15136581738956
evaluation-ecological-055,0.66015625,ecological,prior,r,5.937248555670727
evaluation-ecological-055,0.2822265625,ecological,prior,b,1.201896489951568
evaluation-ecological-055,0.2802734375,ecological,prior,g,0.22496951768927914
evaluation-ecological-055,1.0,ecological,prior,log_likelihood,-243.14333098121006
evaluation-ecological-055,0.16327850987620993,ecological,published,r,5.937248555670727
evaluation-ecological-055,0.6335724071703721,ecological,published,b,1.201896489951568
evaluation-ecological-055,0.7914000789166002,ecological,published,g,0.22496951768927914
evaluation-ecological-055,0.8801617859766553,ecological,published,log_likelihood,-243.14333098121006
evaluation-ecological-055,0.15161738881565695,ecological,higher_compute,r,5.937248555670727
evaluation-ecological-055,0.6431559580010304,ecological,higher_compute,b,1.201896489951568
evaluation-ecological-055,0.7847043336961128,ecological,higher_compute,g,0.22496951768927914
evaluation-ecological-055,0.8553794355878168,ecological,higher_compute,log_likelihood,-243.14333098121006
evaluation-ecological-055,0.17293750000000005,ecological,reference,r,5.937248555670727
evaluation-ecological-055,0.6276250000000001,ecological,reference,b,1.201896489951568
evaluation-ecological-055,0.7545000000000002,ecological,reference,g,0.22496951768927914
evaluation-ecological-055,0.8586250000000003,ecological,reference,log_likelihood,-243.14333098121006
evaluation-ecological-056,0.6962890625,ecological,prior,r,6.267730562049687
evaluation-ecological-056,0.380859375,ecological,prior,b,1.3936529706160314
evaluation-ecological-056,0.4814453125,ecological,prior,g,0.3723925694647011
evaluation-ecological-056,1.0,ecological,prior,log_likelihood,-261.2498378086135
evaluation-ecological-056,0.7373046875,ecological,published,r,6.267730562049687
evaluation-ecological-056,0.623046875,ecological,published,b,1.3936529706160314
evaluation-ecological-056,0.193359375,ecological,published,g,0.3723925694647011
evaluation-ecological-056,0.7587890625,ecological,published,log_likelihood,-261.2498378086135
evaluation-ecological-056,0.716772506082759,ecological,higher_compute,r,6.267730562049687
evaluation-ecological-056,0.5904988763417018,ecological,higher_compute,b,1.3936529706160314
evaluation-ecological-056,0.20476913813369146,ecological,higher_compute,g,0.3723925694647011
evaluation-ecological-056,0.7514190355108481,ecological,higher_compute,log_likelihood,-261.2498378086135
evaluation-ecological-056,0.7065625000000002,ecological,reference,r,6.267730562049687
evaluation-ecological-056,0.5992500000000001,ecological,reference,b,1.3936529706160314
evaluation-ecological-056,0.20325000000000007,ecological,reference,g,0.3723925694647011
evaluation-ecological-056,0.7614375000000002,ecological,reference,log_likelihood,-261.2498378086135
evaluation-ecological-057,0.2412109375,ecological,prior,r,3.3975431213064375
evaluation-ecological-057,0.7001953125,ecological,prior,b,2.2296857254425007
evaluation-ecological-057,0.548828125,ecological,prior,g,0.4202913030527847
evaluation-ecological-057,1.0,ecological,prior,log_likelihood,-39.70277479508872
evaluation-ecological-057,0.6493687178458728,ecological,published,r,3.3975431213064375
evaluation-ecological-057,0.7420803488476666,ecological,published,b,2.2296857254425007
evaluation-ecological-057,0.05614626453150755,ecological,published,g,0.4202913030527847
evaluation-ecological-057,0.29847056090693,ecological,published,log_likelihood,-39.70277479508872
evaluation-ecological-057,0.6931842451443899,ecological,higher_compute,r,3.3975431213064375
evaluation-ecological-057,0.7284404647163334,ecological,higher_compute,b,2.2296857254425007
evaluation-ecological-057,0.05977391944582017,ecological,higher_compute,g,0.4202913030527847
evaluation-ecological-057,0.31920313527609917,ecological,higher_compute,log_likelihood,-39.70277479508872
evaluation-ecological-057,0.6805000000000001,ecological,reference,r,3.3975431213064375
evaluation-ecological-057,0.7308125000000002,ecological,reference,b,2.2296857254425007
evaluation-ecological-057,0.06868750000000001,ecological,reference,g,0.4202913030527847
evaluation-ecological-057,0.3415625000000001,ecological,reference,log_likelihood,-39.70277479508872
evaluation-ecological-058,0.37109375,ecological,prior,r,4.098981248511489
evaluation-ecological-058,0.4970703125,ecological,prior,b,1.7475133624601271
evaluation-ecological-058,0.765625,ecological,prior,g,0.6022356979117326
evaluation-ecological-058,1.0,ecological,prior,log_likelihood,-105.98010616303617
evaluation-ecological-058,0.45532618787314305,ecological,published,r,4.098981248511489
evaluation-ecological-058,0.7037103120574092,ecological,published,b,1.7475133624601271
evaluation-ecological-058,0.4084541611682838,ecological,published,g,0.6022356979117326
evaluation-ecological-058,0.9367778340792596,ecological,published,log_likelihood,-105.98010616303617
evaluation-ecological-058,0.46143749112197263,ecological,higher_compute,r,4.098981248511489
evaluation-ecological-058,0.7101182638353748,ecological,higher_compute,b,1.7475133624601271
evaluation-ecological-058,0.39150631649548795,ecological,higher_compute,g,0.6022356979117326
evaluation-ecological-058,0.9524115790494051,ecological,higher_compute,log_likelihood,-105.98010616303617
evaluation-ecological-058,0.45525000000000015,ecological,reference,r,4.098981248511489
evaluation-ecological-058,0.7293125000000003,ecological,reference,b,1.7475133624601271
evaluation-ecological-058,0.39287500000000014,ecological,reference,g,0.6022356979117326
evaluation-ecological-058,0.9473750000000004,ecological,reference,log_likelihood,-105.98010616303617
evaluation-ecological-059,0.314453125,ecological,prior,r,3.8382265526196937
evaluation-ecological-059,0.2626953125,ecological,prior,b,1.1853319262602033
evaluation-ecological-059,0.12109375,ecological,prior,g,0.09564165896209853
evaluation-ecological-059,1.0,ecological,prior,log_likelihood,-86.53083499627607
evaluation-ecological-059,0.06288697341032248,ecological,published,r,3.8382265526196937
evaluation-ecological-059,0.912347875164768,ecological,published,b,1.1853319262602033
evaluation-ecological-059,0.7030365250956903,ecological,published,g,0.09564165896209853
evaluation-ecological-059,0.47631022625305264,ecological,published,log_likelihood,-86.53083499627607
evaluation-ecological-059,0.06738846697924522,ecological,higher_compute,r,3.8382265526196937
evaluation-ecological-059,0.9128202768746596,ecological,higher_compute,b,1.1853319262602033
evaluation-ecological-059,0.6978512529244115,ecological,higher_compute,g,0.09564165896209853
evaluation-ecological-059,0.495345056602191,ecological,higher_compute,log_likelihood,-86.53083499627607
evaluation-ecological-059,0.06668750000000001,ecological,reference,r,3.8382265526196937
evaluation-ecological-059,0.9078125000000004,ecological,reference,b,1.1853319262602033
evaluation-ecological-059,0.7008750000000001,ecological,reference,g,0.09564165896209853
evaluation-ecological-059,0.4896875000000002,ecological,reference,log_likelihood,-86.53083499627607
evaluation-ecological-060,0.2861328125,ecological,prior,r,3.7420825394458443
evaluation-ecological-060,0.3740234375,ecological,prior,b,1.494847659235733
evaluation-ecological-060,0.3193359375,ecological,prior,g,0.2351304851943925
evaluation-ecological-060,1.0,ecological,prior,log_likelihood,-74.31947264271521
evaluation-ecological-060,0.2219532908753729,ecological,published,r,3.7420825394458443
evaluation-ecological-060,0.6176371323725928,ecological,published,b,1.494847659235733
evaluation-ecological-060,0.7482494375998411,ecological,published,g,0.2351304851943925
evaluation-ecological-060,0.9405618083664953,ecological,published,log_likelihood,-74.31947264271521
evaluation-ecological-060,0.21900879251112554,ecological,higher_compute,r,3.7420825394458443
evaluation-ecological-060,0.6252368526408235,ecological,higher_compute,b,1.494847659235733
evaluation-ecological-060,0.7405750761822454,ecological,higher_compute,g,0.2351304851943925
evaluation-ecological-060,0.9167061357393487,ecological,higher_compute,log_likelihood,-74.31947264271521
evaluation-ecological-060,0.2247500000000001,ecological,reference,r,3.7420825394458443
evaluation-ecological-060,0.6408125000000001,ecological,reference,b,1.494847659235733
evaluation-ecological-060,0.7284375000000002,ecological,reference,g,0.2351304851943925
evaluation-ecological-060,0.9131250000000004,ecological,reference,log_likelihood,-74.31947264271521
evaluation-ecological-061,0.53125,ecological,prior,r,5.359383053359001
evaluation-ecological-061,0.583984375,ecological,prior,b,2.058986308557855
evaluation-ecological-061,0.4423828125,ecological,prior,g,0.34073118396219604
evaluation-ecological-061,1.0,ecological,prior,log_likelihood,-196.9726037819869
evaluation-ecological-061,0.9725643657662769,ecological,published,r,5.359383053359001
evaluation-ecological-061,0.23703496771788557,ecological,published,b,2.058986308557855
evaluation-ecological-061,0.03109126052591951,ecological,published,g,0.34073118396219604
evaluation-ecological-061,0.1924659490073076,ecological,published,log_likelihood,-196.9726037819869
evaluation-ecological-061,0.9712374855505769,ecological,higher_compute,r,5.359383053359001
evaluation-ecological-061,0.2525509811641868,ecological,higher_compute,b,2.058986308557855
evaluation-ecological-061,0.02544676392333934,ecological,higher_compute,g,0.34073118396219604
evaluation-ecological-061,0.19173804981895265,ecological,higher_compute,log_likelihood,-196.9726037819869
evaluation-ecological-061,0.9720625000000004,ecological,reference,r,5.359383053359001
evaluation-ecological-061,0.2390000000000001,ecological,reference,b,2.058986308557855
evaluation-ecological-061,0.036125000000000004,ecological,reference,g,0.34073118396219604
evaluation-ecological-061,0.18681250000000005,ecological,reference,log_likelihood,-196.9726037819869
evaluation-ecological-062,0.263671875,ecological,prior,r,3.366039941107983
evaluation-ecological-062,0.6533203125,ecological,prior,b,2.0933642260305136
evaluation-ecological-062,0.408203125,ecological,prior,g,0.3344819051056136
evaluation-ecological-062,1.0,ecological,prior,log_likelihood,-33.12842938108119
evaluation-ecological-062,0.5780613963871395,ecological,published,r,3.366039941107983
evaluation-ecological-062,0.6905033273606843,ecological,published,b,2.0933642260305136
evaluation-ecological-062,0.49094295994340026,ecological,published,g,0.3344819051056136
evaluation-ecological-062,0.6192776033393985,ecological,published,log_likelihood,-33.12842938108119
evaluation-ecological-062,0.5761227241391484,ecological,higher_compute,r,3.366039941107983
evaluation-ecological-062,0.6769772522899462,ecological,higher_compute,b,2.0933642260305136
evaluation-ecological-062,0.4688887667327629,ecological,higher_compute,g,0.3344819051056136
evaluation-ecological-062,0.6132092601031074,ecological,higher_compute,log_likelihood,-33.12842938108119
evaluation-ecological-062,0.556625,ecological,reference,r,3.366039941107983
evaluation-ecological-062,0.6963750000000002,ecological,reference,b,2.0933642260305136
evaluation-ecological-062,0.47575000000000023,ecological,reference,g,0.3344819051056136
evaluation-ecological-062,0.6014375000000001,ecological,reference,log_likelihood,-33.12842938108119
evaluation-ecological-063,0.3388671875,ecological,prior,r,4.042529431132758
evaluation-ecological-063,0.8828125,ecological,prior,b,2.6789128232929977
evaluation-ecological-063,0.630859375,ecological,prior,g,0.5128725692131675
evaluation-ecological-063,1.0,ecological,prior,log_likelihood,-103.38641570250033
evaluation-ecological-063,0.8644131179044705,ecological,published,r,4.042529431132758
evaluation-ecological-063,0.8283473292018589,ecological,published,b,2.6789128232929977
evaluation-ecological-063,0.021613258804074602,ecological,published,g,0.5128725692131675
evaluation-ecological-063,0.22295944327651768,ecological,published,log_likelihood,-103.38641570250033
evaluation-ecological-063,0.8708382476011192,ecological,higher_compute,r,4.042529431132758
evaluation-ecological-063,0.8350272774570486,ecological,higher_compute,b,2.6789128232929977
evaluation-ecological-063,0.02169731208603412,ecological,higher_compute,g,0.5128725692131675
evaluation-ecological-063,0.23872739754566483,ecological,higher_compute,log_likelihood,-103.38641570250033
evaluation-ecological-063,0.8659375000000002,ecological,reference,r,4.042529431132758
evaluation-ecological-063,0.8237500000000002,ecological,reference,b,2.6789128232929977
evaluation-ecological-063,0.021187500000000005,ecological,reference,g,0.5128725692131675
evaluation-ecological-063,0.20968750000000008,ecological,reference,log_likelihood,-103.38641570250033
