absolute_error,case_id,cdf,cohort,covered90,mean,method,parameter,q05,q95,sd,truth,width90
0.9669531209022715,evaluation-prior_predictive-000,0.66796875,prior_predictive,1,4.965586941514332,prior,r,2.303694829758074,7.668147006988001,1.688262654572084,5.932540062416604,5.364452177229927
0.5625158868870983,evaluation-prior_predictive-000,0.7177734375,prior_predictive,1,1.762756768719413,prior,b,0.6121436689850551,2.890064684418536,0.7327324710343633,2.3252726556065113,2.277921015433481
0.12784250729765279,evaluation-prior_predictive-000,0.34765625,prior_predictive,1,0.386668138707438,prior,g,0.04083637254674608,0.7540820414703674,0.22494679755543343,0.2588256314097852,0.7132456689236213
0.1170280992511783,evaluation-prior_predictive-000,0.9156897260384105,prior_predictive,1,5.8155119631654255,published,r,5.675176499651153,5.950733918427937,0.08413066635343511,5.932540062416604,0.27555741877678397
0.21539956681837724,evaluation-prior_predictive-000,0.006682314607369712,prior_predictive,0,2.5406722224248885,published,b,2.39955225974601,2.672338970861333,0.08483811665068682,2.3252726556065113,0.27278671111532304
0.02346028410054929,evaluation-prior_predictive-000,0.7136868854451492,prior_predictive,1,0.23536534730923592,published,g,0.1654139684517326,0.30736381756512315,0.04249359685998774,0.2588256314097852,0.14194984911339056
0.112658835743642,evaluation-prior_predictive-000,0.9108060280638354,prior_predictive,1,5.819881226672962,higher_compute,r,5.683915494294636,5.956350843477625,0.08242676616353029,5.932540062416604,0.27243534918298895
0.21436098365126366,evaluation-prior_predictive-000,0.005413340992688623,prior_predictive,0,2.539633639257775,higher_compute,b,2.3954441495018672,2.6749056528033606,0.0859029616095718,2.3252726556065113,0.27946150330149333
0.025050390016542357,evaluation-prior_predictive-000,0.7238808971180359,prior_predictive,1,0.23377524139324285,higher_compute,g,0.1650613025855961,0.3041624695283482,0.04169971131196595,0.2588256314097852,0.1391011669427521
0.1107730348129099,evaluation-prior_predictive-000,0.9084375000000003,prior_predictive,1,5.821767027603694,reference,r,5.688686431004509,5.956523522276015,0.0838002612947649,5.932540062416604,0.267837091271506
0.2119262889249427,evaluation-prior_predictive-000,0.006875000000000003,prior_predictive,0,2.537198944531454,reference,b,2.397432465157458,2.6818647612324695,0.08657277258782071,2.3252726556065113,0.2844322960750114
0.02515606779544627,evaluation-prior_predictive-000,0.7201250000000001,prior_predictive,1,0.23366956361433894,reference,g,0.16146106448972442,0.3031521610006105,0.04251508179507878,0.2588256314097852,0.14169109651088607
1.7533942356729368,evaluation-prior_predictive-001,0.205078125,prior_predictive,1,4.939497860624195,prior,r,2.297635398212357,7.692124426779854,1.7158127335749187,3.1861036249512584,5.394489028567497
0.5590099827589428,evaluation-prior_predictive-001,0.728515625,prior_predictive,1,1.7490621500090913,prior,b,0.6091330192866611,2.883092169245858,0.7202751157139277,2.308072132768034,2.273959149959197
0.21820308603768546,evaluation-prior_predictive-001,0.779296875,prior_predictive,1,0.41668184476267534,prior,g,0.05181837335720255,0.7607604016906215,0.22716134041146713,0.6348849308003608,0.708942028333419
0.039897161848534424,evaluation-prior_predictive-001,0.7788642020953505,prior_predictive,1,3.146206463102724,published,r,3.0646877176339653,3.241247931917196,0.05477597400202984,3.1861036249512584,0.17656021428323054
0.009514676693854085,evaluation-prior_predictive-001,0.6052862235185683,prior_predictive,1,2.29855745607418,published,b,2.2474282009057527,2.347343667939627,0.030838622038889246,2.308072132768034,0.09991546703387444
0.003915600880519898,evaluation-prior_predictive-001,0.5164285394067709,prior_predictive,1,0.6309693299198409,published,g,0.5645508670316542,0.6947692710834155,0.04141131003494255,0.6348849308003608,0.13021840405176122
0.042434758195351474,evaluation-prior_predictive-001,0.7928534958343469,prior_predictive,1,3.143668866755907,higher_compute,r,3.0586852358091203,3.246775070471106,0.05668171414995222,3.1861036249512584,0.18808983466198548
0.010169213777784236,evaluation-prior_predictive-001,0.6029957250460489,prior_predictive,1,2.29790291899025,higher_compute,b,2.2429033592832357,2.3477459876312725,0.03203840274639347,2.308072132768034,0.10484262834803681
0.00019830866428627303,evaluation-prior_predictive-001,0.4634009969642613,prior_predictive,1,0.6350832394646471,higher_compute,g,0.5617493188455852,0.6983676108020834,0.04115026454903237,0.6348849308003608,0.13661829195649822
0.04310380121204416,evaluation-prior_predictive-001,0.7952500000000002,prior_predictive,1,3.1429998237392143,reference,r,3.061137017387404,3.239947310132175,0.054375410496252184,3.1861036249512584,0.178810292744771
0.01085557023793804,evaluation-prior_predictive-001,0.6147500000000001,prior_predictive,1,2.297216562530096,reference,b,2.242690592099609,2.346567969658496,0.031660108826962914,2.308072132768034,0.10387737755888704
0.0017293117827062998,evaluation-prior_predictive-001,0.45306250000000015,prior_predictive,1,0.6366142425830671,reference,g,0.5670280857402314,0.695231441259239,0.03929943079474858,0.6348849308003608,0.12820335551900752
1.197741081140319,evaluation-prior_predictive-002,0.3046875,prior_predictive,1,5.065091131246518,prior,r,2.2928406052140913,7.7535505761857175,1.7847369509310982,3.8673500501061993,5.460709970971626
0.2080824982844578,evaluation-prior_predictive-002,0.4052734375,prior_predictive,1,1.762375105978121,prior,b,0.6414915271630448,2.8416061045200145,0.7046648815366323,1.5542926076936632,2.2001145773569695
0.3934020326209638,evaluation-prior_predictive-002,0.9833984375,prior_predictive,0,0.3945860355256983,prior,g,0.03503088540013801,0.7658497574566536,0.22961533627230335,0.7879880681466621,0.7308188720565156
0.03936193523843423,evaluation-prior_predictive-002,0.19187439966627606,prior_predictive,1,3.9067119853446335,published,r,3.8374042804198933,3.9858198309594743,0.043618994050761105,3.8673500501061993,0.148415550539581
0.00041500244872638703,evaluation-prior_predictive-002,0.48419455780882004,prior_predictive,1,1.5547076101423896,published,b,1.4849973197439437,1.6208350171995396,0.04073886599065095,1.5542926076936632,0.13583769745559593
0.025573486678034496,evaluation-prior_predictive-002,0.8301238343920477,prior_predictive,1,0.7624145814686276,published,g,0.7165320300052757,0.7962667594869403,0.02467313099292164,0.7879880681466621,0.0797347294816646
0.038873139735084994,evaluation-prior_predictive-002,0.19260074866860938,prior_predictive,1,3.9062231898412842,higher_compute,r,3.8373436962189276,3.9850511949632623,0.044751376764738816,3.8673500501061993,0.14770749874433475
0.004393634108679878,evaluation-prior_predictive-002,0.4442386973119229,prior_predictive,1,1.558686241802343,higher_compute,b,1.4932660293558888,1.6204230088477223,0.03847662621441712,1.5542926076936632,0.12715697949183347
0.02741348423921608,evaluation-prior_predictive-002,0.845033037028452,prior_predictive,1,0.760574583907446,higher_compute,g,0.7113376525752796,0.7960881950719844,0.026402795504417553,0.7879880681466621,0.08475054249670477
0.03795857490767762,evaluation-prior_predictive-002,0.19581250000000006,prior_predictive,1,3.905308625013877,reference,r,3.8388697741633986,3.9835623123006743,0.04328515299051338,3.8673500501061993,0.14469253813727567
0.005103337094078952,evaluation-prior_predictive-002,0.42343750000000013,prior_predictive,1,1.5593959447877421,reference,b,1.4933690051095418,1.6195692739931025,0.03835822072392704,1.5542926076936632,0.12620026888356062
0.02684493884997685,evaluation-prior_predictive-002,0.8323750000000003,prior_predictive,1,0.7611431292966853,reference,g,0.7133222019855456,0.7959330882198941,0.02649575623784327,0.7879880681466621,0.08261088623434842
0.17544366220039453,evaluation-prior_predictive-003,0.46484375,prior_predictive,1,4.9641877226055815,prior,r,2.2994385899466425,7.65309872156297,1.731155773032303,4.788744060405187,5.353660131616328
0.7735973533383185,evaluation-prior_predictive-003,0.8046875,prior_predictive,1,1.747605232987017,prior,b,0.6288467424663782,2.888818250114765,0.7185128691040205,2.5212025863253356,2.2599715076483866
0.30261560605688054,evaluation-prior_predictive-003,0.1337890625,prior_predictive,1,0.4000912931786176,prior,g,0.04017414660337389,0.7548131790315968,0.23409573954621551,0.09747568712173704,0.7146390324282229
0.012243825937606978,evaluation-prior_predictive-003,0.46832237252774445,prior_predictive,1,4.800987886342794,published,r,4.681904159488538,4.913506219294827,0.07181976789638948,4.788744060405187,0.23160205980628845
0.015137150440033054,evaluation-prior_predictive-003,0.6299711309107143,prior_predictive,1,2.5060654358853025,published,b,2.4294382409185222,2.57606213388421,0.045276582307196334,2.5212025863253356,0.14662389296568756
0.007398767205834919,evaluation-prior_predictive-003,0.570229543243282,prior_predictive,1,0.09007691991590212,published,g,0.014181028103062598,0.16783807413405774,0.045657381264753626,0.09747568712173704,0.15365704603099514
0.011876372896515441,evaluation-prior_predictive-003,0.44607002130337003,prior_predictive,1,4.800620433301702,higher_compute,r,4.684321945230632,4.918553266787274,0.07136668506458632,4.788744060405187,0.23423132155664206
0.016948664690158655,evaluation-prior_predictive-003,0.6284764996472785,prior_predictive,1,2.504253921635177,higher_compute,b,2.4251995494767753,2.57778509784876,0.04613580086018642,2.5212025863253356,0.1525855483719849
0.006316560111721992,evaluation-prior_predictive-003,0.5461922987567488,prior_predictive,1,0.09115912701001505,higher_compute,g,0.017717948744837973,0.16483418928045845,0.04488610569232913,0.09747568712173704,0.14711624053562047
0.009214856848699604,evaluation-prior_predictive-003,0.4595000000000002,prior_predictive,1,4.797958917253887,reference,r,4.68140267759448,4.916916857084562,0.07084186747903853,4.788744060405187,0.2355141794900817
0.016520905219062687,evaluation-prior_predictive-003,0.6203125,prior_predictive,1,2.504681681106273,reference,b,2.4254269192249334,2.5754598839031013,0.04576220081394693,2.5212025863253356,0.15003296467816796
0.0033859304001512547,evaluation-prior_predictive-003,0.5268125000000002,prior_predictive,1,0.09408975672158579,reference,g,0.01898547150662171,0.16912362014043986,0.045156208155111434,0.09747568712173704,0.15013814863381814
2.6603727132070887,evaluation-prior_predictive-004,0.068359375,prior_predictive,1,5.018876033552022,prior,r,2.279290363142068,7.721854446997786,1.7293958384550567,2.3585033203449335,5.442564083855718
0.7035266777763307,evaluation-prior_predictive-004,0.2265625,prior_predictive,1,1.7892182754448935,prior,b,0.6100863887139296,2.861443571161398,0.7315225931127949,1.0856915976685628,2.2513571824474683
0.26323730479115764,evaluation-prior_predictive-004,0.1787109375,prior_predictive,1,0.40000249883134675,prior,g,0.04319368935144602,0.7600740419739478,0.23242497445840132,0.1367651940401891,0.7168803526225018
0.008101874626553318,evaluation-prior_predictive-004,0.6074338234242761,prior_predictive,1,2.35040144571838,published,r,2.2992248691084103,2.402175579236903,0.03208657140042254,2.3585033203449335,0.10295071012849277
0.00959049998211281,evaluation-prior_predictive-004,0.6453854098740626,prior_predictive,1,1.07610109768645,published,b,1.0382269150547165,1.1172923775136938,0.02316434026989014,1.0856915976685628,0.07906546245897728
0.0007183426110722313,evaluation-prior_predictive-004,0.5318692177922383,prior_predictive,1,0.13604685142911688,published,g,0.10273126985772528,0.16941317549972346,0.02084112634466458,0.1367651940401891,0.06668190564199818
0.008226324448813216,evaluation-prior_predictive-004,0.6202265850556998,prior_predictive,1,2.3502769958961203,higher_compute,r,2.303023624793549,2.4019583055786375,0.030649209710461284,2.3585033203449335,0.0989346807850886
0.007952536291846446,evaluation-prior_predictive-004,0.6235891364707541,prior_predictive,1,1.0777390613767164,higher_compute,b,1.037524506970461,1.1153907185986,0.02418844713453465,1.0856915976685628,0.077866211628139
0.0021486162707552436,evaluation-prior_predictive-004,0.5380007952227706,prior_predictive,1,0.13461657776943386,higher_compute,g,0.09774260194972123,0.16991072282547967,0.02162521173292758,0.1367651940401891,0.07216812087575844
0.008981161659720183,evaluation-prior_predictive-004,0.6208750000000001,prior_predictive,1,2.3495221586852133,reference,r,2.300293822620029,2.4020659132399236,0.031632535193693585,2.3585033203449335,0.10177209061989467
0.0077556955526612015,evaluation-prior_predictive-004,0.6186875000000001,prior_predictive,1,1.0779359021159016,reference,b,1.039191119560064,1.1171938764171565,0.023904298967563322,1.0856915976685628,0.07800275685709246
0.0018045882805778901,evaluation-prior_predictive-004,0.5266875000000002,prior_predictive,1,0.13496060575961122,reference,g,0.09909168061470042,0.16969642751737576,0.02133536180634389,0.1367651940401891,0.07060474690267535
0.0348566726542181,evaluation-prior_predictive-005,0.4921875,prior_predictive,1,5.058010938415227,prior,r,2.2776335535136036,7.780384830733676,1.7566293466294003,5.092867611069445,5.502751277220073
1.0230944815236198,evaluation-prior_predictive-005,0.083984375,prior_predictive,1,1.756305657947918,prior,b,0.6428428667481055,2.8862860227417664,0.7266245100016341,0.7332111764242981,2.2434431559936607
0.004422572866093266,evaluation-prior_predictive-005,0.478515625,prior_predictive,1,0.40239514552850547,prior,g,0.04479238325046192,0.7550866564552188,0.2283634325041784,0.3979725726624122,0.7102942732047568
0.020580776171660986,evaluation-prior_predictive-005,0.44285849801715876,prior_predictive,1,5.113448387241106,published,r,4.983420417872511,5.265546385404023,0.085422760684814,5.092867611069445,0.28212596753151153
0.022957591650813458,evaluation-prior_predictive-005,0.6258342733455511,prior_predictive,1,0.7102535847734847,published,b,0.617546336971168,0.7985917529051026,0.05518322281349449,0.7332111764242981,0.18104541593393464
0.04160356158850148,evaluation-prior_predictive-005,0.23420661621838879,prior_predictive,1,0.4395761342509137,published,g,0.33501262877223587,0.5355033956398887,0.0609996909270055,0.3979725726624122,0.20049076686765283
0.02251656305319738,evaluation-prior_predictive-005,0.41829622762929697,prior_predictive,1,5.115384174122642,higher_compute,r,4.980560327361064,5.268660531784515,0.08739797473802945,5.092867611069445,0.28810020442345063
0.024498332514823362,evaluation-prior_predictive-005,0.6563084998105764,prior_predictive,1,0.7087128439094748,higher_compute,b,0.609288034982544,0.798709765922617,0.05775408370443094,0.7332111764242981,0.18942173094007297
0.04194993858044743,evaluation-prior_predictive-005,0.23979993266979255,prior_predictive,1,0.43992251124285964,higher_compute,g,0.3262847013846218,0.5305307392500961,0.06218821181397923,0.3979725726624122,0.2042460378654743
0.022368837939240827,evaluation-prior_predictive-005,0.41612500000000013,prior_predictive,1,5.115236449008686,reference,r,4.98421662986801,5.265224194763641,0.08473220455699926,5.092867611069445,0.2810075648956305
0.023175512699283418,evaluation-prior_predictive-005,0.6621250000000001,prior_predictive,1,0.7100356637250147,reference,b,0.6170253769354572,0.7982425193531044,0.05455945181697107,0.7332111764242981,0.1812171424176472
0.03982271773078233,evaluation-prior_predictive-005,0.2512500000000001,prior_predictive,1,0.43779529039319454,reference,g,0.32293128999614257,0.5301001858623935,0.06423409863343414,0.3979725726624122,0.20716889586625092
2.6252037468593654,evaluation-prior_predictive-006,0.080078125,prior_predictive,1,5.015331362224862,prior,r,2.2660464707003385,7.6823898425421815,1.7425720359343395,2.390127615365497,5.416343371841843
0.8644555319238054,evaluation-prior_predictive-006,0.84765625,prior_predictive,1,1.7339223911197377,prior,b,0.6187613898239206,2.858891218610856,0.7275322059429357,2.598377923043543,2.2401298287869356
0.3718512500843101,evaluation-prior_predictive-006,0.9794921875,prior_predictive,0,0.40629408200851413,prior,g,0.04292591449572596,0.753500000278981,0.22578599549494233,0.7781453320928242,0.7105740857832551
0.0004514153568786483,evaluation-prior_predictive-006,0.5390886798665364,prior_predictive,1,2.3896762000086182,published,r,2.3367498775184994,2.4487353478313367,0.03421094386595565,2.390127615365497,0.11198547031283734
0.01625907239696245,evaluation-prior_predictive-006,0.677506711633141,prior_predictive,1,2.5821188506465806,published,b,2.524246648240154,2.6338766585069733,0.03342215797690541,2.598377923043543,0.10963001026681907
0.0026623679382085097,evaluation-prior_predictive-006,0.3481145831141242,prior_predictive,1,0.7808077000310327,published,g,0.7447757115667014,0.7993715994957276,0.01729243920847923,0.7781453320928242,0.05459588792902614
0.0015648890097619272,evaluation-prior_predictive-006,0.5357486346868183,prior_predictive,1,2.388562726355735,higher_compute,r,2.333651905682059,2.447608871314062,0.03556407201523839,2.390127615365497,0.1139569656320032
0.014547444358823824,evaluation-prior_predictive-006,0.656596843264627,prior_predictive,1,2.5838304786847193,higher_compute,b,2.5264598804960485,2.6373479111538,0.03375033581848975,2.598377923043543,0.11088803065775155
0.002303689692121136,evaluation-prior_predictive-006,0.3658747399867895,prior_predictive,1,0.7804490217849454,higher_compute,g,0.7500428917385318,0.7985653935556188,0.01626151679568248,0.7781453320928242,0.04852250181708706
0.004446943492709465,evaluation-prior_predictive-006,0.5651875000000001,prior_predictive,1,2.3856806718727874,reference,r,2.3301925298841937,2.4449193963566698,0.035032983033034336,2.390127615365497,0.1147268664724761
0.011645284300755065,evaluation-prior_predictive-006,0.6218125000000001,prior_predictive,1,2.586732638742788,reference,b,2.529890120654684,2.6387842512147266,0.03311314725328465,2.598377923043543,0.1088941305600426
0.0019107880815327771,evaluation-prior_predictive-006,0.3685625000000001,prior_predictive,1,0.780056120174357,reference,g,0.7468709193052667,0.7985292727176092,0.01676202414039445,0.7781453320928242,0.051658353412342484
2.5090071312245037,evaluation-prior_predictive-007,0.91015625,prior_predictive,1,5.000983182266269,prior,r,2.2831828102855116,7.765162067634225,1.7384909413933767,7.509990313490773,5.481979257348713
0.9380248286763258,evaluation-prior_predictive-007,0.8662109375,prior_predictive,1,1.738937859532752,prior,b,0.6271515678249693,2.8610721498694587,0.7210269835469534,2.676962688209078,2.2339205820444894
0.3335642627396301,evaluation-prior_predictive-007,0.0849609375,prior_predictive,1,0.3993389233724589,prior,g,0.04138335998383962,0.7567301248274556,0.22985188331019377,0.06577466063282884,0.715346764843616
0.08232266978830882,evaluation-prior_predictive-007,0.11436623389768501,prior_predictive,1,7.592312983279082,published,r,7.47460935819302,7.70735568768019,0.07018270800332488,7.509990313490773,0.23274632948716967
0.05832148943962734,evaluation-prior_predictive-007,0.8975398335843596,prior_predictive,1,2.6186411987694505,published,b,2.532313211660367,2.689804362311309,0.04857886989323044,2.676962688209078,0.1574911506509422
0.008162111093888452,evaluation-prior_predictive-007,0.6244041268975918,prior_predictive,1,0.05761254953894039,published,g,0.008105146539280156,0.131579386082135,0.03891200873548083,0.06577466063282884,0.12347423954285486
0.085147801472794,evaluation-prior_predictive-007,0.09543997791474947,prior_predictive,1,7.595138114963567,higher_compute,r,7.489530032367762,7.710334015982731,0.06731557590251103,7.509990313490773,0.2208039836149691
0.05895606226208017,evaluation-prior_predictive-007,0.8995130970558021,prior_predictive,1,2.6180066259469976,higher_compute,b,2.534170476521055,2.6922419742514077,0.04766850644459652,2.676962688209078,0.15807149773035256
0.012768525787482388,evaluation-prior_predictive-007,0.6716854439040785,prior_predictive,1,0.053006134845346456,higher_compute,g,0.005362632054120046,0.11831078368759872,0.03529596361025224,0.06577466063282884,0.11294815163347867
0.08824891994323814,evaluation-prior_predictive-007,0.09812500000000003,prior_predictive,1,7.598239233434011,reference,r,7.491660024150469,7.72389204285186,0.07163912555546045,7.509990313490773,0.23223201870139132
0.06160430533754635,evaluation-prior_predictive-007,0.8990000000000004,prior_predictive,1,2.6153583828715314,reference,b,2.5278717267260045,2.6932752527435824,0.05048657459773559,2.676962688209078,0.1654035260175779
0.012826400034630703,evaluation-prior_predictive-007,0.6634375000000001,prior_predictive,1,0.05294826059819814,reference,g,0.0043744839225637105,0.12009254509669182,0.03578393489200151,0.06577466063282884,0.11571806117412811
2.1311732756782544,evaluation-prior_predictive-008,0.15234375,prior_predictive,1,4.977843509918529,prior,r,2.3384331091987978,7.701060634301541,1.7563577797063645,2.8466702342402743,5.362627525102743
0.1234483828365498,evaluation-prior_predictive-008,0.4482421875,prior_predictive,1,1.7582633605835833,prior,b,0.6085448612137792,2.8627459239942463,0.7216828300252786,1.6348149777470335,2.254201062780467
0.016357894369372294,evaluation-prior_predictive-008,0.4638671875,prior_predictive,1,0.40448866764349867,prior,g,0.03957946261041139,0.7532419551508778,0.230840910486694,0.3881307732741264,0.7136624925404664
0.012625160478339836,evaluation-prior_predictive-008,0.6066934321696129,prior_predictive,1,2.8340450737619345,published,r,2.757689049074599,2.913933474653317,0.0472450102840528,2.8466702342402743,0.1562444255787181
0.044536429079289785,evaluation-prior_predictive-008,0.05946880829653213,prior_predictive,1,1.6793514068263233,published,b,1.6323727336052907,1.7199308292398465,0.026885625519263615,1.6348149777470335,0.08755809563455585
0.007814911173193884,evaluation-prior_predictive-008,0.41615445384634975,prior_predictive,1,0.39594568444732026,published,g,0.33757390558156536,0.45450998940827175,0.03561515346602026,0.3881307732741264,0.1169360838267064
0.014329197465742904,evaluation-prior_predictive-008,0.6437378457751409,prior_predictive,1,2.8323410367745314,higher_compute,r,2.7586215536416745,2.910120482297618,0.046040054743145986,2.8466702342402743,0.1514989286559434
0.04350000160729506,evaluation-prior_predictive-008,0.06151490788517924,prior_predictive,1,1.6783149793543286,higher_compute,b,1.632150609137384,1.7196456139364473,0.026640076771104682,1.6348149777470335,0.08749500479906325
0.008763351371200656,evaluation-prior_predictive-008,0.38672783209707007,prior_predictive,1,0.39689412464532703,higher_compute,g,0.339031373890175,0.45242396438138494,0.034232050927110416,0.3881307732741264,0.11339259049120992
0.014825738520746423,evaluation-prior_predictive-008,0.6356875000000002,prior_predictive,1,2.831844495719528,reference,r,2.760324339529742,2.908800008695149,0.04578392022815346,2.8466702342402743,0.148475669165407
0.04323918334529919,evaluation-prior_predictive-008,0.060125000000000026,prior_predictive,1,1.6780541610923327,reference,b,1.632559249139649,1.7216536832460863,0.027177793903275172,1.6348149777470335,0.08909443410643725
0.009370469777426282,evaluation-prior_predictive-008,0.38687500000000014,prior_predictive,1,0.39750124305155266,reference,g,0.33879869559705755,0.4530201604370591,0.034663243768336294,0.3881307732741264,0.11422146484000156
1.772640331530103,evaluation-prior_predictive-009,0.20703125,prior_predictive,1,4.972157735572678,prior,r,2.2923055685402924,7.684986069258073,1.7425160637951171,3.1995174040425747,5.3926805007177805
0.9168946373835825,evaluation-prior_predictive-009,0.15234375,prior_predictive,1,1.7712733491868704,prior,b,0.6249696566160394,2.876595550841989,0.7317998222163736,0.854378711803288,2.2516258942259495
0.2282272013567006,evaluation-prior_predictive-009,0.2236328125,prior_predictive,1,0.403312692241494,prior,g,0.048702839077639504,0.7676842897329356,0.2320315343052096,0.17508549088479342,0.7189814506552961
0.04102759412448087,evaluation-prior_predictive-009,0.8494934047166349,prior_predictive,1,3.158489809918094,published,r,3.091400940728996,3.2265952588561486,0.04075230572868547,3.1995174040425747,0.13519431812715244
0.04602311483161481,evaluation-prior_predictive-009,0.03405779608524555,prior_predictive,0,0.9004018266349028,published,b,0.859701528322843,0.9409612061290794,0.023864985259040884,0.854378711803288,0.08125967780623644
0.00950391736262618,evaluation-prior_predictive-009,0.6367981893348955,prior_predictive,1,0.16558157352216724,published,g,0.12147638916601343,0.20579305196203246,0.025329714775380593,0.17508549088479342,0.08431666279601903
0.03848101401239479,evaluation-prior_predictive-009,0.8338411234814069,prior_predictive,1,3.16103639003018,higher_compute,r,3.097093544876528,3.2274979903624796,0.03974574393475225,3.1995174040425747,0.13040444548595165
0.04509327415906228,evaluation-prior_predictive-009,0.028403201966418552,prior_predictive,0,0.8994719859623502,higher_compute,b,0.8602260780762528,0.9390556659774625,0.023727717006152643,0.854378711803288,0.07882958790120964
0.011084765349737624,evaluation-prior_predictive-009,0.6626988107269727,prior_predictive,1,0.1640007255350558,higher_compute,g,0.12133259072932297,0.20469049646864504,0.025460436365836944,0.17508549088479342,0.08335790573932207
0.03690706432784463,evaluation-prior_predictive-009,0.8284375000000003,prior_predictive,1,3.16261033971473,reference,r,3.099835546573636,3.228127981364221,0.039263439129807204,3.1995174040425747,0.12829243479058539
0.04458521795747172,evaluation-prior_predictive-009,0.02793750000000001,prior_predictive,0,0.8989639297607597,reference,b,0.8598331722275931,0.9373848008830148,0.023721090716638006,0.854378711803288,0.07755162865542164
0.011649566415757762,evaluation-prior_predictive-009,0.6778125000000002,prior_predictive,1,0.16343592446903565,reference,g,0.12091772214070104,0.20522349015810823,0.025327668790202807,0.17508549088479342,0.08430576801740719
1.7981016324955954,evaluation-prior_predictive-010,0.2041015625,prior_predictive,1,4.975815764781688,prior,r,2.2232260533213664,7.669342133522237,1.7462748150210599,3.1777141322860922,5.446116080200871
0.24067614983242014,evaluation-prior_predictive-010,0.3994140625,prior_predictive,1,1.7236590182581193,prior,b,0.6136607285600856,2.858481856613547,0.7074978564967793,1.4829828684256992,2.2448211280534616
0.1833732806155971,evaluation-prior_predictive-010,0.2568359375,prior_predictive,1,0.39481215812108916,prior,g,0.03359085938495907,0.7649252902300037,0.2307964030892191,0.21143887750549206,0.7313344308450446
0.0055503780820478354,evaluation-prior_predictive-010,0.46792742225908246,prior_predictive,1,3.18326451036814,published,r,3.1029826916320356,3.2616276002044766,0.049000974124743225,3.1777141322860922,0.15864490857244107
0.03241164153796694,evaluation-prior_predictive-010,0.14192979806013273,prior_predictive,1,1.515394509963666,published,b,1.464347439783777,1.5661913309388709,0.030984232304817172,1.4829828684256992,0.10184389115509385
0.04986318066661316,evaluation-prior_predictive-010,0.9352380384489536,prior_predictive,1,0.1615756968388789,published,g,0.10950047781940624,0.21753149896543722,0.031046101476310064,0.21143887750549206,0.10803102114603098
0.0070896168642407,evaluation-prior_predictive-010,0.4494832170233905,prior_predictive,1,3.184803749150333,higher_compute,r,3.104549008556369,3.271382075531598,0.04957809150497181,3.1777141322860922,0.16683306697522893
0.03267290476736662,evaluation-prior_predictive-010,0.148009139116651,prior_predictive,1,1.5156557731930658,higher_compute,b,1.4610383523765265,1.5650147535977417,0.031580301432234316,1.4829828684256992,0.10397640122121521
0.05176572269807117,evaluation-prior_predictive-010,0.9600581302936764,prior_predictive,0,0.1596731548074209,higher_compute,g,0.10630925422270573,0.2090491678468027,0.03145732812935146,0.21143887750549206,0.10273991362409696
0.005130300507897978,evaluation-prior_predictive-010,0.4653125000000002,prior_predictive,1,3.18284443279399,reference,r,3.10866503964128,3.2612578825734237,0.047021318444190066,3.1777141322860922,0.15259284293214392
0.03350717551549476,evaluation-prior_predictive-010,0.13062500000000005,prior_predictive,1,1.516490043941194,reference,b,1.4668031394948626,1.562592416145052,0.029429179524336598,1.4829828684256992,0.09578927665018933
0.050624392012911634,evaluation-prior_predictive-010,0.9541250000000003,prior_predictive,0,0.16081448549258043,reference,g,0.10935049139412134,0.2102788564888899,0.030772533695530208,0.21143887750549206,0.10092836509476855
1.9750653289821725,evaluation-prior_predictive-011,0.16015625,prior_predictive,1,4.961917146356856,prior,r,2.3396840963605965,7.730711505196031,1.7237927284555468,2.9868518173746836,5.391027408835434
0.3343018686949033,evaluation-prior_predictive-011,0.619140625,prior_predictive,1,1.737507208913265,prior,b,0.6204962404205019,2.852119901975534,0.7275457773223786,2.0718090776081683,2.231623661555032
0.3087836035755459,evaluation-prior_predictive-011,0.125,prior_predictive,1,0.40775864926294003,prior,g,0.048793934909606776,0.7605598165562808,0.23298658524058055,0.09897504568739413,0.711765881646674
0.020292207110928828,evaluation-prior_predictive-011,0.3154136727203241,prior_predictive,1,3.0071440244856125,published,r,2.9387269191953496,3.0812921163546014,0.04171864939716462,2.9868518173746836,0.14256519715925187
0.007133038834411298,evaluation-prior_predictive-011,0.552950818611552,prior_predictive,1,2.064676038773757,published,b,2.0096312473874134,2.117317526217205,0.0324324197218596,2.0718090776081683,0.10768627882979143
0.011301981118190543,evaluation-prior_predictive-011,0.3511980143857057,prior_predictive,1,0.11027702680558467,published,g,0.05441388348846258,0.16267538304197668,0.0323917332557893,0.09897504568739413,0.1082614995535141
0.024694550798613157,evaluation-prior_predictive-011,0.2897352306771136,prior_predictive,1,3.011546368173297,higher_compute,r,2.943906373944131,3.0820491329566035,0.04193052320314355,2.9868518173746836,0.13814275901247264
0.010396004840196316,evaluation-prior_predictive-011,0.6228287629714881,prior_predictive,1,2.061413072767972,higher_compute,b,2.0066401441192303,2.1135205727333126,0.03310203390692288,2.0718090776081683,0.10688042861408231
0.011862715934614187,evaluation-prior_predictive-011,0.3491863643449432,prior_predictive,1,0.11083776162200831,higher_compute,g,0.05749971752739499,0.16176668956457038,0.031826266330936145,0.09897504568739413,0.10426697203717539
0.024113592430426323,evaluation-prior_predictive-011,0.28656250000000005,prior_predictive,1,3.01096540980511,reference,r,2.9439962423912016,3.0819292902795685,0.04246455917132548,2.9868518173746836,0.1379330478883669
0.010043631762735483,evaluation-prior_predictive-011,0.6110625000000001,prior_predictive,1,2.061765445845433,reference,b,2.005782423963489,2.11481586145491,0.03339472242264275,2.0718090776081683,0.10903343749142103
0.011168817654833976,evaluation-prior_predictive-011,0.3560000000000001,prior_predictive,1,0.1101438633422281,reference,g,0.056225979526165204,0.16110434966343504,0.031386477971834734,0.09897504568739413,0.10487837013726983
0.18614221733584557,evaluation-prior_predictive-012,0.5400390625,prior_predictive,1,4.949716692820919,prior,r,2.287491971133023,7.714623804560786,1.7529729464839163,5.135858910156765,5.4271318334277625
0.14343742115584668,evaluation-prior_predictive-012,0.5634765625,prior_predictive,1,1.736951084324501,prior,b,0.6288068442579959,2.853160914662362,0.7093627673694453,1.8803885054803477,2.2243540704043663
0.0211522050877066,evaluation-prior_predictive-012,0.5380859375,prior_predictive,1,0.39643858328791454,prior,g,0.04732177273501421,0.7570733192261384,0.22619211054016455,0.41759078837562114,0.7097515464911242
0.0279955440087285,evaluation-prior_predictive-012,0.6933735937071742,prior_predictive,1,5.107863366148036,published,r,5.012610764115084,5.228808457903987,0.06733638701588089,5.135858910156765,0.21619769378890297
0.03596760500627605,evaluation-prior_predictive-012,0.7735486799877673,prior_predictive,1,1.8444209004740717,published,b,1.7603368785863962,1.9188651309230458,0.047665114613826186,1.8803885054803477,0.15852825233664958
0.07486548740265764,evaluation-prior_predictive-012,0.08141749629506205,prior_predictive,1,0.4924562757782788,published,g,0.4077370396672539,0.5693525888892274,0.04992602379341621,0.41759078837562114,0.16161554922197346
0.021570850874303105,evaluation-prior_predictive-012,0.6422540593784397,prior_predictive,1,5.114288059282462,higher_compute,r,5.009861629064557,5.239032255112012,0.07023708817993421,5.135858910156765,0.22917062604745553
0.03675726560254611,evaluation-prior_predictive-012,0.7801957743575806,prior_predictive,1,1.8436312398778016,higher_compute,b,1.7609421496610227,1.9210599706207485,0.04780952769817547,1.8803885054803477,0.16011782095972582
0.07029107843666998,evaluation-prior_predictive-012,0.08746032050329561,prior_predictive,1,0.4878818668122911,higher_compute,g,0.4031690861366891,0.5688343811397442,0.05036313383293737,0.41759078837562114,0.16566529500305505
0.021818629850425708,evaluation-prior_predictive-012,0.6528750000000001,prior_predictive,1,5.114040280306339,reference,r,5.007950833286839,5.236353695590317,0.06878826949528498,5.135858910156765,0.2284028623034784
0.039782085364890474,evaluation-prior_predictive-012,0.7858750000000003,prior_predictive,1,1.8406064201154573,reference,b,1.7629885100211875,1.9167104640566395,0.04706158550199144,1.8803885054803477,0.15372195403545197
0.0724860374888543,evaluation-prior_predictive-012,0.08175000000000002,prior_predictive,1,0.49007682586447543,reference,g,0.40400409985155367,0.5651364933536515,0.04868439335088176,0.41759078837562114,0.1611323935020978
3.02223261410537,evaluation-prior_predictive-013,0.9990234375,prior_predictive,0,4.97192033734774,prior,r,2.336741183081359,7.684958713768857,1.7031498511934353,7.99415295145311,5.348217530687498
0.3186438666577307,evaluation-prior_predictive-013,0.625,prior_predictive,1,1.7716489631765127,prior,b,0.6318751849290449,2.890887080144376,0.7296187813979167,2.0902928298342434,2.259011895215331
0.30875078219831664,evaluation-prior_predictive-013,0.8896484375,prior_predictive,1,0.4000161695777714,prior,g,0.03471788649957466,0.7671357126876165,0.23198536888195145,0.7087669517760881,0.7324178261880419
0.04785753890238098,evaluation-prior_predictive-013,0.9007145695094537,prior_predictive,1,7.946295412550729,published,r,7.860981329614479,7.997160894348221,0.04376860085931162,7.99415295145311,0.1361795647337427
0.017026441822259653,evaluation-prior_predictive-013,0.6841959658720697,prior_predictive,1,2.0732663880119837,published,b,2.011870457489554,2.1380760311284224,0.038211550953307714,2.0902928298342434,0.12620557363886853
0.0547795793780389,evaluation-prior_predictive-013,0.037702820484577314,prior_predictive,0,0.763546531154127,published,g,0.7114359581451783,0.797840887026378,0.027397461426648468,0.7087669517760881,0.08640492888119966
0.04892934385184766,evaluation-prior_predictive-013,0.9320224034691516,prior_predictive,1,7.945223607601262,higher_compute,r,7.864152867592889,7.995638410160019,0.04147749578705266,7.99415295145311,0.1314855425671304
0.015519551805895482,evaluation-prior_predictive-013,0.654471035655376,prior_predictive,1,2.074773278028348,higher_compute,b,2.0106972483731247,2.1403868669275146,0.039203658232393496,2.0902928298342434,0.12968961855438987
0.05421648009847124,evaluation-prior_predictive-013,0.05405197409289436,prior_predictive,1,0.7629834318745593,higher_compute,g,0.7072544089804668,0.7976690840842228,0.027941969620640005,0.7087669517760881,0.090414675103756
0.04794922895071352,evaluation-prior_predictive-013,0.9086875000000003,prior_predictive,1,7.946203722502396,reference,r,7.8615106024354695,7.996785096582425,0.04272626187873186,7.99415295145311,0.13527449414695525
0.015969320471911796,evaluation-prior_predictive-013,0.6518750000000002,prior_predictive,1,2.0743235093623316,reference,b,2.0129327208732093,2.1395534661175786,0.039082139214963126,2.0902928298342434,0.12662074524436928
0.05380648243542285,evaluation-prior_predictive-013,0.05062500000000002,prior_predictive,1,0.7625734342115109,reference,g,0.7078948780127461,0.7976094310622289,0.028278115919355713,0.7087669517760881,0.08971455304948284
0.9117013268157237,evaluation-prior_predictive-014,0.359375,prior_predictive,1,5.031342387113899,prior,r,2.351765132545319,7.721063081691523,1.7234285121016144,4.119641060298175,5.369297949146204
0.6483008564450667,evaluation-prior_predictive-014,0.763671875,prior_predictive,1,1.729612143827576,prior,b,0.6221700406918809,2.848405410476791,0.7192615318818703,2.3779130002726427,2.22623536978491
0.0929185307635319,evaluation-prior_predictive-014,0.384765625,prior_predictive,1,0.4072728540111895,prior,g,0.0394577927674045,0.7581722579180384,0.23361202654019855,0.3143543232476576,0.718714465150634
0.06403080319760157,evaluation-prior_predictive-014,0.12704481779247007,prior_predictive,1,4.183671863495777,published,r,4.0926344307364335,4.27850447627059,0.05629610018316669,4.119641060298175,0.18587004553415643
0.012649320055383662,evaluation-prior_predictive-014,0.5900323405978831,prior_predictive,1,2.365263680217259,published,b,2.305862226783667,2.4208750584701884,0.03544953918694322,2.3779130002726427,0.11501283168652154
0.018620164358144342,evaluation-prior_predictive-014,0.6404253097643862,prior_predictive,1,0.29573415888951327,published,g,0.23014679270615307,0.3546151417259259,0.038497711952947634,0.3143543232476576,0.12446834901977283
0.06184714568858407,evaluation-prior_predictive-014,0.13075522851035598,prior_predictive,1,4.181488205986759,higher_compute,r,4.094745605906567,4.273897034295047,0.05454164217875999,4.119641060298175,0.17915142838847942
0.010487348086150483,evaluation-prior_predictive-014,0.6037484822670923,prior_predictive,1,2.3674256521864923,higher_compute,b,2.3078159285419804,2.4263061045512733,0.03626068029045829,2.3779130002726427,0.1184901760092929
0.018823653134757756,evaluation-prior_predictive-014,0.6702256551400945,prior_predictive,1,0.29553067011289985,higher_compute,g,0.23282977276004688,0.35395994625070254,0.03732582429396916,0.3143543232476576,0.12113017349065566
0.06136917757011595,evaluation-prior_predictive-014,0.12931250000000005,prior_predictive,1,4.181010237868291,reference,r,4.093229869807215,4.273090894427561,0.05441516096970138,4.119641060298175,0.17986102462034648
0.009844765270615508,evaluation-prior_predictive-014,0.6108750000000001,prior_predictive,1,2.3680682350020272,reference,b,2.3118793487482723,2.4259125428198693,0.03520931434799151,2.3779130002726427,0.11403319407159707
0.01981529349512129,evaluation-prior_predictive-014,0.6967500000000002,prior_predictive,1,0.2945390297525363,reference,g,0.23140000751186351,0.35458160212070755,0.036907308586716966,0.3143543232476576,0.12318159460884404
1.845316586914743,evaluation-prior_predictive-015,0.189453125,prior_predictive,1,5.063985347954105,prior,r,2.2838610115340163,7.716529898915438,1.7338066232533988,3.2186687610393623,5.432668887381421
0.528718056234631,evaluation-prior_predictive-015,0.7001953125,prior_predictive,1,1.7362531351294315,prior,b,0.6512220840100532,2.875737501056365,0.734520097219686,2.2649711913640624,2.2245154170463115
0.3984279240653934,evaluation-prior_predictive-015,0.99609375,prior_predictive,0,0.39696019709565844,prior,g,0.03319745818319275,0.757257396269072,0.23500739216250816,0.7953881211610518,0.7240599380858792
0.06869597517512904,evaluation-prior_predictive-015,0.07078709802414136,prior_predictive,1,3.2873647362144913,published,r,3.208909625967587,3.376674610613447,0.04909164296424429,3.2186687610393623,0.16776498464585998
0.038084579266510765,evaluation-prior_predictive-015,0.7969319182825099,prior_predictive,1,2.2268866120975517,published,b,2.1602367136749594,2.283821163831892,0.039925204095214974,2.2649711913640624,0.12358445015693276
0.029550668033184957,evaluation-prior_predictive-015,0.9018632717142423,prior_predictive,1,0.7658374531278669,published,g,0.711734541210482,0.7980268894167799,0.02709876684943672,0.7953881211610518,0.08629234820629794
0.067244122097871,evaluation-prior_predictive-015,0.09327505428825414,prior_predictive,1,3.2859128831372333,higher_compute,r,3.2039936968443485,3.3723495012471196,0.050227409539265626,3.2186687610393623,0.1683558044027711
0.036996075584033505,evaluation-prior_predictive-015,0.8110760605594699,prior_predictive,1,2.227975115780029,higher_compute,b,2.157612564625758,2.28999793043327,0.04021716443747297,2.2649711913640624,0.13238536580751203
0.030644404063968844,evaluation-prior_predictive-015,0.9276258952332437,prior_predictive,1,0.764743717097083,higher_compute,g,0.7147446499950313,0.7968184555165949,0.02616152130628341,0.7953881211610518,0.08207380552156363
0.0675225523886831,evaluation-prior_predictive-015,0.07825000000000001,prior_predictive,1,3.2861913134280454,reference,r,3.2103247533512067,3.369671954464285,0.049440841200607266,3.2186687610393623,0.1593472011130781
0.036665938746601956,evaluation-prior_predictive-015,0.8186250000000003,prior_predictive,1,2.2283052526174605,reference,b,2.1617993282623416,2.2881115667029928,0.03894470230391607,2.2649711913640624,0.1263122384406512
0.0301437395724099,evaluation-prior_predictive-015,0.9065625000000004,prior_predictive,1,0.7652443815886419,reference,g,0.7149366890612788,0.7972491019664402,0.026678501169728305,0.7953881211610518,0.08231241290516134
0.29709513272983123,evaluation-prior_predictive-016,0.462890625,prior_predictive,1,4.928226387085088,prior,r,2.321169632103712,7.739690435634529,1.756786496683694,4.631131254355257,5.418520803530817
1.1207656187006436,evaluation-prior_predictive-016,0.955078125,prior_predictive,0,1.7605760690133359,prior,b,0.6273473283060385,2.8553449030997444,0.7161126567560964,2.8813416877139795,2.227997574793706
0.0945606018797881,evaluation-prior_predictive-016,0.37109375,prior_predictive,1,0.4118521309207536,prior,g,0.04374920679091439,0.7619564214039451,0.23042594245104236,0.3172915290409655,0.7182072146130307
0.05845104344925289,evaluation-prior_predictive-016,0.19002153622601922,prior_predictive,1,4.68958229780451,published,r,4.5912252154315425,4.7923935269886035,0.06355433866793664,4.631131254355257,0.20116831155706105
0.06711971527682126,evaluation-prior_predictive-016,0.8886701592977636,prior_predictive,1,2.814221972437158,published,b,2.721121848451969,2.9012123926299296,0.055525395441448556,2.8813416877139795,0.18009054417796078
0.003848209096437738,evaluation-prior_predictive-016,0.5530281008294177,prior_predictive,1,0.3134433199445278,published,g,0.2589187927105175,0.36911597565894344,0.033246994663928116,0.3172915290409655,0.11019718294842595
0.0547226104917069,evaluation-prior_predictive-016,0.1880070062440534,prior_predictive,1,4.685853864846964,higher_compute,r,4.589497034163745,4.792868734885119,0.062157362704088545,4.631131254355257,0.203371700721374
0.0653386850025286,evaluation-prior_predictive-016,0.9031451637586151,prior_predictive,1,2.816003002711451,higher_compute,b,2.7273281598854284,2.8997696675984246,0.05260399535399282,2.8813416877139795,0.17244150771299616
0.0013881178902074298,evaluation-prior_predictive-016,0.5018361818632772,prior_predictive,1,0.3159034111507581,higher_compute,g,0.2582880095407535,0.37084499021555994,0.03398107040588725,0.3172915290409655,0.11255698067480646
0.05919161572774101,evaluation-prior_predictive-016,0.16975000000000004,prior_predictive,1,4.690322870082998,reference,r,4.5894775498554,4.792621261801045,0.06234591021436696,4.631131254355257,0.2031437119456454
0.06691902335560096,evaluation-prior_predictive-016,0.8945625000000004,prior_predictive,1,2.8144226643583785,reference,b,2.7265220201095746,2.8979809040187545,0.05241404426866128,2.8813416877139795,0.17145888390917996
0.005015746563062751,evaluation-prior_predictive-016,0.5465,prior_predictive,1,0.3122757824779028,reference,g,0.25701788442132534,0.36640274065430345,0.03384868131923531,0.3172915290409655,0.10938485623297811
0.426813066211877,evaluation-prior_predictive-017,0.5625,prior_predictive,1,4.96922513501983,prior,r,2.298326985226935,7.651643462087069,1.7244636008032597,5.396038201231707,5.353316476860134
0.9955378014673903,evaluation-prior_predictive-017,0.892578125,prior_predictive,1,1.7375943714149034,prior,b,0.617737615075576,2.8737350268925392,0.719809175353096,2.7331321728822937,2.2559974118169634
0.19095981894905745,evaluation-prior_predictive-017,0.2685546875,prior_predictive,1,0.4033245137569047,prior,g,0.023312623709632326,0.7577119422376966,0.23509957062366885,0.21236469480784725,0.7343993185280643
0.016908354246982782,evaluation-prior_predictive-017,0.46263569978798885,prior_predictive,1,5.4129465554786895,published,r,5.286873366548572,5.5595527401512,0.08593100563577204,5.396038201231707,0.27267937360262806
0.03090095473109944,evaluation-prior_predictive-017,0.25780014829321507,prior_predictive,1,2.764033127613393,published,b,2.686026270582897,2.8425466807925925,0.0472643633011136,2.7331321728822937,0.15652041020969554
0.037645201054218425,evaluation-prior_predictive-017,0.7095060969151832,prior_predictive,1,0.17471949375362883,published,g,0.057712839904376825,0.27886832417032287,0.06619489499508548,0.21236469480784725,0.22115548426594606
0.01717731176275361,evaluation-prior_predictive-017,0.4512029944510943,prior_predictive,1,5.41321551299446,higher_compute,r,5.284008386767457,5.561048945654286,0.08567820510621343,5.396038201231707,0.27704055888682877
0.03036058396890695,evaluation-prior_predictive-017,0.2545090651019804,prior_predictive,1,2.7634927568512007,higher_compute,b,2.6878083048596215,2.841472619806822,0.046651334125733045,2.7331321728822937,0.15366431494720034
0.03733255932012505,evaluation-prior_predictive-017,0.6913881294056505,prior_predictive,1,0.1750321354877222,higher_compute,g,0.057511665663116926,0.2780438831794797,0.06699498451048627,0.21236469480784725,0.22053221751636276
0.021189434732696633,evaluation-prior_predictive-017,0.43962500000000015,prior_predictive,1,5.417227635964403,reference,r,5.29114483622331,5.56699764215418,0.08473522202006661,5.396038201231707,0.27585280593087
0.029158339069246253,evaluation-prior_predictive-017,0.2629375000000001,prior_predictive,1,2.76229051195154,reference,b,2.6874270816769585,2.838082338252698,0.046378996553718105,2.7331321728822937,0.1506552565757393
0.03905472051944814,evaluation-prior_predictive-017,0.7024375000000002,prior_predictive,1,0.17330997428839912,reference,g,0.053943180681013926,0.2779478838794988,0.06635176221404485,0.21236469480784725,0.2240047031984849
1.2870509743265535,evaluation-prior_predictive-018,0.267578125,prior_predictive,1,5.163678240169383,prior,r,2.4394962160335676,7.72129941600225,1.6973000578456878,3.8766272658428296,5.281803199968682
1.0446056294684367,evaluation-prior_predictive-018,0.9248046875,prior_predictive,1,1.8040903114690372,prior,b,0.6227793202900098,2.9027787303349317,0.7228970126088038,2.848695940937474,2.2799994100449217
0.1328648080655882,evaluation-prior_predictive-018,0.666015625,prior_predictive,1,0.3925677828545432,prior,g,0.03931754990644971,0.7577601268697051,0.23245862354490643,0.5254325909201314,0.7184425769632553
0.03735812509294689,evaluation-prior_predictive-018,0.28782561383113076,prior_predictive,1,3.9139853909357765,published,r,3.824375757163017,4.0214185031699,0.06154955205822671,3.8766272658428296,0.1970427460068831
0.044307406007684236,evaluation-prior_predictive-018,0.7955494231428863,prior_predictive,1,2.8043885349297897,published,b,2.7074684827878546,2.886787907383558,0.05389685655933559,2.848695940937474,0.1793194245957035
0.010473957459264938,evaluation-prior_predictive-018,0.3575306175873486,prior_predictive,1,0.5359065483793963,published,g,0.47048262904762683,0.5923699640381201,0.03869232242938218,0.5254325909201314,0.12188733499049331
0.03581432948235097,evaluation-prior_predictive-018,0.29964182930363026,prior_predictive,1,3.9124415953251805,higher_compute,r,3.818864093242126,4.020226869000376,0.06160158582360424,3.8766272658428296,0.20136277575824968
0.04150005167965265,evaluation-prior_predictive-018,0.769306735888666,prior_predictive,1,2.8071958892578213,higher_compute,b,2.7139303595700404,2.8884869585152075,0.05308459373943795,2.848695940937474,0.17455659894516717
0.008639559145735332,evaluation-prior_predictive-018,0.40613563562814897,prior_predictive,1,0.5340721500658667,higher_compute,g,0.46461984732286415,0.59756890565972,0.04075126481929463,0.5254325909201314,0.13294905833685583
0.03657627925766782,evaluation-prior_predictive-018,0.28768750000000004,prior_predictive,1,3.9132035451004974,reference,r,3.8174713935382383,4.026472627555387,0.06315347120945655,3.8766272658428296,0.20900123401714898
0.04278602970970091,evaluation-prior_predictive-018,0.7833125000000003,prior_predictive,1,2.805909911227773,reference,b,2.711043833833685,2.8864186087248678,0.05343759864666551,2.848695940937474,0.17537477489118292
0.009368124541051737,evaluation-prior_predictive-018,0.39218750000000013,prior_predictive,1,0.5348007154611831,reference,g,0.46559226306499824,0.6012735937058988,0.040848110814199534,0.5254325909201314,0.1356813306409006
0.9788704348765682,evaluation-prior_predictive-019,0.6728515625,prior_predictive,1,4.994035961805469,prior,r,2.3417974524460243,7.69026364645618,1.7003104365632224,5.9729063966820375,5.348466194010156
0.7395610139950577,evaluation-prior_predictive-019,0.775390625,prior_predictive,1,1.7491432820307482,prior,b,0.5930989059257137,2.8884913311444214,0.7482145532194202,2.488704296025806,2.295392425218708
0.3144364967560389,evaluation-prior_predictive-019,0.8974609375,prior_predictive,1,0.39250557530385255,prior,g,0.04150450880061215,0.7524626064122458,0.2281584594815225,0.7069420720598915,0.7109580976116336
0.0010628991956469491,evaluation-prior_predictive-019,0.49562616341007587,prior_predictive,1,5.973969295877684,published,r,5.870232898299783,6.081228737829919,0.06512623281195186,5.9729063966820375,0.21099583953013656
0.015262762273072106,evaluation-prior_predictive-019,0.35312827760255777,prior_predictive,1,2.503967058298878,published,b,2.416740080789635,2.5842323091734194,0.051167799783357525,2.488704296025806,0.16749222838378452
0.01089167193365792,evaluation-prior_predictive-019,0.36762692779216,prior_predictive,1,0.7178337439935494,published,g,0.6519211928373359,0.7781177821530516,0.03842065880548161,0.7069420720598915,0.12619658931571576
0.002812948966749218,evaluation-prior_predictive-019,0.5252285369530485,prior_predictive,1,5.970093447715288,higher_compute,r,5.8655071051901615,6.08187278359068,0.06612808644324102,5.9729063966820375,0.21636567840051857
0.016666810080447902,evaluation-prior_predictive-019,0.3474818607676301,prior_predictive,1,2.505371106106254,higher_compute,b,2.4198391363761838,2.5811653336102234,0.04960871584640725,2.488704296025806,0.16132619723403963
0.013642569160776885,evaluation-prior_predictive-019,0.32927545571542427,prior_predictive,1,0.7205846412206683,higher_compute,g,0.6544732009614254,0.7773810281991513,0.03819212190398088,0.7069420720598915,0.12290782723772598
0.002172833221862014,evaluation-prior_predictive-019,0.5276250000000001,prior_predictive,1,5.9707335634601755,reference,r,5.863923319568686,6.082627286143456,0.06630525785133408,5.9729063966820375,0.2187039665747701
0.015051529317251955,evaluation-prior_predictive-019,0.3533125000000001,prior_predictive,1,2.503755825343058,reference,b,2.4109321307882627,2.582336573141061,0.051888301098121314,2.488704296025806,0.17140444235279828
0.01464551214563492,evaluation-prior_predictive-019,0.32612500000000005,prior_predictive,1,0.7215875842055264,reference,g,0.6569711678862724,0.7778402638326418,0.03729158153132434,0.7069420720598915,0.12086909594636941
1.53158810555579,evaluation-prior_predictive-020,0.744140625,prior_predictive,1,5.027746004532299,prior,r,2.2126397518755256,7.691366314685232,1.762889800119209,6.559334110088089,5.478726562809706
0.3675822896812049,evaluation-prior_predictive-020,0.3369140625,prior_predictive,1,1.7679924509700937,prior,b,0.6140548037355431,2.8677028800042366,0.7083297191585569,1.4004101612888888,2.2536480762686937
0.18765960512673358,evaluation-prior_predictive-020,0.732421875,prior_predictive,1,0.3990317151321418,prior,g,0.03487872410147056,0.7568766752540714,0.23112465411230745,0.5866913202588754,0.7219979511526009
0.06738759247384696,evaluation-prior_predictive-020,0.29089716545545263,prior_predictive,1,6.626721702561936,published,r,6.461071725523506,6.814088110579815,0.11004554686691935,6.559334110088089,0.35301638505630883
0.03377224258849143,evaluation-prior_predictive-020,0.6044707034131731,prior_predictive,1,1.3666379187003974,published,b,1.196040567296796,1.498597016131163,0.09253575809752625,1.4004101612888888,0.30255644883436705
0.06628796330745079,evaluation-prior_predictive-020,0.7930412155967929,prior_predictive,1,0.5204033569514246,published,g,0.394666974178757,0.634749377576307,0.0735273728108168,0.5866913202588754,0.24008240339755
0.06635905154036603,evaluation-prior_predictive-020,0.2853678457087855,prior_predictive,1,6.625693161628455,higher_compute,r,6.465431781182983,6.813348040720126,0.10689477382058105,6.559334110088089,0.34791625953714345
0.030714715406463977,evaluation-prior_predictive-020,0.5953069648236757,prior_predictive,1,1.3696954458824249,higher_compute,b,1.2028845578419995,1.4991597684801423,0.08983938032941069,1.4004101612888888,0.29627521063814277
0.06818290726329213,evaluation-prior_predictive-020,0.825173365868692,prior_predictive,1,0.5185084129955833,higher_compute,g,0.39564291541282837,0.6318719949790088,0.07066825059506633,0.5866913202588754,0.23622907956618044
0.06809100212289554,evaluation-prior_predictive-020,0.28087500000000004,prior_predictive,1,6.627425112210984,reference,r,6.456640857885013,6.827820499542024,0.1107378902000741,6.559334110088089,0.3711796416570108
0.03209224002349531,evaluation-prior_predictive-020,0.594875,prior_predictive,1,1.3683179212653935,reference,b,1.198755861530799,1.4992391108233938,0.09172629098688156,1.4004101612888888,0.30048324929259485
0.0698029051157435,evaluation-prior_predictive-020,0.8178750000000004,prior_predictive,1,0.5168884151431319,reference,g,0.39672839285388356,0.6344598123018623,0.07362898953069463,0.5866913202588754,0.23773141944797876
2.4091160884523117,evaluation-prior_predictive-021,0.1103515625,prior_predictive,1,4.929947436039696,prior,r,2.215924445681967,7.704757185646088,1.7821724819617235,2.5208313475873845,5.488832739964121
1.0391617504383968,evaluation-prior_predictive-021,0.912109375,prior_predictive,1,1.716334285490975,prior,b,0.6132117888213602,2.864637289111616,0.724846195926851,2.755496035929372,2.2514255002902557
0.36366036535260793,evaluation-prior_predictive-021,0.951171875,prior_predictive,0,0.3815462550393407,prior,g,0.03736682668012416,0.7445770909159589,0.22740481367057971,0.7452066203919486,0.7072102642358348
0.02800051665087544,evaluation-prior_predictive-021,0.3139396265503411,prior_predictive,1,2.54883186423826,published,r,2.476434156167978,2.6348201187314553,0.04944617967806575,2.5208313475873845,0.15838596256347737
0.01888253323992073,evaluation-prior_predictive-021,0.6973135439112015,prior_predictive,1,2.736613502689451,published,b,2.68153779424338,2.782226740348817,0.03160399101918742,2.755496035929372,0.100688946105437
0.005367716577069914,evaluation-prior_predictive-021,0.3860833970294069,prior_predictive,1,0.7505743369690185,published,g,0.6995216754449145,0.7929985326673071,0.02877079731635229,0.7452066203919486,0.09347685722239263
0.02650480635464758,evaluation-prior_predictive-021,0.3354306110115866,prior_predictive,1,2.547336153942032,higher_compute,r,2.4706544167657585,2.63891555048862,0.05112426905518008,2.5208313475873845,0.16826113372286144
0.01845150216467717,evaluation-prior_predictive-021,0.6969267342452166,prior_predictive,1,2.7370445337646947,higher_compute,b,2.6800494331627163,2.788991657086039,0.03319257196561221,2.755496035929372,0.10894222392332287
0.004153639274635634,evaluation-prior_predictive-021,0.4102132485385182,prior_predictive,1,0.7493602596665843,higher_compute,g,0.6982034408819446,0.7905614351688811,0.02823069230805745,0.7452066203919486,0.09235799428693647
0.02921629155911898,evaluation-prior_predictive-021,0.3019375000000001,prior_predictive,1,2.5500476391465035,reference,r,2.4701304672856392,2.6428128147203127,0.05169320436711438,2.5208313475873845,0.17268234743467348
0.01992421582937043,evaluation-prior_predictive-021,0.7133750000000002,prior_predictive,1,2.7355718201000014,reference,b,2.6759052856488967,2.7885327267727447,0.03349274942830472,2.755496035929372,0.11262744112384793
0.0032235716634784195,evaluation-prior_predictive-021,0.42768750000000016,prior_predictive,1,0.748430192055427,reference,g,0.6978545289207028,0.7911952274207525,0.028499290004808428,0.7452066203919486,0.09334069850004978
1.7946521899215222,evaluation-prior_predictive-022,0.1953125,prior_predictive,1,4.985129463861854,prior,r,2.2907218658687407,7.630697697489199,1.722718045534402,3.190477273940332,5.339975831620459
1.164655342043764,evaluation-prior_predictive-022,0.0263671875,prior_predictive,0,1.7311929063693379,prior,b,0.6324000654532225,2.8707800730460895,0.7304197574697274,0.5665375643255739,2.238380007592867
0.15816896520525264,evaluation-prior_predictive-022,0.7001953125,prior_predictive,1,0.4018364808503592,prior,g,0.04054367698148994,0.7603789622273318,0.23162629208102758,0.5600054460556119,0.7198352852458418
0.011440849583449264,evaluation-prior_predictive-022,0.6353533084226486,prior_predictive,1,3.179036424356883,published,r,3.112149170321616,3.2505176072525064,0.04122098675832372,3.190477273940332,0.1383684369308904
0.013261828069877968,evaluation-prior_predictive-022,0.3581299805275436,prior_predictive,1,0.5797993923954519,published,b,0.520791916798915,0.634592892659597,0.034854866822932595,0.5665375643255739,0.11380097586068194
0.0004144123839083802,evaluation-prior_predictive-022,0.4957710817314927,prior_predictive,1,0.5595910336717035,published,g,0.5137830942399848,0.6029213891304929,0.02665047368598524,0.5600054460556119,0.08913829489050806
0.013201058070265503,evaluation-prior_predictive-022,0.6386181498893485,prior_predictive,1,3.1772762158700667,higher_compute,r,3.1120470630626205,3.2471347371595787,0.04098722336911941,3.190477273940332,0.1350876740969582
0.01478299512959147,evaluation-prior_predictive-022,0.34061722121932,prior_predictive,1,0.5813205594551654,higher_compute,b,0.5257029195168326,0.6369580000340815,0.03382773146736669,0.5665375643255739,0.11125508051724897
0.0003809878014964241,evaluation-prior_predictive-022,0.49166962633877276,prior_predictive,1,0.5596244582541154,higher_compute,g,0.5150010079775479,0.6025725497771991,0.026499993098985843,0.5600054460556119,0.08757154179965121
0.01327022834550906,evaluation-prior_predictive-022,0.6379375,prior_predictive,1,3.177207045594823,reference,r,3.1130412023551832,3.244341982269688,0.040133937334791085,3.190477273940332,0.13130077991450495
0.014902965560331993,evaluation-prior_predictive-022,0.3465000000000001,prior_predictive,1,0.5814405298859059,reference,b,0.5232748517980943,0.6396894894502412,0.03472526432685164,0.5665375643255739,0.11641463765214688
0.0007773232832191113,evaluation-prior_predictive-022,0.4886875000000002,prior_predictive,1,0.5592281227723928,reference,g,0.515557550238443,0.6001365923341367,0.026191343948705637,0.5600054460556119,0.08457904209569378
1.703391020541618,evaluation-prior_predictive-023,0.7822265625,prior_predictive,1,4.984509109018624,prior,r,2.2492525978036735,7.726943436347392,1.7585636769891417,6.6879001295602425,5.477690838543719
1.1357042025370394,evaluation-prior_predictive-023,0.046875,prior_predictive,0,1.7587065372206556,prior,b,0.6315681343604322,2.868952407262406,0.7253699789334146,0.6230023346836162,2.237384272901974
0.2827921599570101,evaluation-prior_predictive-023,0.861328125,prior_predictive,1,0.4132213822906481,prior,g,0.04644111163497346,0.7612136909329608,0.22651965286747813,0.6960135422476582,0.7147725792979873
0.0215050818056568,evaluation-prior_predictive-023,0.5985234598830704,prior_predictive,1,6.666395047754586,published,r,6.518201019920962,6.84509031101857,0.09913292324569511,6.6879001295602425,0.3268892910976078
0.002230035519071416,evaluation-prior_predictive-023,0.5019329092457994,prior_predictive,1,0.6207722991645448,published,b,0.5226240671982485,0.7131122438571595,0.05697704702233235,0.6230023346836162,0.19048817665891105
0.037171661130724565,evaluation-prior_predictive-023,0.18786751758156944,prior_predictive,1,0.7331852033783828,published,g,0.646142871612347,0.7912456872947945,0.044219847445087945,0.6960135422476582,0.14510281568244754
0.022882025316656396,evaluation-prior_predictive-023,0.6017947365580378,prior_predictive,1,6.665018104243586,higher_compute,r,6.514494950192564,6.835405484100432,0.09959148003326049,6.6879001295602425,0.3209105339078686
0.0022449218286344497,evaluation-prior_predictive-023,0.5124714422260199,prior_predictive,1,0.6207574128549818,higher_compute,b,0.5261591108487291,0.7163416862447957,0.05704362836999649,0.6230023346836162,0.19018257539606653
0.03906345725986482,evaluation-prior_predictive-023,0.18768908319246003,prior_predictive,1,0.735076999507523,higher_compute,g,0.65177479109851,0.7928401756746707,0.04430339071759951,0.6960135422476582,0.1410653845761607
0.01279689124813288,evaluation-prior_predictive-023,0.5705625000000001,prior_predictive,1,6.67510323831211,reference,r,6.519035375532338,6.848981597340126,0.0993927790817148,6.6879001295602425,0.32994622180778777
0.007510633851753878,evaluation-prior_predictive-023,0.5523125,prior_predictive,1,0.6154917008318623,reference,b,0.5205900541814332,0.7081657934335781,0.056874847138596814,0.6230023346836162,0.18757573925214488
0.03640434850657048,evaluation-prior_predictive-023,0.20650000000000007,prior_predictive,1,0.7324178907542287,reference,g,0.6444794444195898,0.7933527656046198,0.046834608940745245,0.6960135422476582,0.14887332118502994
2.0409578975153666,evaluation-prior_predictive-024,0.8251953125,prior_predictive,1,5.0042270385767385,prior,r,2.278789902521389,7.6694725994283,1.7473209474458675,7.045184936092105,5.390682696906911
0.592055364033111,evaluation-prior_predictive-024,0.716796875,prior_predictive,1,1.7411879638100847,prior,b,0.5969123686131979,2.8718750681326313,0.7365895802337664,2.3332433278431957,2.2749626995194334
0.17987401951912096,evaluation-prior_predictive-024,0.2802734375,prior_predictive,1,0.394352334133815,prior,g,0.03017562060479236,0.76692940632038,0.23520314035312123,0.21447831461469402,0.7367537857155876
0.023381589332047703,evaluation-prior_predictive-024,0.38886183717125056,prior_predictive,1,7.068566525424153,published,r,6.912486793609656,7.220983884950228,0.09317632565014847,7.045184936092105,0.30849709134057246
0.06180667523920569,evaluation-prior_predictive-024,0.817980361691235,prior_predictive,1,2.27143665260399,published,b,2.1581675900749517,2.396342667109702,0.07087727017437215,2.3332433278431957,0.23817507703475016
0.021675710908050483,evaluation-prior_predictive-024,0.29184949418692296,prior_predictive,1,0.2361540255227445,published,g,0.1578519980668681,0.3037368474202289,0.04347946132332855,0.21447831461469402,0.1458848493533608
0.029274059075643954,evaluation-prior_predictive-024,0.40560151888619456,prior_predictive,1,7.074458995167749,higher_compute,r,6.9271290072877765,7.231794987084897,0.09294373048877301,7.045184936092105,0.30466597979712073
0.06672941949833788,evaluation-prior_predictive-024,0.8381447736266944,prior_predictive,1,2.2665139083448578,higher_compute,b,2.1542547395275236,2.3759821357492488,0.06696402686970673,2.3332433278431957,0.22172739622172521
0.01978908523827161,evaluation-prior_predictive-024,0.3129257467911548,prior_predictive,1,0.23426739985296563,higher_compute,g,0.1552197660329462,0.3028057861211,0.04433256214246707,0.21447831461469402,0.14758602008815377
0.028334702257869715,evaluation-prior_predictive-024,0.39656250000000015,prior_predictive,1,7.073519638349975,reference,r,6.924997508097125,7.231405033036628,0.09328545220160453,7.045184936092105,0.3064075249395035
0.0657614786734344,evaluation-prior_predictive-024,0.8336250000000003,prior_predictive,1,2.2674818491697613,reference,b,2.157907237381635,2.381086946649313,0.06748238575831131,2.3332433278431957,0.22317970926767794
0.019936667899562832,evaluation-prior_predictive-024,0.31000000000000005,prior_predictive,1,0.23441498251425685,reference,g,0.15649077869472772,0.3022108721209352,0.044507396095449306,0.21447831461469402,0.1457200934262075
2.013369806358364,evaluation-prior_predictive-025,0.162109375,prior_predictive,1,4.98878009117864,prior,r,2.2409060593246335,7.653090780578171,1.7395853170076763,2.975410284820276,5.412184721253537
1.0142422435099654,evaluation-prior_predictive-025,0.9072265625,prior_predictive,1,1.7336064803177065,prior,b,0.6299109139944749,2.8863039069935734,0.714933889148221,2.747848723827672,2.2563929929990985
0.0561005879930942,evaluation-prior_predictive-025,0.5634765625,prior_predictive,1,0.4022887300514052,prior,g,0.04711605072322007,0.7633962216925233,0.23181899894299426,0.4583893180444994,0.7162801709693032
0.039101940388981404,evaluation-prior_predictive-025,0.851036792179776,prior_predictive,1,2.9363083444312945,published,r,2.8774168606657273,3.0025163506478525,0.03903596389185222,2.975410284820276,0.12509948998212517
0.0008925199488065694,evaluation-prior_predictive-025,0.5044388858634282,prior_predictive,1,2.7487412437764784,published,b,2.704540054419121,2.7987856542468252,0.028114606584196417,2.747848723827672,0.09424559982770431
0.04313581551566242,evaluation-prior_predictive-025,0.11100333531624704,prior_predictive,1,0.5015251335601618,published,g,0.4432927233315526,0.5499979758085014,0.03332882422914982,0.4583893180444994,0.10670525247694879
0.041495523663029665,evaluation-prior_predictive-025,0.8407528502167457,prior_predictive,1,2.9339147611572463,higher_compute,r,2.8662268010060816,3.002917960406116,0.04159577076820018,2.975410284820276,0.1366911594000344
0.004344124573721686,evaluation-prior_predictive-025,0.4391153291466443,prior_predictive,1,2.7521928484013936,higher_compute,b,2.704004706811543,2.8008823384480475,0.02945209119242541,2.747848723827672,0.09687763163650454
0.04260820499396428,evaluation-prior_predictive-025,0.11088871029275853,prior_predictive,1,0.5009975230384637,higher_compute,g,0.4448048468678869,0.5572792780661572,0.034140545267216674,0.4583893180444994,0.11247443119827027
0.04157724806243479,evaluation-prior_predictive-025,0.8578125000000003,prior_predictive,1,2.933833036757841,reference,r,2.8690970674674956,3.0051038325568866,0.04058439785512453,2.975410284820276,0.13600676508939102
0.005027410084685879,evaluation-prior_predictive-025,0.42400000000000015,prior_predictive,1,2.7528761339123577,reference,b,2.705281567948626,2.8000306877147145,0.028321403491535373,2.747848723827672,0.09474911976608835
0.04343573736667511,evaluation-prior_predictive-025,0.09506250000000002,prior_predictive,1,0.5018250554111745,reference,g,0.44780945226841296,0.5575995271162676,0.033827854709070196,0.4583893180444994,0.10979007484785464
0.005033913452845873,evaluation-prior_predictive-026,0.517578125,prior_predictive,1,4.985139508817824,prior,r,2.325447512967326,7.741736932631465,1.7608836824965366,4.9901734222706695,5.416289419664139
0.2514413905394912,evaluation-prior_predictive-026,0.583984375,prior_predictive,1,1.760603499590495,prior,b,0.6205758988617294,2.8739876712396,0.7337824346881915,2.012044890129986,2.253411772377871
0.0032108188936785242,evaluation-prior_predictive-026,0.4990234375,prior_predictive,1,0.3919275628004834,prior,g,0.03985104479535342,0.7546690712161688,0.2255339350838832,0.3887167439068049,0.7148180264208154
0.0004324624816804956,evaluation-prior_predictive-026,0.5353685392703509,prior_predictive,1,4.989740959788989,published,r,4.8817276129892,5.114540571617489,0.07199636908350666,4.9901734222706695,0.23281295862828877
0.004642451385048929,evaluation-prior_predictive-026,0.5181819369883832,prior_predictive,1,2.007402438744937,published,b,1.9083930248801833,2.092853899851374,0.056641837896908805,2.012044890129986,0.1844608749711909
0.02656290227081648,evaluation-prior_predictive-026,0.28831349489871877,prior_predictive,1,0.41527964617762136,published,g,0.33832208696230215,0.4870458980441173,0.04550145358391496,0.3887167439068049,0.14872381108181515
0.002224832466869664,evaluation-prior_predictive-026,0.5427449433773637,prior_predictive,1,4.9879485898038,higher_compute,r,4.879433511868805,5.118984371181767,0.07361603506034248,4.9901734222706695,0.2395508593129625
0.0028297977353792803,evaluation-prior_predictive-026,0.48352764590506003,prior_predictive,1,2.009215092394607,higher_compute,b,1.9042751487842433,2.0974583592389036,0.05908482057030749,2.012044890129986,0.19318321045466025
0.024912746808118946,evaluation-prior_predictive-026,0.306129095184258,prior_predictive,1,0.41362949071492383,higher_compute,g,0.337090444473589,0.48642683880432763,0.04608396143156464,0.3887167439068049,0.14933639433073864
0.0031192394795853673,evaluation-prior_predictive-026,0.5170625000000002,prior_predictive,1,4.993292661750255,reference,r,4.883280414675701,5.122706329982044,0.07379605376177978,4.9901734222706695,0.23942591530634338
0.005618757727807733,evaluation-prior_predictive-026,0.5086250000000002,prior_predictive,1,2.0064261324021784,reference,b,1.9035006376992127,2.0956821476335645,0.05869651914846464,2.012044890129986,0.1921815099343518
0.02388138332902595,evaluation-prior_predictive-026,0.28768750000000004,prior_predictive,1,0.41259812723583084,reference,g,0.3386503485934722,0.4863028301932813,0.044901494474923226,0.3887167439068049,0.1476524815998091
1.82480025559481,evaluation-prior_predictive-027,0.2041015625,prior_predictive,1,5.072166102093867,prior,r,2.3506510107646776,7.717089239752414,1.7472371040088148,3.247365846499057,5.366438228987736
1.065872588545515,evaluation-prior_predictive-027,0.078125,prior_predictive,1,1.7717287807853523,prior,b,0.62407850102819,2.879006880912912,0.7249846786730912,0.7058561922398374,2.254928379884722
0.1672822584528186,evaluation-prior_predictive-027,0.29296875,prior_predictive,1,0.4094148016807818,prior,g,0.04330857091928295,0.7590473606518473,0.22940981815620748,0.2421325432279632,0.7157387897325643
0.044558169763069255,evaluation-prior_predictive-027,0.8502864539429353,prior_predictive,1,3.2028076767359877,published,r,3.1365208308850954,3.277268803900456,0.0436092439129973,3.247365846499057,0.14074797301536046
0.027772197504372875,evaluation-prior_predictive-027,0.21261475746946243,prior_predictive,1,0.7336283897442103,published,b,0.6739066811678288,0.7869499433365327,0.03505115051824163,0.7058561922398374,0.11304326216870386
0.027766814110860488,evaluation-prior_predictive-027,0.14178955480048513,prior_predictive,1,0.2698993573388237,published,g,0.22281853955912462,0.313678763509482,0.027720260741944468,0.2421325432279632,0.09086022395035737
0.04589693147754392,evaluation-prior_predictive-027,0.8601120724801339,prior_predictive,1,3.201468915021513,higher_compute,r,3.1360182251305817,3.276529265807528,0.0432934710446452,3.247365846499057,0.1405110406769463
0.0260058037908375,evaluation-prior_predictive-027,0.22833373256688522,prior_predictive,1,0.7318619960306749,higher_compute,b,0.6748246602728601,0.7862485154394011,0.03456765559904829,0.7058561922398374,0.11142385516654096
0.030764909223311182,evaluation-prior_predictive-027,0.13374378477366106,prior_predictive,1,0.2728974524512744,higher_compute,g,0.22498604705059896,0.3170062884607864,0.02791993434055481,0.2421325432279632,0.09202024141018741
0.04676691981971626,evaluation-prior_predictive-027,0.8539375000000002,prior_predictive,1,3.2005989266793407,reference,r,3.1333636730741357,3.273790351114485,0.04280300447178627,3.247365846499057,0.14042667804034936
0.025974418080141115,evaluation-prior_predictive-027,0.2174375000000001,prior_predictive,1,0.7318306103199785,reference,b,0.6725783422696083,0.7852929721924479,0.03370246516612162,0.7058561922398374,0.11271462992283954
0.03146818127122461,evaluation-prior_predictive-027,0.12643750000000004,prior_predictive,1,0.2736007244991878,reference,g,0.2274353896281308,0.31692477618520654,0.027529252418510237,0.2421325432279632,0.08948938655707572
2.615794201052031,evaluation-prior_predictive-028,0.0810546875,prior_predictive,1,5.029316690169647,prior,r,2.262541532151363,7.635375624122768,1.7511353784991301,2.413522489117616,5.372834091971406
0.8191630413820259,evaluation-prior_predictive-028,0.83984375,prior_predictive,1,1.7396786481414757,prior,b,0.6454485096118046,2.868064994190352,0.7155352235748728,2.5588416895235016,2.2226164845785474
0.006253424245190209,evaluation-prior_predictive-028,0.4912109375,prior_predictive,1,0.4010383553858075,prior,g,0.041117424524871556,0.7571993573156932,0.23083474114866592,0.3947849311406173,0.7160819327908217
0.11015894787460212,evaluation-prior_predictive-028,0.9862841507743304,prior_predictive,0,2.303363541243014,published,r,2.230023603321295,2.378406746860483,0.045323646552141446,2.413522489117616,0.14838314353918802
0.047117306266817316,evaluation-prior_predictive-028,0.02807776366925928,prior_predictive,0,2.605958995790319,published,b,2.565831350730888,2.6445207770278896,0.02415799353660534,2.5588416895235016,0.07868942629700149
0.07186080852218207,evaluation-prior_predictive-028,0.008726464224797562,prior_predictive,0,0.4666457396627994,published,g,0.4183041358892893,0.5121364565063339,0.028364593403226807,0.3947849311406173,0.0938323206170446
0.11024760064502548,evaluation-prior_predictive-028,0.9910105816653939,prior_predictive,0,2.3032748884725907,higher_compute,r,2.232581178976839,2.3777530563125855,0.044605109076317165,2.413522489117616,0.14517187733574666
0.04693359758280913,evaluation-prior_predictive-028,0.031278331938525486,prior_predictive,0,2.6057752871063107,higher_compute,b,2.5647845246098617,2.644881736014271,0.024603672254059107,2.5588416895235016,0.0800972114044094
0.07178877551410745,evaluation-prior_predictive-028,0.00793688267485569,prior_predictive,0,0.46657370665472475,higher_compute,g,0.4198232224491917,0.5107888471254506,0.027895098300739156,0.3947849311406173,0.0909656246762589
0.10985451718095351,evaluation-prior_predictive-028,0.9898750000000005,prior_predictive,0,2.3036679719366626,reference,r,2.232313104605974,2.3793728759222246,0.044734057065551204,2.413522489117616,0.14705977131625048
0.04658877005252293,evaluation-prior_predictive-028,0.034,prior_predictive,0,2.6054304595760245,reference,b,2.56298683783442,2.644779473326331,0.02482478995609425,2.5588416895235016,0.08179263549191074
0.07178024394825444,evaluation-prior_predictive-028,0.005437500000000001,prior_predictive,0,0.46656517508887174,reference,g,0.42022851668727945,0.5103589264291669,0.027669348740013342,0.3947849311406173,0.09013040974188746
0.7834960228816499,evaluation-prior_predictive-029,0.626953125,prior_predictive,1,5.018845673918575,prior,r,2.248689794822756,7.744562072378495,1.7616847031397087,5.802341696800225,5.495872277555739
1.229607782867874,evaluation-prior_predictive-029,0.0146484375,prior_predictive,0,1.7652289602513476,prior,b,0.6143115897984767,2.889565105560772,0.7264080487274628,0.5356211773834736,2.2752535157622953
0.13905617104034518,evaluation-prior_predictive-029,0.66015625,prior_predictive,1,0.4003031191754104,prior,g,0.03782358450174744,0.762742735845208,0.23291898098947297,0.5393592902157556,0.7249191513434605
0.0553666731245519,evaluation-prior_predictive-029,0.13440440778727283,prior_predictive,1,5.857708369924777,published,r,5.764349756377268,5.9465114810632835,0.0542747627804124,5.802341696800225,0.18216172468601588
0.005316551467535735,evaluation-prior_predictive-029,0.4629907484592489,prior_predictive,1,0.5409377288510093,published,b,0.5047129314676706,0.5945785898002242,0.027349197577885058,0.5356211773834736,0.08986565833255356
0.08384227215138285,evaluation-prior_predictive-029,0.9820576991530667,prior_predictive,0,0.4555170180643727,published,g,0.36958187394892655,0.5202972626971469,0.0463642050249839,0.5393592902157556,0.15071538874822038
0.06187059502390291,evaluation-prior_predictive-029,0.13656349977324928,prior_predictive,1,5.864212291824128,higher_compute,r,5.772308030750877,5.955243596400883,0.055982599591118586,5.802341696800225,0.18293556565000557
0.003823077788759899,evaluation-prior_predictive-029,0.49891424451635447,prior_predictive,1,0.5394442551722335,higher_compute,b,0.5040210657092071,0.5905861388328982,0.02738948162635494,0.5356211773834736,0.0865650731236911
0.0901191655149775,evaluation-prior_predictive-029,0.981489869378058,prior_predictive,0,0.44924012470077807,higher_compute,g,0.366240139150974,0.5216681561223907,0.047071890812782645,0.5393592902157556,0.15542801697141673
0.06293247691105641,evaluation-prior_predictive-029,0.14543750000000003,prior_predictive,1,5.865274173711281,reference,r,5.768855347895967,5.956505043968556,0.05798321862476473,5.802341696800225,0.1876496960725884
0.004106503809960582,evaluation-prior_predictive-029,0.5141250000000002,prior_predictive,1,0.5397276811934342,reference,b,0.5037209991646215,0.5928362173464734,0.028211807141293645,0.5356211773834736,0.08911521818185186
0.09105462408476661,evaluation-prior_predictive-029,0.9825000000000004,prior_predictive,0,0.44830466613098896,reference,g,0.3670332525064139,0.522381476240651,0.04766745550460858,0.5393592902157556,0.15534822373423712
2.8247594400079032,evaluation-prior_predictive-030,0.96484375,prior_predictive,0,4.947997623692078,prior,r,2.320152583986737,7.650766357855132,1.7195104810606066,7.772757063699982,5.330613773868395
0.6595098121986627,evaluation-prior_predictive-030,0.240234375,prior_predictive,1,1.7219838292256862,prior,b,0.6415652545717789,2.8590412044941123,0.7193909144054591,1.0624740170270235,2.217475949922333
0.1307055527248811,evaluation-prior_predictive-030,0.3310546875,prior_predictive,1,0.39601136958648353,prior,g,0.04514629233824453,0.7580468793748836,0.22834439718661032,0.26530581686160243,0.712900587036639
0.16937358675668168,evaluation-prior_predictive-030,0.8542842966329854,prior_predictive,1,7.6033834769433,published,r,7.407328926887802,7.858173550235383,0.1419938635453509,7.772757063699982,0.4508446233475816
0.09094255437200172,evaluation-prior_predictive-030,0.06681889418528458,prior_predictive,1,1.1534165713990252,published,b,1.0554590860836763,1.2625232026159645,0.061584568172472993,1.0624740170270235,0.20706411653228818
0.026337311020457055,evaluation-prior_predictive-030,0.37395304801063656,prior_predictive,1,0.2916431278820595,published,g,0.07918887212442326,0.4478543063807267,0.11444337797025628,0.26530581686160243,0.36866543425630344
0.15437062250912348,evaluation-prior_predictive-030,0.8448754380824842,prior_predictive,1,7.618386441190858,higher_compute,r,7.41185464621362,7.873327369687227,0.14134577236528795,7.772757063699982,0.4614727234736069
0.08883060803270593,evaluation-prior_predictive-030,0.06769565496528465,prior_predictive,1,1.1513046250597294,higher_compute,b,1.0517499221319035,1.2558524881798334,0.061734825799976814,1.0624740170270235,0.20410256604792987
0.017229906548254237,evaluation-prior_predictive-030,0.40342612069841866,prior_predictive,1,0.28253572340985667,higher_compute,g,0.07401017731093726,0.44277586307327144,0.11170646592144462,0.26530581686160243,0.36876568576233415
0.15607522241844674,evaluation-prior_predictive-030,0.8511250000000004,prior_predictive,1,7.616681841281535,reference,r,7.416896948970818,7.868335071436164,0.13871920617150219,7.772757063699982,0.45143812246534587
0.0874858308019768,evaluation-prior_predictive-030,0.06675,prior_predictive,1,1.1499598478290003,reference,b,1.0525567652710786,1.2563071697613846,0.060953104522044214,1.0624740170270235,0.20375040449030601
0.019544286032073865,evaluation-prior_predictive-030,0.40093750000000017,prior_predictive,1,0.2848501028936763,reference,g,0.07978812967760826,0.4419651198631505,0.1103678842289438,0.26530581686160243,0.3621769901855423
2.088548054382264,evaluation-prior_predictive-031,0.1708984375,prior_predictive,1,5.051848926965315,prior,r,2.2473947306401048,7.731168864940283,1.7585646714524135,2.963300872583051,5.4837741343001785
0.7926643190892837,evaluation-prior_predictive-031,0.8115234375,prior_predictive,1,1.7926053737333647,prior,b,0.6388467613112561,2.8870651553804705,0.7198249512645046,2.5852696928226484,2.248218394069214
0.07054412521523357,evaluation-prior_predictive-031,0.6044921875,prior_predictive,1,0.3954423715941212,prior,g,0.0353986354674125,0.7596928485166718,0.2260135960285806,0.4659864968093548,0.7242942130492593
0.0626594391824411,evaluation-prior_predictive-031,0.08258817989997129,prior_predictive,1,3.025960311765492,published,r,2.9535613337117814,3.1092741127480243,0.047420088403883794,2.963300872583051,0.15571277903624292
0.02252254013882382,evaluation-prior_predictive-031,0.7547722016195807,prior_predictive,1,2.5627471526838246,published,b,2.504470845795547,2.6174048371120953,0.03330343067147985,2.5852696928226484,0.11293399131654835
0.03324540446242813,evaluation-prior_predictive-031,0.840536855555174,prior_predictive,1,0.43274109234692665,published,g,0.37082327617711147,0.48921235818183156,0.035926472214622494,0.4659864968093548,0.11838908200472009
0.06061118020547207,evaluation-prior_predictive-031,0.09620618054791172,prior_predictive,1,3.023912052788523,higher_compute,r,2.9477256052738543,3.1083326418211668,0.04871264726308329,2.963300872583051,0.16060703654731245
0.0218095224051984,evaluation-prior_predictive-031,0.7349233767810374,prior_predictive,1,2.56346017041745,higher_compute,b,2.5067478908146548,2.617135664879668,0.0334878155822542,2.5852696928226484,0.11038777406501321
0.03105723959914436,evaluation-prior_predictive-031,0.7976228561644052,prior_predictive,1,0.4349292572102104,higher_compute,g,0.3726308221211028,0.4933190132695179,0.0364413756789817,0.4659864968093548,0.12068819114841506
0.06354397219514762,evaluation-prior_predictive-031,0.07950000000000002,prior_predictive,1,3.0268448447781986,reference,r,2.952442293527284,3.1141512883014553,0.048907836495173315,2.963300872583051,0.16170899477417144
0.023262548172115594,evaluation-prior_predictive-031,0.7673125000000003,prior_predictive,1,2.562007144650533,reference,b,2.506433382996913,2.61415024325214,0.032388526324045486,2.5852696928226484,0.10771686025522698
0.033184242075341985,evaluation-prior_predictive-031,0.8132500000000003,prior_predictive,1,0.4328022547340128,reference,g,0.3687056464079962,0.4920289874607215,0.037087482104988925,0.4659864968093548,0.1233233410527253
1.4817894718260662,evaluation-prior_predictive-032,0.7490234375,prior_predictive,1,4.9798209754485265,prior,r,2.1969787363486226,7.6873853371042955,1.7428509850187128,6.461610447274593,5.490406600755673
0.23607010286901886,evaluation-prior_predictive-032,0.4130859375,prior_predictive,1,1.7816913247670532,prior,b,0.6199543034790053,2.8848252863554857,0.7349445221785289,1.5456212218980343,2.2648709828764804
0.09841648882596099,evaluation-prior_predictive-032,0.36328125,prior_predictive,1,0.41046190712898867,prior,g,0.03760904420469047,0.7612873067538106,0.22804654347203543,0.3120454183030277,0.7236782625491202
0.0059114041193506495,evaluation-prior_predictive-032,0.5332284815870686,prior_predictive,1,6.467521851393943,published,r,6.318324575013311,6.651375777007306,0.10398549039865748,6.461610447274593,0.33305120199399507
0.04557696076293638,evaluation-prior_predictive-032,0.67647694488035,prior_predictive,1,1.500044261135098,published,b,1.349806076531161,1.628254339762763,0.08386554910394543,1.5456212218980343,0.2784482632316019
0.030642591881064607,evaluation-prior_predictive-032,0.6577823533448552,prior_predictive,1,0.28140282642196307,published,g,0.16067595186387426,0.374749589683178,0.06486036646563886,0.3120454183030277,0.21407363781930375
0.0064677523707619144,evaluation-prior_predictive-032,0.5210175089268643,prior_predictive,1,6.468078199645355,higher_compute,r,6.318189657174204,6.651605651565616,0.10211692726659022,6.461610447274593,0.33341599439141145
0.043760024473680215,evaluation-prior_predictive-032,0.6759335899243517,prior_predictive,1,1.501861197424354,higher_compute,b,1.3536351221155516,1.6265000666616036,0.08340258386204114,1.5456212218980343,0.27286494454605204
0.03028611523243041,evaluation-prior_predictive-032,0.6510777876600651,prior_predictive,1,0.28175930307059727,higher_compute,g,0.16561663758844336,0.37694566678232105,0.06385788051762446,0.3120454183030277,0.2113290291938777
0.006016715499462144,evaluation-prior_predictive-032,0.5121250000000002,prior_predictive,1,6.467627162774055,reference,r,6.320991756103039,6.650104174229462,0.10157580302262033,6.461610447274593,0.32911241812642267
0.0430486129963179,evaluation-prior_predictive-032,0.6755000000000002,prior_predictive,1,1.5025726089017164,reference,b,1.3585316988897922,1.623270544327099,0.08130029361050291,1.5456212218980343,0.26473884543730675
0.029035263209005624,evaluation-prior_predictive-032,0.6478750000000002,prior_predictive,1,0.28301015509402205,reference,g,0.16648224537176173,0.37707518470043777,0.06396345792811006,0.3120454183030277,0.21059293932867604
1.760778067376907,evaluation-prior_predictive-033,0.201171875,prior_predictive,1,4.855173144907788,prior,r,2.29316377833245,7.55129615304742,1.7133211601303755,3.094395077530881,5.25813237471497
0.8406137119592616,evaluation-prior_predictive-033,0.8251953125,prior_predictive,1,1.7114050635250448,prior,b,0.6231683471371274,2.829269532387629,0.7177067206957137,2.5520187754843064,2.2061011852505015
0.18507347901715798,evaluation-prior_predictive-033,0.2744140625,prior_predictive,1,0.40531915476246827,prior,g,0.03489983927296241,0.7662337933256158,0.23804170612646153,0.2202456757453103,0.7313339540526534
0.03413932304350631,evaluation-prior_predictive-033,0.7839134486215432,prior_predictive,1,3.0602557544873745,published,r,2.9966792075239743,3.1326564850303975,0.041400425303091855,3.094395077530881,0.1359772775064232
0.03415134811902032,evaluation-prior_predictive-033,0.1429142561505372,prior_predictive,1,2.5861701236033268,published,b,2.529998779929985,2.6423363826192876,0.032506608650214194,2.5520187754843064,0.1123376026893026
0.018908523339426803,evaluation-prior_predictive-033,0.7201878659520773,prior_predictive,1,0.20133715240588348,published,g,0.15290588949697836,0.25527799337490414,0.030896777845791455,0.2202456757453103,0.10237210387792578
0.03566558364691641,evaluation-prior_predictive-033,0.8168428549401674,prior_predictive,1,3.0587294938839644,higher_compute,r,2.9958162720315302,3.128830510409941,0.04050613893715331,3.094395077530881,0.13301423837841098
0.0340182933651878,evaluation-prior_predictive-033,0.15031471770914817,prior_predictive,1,2.5860370688494942,higher_compute,b,2.5291986949816194,2.6366969981849935,0.032837402827612744,2.5520187754843064,0.10749830320337406
0.01754300021919447,evaluation-prior_predictive-033,0.7149456170730174,prior_predictive,1,0.20270267552611582,higher_compute,g,0.15451094601178664,0.25413657497005193,0.03069166584590916,0.2202456757453103,0.0996256289582653
0.03638295443136608,evaluation-prior_predictive-033,0.8208125000000003,prior_predictive,1,3.0580121230995148,reference,r,2.995594984722322,3.130377353941568,0.041207659146607296,3.094395077530881,0.1347823692192458
0.0344443414858997,evaluation-prior_predictive-033,0.14837500000000003,prior_predictive,1,2.586463116970206,reference,b,2.529784246085153,2.635488741782768,0.03280178017648199,2.5520187754843064,0.1057044956976152
0.018129560909065867,evaluation-prior_predictive-033,0.7248125000000002,prior_predictive,1,0.20211611483624442,reference,g,0.1522798903356246,0.2505189750782513,0.0300893055975651,0.2202456757453103,0.09823908474262671
1.0713934936106373,evaluation-prior_predictive-034,0.6884765625,prior_predictive,1,5.13486773580358,prior,r,2.3796264970366097,7.689454366634241,1.6799350811192006,6.206261229414217,5.3098278695976315
1.0389721085121806,evaluation-prior_predictive-034,0.078125,prior_predictive,1,1.7410957124690247,prior,b,0.6022819353975286,2.8749195741769245,0.7279143000033046,0.7021236039568441,2.272637638779396
0.09452071966557463,evaluation-prior_predictive-034,0.62890625,prior_predictive,1,0.3988817989938678,prior,g,0.03575546422519793,0.7612163600989009,0.23226508485700278,0.4934025186594424,0.725460895873703
0.04791853405903801,evaluation-prior_predictive-034,0.3298236648975919,prior_predictive,1,6.254179763473255,published,r,6.065228920564497,6.4403391806979045,0.1105753426468692,6.206261229414217,0.37511026013340754
0.08992409188124006,evaluation-prior_predictive-034,0.9643444632087359,prior_predictive,0,0.6121995120756041,published,b,0.5308855142833226,0.6958601420632927,0.04917266453265084,0.7021236039568441,0.16497462777997007
3.797531020377498e-05,evaluation-prior_predictive-034,0.5043359654014411,prior_predictive,1,0.4933645433492386,published,g,0.39199499041882313,0.5949458290647816,0.0614784622790165,0.4934025186594424,0.20295083864595842
0.04519271177838036,evaluation-prior_predictive-034,0.35128584994594114,prior_predictive,1,6.251453941192597,higher_compute,r,6.071856298665108,6.429049959176679,0.11032995764866553,6.206261229414217,0.3571936605115713
0.08976925622468634,evaluation-prior_predictive-034,0.972094135631986,prior_predictive,0,0.6123543477321578,higher_compute,b,0.5287685678355258,0.6924091915365136,0.04926516165444699,0.7021236039568441,0.16364062370098775
0.0028684867974153594,evaluation-prior_predictive-034,0.4732254522599857,prior_predictive,1,0.49627100545685776,higher_compute,g,0.3935040855592503,0.5939495183460403,0.06164859325957231,0.4934025186594424,0.20044543278678995
0.04527188379786207,evaluation-prior_predictive-034,0.3519375000000001,prior_predictive,1,6.251533113212079,reference,r,6.070383561849661,6.427850451463219,0.1080576824216798,6.206261229414217,0.35746688961355844
0.09105394447778004,evaluation-prior_predictive-034,0.9773125000000005,prior_predictive,0,0.6110696594790641,reference,b,0.5286626537365302,0.6890765879521805,0.048063951459579715,0.7021236039568441,0.1604139342156503
0.0036304258412805934,evaluation-prior_predictive-034,0.4724375000000002,prior_predictive,1,0.497032944500723,reference,g,0.3958659305816745,0.5937663019469278,0.06074805543837298,0.4934025186594424,0.1979003713652533
0.7159404628908623,evaluation-prior_predictive-035,0.6181640625,prior_predictive,1,5.086518480317503,prior,r,2.429611964843926,7.662267410669633,1.6987175232187004,5.802458943208365,5.232655445825707
0.5596101737119525,evaluation-prior_predictive-035,0.271484375,prior_predictive,1,1.7651015261499792,prior,b,0.6049514643280989,2.88183618158509,0.7360664551074637,1.2054913524380266,2.276884717256991
0.3716581169861306,evaluation-prior_predictive-035,0.951171875,prior_predictive,0,0.38936460333050904,prior,g,0.03188733012133087,0.7600716234491226,0.22787564134066418,0.7610227203166396,0.7281842933277918
0.08410157144975816,evaluation-prior_predictive-035,0.08880802242084238,prior_predictive,1,5.8865605146581235,published,r,5.790311791743297,6.003079857677558,0.06789804804439599,5.802458943208365,0.21276806593426123
0.03608603615476147,evaluation-prior_predictive-035,0.8016844210260815,prior_predictive,1,1.1694053162832652,published,b,1.0970015268459885,1.2377911538271287,0.04173276589446939,1.2054913524380266,0.14078962698114017
0.04994668642265243,evaluation-prior_predictive-035,0.8187747144885353,prior_predictive,1,0.7110760338939872,published,g,0.6300583318721343,0.7843616000628768,0.048579500349488255,0.7610227203166396,0.15430326819074247
0.08511304380005758,evaluation-prior_predictive-035,0.08374244719557306,prior_predictive,1,5.887571987008423,higher_compute,r,5.79084093928868,6.005678118878079,0.06502375541584116,5.802458943208365,0.21483717958939863
0.038575410826760415,evaluation-prior_predictive-035,0.8151901745269532,prior_predictive,1,1.1669159416112662,higher_compute,b,1.0940855950517696,1.2303754115518963,0.04202029565576901,1.2054913524380266,0.13628981650012673
0.0487076556359588,evaluation-prior_predictive-035,0.8494592987834868,prior_predictive,1,0.7123150646806808,higher_compute,g,0.6343350307601745,0.782490137746732,0.0457195858706213,0.7610227203166396,0.14815510698655754
0.08759053145441076,evaluation-prior_predictive-035,0.07587500000000001,prior_predictive,1,5.890049474662776,reference,r,5.789395921866978,6.00792274354684,0.06633506272134022,5.802458943208365,0.2185268216798617
0.04137036645715986,evaluation-prior_predictive-035,0.8421875000000003,prior_predictive,1,1.1641209859808668,reference,b,1.091199135100833,1.2331683639394815,0.04265382511911953,1.2054913524380266,0.1419692288386485
0.05050425018618221,evaluation-prior_predictive-035,0.8569375000000004,prior_predictive,1,0.7105184701304574,reference,g,0.6257013294290336,0.7807280463266297,0.04706529505615375,0.7610227203166396,0.15502671689759617
2.305290448171114,evaluation-prior_predictive-036,0.115234375,prior_predictive,1,4.990755085112725,prior,r,2.2775666619644888,7.65708406469492,1.726966014197375,2.685464636941611,5.379517402730431
0.06732890042327466,evaluation-prior_predictive-036,0.484375,prior_predictive,1,1.738066951776826,prior,b,0.6247056154528449,2.8671894782901037,0.735777816550546,1.6707380513535512,2.242483862837259
0.32545026460857684,evaluation-prior_predictive-036,0.080078125,prior_predictive,1,0.40177395188965914,prior,g,0.033065403329200875,0.7640112443202391,0.22588814278341884,0.07632368728108228,0.7309458409910383
0.024449323787469,evaluation-prior_predictive-036,0.28276058772034735,prior_predictive,1,2.70991396072908,published,r,2.6432987567666855,2.7803539719023815,0.04142470751157452,2.685464636941611,0.13705521513569607
0.009580006382326367,evaluation-prior_predictive-036,0.608727106568951,prior_predictive,1,1.6611580449712249,published,b,1.609432855406659,1.7075314378136266,0.029830223359222863,1.6707380513535512,0.09809858240696756
0.008996512464590836,evaluation-prior_predictive-036,0.6231241248231039,prior_predictive,1,0.06732717481649145,published,g,0.01778984886814133,0.11741161065712624,0.028891750052736226,0.07632368728108228,0.09962176178898491
0.025907245782608612,evaluation-prior_predictive-036,0.2609558509755633,prior_predictive,1,2.7113718827242197,higher_compute,r,2.6475641872147264,2.7776553812936675,0.03917025436238841,2.685464636941611,0.1300911940789411
0.011717062473958428,evaluation-prior_predictive-036,0.6485611229727839,prior_predictive,1,1.6590209888795928,higher_compute,b,1.6074284940444905,1.7084910962499071,0.030483923898661097,1.6707380513535512,0.10106260220541663
0.008886320410519608,evaluation-prior_predictive-036,0.6185782115237911,prior_predictive,1,0.06743736687056268,higher_compute,g,0.020644898644981157,0.11344581461808348,0.027981921489027214,0.07632368728108228,0.09280091597310232
0.023373925968030562,evaluation-prior_predictive-036,0.2770625,prior_predictive,1,2.7088385629096416,reference,r,2.6461248065034844,2.774224453426716,0.039036840307247765,2.685464636941611,0.1280996469232316
0.011091001272264922,evaluation-prior_predictive-036,0.6410000000000001,prior_predictive,1,1.6596470500812863,reference,b,1.6110587557115559,1.7066241309423185,0.029513329303731253,1.6707380513535512,0.09556537523076258
0.007260228486553194,evaluation-prior_predictive-036,0.5919375,prior_predictive,1,0.06906345879452909,reference,g,0.022392387064635734,0.11281489897114881,0.02716268735995223,0.07632368728108228,0.09042251190651307
2.9496536907305577,evaluation-prior_predictive-037,0.9951171875,prior_predictive,0,5.024868511492458,prior,r,2.258121632052843,7.74051913546865,1.7351756017931892,7.9745222022230156,5.482397503415807
0.30870047665504696,evaluation-prior_predictive-037,0.6064453125,prior_predictive,1,1.7652089632367263,prior,b,0.6436957648886343,2.8585785885378683,0.7222077038115047,2.0739094398917732,2.214882823649234
0.1736322434496278,evaluation-prior_predictive-037,0.716796875,prior_predictive,1,0.40051788993950177,prior,g,0.047352286629927944,0.7543386912518533,0.22940908956099634,0.5741501333891296,0.7069864046219253
0.011476936342080357,evaluation-prior_predictive-037,0.5428872892898915,prior_predictive,1,7.963045265880935,published,r,7.8987631783728975,7.999254036816037,0.03142345612662024,7.9745222022230156,0.10049085844313943
0.07628677407589546,evaluation-prior_predictive-037,0.9873483627282678,prior_predictive,0,1.9976226658158778,published,b,1.9422228458642612,2.05250211403104,0.03397624773507914,2.0739094398917732,0.11027926816677902
0.07914718853776359,evaluation-prior_predictive-037,0.003651075834978048,prior_predictive,0,0.6532973219268932,published,g,0.5921551988420373,0.7131885732196634,0.03640710126534,0.5741501333891296,0.12103337437762618
0.013000245761732643,evaluation-prior_predictive-037,0.5759862312675644,prior_predictive,1,7.961521956461283,higher_compute,r,7.901632027793078,7.997468064762354,0.03102951369216404,7.9745222022230156,0.0958360369692759
0.07692889069180797,evaluation-prior_predictive-037,0.9844277956229546,prior_predictive,0,1.9969805491999653,higher_compute,b,1.9414733646507931,2.056274744138451,0.03498838903277862,2.0739094398917732,0.1148013794876579
0.07926290008045977,evaluation-prior_predictive-037,0.014611993372621443,prior_predictive,0,0.6534130334695893,higher_compute,g,0.596494452838645,0.710969355646549,0.03517316908964967,0.5741501333891296,0.11447490280790396
0.013364164992061056,evaluation-prior_predictive-037,0.5880625,prior_predictive,1,7.9611580372309545,reference,r,7.8971494079754425,7.997631535377134,0.03128625184101056,7.9745222022230156,0.10048212740169138
0.07630129883303183,evaluation-prior_predictive-037,0.9831250000000005,prior_predictive,0,1.9976081410587414,reference,b,1.9408001723434873,2.056625843250421,0.03508196696655096,2.0739094398917732,0.11582567090693363
0.07937935841809873,evaluation-prior_predictive-037,0.017,prior_predictive,0,0.6535294918072283,reference,g,0.5952929680263817,0.7091531279777576,0.03513243454674618,0.5741501333891296,0.113860159951376
0.6490403486855953,evaluation-prior_predictive-038,0.607421875,prior_predictive,1,5.065590452206843,prior,r,2.2848248714283463,7.723677161171531,1.7442690767588918,5.714630800892438,5.438852289743185
1.0436482504911977,evaluation-prior_predictive-038,0.0986328125,prior_predictive,1,1.769302412188841,prior,b,0.6060905394893742,2.914387584063863,0.7424222927484139,0.7256541616976432,2.308297044574489
0.11335408604319086,evaluation-prior_predictive-038,0.640625,prior_predictive,1,0.3872842684650055,prior,g,0.037551939666196237,0.7572882310454504,0.2350375416835456,0.5006383545081964,0.7197362913792542
0.014544751815947166,evaluation-prior_predictive-038,0.4443359375,prior_predictive,1,5.729175552708385,published,r,5.600815037303333,5.87180653058857,0.08197186353487788,5.714630800892438,0.2709914932852371
0.027978082070068244,evaluation-prior_predictive-038,0.65625,prior_predictive,1,0.6976760796275749,published,b,0.5838579256156238,0.795488070457818,0.06287658397463025,0.7256541616976432,0.21163014484219422
0.015177151669109157,evaluation-prior_predictive-038,0.3662109375,prior_predictive,1,0.5158155061773055,published,g,0.4478392904653202,0.5859086534228867,0.04189948968458898,0.5006383545081964,0.1380693629575665
0.007189832559054921,evaluation-prior_predictive-038,0.4746093750000002,prior_predictive,1,5.721820633451493,higher_compute,r,5.5971871972380995,5.858709361911782,0.07959905873567158,5.714630800892438,0.26152216467368206
0.021670889032577523,evaluation-prior_predictive-038,0.6062011718750003,prior_predictive,1,0.7039832726650657,higher_compute,b,0.594959948813388,0.7985182636324367,0.06140059810007195,0.7256541616976432,0.20355831481904874
0.01496883054306275,evaluation-prior_predictive-038,0.37329101562500017,prior_predictive,1,0.5156071850512591,higher_compute,g,0.44540786823837586,0.5858064152650679,0.04317643381857646,0.5006383545081964,0.14039854702669208
0.00938036921390406,evaluation-prior_predictive-038,0.4560000000000002,prior_predictive,1,5.724011170106342,reference,r,5.598065026658423,5.853368265542799,0.07798286902869675,5.714630800892438,0.2553032388843759
0.022490654372990915,evaluation-prior_predictive-038,0.624125,prior_predictive,1,0.7031635073246523,reference,b,0.5955695404753323,0.7954799478210088,0.060420018467588134,0.7256541616976432,0.19991040734567656
0.01326192706527729,evaluation-prior_predictive-038,0.3752500000000001,prior_predictive,1,0.5139002815734737,reference,g,0.4447727178081059,0.5821426471363315,0.04170983446759393,0.5006383545081964,0.13736992932822556
2.8178299553620705,evaluation-prior_predictive-039,0.0322265625,prior_predictive,0,4.967103023615223,prior,r,2.2238383215566246,7.673880698660121,1.7635445794170959,2.149273068253153,5.450042377103497
0.9694940415037698,evaluation-prior_predictive-039,0.125,prior_predictive,1,1.7456909652819204,prior,b,0.612174628288231,2.8707014743595507,0.7344138656899772,0.7761969237781505,2.2585268460713195
0.395521053050535,evaluation-prior_predictive-039,0.0048828125,prior_predictive,0,0.3981328562509119,prior,g,0.03256243129920858,0.7632584442805829,0.23245267743284398,0.0026118032003768833,0.7306960129813743
0.0085713575842008,evaluation-prior_predictive-039,0.3681438423171761,prior_predictive,1,2.1578444258373537,published,r,2.108097583981368,2.2053582994717713,0.029297546218727866,2.149273068253153,0.09726071549040327
0.02520547336400103,evaluation-prior_predictive-039,0.8557771108868113,prior_predictive,1,0.7509914504141495,published,b,0.7099042770910587,0.7905136718241064,0.0237499148127619,0.7761969237781505,0.08060939473304762
0.017103845775380322,evaluation-prior_predictive-039,0.07953085294552038,prior_predictive,1,0.019715648975757206,published,g,0.0018088911561846485,0.04727309713535886,0.013726901478106585,0.0026118032003768833,0.045464205979174215
0.011280406884921934,evaluation-prior_predictive-039,0.34839421689935446,prior_predictive,1,2.160553475138075,higher_compute,r,2.1130793482615826,2.2112818439620714,0.029355615907318135,2.149273068253153,0.09820249570048878
0.026496373391826422,evaluation-prior_predictive-039,0.8730469195602449,prior_predictive,1,0.7497005503863241,higher_compute,b,0.7075437022500692,0.7873337973305973,0.02391217161922871,0.7761969237781505,0.07979009508052803
0.01564656971138626,evaluation-prior_predictive-039,0.0840125446447458,prior_predictive,1,0.018258372911763146,higher_compute,g,0.0017034931746640006,0.044025805044112326,0.013525396499570715,0.0026118032003768833,0.04232231186944833
0.011308129293353897,evaluation-prior_predictive-039,0.34643750000000006,prior_predictive,1,2.160581197546507,reference,r,2.112743537690114,2.2079038483991247,0.029120225781500822,2.149273068253153,0.09516031070901088
0.026686172058500324,evaluation-prior_predictive-039,0.8660625000000003,prior_predictive,1,0.7495107517196502,reference,b,0.7093347100276508,0.7881906629097939,0.023669700129298095,0.7761969237781505,0.07885595288214309
0.016125869827307456,evaluation-prior_predictive-039,0.09275000000000003,prior_predictive,1,0.01873767302768434,reference,g,0.0012457401530069356,0.04487072827253059,0.013472516060843766,0.0026118032003768833,0.04362498811952365
1.4943786170207414,evaluation-prior_predictive-040,0.751953125,prior_predictive,1,5.03888040857386,prior,r,2.3311302231165723,7.614805531737478,1.6931694940589688,6.533259025594601,5.283675308620905
0.7828336857462337,evaluation-prior_predictive-040,0.8134765625,prior_predictive,1,1.7830725966807393,prior,b,0.609871497337434,2.9107433390528765,0.7265624135704639,2.565906282426973,2.3008718417154426
0.15733062578359724,evaluation-prior_predictive-040,0.712890625,prior_predictive,1,0.40279531250512857,prior,g,0.05229271245812278,0.7563928903259584,0.22263921894222166,0.5601259382887258,0.7041001778678355
0.12413328668145596,evaluation-prior_predictive-040,0.14979028867032787,prior_predictive,1,6.657392312276057,published,r,6.483378603619452,6.849096739457894,0.11149184814426093,6.533259025594601,0.36571813583844204
0.04405264207194248,evaluation-prior_predictive-040,0.7322755815026919,prior_predictive,1,2.5218536403550305,published,b,2.403921210747362,2.649398314217783,0.0732466687208653,2.565906282426973,0.24547710347042084
0.0968321591576004,evaluation-prior_predictive-040,0.8998873319065168,prior_predictive,1,0.4632937791311254,published,g,0.3272054993324523,0.5961617749747758,0.08041756938674399,0.5601259382887258,0.26895627564232355
0.12526281742659062,evaluation-prior_predictive-040,0.14830717851607172,prior_predictive,1,6.658521843021192,higher_compute,r,6.471947979251316,6.858581370937434,0.11874744431635752,6.533259025594601,0.386633391686118
0.043909627987812616,evaluation-prior_predictive-040,0.7370726177168735,prior_predictive,1,2.5219966544391603,higher_compute,b,2.399298179043396,2.6467620300202532,0.07344387064819477,2.565906282426973,0.2474638509768572
0.09628350988726997,evaluation-prior_predictive-040,0.8729791069311674,prior_predictive,1,0.46384242840145584,higher_compute,g,0.32181297911284584,0.5946838346861656,0.08454573783314641,0.5601259382887258,0.27287085557331975
0.12377030436580405,evaluation-prior_predictive-040,0.16393750000000004,prior_predictive,1,6.657029329960405,reference,r,6.46629449075934,6.854081683751012,0.12079794016128305,6.533259025594601,0.38778719299167186
0.044629117510467164,evaluation-prior_predictive-040,0.7261250000000001,prior_predictive,1,2.5212771649165058,reference,b,2.4026388436808843,2.6426385896457774,0.07299894656961682,2.565906282426973,0.23999974596489304
0.0953381741811169,evaluation-prior_predictive-040,0.8635000000000004,prior_predictive,1,0.4647877641076089,reference,g,0.3222168639646099,0.5971857810474968,0.084461908394844,0.5601259382887258,0.27496891708288684
2.7428818475480163,evaluation-prior_predictive-041,0.966796875,prior_predictive,0,5.02407543708832,prior,r,2.262457924717048,7.651760377376832,1.7217935314624269,7.766957284636336,5.389302452659784
1.24356743292215,evaluation-prior_predictive-041,0.0234375,prior_predictive,0,1.819282594938338,prior,b,0.64142397715968,2.881557726165432,0.7254341771503013,0.575715162016188,2.2401337490057522
0.04821696579796081,evaluation-prior_predictive-041,0.419921875,prior_predictive,1,0.4095665277464623,prior,g,0.039361471303126984,0.7632825509730446,0.2289152319670202,0.3613495619485015,0.7239210796699177
0.07732207991358653,evaluation-prior_predictive-041,0.7761038228410851,prior_predictive,1,7.68963520472275,published,r,7.518296583508264,7.849700189528347,0.09717812529112742,7.766957284636336,0.3314036060200829
0.061593280014158536,evaluation-prior_predictive-041,0.19147298728139928,prior_predictive,1,0.6373084420303465,published,b,0.5320573362300247,0.745478377560651,0.06394338770421056,0.575715162016188,0.21342104133062634
0.020043681557423476,evaluation-prior_predictive-041,0.6421450163249044,prior_predictive,1,0.341305880391078,published,g,0.2448763932826274,0.4262194223099302,0.05535471997294321,0.3613495619485015,0.18134302902730282
0.08119616344682878,evaluation-prior_predictive-041,0.7852672563543972,prior_predictive,1,7.685761121189508,higher_compute,r,7.523803238091801,7.838421962969206,0.0963307219335575,7.766957284636336,0.3146187248774046
0.0615692288465296,evaluation-prior_predictive-041,0.17851678618348085,prior_predictive,1,0.6372843908627176,higher_compute,b,0.532764648843283,0.7411349216923683,0.06300598036035238,0.575715162016188,0.20837027284908527
0.01704700784388863,evaluation-prior_predictive-041,0.5961033735952529,prior_predictive,1,0.34430255410461286,higher_compute,g,0.2513189454368348,0.4257439420330756,0.052789570389898205,0.3613495619485015,0.17442499659624078
0.08271120006910859,evaluation-prior_predictive-041,0.7854375000000002,prior_predictive,1,7.684246084567228,reference,r,7.5181355532452505,7.836011126985918,0.09724563595097695,7.766957284636336,0.3178755737406673
0.06453943698480002,evaluation-prior_predictive-041,0.17625000000000005,prior_predictive,1,0.640254599000988,reference,b,0.5335416963392612,0.7475225841600415,0.06466890609932902,0.575715162016188,0.21398088782078029
0.01849174189913555,evaluation-prior_predictive-041,0.6047500000000001,prior_predictive,1,0.34285782004936594,reference,g,0.2495553926155222,0.42529847165655765,0.053828460499716284,0.3613495619485015,0.17574307904103545
0.5942640047139776,evaluation-prior_predictive-042,0.388671875,prior_predictive,1,5.029034970143606,prior,r,2.278573762233685,7.731231906950464,1.7162129135816881,4.434770965429628,5.4526581447167795
0.8720248997733828,evaluation-prior_predictive-042,0.1474609375,prior_predictive,1,1.7537187051827272,prior,b,0.6094729205562065,2.887447696144286,0.7244589701980908,0.8816938054093444,2.2779747755880795
0.4064403841018795,evaluation-prior_predictive-042,0.01171875,prior_predictive,0,0.4176790258836498,prior,g,0.04139452622011017,0.7617814682994953,0.2336274530185373,0.011238641781770298,0.7203869420793851
0.006953039318169374,evaluation-prior_predictive-042,0.41990113337053037,prior_predictive,1,4.4417240047477975,published,r,4.3804348199712155,4.506113625437853,0.03742780671506215,4.434770965429628,0.12567880546663712
0.04361798678909512,evaluation-prior_predictive-042,0.8734635919347877,prior_predictive,1,0.8380758186202493,published,b,0.7592862678232581,0.9017439045445522,0.041731575026604316,0.8816938054093444,0.14245763672129408
0.018169361986961157,evaluation-prior_predictive-042,0.30127672814644635,prior_predictive,1,0.029408003768731455,published,g,0.0016250906316062769,0.0783027101391386,0.025124528188487514,0.011238641781770298,0.07667761950753232
0.0042186595980791,evaluation-prior_predictive-042,0.46643896356691394,prior_predictive,1,4.438989625027707,higher_compute,r,4.378773658903373,4.502054077711093,0.03716483923358138,4.434770965429628,0.12328041880772034
0.045525003656067264,evaluation-prior_predictive-042,0.8648009233983608,prior_predictive,1,0.8361688017532771,higher_compute,b,0.7619895171321953,0.8987257209627201,0.041900274465245003,0.8816938054093444,0.13673620383052476
0.020746833589874027,evaluation-prior_predictive-042,0.2202899109742178,prior_predictive,1,0.031985475371644326,higher_compute,g,0.00266023325556685,0.07979605176030521,0.024403754578069568,0.011238641781770298,0.07713581850473837
0.0036641686316540856,evaluation-prior_predictive-042,0.4623125000000002,prior_predictive,1,4.438435134061282,reference,r,4.3788929470768885,4.498325388792135,0.03584771513235964,4.434770965429628,0.11943244171524636
0.043555005275999426,evaluation-prior_predictive-042,0.8675625000000002,prior_predictive,1,0.838138800133345,reference,b,0.7663866804473463,0.8997764657243759,0.04024081709800563,0.8816938054093444,0.1333897852770296
0.020092069445840462,evaluation-prior_predictive-042,0.22931250000000009,prior_predictive,1,0.03133071122761076,reference,g,0.002348603371605024,0.07588675100747076,0.023473769956866623,0.011238641781770298,0.07353814763586573
2.3622919139285496,evaluation-prior_predictive-043,0.8759765625,prior_predictive,1,4.941720681568215,prior,r,2.197970370594301,7.75001725832023,1.7470225366112038,7.304012595496765,5.552046887725929
0.299689819442996,evaluation-prior_predictive-043,0.59765625,prior_predictive,1,1.748550943989057,prior,b,0.6036024729723408,2.8654618065992588,0.7318190919548274,2.048240763432053,2.261859333626918
0.12964564665288053,evaluation-prior_predictive-043,0.32421875,prior_predictive,1,0.40978165890694246,prior,g,0.034604149819611726,0.7624074921659725,0.2300333926122657,0.28013601225406193,0.7278033423463608
0.08213446540027114,evaluation-prior_predictive-043,0.1337890625,prior_predictive,1,7.386147060897036,published,r,7.267223882694773,7.519227683816988,0.07806790817984742,7.304012595496765,0.252003801122215
0.04180410521074762,evaluation-prior_predictive-043,0.767578125,prior_predictive,1,2.0064366582213053,published,b,1.9092769389953523,2.0937893940795407,0.055826699526235195,2.048240763432053,0.18451245508418834
0.05444360633265072,evaluation-prior_predictive-043,0.8408203125,prior_predictive,1,0.2256924059214112,published,g,0.1394577959991693,0.31697635794814966,0.05290833102347452,0.28013601225406193,0.17751856194898036
0.08236750365619816,evaluation-prior_predictive-043,0.15319928765945529,prior_predictive,1,7.386380099152963,higher_compute,r,7.266407601231562,7.526456598450175,0.07962905972709863,7.304012595496765,0.26004899721861285
0.04278686360048134,evaluation-prior_predictive-043,0.7699594364634237,prior_predictive,1,2.0054538998315716,higher_compute,b,1.905171446833569,2.0955110770099603,0.056651305181942196,2.048240763432053,0.19033963017639133
0.05262009111043647,evaluation-prior_predictive-043,0.830946357035705,prior_predictive,1,0.22751592114362545,higher_compute,g,0.14006100965139975,0.3145144752166648,0.053330170565738653,0.28013601225406193,0.17445346556526506
0.0855992779643806,evaluation-prior_predictive-043,0.13575,prior_predictive,1,7.389611873461146,reference,r,7.268093798695386,7.534347296403979,0.08080366193245284,7.304012595496765,0.2662534977085933
0.04575386946912374,evaluation-prior_predictive-043,0.7877500000000002,prior_predictive,1,2.0024868939629292,reference,b,1.9033408793032496,2.0915282808702735,0.057100617328896604,2.048240763432053,0.18818740156702396
0.05277329678482795,evaluation-prior_predictive-043,0.8409375000000003,prior_predictive,1,0.22736271546923398,reference,g,0.1407390279801963,0.3132548051683097,0.05290869670984221,0.28013601225406193,0.17251577718811342
0.2593517543979642,evaluation-prior_predictive-044,0.5478515625,prior_predictive,1,4.954332483079874,prior,r,2.3574759630918867,7.675490313541598,1.72266874188864,5.213684237477838,5.318014350449712
0.036011801326574666,evaluation-prior_predictive-044,0.5,prior_predictive,1,1.739367717532005,prior,b,0.6114065415513115,2.8644028588271144,0.7290053786929716,1.7753795188585797,2.252996317275803
0.33709526015592783,evaluation-prior_predictive-044,0.92578125,prior_predictive,1,0.3974495509357514,prior,g,0.047476271917305884,0.7540853672677722,0.2227330795882944,0.7345448110916792,0.7066090953504663
0.03810563684393209,evaluation-prior_predictive-044,0.8050145191057057,prior_predictive,1,5.175578600633906,published,r,5.107777685401236,5.246416473889389,0.04271626002159226,5.213684237477838,0.13863878848815325
0.010558826067949667,evaluation-prior_predictive-044,0.36822143351820724,prior_predictive,1,1.7859383449265294,published,b,1.716752068111778,1.8440420822248829,0.039319361102622505,1.7753795188585797,0.1272900141131048
0.031492853202593096,evaluation-prior_predictive-044,0.11144318875871138,prior_predictive,1,0.7660376642942723,published,g,0.7206058671561064,0.7968624891793769,0.02397864129759361,0.7345448110916792,0.07625662202327044
0.03813336759400077,evaluation-prior_predictive-044,0.8354733138068167,prior_predictive,1,5.175550869883837,higher_compute,r,5.112988831175763,5.243239027552736,0.03979578471556361,5.213684237477838,0.13025019637697266
0.0049205166770449615,evaluation-prior_predictive-044,0.43380700701224983,prior_predictive,1,1.7803000355356247,higher_compute,b,1.716652481715235,1.8400597679290625,0.03754863416481339,1.7753795188585797,0.12340728621382735
0.03441662416853086,evaluation-prior_predictive-044,0.0965168763583685,prior_predictive,1,0.7689614352602101,higher_compute,g,0.7222008321726028,0.797801835946445,0.024346157406463228,0.7345448110916792,0.07560100377384227
0.037819944186304966,evaluation-prior_predictive-044,0.8296250000000003,prior_predictive,1,5.175864293291533,reference,r,5.110480397146478,5.244978297888939,0.041710808053764425,5.213684237477838,0.1344979007424607
0.006476702321568162,evaluation-prior_predictive-044,0.40968750000000015,prior_predictive,1,1.7818562211801479,reference,b,1.7183891125424229,1.8404855655143826,0.038149098265061576,1.7753795188585797,0.1220964529719597
0.03310307269327106,evaluation-prior_predictive-044,0.10800000000000004,prior_predictive,1,0.7676478837849503,reference,g,0.7197622460353631,0.7973110791855897,0.024708678914947577,0.7345448110916792,0.07754883315022665
2.582911578600757,evaluation-prior_predictive-045,0.9130859375,prior_predictive,1,4.880197354635817,prior,r,2.2692697536991733,7.637011392720006,1.7515361158772715,7.463108933236573,5.367741639020833
0.9781584202558473,evaluation-prior_predictive-045,0.880859375,prior_predictive,1,1.7462094864898707,prior,b,0.6242868550642602,2.8833893509116106,0.7255259196349793,2.724367906745718,2.2591024958473502
0.13806415673784223,evaluation-prior_predictive-045,0.6611328125,prior_predictive,1,0.3956450674379699,prior,g,0.029196805745392854,0.7520131316671202,0.23205695153671943,0.5337092241758121,0.7228163259217274
0.001627148554148583,evaluation-prior_predictive-045,0.5554965650288606,prior_predictive,1,7.461481784682425,published,r,7.262666952473767,7.724160123103701,0.14521661950750758,7.463108933236573,0.4614931706299341
0.03635362617124782,evaluation-prior_predictive-045,0.6232627633685154,prior_predictive,1,2.6880142805744702,published,b,2.5250771004472186,2.841503597307804,0.09278237292085054,2.724367906745718,0.31642649686058544
0.0446624118127098,evaluation-prior_predictive-045,0.29526021195295116,prior_predictive,1,0.5783716359885219,published,g,0.4300866437076785,0.70665978066995,0.08447798806111942,0.5337092241758121,0.27657313696227154
0.006567609566341837,evaluation-prior_predictive-045,0.5660173399850641,prior_predictive,1,7.456541323670232,higher_compute,r,7.251498643103491,7.719755606956044,0.14252362915140818,7.463108933236573,0.46825696385255267
0.028927188790882852,evaluation-prior_predictive-045,0.6011984512561013,prior_predictive,1,2.695440717954835,higher_compute,b,2.538162955101698,2.8341644205375753,0.09014635774114947,2.724367906745718,0.29600146543587735
0.04283151558487641,evaluation-prior_predictive-045,0.2948476973013555,prior_predictive,1,0.5765407397606885,higher_compute,g,0.42748607091416796,0.7040201016496126,0.08491251988386346,0.5337092241758121,0.27653403073544464
0.010629193149075178,evaluation-prior_predictive-045,0.5778750000000001,prior_predictive,1,7.452479740087498,reference,r,7.242792055875803,7.719812072992364,0.14401915648688676,7.463108933236573,0.47702001711656106
0.02695652401581805,evaluation-prior_predictive-045,0.5884375000000001,prior_predictive,1,2.6974113827299,reference,b,2.535224307417407,2.8396764471611013,0.09259672261298646,2.724367906745718,0.30445213974369434
0.045583072756812615,evaluation-prior_predictive-045,0.28218750000000004,prior_predictive,1,0.5792922969326247,reference,g,0.42954700425787246,0.7026433612029023,0.08373218956165165,0.5337092241758121,0.2730963569450298
2.8543921928378744,evaluation-prior_predictive-046,0.96875,prior_predictive,0,4.939761453517399,prior,r,2.303015372488589,7.643302005621166,1.7046597571893827,7.794153646355273,5.3402866331325765
0.16107530832475958,evaluation-prior_predictive-046,0.4248046875,prior_predictive,1,1.7772043476951955,prior,b,0.6200789747072162,2.8838490204443032,0.7325864784473444,1.616129039370436,2.263770045737087
0.16948269213038197,evaluation-prior_predictive-046,0.7216796875,prior_predictive,1,0.4067627159555482,prior,g,0.047886393476458684,0.7612431693395639,0.2292856718158846,0.5762454080859302,0.7133567758631052
0.11299526699945339,evaluation-prior_predictive-046,0.899318985317917,prior_predictive,1,7.68115837935582,published,r,7.559055473594985,7.825808972045797,0.083290572076257,7.794153646355273,0.26675349845081175
0.026807831891455303,evaluation-prior_predictive-046,0.3530340095074317,prior_predictive,1,1.6429368712618913,published,b,1.4845839621255201,1.765097236136443,0.08873498390620672,1.616129039370436,0.28051327401092285
0.019272241389606815,evaluation-prior_predictive-046,0.6296433432346562,prior_predictive,1,0.5569731666963234,published,g,0.45972901928196,0.6538803465051375,0.05993845725598356,0.5762454080859302,0.19415132722317746
0.11295421135706007,evaluation-prior_predictive-046,0.8977470306231174,prior_predictive,1,7.681199434998213,higher_compute,r,7.549800502176132,7.832756469534061,0.08646830960174758,7.794153646355273,0.28295596735792916
0.03089696307929768,evaluation-prior_predictive-046,0.3273426597265394,prior_predictive,1,1.6470260024497336,higher_compute,b,1.476227400678351,1.7811878509074432,0.09325872242228186,1.616129039370436,0.30496045022909235
0.02528664910039502,evaluation-prior_predictive-046,0.6691045009767647,prior_predictive,1,0.5509587589855351,higher_compute,g,0.453299941954439,0.6535528163475894,0.06052573438772284,0.5762454080859302,0.20025287439315043
0.10816584741622393,evaluation-prior_predictive-046,0.8881875000000004,prior_predictive,1,7.685987798939049,reference,r,7.553741808211237,7.835703583574091,0.08636177126284925,7.794153646355273,0.28196177536285383
0.028708333465751634,evaluation-prior_predictive-046,0.34062500000000007,prior_predictive,1,1.6448373728361876,reference,b,1.4796559260071012,1.7745698756533888,0.09164640265131756,1.616129039370436,0.2949139496462876
0.025287659555286446,evaluation-prior_predictive-046,0.6713125000000002,prior_predictive,1,0.5509577485306437,reference,g,0.45439210976956784,0.6589295464296202,0.062262350588752076,0.5762454080859302,0.20453743666005236
2.1696183590375355,evaluation-prior_predictive-047,0.869140625,prior_predictive,1,5.0573282646841395,prior,r,2.328964506311591,7.7274806525748145,1.7189845287577505,7.226946623721675,5.398516146263224
1.2180729706590823,evaluation-prior_predictive-047,0.9912109375,prior_predictive,0,1.7639954111328935,prior,b,0.621853296008962,2.8852645328581272,0.7405229088537453,2.9820683817919758,2.2634112368491652
0.13775327930970538,evaluation-prior_predictive-047,0.6806640625,prior_predictive,1,0.40469561342849236,prior,g,0.0403547364563817,0.7587219638016178,0.2293604988278957,0.5424488927381977,0.7183672273452362
0.07223298374665177,evaluation-prior_predictive-047,0.12394685964247612,prior_predictive,1,7.299179607468327,published,r,7.199176992771118,7.410648824673732,0.06194530351215052,7.226946623721675,0.21147183190261387
0.0742839435128646,evaluation-prior_predictive-047,0.8942377002037029,prior_predictive,1,2.907784438279111,published,b,2.788275806805634,2.9901728310365883,0.06408918428391339,2.9820683817919758,0.20189702423095435
0.009190067224635112,evaluation-prior_predictive-047,0.5552139813297352,prior_predictive,1,0.5332588255135626,published,g,0.4553501473204526,0.6187477923333801,0.05278916737507842,0.5424488927381977,0.16339764501292747
0.07142971423220246,evaluation-prior_predictive-047,0.11766063734862474,prior_predictive,1,7.2983763379538775,higher_compute,r,7.2036840249981955,7.406758694222583,0.06206465564073893,7.226946623721675,0.20307466922438788
0.07382588647376931,evaluation-prior_predictive-047,0.9052140432889837,prior_predictive,1,2.9082424953182064,higher_compute,b,2.7882643537581875,2.9895159373973255,0.06276250317289425,2.9820683817919758,0.20125158363913798
0.00881536715560427,evaluation-prior_predictive-047,0.5827007134719722,prior_predictive,1,0.5336335255825935,higher_compute,g,0.4488475619031442,0.6202355990486701,0.05167408662083274,0.5424488927381977,0.17138803714552592
0.07607224164540671,evaluation-prior_predictive-047,0.10337500000000004,prior_predictive,1,7.303018865367082,reference,r,7.203743235959079,7.413858215102559,0.06484169061269238,7.226946623721675,0.21011497914347999
0.07666389994405076,evaluation-prior_predictive-047,0.9129375000000004,prior_predictive,1,2.905404481847925,reference,b,2.787527046975232,2.989174428509873,0.06352395645209236,2.9820683817919758,0.20164738153464112
0.009890019841769626,evaluation-prior_predictive-047,0.5988125000000001,prior_predictive,1,0.5325588728964281,reference,g,0.45325436855384543,0.6177324908298594,0.05082629752439857,0.5424488927381977,0.16447812227601394
0.21236602082923017,evaluation-prior_predictive-048,0.5234375,prior_predictive,1,4.99541267853045,prior,r,2.349351577029166,7.56492415650899,1.6926456532605554,5.20777869935968,5.215572579479824
0.47364497033914654,evaluation-prior_predictive-048,0.6923828125,prior_predictive,1,1.7493775293156708,prior,b,0.6343532484423265,2.894399325234885,0.7310252261045516,2.2230224996548174,2.2600460767925585
0.23773658557267516,evaluation-prior_predictive-048,0.2001953125,prior_predictive,1,0.3876690905604511,prior,g,0.03905361991109823,0.751151461931319,0.2301691151446523,0.14993250498777597,0.7120978420202208
0.06553432597175046,evaluation-prior_predictive-048,0.7885458603750066,prior_predictive,1,5.142244373387929,published,r,5.010686309234979,5.280627494150184,0.0810233778585759,5.20777869935968,0.26994118491520513
0.0102030315564976,evaluation-prior_predictive-048,0.4432484686352819,prior_predictive,1,2.233225531211315,published,b,2.136373901283158,2.32914579362952,0.05860226024120528,2.2230224996548174,0.19277189234636172
0.02396054904578357,evaluation-prior_predictive-048,0.3395704648433844,prior_predictive,1,0.17389305403355954,published,g,0.08453842611442695,0.26959541918280844,0.05586893897986311,0.14993250498777597,0.18505699306838147
0.06414332543439372,evaluation-prior_predictive-048,0.7824722658304204,prior_predictive,1,5.143635373925286,higher_compute,r,5.011699016463555,5.2845588045115965,0.0829693065939443,5.20777869935968,0.27285978804804145
0.0075096485816708025,evaluation-prior_predictive-048,0.44764070750234636,prior_predictive,1,2.230532148236488,higher_compute,b,2.1356474928951292,2.324306095771944,0.05735576614676662,2.2230224996548174,0.1886586028768149
0.02594949960692408,evaluation-prior_predictive-048,0.3219962089896406,prior_predictive,1,0.17588200459470005,higher_compute,g,0.07525663460886803,0.2689717834050407,0.058601775555887296,0.14993250498777597,0.19371514879617266
0.06319779481824472,evaluation-prior_predictive-048,0.7925625000000003,prior_predictive,1,5.144580904541435,reference,r,5.017243805709452,5.279684186577821,0.0796517280012647,5.20777869935968,0.2624403808683695
0.009197699201531684,evaluation-prior_predictive-048,0.43406250000000013,prior_predictive,1,2.232220198856349,reference,b,2.1409198402282303,2.3251600367730703,0.055856658058463314,2.2230224996548174,0.18424019654483992
0.023449815384088718,evaluation-prior_predictive-048,0.33406250000000004,prior_predictive,1,0.17338232037186468,reference,g,0.07404692168562509,0.2649944942200932,0.057068962856297326,0.14993250498777597,0.1909475725344681
1.5182052987011905,evaluation-prior_predictive-049,0.23046875,prior_predictive,1,5.111397744400959,prior,r,2.339705370837144,7.743430592251363,1.7113291988454369,3.5931924456997684,5.403725221414218
0.3407695596569238,evaluation-prior_predictive-049,0.349609375,prior_predictive,1,1.7480589584930009,prior,b,0.6366599747639848,2.8736874815333016,0.7213341365849594,1.407289398836077,2.2370275067693166
0.0720691768639326,evaluation-prior_predictive-049,0.4287109375,prior_predictive,1,0.38767553820259804,prior,g,0.035495242802075146,0.7607383180669536,0.2354615788099581,0.31560636133866543,0.7252430752648784
0.024758274397575608,evaluation-prior_predictive-049,0.6861954391548806,prior_predictive,1,3.5684341713021928,published,r,3.4740199152165925,3.6768944722334087,0.06287253285411613,3.5931924456997684,0.20287455701681623
0.06771718671295357,evaluation-prior_predictive-049,0.06058730226871553,prior_predictive,1,1.4750065855490306,published,b,1.399115545377353,1.5353037874527067,0.03980578396827097,1.407289398836077,0.13618824207535374
0.06139962361988388,evaluation-prior_predictive-049,0.9339658178351098,prior_predictive,1,0.25420673771878155,published,g,0.18896221995986287,0.3185937230204423,0.03984950439388337,0.31560636133866543,0.12963150306057944
0.02806542877821494,evaluation-prior_predictive-049,0.6886798833407315,prior_predictive,1,3.5651270169215534,higher_compute,r,3.4665042685522467,3.6856367812743276,0.06651397472519971,3.5931924456997684,0.2191325127220809
0.06935995368014902,evaluation-prior_predictive-049,0.06170667296203183,prior_predictive,1,1.476649352516226,higher_compute,b,1.4014074506269882,1.5413279973637832,0.04253987413505277,1.407289398836077,0.139920546736795
0.05974905714925932,evaluation-prior_predictive-049,0.9358461598783614,prior_predictive,1,0.2558573041894061,higher_compute,g,0.1858945036854193,0.3196758191957698,0.04056667206739677,0.31560636133866543,0.13378131551035052
0.02873873859402165,evaluation-prior_predictive-049,0.6937500000000001,prior_predictive,1,3.5644537071057467,reference,r,3.465193394790028,3.6804439733445493,0.06607993126075909,3.5931924456997684,0.21525057855452134
0.06893129594858438,evaluation-prior_predictive-049,0.06218750000000002,prior_predictive,1,1.4762206947846614,reference,b,1.4015016847523893,1.5419475597279497,0.04265504362963625,1.407289398836077,0.14044587497556038
0.05887115683671895,evaluation-prior_predictive-049,0.9303125000000003,prior_predictive,1,0.2567352045019465,reference,g,0.18690626037359764,0.3220915708174945,0.04116211727585075,0.31560636133866543,0.13518531044389687
0.8161897359978587,evaluation-prior_predictive-050,0.640625,prior_predictive,1,4.964776819428529,prior,r,2.2829994301249896,7.6868774029192695,1.7289665955280902,5.780966555426388,5.40387797279428
0.5785398530094676,evaluation-prior_predictive-050,0.74609375,prior_predictive,1,1.7593454297704816,prior,b,0.623591669208609,2.853699462493654,0.7033021016944345,2.3378852827799492,2.230107793285045
0.22029206861948888,evaluation-prior_predictive-050,0.2119140625,prior_predictive,1,0.4160327690919473,prior,g,0.05060940942777114,0.7716933043264588,0.23274358655554928,0.19574070047245842,0.7210838948986876
0.09996512799970514,evaluation-prior_predictive-050,0.15023421223171463,prior_predictive,1,5.880931683426093,published,r,5.7335515454266215,6.053775803728152,0.09812764866104938,5.780966555426388,0.3202242583015309
0.07071285509097125,evaluation-prior_predictive-050,0.7948211737327919,prior_predictive,1,2.267172427688978,published,b,2.125490295328359,2.385519752177524,0.07884779118980158,2.3378852827799492,0.260029456849165
0.07428285360561973,evaluation-prior_predictive-050,0.9325382257725447,prior_predictive,1,0.12145784686683869,published,g,0.03845148509506626,0.20194173861457862,0.04973313221933384,0.19574070047245842,0.16349025351951235
0.10435439856996087,evaluation-prior_predictive-050,0.12326282597359203,prior_predictive,1,5.885320953996349,higher_compute,r,5.73991488387063,6.05588393367503,0.09533266363485095,5.780966555426388,0.31596904980440055
0.07599842988688854,evaluation-prior_predictive-050,0.833920082536018,prior_predictive,1,2.2618868528930607,higher_compute,b,2.12880951915483,2.3819856799021055,0.07668800366521186,2.3378852827799492,0.25317616074727534
0.07285109185744756,evaluation-prior_predictive-050,0.9200084993432373,prior_predictive,1,0.12288960861501086,higher_compute,g,0.03581615325632223,0.20745394970703285,0.051790455212204496,0.19574070047245842,0.17163779645071062
0.10075464313819715,evaluation-prior_predictive-050,0.15131250000000002,prior_predictive,1,5.881721198564585,reference,r,5.7324936741257195,6.059999059832267,0.10020926165880509,5.780966555426388,0.3275053857065471
0.0744619494350407,evaluation-prior_predictive-050,0.8138750000000003,prior_predictive,1,2.2634233333449085,reference,b,2.1253831644411383,2.3834956242436425,0.07889585318097977,2.3378852827799492,0.2581124598025042
0.07026166289956279,evaluation-prior_predictive-050,0.9110625000000003,prior_predictive,1,0.12547903757289564,reference,g,0.04022440084965262,0.20916548225213505,0.051185612043729165,0.19574070047245842,0.16894108140248243
2.000162311220703,evaluation-prior_predictive-051,0.16796875,prior_predictive,1,5.024654792204187,prior,r,2.2666029025963743,7.750219815639654,1.7561394287627359,3.0244924809834837,5.48361691304328
0.3139009404764983,evaluation-prior_predictive-051,0.6181640625,prior_predictive,1,1.74601870499355,prior,b,0.6187055790630657,2.8872568255522104,0.7392078231619111,2.0599196454700484,2.2685512464891446
0.18255678532868044,evaluation-prior_predictive-051,0.271484375,prior_predictive,1,0.4081492169597873,prior,g,0.04096835568351028,0.7605301373782689,0.23262054334445018,0.22559243163110684,0.7195617816947586
0.01038346715020566,evaluation-prior_predictive-051,0.4184357361439009,prior_predictive,1,3.0348759481336893,published,r,2.974707849880186,3.100493280451044,0.038006030270704524,3.0244924809834837,0.12578543057085767
0.0033528933797017935,evaluation-prior_predictive-051,0.517664988935955,prior_predictive,1,2.0565667520903466,published,b,2.01525286865495,2.0945298121218867,0.024575517945038833,2.0599196454700484,0.0792769434669367
0.011291199239547578,evaluation-prior_predictive-051,0.3384419102689459,prior_predictive,1,0.23688363087065442,published,g,0.18534613580251386,0.2838615666710079,0.030303622623999205,0.22559243163110684,0.09851543086849407
0.010393205334814581,evaluation-prior_predictive-051,0.4163677568101181,prior_predictive,1,3.0348856863182982,higher_compute,r,2.9744480964531306,3.101025838331903,0.038936177829871806,3.0244924809834837,0.12657774187877235
0.002338745672609832,evaluation-prior_predictive-051,0.5220128908767592,prior_predictive,1,2.0575808997974385,higher_compute,b,2.015176852437286,2.097799801931938,0.025333092932023737,2.0599196454700484,0.08262294949465199
0.010507668557982158,evaluation-prior_predictive-051,0.3399513656958841,prior_predictive,1,0.236100100189089,higher_compute,g,0.1833416359983008,0.28372135122678427,0.030218894467357687,0.22559243163110684,0.10037971522848346
0.009568877170986312,evaluation-prior_predictive-051,0.4249375000000002,prior_predictive,1,3.03406135815447,reference,r,2.9739171288488304,3.1002500184700397,0.038024443593402873,3.0244924809834837,0.12633288962120925
0.002607508328328567,evaluation-prior_predictive-051,0.5311875,prior_predictive,1,2.05731213714172,reference,b,2.0158640507241126,2.097595036560792,0.025371502004658996,2.0599196454700484,0.08173098583667926
0.01076691507980257,evaluation-prior_predictive-051,0.3563125000000001,prior_predictive,1,0.2363593467109094,reference,g,0.18586177324980432,0.2839354668095412,0.030265886843944805,0.22559243163110684,0.09807369355973686
1.0191344496471335,evaluation-prior_predictive-052,0.3310546875,prior_predictive,1,4.976747908238126,prior,r,2.3009324508093396,7.7302669949480975,1.744463395238573,3.9576134585909926,5.429334544138758
0.38333614216539935,evaluation-prior_predictive-052,0.65625,prior_predictive,1,1.7671224720560268,prior,b,0.6154268228866596,2.892630315225815,0.7228499205803476,2.150458614221426,2.2772034923391553
0.29421364801419536,evaluation-prior_predictive-052,0.1220703125,prior_predictive,1,0.4038541409364482,prior,g,0.05225297178432842,0.7443716341584148,0.22631680714231092,0.10964049292225289,0.6921186623740864
0.06155703882789787,evaluation-prior_predictive-052,0.8670295793007329,prior_predictive,1,3.8960564197630947,published,r,3.8015114002191255,3.989912511189443,0.05743156082705202,3.9576134585909926,0.18840111097031764
0.056799406260765295,evaluation-prior_predictive-052,0.0773145259911477,prior_predictive,1,2.2072580204821914,published,b,2.138820442441743,2.26714777705152,0.03943911899176664,2.150458614221426,0.12832733460977686
0.051497093115005804,evaluation-prior_predictive-052,0.08459579384060742,prior_predictive,1,0.1611375860372587,published,g,0.10206390262596153,0.22212722194351286,0.03744757914722346,0.10964049292225289,0.12006331931755133
0.06176270897586944,evaluation-prior_predictive-052,0.8576910750791337,prior_predictive,1,3.895850749615123,higher_compute,r,3.806210239453501,3.9904732741215234,0.0561575976728287,3.9576134585909926,0.1842630346680223
0.058201416952367246,evaluation-prior_predictive-052,0.06504797104731691,prior_predictive,1,2.2086600311737934,higher_compute,b,2.144369673471857,2.2669556160366167,0.03736528494083236,2.150458614221426,0.12258594256475952
0.05184037068852698,evaluation-prior_predictive-052,0.0845297211664432,prior_predictive,1,0.16148086361077987,higher_compute,g,0.09829384563249588,0.22281456748117512,0.03766443476726672,0.10964049292225289,0.12452072184867924
0.06005965377336153,evaluation-prior_predictive-052,0.8635000000000004,prior_predictive,1,3.897553804817631,reference,r,3.8079341638442736,3.9918726593265252,0.054748299082639805,3.9576134585909926,0.1839384954822516
0.05667085298838437,evaluation-prior_predictive-052,0.07450000000000001,prior_predictive,1,2.2071294672098105,reference,b,2.141217754139901,2.264859355088809,0.03743815750039853,2.150458614221426,0.12364160094890808
0.050951969279937975,evaluation-prior_predictive-052,0.08437500000000002,prior_predictive,1,0.16059246220219087,reference,g,0.09718359598198845,0.21971697495110037,0.03687182494787951,0.10964049292225289,0.12253337896911193
2.0000528796122685,evaluation-prior_predictive-053,0.154296875,prior_predictive,1,4.940320299220704,prior,r,2.3015271501916947,7.657349484595689,1.7053797333481806,2.9402674196084355,5.355822334403994
0.4080149870792411,evaluation-prior_predictive-053,0.333984375,prior_predictive,1,1.7682745567682958,prior,b,0.5994491747764532,2.8917165356746737,0.7231931151476684,1.3602595696890547,2.2922673608982205
0.0676825450175978,evaluation-prior_predictive-053,0.599609375,prior_predictive,1,0.39589359247058087,prior,g,0.05755001963442137,0.7473023883827754,0.21918677723617866,0.46357613748817866,0.689752368748354
0.01847521502498406,evaluation-prior_predictive-053,0.6488903139922129,prior_predictive,1,2.9217922045834515,published,r,2.854773755277539,3.0001622630271014,0.044427115725252445,2.9402674196084355,0.14538850774956247
0.022979605969568606,evaluation-prior_predictive-053,0.21267259760233917,prior_predictive,1,1.3832391756586233,published,b,1.3315055314494082,1.430066868098411,0.029937292778181246,1.3602595696890547,0.0985613366490028
0.002546818510421045,evaluation-prior_predictive-053,0.4357344004698207,prior_predictive,1,0.4661229559985997,published,g,0.4191462688479273,0.5099523161248012,0.02821961229465,0.46357613748817866,0.09080604727687391
0.017713190704157,evaluation-prior_predictive-053,0.6688546408816809,prior_predictive,1,2.9225542289042785,higher_compute,r,2.8536444702854746,2.9960659865979156,0.04305324629260446,2.9402674196084355,0.14242151631244093
0.022430574037777706,evaluation-prior_predictive-053,0.21827749913675382,prior_predictive,1,1.3826901437268324,higher_compute,b,1.3311967865388712,1.4292928095661666,0.0299475297872794,1.3602595696890547,0.09809602302729536
0.0018014558067333541,evaluation-prior_predictive-053,0.4704642844752451,prior_predictive,1,0.465377593294912,higher_compute,g,0.4185280087329608,0.5100206676694777,0.027908500339835288,0.46357613748817866,0.09149265893651692
0.01761058871009702,evaluation-prior_predictive-053,0.6714375000000001,prior_predictive,1,2.9226568308983385,reference,r,2.853821405038227,2.9971408455481403,0.0435705853487562,2.9402674196084355,0.1433194405099134
0.0228923746643952,evaluation-prior_predictive-053,0.2295000000000001,prior_predictive,1,1.38315194435345,reference,b,1.331218588059342,1.432762570800595,0.030642990900980407,1.3602595696890547,0.1015439827412532
0.0020353671738042034,evaluation-prior_predictive-053,0.4579375000000002,prior_predictive,1,0.46561150466198287,reference,g,0.41538394817217794,0.5124383596706673,0.028740842276428532,0.46357613748817866,0.09705441149848937
1.6277448906000753,evaluation-prior_predictive-054,0.2236328125,prior_predictive,1,4.960009742715071,prior,r,2.358039805414107,7.722028223222295,1.7039940222491339,3.332264852114996,5.363988417808187
0.7329955537469535,evaluation-prior_predictive-054,0.794921875,prior_predictive,1,1.7467328588151054,prior,b,0.6186478167723597,2.889341924474407,0.7170259111192473,2.479728412562059,2.2706941077020475
0.014321198238566923,evaluation-prior_predictive-054,0.4873046875,prior_predictive,1,0.40983249249716536,prior,g,0.04395566134370837,0.7649948647076905,0.2278926684689432,0.39551129425859843,0.7210392033639822
0.08313418705212428,evaluation-prior_predictive-054,0.9744226172177879,prior_predictive,0,3.2491306650628715,published,r,3.1843817347970154,3.3215135895027217,0.04168016184225339,3.332264852114996,0.13713185470570632
0.05642911007248408,evaluation-prior_predictive-054,0.036411409023488335,prior_predictive,0,2.536157522634543,published,b,2.484344038840884,2.5867475677581955,0.031988615224810245,2.479728412562059,0.10240352891731153
0.04167760456529468,evaluation-prior_predictive-054,0.09684160300089549,prior_predictive,1,0.4371888988238931,published,g,0.3867038288908171,0.4905123009645719,0.032719685806755196,0.39551129425859843,0.10380847207375477
0.08330359392567122,evaluation-prior_predictive-054,0.9706239466009083,prior_predictive,0,3.2489612581893246,higher_compute,r,3.184979767152808,3.319657547886718,0.04152009026938895,3.332264852114996,0.1346777807339099
0.057378342238326496,evaluation-prior_predictive-054,0.03688837995072859,prior_predictive,0,2.5371067548003854,higher_compute,b,2.4837245492071665,2.588793600157394,0.03155258040919658,2.479728412562059,0.10506905095022745
0.04211571953632953,evaluation-prior_predictive-054,0.09885410761062043,prior_predictive,1,0.43762701379492797,higher_compute,g,0.38338618506383476,0.4918012401531125,0.03303916615394718,0.39551129425859843,0.10841505508927773
0.08181312160346099,evaluation-prior_predictive-054,0.9663125000000004,prior_predictive,0,3.250451730511535,reference,r,3.1849540974312553,3.32163666087894,0.042328861783171495,3.332264852114996,0.13668256344768448
0.05624351185402521,evaluation-prior_predictive-054,0.05012500000000002,prior_predictive,1,2.535971924416084,reference,b,2.479682594752398,2.586679076173695,0.03207012424156938,2.479728412562059,0.10699648142129714
0.04099223412480646,evaluation-prior_predictive-054,0.11656250000000004,prior_predictive,1,0.4365035283834049,reference,g,0.382061239120393,0.4879716567605661,0.032678138120867735,0.39551129425859843,0.10591041764017306
0.36721257003133534,evaluation-prior_predictive-055,0.5556640625,prior_predictive,1,4.983768511543934,prior,r,2.23100329265355,7.7439289553507695,1.7648200701031134,5.350981081575269,5.512925662697219
0.7316196038310385,evaluation-prior_predictive-055,0.205078125,prior_predictive,1,1.7644983479069807,prior,b,0.6530031705315832,2.889996221529466,0.7161237237413389,1.0328787440759422,2.236993050997883
0.3074488502915441,evaluation-prior_predictive-055,0.875,prior_predictive,1,0.39760934658335323,prior,g,0.04274604338369463,0.7627284338983552,0.23076414029167935,0.7050581968748973,0.7199823905146606
0.023680119209906536,evaluation-prior_predictive-055,0.4177935648922748,prior_predictive,1,5.374661200785176,published,r,5.25939413942672,5.511644260791412,0.07566010548185094,5.350981081575269,0.2522501213646917
0.005438997918878252,evaluation-prior_predictive-055,0.4322525184722852,prior_predictive,1,1.0383177419948204,published,b,0.9498995564530103,1.1194880931544535,0.050196655715086816,1.0328787440759422,0.16958853670144325
0.013568808219680095,evaluation-prior_predictive-055,0.5745978329792832,prior_predictive,1,0.6914893886552173,published,g,0.6002143165247598,0.7685021628963083,0.051807245229580814,0.7050581968748973,0.1682878463715486
0.024899616903204524,evaluation-prior_predictive-055,0.40935362885675775,prior_predictive,1,5.375880698478474,higher_compute,r,5.2611226767193155,5.512739936088218,0.0764590636756034,5.350981081575269,0.2516172593689028
0.0006929227422636242,evaluation-prior_predictive-055,0.4780197045950435,prior_predictive,1,1.0335716668182058,higher_compute,b,0.9519872619823304,1.109159531827387,0.04771665248659803,1.0328787440759422,0.1571722698450566
0.010160958810656706,evaluation-prior_predictive-055,0.5445918395568732,prior_predictive,1,0.6948972380642406,higher_compute,g,0.6054077591987446,0.7720598818996048,0.05020720265997285,0.7050581968748973,0.16665212270086027
0.027003743643346567,evaluation-prior_predictive-055,0.39918750000000014,prior_predictive,1,5.377984825218616,reference,r,5.26162658703854,5.517647778252831,0.07882990968660676,5.350981081575269,0.2560211912142911
0.0017633868340356518,evaluation-prior_predictive-055,0.4761250000000002,prior_predictive,1,1.0346421309099778,reference,b,0.9512748632791911,1.1130727161007772,0.0498344265958787,1.0328787440759422,0.1617978528215861
0.013606151895895757,evaluation-prior_predictive-055,0.5758750000000001,prior_predictive,1,0.6914520449790016,reference,g,0.5998802165653138,0.7703122462163631,0.051398545882093964,0.7050581968748973,0.1704320296510493
2.653570557155965,evaluation-prior_predictive-056,0.056640625,prior_predictive,1,4.983529331289171,prior,r,2.2867170303767925,7.713097808226544,1.7268075556275426,2.329958774133206,5.426380777849751
0.10542649262176607,evaluation-prior_predictive-056,0.5361328125,prior_predictive,1,1.7962508307774407,prior,b,0.6583649796581391,2.894484124262371,0.7220024107862377,1.9016773233992068,2.2361191446042317
0.2559419753883641,evaluation-prior_predictive-056,0.814453125,prior_predictive,1,0.4124419161828485,prior,g,0.0371510920744076,0.7571556044982309,0.23216434668701547,0.6683838915712126,0.7200045124238234
0.03834872375137266,evaluation-prior_predictive-056,0.17808808058109832,prior_predictive,1,2.3683074978845786,published,r,2.2999581212068585,2.4406475271313606,0.04263528064058153,2.329958774133206,0.14068940592450208
0.0036119978225386262,evaluation-prior_predictive-056,0.5333190207515369,prior_predictive,1,1.8980653255766682,published,b,1.850014216286752,1.9365750209224541,0.027272154384802728,1.9016773233992068,0.08656080463570226
0.029542365928426517,evaluation-prior_predictive-056,0.8620232186346679,prior_predictive,1,0.6388415256427861,published,g,0.5931869439540013,0.6864061837351729,0.02715636472812898,0.6683838915712126,0.09321923978117164
0.03805551284778641,evaluation-prior_predictive-056,0.19174580735899316,prior_predictive,1,2.3680142869809924,higher_compute,r,2.298715661358639,2.44179809386743,0.043760828831574644,2.329958774133206,0.14308243250879116
0.004968861419422321,evaluation-prior_predictive-056,0.5485246001732202,prior_predictive,1,1.8967084619797845,higher_compute,b,1.8502238591755944,1.9391988217743592,0.027477543411404046,1.9016773233992068,0.0889749625987648
0.02850997116582299,evaluation-prior_predictive-056,0.8516086309879599,prior_predictive,1,0.6398739204053896,higher_compute,g,0.5935040694614424,0.6860620928785278,0.027872826731763452,0.6683838915712126,0.09255802341708541
0.03824390979463255,evaluation-prior_predictive-056,0.18562500000000004,prior_predictive,1,2.3682026839278385,reference,r,2.302958127963003,2.4406043532125,0.04248810371132278,2.329958774133206,0.137646225249497
0.004413575341884801,evaluation-prior_predictive-056,0.5415000000000001,prior_predictive,1,1.897263748057322,reference,b,1.8505774784507611,1.9392204139463116,0.02688243233445605,1.9016773233992068,0.08864293549555047
0.029108166370593658,evaluation-prior_predictive-056,0.8475625000000002,prior_predictive,1,0.6392757252006189,reference,g,0.5929955378025903,0.6843582528642593,0.027926497634486885,0.6683838915712126,0.09136271506166904
2.7005240109470305,evaluation-prior_predictive-057,0.9501953125,prior_predictive,0,4.961317679933029,prior,r,2.3095649905196165,7.659217833897255,1.6992741040996808,7.66184169088006,5.349652843377639
0.3573190384603828,evaluation-prior_predictive-057,0.63671875,prior_predictive,1,1.7847598113371914,prior,b,0.6224168049647343,2.8719490639251815,0.7132728001632692,2.1420788497975742,2.249532258960447
0.29994183671532076,evaluation-prior_predictive-057,0.12890625,prior_predictive,1,0.4032127498529817,prior,g,0.03948908898559724,0.7608050594573044,0.23059169472231375,0.10327091313766097,0.7213159704717071
0.06525905156560086,evaluation-prior_predictive-057,0.798065128587468,prior_predictive,1,7.596582639314459,published,r,7.4711515875941075,7.732333724103078,0.07759817800377483,7.66184169088006,0.26118213650897015
0.06800392623761464,evaluation-prior_predictive-057,0.8338336363878347,prior_predictive,1,2.0740749235599596,published,b,1.962151153214029,2.1793328685788795,0.0648190189404537,2.1420788497975742,0.21718171536485054
0.05391752086520017,evaluation-prior_predictive-057,0.12673470024483427,prior_predictive,1,0.15718843400286114,published,g,0.08148463486909438,0.22723239200926632,0.04397682695093672,0.10327091313766097,0.14574775714017194
0.06304951450258223,evaluation-prior_predictive-057,0.7836575891502491,prior_predictive,1,7.5987921763774775,higher_compute,r,7.476280549766141,7.732014815534803,0.07840825180603327,7.66184169088006,0.25573426576866165
0.06815279067797064,evaluation-prior_predictive-057,0.8417223927506818,prior_predictive,1,2.0739260591196036,higher_compute,b,1.9610926380979803,2.176424431351547,0.0658552006388141,2.1420788497975742,0.21533179325356655
0.055097653248216236,evaluation-prior_predictive-057,0.1167587255251527,prior_predictive,1,0.1583685663858772,higher_compute,g,0.0787057801588685,0.22971842592643513,0.045693664982307085,0.10327091313766097,0.15101264576756662
0.06301332834698314,evaluation-prior_predictive-057,0.7822500000000002,prior_predictive,1,7.598828362533077,reference,r,7.4750027385461655,7.724983955171316,0.07586734571872673,7.66184169088006,0.24998121662515072
0.06819470234295233,evaluation-prior_predictive-057,0.8434375000000003,prior_predictive,1,2.073884147454622,reference,b,1.9645081478758681,2.1777185298703285,0.06606249241000062,2.1420788497975742,0.2132103819944604
0.05637481765692369,evaluation-prior_predictive-057,0.10512500000000004,prior_predictive,1,0.15964573079458466,reference,g,0.08006429339991476,0.2294558917941575,0.04516301832147566,0.10327091313766097,0.14939159839424276
2.5821468295827863,evaluation-prior_predictive-058,0.072265625,prior_predictive,1,5.013560754634868,prior,r,2.3246103600040056,7.724011256893281,1.7557499982127143,2.431413925052082,5.399400896889276
0.6547882230783548,evaluation-prior_predictive-058,0.765625,prior_predictive,1,1.7366849673198184,prior,b,0.6331897896818174,2.8530486890085927,0.7119341125385593,2.391473190398173,2.219858899326775
0.27720250022407655,evaluation-prior_predictive-058,0.84375,prior_predictive,1,0.4013623712921117,prior,g,0.03908353712091215,0.7662618119000284,0.23031302204836077,0.6785648715161883,0.7271782747791162
0.07643596887173798,evaluation-prior_predictive-058,0.0948121902109518,prior_predictive,1,2.50784989392382,published,r,2.4180116477210034,2.615433155420037,0.060286403576438045,2.431413925052082,0.19742150769903377
0.010023611357351303,evaluation-prior_predictive-058,0.6254766769899714,prior_predictive,1,2.381449579040822,published,b,2.3299723645405956,2.426221707330814,0.031069636687928268,2.391473190398173,0.09624934279021824
0.06662544063080222,evaluation-prior_predictive-058,0.9704754175471615,prior_predictive,0,0.611939430885386,published,g,0.5424292677595077,0.6694414739404644,0.038147230186578646,0.6785648715161883,0.12701220618095665
0.07524336888722694,evaluation-prior_predictive-058,0.08341961243582799,prior_predictive,1,2.506657293939309,higher_compute,r,2.419366764139517,2.609469008249309,0.058690388246206766,2.431413925052082,0.19010224410979193
0.011188575665297407,evaluation-prior_predictive-058,0.6304731839321218,prior_predictive,1,2.380284614732876,higher_compute,b,2.3287649183343007,2.4265758518746057,0.03004491762711004,2.391473190398173,0.09781093354030501
0.06405444844972452,evaluation-prior_predictive-058,0.9746329880787915,prior_predictive,0,0.6145104230664638,higher_compute,g,0.5474203959002769,0.6697274053633246,0.03752440872943336,0.6785648715161883,0.12230700946304773
0.07550122463926678,evaluation-prior_predictive-058,0.08806250000000002,prior_predictive,1,2.506915149691349,reference,r,2.4177352806180923,2.6151498738888064,0.06028838254403326,2.431413925052082,0.1974145932707141
0.010411482914098436,evaluation-prior_predictive-058,0.6352500000000001,prior_predictive,1,2.3810617074840748,reference,b,2.329817216878286,2.4289031439905835,0.030157206801916723,2.391473190398173,0.09908592711229769
0.06493566088628544,evaluation-prior_predictive-058,0.9787500000000005,prior_predictive,0,0.6136292106299028,reference,g,0.5467279028624037,0.6699989456063976,0.037937616012233666,0.6785648715161883,0.12327104274399392
0.848908508871907,evaluation-prior_predictive-059,0.365234375,prior_predictive,1,4.946772935119159,prior,r,2.3199136662690556,7.655917836573017,1.6763897055014427,4.097864426247252,5.336004170303961
0.45659231809274003,evaluation-prior_predictive-059,0.6748046875,prior_predictive,1,1.7562305840451613,prior,b,0.6117045152069491,2.87030573515894,0.7264022539633386,2.2128229021379013,2.258601219951991
0.24805003783496332,evaluation-prior_predictive-059,0.19140625,prior_predictive,1,0.3892659791323031,prior,g,0.038565472583619524,0.7536576867577792,0.23302552037961557,0.14121594129733978,0.7150922141741597
0.14996989390354587,evaluation-prior_predictive-059,0.9788713760910837,prior_predictive,0,3.9478945323437062,published,r,3.843742059974509,4.066688880604122,0.0671676356587471,4.097864426247252,0.22294682062961302
0.07753388387799243,evaluation-prior_predictive-059,0.05725301744147113,prior_predictive,1,2.2903567860158938,published,b,2.2102864364551094,2.36401227012906,0.04714834090784244,2.2128229021379013,0.15372583367395043
0.08265175511819342,evaluation-prior_predictive-059,0.03205606908658067,prior_predictive,0,0.2238676964155332,published,g,0.15745378096597926,0.2880007118335883,0.04054795040825804,0.14121594129733978,0.13054693086760902
0.15143065726579774,evaluation-prior_predictive-059,0.9783744422467633,prior_predictive,0,3.9464337689814544,higher_compute,r,3.8476537113985554,4.063141061772662,0.06668685414718142,4.097864426247252,0.21548735037410705
0.07766596482747534,evaluation-prior_predictive-059,0.05575568055840836,prior_predictive,1,2.2904888669653767,higher_compute,b,2.2095203347098455,2.3640253481018907,0.04696965907043582,2.2128229021379013,0.15450501339204514
0.08305852352351312,evaluation-prior_predictive-059,0.02850848580107361,prior_predictive,0,0.2242744648208529,higher_compute,g,0.1524702265703517,0.28580890944211207,0.0407021947013725,0.14121594129733978,0.13333868287176037
0.15365857563315766,evaluation-prior_predictive-059,0.9814375000000004,prior_predictive,0,3.9442058506140945,reference,r,3.8445194349810436,4.061247942600861,0.06667643469071158,4.097864426247252,0.21672850761981755
0.07892959131638122,evaluation-prior_predictive-059,0.05231250000000002,prior_predictive,1,2.2917524934542826,reference,b,2.2111533546923297,2.366578407950818,0.04685828947800638,2.2128229021379013,0.15542505325848843
0.08474226911969077,evaluation-prior_predictive-059,0.03093750000000001,prior_predictive,0,0.22595821041703054,reference,g,0.15366073217143825,0.2881516699855537,0.04091976754653721,0.14121594129733978,0.13449093781411545
2.8417577781474375,evaluation-prior_predictive-060,0.029296875,prior_predictive,0,5.042683674350875,prior,r,2.3664305793452045,7.728240682376386,1.737502917004866,2.2009258962034375,5.361810103031182
0.34077331449680304,evaluation-prior_predictive-060,0.6240234375,prior_predictive,1,1.7495386785129161,prior,b,0.6386121517371872,2.817947967331564,0.7151742111002836,2.090311993009719,2.179335815594377
0.22993078920599047,evaluation-prior_predictive-060,0.78515625,prior_predictive,1,0.3946657452813335,prior,g,0.038041031299107256,0.7544869219059311,0.22885089179685067,0.624596534487324,0.7164458906068238
0.001468436131094819,evaluation-prior_predictive-060,0.5373509577004778,prior_predictive,1,2.1994574600723427,published,r,2.146817476621451,2.2578104760056292,0.033531776441992914,2.2009258962034375,0.11099299938417806
0.008402271444758913,evaluation-prior_predictive-060,0.3665156953892655,prior_predictive,1,2.098714264454478,published,b,2.0583332690337515,2.136157634247946,0.024450402866064296,2.090311993009719,0.07782436521419456
0.002099938095364018,evaluation-prior_predictive-060,0.5396948742986181,prior_predictive,1,0.62249659639196,published,g,0.5879406867103041,0.6568090846217838,0.02121834074501505,0.624596534487324,0.0688683979114797
0.0021230760921850944,evaluation-prior_predictive-060,0.5392281808899356,prior_predictive,1,2.1988028201112524,higher_compute,r,2.1466100012665255,2.2545963964899842,0.033267956644341665,2.2009258962034375,0.10798639522345876
0.007976693403822122,evaluation-prior_predictive-060,0.3645880415249205,prior_predictive,1,2.0982886864135413,higher_compute,b,2.0577207168308314,2.1364869825581567,0.02388383896386393,2.090311993009719,0.07876626572732537
0.0004753738838039201,evaluation-prior_predictive-060,0.5017620944896577,prior_predictive,1,0.6241211606035201,higher_compute,g,0.5870804745448299,0.6602545676458559,0.022375473783080954,0.624596534487324,0.07317409310102596
0.0011977355420231817,evaluation-prior_predictive-060,0.541375,prior_predictive,1,2.1997281606614143,reference,r,2.148988838550476,2.2570847312973115,0.0324383259788913,2.2009258962034375,0.10809589274683562
0.007476954830796689,evaluation-prior_predictive-060,0.3636250000000001,prior_predictive,1,2.097788947840516,reference,b,2.0582678347396337,2.1357617106364595,0.0237751611419768,2.090311993009719,0.07749387589682577
0.0009187441379713279,evaluation-prior_predictive-060,0.5030625000000002,prior_predictive,1,0.6236777903493527,reference,g,0.5877907751244401,0.6579721603280593,0.02152486829739751,0.624596534487324,0.07018138520361916
0.18209034237859978,evaluation-prior_predictive-061,0.462890625,prior_predictive,1,4.986019218213231,prior,r,2.28927166545615,7.701016321108742,1.742084637328054,4.8039288758346315,5.411744655652592
0.03898297969863829,evaluation-prior_predictive-061,0.509765625,prior_predictive,1,1.797650872151959,prior,b,0.6326799981910465,2.879325390040751,0.7194012274351564,1.8366338518505974,2.2466453918497047
0.2638783668754482,evaluation-prior_predictive-061,0.1572265625,prior_predictive,1,0.39275820694503705,prior,g,0.03766233094721708,0.7589332699640048,0.2323738851103313,0.12887984006958889,0.7212709390167877
0.0164994567751231,evaluation-prior_predictive-061,0.6530306015762196,prior_predictive,1,4.787429419059508,published,r,4.70461201529416,4.8866183411691475,0.05428386544455638,4.8039288758346315,0.18200632587498777
0.027918032548435834,evaluation-prior_predictive-061,0.6753543787714535,prior_predictive,1,1.8087158193021615,published,b,1.6996000104092497,1.896373907186396,0.0578329502416099,1.8366338518505974,0.1967738967771464
0.022398488399624966,evaluation-prior_predictive-061,0.28531890837220053,prior_predictive,1,0.15127832846921385,published,g,0.08742661169392703,0.22314133516819917,0.04053880340832473,0.12887984006958889,0.13571472347427216
0.021430749039603292,evaluation-prior_predictive-061,0.6730171319905434,prior_predictive,1,4.782498126795028,higher_compute,r,4.696702757626811,4.883316087781185,0.05679065666984494,4.8039288758346315,0.18661333015437354
0.022991388812600322,evaluation-prior_predictive-061,0.6225488663372383,prior_predictive,1,1.813642463037997,higher_compute,b,1.7050460847584696,1.9004080588814916,0.05895000308697648,1.8366338518505974,0.19536197412302192
0.02188240587855725,evaluation-prior_predictive-061,0.29990882066323954,prior_predictive,1,0.15076224594814613,higher_compute,g,0.08753505027276542,0.2202944735442725,0.040365095063259054,0.12887984006958889,0.13275942327150708
0.021062363135911255,evaluation-prior_predictive-061,0.6658750000000002,prior_predictive,1,4.78286651269872,reference,r,4.697998872028171,4.879731220957162,0.05558949040881068,4.8039288758346315,0.1817323489289917
0.022999066496718124,evaluation-prior_predictive-061,0.6333750000000001,prior_predictive,1,1.8136347853538792,reference,b,1.7074367131463553,1.8987339895394402,0.05778490122888542,1.8366338518505974,0.19129727639308491
0.021321818399165166,evaluation-prior_predictive-061,0.29825,prior_predictive,1,0.15020165846875405,reference,g,0.08356785458009908,0.2193212026185797,0.04083648043518148,0.12887984006958889,0.13575334803848063
0.3592298014904678,evaluation-prior_predictive-062,0.5595703125,prior_predictive,1,4.978453824006072,prior,r,2.2985620781929805,7.72152740214169,1.7536354803101526,5.33768362549654,5.422965323948709
0.5433846120042249,evaluation-prior_predictive-062,0.7109375,prior_predictive,1,1.7751527116352517,prior,b,0.6436996523950069,2.8748143192407145,0.7152924015096298,2.3185373236394766,2.2311146668457074
0.10592805301919761,evaluation-prior_predictive-062,0.626953125,prior_predictive,1,0.40069875987281556,prior,g,0.0428793923373155,0.7631711237223584,0.23503505216532605,0.5066268128920132,0.7202917313850429
0.08454574974639684,evaluation-prior_predictive-062,0.11841316833149312,prior_predictive,1,5.422229375242937,published,r,5.310623338216698,5.5503968441398115,0.07271583326887567,5.33768362549654,0.23977350592311364
0.07552077923260603,evaluation-prior_predictive-062,0.8902580141701544,prior_predictive,1,2.2430165444068706,published,b,2.137033551501487,2.342255029710822,0.06341066002715162,2.3185373236394766,0.20522147820933512
0.05049121742787421,evaluation-prior_predictive-062,0.835438137849825,prior_predictive,1,0.45613559546413895,published,g,0.36778598320637085,0.5321411133128051,0.049694827634208565,0.5066268128920132,0.16435513010643427
0.08045494987335644,evaluation-prior_predictive-062,0.1145022348263846,prior_predictive,1,5.4181385753698965,higher_compute,r,5.313751966671464,5.544245388485849,0.06996946698870021,5.33768362549654,0.23049342181438526
0.07207763464799077,evaluation-prior_predictive-062,0.8737551887402382,prior_predictive,1,2.246459688991486,higher_compute,b,2.141053843541727,2.3457128537694323,0.06212587333432781,2.3185373236394766,0.20465901022770527
0.04954695653696384,evaluation-prior_predictive-062,0.8519190177341656,prior_predictive,1,0.45707985635504933,higher_compute,g,0.3736863027635447,0.5327615567918735,0.04878248398673096,0.5066268128920132,0.15907525402832884
0.07794689313170888,evaluation-prior_predictive-062,0.11506250000000004,prior_predictive,1,5.415630518628249,reference,r,5.31648653489309,5.543146165487073,0.07029781559448206,5.33768362549654,0.22665963059398297
0.07080697498453725,evaluation-prior_predictive-062,0.8910000000000003,prior_predictive,1,2.2477303486549394,reference,b,2.13563286817757,2.341244161822455,0.06084820544786483,2.3185373236394766,0.20561129364488506
0.04705813717567531,evaluation-prior_predictive-062,0.8498750000000004,prior_predictive,1,0.45956867571633786,reference,g,0.377535521721644,0.5318016550536572,0.04707259300020314,0.5066268128920132,0.15426613333201317
1.391896357697017,evaluation-prior_predictive-063,0.728515625,prior_predictive,1,5.009931390943931,prior,r,2.302283480276401,7.704255932529028,1.7482973909054231,6.401827748640948,5.401972452252627
1.103227923467093,evaluation-prior_predictive-063,0.943359375,prior_predictive,1,1.7368754858433437,prior,b,0.6204108316409788,2.854263953243487,0.7087203424524774,2.8401034093104367,2.233853121602508
0.0174681165945047,evaluation-prior_predictive-063,0.4794921875,prior_predictive,1,0.3972001534686521,prior,g,0.036211431056274807,0.7519438820429745,0.2284287122750041,0.3797320368741474,0.7157324509866997
0.107181459436827,evaluation-prior_predictive-063,0.22714399063232688,prior_predictive,1,6.509009208077775,published,r,6.3313867127223356,6.775799429934686,0.13494815846584585,6.401827748640948,0.44441271721235065
0.025446014676135498,evaluation-prior_predictive-063,0.5896630870527457,prior_predictive,1,2.814657394634301,published,b,2.665746793538092,2.9258303797857512,0.08043037792335636,2.8401034093104367,0.26008358624765915
0.049413622885896735,evaluation-prior_predictive-063,0.7551837148303779,prior_predictive,1,0.3303184139882507,published,g,0.18936941396588647,0.4407554875799473,0.07497945743143354,0.3797320368741474,0.25138607361406085
0.09730234860527709,evaluation-prior_predictive-063,0.24656411233092276,prior_predictive,1,6.499130097246225,higher_compute,r,6.323984855130106,6.758408598535457,0.13172586087533533,6.401827748640948,0.4344237434053513
0.0217994249155673,evaluation-prior_predictive-063,0.5532438816598466,prior_predictive,1,2.8183039843948694,higher_compute,b,2.6678233026084075,2.931196816100411,0.08062867038195119,2.8401034093104367,0.26337351349200366
0.04586625387422777,evaluation-prior_predictive-063,0.7179668334345007,prior_predictive,1,0.33386578299991965,higher_compute,g,0.20113832454449482,0.4325381236624524,0.07174647035142029,0.3797320368741474,0.2313997991179576
0.09546184605397201,evaluation-prior_predictive-063,0.2479375000000001,prior_predictive,1,6.49728959469492,reference,r,6.323458428722691,6.749556094600411,0.13094214332916732,6.401827748640948,0.42609766587772047
0.02055847065545935,evaluation-prior_predictive-063,0.5545625000000001,prior_predictive,1,2.8195449386549774,reference,b,2.668706062469133,2.9301345876191793,0.08037781358494658,2.8401034093104367,0.26142852515004655
0.04580644289224611,evaluation-prior_predictive-063,0.7229375000000002,prior_predictive,1,0.3339255939819013,reference,g,0.20349966512756576,0.4363182071070673,0.07154582247690994,0.3797320368741474,0.23281854197950155
0.2429740961157263,evaluation-prior_predictive-064,0.5322265625,prior_predictive,1,5.015079474312673,prior,r,2.3875289750040154,7.6923680137460675,1.7451757288998921,5.258053570428399,5.3048390387420525
0.06100534176472516,evaluation-prior_predictive-064,0.533203125,prior_predictive,1,1.7551623083982593,prior,b,0.6253414014070028,2.8720265065605974,0.7113598856168923,1.8161676501629844,2.2466851051535945
0.06018915376875811,evaluation-prior_predictive-064,0.4248046875,prior_predictive,1,0.4019694294022711,prior,g,0.04703917150345107,0.765329711641266,0.22561285522884866,0.341780275633513,0.7182905401378149
0.10659820610387616,evaluation-prior_predictive-064,0.9719264519566474,prior_predictive,0,5.151455364324523,published,r,5.069955461368149,5.240799186883064,0.053200050112194856,5.258053570428399,0.17084372551491445
0.02863160288085398,evaluation-prior_predictive-064,0.2760563938814579,prior_predictive,1,1.8447992530438384,published,b,1.7662111964772749,1.9184522542595266,0.046659881812735254,1.8161676501629844,0.15224105778225172
0.07143531718159146,evaluation-prior_predictive-064,0.034267722233714965,prior_predictive,0,0.41321559281510445,published,g,0.34892053832043646,0.4791793267771895,0.039562752813920264,0.341780275633513,0.13025878845675304
0.10996184275499576,evaluation-prior_predictive-064,0.9751205980846435,prior_predictive,0,5.148091727673403,higher_compute,r,5.060447089313787,5.237797671997319,0.05392292081760246,5.258053570428399,0.17735058268353132
0.028233266493083553,evaluation-prior_predictive-064,0.27604894950408904,prior_predictive,1,1.844400916656068,higher_compute,b,1.7626224678390336,1.9239889139804134,0.04876212295433796,1.8161676501629844,0.16136644614137974
0.07364609181804471,evaluation-prior_predictive-064,0.032377429885686884,prior_predictive,0,0.4154263674515577,higher_compute,g,0.3495156848438988,0.48324418402913377,0.04021285205323327,0.341780275633513,0.133728499185235
0.10887344171246127,evaluation-prior_predictive-064,0.9740000000000004,prior_predictive,0,5.149180128715938,reference,r,5.063287803654309,5.241371347635435,0.053742792224085366,5.258053570428399,0.1780835439811259
0.027221706851380922,evaluation-prior_predictive-064,0.29756250000000006,prior_predictive,1,1.8433893570143653,reference,b,1.7606464879391879,1.924041454207357,0.049094550551926366,1.8161676501629844,0.16339496626816907
0.07304599149217977,evaluation-prior_predictive-064,0.03318750000000001,prior_predictive,0,0.41482626712569276,reference,g,0.34961724336696665,0.4812809550775899,0.040306515845333714,0.341780275633513,0.13166371171062324
2.4838504173826514,evaluation-prior_predictive-065,0.892578125,prior_predictive,1,4.944587718570556,prior,r,2.2281678658063835,7.713307104191148,1.7565560552139057,7.428438135953208,5.485139238384765
0.710163608274927,evaluation-prior_predictive-065,0.2080078125,prior_predictive,1,1.732574584862391,prior,b,0.611906957352363,2.866737288340972,0.7109092598820981,1.022410976587464,2.254830330988609
0.21565939512541968,evaluation-prior_predictive-065,0.2255859375,prior_predictive,1,0.3888453615553379,prior,g,0.035453956695366405,0.7595364971384716,0.2317875965793089,0.1731859664299182,0.7240825404431052
0.034547924156752785,evaluation-prior_predictive-065,0.7097436009277782,prior_predictive,1,7.393890211796455,published,r,7.280641935283976,7.521972121941361,0.07292196313768934,7.428438135953208,0.24133018665738515
0.03741436394833908,evaluation-prior_predictive-065,0.732871614981595,prior_predictive,1,0.984996612639125,published,b,0.8884668806840135,1.0748630093571476,0.05587515960980494,1.022410976587464,0.18639612867313415
0.11388638600183013,evaluation-prior_predictive-065,0.08625499709556647,prior_predictive,1,0.28707235243174833,published,g,0.1469876524865854,0.420747782406016,0.08379045895824895,0.1731859664299182,0.2737601299194306
0.03328601086560745,evaluation-prior_predictive-065,0.6926330281484729,prior_predictive,1,7.3951521250876,higher_compute,r,7.28596679721174,7.523784502466453,0.07189281820431544,7.428438135953208,0.23781770525471302
0.038892413675377324,evaluation-prior_predictive-065,0.7540850835768828,prior_predictive,1,0.9835185629120867,higher_compute,b,0.892209441877752,1.0745535962953583,0.05595768647396483,1.022410976587464,0.18234415441760632
0.10988034461331833,evaluation-prior_predictive-065,0.09710374800267205,prior_predictive,1,0.28306631104323654,higher_compute,g,0.14767470005394395,0.41884768651235627,0.08268177521838742,0.1731859664299182,0.2711729864584123
0.03297059156424709,evaluation-prior_predictive-065,0.6935625000000001,prior_predictive,1,7.395467544388961,reference,r,7.285055542482953,7.5257999265567745,0.073830856746948,7.428438135953208,0.24074438407382193
0.038912719059767786,evaluation-prior_predictive-065,0.7540000000000002,prior_predictive,1,0.9834982575276963,reference,b,0.8875786067587645,1.0765029230121912,0.05690493857862361,1.022410976587464,0.18892431625342665
0.10997103059661309,evaluation-prior_predictive-065,0.09981250000000003,prior_predictive,1,0.2831569970265313,reference,g,0.14288244424978386,0.42538648720894373,0.0855371693714898,0.1731859664299182,0.2825040429591599
0.7618620117448396,evaluation-prior_predictive-066,0.6279296875,prior_predictive,1,5.0287476048733355,prior,r,2.328091464214468,7.703028955986406,1.7434931343562823,5.790609616618175,5.374937491771938
0.47755024377775324,evaluation-prior_predictive-066,0.705078125,prior_predictive,1,1.7325073902420736,prior,b,0.6389742463740922,2.881187588115015,0.7186543296126664,2.210057634019827,2.242213341740923
0.09225337566521757,evaluation-prior_predictive-066,0.3759765625,prior_predictive,1,0.4024136378884129,prior,g,0.03732859864613655,0.7592628413252006,0.23238894851195105,0.3101602622231953,0.721934242679064
0.06582142675613856,evaluation-prior_predictive-066,0.2725998877975762,prior_predictive,1,5.856431043374314,published,r,5.689296369805449,6.0330772659840015,0.10308246966736449,5.790609616618175,0.34378089617855245
0.04381360301433457,evaluation-prior_predictive-066,0.6894029301579242,prior_predictive,1,2.1662440310054922,published,b,2.0435226684364434,2.284821505430785,0.07403052207667223,2.210057634019827,0.24129883699434185
0.039045079501658475,evaluation-prior_predictive-066,0.7690421804633529,prior_predictive,1,0.27111518272153684,published,g,0.18601107992880636,0.3459801110146273,0.051358626716945216,0.3101602622231953,0.15996903108582092
0.06262786180630187,evaluation-prior_predictive-066,0.2861139514330895,prior_predictive,1,5.853237478424477,higher_compute,r,5.682830828234314,6.030313924354249,0.10388843362592497,5.790609616618175,0.34748309611993466
0.03907167617030893,evaluation-prior_predictive-066,0.688027973211258,prior_predictive,1,2.170985957849518,higher_compute,b,2.0436082892774894,2.2891674972312717,0.07443478460637237,2.210057634019827,0.24555920795378228
0.04042114078011977,evaluation-prior_predictive-066,0.768808411214419,prior_predictive,1,0.26973912144307555,higher_compute,g,0.17914206397519883,0.34477100222280327,0.050924599826023084,0.3101602622231953,0.16562893824760444
0.06111502799405599,evaluation-prior_predictive-066,0.29068750000000004,prior_predictive,1,5.851724644612231,reference,r,5.6840268362867645,6.02415951801359,0.10264388128944239,5.790609616618175,0.34013268172682576
0.0388767515033841,evaluation-prior_predictive-066,0.6816250000000001,prior_predictive,1,2.1711808825164427,reference,b,2.038454260825311,2.2902940017566626,0.07629723203108808,2.210057634019827,0.25183974093135175
0.03926670488422529,evaluation-prior_predictive-066,0.7809375000000003,prior_predictive,1,0.27089355733897,reference,g,0.18345165888516451,0.3476867286058208,0.049834419907660604,0.3101602622231953,0.16423506972065627
1.0712779819229152,evaluation-prior_predictive-067,0.3310546875,prior_predictive,1,4.99348477460423,prior,r,2.3512515135195367,7.777897760515551,1.7423105592841828,3.922206792681315,5.426646246996015
0.5825063379647077,evaluation-prior_predictive-067,0.755859375,prior_predictive,1,1.7280493796295677,prior,b,0.6143338389794182,2.8415238520103347,0.7070997155880917,2.3105557175942755,2.2271900130309166
0.005838057402631214,evaluation-prior_predictive-067,0.494140625,prior_predictive,1,0.40761268263013684,prior,g,0.04851852988379335,0.7609692388925183,0.22603790302326746,0.4017746252275056,0.712450709008725
0.0873244943228948,evaluation-prior_predictive-067,0.9424376860150356,prior_predictive,1,3.83488229835842,published,r,3.761175703519737,3.9250745871063644,0.049922866969709455,3.922206792681315,0.16389888358662752
0.03214823806410694,evaluation-prior_predictive-067,0.1478887177420356,prior_predictive,1,2.3427039556583824,published,b,2.2915507568786144,2.388870245613143,0.029632743566134778,2.3105557175942755,0.09731948873452856
0.04767218380049765,evaluation-prior_predictive-067,0.12595528445898418,prior_predictive,1,0.44944680902800327,published,g,0.38603112923476934,0.5102791141668792,0.03844547630502177,0.4017746252275056,0.12424798493210987
0.0856128862488803,evaluation-prior_predictive-067,0.9459093213584076,prior_predictive,1,3.8365939064324346,higher_compute,r,3.7607072204558474,3.9254917572636288,0.05018322396554098,3.922206792681315,0.16478453680778138
0.031184599531816737,evaluation-prior_predictive-067,0.13423434865410394,prior_predictive,1,2.341740317126092,higher_compute,b,2.292754107769097,2.38907994454236,0.02928882072897013,2.3105557175942755,0.0963258367732629
0.04781403406514484,evaluation-prior_predictive-067,0.1139930182024147,prior_predictive,1,0.44958865929265046,higher_compute,g,0.38262923838690815,0.5107312584941982,0.038349367460207534,0.4017746252275056,0.12810202010729005
0.08780035341905412,evaluation-prior_predictive-067,0.9550625000000004,prior_predictive,0,3.8344064392622608,reference,r,3.762448932097852,3.918540240274635,0.04810359336958539,3.922206792681315,0.15609130817678318
0.03217747083760791,evaluation-prior_predictive-067,0.13215625000000003,prior_predictive,1,2.3427331884318834,reference,b,2.293853971766412,2.3905155114914356,0.029118370807891217,2.3105557175942755,0.09666153972502345
0.048125757963220606,evaluation-prior_predictive-067,0.10321875000000004,prior_predictive,1,0.4499003831907262,reference,g,0.38677929719605286,0.5116248354938984,0.03745881413791899,0.4017746252275056,0.1248455382978455
0.11654358979347279,evaluation-prior_predictive-068,0.5244140625,prior_predictive,1,4.979905281076619,prior,r,2.3149193882459262,7.661421878466996,1.7369602169821703,5.096448870870092,5.34650249022107
0.7308181885768796,evaluation-prior_predictive-068,0.2099609375,prior_predictive,1,1.7903221066616757,prior,b,0.6306147065910075,2.893096119651784,0.7313003681679272,1.059503918084796,2.2624814130607764
0.13604029556546515,evaluation-prior_predictive-068,0.658203125,prior_predictive,1,0.4103831836726669,prior,g,0.04885285254952619,0.7678735206944979,0.23086595815470767,0.5464234792381321,0.7190206681449717
0.02133260917949098,evaluation-prior_predictive-068,0.4445431751618171,prior_predictive,1,5.117781480049583,published,r,5.000621795045484,5.258127516240489,0.08163693226726723,5.096448870870092,0.25750572119500426
0.041727601458732,evaluation-prior_predictive-068,0.8045882765734331,prior_predictive,1,1.017776316626064,published,b,0.9354781769474511,1.0931024209590718,0.04791997645281034,1.059503918084796,0.15762424401162078
0.045013790212937166,evaluation-prior_predictive-068,0.21429264037620344,prior_predictive,1,0.5914372694510692,published,g,0.4805803329603775,0.6808159782182996,0.06092357799372082,0.5464234792381321,0.20023564525792215
0.02059325567419812,evaluation-prior_predictive-068,0.4475087329877244,prior_predictive,1,5.11704212654429,higher_compute,r,5.005406561747517,5.264224389961936,0.07996832749692463,5.096448870870092,0.25881782821441934
0.04032171767365522,evaluation-prior_predictive-068,0.8099273821355044,prior_predictive,1,1.0191822004111408,higher_compute,b,0.9374440139596564,1.094790210496142,0.04687734827530954,1.059503918084796,0.15734619653648563
0.04627049528700766,evaluation-prior_predictive-068,0.20320146868452096,prior_predictive,1,0.5926939745251397,higher_compute,g,0.48699534344028717,0.680128503553879,0.05907269262776385,0.5464234792381321,0.19313316011359183
0.022031493742230346,evaluation-prior_predictive-068,0.44043750000000015,prior_predictive,1,5.1184803646123225,reference,r,5.002709783626928,5.270709320651929,0.08108783607626462,5.096448870870092,0.267999537025001
0.04170029655704477,evaluation-prior_predictive-068,0.8136250000000003,prior_predictive,1,1.0178036215277513,reference,b,0.9363603340815183,1.0901256020751027,0.046739156661008835,1.059503918084796,0.15376526799358436
0.04596447016726024,evaluation-prior_predictive-068,0.21306250000000007,prior_predictive,1,0.5923879494053923,reference,g,0.4875363354133809,0.6793363780010916,0.05945339050667485,0.5464234792381321,0.19180004258771072
0.06944277195564119,evaluation-prior_predictive-069,0.4853515625,prior_predictive,1,5.014132404968352,prior,r,2.262250472506063,7.71999594606122,1.786711619315884,4.944689633012711,5.457745473555157
0.3379513048577687,evaluation-prior_predictive-069,0.3798828125,prior_predictive,1,1.7355509038338344,prior,b,0.6336542873114679,2.888607917186104,0.7267334242200126,1.3975995989760657,2.254953629874636
0.2705770518320166,evaluation-prior_predictive-069,0.1787109375,prior_predictive,1,0.39830460316023697,prior,g,0.03807406775124337,0.7579082460814273,0.23501370446724154,0.1277275513282204,0.7198341783301839
0.020698793819254213,evaluation-prior_predictive-069,0.35785716045731214,prior_predictive,1,4.965388426831965,published,r,4.876994556935007,5.059070802962238,0.055073254577838626,4.944689633012711,0.18207624602723094
0.0069628418535632175,evaluation-prior_predictive-069,0.4027710697360811,prior_predictive,1,1.4045624408296289,published,b,1.3303676551620431,1.4706113112204147,0.04319688038130101,1.3975995989760657,0.14024365605837152
0.0038812039493631434,evaluation-prior_predictive-069,0.46568292066281786,prior_predictive,1,0.13160875527758353,published,g,0.04389824210289063,0.21231077439837892,0.05134942431178893,0.1277275513282204,0.1684125322954883
0.021478672557554646,evaluation-prior_predictive-069,0.36510441605719024,prior_predictive,1,4.966168305570266,higher_compute,r,4.880822123319599,5.063187013098436,0.05599550904214199,4.944689633012711,0.18236488977883702
0.006810466818598648,evaluation-prior_predictive-069,0.41487083081775383,prior_predictive,1,1.4044100657946643,higher_compute,b,1.3305482594447573,1.4735321648248618,0.04344843875771583,1.3975995989760657,0.14298390538010453
0.002912034749900566,evaluation-prior_predictive-069,0.47183929055693863,prior_predictive,1,0.13063958607812096,higher_compute,g,0.046973682314072084,0.211684614541987,0.05027704292420486,0.1277275513282204,0.1647109322279149
0.022356891230567832,evaluation-prior_predictive-069,0.3573125000000001,prior_predictive,1,4.967046524243279,reference,r,4.879734195851825,5.063140358170545,0.05633710022465095,4.944689633012711,0.18340616231871998
0.007425945122313982,evaluation-prior_predictive-069,0.42562500000000014,prior_predictive,1,1.4050255440983797,reference,b,1.3278200982470572,1.4754890573996369,0.04453503135045979,1.3975995989760657,0.14766895915257972
0.0008230997692122433,evaluation-prior_predictive-069,0.4871250000000002,prior_predictive,1,0.12855065109743263,reference,g,0.04429162260680906,0.2104741828911677,0.04987400172124895,0.1277275513282204,0.16618256028435865
1.8418581396695783,evaluation-prior_predictive-070,0.1806640625,prior_predictive,1,4.956900063536459,prior,r,2.294530224691404,7.6122726540329895,1.685582928778226,3.1150419238668805,5.317742429341585
0.24325157321805468,evaluation-prior_predictive-070,0.419921875,prior_predictive,1,1.7543146979156972,prior,b,0.6314175311950025,2.888852597080153,0.7384315176601766,1.5110631246976425,2.2574350658851503
0.29540036362395583,evaluation-prior_predictive-070,0.87890625,prior_predictive,1,0.40417618244312137,prior,g,0.03550071362603367,0.7597578244244431,0.23245210983276032,0.6995765460670772,0.7242571107984094
0.031235402337768114,evaluation-prior_predictive-070,0.8118824831938544,prior_predictive,1,3.0838065215291124,published,r,3.0257679438994263,3.1496022104692067,0.03744900047844,3.1150419238668805,0.12383426656978047
0.018495274199331835,evaluation-prior_predictive-070,0.24453806871617956,prior_predictive,1,1.5295583988969743,published,b,1.4788565534852214,1.574136232418698,0.028742498169706684,1.5110631246976425,0.09527967893347666
0.0019176378808832828,evaluation-prior_predictive-070,0.5319343888732954,prior_predictive,1,0.6976589081861939,published,g,0.6514445559024494,0.7480609973085252,0.028959778795131806,0.6995765460670772,0.09661644140607573
0.032865339792325976,evaluation-prior_predictive-070,0.8258684227732898,prior_predictive,1,3.0821765840745545,higher_compute,r,3.0250129558468424,3.14347382353851,0.036024234098275584,3.1150419238668805,0.11846086769166764
0.019098989625949025,evaluation-prior_predictive-070,0.22491314589170258,prior_predictive,1,1.5301621143235915,higher_compute,b,1.4855169926462568,1.5717578816036897,0.026121968573126885,1.5110631246976425,0.08624088895743287
0.0006092439721895326,evaluation-prior_predictive-070,0.5025743948500905,prior_predictive,1,0.6989673020948877,higher_compute,g,0.6532533663020703,0.7430405617583276,0.02788948480589839,0.6995765460670772,0.08978719545625724
0.03248287009436357,evaluation-prior_predictive-070,0.8183750000000003,prior_predictive,1,3.082559053772517,reference,r,3.0262808724806094,3.1432196007254487,0.036224319578362744,3.1150419238668805,0.11693872824483931
0.018068342927899828,evaluation-prior_predictive-070,0.24343750000000008,prior_predictive,1,1.5291314676255423,reference,b,1.4860489394333607,1.5728877490611661,0.02657030758910608,1.5110631246976425,0.08683880962780544
3.4177966279136385e-05,evaluation-prior_predictive-070,0.4869375000000002,prior_predictive,1,0.6996107240333563,reference,g,0.6519641989046723,0.7462909735564813,0.028537171064661613,0.6995765460670772,0.09432677465180905
2.8323874870997123,evaluation-prior_predictive-071,0.986328125,prior_predictive,0,5.052402343680071,prior,r,2.2585025989927394,7.67151021566098,1.7487917159309478,7.884789830779783,5.41300761666824
0.7306112322646889,evaluation-prior_predictive-071,0.21484375,prior_predictive,1,1.7559077055139496,prior,b,0.6262683976659176,2.88020816179119,0.7388291179584828,1.0252964732492607,2.2539397641252723
0.36730799916702234,evaluation-prior_predictive-071,0.033203125,prior_predictive,0,0.3929502931702023,prior,g,0.038815453373181784,0.7436980092140438,0.2281041502835648,0.025642294003179966,0.704882555840862
0.07325845227007477,evaluation-prior_predictive-071,0.8281867187259516,prior_predictive,1,7.8115313785097085,published,r,7.7033178857291285,7.935455209865573,0.07186180452013176,7.884789830779783,0.2321373241364446
0.03483150553894321,evaluation-prior_predictive-071,0.2578800382671502,prior_predictive,1,1.0601279787882039,published,b,0.9605822968788779,1.1433031662817617,0.05593682266091051,1.0252964732492607,0.1827208694028838
0.04605573468458063,evaluation-prior_predictive-071,0.12276521110013655,prior_predictive,1,0.0716980286877606,published,g,0.011698164058635385,0.13713788294631307,0.03764419077044618,0.025642294003179966,0.1254397188876777
0.06321497966704026,evaluation-prior_predictive-071,0.7856682411913185,prior_predictive,1,7.821574851112743,higher_compute,r,7.699252177874217,7.943237648367814,0.07432627301285823,7.884789830779783,0.2439854704935973
0.028266727557710425,evaluation-prior_predictive-071,0.3048951654709685,prior_predictive,1,1.053563200806971,higher_compute,b,0.958595461464474,1.1411448308105028,0.05552849291428913,1.0252964732492607,0.18254936934602872
0.043123113738934044,evaluation-prior_predictive-071,0.15499694123329233,prior_predictive,1,0.06876540774211401,higher_compute,g,0.010458387158485391,0.14028479910241748,0.040024406315300395,0.025642294003179966,0.12982641194393207
0.0590470245052126,evaluation-prior_predictive-071,0.7846875000000002,prior_predictive,1,7.825742806274571,reference,r,7.703338811416147,7.945804750258386,0.07286320975266321,7.884789830779783,0.24246593884223877
0.027404243072650214,evaluation-prior_predictive-071,0.30525,prior_predictive,1,1.0527007163219109,reference,b,0.9581987982137595,1.1409091228581834,0.055729980356268326,1.0252964732492607,0.18271032464442383
0.04079484237891656,evaluation-prior_predictive-071,0.16450000000000004,prior_predictive,1,0.06643713638209653,reference,g,0.0088159300268613,0.13791858535482457,0.03960622871256254,0.025642294003179966,0.12910265532796328
1.9882238194585078,evaluation-prior_predictive-072,0.83203125,prior_predictive,1,4.993044049930389,prior,r,2.2646762054465035,7.699360629843605,1.7335248906793723,6.981267869388897,5.434684424397101
1.2440411452572424,evaluation-prior_predictive-072,0.0029296875,prior_predictive,0,1.753657186321207,prior,b,0.6176608476947418,2.865581957123929,0.7283949685839911,0.5096160410639645,2.2479211094291873
0.2017252057810501,evaluation-prior_predictive-072,0.25,prior_predictive,1,0.40568591376454666,prior,g,0.034524502694544046,0.7660900724415608,0.23269593096011104,0.20396070798349655,0.7315655697470167
0.09858317192838406,evaluation-prior_predictive-072,0.9531487290732406,prior_predictive,0,6.882684697460513,published,r,6.793978355226435,6.976322479952081,0.056442002913789945,6.981267869388897,0.18234412472564632
0.020844609137531944,evaluation-prior_predictive-072,0.2530131493987462,prior_predictive,1,0.5304606502014965,published,b,0.5016283556280133,0.5761546714558221,0.024471250706142866,0.5096160410639645,0.07452631582780878
0.06195380777144119,evaluation-prior_predictive-072,0.12598813309834067,prior_predictive,1,0.26591451575493774,published,g,0.16124707197221766,0.34706643580570024,0.0542933743345967,0.20396070798349655,0.18581936383348258
0.10252041115019495,evaluation-prior_predictive-072,0.9639922110746807,prior_predictive,0,6.878747458238702,higher_compute,r,6.798492080744109,6.971985957045476,0.053014865856969545,6.981267869388897,0.17349387630136714
0.019748391590945102,evaluation-prior_predictive-072,0.21717240312966773,prior_predictive,1,0.5293644326549096,higher_compute,b,0.5022443927770603,0.5740666921591743,0.022908099792920536,0.5096160410639645,0.07182229938211393
0.06466974399807887,evaluation-prior_predictive-072,0.1000654342891441,prior_predictive,1,0.2686304519815754,higher_compute,g,0.1778720620958711,0.34638424890240505,0.05069515146167078,0.20396070798349655,0.16851218680653396
0.10246300128821417,evaluation-prior_predictive-072,0.9649375000000004,prior_predictive,0,6.878804868100683,reference,r,6.8004544434367915,6.97247134262209,0.052722650959337425,6.981267869388897,0.17201689918529883
0.018581193063648582,evaluation-prior_predictive-072,0.24668750000000012,prior_predictive,1,0.5281972341276131,reference,b,0.5022272650999534,0.5712436136404918,0.022055553793200105,0.5096160410639645,0.0690163485405384
0.06564612614243079,evaluation-prior_predictive-072,0.10787500000000004,prior_predictive,1,0.26960683412592734,reference,g,0.18006625097667986,0.35019012712053366,0.05136784334574127,0.20396070798349655,0.1701238761438538
2.2740501655465826,evaluation-prior_predictive-073,0.8955078125,prior_predictive,1,5.080522199046523,prior,r,2.294714713804925,7.669222427488628,1.698117971816952,7.354572364593105,5.374507713683704
0.5284397393499267,evaluation-prior_predictive-073,0.71875,prior_predictive,1,1.779702377176359,prior,b,0.6263930027864807,2.86846885881751,0.7102620885974741,2.3081421165262856,2.2420758560310294
0.25169482695555434,evaluation-prior_predictive-073,0.8232421875,prior_predictive,1,0.4007422883349938,prior,g,0.05067573225982111,0.7606444467708475,0.22882977456963094,0.6524371152905482,0.7099687145110264
0.02360058714719493,evaluation-prior_predictive-073,0.41507228364516036,prior_predictive,1,7.3781729517403,published,r,7.206728413154183,7.5493663726266105,0.10435590523420413,7.354572364593105,0.3426379594724276
0.025263953380743942,evaluation-prior_predictive-073,0.7132815445820456,prior_predictive,1,2.2828781631455417,published,b,2.210467915147811,2.351373049024397,0.04294297155730243,2.3081421165262856,0.14090513387658632
0.027797411077866485,evaluation-prior_predictive-073,0.6375952413689003,prior_predictive,1,0.6246397042126817,published,g,0.493060461411244,0.7572474965135211,0.08020520193026928,0.6524371152905482,0.2641870351022771
0.02274061754842549,evaluation-prior_predictive-073,0.41614662185451956,prior_predictive,1,7.377312982141531,higher_compute,r,7.204264283083634,7.550968346410809,0.10493347341532466,7.354572364593105,0.3467040633271745
0.024564892274972827,evaluation-prior_predictive-073,0.7109031166657902,prior_predictive,1,2.283577224251313,higher_compute,b,2.209430234810708,2.35490193548816,0.04447120126276997,2.3081421165262856,0.1454717006774522
0.028547559729883654,evaluation-prior_predictive-073,0.6297242999639325,prior_predictive,1,0.6238895555606645,higher_compute,g,0.48999857018855764,0.7534866002405236,0.07937946347985908,0.6524371152905482,0.26348803005196597
0.020588257565997026,evaluation-prior_predictive-073,0.43512500000000015,prior_predictive,1,7.375160622159102,reference,r,7.203911500054336,7.551380131624472,0.105529538229883,7.354572364593105,0.34746863157013586
0.022356292488536322,evaluation-prior_predictive-073,0.6996250000000002,prior_predictive,1,2.2857858240377493,reference,b,2.2116014622393187,2.357280260819064,0.04358669341921654,2.3081421165262856,0.1456787985797452
0.028371438312913666,evaluation-prior_predictive-073,0.6221875000000001,prior_predictive,1,0.6240656769776345,reference,g,0.48937867194042184,0.7533289277419486,0.07951032353874675,0.6524371152905482,0.26395025580152676
2.4460227720881447,evaluation-prior_predictive-074,0.09375,prior_predictive,1,5.017443907828531,prior,r,2.2729131835624847,7.6372984712812,1.7352157032843902,2.571421135740386,5.364385287718715
0.23567018475037393,evaluation-prior_predictive-074,0.4140625,prior_predictive,1,1.704646029287999,prior,b,0.6021961553669802,2.851652344473617,0.7113017974604933,1.468975844537625,2.2494561891066365
0.2126119125114288,evaluation-prior_predictive-074,0.2421875,prior_predictive,1,0.39959584600617365,prior,g,0.033556538905438686,0.7636534646287189,0.23267656952068905,0.18698393349474485,0.7300969257232802
0.028467964889544284,evaluation-prior_predictive-074,0.7999007526960956,prior_predictive,1,2.5429531708508417,published,r,2.482036948017927,2.6044246702775093,0.03570306759741762,2.571421135740386,0.12238772225958217
0.0029841005013282462,evaluation-prior_predictive-074,0.49970090194935196,prior_predictive,1,1.4659917440362968,published,b,1.4054985160007982,1.5233309070533059,0.03424663620284589,1.468975844537625,0.11783239105250765
0.028229948563092105,evaluation-prior_predictive-074,0.1520442682844807,prior_predictive,1,0.21521388205783695,published,g,0.16674540022657697,0.26508631059007665,0.029146435739349864,0.18698393349474485,0.09834091036349968
0.031052813698545734,evaluation-prior_predictive-074,0.7971727382674383,prior_predictive,1,2.5403683220418403,higher_compute,r,2.481497651050567,2.6038954505182854,0.03765771712758236,2.571421135740386,0.12239779946771856
0.001689292327146763,evaluation-prior_predictive-074,0.505141804543329,prior_predictive,1,1.4672865522104783,higher_compute,b,1.4044411835558324,1.5238758872725104,0.036309459995931576,1.468975844537625,0.11943470371667808
0.03027923111019587,evaluation-prior_predictive-074,0.1516561265528687,prior_predictive,1,0.21726316460494072,higher_compute,g,0.16819796459439718,0.26600574247249004,0.02924821616104848,0.18698393349474485,0.09780777787809286
0.0313861235747277,evaluation-prior_predictive-074,0.8035625000000002,prior_predictive,1,2.5400350121656583,reference,r,2.4794798719562694,2.6028113623515288,0.03766294216717476,2.571421135740386,0.12333149039525937
0.0008691583147770743,evaluation-prior_predictive-074,0.4853125000000002,prior_predictive,1,1.468106686222848,reference,b,1.4071199985549034,1.5223084469947177,0.035228723555802775,1.468975844537625,0.11518844843981424
0.030876692370085945,evaluation-prior_predictive-074,0.1400625,prior_predictive,1,0.2178606258648308,reference,g,0.1706581909864151,0.2642508551986587,0.028783770767996132,0.18698393349474485,0.0935926642122436
1.3350757861297096,evaluation-prior_predictive-075,0.7333984375,prior_predictive,1,4.926999865828769,prior,r,2.2736258850072395,7.608876234496004,1.706009469181593,6.262075651958479,5.335250349488765
0.6850129064100536,evaluation-prior_predictive-075,0.7666015625,prior_predictive,1,1.746701930175012,prior,b,0.6191678723349594,2.8923197491479176,0.7369576598656046,2.4317148365850656,2.273151876812958
0.22014995622361938,evaluation-prior_predictive-075,0.7783203125,prior_predictive,1,0.3999123126829402,prior,g,0.040837981274602864,0.7649656813319682,0.2299813366577169,0.6200622689065596,0.7241277000573654
0.13812425193651912,evaluation-prior_predictive-075,0.8288127500025212,prior_predictive,1,6.1239514000219595,published,r,5.931014044653293,6.398335436555219,0.14263643479972826,6.262075651958479,0.4673213919019261
0.08729215813396696,evaluation-prior_predictive-075,0.10603080164073134,prior_predictive,1,2.5190069947190326,published,b,2.398496640905604,2.621810555950198,0.0677089818137606,2.4317148365850656,0.22331391504459397
0.062040747729622314,evaluation-prior_predictive-075,0.22229040281633977,prior_predictive,1,0.6821030166361819,published,g,0.5320444492734347,0.788494790986675,0.08445049257647488,0.6200622689065596,0.2564503417132402
0.14045319167617887,evaluation-prior_predictive-075,0.8501388746854895,prior_predictive,1,6.1216224602823,higher_compute,r,5.927867275365687,6.380442476183463,0.13757083724334826,6.262075651958479,0.45257520081777614
0.08758304233166925,evaluation-prior_predictive-075,0.10823362124301686,prior_predictive,1,2.519297878916735,higher_compute,b,2.4000120073190794,2.623347974150268,0.06737510812807508,2.4317148365850656,0.2233359668311885
0.06428809018088355,evaluation-prior_predictive-075,0.20468751767370513,prior_predictive,1,0.6843503590874431,higher_compute,g,0.5386242404771466,0.7890881715043,0.07841310902751616,0.6200622689065596,0.25046393102715336
0.14200223236189924,evaluation-prior_predictive-075,0.8512500000000003,prior_predictive,1,6.120073419596579,reference,r,5.9260722810502475,6.374565241004852,0.13456390795706488,6.262075651958479,0.4484929599546046
0.08899684623868964,evaluation-prior_predictive-075,0.09543750000000004,prior_predictive,1,2.5207116828237552,reference,b,2.4038643427515414,2.6209521589489735,0.06585513665453192,2.4317148365850656,0.21708781619743212
0.06444427049039769,evaluation-prior_predictive-075,0.20162500000000005,prior_predictive,1,0.6845065393969573,reference,g,0.5337244156773461,0.788679565033356,0.0790543377991761,0.6200622689065596,0.25495514935600994
1.5350227756813402,evaluation-prior_predictive-076,0.2568359375,prior_predictive,1,4.993912222074513,prior,r,2.2504576173157975,7.6857863402927915,1.7555706566681109,3.458889446393173,5.435328722976994
0.7607830357756518,evaluation-prior_predictive-076,0.806640625,prior_predictive,1,1.756273576560289,prior,b,0.6554350723370328,2.8811002942525494,0.7160874595865311,2.517056612335941,2.2256652219155164
0.2924369843965453,evaluation-prior_predictive-076,0.1435546875,prior_predictive,1,0.41342300001323823,prior,g,0.044998082551083896,0.7661489508261095,0.23243031215065343,0.12098601561669292,0.7211508682750256
0.06034761750590345,evaluation-prior_predictive-076,0.070527815390793,prior_predictive,1,3.5192370638990766,published,r,3.451848379028306,3.595564839533415,0.0445021988999985,3.458889446393173,0.1437164605051091
0.018133322898201687,evaluation-prior_predictive-076,0.6739905817293564,prior_predictive,1,2.498923289437739,published,b,2.435946771941089,2.5514838484876976,0.035460700237298096,2.517056612335941,0.11553707654660839
0.009610707865211926,evaluation-prior_predictive-076,0.5871131822471792,prior_predictive,1,0.111375307751481,published,g,0.05210934261947275,0.16084393817159512,0.03345670444124698,0.12098601561669292,0.10873459555212237
0.06242942096300075,evaluation-prior_predictive-076,0.06664300076454044,prior_predictive,1,3.521318867356174,higher_compute,r,3.4538774662794363,3.598947339187202,0.04446143275639664,3.458889446393173,0.14506987290776596
0.01740591168054939,evaluation-prior_predictive-076,0.6706683617381819,prior_predictive,1,2.4996507006553914,higher_compute,b,2.438970939924736,2.554196053723018,0.03536356672705597,2.517056612335941,0.11522511379828204
0.012795967813678366,evaluation-prior_predictive-076,0.6326494637685351,prior_predictive,1,0.10819004780301456,higher_compute,g,0.04950062504326968,0.16133435442384955,0.033802862638378124,0.12098601561669292,0.11183372938057987
0.06084185567923317,evaluation-prior_predictive-076,0.07912500000000001,prior_predictive,1,3.5197313020724064,reference,r,3.4515059881028027,3.5979014179138873,0.044476120026179115,3.458889446393173,0.14639542981108455
0.01717942926158722,evaluation-prior_predictive-076,0.6758750000000002,prior_predictive,1,2.4998771830743536,reference,b,2.4396241000783965,2.5568592869870104,0.0353406089963651,2.517056612335941,0.1172351869086139
0.011434710228345912,evaluation-prior_predictive-076,0.6125,prior_predictive,1,0.10955130538834701,reference,g,0.05031071149460298,0.16228036066640572,0.03373011803647996,0.12098601561669292,0.11196964917180274
0.14957940754062005,evaluation-prior_predictive-077,0.46875,prior_predictive,1,5.0431413750785605,prior,r,2.3010848612869372,7.679567361317448,1.6874977455873592,4.8935619675379405,5.378482500030511
0.876377383086357,evaluation-prior_predictive-077,0.8671875,prior_predictive,1,1.7550788351212039,prior,b,0.640330298973764,2.8418819312024706,0.7040876054284901,2.631456218207561,2.2015516322287065
0.2533184990645098,evaluation-prior_predictive-077,0.1845703125,prior_predictive,1,0.3964760300072403,prior,g,0.029921535393247222,0.7625320213042099,0.23505788097258426,0.14315753094273048,0.7326104859109627
0.1285284715022721,evaluation-prior_predictive-077,0.0021869616283063985,prior_predictive,0,5.022090439040213,published,r,4.93609673297948,5.117151886699087,0.05326362776076431,4.8935619675379405,0.18105515371960745
0.15939104737101362,evaluation-prior_predictive-077,0.9998675622878668,prior_predictive,0,2.4720651708365473,published,b,2.3926686460023827,2.550659401936779,0.04803218146524084,2.631456218207561,0.15799075593439627
0.02483904225072192,evaluation-prior_predictive-077,0.31582182447778906,prior_predictive,1,0.1679965731934524,published,g,0.066359348480412,0.25019691407619415,0.055075693350101526,0.14315753094273048,0.18383756559578215
0.12777475388169623,evaluation-prior_predictive-077,0.001881126261790793,prior_predictive,0,5.021336721419637,higher_compute,r,4.941368072428611,5.113777337747248,0.052693582015665645,4.8935619675379405,0.17240926531863643
0.1569702717701964,evaluation-prior_predictive-077,0.9999360374610283,prior_predictive,0,2.4744859464373645,higher_compute,b,2.3915545917158916,2.550942981812765,0.04870656733720533,2.631456218207561,0.15938839009687333
0.023872755628548237,evaluation-prior_predictive-077,0.3191485011860032,prior_predictive,1,0.16703028657127872,higher_compute,g,0.07174736565108071,0.25041286877325303,0.05416203208082664,0.14315753094273048,0.17866550312217233
0.12706007821485255,evaluation-prior_predictive-077,0.0023750000000000004,prior_predictive,0,5.020622045752793,reference,r,4.942848506168092,5.110412268980927,0.05166081605532102,4.8935619675379405,0.16756376281283458
0.1565103964035881,evaluation-prior_predictive-077,0.9993125000000005,prior_predictive,0,2.474945821803973,reference,b,2.392439750955928,2.548029916224005,0.047705810451500144,2.631456218207561,0.15559016526807712
0.023601905320822403,evaluation-prior_predictive-077,0.31400000000000006,prior_predictive,1,0.16675943626355288,reference,g,0.0731669765564532,0.2485816395308308,0.05335123146816223,0.14315753094273048,0.17541466297437758
1.9319062209955877,evaluation-prior_predictive-078,0.810546875,prior_predictive,1,4.977837404435829,prior,r,2.2815215225638252,7.682968043220798,1.760190222286702,6.909743625431417,5.4014465206569735
0.9146281162945766,evaluation-prior_predictive-078,0.8603515625,prior_predictive,1,1.7212175491421746,prior,b,0.6497265586951074,2.904886903036415,0.7104284261576055,2.6358456654367513,2.2551603443413075
0.030242374911682135,evaluation-prior_predictive-078,0.46484375,prior_predictive,1,0.39879420527825266,prior,g,0.036393067300144306,0.7564386798609535,0.22787512642953422,0.3685518303665705,0.7200456125608091
0.0016139536803132515,evaluation-prior_predictive-078,0.548828125,prior_predictive,1,6.908129671751103,published,r,6.747866734790657,7.098430707089651,0.10712329016526694,6.909743625431417,0.3505639722989944
0.03689646298517779,evaluation-prior_predictive-078,0.71484375,prior_predictive,1,2.5989492024515735,published,b,2.4914745404432677,2.6827086424842452,0.058289557564593496,2.6358456654367513,0.19123410204097757
0.023169892532039327,evaluation-prior_predictive-078,0.33984375,prior_predictive,1,0.39172172289860985,published,g,0.2931445844294583,0.4883612238123012,0.060112653435211647,0.3685518303665705,0.1952166393828429
0.003058103215903607,evaluation-prior_predictive-078,0.5257826619871735,prior_predictive,1,6.91280172864732,higher_compute,r,6.747933677802973,7.10496260771808,0.11003593726656587,6.909743625431417,0.35702892991510726
0.03743353702380903,evaluation-prior_predictive-078,0.7286456442240449,prior_predictive,1,2.5984121284129422,higher_compute,b,2.4944680311793155,2.6868533551930276,0.05917102252584886,2.6358456654367513,0.1923853240137121
0.021287715078438796,evaluation-prior_predictive-078,0.3653536230657302,prior_predictive,1,0.3898395454450093,higher_compute,g,0.2877644949323425,0.4892079542098195,0.06224422692325236,0.3685518303665705,0.20144345927747698
0.005146837722638686,evaluation-prior_predictive-078,0.5081875000000002,prior_predictive,1,6.914890463154055,reference,r,6.749442354248375,7.10943244000947,0.11068665055576463,6.909743625431417,0.3599900857610949
0.03851756148910024,evaluation-prior_predictive-078,0.7218125000000002,prior_predictive,1,2.597328103947651,reference,b,2.496566085413396,2.6880122117479424,0.05891059840449163,2.6358456654367513,0.19144612633454638
0.019083195819755094,evaluation-prior_predictive-078,0.3901250000000001,prior_predictive,1,0.3876350261863256,reference,g,0.2786302755163265,0.4833575415528751,0.06358015082917992,0.3685518303665705,0.20472726603654856
1.7319417879750185,evaluation-prior_predictive-079,0.787109375,prior_predictive,1,4.938553120839147,prior,r,2.3235335051722403,7.6746783320997105,1.7304088995462372,6.670494908814166,5.35114482692747
0.8505456725389862,evaluation-prior_predictive-079,0.8203125,prior_predictive,1,1.749245962921914,prior,b,0.6130038703918972,2.892584210902291,0.7447429591473869,2.5997916354609,2.279580340510394
0.26289602452366556,evaluation-prior_predictive-079,0.828125,prior_predictive,1,0.3982531351322901,prior,g,0.03611139182378825,0.7548989252597436,0.23137112785416186,0.6611491596559557,0.7187875334359553
0.04356567455396121,evaluation-prior_predictive-079,0.279497885648046,prior_predictive,1,6.714060583368127,published,r,6.619696292230511,6.817869536404176,0.0637366851095307,6.670494908814166,0.198173244173665
0.09000825335074758,evaluation-prior_predictive-079,0.9052790481387409,prior_predictive,1,2.5097833821101525,published,b,2.4067326146313857,2.622028107435389,0.06904112406511123,2.5997916354609,0.21529549280400317
0.05191539714355298,evaluation-prior_predictive-079,0.14169464677484567,prior_predictive,1,0.7130645567995086,published,g,0.6281323066922614,0.7804260259642972,0.04644223726452791,0.6611491596559557,0.15229371927203583
0.046792409284681646,evaluation-prior_predictive-079,0.22449069228766394,prior_predictive,1,6.7172873180988475,higher_compute,r,6.625885935390103,6.822628646688867,0.060878530029479926,6.670494908814166,0.19674271129876342
0.09141346159149544,evaluation-prior_predictive-079,0.9154625346162131,prior_predictive,1,2.5083781738694046,higher_compute,b,2.401293722742876,2.619276650622058,0.06598711795137525,2.5997916354609,0.21798292787918205
0.05080725479237558,evaluation-prior_predictive-079,0.13859572819254684,prior_predictive,1,0.7119564144483312,higher_compute,g,0.6283735661007759,0.7809522877520712,0.046030703904951134,0.6611491596559557,0.15257872165129527
0.044912193422191216,evaluation-prior_predictive-079,0.2368750000000001,prior_predictive,1,6.715407102236357,reference,r,6.623309486587337,6.822563123650175,0.060947340123730175,6.670494908814166,0.19925363706283772
0.08921496879879998,evaluation-prior_predictive-079,0.9096250000000003,prior_predictive,1,2.5105766666621,reference,b,2.400058520583514,2.618554960618852,0.06612753508043366,2.5997916354609,0.21849644003533797
0.050438675967142355,evaluation-prior_predictive-079,0.14856250000000001,prior_predictive,1,0.711587835623098,reference,g,0.6273424614457856,0.7829118066780312,0.047464134199402847,0.6611491596559557,0.15556934523224553
0.44332144044476784,evaluation-prior_predictive-080,0.427734375,prior_predictive,1,4.950442270777401,prior,r,2.2638246646198708,7.65672775289003,1.71060258031867,4.507120830332633,5.39290308827016
0.5184753025866216,evaluation-prior_predictive-080,0.712890625,prior_predictive,1,1.7534743807104936,prior,b,0.6373487057540597,2.8692901655519956,0.7045619045971919,2.271949683297115,2.2319414597979357
0.12523842457904594,evaluation-prior_predictive-080,0.333984375,prior_predictive,1,0.4018514042654129,prior,g,0.038606963784560536,0.7609860901413197,0.22789022109088594,0.27661297968636694,0.7223791263567592
0.07062254665385037,evaluation-prior_predictive-080,0.9299278585705695,prior_predictive,1,4.436498283678783,published,r,4.363998493485419,4.51852792300424,0.046682150947150565,4.507120830332633,0.15452942951882065
0.018430168906109934,evaluation-prior_predictive-080,0.6658938297031841,prior_predictive,1,2.253519514391005,published,b,2.186276551729878,2.3223996926206474,0.042899769989875824,2.271949683297115,0.13612314089076927
0.07128167440097527,evaluation-prior_predictive-080,0.022062020747682258,prior_predictive,0,0.3478946540873422,published,g,0.2928430635193492,0.4011519142014524,0.03333005267688504,0.27661297968636694,0.10830885068210322
0.06969292763918933,evaluation-prior_predictive-080,0.9133061910008917,prior_predictive,1,4.437427902693444,higher_compute,r,4.3633668894666275,4.525839705708934,0.04897649620753593,4.507120830332633,0.1624728162423068
0.020304990193194428,evaluation-prior_predictive-080,0.6763163362413234,prior_predictive,1,2.2516446931039207,higher_compute,b,2.176433563511881,2.3251062568995797,0.04496094454551666,2.271949683297115,0.14867269338769873
0.07160641423369934,evaluation-prior_predictive-080,0.016628595104209807,prior_predictive,0,0.3482193939200663,higher_compute,g,0.29336115126597906,0.40049367325487745,0.03246291352374899,0.27661297968636694,0.10713252198889839
0.07038568146098179,evaluation-prior_predictive-080,0.9245000000000003,prior_predictive,1,4.4367351488716515,reference,r,4.367144496402989,4.51919877896785,0.046547472181707746,4.507120830332633,0.15205428256486098
0.018805046515429247,evaluation-prior_predictive-080,0.6591875000000001,prior_predictive,1,2.253144636781686,reference,b,2.1814212423122488,2.322808819077276,0.04378697097074209,2.271949683297115,0.14138757676502722
0.07086669270817553,evaluation-prior_predictive-080,0.021000000000000005,prior_predictive,0,0.34747967239454247,reference,g,0.29221512064494076,0.3975808081357226,0.03238395787565119,0.27661297968636694,0.10536568749078185
0.3914709626331483,evaluation-prior_predictive-081,0.44140625,prior_predictive,1,4.997296882727239,prior,r,2.292814115904015,7.726098829409999,1.7471888580360673,4.605825920094091,5.433284713505984
0.21046311666819006,evaluation-prior_predictive-081,0.408203125,prior_predictive,1,1.774999652426338,prior,b,0.6723531059223465,2.8904379595406855,0.7072021928626558,1.564536535758148,2.218084853618339
0.17902569100992638,evaluation-prior_predictive-081,0.73046875,prior_predictive,1,0.3804854854409675,prior,g,0.0454583826765019,0.7541349530536958,0.22734343343676863,0.5595111764508939,0.7086765703771939
0.13549973888210687,evaluation-prior_predictive-081,0.010080705772592118,prior_predictive,0,4.741325658976198,published,r,4.636095840897096,4.883221508171888,0.07362879913476005,4.605825920094091,0.24712566727479235
0.032271153214575854,evaluation-prior_predictive-081,0.26581704584017296,prior_predictive,1,1.5968076889727238,published,b,1.4889426665702696,1.684204340642203,0.05990201399054529,1.564536535758148,0.1952616740719333
0.10111562812313474,evaluation-prior_predictive-081,0.9841648480145803,prior_predictive,0,0.45839554832775914,published,g,0.3691722689402555,0.5394836774019802,0.05250524443077679,0.5595111764508939,0.1703114084617247
0.13104015755891574,evaluation-prior_predictive-081,0.009825209873177013,prior_predictive,0,4.736866077653007,higher_compute,r,4.635293315698882,4.874308558692186,0.0728318934035949,4.605825920094091,0.2390152429933039
0.03305595170648523,evaluation-prior_predictive-081,0.25985336834322936,prior_predictive,1,1.5975924874646332,higher_compute,b,1.4928570719479226,1.6840887196757361,0.05870335659578459,1.564536535758148,0.19123164772781354
0.09735591994969206,evaluation-prior_predictive-081,0.9751739235309277,prior_predictive,0,0.4621552565012018,higher_compute,g,0.3670689561381116,0.5453222165090675,0.053916510098451956,0.5595111764508939,0.17825326037095596
0.13303788283828322,evaluation-prior_predictive-081,0.013625000000000005,prior_predictive,0,4.738863802932374,reference,r,4.632515025200609,4.872401069029694,0.07315953200796911,4.605825920094091,0.23988604382908463
0.03263267090820898,evaluation-prior_predictive-081,0.2706875,prior_predictive,1,1.597169206666357,reference,b,1.489981026221145,1.6873944003722348,0.05986729068467716,1.564536535758148,0.19741337415108973
0.09778685179794122,evaluation-prior_predictive-081,0.9799375000000003,prior_predictive,0,0.46172432465295266,reference,g,0.36922896999418314,0.5460625217289294,0.0540467601823756,0.5595111764508939,0.1768335517347463
2.6963641841638397,evaluation-prior_predictive-082,0.931640625,prior_predictive,1,4.918820679547206,prior,r,2.2617722734514363,7.705325922037386,1.757222306774264,7.615184863711046,5.44355364858595
0.5489282494558423,evaluation-prior_predictive-082,0.7138671875,prior_predictive,1,1.7437933049076424,prior,b,0.6039551561276203,2.8758680411110427,0.7267776702462825,2.2927215543634847,2.2719128849834225
0.19781863221379203,evaluation-prior_predictive-082,0.7294921875,prior_predictive,1,0.3960255270372527,prior,g,0.0409878336076816,0.7582928916721363,0.23572680512555513,0.5938441592510447,0.7173050580644547
0.08295572654893224,evaluation-prior_predictive-082,0.29255337454646446,prior_predictive,1,7.698140590259978,published,r,7.515063029626124,7.931409338115825,0.12495301799479487,7.615184863711046,0.41634630848970033
0.03743287041513321,evaluation-prior_predictive-082,0.2789866333932552,prior_predictive,1,2.330154424778618,published,b,2.2149360943038756,2.430172411383683,0.06549444346856882,2.2927215543634847,0.21523631707980728
0.08730931116021423,evaluation-prior_predictive-082,0.8649981682635379,prior_predictive,1,0.5065348480908305,published,g,0.35087862283203214,0.6221908656225981,0.08315823529948124,0.5938441592510447,0.2713122427905659
0.0800933085606017,evaluation-prior_predictive-082,0.28158495584242516,prior_predictive,1,7.695278172271648,higher_compute,r,7.5180462824734855,7.917806851702822,0.12027787048104364,7.615184863711046,0.3997605692293362
0.03820933950092975,evaluation-prior_predictive-082,0.2532678448394654,prior_predictive,1,2.3309308938644144,higher_compute,b,2.2210291690048916,2.4286758643767206,0.06270918571382735,2.2927215543634847,0.207646695371829
0.0855164462764535,evaluation-prior_predictive-082,0.8619250075447413,prior_predictive,1,0.5083277129745912,higher_compute,g,0.36572194497804145,0.6281277991770338,0.07957308636955011,0.5938441592510447,0.2624058541989923
0.08461116821883241,evaluation-prior_predictive-082,0.2723125,prior_predictive,1,7.699796031929878,reference,r,7.509833908834195,7.922274231257971,0.12325365289917807,7.615184863711046,0.4124403224237758
0.03913340137710497,evaluation-prior_predictive-082,0.2664375,prior_predictive,1,2.3318549557405897,reference,b,2.214656850709079,2.4298098854769616,0.0639479408168943,2.2927215543634847,0.21515303476788272
0.08958973245810842,evaluation-prior_predictive-082,0.8748750000000003,prior_predictive,1,0.5042544267929363,reference,g,0.3615483022848209,0.6200175922688189,0.0802811277119192,0.5938441592510447,0.25846928998399804
2.2336784206604374,evaluation-prior_predictive-083,0.876953125,prior_predictive,1,5.091041718996269,prior,r,2.3119290751182437,7.758587621488271,1.7077201152437487,7.324720139656707,5.446658546370028
0.8724453220013856,evaluation-prior_predictive-083,0.15625,prior_predictive,1,1.7924674681554171,prior,b,0.6351519663895531,2.8904723047740064,0.7223079354872604,0.9200221461540316,2.255320338384453
0.005199651617725953,evaluation-prior_predictive-083,0.4921875,prior_predictive,1,0.3992728522716662,prior,g,0.04030712887752197,0.7502458890617618,0.23084388147648202,0.39407320065394025,0.7099387601842398
0.009803182993346482,evaluation-prior_predictive-083,0.41677461279033434,prior_predictive,1,7.334523322650053,published,r,7.257437691022135,7.4092551103886,0.04670522040016648,7.324720139656707,0.15181741936646542
0.010220369715779554,evaluation-prior_predictive-083,0.5551830968262763,prior_predictive,1,0.909801776438252,published,b,0.8308018202875509,0.981154640269483,0.04597401204616984,0.9200221461540316,0.15035281998193206
0.013511253382941013,evaluation-prior_predictive-083,0.3802788751058265,prior_predictive,1,0.40758445403688126,published,g,0.33657004559590786,0.47677577273850114,0.041791335768749875,0.39407320065394025,0.14020572714259327
0.012645009596321088,evaluation-prior_predictive-083,0.3956152904943262,prior_predictive,1,7.337365149253028,higher_compute,r,7.262118527990059,7.4184965321683976,0.047699553985010065,7.324720139656707,0.1563780041783387
0.009651282948481388,evaluation-prior_predictive-083,0.5329075343981602,prior_predictive,1,0.9103708632055502,higher_compute,b,0.8204240661330766,0.9851201963301328,0.04968788145346693,0.9200221461540316,0.1646961301970562
0.010172423048529222,evaluation-prior_predictive-083,0.39776875865988975,prior_predictive,1,0.40424562370246947,higher_compute,g,0.33492715400325074,0.47349913695771906,0.04217323038871322,0.39407320065394025,0.13857198295446832
0.012832884665362698,evaluation-prior_predictive-083,0.3890625000000001,prior_predictive,1,7.3375530243220695,reference,r,7.259401663095604,7.4152300998149725,0.047567961173970996,7.324720139656707,0.15582843671936875
0.010207309984814783,evaluation-prior_predictive-083,0.5395625,prior_predictive,1,0.9098148361692168,reference,b,0.8203232816338362,0.9845169534485557,0.050937688499471355,0.9200221461540316,0.16419367181471956
0.009706499621713438,evaluation-prior_predictive-083,0.40387500000000015,prior_predictive,1,0.4037797002756537,reference,g,0.33461598797521586,0.4722065539839558,0.04180850799926421,0.39407320065394025,0.13759056600873992
2.3307759130601364,evaluation-prior_predictive-084,0.099609375,prior_predictive,1,4.928876795818587,prior,r,2.3232524229967035,7.648092938854502,1.7236695482590638,2.5981008827584504,5.324840515857798
0.4876788982451339,evaluation-prior_predictive-084,0.3125,prior_predictive,1,1.751143248141869,prior,b,0.6163392429902883,2.895668183828213,0.7318631225580876,1.263464349896735,2.2793289408379245
0.028434837192914453,evaluation-prior_predictive-084,0.46484375,prior_predictive,1,0.40290332738970125,prior,g,0.0477684036058371,0.7646895594999246,0.22850009375770655,0.3744684901967868,0.7169211558940874
0.04825120703771457,evaluation-prior_predictive-084,0.8653850324435364,prior_predictive,1,2.549849675720736,published,r,2.484868264466395,2.6201032172912573,0.04257537949793302,2.5981008827584504,0.1352349528248622
0.011993551346731302,evaluation-prior_predictive-084,0.6328584639580004,prior_predictive,1,1.2514707985500038,published,b,1.2002440552617433,1.2978000629769793,0.029570920176707722,1.263464349896735,0.09755600771523598
0.04582570296963945,evaluation-prior_predictive-084,0.03287929051619581,prior_predictive,0,0.42029419316642624,published,g,0.3783371617482657,0.46025744373348754,0.02451085494948545,0.3744684901967868,0.08192028198522183
0.049280595277918504,evaluation-prior_predictive-084,0.8724505513770962,prior_predictive,1,2.548820287480532,higher_compute,r,2.4830354167685105,2.6224898385985815,0.04225368291504604,2.5981008827584504,0.13945442183007106
0.011090643591394889,evaluation-prior_predictive-084,0.6375325252760156,prior_predictive,1,1.2523737063053402,higher_compute,b,1.2029627958409694,1.2998172328409043,0.029334115960500465,1.263464349896735,0.0968544369999349
0.045468477470981206,evaluation-prior_predictive-084,0.04774719418781634,prior_predictive,0,0.419936967667768,higher_compute,g,0.37514321088308894,0.4615067493908794,0.02610387188947255,0.3744684901967868,0.08636353850779044
0.04786555017408922,evaluation-prior_predictive-084,0.8654375000000003,prior_predictive,1,2.550235332584361,reference,r,2.4852157056692836,2.622430383462472,0.04159323197297732,2.5981008827584504,0.1372146777931884
0.011695301854405482,evaluation-prior_predictive-084,0.6591250000000002,prior_predictive,1,1.2517690480423296,reference,b,1.203106838221689,1.2995980156305322,0.029122384708962643,1.263464349896735,0.09649117740884328
0.04467615982679296,evaluation-prior_predictive-084,0.049187500000000016,prior_predictive,0,0.41914465002357976,reference,g,0.37485414357734204,0.4624583905301499,0.02654766627644678,0.3744684901967868,0.08760424695280788
0.6175839786752402,evaluation-prior_predictive-085,0.609375,prior_predictive,1,4.9670066241771895,prior,r,2.2905005869519677,7.677005818107254,1.712012812382341,5.58459060285243,5.386505231155287
0.7362197462537812,evaluation-prior_predictive-085,0.7939453125,prior_predictive,1,1.7483704078646212,prior,b,0.6332342075107321,2.8660345251451647,0.7190147650005545,2.4845901541184023,2.2328003176344327
0.3556379995372773,evaluation-prior_predictive-085,0.0546875,prior_predictive,1,0.39694078867306926,prior,g,0.037328089613748276,0.7634564641579642,0.2283942490573143,0.041302789135791954,0.726128374544216
0.0826133238470863,evaluation-prior_predictive-085,0.053194773056181616,prior_predictive,1,5.667203926699516,published,r,5.581252664507479,5.753750469410664,0.050681367420067076,5.58459060285243,0.1724978049031849
0.05343698918399742,evaluation-prior_predictive-085,0.8755534633091485,prior_predictive,1,2.431153164934405,published,b,2.355191453347366,2.506791673101046,0.046418069861221795,2.4845901541184023,0.15160021975367988
0.020718473389962,evaluation-prior_predictive-085,0.8795988504448479,prior_predictive,1,0.020584315745829952,published,g,0.0014481236729908024,0.05146870521021148,0.01654600593562906,0.041302789135791954,0.05002058153722067
0.07752644967390054,evaluation-prior_predictive-085,0.04658895697365671,prior_predictive,0,5.66211705252633,higher_compute,r,5.586378373573787,5.741675343404114,0.04762489512961432,5.58459060285243,0.15529696983032704
0.046156189360686994,evaluation-prior_predictive-085,0.8558938021118807,prior_predictive,1,2.4384339647577153,higher_compute,b,2.3594790603908558,2.507251991914801,0.04412735121112621,2.4845901541184023,0.14777293152394533
0.020829690600665224,evaluation-prior_predictive-085,0.8825657565525202,prior_predictive,1,0.02047309853512673,higher_compute,g,0.001361316858524191,0.05267604494006966,0.016430720069049765,0.041302789135791954,0.05131472808154547
0.07614680887268044,evaluation-prior_predictive-085,0.05100000000000002,prior_predictive,1,5.66073741172511,reference,r,5.584221649239118,5.741635357458114,0.04808991037969565,5.58459060285243,0.15741370821899636
0.04541658047098629,evaluation-prior_predictive-085,0.8491875000000003,prior_predictive,1,2.439173573647416,reference,b,2.3604454292807313,2.505910657574432,0.044084269075284815,2.4845901541184023,0.14546522829370057
0.01988035633873661,evaluation-prior_predictive-085,0.8650625000000003,prior_predictive,1,0.021422432797055344,reference,g,0.0017188175117063787,0.0556347017506243,0.017503023996985057,0.041302789135791954,0.053915884238917924
1.511037020272513,evaluation-prior_predictive-086,0.263671875,prior_predictive,1,4.984834034552117,prior,r,2.3043450603939255,7.696667266597683,1.7646210407023692,3.473797014279604,5.392322206203758
0.3864398656591188,evaluation-prior_predictive-086,0.65234375,prior_predictive,1,1.7383355424494011,prior,b,0.6006713771804942,2.863124508420285,0.7326294411970099,2.12477540810852,2.262453131239791
0.36859921851344535,evaluation-prior_predictive-086,0.9619140625,prior_predictive,0,0.3956342568847553,prior,g,0.04351633135831584,0.7529529344479229,0.22888614345011019,0.7642334753982006,0.7094366030896071
0.0032093295083721607,evaluation-prior_predictive-086,0.4962857420047223,prior_predictive,1,3.477006343787976,published,r,3.4080491165017084,3.5529287303477197,0.045358395102894515,3.473797014279604,0.14487961384601133
0.005035473934812629,evaluation-prior_predictive-086,0.4382424838838028,prior_predictive,1,2.1298108820433326,published,b,2.075256327158885,2.1835461964928293,0.03331837068706589,2.12477540810852,0.10828986933394447
0.011048842541734216,evaluation-prior_predictive-086,0.651902015571128,prior_predictive,1,0.7531846328564664,published,g,0.7072173953713733,0.7910250494911099,0.025304403178436092,0.7642334753982006,0.08380765411973656
0.002238637526082332,evaluation-prior_predictive-086,0.49211524025953324,prior_predictive,1,3.4760356518056863,higher_compute,r,3.4055291207790828,3.5552113368192186,0.04523859006089153,3.473797014279604,0.14968221604013587
0.006156654814749807,evaluation-prior_predictive-086,0.4163211688800236,prior_predictive,1,2.1309320629232698,higher_compute,b,2.0743566032432255,2.1836820353260924,0.03347909463408337,2.12477540810852,0.10932543208286694
0.010358371899777508,evaluation-prior_predictive-086,0.6263384165882295,prior_predictive,1,0.7538751034984231,higher_compute,g,0.7096494607436945,0.7908546600605748,0.024869925874599595,0.7642334753982006,0.0812051993168803
0.0017330220774223193,evaluation-prior_predictive-086,0.4971250000000002,prior_predictive,1,3.4755300363570263,reference,r,3.4039680206350513,3.5536547686665685,0.045840926780199055,3.473797014279604,0.14968674803151716
0.005793954213017649,evaluation-prior_predictive-086,0.43318750000000017,prior_predictive,1,2.1305693623215376,reference,b,2.075195578591009,2.1831397446835474,0.03302968364954848,2.12477540810852,0.10794416609253865
0.009958201204475325,evaluation-prior_predictive-086,0.6309375000000002,prior_predictive,1,0.7542752741937253,reference,g,0.7113623230580887,0.7917398436462406,0.024555721736887623,0.7642334753982006,0.08037752058815195
2.9972649644082505,evaluation-prior_predictive-087,0.986328125,prior_predictive,0,4.940588346373311,prior,r,2.277456984928653,7.774706665888601,1.749284159960627,7.937853310781562,5.497249680959948
1.0557845226359068,evaluation-prior_predictive-087,0.9140625,prior_predictive,1,1.7314651743448113,prior,b,0.6209893344009515,2.883067223561532,0.7347135961827805,2.787249696980718,2.2620778891605804
0.2404967963615311,evaluation-prior_predictive-087,0.794921875,prior_predictive,1,0.4025372331349856,prior,g,0.04814538450227362,0.7594231841361633,0.2327109604017869,0.6430340294965167,0.7112777996338897
0.019290658433638086,evaluation-prior_predictive-087,0.5802093135439546,prior_predictive,1,7.918562652347924,published,r,7.823000385772383,7.990632471719063,0.0521183121285817,7.937853310781562,0.16763208594667933
0.026682876328985028,evaluation-prior_predictive-087,0.7179309635542479,prior_predictive,1,2.760566820651733,published,b,2.6817107377896963,2.8389385929520845,0.04778905746502759,2.787249696980718,0.15722785516238824
0.001070424417108251,evaluation-prior_predictive-087,0.4859272791086877,prior_predictive,1,0.6441044539136249,published,g,0.5413286950890761,0.7447749597444427,0.06265308827686579,0.6430340294965167,0.20344626465536664
0.017214753972541352,evaluation-prior_predictive-087,0.5640504399788694,prior_predictive,1,7.9206385568090205,higher_compute,r,7.824268164979383,7.992146482218848,0.05225591126929391,7.937853310781562,0.1678783172394649
0.02623142182656979,evaluation-prior_predictive-087,0.7057651922827255,prior_predictive,1,2.7610182751541483,higher_compute,b,2.6825096069491647,2.84236196769464,0.04866715644912307,2.787249696980718,0.15985236074547515
0.003271928817722314,evaluation-prior_predictive-087,0.5165654854390069,prior_predictive,1,0.6397621006787944,higher_compute,g,0.5401993360287474,0.7408922715320582,0.06150446986719708,0.6430340294965167,0.2006929355033108
0.017546603870154165,evaluation-prior_predictive-087,0.5650625,prior_predictive,1,7.920306706911408,reference,r,7.821676371532435,7.992900796037898,0.05315297020190161,7.937853310781562,0.17122442450546327
0.02501495987724356,evaluation-prior_predictive-087,0.6936250000000002,prior_predictive,1,2.7622347371034746,reference,b,2.6849879530254794,2.84312081024124,0.048359053202297525,2.787249696980718,0.15813285721576076
0.0019567062034004934,evaluation-prior_predictive-087,0.5093750000000002,prior_predictive,1,0.6410773232931162,reference,g,0.5425291887657814,0.7442141035572206,0.061311762331681466,0.6430340294965167,0.20168491479143924
1.5817160290007202,evaluation-prior_predictive-088,0.220703125,prior_predictive,1,5.107727896725006,prior,r,2.4202168313642436,7.71178089536124,1.6633763768498997,3.5260118677242858,5.291564063996997
0.16369655086099266,evaluation-prior_predictive-088,0.568359375,prior_predictive,1,1.7676869838576144,prior,b,0.6542618380715272,2.8823543672905187,0.7120103608882175,1.931383534718607,2.2280925292189915
0.2525038398091275,evaluation-prior_predictive-088,0.806640625,prior_predictive,1,0.4081659390200847,prior,g,0.03884409281386556,0.7649883602966351,0.23386498704508576,0.6606697788292122,0.7261442674827695
0.06976360385531866,evaluation-prior_predictive-088,0.03766130651092824,prior_predictive,0,3.5957754715796044,published,r,3.5299932956856397,3.663083991159701,0.04067102035138286,3.5260118677242858,0.13309069547406116
0.019090882574134715,evaluation-prior_predictive-088,0.2567434201397534,prior_predictive,1,1.9504744172927417,published,b,1.895421025280201,2.003041154386552,0.032585548995913635,1.931383534718607,0.10762012910635099
0.04485954779990764,evaluation-prior_predictive-088,0.9225841032246764,prior_predictive,1,0.6158102310293045,published,g,0.5623507174886462,0.6663642705329511,0.03162756984371437,0.6606697788292122,0.10401355304430493
0.07137840751948676,evaluation-prior_predictive-088,0.029978169445191973,prior_predictive,0,3.5973902752437725,higher_compute,r,3.53420393368247,3.665078621981515,0.04012152000311604,3.5260118677242858,0.1308746882990448
0.01526769836136821,evaluation-prior_predictive-088,0.32812434276273716,prior_predictive,1,1.9466512330799752,higher_compute,b,1.890943201516396,2.002788373358694,0.033864440088790304,1.931383534718607,0.11184517184229792
0.04351628456217149,evaluation-prior_predictive-088,0.9220818879393009,prior_predictive,1,0.6171534942670407,higher_compute,g,0.5651289742974137,0.6676507557824773,0.03116174766294355,0.6606697788292122,0.10252178148506363
0.0693412959665638,evaluation-prior_predictive-088,0.04243750000000001,prior_predictive,0,3.5953531636908496,reference,r,3.529140067953802,3.6641314366478084,0.04124058976651832,3.5260118677242858,0.1349913686940063
0.0168045760186204,evaluation-prior_predictive-088,0.33262500000000006,prior_predictive,1,1.9481881107372274,reference,b,1.8926033713594985,2.005323526273278,0.03438048842674711,1.931383534718607,0.11272015491377951
0.04358354488702143,evaluation-prior_predictive-088,0.9184375000000004,prior_predictive,1,0.6170862339421908,reference,g,0.5652658583686965,0.6681218895017145,0.031198878453332673,0.6606697788292122,0.102856031133018
2.350077751167811,evaluation-prior_predictive-089,0.115234375,prior_predictive,1,5.025772565051362,prior,r,2.315934509681927,7.664914665190022,1.7289714368685554,2.6756948138835512,5.3489801555080945
0.8506082017542727,evaluation-prior_predictive-089,0.1455078125,prior_predictive,1,1.7033076238531513,prior,b,0.6177884679847009,2.837443286122969,0.7107287590874755,0.8526994220988786,2.219654818138268
0.3203769493144093,evaluation-prior_predictive-089,0.08984375,prior_predictive,1,0.38731274187392695,prior,g,0.03711374681858958,0.7539836956205038,0.23314789585687004,0.06693579255951763,0.7168699488019142
0.024785875204999197,evaluation-prior_predictive-089,0.26982674399504025,prior_predictive,1,2.7004806890885504,published,r,2.632598083339124,2.762841711472579,0.039578209830059996,2.6756948138835512,0.13024362813345514
0.018360043384824998,evaluation-prior_predictive-089,0.7360324038093918,prior_predictive,1,0.8343393787140536,published,b,0.7867357538449434,0.8778109425645152,0.027992033580729176,0.8526994220988786,0.09107518871957176
0.018550163484138883,evaluation-prior_predictive-089,0.8137944212538617,prior_predictive,1,0.04838562907537875,published,g,0.015386206808347442,0.08276021953472001,0.02032434259991039,0.06693579255951763,0.06737401272637257
0.025160782758553157,evaluation-prior_predictive-089,0.2642205165128133,prior_predictive,1,2.7008555966421044,higher_compute,r,2.637599467091385,2.7688958087013495,0.039516967258537546,2.6756948138835512,0.13129634160996462
0.017464467621324586,evaluation-prior_predictive-089,0.7320117921936817,prior_predictive,1,0.835234954477554,higher_compute,b,0.7888895826497441,0.8813352747328237,0.02786750668332481,0.8526994220988786,0.09244569208307962
0.019786186333467334,evaluation-prior_predictive-089,0.8147860759434298,prior_predictive,1,0.0471496062260503,higher_compute,g,0.01347324540550346,0.08363802688500845,0.021150253855724818,0.06693579255951763,0.07016478147950499
0.024090372110226355,evaluation-prior_predictive-089,0.27737500000000004,prior_predictive,1,2.6997851859937776,reference,r,2.6374876051078235,2.764121421691031,0.03888660706718731,2.6756948138835512,0.12663381658320727
0.017340637197811537,evaluation-prior_predictive-089,0.7271875000000002,prior_predictive,1,0.8353587849010671,reference,b,0.7902112399734722,0.8820583420422985,0.027965588774828225,0.8526994220988786,0.09184710206882629
0.01855104933005798,evaluation-prior_predictive-089,0.8072500000000002,prior_predictive,1,0.048384743229459654,reference,g,0.013643901532232557,0.0833318177251905,0.021124092244857243,0.06693579255951763,0.06968791619295794
0.636772108231801,evaluation-prior_predictive-090,0.396484375,prior_predictive,1,5.058527350123972,prior,r,2.3425537558886838,7.745676124450458,1.7550152645911732,4.421755241892171,5.403122368561775
0.2780686229671181,evaluation-prior_predictive-090,0.6240234375,prior_predictive,1,1.7297914605035398,prior,b,0.6450614476000657,2.857899220366723,0.7059323239431559,2.007860083470658,2.2128377727666573
0.16310551489184652,evaluation-prior_predictive-090,0.3232421875,prior_predictive,1,0.39034711050700166,prior,g,0.031159217812843816,0.7642500814225981,0.23756776189505752,0.22724159561515514,0.7330908636097543
0.027670575113292628,evaluation-prior_predictive-090,0.669921875,prior_predictive,1,4.394084666778879,published,r,4.287554911626585,4.502665955567787,0.065637064403408,4.421755241892171,0.21511104394120206
0.008199770810158213,evaluation-prior_predictive-090,0.4052734375,prior_predictive,1,2.016059854280816,published,b,1.9179939922756706,2.099868985467289,0.05526863250631875,2.007860083470658,0.18187499319161837
0.005491089533238375,evaluation-prior_predictive-090,0.466796875,prior_predictive,1,0.23273268514839351,published,g,0.13170650688771468,0.333681787545581,0.060822255842747766,0.22724159561515514,0.2019752806578663
0.031032974151003145,evaluation-prior_predictive-090,0.6830193559908937,prior_predictive,1,4.390722267741168,higher_compute,r,4.289012393661078,4.501084366203248,0.06495590924158426,4.421755241892171,0.21207197254217025
0.0058173014737468165,evaluation-prior_predictive-090,0.42951850201934216,prior_predictive,1,2.0136773849444047,higher_compute,b,1.913877989609573,2.0975872147674632,0.05604075068907692,2.007860083470658,0.18370922515789023
0.010921637550162344,evaluation-prior_predictive-090,0.41914330768649166,prior_predictive,1,0.23816323316531748,higher_compute,g,0.1359666040780835,0.33452616017861075,0.06074279499514719,0.22724159561515514,0.19855955610052725
0.033419021363303436,evaluation-prior_predictive-090,0.6932500000000001,prior_predictive,1,4.388336220528868,reference,r,4.285807604514488,4.498999649494705,0.06562820103704083,4.421755241892171,0.21319204498021627
0.006145764401078502,evaluation-prior_predictive-090,0.41631250000000014,prior_predictive,1,2.0140058478717364,reference,b,1.9153794990359312,2.099391981595124,0.054972010508684985,2.007860083470658,0.1840124825591929
0.014183979179553552,evaluation-prior_predictive-090,0.39393750000000016,prior_predictive,1,0.2414255747947087,reference,g,0.14056850656104686,0.3368058854453958,0.05982245791364193,0.22724159561515514,0.19623737888434895
0.09633439643320418,evaluation-prior_predictive-091,0.4853515625,prior_predictive,1,4.994905453436879,prior,r,2.3164472934096505,7.709455904726515,1.7298154221986515,4.898571057003675,5.393008611316865
0.17822108985195273,evaluation-prior_predictive-091,0.55859375,prior_predictive,1,1.7727754361520902,prior,b,0.62918037302284,2.881732630430174,0.7211148854096937,1.950996526004043,2.252552257407334
0.10635141072642423,evaluation-prior_predictive-091,0.6318359375,prior_predictive,1,0.40282319235782055,prior,g,0.056285170029123095,0.7572605797867145,0.22626468125973437,0.5091746030842448,0.7009754097575913
0.021849847789463084,evaluation-prior_predictive-091,0.62373169779848,prior_predictive,1,4.876721209214212,published,r,4.770335659396043,4.9897700826821945,0.06907493569130001,4.898571057003675,0.2194344232861516
0.0027171347964607406,evaluation-prior_predictive-091,0.4800921262851021,prior_predictive,1,1.9537136608005037,published,b,1.879902382816648,2.0223335084302745,0.04478835080658198,1.950996526004043,0.14243112561362659
0.004628182652886226,evaluation-prior_predictive-091,0.5341500428678427,prior_predictive,1,0.5045464204313586,published,g,0.44042693111885023,0.5609233363290196,0.036109857536945976,0.5091746030842448,0.12049640521016936
0.022749061768321255,evaluation-prior_predictive-091,0.6564561761544988,prior_predictive,1,4.875821995235354,higher_compute,r,4.770596596734602,5.002292117821186,0.07051337957189985,4.898571057003675,0.23169552108658475
0.0019594015393811226,evaluation-prior_predictive-091,0.4570570003280092,prior_predictive,1,1.952955927543424,higher_compute,b,1.870385779454631,2.0240579600424424,0.046372302751144436,1.950996526004043,0.1536721805878114
0.0028145719868950536,evaluation-prior_predictive-091,0.5102209082916489,prior_predictive,1,0.5063600310973497,higher_compute,g,0.44298055836435646,0.563504983327593,0.036932361167349305,0.5091746030842448,0.12052442496323656
0.024167540497000317,evaluation-prior_predictive-091,0.6531250000000002,prior_predictive,1,4.874403516506675,reference,r,4.76762794437065,4.9968973550592874,0.06894987172485387,4.898571057003675,0.22926941068863727
0.003057132391178552,evaluation-prior_predictive-091,0.44943750000000016,prior_predictive,1,1.9540536583952215,reference,b,1.87388389104711,2.024459711488608,0.04582551202014802,1.950996526004043,0.15057582044149775
0.0032467193420000484,evaluation-prior_predictive-091,0.5130625000000002,prior_predictive,1,0.5059278837422447,reference,g,0.4402879147869889,0.5625595397856971,0.03738987830792833,0.5091746030842448,0.12227162499870814
3.022915713559115,evaluation-prior_predictive-092,0.0078125,prior_predictive,0,5.085387677440517,prior,r,2.3869016321777208,7.63849785218092,1.6908046981495095,2.0624719638814017,5.251596220003199
1.0547452403390425,evaluation-prior_predictive-092,0.9208984375,prior_predictive,1,1.7546306164046879,prior,b,0.6187424355741967,2.861804102209131,0.7139058212263122,2.8093758567437304,2.2430616666349343
0.356307327118261,evaluation-prior_predictive-092,0.9609375,prior_predictive,0,0.4089630937415282,prior,g,0.04843376832062149,0.7584449039459888,0.2273411576144118,0.7652704208597892,0.7100111356253673
0.05802475680737329,evaluation-prior_predictive-092,0.050903779311080914,prior_predictive,1,2.120496720688775,published,r,2.0619296389551645,2.1901957805229353,0.03893586760042465,2.0624719638814017,0.12826614156777083
0.02838441509058276,evaluation-prior_predictive-092,0.7900845161953906,prior_predictive,1,2.7809914416531476,published,b,2.725965565610407,2.8338872557425727,0.03327558385175759,2.8093758567437304,0.10792169013216579
0.0313674050718481,evaluation-prior_predictive-092,0.8406510444192512,prior_predictive,1,0.7339030157879411,published,g,0.6830018031161342,0.78094357062429,0.03028120607455947,0.7652704208597892,0.09794176750815575
0.05900003363022499,evaluation-prior_predictive-092,0.06083642661831628,prior_predictive,1,2.1214719975116267,higher_compute,r,2.059242587507827,2.189554149043343,0.03911838080898761,2.0624719638814017,0.1303115615355157
0.029831650201000315,evaluation-prior_predictive-092,0.8241066994466295,prior_predictive,1,2.77954420654273,higher_compute,b,2.723289188029751,2.8301112958114603,0.03241308514635733,2.8093758567437304,0.10682210778170909
0.030686354774136282,evaluation-prior_predictive-092,0.8353251888784097,prior_predictive,1,0.734584066085653,higher_compute,g,0.6813242362499624,0.7807675926992508,0.03059585112386602,0.7652704208597892,0.09944335644928837
0.05850982074554789,evaluation-prior_predictive-092,0.04168750000000001,prior_predictive,0,2.1209817846269496,reference,r,2.0653815450228765,2.1859744101535203,0.03782860016744844,2.0624719638814017,0.12059286513064382
0.028228646629932186,evaluation-prior_predictive-092,0.8143125000000002,prior_predictive,1,2.781147210113798,reference,b,2.7269627797907714,2.8306201823437047,0.031660441918374395,2.8093758567437304,0.10365740255293332
0.03167326401976356,evaluation-prior_predictive-092,0.8529375000000003,prior_predictive,1,0.7335971568400257,reference,g,0.6804585170448123,0.7799875611151369,0.030221411365390336,0.7652704208597892,0.09952904407032459
1.6051606292621683,evaluation-prior_predictive-093,0.765625,prior_predictive,1,4.990120073182786,prior,r,2.2464623153132157,7.640675462550172,1.7483961381355886,6.5952807024449545,5.3942131472369566
0.43329444333060807,evaluation-prior_predictive-093,0.3251953125,prior_predictive,1,1.746435490380631,prior,b,0.6141558800653555,2.858558485811762,0.7177094322431833,1.3131410470500229,2.2444026057464064
0.0010487989909974127,evaluation-prior_predictive-093,0.501953125,prior_predictive,1,0.3979562552353386,prior,g,0.04538275336993309,0.7598180046421712,0.22871162180706134,0.3969074562443412,0.7144352512722381
0.169967951175364,evaluation-prior_predictive-093,0.11194833380893969,prior_predictive,1,6.7652486536203185,published,r,6.57455816529043,7.052325285425971,0.14705504247441759,6.5952807024449545,0.4777671201355407
0.06500852615322072,evaluation-prior_predictive-093,0.8137074212648963,prior_predictive,1,1.2481325208968022,published,b,1.1052774234807137,1.3623216310898847,0.07707856868866904,1.3131410470500229,0.257044207609171
0.04629242021584734,evaluation-prior_predictive-093,0.7368460057354644,prior_predictive,1,0.35061503602849386,published,g,0.23129629163451393,0.4573721631684772,0.06800888210953364,0.3969074562443412,0.22607587153396325
0.17963837844318498,evaluation-prior_predictive-093,0.08805942498863542,prior_predictive,1,6.774919080888139,higher_compute,r,6.57529487915875,7.077983022825564,0.15562567390999604,6.5952807024449545,0.5026881436668145
0.06953583276120279,evaluation-prior_predictive-093,0.8000302084649871,prior_predictive,1,1.24360521428882,higher_compute,b,1.0951373273479228,1.3631644794120532,0.0814867003381998,1.3131410470500229,0.2680271520641304
0.050429874466401625,evaluation-prior_predictive-093,0.7581729791081186,prior_predictive,1,0.3464775817779396,higher_compute,g,0.21903441223364262,0.44751341829796865,0.06841640138040285,0.3969074562443412,0.22847900606432603
0.17693572169177152,evaluation-prior_predictive-093,0.09800000000000003,prior_predictive,1,6.772216424136726,reference,r,6.575610603214198,7.075118539203448,0.15423914559059446,6.5952807024449545,0.49950793598925003
0.06867473850599826,evaluation-prior_predictive-093,0.7925625000000003,prior_predictive,1,1.2444663085440246,reference,b,1.094798833978492,1.3566403248414474,0.08029489209880233,1.3131410470500229,0.2618414908629554
0.04841113044318118,evaluation-prior_predictive-093,0.7538750000000003,prior_predictive,1,0.34849632580116,reference,g,0.22527503044376795,0.44710713683717734,0.06868583826127474,0.3969074562443412,0.2218321063934094
0.1904786893167154,evaluation-prior_predictive-094,0.474609375,prior_predictive,1,5.018167086343502,prior,r,2.328944879573973,7.752782725333019,1.7376767574480234,4.827688397026787,5.423837845759046
0.17933377017481322,evaluation-prior_predictive-094,0.5859375,prior_predictive,1,1.737486081605471,prior,b,0.6088677596966846,2.883559853959373,0.7083001145572667,1.9168198517802841,2.2746920942626883
0.21203483078911778,evaluation-prior_predictive-094,0.26171875,prior_predictive,1,0.39599052946318386,prior,g,0.03415283358657025,0.7645180898016422,0.2395109018021626,0.18395569867406608,0.7303652562150719
0.030222289548219372,evaluation-prior_predictive-094,0.41015625,prior_predictive,1,4.857910686575006,published,r,4.7301348177325595,5.025026929074234,0.0896832782114143,4.827688397026787,0.2948921113416745
0.007154105759068274,evaluation-prior_predictive-094,0.4814453125,prior_predictive,1,1.9096657460212159,published,b,1.805415514161305,1.9963513537914788,0.059040749376082155,1.9168198517802841,0.1909358396301737
0.005329504844898525,evaluation-prior_predictive-094,0.525390625,prior_predictive,1,0.17862619382916756,published,g,0.09490819101968115,0.25131384190864764,0.04762943710890483,0.18395569867406608,0.1564056508889665
0.02910121030886792,evaluation-prior_predictive-094,0.42187500000000017,prior_predictive,1,4.856789607335655,higher_compute,r,4.733096818505453,5.029260493431777,0.08982658353657409,4.827688397026787,0.2961636749263237
0.009296306317675862,evaluation-prior_predictive-094,0.5280761718750002,prior_predictive,1,1.9075235454626083,higher_compute,b,1.8025618295916659,1.994252669004009,0.05888683456123728,1.9168198517802841,0.1916908394123431
0.0036309139610726515,evaluation-prior_predictive-094,0.5073242187500002,prior_predictive,1,0.18032478471299343,higher_compute,g,0.09691186478745355,0.2529684504824574,0.046729991220081014,0.18395569867406608,0.15605658569500386
0.03070132102159384,evaluation-prior_predictive-094,0.4066250000000001,prior_predictive,1,4.858389718048381,reference,r,4.727536542132248,5.030137052245669,0.09119143906936673,4.827688397026787,0.3026005101134208
0.010908414391003651,evaluation-prior_predictive-094,0.54125,prior_predictive,1,1.9059114373892805,reference,b,1.7998369732177653,1.9981875646694356,0.06078816008860098,1.9168198517802841,0.19835059145167033
0.0029207036662115826,evaluation-prior_predictive-094,0.5126250000000002,prior_predictive,1,0.1810349950078545,reference,g,0.10133095759725147,0.25734591177513394,0.04698676143294293,0.18395569867406608,0.15601495417788247
0.2741311493454077,evaluation-prior_predictive-095,0.4609375,prior_predictive,1,4.977383422533036,prior,r,2.2593278322827484,7.652535544198256,1.7621942814971117,4.703252273187628,5.393207711915507
1.1242399552943245,evaluation-prior_predictive-095,0.0537109375,prior_predictive,1,1.7573277651874912,prior,b,0.619868426510013,2.8574769285593606,0.7162121258912442,0.6330878098931667,2.2376085020493477
0.0793394047199803,evaluation-prior_predictive-095,0.5966796875,prior_predictive,1,0.39629237889705304,prior,g,0.02999318287875708,0.753029153720043,0.23123216854741394,0.47563178361703334,0.7230359708412859
0.03263791281333539,evaluation-prior_predictive-095,0.24637425521489698,prior_predictive,1,4.7358901860009635,published,r,4.66149964733709,4.809331631793518,0.044936667079130355,4.703252273187628,0.14783198445642842
0.025960279752672344,evaluation-prior_predictive-095,0.729628597459477,prior_predictive,1,0.6071275301404944,published,b,0.5436385653202115,0.6687793588010522,0.038235759113910514,0.6330878098931667,0.12514079348084073
0.012868004842138847,evaluation-prior_predictive-095,0.5949779846901133,prior_predictive,1,0.4627637787748945,published,g,0.3795307111533992,0.5371545313371966,0.0482716517784009,0.47563178361703334,0.1576238201837974
0.030672267120364083,evaluation-prior_predictive-095,0.2506429898529642,prior_predictive,1,4.733924540307992,higher_compute,r,4.664807085132074,4.806635895338171,0.04349858275853246,4.703252273187628,0.14182881020609628
0.02503348617893275,evaluation-prior_predictive-095,0.7393202254349158,prior_predictive,1,0.608054323714234,higher_compute,b,0.5459258181121202,0.666865078024197,0.03661233960505562,0.6330878098931667,0.12093925991207688
0.007937226563366873,evaluation-prior_predictive-095,0.5384239679460429,prior_predictive,1,0.46769455705366647,higher_compute,g,0.3836972724421685,0.5379364746596897,0.046180842739782756,0.47563178361703334,0.15423920221752124
0.02909149372464981,evaluation-prior_predictive-095,0.2531875000000001,prior_predictive,1,4.732343766912278,reference,r,4.662191945771502,4.804294788879338,0.0434200248972104,4.703252273187628,0.14210284310783639
0.0228865432854497,evaluation-prior_predictive-095,0.7259375000000001,prior_predictive,1,0.610201266607717,reference,b,0.54962270227454,0.6707595437426047,0.037033573621960976,0.6330878098931667,0.1211368414680647
0.007401439004206589,evaluation-prior_predictive-095,0.5399375,prior_predictive,1,0.46823034461282675,reference,g,0.38830750597333075,0.5356149274627107,0.045353216108256926,0.47563178361703334,0.14730742148937992
0.09674729256493197,evaluation-prior_predictive-096,0.5126953125,prior_predictive,1,5.0742525115449215,prior,r,2.2849401782995074,7.795530438454493,1.7955663148332486,5.1709998041098535,5.510590260154985
0.925459985038741,evaluation-prior_predictive-096,0.8798828125,prior_predictive,1,1.7668390933863065,prior,b,0.6431912152039098,2.845197987525839,0.7169152835970779,2.6922990784250476,2.2020067723219294
0.19436869623973396,evaluation-prior_predictive-096,0.7431640625,prior_predictive,1,0.4004618262303006,prior,g,0.04058809406137899,0.7627273917830585,0.23314061850354162,0.5948305224700345,0.7221392977216795
0.04695837676923187,evaluation-prior_predictive-096,0.16427083299928077,prior_predictive,1,5.217958180879085,published,r,5.130265402067237,5.313019452358467,0.05411857808486245,5.1709998041098535,0.18275405029122993
0.010720843252316481,evaluation-prior_predictive-096,0.6162544993552533,prior_predictive,1,2.681578235172731,published,b,2.6146885587907605,2.7453148376145085,0.03979333846101945,2.6922990784250476,0.130626278823748
0.051583378826679516,evaluation-prior_predictive-096,0.8548618507737722,prior_predictive,1,0.543247143643355,published,g,0.45886670396189805,0.6213444975602728,0.04904355234243704,0.5948305224700345,0.16247779359837472
0.04607857281150185,evaluation-prior_predictive-096,0.19905688795597276,prior_predictive,1,5.217078376921355,higher_compute,r,5.12553457717787,5.312955984268803,0.05617280561519135,5.1709998041098535,0.18742140709093302
0.010762797792863044,evaluation-prior_predictive-096,0.6092948566115122,prior_predictive,1,2.6815362806321845,higher_compute,b,2.6165736774150017,2.748691897596843,0.04087001471455199,2.6922990784250476,0.13211822018184138
0.049506522519995544,evaluation-prior_predictive-096,0.8323968073841799,prior_predictive,1,0.545323999950039,higher_compute,g,0.4605990286828578,0.6272364861772171,0.050350032058240124,0.5948305224700345,0.16663745749435926
0.04468219157136932,evaluation-prior_predictive-096,0.2151875000000001,prior_predictive,1,5.215681995681223,reference,r,5.126344103873829,5.312765083185201,0.05617637751092759,5.1709998041098535,0.18642097931137158
0.009713593677170618,evaluation-prior_predictive-096,0.592125,prior_predictive,1,2.682585484747877,reference,b,2.6140043664942425,2.74834022498083,0.041039723157117944,2.6922990784250476,0.1343358584865877
0.04819272487252624,evaluation-prior_predictive-096,0.8342500000000003,prior_predictive,1,0.5466377975975083,reference,g,0.4620161969960977,0.6260951996979065,0.049682138427150004,0.5948305224700345,0.1640790027018088
0.2301590970389169,evaluation-prior_predictive-097,0.5439453125,prior_predictive,1,4.9478173138449115,prior,r,2.2584013523308393,7.681539873632872,1.7737799727250483,5.177976410883828,5.4231385213020324
0.15248882310862766,evaluation-prior_predictive-097,0.5498046875,prior_predictive,1,1.763319252232352,prior,b,0.6169022459723931,2.8864512449070805,0.724903012129164,1.9158080753409796,2.2695489989346873
0.06451743063430077,evaluation-prior_predictive-097,0.4052734375,prior_predictive,1,0.4027665927970917,prior,g,0.03339722268862151,0.7555607428356342,0.23001703984847632,0.33824916216279094,0.7221635201470127
0.016791499575739444,evaluation-prior_predictive-097,0.40727866788191724,prior_predictive,1,5.194767910459568,published,r,5.113300173802257,5.2888840933990195,0.05345158677626726,5.177976410883828,0.17558391959676278
0.050506857108930214,evaluation-prior_predictive-097,0.8773038245801359,prior_predictive,1,1.8653012182320494,published,b,1.7782886445050756,1.9309609629239226,0.04520809851473607,1.9158080753409796,0.152672318418847
0.0046209281181181505,evaluation-prior_predictive-097,0.49910564683640746,prior_predictive,1,0.3336282340446728,published,g,0.257231777663554,0.39685457392982754,0.04177533894513342,0.33824916216279094,0.13962279626627355
0.018663231483775355,evaluation-prior_predictive-097,0.3950108410281429,prior_predictive,1,5.196639642367604,higher_compute,r,5.1126092906753735,5.295755858140657,0.05516456946580615,5.177976410883828,0.18314656746528346
0.051530836244455314,evaluation-prior_predictive-097,0.8716466202496533,prior_predictive,1,1.8642772390965243,higher_compute,b,1.7836295651095997,1.9378023790501804,0.04725457593705146,1.9158080753409796,0.1541728139405807
0.004997452083585208,evaluation-prior_predictive-097,0.5212345178040942,prior_predictive,1,0.33325171007920573,higher_compute,g,0.2591185401244551,0.3983269069188732,0.043014376598701255,0.33824916216279094,0.13920836679441806
0.01838812251512767,evaluation-prior_predictive-097,0.3894375000000001,prior_predictive,1,5.196364533398956,reference,r,5.1094792328926095,5.296699599859735,0.05645451796333646,5.177976410883828,0.18722036696712507
0.051924089575510646,evaluation-prior_predictive-097,0.8708750000000003,prior_predictive,1,1.863883985765469,reference,b,1.781257383765735,1.9368830338739094,0.04703940992676228,1.9158080753409796,0.1556256501081743
0.004642988022903638,evaluation-prior_predictive-097,0.5241875000000003,prior_predictive,1,0.3336061741398873,reference,g,0.25930753893209674,0.39940819989734355,0.04285955734592612,0.33824916216279094,0.14010066096524681
2.358751554994929,evaluation-prior_predictive-098,0.892578125,prior_predictive,1,4.916906882397052,prior,r,2.2505757125092574,7.6484855948781805,1.7270887638826815,7.275658437391981,5.397909882368923
0.8087981384973947,evaluation-prior_predictive-098,0.1611328125,prior_predictive,1,1.733977158645958,prior,b,0.6681208996337411,2.8696926502953652,0.6998872801148566,0.9251790201485633,2.201571750661624
0.33837859693272065,evaluation-prior_predictive-098,0.91796875,prior_predictive,1,0.37793669145162223,prior,g,0.030687325688723652,0.754023598506533,0.23294516842320265,0.7163152883843429,0.7233362728178093
0.13105503229666748,evaluation-prior_predictive-098,0.21710497277315255,prior_predictive,1,7.406713469688649,published,r,7.151445653991532,7.648306955257881,0.155553235932593,7.275658437391981,0.49686130126634875
0.1517864205901961,evaluation-prior_predictive-098,0.8955428145392446,prior_predictive,1,0.7733925995583673,published,b,0.5811703796531988,0.9554190492009398,0.11858225581825287,0.9251790201485633,0.37424866954774094
0.03112000756724842,evaluation-prior_predictive-098,0.20297713009001664,prior_predictive,1,0.7474352959515913,published,g,0.6740586639177504,0.7957367181233213,0.03865110979128994,0.7163152883843429,0.12167805420557087
0.11958409001231818,evaluation-prior_predictive-098,0.21979189905562718,prior_predictive,1,7.395242527404299,higher_compute,r,7.141909368451744,7.634328793735352,0.14774910020922125,7.275658437391981,0.49241942528360827
0.13789799455036855,evaluation-prior_predictive-098,0.8770207087385966,prior_predictive,1,0.7872810255981948,higher_compute,b,0.6004945500285873,0.9782403890250081,0.1152290295582082,0.9251790201485633,0.3777458389964208
0.026003839695795117,evaluation-prior_predictive-098,0.2379513448502893,prior_predictive,1,0.742319128080138,higher_compute,g,0.6672977315696237,0.7940382708250208,0.0398631592953793,0.7163152883843429,0.12674053925539708
0.11859974291118025,evaluation-prior_predictive-098,0.21131250000000007,prior_predictive,1,7.3942581803031615,reference,r,7.145601524750463,7.631266762515374,0.14497893676320453,7.275658437391981,0.4856652377649109
0.13826919948688143,evaluation-prior_predictive-098,0.8928125000000003,prior_predictive,1,0.7869098206616819,reference,b,0.6062405600952097,0.9748594776418148,0.11067797618516921,0.9251790201485633,0.36861891754660514
0.027316193994807003,evaluation-prior_predictive-098,0.2228750000000001,prior_predictive,1,0.7436314823791499,reference,g,0.6697220064063062,0.7945226182008035,0.03961271565199832,0.7163152883843429,0.12480061179449731
1.6867267171738467,evaluation-prior_predictive-099,0.2294921875,prior_predictive,1,5.0165805181426535,prior,r,2.3095776128469216,7.732070960102754,1.747517237246188,3.329853800968807,5.422493347255832
0.912091927382836,evaluation-prior_predictive-099,0.142578125,prior_predictive,1,1.769301261662319,prior,b,0.6158986980806754,2.8757534608998463,0.7311801107295912,0.857209334279483,2.2598547628191707
0.0494413761502952,evaluation-prior_predictive-099,0.578125,prior_predictive,1,0.3832612076476445,prior,g,0.03500408960107449,0.7609546757926016,0.23495660682885192,0.4327025837979397,0.7259505861915271
0.05965870303051579,evaluation-prior_predictive-099,0.9229454216848711,prior_predictive,1,3.270195097938291,published,r,3.2093036006014426,3.3415540517752667,0.03949741120871084,3.329853800968807,0.13225045117382406
0.01693200690432961,evaluation-prior_predictive-099,0.31106580001222883,prior_predictive,1,0.8741413411838126,published,b,0.8186942960519729,0.9255189822774238,0.03354361707834602,0.857209334279483,0.10682468622545094
0.009283732623705077,evaluation-prior_predictive-099,0.3597480904779165,prior_predictive,1,0.44198631642164476,published,g,0.3858725645317332,0.49174982725101074,0.032034759997713616,0.4327025837979397,0.10587726271927755
0.05915654405883197,evaluation-prior_predictive-099,0.9255076760260306,prior_predictive,1,3.270697256909975,higher_compute,r,3.2093763058575244,3.338685484554096,0.03945505251065882,3.329853800968807,0.12930917869657144
0.015638413343286528,evaluation-prior_predictive-099,0.3158763186362413,prior_predictive,1,0.8728477476227695,higher_compute,b,0.813302542689636,0.9254618618912707,0.034283523214291636,0.857209334279483,0.11215931920163469
0.010696986210744941,evaluation-prior_predictive-099,0.35315115496514815,prior_predictive,1,0.44339957000868463,higher_compute,g,0.38877546471072305,0.49348402850991957,0.0316640966372385,0.4327025837979397,0.10470856379919652
0.05876627138653889,evaluation-prior_predictive-099,0.9280000000000004,prior_predictive,1,3.271087529582268,reference,r,3.2070668019277173,3.3382158340933885,0.039640175439732445,3.329853800968807,0.1311490321656712
0.015517207682557488,evaluation-prior_predictive-099,0.3115625000000001,prior_predictive,1,0.8727265419620405,reference,b,0.8163117611969506,0.9272006105008603,0.03385129467926814,0.857209334279483,0.11088884930390974
0.011162420148228103,evaluation-prior_predictive-099,0.3408125000000001,prior_predictive,1,0.4438650039461678,reference,g,0.3892944902403188,0.49253730925188893,0.03133026009300965,0.4327025837979397,0.10324281901157012
2.780688947535663,evaluation-prior_predictive-100,0.056640625,prior_predictive,1,5.044018462803221,prior,r,2.225090739158521,7.709460261839472,1.7620545925926885,2.263329515267558,5.484369522680951
0.8576947596191986,evaluation-prior_predictive-100,0.1474609375,prior_predictive,1,1.7621667073483933,prior,b,0.6364938908603379,2.872563631867566,0.7081310322138848,0.9044719477291947,2.2360697410072277
0.18257386889955973,evaluation-prior_predictive-100,0.7431640625,prior_predictive,1,0.39366617153426076,prior,g,0.04620574836317796,0.7597652254392647,0.22518019146960686,0.5762400404338205,0.7135594770760868
0.021212040790989484,evaluation-prior_predictive-100,0.7348605940494437,prior_predictive,1,2.2421174744765686,published,r,2.190078167339433,2.296250255169135,0.03282546903949946,2.263329515267558,0.10617208782970167
0.014116411730854317,evaluation-prior_predictive-100,0.23149547697956407,prior_predictive,1,0.918588359460049,published,b,0.8812323802894946,0.9519324723793268,0.02191687195283075,0.9044719477291947,0.07070009208983219
0.017753368045134277,evaluation-prior_predictive-100,0.22377150091071096,prior_predictive,1,0.5939934084789548,published,g,0.5595133737119459,0.6261933431858744,0.020750528582906876,0.5762400404338205,0.06667996947392851
0.019564734179906118,evaluation-prior_predictive-100,0.7319595129025177,prior_predictive,1,2.243764781087652,higher_compute,r,2.1898761164917784,2.301570598487165,0.03325433005077841,2.263329515267558,0.11169448199538667
0.012633210783695059,evaluation-prior_predictive-100,0.2920257845465873,prior_predictive,1,0.9171051585128898,higher_compute,b,0.8786957961528501,0.9530914098088157,0.022651331954216116,0.9044719477291947,0.07439561365596559
0.01752721792249612,evaluation-prior_predictive-100,0.18740749651757663,prior_predictive,1,0.5937672583563166,higher_compute,g,0.5579345256244053,0.6273862903056662,0.020565908989226413,0.5762400404338205,0.06945176468126091
0.01914574766845334,evaluation-prior_predictive-100,0.7243750000000002,prior_predictive,1,2.2441837675991048,reference,r,2.189594793572847,2.3034539283389965,0.03386080578473568,2.263329515267558,0.1138591347661495
0.012948435705380623,evaluation-prior_predictive-100,0.27037500000000003,prior_predictive,1,0.9174203834345753,reference,b,0.8790081479219487,0.9534925295474561,0.022953879165816315,0.9044719477291947,0.07448438162550741
0.017360617328496697,evaluation-prior_predictive-100,0.20425000000000007,prior_predictive,1,0.5936006577623172,reference,g,0.5578874466073439,0.6273184358125831,0.02093500775647951,0.5762400404338205,0.06943098920523916
2.3501023546297857,evaluation-prior_predictive-101,0.09375,prior_predictive,1,4.9678873388957365,prior,r,2.3035525451996826,7.66114356779468,1.7087474134048568,2.617784984265951,5.357591022594997
1.0966267818719044,evaluation-prior_predictive-101,0.94140625,prior_predictive,1,1.7880011036780898,prior,b,0.6081375445029874,2.9004705733657246,0.7352698789211606,2.8846278855499943,2.2923330288627373
0.3052139464097645,evaluation-prior_predictive-101,0.123046875,prior_predictive,1,0.41040108150540455,prior,g,0.039634027436105765,0.745713047329089,0.22507236748951367,0.10518713509564002,0.7060790198929833
0.05440428179341961,evaluation-prior_predictive-101,0.090322829947901,prior_predictive,1,2.6721892660593705,published,r,2.60591986282315,2.742447616979199,0.04167405936613896,2.617784984265951,0.13652775415604923
0.0334169881981099,evaluation-prior_predictive-101,0.8969631835100137,prior_predictive,1,2.8512108973518844,published,b,2.8029142583074895,2.8925722767737714,0.026380859296613615,2.8846278855499943,0.08965801846628185
0.0007744180827238961,evaluation-prior_predictive-101,0.5149283810655119,prior_predictive,1,0.10441271701291613,published,g,0.060457702780478746,0.14419878601109548,0.025960643883238422,0.10518713509564002,0.08374108323061674
0.05318373289185674,evaluation-prior_predictive-101,0.0968104720814306,prior_predictive,1,2.6709687171578076,higher_compute,r,2.6050216968448607,2.739809262395799,0.0411133282027181,2.617784984265951,0.1347875655509383
0.03225482236490507,evaluation-prior_predictive-101,0.8976579525742634,prior_predictive,1,2.852373063185089,higher_compute,b,2.8093957064609265,2.8958225799270325,0.02583973410649326,2.8846278855499943,0.086426873466106
0.0014862622483432925,evaluation-prior_predictive-101,0.5075546636876525,prior_predictive,1,0.10370087284729673,higher_compute,g,0.06203366602195775,0.14209636035808418,0.024586004281107486,0.10518713509564002,0.08006269433612642
0.05339485819566647,evaluation-prior_predictive-101,0.09268750000000003,prior_predictive,1,2.6711798424616173,reference,r,2.60604240430213,2.74033880028753,0.040213592777774546,2.617784984265951,0.1342963959854
0.03349948394716229,evaluation-prior_predictive-101,0.9129375000000004,prior_predictive,1,2.851128401602832,reference,b,2.8092541837516265,2.891744831667103,0.02513813378133392,2.8846278855499943,0.08249064791547633
0.0009515345364445177,evaluation-prior_predictive-101,0.5080625000000002,prior_predictive,1,0.10423560055919551,reference,g,0.0633766283028661,0.14324090575371434,0.024158095758950168,0.10518713509564002,0.07986427745084825
0.49258953321814314,evaluation-prior_predictive-102,0.412109375,prior_predictive,1,5.086732753553537,prior,r,2.301189207894398,7.757172476699038,1.7444690758691148,4.594143220335394,5.455983268804641
0.19760901146317678,evaluation-prior_predictive-102,0.4208984375,prior_predictive,1,1.7487955157592743,prior,b,0.6121598043416601,2.8971057674856824,0.7229624399424732,1.5511865042960975,2.2849459631440223
0.057810218188650564,evaluation-prior_predictive-102,0.43359375,prior_predictive,1,0.4047288426943426,prior,g,0.04796281991293274,0.7570664343180675,0.23059882925607475,0.34691862450569205,0.7091036144051348
0.048989068491824383,evaluation-prior_predictive-102,0.7718800740950755,prior_predictive,1,4.54515415184357,published,r,4.453088021799137,4.652706664662502,0.062131211782312165,4.594143220335394,0.19961864286336528
0.008563226527834589,evaluation-prior_predictive-102,0.393651528154827,prior_predictive,1,1.559749730823932,published,b,1.4955623903524375,1.6201544746074155,0.03827816663447825,1.5511865042960975,0.12459208425497792
0.0243697383534634,evaluation-prior_predictive-102,0.26892794731439323,prior_predictive,1,0.37128836285915545,published,g,0.3065814644456694,0.4333139531835293,0.03942012253212232,0.34691862450569205,0.12673248873785986
0.05057988629651522,evaluation-prior_predictive-102,0.8029359966244964,prior_predictive,1,4.543563334038879,higher_compute,r,4.449639219823589,4.64879558720395,0.06051857689055619,4.594143220335394,0.19915636738036113
0.010532161724678746,evaluation-prior_predictive-102,0.37260235734519,prior_predictive,1,1.5617186660207762,higher_compute,b,1.4986413221780883,1.6204562759733796,0.03744449092978471,1.5511865042960975,0.12181495379529128
0.024283929371210322,evaluation-prior_predictive-102,0.2498146061530904,prior_predictive,1,0.3712025538769024,higher_compute,g,0.3070998929232164,0.4323035671944988,0.038204385445832434,0.34691862450569205,0.12520367427128243
0.05209339411030989,evaluation-prior_predictive-102,0.8142500000000003,prior_predictive,1,4.542049826225084,reference,r,4.4493630978582015,4.645779901938063,0.059951885370060576,4.594143220335394,0.1964168040798615
0.012178601492047525,evaluation-prior_predictive-102,0.3595625000000001,prior_predictive,1,1.563365105788145,reference,b,1.501426626897871,1.6194489684520539,0.0366028070827873,1.5511865042960975,0.11802234155418279
0.023727007420249968,evaluation-prior_predictive-102,0.2541875000000001,prior_predictive,1,0.370645631925942,reference,g,0.3057287439429506,0.43139699173098,0.03823793873777324,0.34691862450569205,0.12566824778802943
1.4855888847362158,evaluation-prior_predictive-103,0.75,prior_predictive,1,5.027797639487154,prior,r,2.2542180482744993,7.669840260060433,1.7168483593158241,6.51338652422337,5.415622211785934
0.7715767785182353,evaluation-prior_predictive-103,0.2021484375,prior_predictive,1,1.7570965281147977,prior,b,0.6386054433980137,2.8678419048161214,0.728439012818513,0.9855197495965624,2.2292364614181075
0.07510550445269493,evaluation-prior_predictive-103,0.416015625,prior_predictive,1,0.39577318648798265,prior,g,0.03991763567128182,0.7580961627109101,0.23399290655472538,0.3206676820352877,0.7181785270396283
0.14151796092334035,evaluation-prior_predictive-103,0.04139855796590491,prior_predictive,0,6.6549044851467105,published,r,6.517017199007729,6.801904236699968,0.08577538878767785,6.51338652422337,0.284887037692239
0.08764010948178647,evaluation-prior_predictive-103,0.9046900289639521,prior_predictive,1,0.897879640114776,published,b,0.78251193739914,1.007171169431636,0.07114277763939168,0.9855197495965624,0.22465923203249605
0.03728238312898613,evaluation-prior_predictive-103,0.6517298253925509,prior_predictive,1,0.2833852989063016,published,g,0.12641378769717085,0.4259221099393337,0.09073234905238245,0.3206676820352877,0.29950832224216284
0.14700206298804464,evaluation-prior_predictive-103,0.039125451084879706,prior_predictive,0,6.660388587211415,higher_compute,r,6.524790023645851,6.804934916418098,0.08521551568841225,6.51338652422337,0.2801448927722472
0.0896330346744556,evaluation-prior_predictive-103,0.8966710384478256,prior_predictive,1,0.8958867149221068,higher_compute,b,0.7775537481572247,1.0072013588936966,0.07031886098704007,0.9855197495965624,0.22964761073647189
0.0408913697183832,evaluation-prior_predictive-103,0.6486615225659758,prior_predictive,1,0.27977631231690453,higher_compute,g,0.11500165680547988,0.41938096301741407,0.09195424809656536,0.3206676820352877,0.3043793062119342
0.13973105201310876,evaluation-prior_predictive-103,0.04350000000000001,prior_predictive,0,6.653117576236479,reference,r,6.519557014942905,6.790530940928968,0.0829821607681736,6.51338652422337,0.2709739259860626
0.08954589063278307,evaluation-prior_predictive-103,0.9101875000000004,prior_predictive,1,0.8959738589637793,reference,b,0.7783577768617042,1.0013541033104252,0.06760897069745872,0.9855197495965624,0.22299632644872103
0.033693401283702795,evaluation-prior_predictive-103,0.6168750000000001,prior_predictive,1,0.28697428075158493,reference,g,0.12408028241368832,0.4219966540937051,0.0901556258700787,0.3206676820352877,0.29791637168001683
0.15677827565999625,evaluation-prior_predictive-104,0.525390625,prior_predictive,1,4.969692242540022,prior,r,2.3124350202551196,7.610508455974742,1.6828411098342029,5.126470518200018,5.298073435719623
0.3386647686312585,evaluation-prior_predictive-104,0.3681640625,prior_predictive,1,1.7333702313030395,prior,b,0.647898188095125,2.880005379721875,0.7218804414042168,1.394705462671781,2.23210719162675
0.09562335540248612,evaluation-prior_predictive-104,0.62890625,prior_predictive,1,0.40060142473825233,prior,g,0.03536695141453543,0.7656319876903152,0.2306599142194594,0.49622478014073845,0.7302650362757798
0.08247275131586562,evaluation-prior_predictive-104,0.9436857659519039,prior_predictive,1,5.043997766884153,published,r,4.961189095166815,5.128711366889743,0.051461967204466594,5.126470518200018,0.16752227172292766
0.04214821385554446,evaluation-prior_predictive-104,0.1721103800266231,prior_predictive,1,1.4368536765273254,published,b,1.36243413985051,1.5086160152516934,0.04428177664535434,1.394705462671781,0.14618187540118344
0.012306140047046332,evaluation-prior_predictive-104,0.3734498543723068,prior_predictive,1,0.5085309201877848,published,g,0.4331823601084736,0.573483106084001,0.042615384523558494,0.49622478014073845,0.14030074597552739
0.08090726131810211,evaluation-prior_predictive-104,0.9289166222724257,prior_predictive,1,5.045563256881916,higher_compute,r,4.960759558228553,5.137167652951278,0.0535439084066326,5.126470518200018,0.17640809472272512
0.03970632414648767,evaluation-prior_predictive-104,0.19473211856146394,prior_predictive,1,1.4344117868182686,higher_compute,b,1.3591295384730957,1.5072651611174075,0.045323578173923296,1.394705462671781,0.1481356226443118
0.013219918591597546,evaluation-prior_predictive-104,0.3696450101970721,prior_predictive,1,0.509444698732336,higher_compute,g,0.43426828103016407,0.5771378667086805,0.04337249798960742,0.49622478014073845,0.14286958567851643
0.08132624451534731,evaluation-prior_predictive-104,0.9324375000000004,prior_predictive,1,5.045144273684671,reference,r,4.963466895340368,5.1348227616401365,0.05238632225232196,5.126470518200018,0.17135586629976896
0.04133951381158574,evaluation-prior_predictive-104,0.19600000000000006,prior_predictive,1,1.4360449764833667,reference,b,1.359606406997911,1.509717730311728,0.04589156287238662,1.394705462671781,0.15011132331381694
0.01228539766041059,evaluation-prior_predictive-104,0.3791875000000001,prior_predictive,1,0.508510177801149,reference,g,0.43435530546665896,0.5757155437614861,0.04340475923083303,0.49622478014073845,0.1413602382948272
2.4925473811813594,evaluation-prior_predictive-105,0.9287109375,prior_predictive,1,5.052328392129125,prior,r,2.333064250615075,7.6615714652595335,1.7043368670760155,7.544875773310484,5.328507214644459
0.7116095150956312,evaluation-prior_predictive-105,0.22265625,prior_predictive,1,1.7270042396914738,prior,b,0.619685751912845,2.880238364017391,0.7341432287291382,1.0153947245958426,2.2605526121045463
0.046754089493065476,evaluation-prior_predictive-105,0.5537109375,prior_predictive,1,0.40865103838441447,prior,g,0.04843750291522234,0.7578914515453778,0.22737729549025526,0.45540512787747994,0.7094539486301555
0.1003788568019699,evaluation-prior_predictive-105,0.779770373837962,prior_predictive,1,7.444496916508514,published,r,7.255073442795656,7.645852497593878,0.12443014229150116,7.544875773310484,0.39077905479822217
0.005144206677766938,evaluation-prior_predictive-105,0.4914739247654094,prior_predictive,1,1.0205389312736095,published,b,0.8956200144856287,1.1451569628645826,0.0725604881223877,1.0153947245958426,0.2495369483789539
0.05106451896199188,evaluation-prior_predictive-105,0.26098840347653884,prior_predictive,1,0.5064696468394718,published,g,0.37545320322339293,0.6287562245741152,0.07908154115858645,0.45540512787747994,0.25330302135072225
0.11214675743183378,evaluation-prior_predictive-105,0.7982450759474782,prior_predictive,1,7.4327290158786505,higher_compute,r,7.241187629504887,7.658707348832873,0.1286175666765995,7.544875773310484,0.41751971932798604
0.011553732791921068,evaluation-prior_predictive-105,0.44333048506634387,prior_predictive,1,1.0269484573877636,higher_compute,b,0.9041698237875638,1.1496922616492713,0.07481682025411455,1.0153947245958426,0.24552243786170747
0.05675980657849761,evaluation-prior_predictive-105,0.2352894018231208,prior_predictive,1,0.5121649344559775,higher_compute,g,0.3694345960116958,0.6270801211438568,0.08017121786331285,0.45540512787747994,0.257645525132161
0.11609926676139715,evaluation-prior_predictive-105,0.8151250000000003,prior_predictive,1,7.428776506549087,reference,r,7.24178484943138,7.646728221484265,0.12364019433401882,7.544875773310484,0.4049433720528848
0.011072235387540985,evaluation-prior_predictive-105,0.44862500000000016,prior_predictive,1,1.0264669599833836,reference,b,0.9070744627936629,1.1505313705996738,0.07379711329659372,1.0153947245958426,0.24345690780601092
0.05932663462369142,evaluation-prior_predictive-105,0.21450000000000008,prior_predictive,1,0.5147317625011714,reference,g,0.38134760785942884,0.6281722581108009,0.07669909156493258,0.45540512787747994,0.24682465025137207
1.6791722166064278,evaluation-prior_predictive-106,0.2099609375,prior_predictive,1,5.037456862830327,prior,r,2.29953920085801,7.701258069091665,1.7239419815600316,3.358284646223899,5.4017188682336545
0.488332669346071,evaluation-prior_predictive-106,0.3134765625,prior_predictive,1,1.7402080146353354,prior,b,0.6077281876767606,2.878975014565048,0.7340893736008375,1.2518753452892644,2.2712468268882873
0.07959906475808176,evaluation-prior_predictive-106,0.3974609375,prior_predictive,1,0.40002249322239203,prior,g,0.033272992291037785,0.7563823521669194,0.2328754317043788,0.32042342846431027,0.7231093598758817
0.030941217483891226,evaluation-prior_predictive-106,0.7390501161366856,prior_predictive,1,3.327343428740008,published,r,3.244813866263801,3.416161663981212,0.05279929764717924,3.358284646223899,0.17134779771741115
0.01670662788612498,evaluation-prior_predictive-106,0.2897111984642661,prior_predictive,1,1.2685819731753893,published,b,1.2173022232480035,1.3178659376582897,0.029861997633135236,1.2518753452892644,0.10056371441028622
0.0002011108720265664,evaluation-prior_predictive-106,0.500451266196856,prior_predictive,1,0.3202223175922837,published,g,0.26629600728811753,0.3733172226573008,0.03372635690546541,0.32042342846431027,0.10702121536918324
0.03114919891825263,evaluation-prior_predictive-106,0.7332307429648766,prior_predictive,1,3.3271354473056465,higher_compute,r,3.2422846484764194,3.423564795352463,0.05442154446619583,3.358284646223899,0.18128014687604344
0.01564610890045448,evaluation-prior_predictive-106,0.29919660664852843,prior_predictive,1,1.2675214541897188,higher_compute,b,1.2143110867932974,1.316093159056148,0.031178642797648076,1.2518753452892644,0.10178207226285063
0.0006736967432706686,evaluation-prior_predictive-106,0.4652307699901567,prior_predictive,1,0.32109712520758094,higher_compute,g,0.2636963407114628,0.3733002438828542,0.03323950812207484,0.32042342846431027,0.1096039031713914
0.031700749513642545,evaluation-prior_predictive-106,0.7283125000000001,prior_predictive,1,3.3265838967102566,reference,r,3.2437329902314436,3.4150850107894213,0.05259807203510145,3.358284646223899,0.1713520205579777
0.016314467536365118,evaluation-prior_predictive-106,0.30118750000000005,prior_predictive,1,1.2681898128256295,reference,b,1.216129646215098,1.3180789348885593,0.030727437496231764,1.2518753452892644,0.10194928867346142
0.0010353265059271921,evaluation-prior_predictive-106,0.4723750000000002,prior_predictive,1,0.32145875497023746,reference,g,0.26640268260733474,0.3713329491823093,0.032222035992773644,0.32042342846431027,0.10493026657497456
1.354022826438523,evaluation-prior_predictive-107,0.2587890625,prior_predictive,1,5.041960620355763,prior,r,2.2866044333538955,7.742248278822279,1.7281484789720647,3.6879377939172397,5.4556438454683835
0.11672451749847346,evaluation-prior_predictive-107,0.53125,prior_predictive,1,1.768032947753771,prior,b,0.5992549169233314,2.891598243718162,0.7358322294757323,1.8847574652522445,2.292343326794831
0.3540387568765338,evaluation-prior_predictive-107,0.0673828125,prior_predictive,1,0.40133410810515974,prior,g,0.033812273021125355,0.7586951406122521,0.23548059323470355,0.047295351228625916,0.7248828675911267
0.04927903247494703,evaluation-prior_predictive-107,0.12306197665389867,prior_predictive,1,3.7372168263921868,published,r,3.66665671611176,3.80443869191811,0.041412498316597914,3.6879377939172397,0.13778197580635032
0.006827347215439872,evaluation-prior_predictive-107,0.3945619100422525,prior_predictive,1,1.8915848124676844,published,b,1.83372847454006,1.9478732786027924,0.03440264021032767,1.8847574652522445,0.11414480406273242
0.01943329550750728,evaluation-prior_predictive-107,0.8394364909479844,prior_predictive,1,0.027862055721118637,published,g,0.003256261750414699,0.06829139732081999,0.020467415828147352,0.047295351228625916,0.06503513557040529
0.04549048126984667,evaluation-prior_predictive-107,0.13771054337874408,prior_predictive,1,3.7334282751870864,higher_compute,r,3.6679381840496394,3.807764917661711,0.04252219965772587,3.6879377939172397,0.13982673361207176
0.009805044520211803,evaluation-prior_predictive-107,0.3875918339900078,prior_predictive,1,1.8945625097724563,higher_compute,b,1.8345934712685126,1.9505559922177842,0.03484716784369103,1.8847574652522445,0.11596252094927162
0.02055512751165693,evaluation-prior_predictive-107,0.8447630282560713,prior_predictive,1,0.026740223716968985,higher_compute,g,0.001866745784718201,0.06609685794576126,0.020145189833901227,0.047295351228625916,0.06423011216104306
0.044927220726877604,evaluation-prior_predictive-107,0.12556250000000005,prior_predictive,1,3.7328650146441174,reference,r,3.671520003153514,3.8041817964586357,0.040376250108506394,3.6879377939172397,0.13266179330512173
0.010846237382635904,evaluation-prior_predictive-107,0.3575625000000001,prior_predictive,1,1.8956037026348804,reference,b,1.839305259935312,1.9502473594885115,0.03387504017492317,1.8847574652522445,0.11094209955319956
0.020979048569734156,evaluation-prior_predictive-107,0.8393125000000003,prior_predictive,1,0.02631630265889176,reference,g,0.0019186159665832156,0.06571644426104588,0.02063365061526655,0.047295351228625916,0.06379782829446266
1.6874905936502995,evaluation-prior_predictive-108,0.216796875,prior_predictive,1,4.915594141601323,prior,r,2.264526915129483,7.659061326043053,1.7355078666375374,3.2281035479510236,5.39453441091357
1.2102405256430822,evaluation-prior_predictive-108,0.0087890625,prior_predictive,0,1.7380451234362524,prior,b,0.6360806524352809,2.887483971701862,0.725949083576798,0.5278045977931701,2.251403319266581
0.20297642114419504,evaluation-prior_predictive-108,0.2587890625,prior_predictive,1,0.3987221549031653,prior,g,0.03560006052469474,0.7716887086038741,0.23740671874241734,0.19574573375897028,0.7360886480791793
0.009124928119487397,evaluation-prior_predictive-108,0.5928700133370648,prior_predictive,1,3.218978619831536,published,r,3.1593401272079142,3.272880928818677,0.03531274240172751,3.2281035479510236,0.11354080161076263
0.0034054160128792477,evaluation-prior_predictive-108,0.48210527393822394,prior_predictive,1,0.5312100138060494,published,b,0.5040034083606143,0.5643903338508222,0.018260164391025444,0.5278045977931701,0.060386925490207854
0.012836516887820865,evaluation-prior_predictive-108,0.6518604846164564,prior_predictive,1,0.18290921687114942,published,g,0.13312783626749938,0.23247546637583139,0.030235928583921948,0.19574573375897028,0.099347630108332
0.01069611587551833,evaluation-prior_predictive-108,0.6414085190216391,prior_predictive,1,3.2174074320755053,higher_compute,r,3.161396290572016,3.2779453948480093,0.03450003030922226,3.2281035479510236,0.11654910427599319
0.002947013959106237,evaluation-prior_predictive-108,0.48139215554862336,prior_predictive,1,0.5307516117522764,higher_compute,b,0.5046240209751968,0.5652601725266333,0.01864251107543179,0.5278045977931701,0.060636151551436535
0.012246393344309991,evaluation-prior_predictive-108,0.6548299582176411,prior_predictive,1,0.1834993404146603,higher_compute,g,0.1322168014971836,0.231569180872165,0.03004786840156469,0.19574573375897028,0.0993523793749814
0.011419324076547444,evaluation-prior_predictive-108,0.62975,prior_predictive,1,3.216684223874476,reference,r,3.1609996357967285,3.273046900944144,0.03486679268285952,3.2281035479510236,0.11204726514741559
0.004035547106266635,evaluation-prior_predictive-108,0.45225000000000015,prior_predictive,1,0.5318401448994368,reference,b,0.5040637056627558,0.5653152014556247,0.019056669796310863,0.5278045977931701,0.061251495792868926
0.012303396391198484,evaluation-prior_predictive-108,0.6523125000000001,prior_predictive,1,0.1834423373677718,reference,g,0.1340734794362539,0.23223998293281278,0.03007971695535187,0.19574573375897028,0.0981665034965589
0.8256944632351431,evaluation-prior_predictive-109,0.6376953125,prior_predictive,1,5.096821479809924,prior,r,2.3639945555747732,7.751617847928831,1.7295465932615026,5.922515943045067,5.387623292354057
0.8497635226950386,evaluation-prior_predictive-109,0.8349609375,prior_predictive,1,1.7471820258777577,prior,b,0.6441501631530188,2.863158549869127,0.7201196089756423,2.5969455485727964,2.219008386716108
0.35649265208352604,evaluation-prior_predictive-109,0.0546875,prior_predictive,1,0.39913653390282655,prior,g,0.040670710850808305,0.760560380620261,0.22704732471919664,0.042643881819300504,0.7198896697694527
0.06275364308751463,evaluation-prior_predictive-109,0.7944274911649654,prior_predictive,1,5.859762299957552,published,r,5.724007368002196,5.977346668175847,0.0776929539327957,5.922515943045067,0.2533393001736508
0.025579447090680496,evaluation-prior_predictive-109,0.35253402307129594,prior_predictive,1,2.622524995663477,published,b,2.5254101498439407,2.7225628277959224,0.05861653283026987,2.5969455485727964,0.19715267795198166
0.031547244233071446,evaluation-prior_predictive-109,0.2742238077494653,prior_predictive,1,0.07419112605237195,published,g,0.009290798647163964,0.1564803764248727,0.04613626633687478,0.042643881819300504,0.14718957777770875
0.0686224675431415,evaluation-prior_predictive-109,0.7915214412800052,prior_predictive,1,5.853893475501925,higher_compute,r,5.70717185054282,5.978997065359957,0.08268554408836679,5.922515943045067,0.2718252148171372
0.025707418657578973,evaluation-prior_predictive-109,0.3250604126767632,prior_predictive,1,2.6226529672303753,higher_compute,b,2.529341345819606,2.7163030866920805,0.057286665936066454,2.5969455485727964,0.18696174087247464
0.03553641957138994,evaluation-prior_predictive-109,0.28823389630926977,prior_predictive,1,0.07818030139069045,higher_compute,g,0.009224401308679011,0.1709255895228872,0.050327278317950204,0.042643881819300504,0.16170118821420817
0.06692283899869267,evaluation-prior_predictive-109,0.7941875000000003,prior_predictive,1,5.855593104046374,reference,r,5.71118055634294,5.982890554397613,0.08149280157913169,5.922515943045067,0.2717099980546731
0.026504957587798028,evaluation-prior_predictive-109,0.3288750000000001,prior_predictive,1,2.6234505061605944,reference,b,2.5299956683336924,2.7184486824672134,0.05779141690499254,2.5969455485727964,0.188453014133521
0.034359423684472,evaluation-prior_predictive-109,0.289125,prior_predictive,1,0.0770033055037725,reference,g,0.009090454589380426,0.16954440338359597,0.049115125697089604,0.042643881819300504,0.16045394879421554
0.4235023292139024,evaluation-prior_predictive-110,0.431640625,prior_predictive,1,4.993448225579504,prior,r,2.3079878449452047,7.684394264444572,1.7424703110066142,4.569945896365602,5.376406419499368
0.6429342171468859,evaluation-prior_predictive-110,0.75,prior_predictive,1,1.805805774924062,prior,b,0.6430720002548737,2.8876720843603407,0.7261947853418597,2.448739992070948,2.244600084105467
0.403900049719779,evaluation-prior_predictive-110,0.0068359375,prior_predictive,0,0.4082185410198936,prior,g,0.04521109748908119,0.7606514050052231,0.22998989398973907,0.004318491300114591,0.715440307516142
0.09505306368707256,evaluation-prior_predictive-110,0.9847226338472637,prior_predictive,0,4.474892832678529,published,r,4.404155965248579,4.546041478431971,0.043318671048546586,4.569945896365602,0.14188551318339204
0.00023506431841768816,evaluation-prior_predictive-110,0.517146294070486,prior_predictive,1,2.44850492775253,published,b,2.3887886201539628,2.509012053874679,0.03708626069435857,2.448739992070948,0.12022343372071642
0.03347262109518814,evaluation-prior_predictive-110,0.07253177088938795,prior_predictive,1,0.03779111239530274,published,g,0.003060555669680283,0.09597951644356888,0.02872919239718197,0.004318491300114591,0.09291896077388859
0.09420495708932197,evaluation-prior_predictive-110,0.9844431636546892,prior_predictive,0,4.47574093927628,higher_compute,r,4.408365466398072,4.545691426495765,0.04196369542031906,4.569945896365602,0.1373259600976926
0.0005876315652688646,evaluation-prior_predictive-110,0.48394694140602845,prior_predictive,1,2.4493276236362167,higher_compute,b,2.389452580564504,2.507121357600508,0.03463639873679238,2.448739992070948,0.11766877703600409
0.032336198215258724,evaluation-prior_predictive-110,0.07640273427423103,prior_predictive,1,0.03665468951537332,higher_compute,g,0.0029025218164074446,0.0905191961336356,0.0283426356453228,0.004318491300114591,0.08761667431722815
0.09316878512559779,evaluation-prior_predictive-110,0.9818125000000004,prior_predictive,0,4.476777111240004,reference,r,4.4098118351143345,4.548533196231614,0.04216716265289338,4.569945896365602,0.1387213611172795
0.00037809154357404395,evaluation-prior_predictive-110,0.5058750000000003,prior_predictive,1,2.448361900527374,reference,b,2.390644022072804,2.505298902062232,0.03432964910089846,2.448739992070948,0.1146548799894278
0.031450079723215535,evaluation-prior_predictive-110,0.07725000000000001,prior_predictive,1,0.03576857102333013,reference,g,0.0023664787043301775,0.09208350826458629,0.02840518446123243,0.004318491300114591,0.08971702956025611
2.344299435930533,evaluation-prior_predictive-111,0.890625,prior_predictive,1,5.042438318466833,prior,r,2.2450987418799024,7.754017263766424,1.7763717791671911,7.386737754397366,5.508918521886521
0.15617728883896698,evaluation-prior_predictive-111,0.4296875,prior_predictive,1,1.742061652934917,prior,b,0.5951588176963133,2.862979575113868,0.7149997725513716,1.5858843640959501,2.2678207574175544
0.34162644567703004,evaluation-prior_predictive-111,0.068359375,prior_predictive,1,0.41105803002675356,prior,g,0.0505044274973286,0.7611074790991442,0.22699671530958812,0.06943158434972352,0.7106030516018156
0.16506879383231698,evaluation-prior_predictive-111,0.9721090667256664,prior_predictive,0,7.221668960565049,published,r,7.115862360007746,7.36115832913691,0.0763671750008961,7.386737754397366,0.24529596912916407
0.10885891958703531,evaluation-prior_predictive-111,0.06781095791091746,prior_predictive,1,1.6947432836829854,published,b,1.5766466201097686,1.8053698480651352,0.06976842680880789,1.5858843640959501,0.2287232279553666
0.03613175635198654,evaluation-prior_predictive-111,0.2815582475592239,prior_predictive,1,0.10556334070171006,published,g,0.01101573717910645,0.19023651654568613,0.054616443695808044,0.06943158434972352,0.17922077936657968
0.16296743649790102,evaluation-prior_predictive-111,0.976076915847971,prior_predictive,0,7.223770317899465,higher_compute,r,7.103508653400631,7.355280262619492,0.07759561349402957,7.386737754397366,0.2517716092188609
0.10865122385666814,evaluation-prior_predictive-111,0.05140661332783363,prior_predictive,1,1.6945355879526183,higher_compute,b,1.5844007506328504,1.8090049031005648,0.06830094444631844,1.5858843640959501,0.22460415246771448
0.03375526088315656,evaluation-prior_predictive-111,0.3187046171072273,prior_predictive,1,0.10318684523288008,higher_compute,g,0.01411582980291397,0.197484687386507,0.0570868182793005,0.06943158434972352,0.18336885758359303
0.16485349568096552,evaluation-prior_predictive-111,0.9748750000000004,prior_predictive,0,7.2218842587164005,reference,r,7.0972843506158725,7.352339040667676,0.07777026006757251,7.386737754397366,0.2550546900518036
0.11091314410526265,evaluation-prior_predictive-111,0.05475000000000002,prior_predictive,1,1.6967975082012128,reference,b,1.5839371450794557,1.807939458474936,0.06854520316007874,1.5858843640959501,0.22400231339548027
0.03358347537406714,evaluation-prior_predictive-111,0.31543750000000004,prior_predictive,1,0.10301505972379066,reference,g,0.015290437537750758,0.1996060783679785,0.056692229965050286,0.06943158434972352,0.18431564083022775
1.0109836015905094,evaluation-prior_predictive-112,0.3154296875,prior_predictive,1,4.976753191453111,prior,r,2.2437368170775565,7.640034073482067,1.7310995175559245,3.9657695898626013,5.396297256404511
0.19003036470191392,evaluation-prior_predictive-112,0.5810546875,prior_predictive,1,1.746058643156318,prior,b,0.6220014731913013,2.8755611510510106,0.7187333070180286,1.936089007858232,2.2535596778597093
0.005854065496259664,evaluation-prior_predictive-112,0.501953125,prior_predictive,1,0.41217534964945746,prior,g,0.04185288960166068,0.7690326412903216,0.23096374454428817,0.4180294151457171,0.7271797516886609
0.002248960005855949,evaluation-prior_predictive-112,0.5376480633266978,prior_predictive,1,3.9635206298567454,published,r,3.8684307379616,4.0695589546237,0.06193264177208571,3.9657695898626013,0.2011282166621
0.04908063422102171,evaluation-prior_predictive-112,0.8134949211409563,prior_predictive,1,1.8870083736372103,published,b,1.7948730092815863,1.9703582372433117,0.053412067742490056,1.936089007858232,0.1754852279617254
0.04972326007978278,evaluation-prior_predictive-112,0.2125617227436515,prior_predictive,1,0.4677526752254999,published,g,0.36926975316942295,0.5674639394029892,0.06014979452140106,0.4180294151457171,0.19819418623356627
0.0023954449585348314,evaluation-prior_predictive-112,0.5327721997882743,prior_predictive,1,3.9633741449040665,higher_compute,r,3.860576733427546,4.073500917922559,0.06530332909947831,3.9657695898626013,0.2129241844950136
0.04893573055738609,evaluation-prior_predictive-112,0.8265323088681038,prior_predictive,1,1.887153277300846,higher_compute,b,1.7934604174465962,1.9663895434481862,0.05237246885695332,1.936089007858232,0.17292912600158994
0.05066229408706213,evaluation-prior_predictive-112,0.21007052790176206,prior_predictive,1,0.46869170923277925,higher_compute,g,0.37058425130306194,0.5735264173333865,0.061517594312608496,0.4180294151457171,0.20294216603032456
0.0034528319913071925,evaluation-prior_predictive-112,0.550875,prior_predictive,1,3.962316757871294,reference,r,3.859143542232945,4.0761062245611335,0.06594972032770796,3.9657695898626013,0.21696268232818827
0.04812950769635305,evaluation-prior_predictive-112,0.8159375000000002,prior_predictive,1,1.887959500161879,reference,b,1.7946095450408,1.9673670340852993,0.053031194899109686,1.936089007858232,0.1727574890444994
0.05090715783043531,evaluation-prior_predictive-112,0.22181250000000008,prior_predictive,1,0.46893657297615243,reference,g,0.3667320368713382,0.5767809184978534,0.06392646021440823,0.4180294151457171,0.2100488816265152
3.0505952007677077,evaluation-prior_predictive-113,0.9912109375,prior_predictive,0,4.853727957086752,prior,r,2.3364096017013973,7.600239154052454,1.7196455988269401,7.90432315785446,5.263829552351057
1.0801081935126833,evaluation-prior_predictive-113,0.9375,prior_predictive,1,1.7456237588783718,prior,b,0.6263065568435313,2.8597564017928594,0.7109632565513625,2.825731952391055,2.233449844949328
0.11671569592920522,evaluation-prior_predictive-113,0.3427734375,prior_predictive,1,0.39581965209441294,prior,g,0.04190748517811471,0.7635769599478334,0.22719447569864393,0.2791039561652077,0.7216694747697187
0.14186260014427887,evaluation-prior_predictive-113,0.9269000826026477,prior_predictive,1,7.762460557710181,published,r,7.5981569752467015,7.914174859266558,0.09898113943205362,7.90432315785446,0.31601788401985687
0.02513143425069231,evaluation-prior_predictive-113,0.3055709874948336,prior_predictive,1,2.8508633866417474,published,b,2.7382030097674117,2.940463778773248,0.05980958199008262,2.825731952391055,0.20226076900583623
0.05432131258270417,evaluation-prior_predictive-113,0.20194703416098425,prior_predictive,1,0.3334252687479119,published,g,0.2388259627851213,0.4383480152773927,0.06190788666979663,0.2791039561652077,0.1995220524922714
0.15463263185786413,evaluation-prior_predictive-113,0.944954794926815,prior_predictive,1,7.749690525996596,higher_compute,r,7.575665335236283,7.91104185603305,0.10104131690178707,7.90432315785446,0.3353765207967667
0.0249466120202948,evaluation-prior_predictive-113,0.3210206797658043,prior_predictive,1,2.85067856441135,higher_compute,b,2.7458847397331585,2.9402321740784516,0.059823842170433794,2.825731952391055,0.1943474343452931
0.06250335636598725,evaluation-prior_predictive-113,0.16111795369209458,prior_predictive,1,0.341607312531195,higher_compute,g,0.24283968329793512,0.44859329724505215,0.06242356933085211,0.2791039561652077,0.20575361394711703
0.15141219310902976,evaluation-prior_predictive-113,0.9431875000000004,prior_predictive,1,7.75291096474543,reference,r,7.57149894817901,7.908381962810277,0.10238484309493957,7.90432315785446,0.33688301463126713
0.024616076831080136,evaluation-prior_predictive-113,0.33262500000000006,prior_predictive,1,2.8503480292221353,reference,b,2.7467979738781416,2.941518180630561,0.06041437541193014,2.825731952391055,0.1947202067524194
0.06121089969016352,evaluation-prior_predictive-113,0.17012500000000003,prior_predictive,1,0.34031485585537125,reference,g,0.24427403629997146,0.44871043264428606,0.06282681388114057,0.2791039561652077,0.2044363963443146
1.9351082943906635,evaluation-prior_predictive-114,0.80078125,prior_predictive,1,4.995289280370776,prior,r,2.2605134837457777,7.721176083655509,1.7614054064393927,6.9303975747614395,5.460662599909732
1.1151404446631392,evaluation-prior_predictive-114,0.048828125,prior_predictive,0,1.7329282577388732,prior,b,0.6193265046107369,2.8448665146296426,0.7149339360503498,0.6177878130757339,2.225540010018906
0.34731165066036224,evaluation-prior_predictive-114,0.0615234375,prior_predictive,1,0.39632820998776985,prior,g,0.03653927300623702,0.7565712095983447,0.22220188891214046,0.04901655932740763,0.7200319365921076
0.0651331256481722,evaluation-prior_predictive-114,0.8255832787501672,prior_predictive,1,6.865264449113267,published,r,6.752736560528077,6.98082572842652,0.06943730019876992,6.9303975747614395,0.22808916789844336
0.06866496687196144,evaluation-prior_predictive-114,0.12437404178384161,prior_predictive,1,0.6864527799476954,published,b,0.5874643592638678,0.7855511905466631,0.058710377538833375,0.6177878130757339,0.19808683128279536
0.011581993678579691,evaluation-prior_predictive-114,0.448600624744275,prior_predictive,1,0.06059855300598732,published,g,0.005018698091040413,0.14629257317230626,0.04232157868551699,0.04901655932740763,0.14127387508126585
0.0735157794984147,evaluation-prior_predictive-114,0.8602255413139448,prior_predictive,1,6.856881795263025,higher_compute,r,6.745097941401967,6.9761551031476206,0.07023657751823746,6.9303975747614395,0.23105716174565316
0.07317433490303948,evaluation-prior_predictive-114,0.10548502140766873,prior_predictive,1,0.6909621479787734,higher_compute,b,0.5955352011847277,0.79125268135384,0.05984315584502642,0.6177878130757339,0.19571748016911228
0.015545630139653224,evaluation-prior_predictive-114,0.4225926979856651,prior_predictive,1,0.06456218946706085,higher_compute,g,0.0054831334351830305,0.14884476639624325,0.044213897169482916,0.04901655932740763,0.14336163296106022
0.06564379639932483,evaluation-prior_predictive-114,0.8246875000000002,prior_predictive,1,6.864753778362115,reference,r,6.7518803037310855,6.990237373997878,0.07204106771609642,6.9303975747614395,0.2383570702667921
0.06670751244274864,evaluation-prior_predictive-114,0.12943750000000004,prior_predictive,1,0.6844953255184826,reference,b,0.5869452191385043,0.7853863831083496,0.05966846923717555,0.6177878130757339,0.19844116396984535
0.012898035533036215,evaluation-prior_predictive-114,0.4493750000000002,prior_predictive,1,0.061914594860443845,reference,g,0.006009910896772994,0.1440595382488028,0.042841159528474955,0.04901655932740763,0.1380496273520298
1.9173933978586168,evaluation-prior_predictive-115,0.806640625,prior_predictive,1,5.006110916887707,prior,r,2.245543108990213,7.653187986549328,1.7560512009724032,6.9235043147463236,5.4076448775591155
0.8737169313778856,evaluation-prior_predictive-115,0.8642578125,prior_predictive,1,1.7879501685612842,prior,b,0.6370179297491803,2.8657517329136746,0.717796997105004,2.66166709993917,2.228733803164494
0.3760170728668307,evaluation-prior_predictive-115,0.9833984375,prior_predictive,0,0.413773670440737,prior,g,0.043631132151769406,0.7634641702774023,0.2336087855695749,0.7897907433075677,0.7198330381256329
0.02903278651278196,evaluation-prior_predictive-115,0.6692457849167682,prior_predictive,1,6.894471528233542,published,r,6.792631631353434,7.028039180320219,0.07524674724048311,6.9235043147463236,0.23540754896678528
0.028935524119456435,evaluation-prior_predictive-115,0.29157591036397895,prior_predictive,1,2.6906026240586263,published,b,2.5822090522588947,2.7796598489983477,0.0639733758367028,2.66166709993917,0.19745079673945298
0.020197313765877745,evaluation-prior_predictive-115,0.7820413918511387,prior_predictive,1,0.76959342954169,published,g,0.7224374123029466,0.7976611032750748,0.025596623289214544,0.7897907433075677,0.07522369097212822
0.026470610004486694,evaluation-prior_predictive-115,0.6642512958546516,prior_predictive,1,6.897033704741837,higher_compute,r,6.7858833548746516,7.026812238055131,0.07304690755907783,6.9235043147463236,0.24092888318047923
0.030687934877282608,evaluation-prior_predictive-115,0.2772076704385104,prior_predictive,1,2.6923550348164524,higher_compute,b,2.5835976928904087,2.7791770465915855,0.05935803546743419,2.66166709993917,0.19557935370117674
0.02181827961024585,evaluation-prior_predictive-115,0.7794975179021604,prior_predictive,1,0.7679724636973219,higher_compute,g,0.7162437376866639,0.7970488818879087,0.02589342153462597,0.7897907433075677,0.08080514420124474
0.02246738147716254,evaluation-prior_predictive-115,0.6368750000000001,prior_predictive,1,6.901036933269161,reference,r,6.786689242131206,7.022520824434835,0.07272885050494717,6.9235043147463236,0.23583158230362944
0.029345654517345388,evaluation-prior_predictive-115,0.296625,prior_predictive,1,2.691012754456515,reference,b,2.5896527315886986,2.781036168581218,0.058775097188258824,2.66166709993917,0.19138343699251958
0.02417700849943194,evaluation-prior_predictive-115,0.8219375000000002,prior_predictive,1,0.7656137348081358,reference,g,0.7161123192690857,0.7972824437848067,0.025687136892393898,0.7897907433075677,0.08117012451572103
2.608100905715779,evaluation-prior_predictive-116,0.9384765625,prior_predictive,1,5.06004218243701,prior,r,2.365417733304527,7.733481224077478,1.7204823089030257,7.668143088152789,5.3680634907729505
0.5737319476450691,evaluation-prior_predictive-116,0.7314453125,prior_predictive,1,1.760825894916044,prior,b,0.6192822706012653,2.879534170110488,0.7191469060826899,2.334557842561113,2.260251899509223
0.10317585905488424,evaluation-prior_predictive-116,0.634765625,prior_predictive,1,0.4048559250756686,prior,g,0.054993965596969015,0.7626453905204961,0.22673404452340803,0.5080317841305528,0.7076514249235271
0.02262006038851183,evaluation-prior_predictive-116,0.40634325700194757,prior_predictive,1,7.690763148541301,published,r,7.560955904723375,7.833393210447616,0.08077327300132714,7.668143088152789,0.27243730572424063
0.026430857255306694,evaluation-prior_predictive-116,0.6282200374521925,prior_predictive,1,2.3081269853058064,published,b,2.198773718068867,2.4131479381036796,0.0666768172098831,2.334557842561113,0.21437422003481243
0.02012640621556061,evaluation-prior_predictive-116,0.3230946456577829,prior_predictive,1,0.5281581903461134,published,g,0.4495912542578237,0.5992478750369985,0.04725768871741625,0.5080317841305528,0.1496566207791748
0.01565501688498827,evaluation-prior_predictive-116,0.44240287091930885,prior_predictive,1,7.683798105037777,higher_compute,r,7.552963999640699,7.830933900243794,0.08452650716231921,7.668143088152789,0.2779699006030949
0.023439480242038346,evaluation-prior_predictive-116,0.6263112037404833,prior_predictive,1,2.3111183623190747,higher_compute,b,2.1976108713393554,2.418994264120703,0.06737542832750898,2.334557842561113,0.22138339278134778
0.022258180106396575,evaluation-prior_predictive-116,0.3105657711162404,prior_predictive,1,0.5302899642369494,higher_compute,g,0.4464331538582164,0.6048010679365153,0.04800929252868696,0.5080317841305528,0.15836791407829892
0.016495060537581985,evaluation-prior_predictive-116,0.43950000000000017,prior_predictive,1,7.684638148690371,reference,r,7.549870748439567,7.828045501590154,0.0849364357297384,7.668143088152789,0.27817475315058715
0.027699994118945526,evaluation-prior_predictive-116,0.64975,prior_predictive,1,2.3068578484421676,reference,b,2.1870818741878857,2.4135637104372925,0.06869878191318567,2.334557842561113,0.22648183624940676
0.025180352347568657,evaluation-prior_predictive-116,0.29537500000000005,prior_predictive,1,0.5332121364781215,reference,g,0.4473484920716899,0.6119267864050104,0.049474597007175526,0.5080317841305528,0.1645782943333205
1.3836257039340838,evaluation-prior_predictive-117,0.732421875,prior_predictive,1,5.001106450161699,prior,r,2.2405836283433893,7.650804146861253,1.7242642412501363,6.384732154095783,5.410220518517864
0.32381551572304845,evaluation-prior_predictive-117,0.6328125,prior_predictive,1,1.7509981961986676,prior,b,0.6073288952657254,2.8958013903759006,0.7314764280583201,2.074813711921716,2.288472495110175
0.1670383504307392,evaluation-prior_predictive-117,0.2783203125,prior_predictive,1,0.40788916462303315,prior,g,0.04284026747369524,0.7630759085666755,0.22729702306826324,0.24085081419229395,0.7202356410929802
0.15535967023925057,evaluation-prior_predictive-117,0.11449464839561824,prior_predictive,1,6.540091824335033,published,r,6.33279242032836,6.756429701623386,0.1267100926667938,6.384732154095783,0.42363728129502576
0.07399903606165736,evaluation-prior_predictive-117,0.8918805194999491,prior_predictive,1,2.0008146758600587,published,b,1.8971097037147178,2.0945765338733855,0.06100513767849496,2.074813711921716,0.19746683015866773
0.047255337024021044,evaluation-prior_predictive-117,0.7153627047185888,prior_predictive,1,0.1935954771682729,published,g,0.06808221323028535,0.31190265317261007,0.07395348494378046,0.24085081419229395,0.24382043994232472
0.14797252708646624,evaluation-prior_predictive-117,0.12779369199973692,prior_predictive,1,6.532704681182249,higher_compute,r,6.335183986737641,6.7511418868708875,0.12646719828960795,6.384732154095783,0.41595790013324674
0.07009297023123295,evaluation-prior_predictive-117,0.8715388545554702,prior_predictive,1,2.004720741690483,higher_compute,b,1.9002035641266395,2.100067415521356,0.06091895670662286,2.074813711921716,0.19986385139471663
0.044472895426805686,evaluation-prior_predictive-117,0.6983347035963964,prior_predictive,1,0.19637791876548827,higher_compute,g,0.06239356431411434,0.3104798931137756,0.07429765703069552,0.24085081419229395,0.24808632879966128
0.15330616713647593,evaluation-prior_predictive-117,0.11806250000000004,prior_predictive,1,6.538038321232259,reference,r,6.343692056014169,6.758686260562804,0.12676371114253285,6.384732154095783,0.414994204548635
0.0713485407685086,evaluation-prior_predictive-117,0.8850000000000003,prior_predictive,1,2.0034651711532074,reference,b,1.9016307486370407,2.0992130199643704,0.06064670465219982,2.074813711921716,0.19758227132732964
0.04874296695874769,evaluation-prior_predictive-117,0.7246250000000002,prior_predictive,1,0.19210784723354626,reference,g,0.06172003014327107,0.30755549914974795,0.07423580430187184,0.24085081419229395,0.24583546900647688
2.323203797185058,evaluation-prior_predictive-118,0.134765625,prior_predictive,1,5.0685936513064735,prior,r,2.2845856355575553,7.719640954745005,1.7976496101582062,2.7453898541214157,5.43505531918745
0.6076054066576881,evaluation-prior_predictive-118,0.255859375,prior_predictive,1,1.7849065848699073,prior,b,0.6407000876613814,2.8871626929678857,0.7315682372820966,1.1773011782122191,2.246462605306504
0.05643856584511231,evaluation-prior_predictive-118,0.4228515625,prior_predictive,1,0.3970796308310334,prior,g,0.04465650789462858,0.752175415203946,0.22776327659040205,0.3406410649859211,0.7075189073093174
0.018226605417498654,evaluation-prior_predictive-118,0.6793117837328757,prior_predictive,1,2.727163248703917,published,r,2.6618372901082608,2.7962240374035616,0.041413686192289786,2.7453898541214157,0.13438674729530087
0.03580800397676298,evaluation-prior_predictive-118,0.16088052695179783,prior_predictive,1,1.2131091821889821,published,b,1.1542888126633624,1.2722907070635985,0.035576266272947306,1.1773011782122191,0.11800189440023612
0.015197857384363467,evaluation-prior_predictive-118,0.6454867042271353,prior_predictive,1,0.32544320760155765,published,g,0.26592144077158064,0.3782980106057353,0.03470783276271999,0.3406410649859211,0.11237656983415467
0.018647626127610284,evaluation-prior_predictive-118,0.6879321734343206,prior_predictive,1,2.7267422279938054,higher_compute,r,2.6616406001271233,2.7997683653255407,0.04171440860704511,2.7453898541214157,0.1381277651984174
0.03599986532159649,evaluation-prior_predictive-118,0.16630269302796305,prior_predictive,1,1.2133010435338156,higher_compute,b,1.1535190264001798,1.270432185893601,0.03583773172483879,1.1773011782122191,0.11691315949342118
0.015325160519639447,evaluation-prior_predictive-118,0.6519694058877745,prior_predictive,1,0.32531590446628167,higher_compute,g,0.26666181542869294,0.37878804851757053,0.034007725501508136,0.3406410649859211,0.11212623308887759
0.019792841027691743,evaluation-prior_predictive-118,0.6877500000000001,prior_predictive,1,2.725597013093724,reference,r,2.6617551122183776,2.7963261473155105,0.04184297999166491,2.7453898541214157,0.13457103509713297
0.03748629613292742,evaluation-prior_predictive-118,0.14587500000000003,prior_predictive,1,1.2147874743451466,reference,b,1.156342695241205,1.2713445515451025,0.03532239625870914,1.1773011782122191,0.11500185630389748
0.016096299678726722,evaluation-prior_predictive-118,0.6700000000000002,prior_predictive,1,0.3245447653071944,reference,g,0.26550731608656497,0.37904821108462294,0.034372619302660806,0.3406410649859211,0.11354089499805797
1.0371824909110714,evaluation-prior_predictive-119,0.6669921875,prior_predictive,1,4.982274815107013,prior,r,2.2941567212959586,7.622623201078356,1.7318965642306845,6.019457306018085,5.3284664797823975
0.4132070306012674,evaluation-prior_predictive-119,0.6708984375,prior_predictive,1,1.7555680758767325,prior,b,0.6418979479649045,2.8736217432301454,0.7137672470355558,2.168775106478,2.231723795265241
0.18686606414989254,evaluation-prior_predictive-119,0.2626953125,prior_predictive,1,0.39660087987824133,prior,g,0.042057453443295846,0.7547378345214937,0.22876425367164738,0.2097348157283488,0.7126803810781979
0.026905251631211158,evaluation-prior_predictive-119,0.6429472893288857,prior_predictive,1,5.9925520543868736,published,r,5.8446172398838305,6.160159119879472,0.0917647531873536,6.019457306018085,0.3155418799956413
0.006816089166251871,evaluation-prior_predictive-119,0.5066190093988359,prior_predictive,1,2.161959017311748,published,b,2.031055157074463,2.2706691551452556,0.07310669901245502,2.168775106478,0.23961399807079253
0.043189962857275555,evaluation-prior_predictive-119,0.17757320582022496,prior_predictive,1,0.25292477858562434,published,g,0.17193268188108232,0.32868478017073305,0.04754491814210428,0.2097348157283488,0.15675209828965073
0.028626022625520164,evaluation-prior_predictive-119,0.6444265120926356,prior_predictive,1,5.9908312833925645,higher_compute,r,5.851048220998464,6.158843856506517,0.09471264887788958,6.019457306018085,0.3077956355080538
0.005394188016586199,evaluation-prior_predictive-119,0.4971969359205982,prior_predictive,1,2.1633809184614137,higher_compute,b,2.027947851950678,2.2759031899912894,0.0758907554280795,2.168775106478,0.2479553380406112
0.04267226739944863,evaluation-prior_predictive-119,0.1805341330262873,prior_predictive,1,0.2524070831277974,higher_compute,g,0.17419861878878623,0.32853646848524726,0.04693786388540709,0.2097348157283488,0.15433784969646103
0.027139199127355518,evaluation-prior_predictive-119,0.6414375000000001,prior_predictive,1,5.992318106890729,reference,r,5.850614489606508,6.154095066356571,0.09263794989380367,6.019457306018085,0.30348057675006235
0.008614513635414767,evaluation-prior_predictive-119,0.5076875000000003,prior_predictive,1,2.160160592842585,reference,b,2.02364443533147,2.2739041335288865,0.07390410473704677,2.168775106478,0.25025969819741656
0.043279415793422704,evaluation-prior_predictive-119,0.16068750000000004,prior_predictive,1,0.2530142315217715,reference,g,0.17827960572358187,0.32568477761513565,0.044831784692380694,0.2097348157283488,0.14740517189155378
2.6978037719055887,evaluation-prior_predictive-120,0.0478515625,prior_predictive,0,4.985012136399485,prior,r,2.294213714037398,7.66584484574214,1.6883756520972013,2.287208364493896,5.371631131704742
0.2574225809729509,evaluation-prior_predictive-120,0.3935546875,prior_predictive,1,1.7948586007669192,prior,b,0.6290622948079385,2.8785659359968925,0.7311559575748046,1.5374360197939683,2.249503641188954
0.24821389952902906,evaluation-prior_predictive-120,0.79296875,prior_predictive,1,0.4012993556888751,prior,g,0.03908806336206489,0.7635673372587686,0.23670352148436294,0.6495132552179042,0.7244792738967036
0.03007732272095831,evaluation-prior_predictive-120,0.24655031833218516,prior_predictive,1,2.3172856872148544,published,r,2.250542221451735,2.3839956733992693,0.040882234116701034,2.287208364493896,0.13345345194753433
0.010993629578174957,evaluation-prior_predictive-120,0.66365143458866,prior_predictive,1,1.5264423902157933,published,b,1.4839244417199562,1.5683502898966712,0.025489217909704456,1.5374360197939683,0.08442584817671506
0.01677599284358844,evaluation-prior_predictive-120,0.7639681159632729,prior_predictive,1,0.6327372623743157,published,g,0.5933064397104942,0.6742195549484622,0.023709707048186073,0.6495132552179042,0.08091311523796796
0.030035300329385173,evaluation-prior_predictive-120,0.24083310080612536,prior_predictive,1,2.3172436648232813,higher_compute,r,2.2529234822695234,2.390721668443743,0.042265545295699584,2.287208364493896,0.13779818617421968
0.009100140440169824,evaluation-prior_predictive-120,0.6176328625000218,prior_predictive,1,1.5283358793537984,higher_compute,b,1.4827860596133686,1.570319805726028,0.026916624576236343,1.5374360197939683,0.0875337461126593
0.01764780302690494,evaluation-prior_predictive-120,0.7651879255160234,prior_predictive,1,0.6318654521909992,higher_compute,g,0.5898522746125499,0.6726099072438368,0.024888410109024536,0.6495132552179042,0.08275763263128699
0.0299790983621806,evaluation-prior_predictive-120,0.2404375000000001,prior_predictive,1,2.3171874628560767,reference,r,2.2521428014534757,2.3912996104240682,0.04202218800908963,2.287208364493896,0.13915680897059257
0.009545182796709462,evaluation-prior_predictive-120,0.6242500000000001,prior_predictive,1,1.5278908369972588,reference,b,1.481348416281795,1.5705244353142245,0.026940837123741394,1.5374360197939683,0.08917601903242955
0.01711813748401103,evaluation-prior_predictive-120,0.7511875000000002,prior_predictive,1,0.6323951177338931,reference,g,0.5921970852876345,0.6714775774724614,0.02464081545996858,0.6495132552179042,0.07928049218482691
1.7589016890563238,evaluation-prior_predictive-121,0.7861328125,prior_predictive,1,5.071245682188783,prior,r,2.316975170161902,7.731070383436138,1.7565761843444667,6.830147371245107,5.414095213274235
0.8152875293847135,evaluation-prior_predictive-121,0.828125,prior_predictive,1,1.768740368888106,prior,b,0.6371761834895869,2.8793857315052866,0.725466346933495,2.5840278982728195,2.2422095480157
0.16413557119366845,evaluation-prior_predictive-121,0.2822265625,prior_predictive,1,0.4155975787586873,prior,g,0.04585335228200126,0.7677132315809229,0.22913904072845886,0.25146200756501885,0.7218598792989216
0.05521256018789611,evaluation-prior_predictive-121,0.758506458737805,prior_predictive,1,6.774934811057211,published,r,6.656027838057851,6.919367661552658,0.08166391305561864,6.830147371245107,0.26333982349480767
0.02845607259752203,evaluation-prior_predictive-121,0.37213510770526204,prior_predictive,1,2.6124839708703416,published,b,2.474152285569146,2.7642725857127783,0.08682571770987806,2.5840278982728195,0.29012030014363255
0.06392647708244426,evaluation-prior_predictive-121,0.15912035037297925,prior_predictive,1,0.3153884846474631,published,g,0.20515215330301786,0.40811943623404673,0.06245036962904298,0.25146200756501885,0.20296728293102886
0.05131898477089525,evaluation-prior_predictive-121,0.7376977647198883,prior_predictive,1,6.778828386474212,higher_compute,r,6.65091590502855,6.9346878776767245,0.08581474833477801,6.830147371245107,0.2837719726481742
0.028131043390726695,evaluation-prior_predictive-121,0.38580188815645633,prior_predictive,1,2.6121589416635462,higher_compute,b,2.4711995670395726,2.7617739484915536,0.0883629526113424,2.5840278982728195,0.290574381451981
0.06256989379596517,evaluation-prior_predictive-121,0.16229320344153264,prior_predictive,1,0.314031901360984,higher_compute,g,0.20239569639024826,0.40704957087470595,0.06247059221652853,0.25146200756501885,0.20465387448445768
0.05153298529487582,evaluation-prior_predictive-121,0.7331250000000002,prior_predictive,1,6.778614385950231,reference,r,6.65040685306102,6.938708723835689,0.08805843390271427,6.830147371245107,0.28830187077466896
0.024867114535796375,evaluation-prior_predictive-121,0.40581250000000013,prior_predictive,1,2.608895012808616,reference,b,2.4638620896810095,2.762657666335934,0.09077137723546473,2.5840278982728195,0.2987955766549244
0.06273542472381427,evaluation-prior_predictive-121,0.15768750000000004,prior_predictive,1,0.3141974322888331,reference,g,0.20082783403170815,0.40796732951708403,0.06266004939683788,0.25146200756501885,0.20713949548537589
0.30344421559185086,evaluation-prior_predictive-122,0.462890625,prior_predictive,1,4.907635776581779,prior,r,2.3065966788210095,7.648011271221363,1.7231973542088475,4.604191560989928,5.341414592400353
0.19566791505964076,evaluation-prior_predictive-122,0.568359375,prior_predictive,1,1.7411966764995102,prior,b,0.6247136198649971,2.861442751106895,0.7125847492643335,1.936864591559151,2.236729131241898
0.03662793614813503,evaluation-prior_predictive-122,0.4619140625,prior_predictive,1,0.4047060562850191,prior,g,0.040920521742439785,0.7572210669511275,0.23050772868276184,0.36807812013688407,0.7163005452086877
0.03915155396093084,evaluation-prior_predictive-122,0.2575298591075774,prior_predictive,1,4.643343114950859,published,r,4.554912450663622,4.74401186502258,0.05819670373033975,4.604191560989928,0.18909941435895838
0.06564579122432823,evaluation-prior_predictive-122,0.9111229484491989,prior_predictive,1,1.8712188003348227,published,b,1.7754803498121314,1.9477285847648311,0.0525853289804409,1.936864591559151,0.1722482349526997
0.04506656407331994,evaluation-prior_predictive-122,0.8541459360966654,prior_predictive,1,0.32301155606356413,published,g,0.24610154318628014,0.39064936655440197,0.044325447163543995,0.36807812013688407,0.14454782336812183
0.03996564809282788,evaluation-prior_predictive-122,0.2695019578372144,prior_predictive,1,4.644157209082756,higher_compute,r,4.554851250244825,4.753262119159161,0.06052877912557448,4.604191560989928,0.198410868914336
0.061096168841959564,evaluation-prior_predictive-122,0.8800396014149243,prior_predictive,1,1.8757684227171914,higher_compute,b,1.7759812149094896,1.9556273800684985,0.05514701312587541,1.936864591559151,0.17964616515900889
0.049002353150670364,evaluation-prior_predictive-122,0.8795892304244315,prior_predictive,1,0.3190757669862137,higher_compute,g,0.2414540175069483,0.38622118265446126,0.043908561169381514,0.36807812013688407,0.14476716514751295
0.04124005480837489,evaluation-prior_predictive-122,0.2610000000000001,prior_predictive,1,4.645431615798303,reference,r,4.554430136555918,4.750517055040232,0.05986704416428536,4.604191560989928,0.1960869184843146
0.06176998575931858,evaluation-prior_predictive-122,0.8917500000000003,prior_predictive,1,1.8750946057998323,reference,b,1.7787090791414866,1.9552535273393172,0.0543139742367293,1.936864591559151,0.17654444819783066
0.049495224704658336,evaluation-prior_predictive-122,0.8710000000000003,prior_predictive,1,0.31858289543222573,reference,g,0.2385259527073855,0.3868695232455024,0.04565469735452256,0.36807812013688407,0.1483435705381169
1.136304424138844,evaluation-prior_predictive-123,0.310546875,prior_predictive,1,5.060271055502982,prior,r,2.3694680118669136,7.7293320294763594,1.7250115209425099,3.923966631364138,5.359864017609446
0.06333036225811095,evaluation-prior_predictive-123,0.53125,prior_predictive,1,1.728851328721259,prior,b,0.6347555321870991,2.893850094511287,0.7290828789553129,1.79218169097937,2.259094562324188
0.1348635056609876,evaluation-prior_predictive-123,0.6669921875,prior_predictive,1,0.4043586984780009,prior,g,0.037924922269669814,0.7533694158327853,0.2309348484842441,0.5392222041389885,0.7154444935631155
0.01800664789412787,evaluation-prior_predictive-123,0.37400621171959836,prior_predictive,1,3.941973279258266,published,r,3.859827763365285,4.029581609753454,0.053163881533579385,3.923966631364138,0.16975384638816937
0.007933059228414363,evaluation-prior_predictive-123,0.5980014373688761,prior_predictive,1,1.7842486317509556,published,b,1.7359393868820103,1.8294761414395144,0.029409969163020546,1.79218169097937,0.0935367545575041
0.01652231268421489,evaluation-prior_predictive-123,0.6586442037722575,prior_predictive,1,0.5226998914547736,published,g,0.45560857384456893,0.5839856684988735,0.039064738386679954,0.5392222041389885,0.12837709465430452
0.019857122980643016,evaluation-prior_predictive-123,0.35250486528232405,prior_predictive,1,3.943823754344781,higher_compute,r,3.8626532003489378,4.029235346109404,0.05121215498491046,3.923966631364138,0.16658214576046637
0.00915365333618734,evaluation-prior_predictive-123,0.622602717870016,prior_predictive,1,1.7830280376431826,higher_compute,b,1.7338909607524196,1.8274904341804912,0.02864484735108085,1.79218169097937,0.09359947342807162
0.017970009154319344,evaluation-prior_predictive-123,0.6699822439739219,prior_predictive,1,0.5212521949846691,higher_compute,g,0.4535697354752391,0.58645501967273,0.039743302297189725,0.5392222041389885,0.13288528419749085
0.02058390310445013,evaluation-prior_predictive-123,0.3526875000000001,prior_predictive,1,3.944550534468588,reference,r,3.8632563900842802,4.035277435708471,0.051712320996525174,3.923966631364138,0.17202104562419063
0.00989555758210825,evaluation-prior_predictive-123,0.6275625,prior_predictive,1,1.7822861333972617,reference,b,1.7329529571011986,1.8287402419899048,0.02944710280119168,1.79218169097937,0.09578728488870625
0.01657972646706074,evaluation-prior_predictive-123,0.6453750000000001,prior_predictive,1,0.5226424776719277,reference,g,0.4541507481000706,0.5825541376399478,0.03956292170972534,0.5392222041389885,0.12840338953987718
1.0594459277070891,evaluation-prior_predictive-124,0.6826171875,prior_predictive,1,4.910057324827221,prior,r,2.2930732141810037,7.69564552895744,1.7347712536682331,5.96950325253431,5.402572314776437
0.9297869306634494,evaluation-prior_predictive-124,0.876953125,prior_predictive,1,1.7403527137566548,prior,b,0.6118829809118356,2.871748447339235,0.7183604908038441,2.670139644420104,2.2598654664273994
0.2515556242615147,evaluation-prior_predictive-124,0.18359375,prior_predictive,1,0.40674003136413406,prior,g,0.03510610493847454,0.7567179981557203,0.22864136725997325,0.15518440710261938,0.7216118932172457
0.0012118645068275313,evaluation-prior_predictive-124,0.5426511863387675,prior_predictive,1,5.970715117041138,published,r,5.841056184419219,6.135596338388621,0.09064577886563843,5.96950325253431,0.29454015396940214
0.055396790035620924,evaluation-prior_predictive-124,0.849878761638864,prior_predictive,1,2.6147428543844833,published,b,2.5208904713446554,2.6950608337078323,0.053285034618487076,2.670139644420104,0.17417036236317696
0.053864149306147385,evaluation-prior_predictive-124,0.13802198577994296,prior_predictive,1,0.20904855640876677,published,g,0.1240076314084217,0.2785586513132223,0.04772117412539551,0.15518440710261938,0.15455101990480064
0.0030903932169819015,evaluation-prior_predictive-124,0.5226569099543068,prior_predictive,1,5.972593645751292,higher_compute,r,5.838468350189579,6.132027850563064,0.08903387413391606,5.96950325253431,0.293559500373485
0.05587572230598825,evaluation-prior_predictive-124,0.8587882240270808,prior_predictive,1,2.614263922114116,higher_compute,b,2.5208561453376186,2.6949264036248253,0.05342910006213657,2.670139644420104,0.17407025828720668
0.05100155242887486,evaluation-prior_predictive-124,0.14773177144981836,prior_predictive,1,0.20618595953149424,higher_compute,g,0.12242167807727881,0.27916502476142985,0.04814524009214702,0.15518440710261938,0.15674334668415102
0.004387518193713191,evaluation-prior_predictive-124,0.5091875000000002,prior_predictive,1,5.9738907707280235,reference,r,5.839505236531638,6.1291419518201735,0.08962192511725862,5.96950325253431,0.28963671528853574
0.05688910920462087,evaluation-prior_predictive-124,0.8600000000000003,prior_predictive,1,2.6132505352154833,reference,b,2.520751476592404,2.692544584225089,0.05339282120057005,2.670139644420104,0.17179310763268507
0.05158771890200692,evaluation-prior_predictive-124,0.143625,prior_predictive,1,0.2067721260046263,reference,g,0.12532577792258345,0.27779982372436485,0.04760916636451301,0.15518440710261938,0.1524740458017814
0.4564497158128482,evaluation-prior_predictive-125,0.5830078125,prior_predictive,1,5.0069204276889785,prior,r,2.3278635856314818,7.673191012880712,1.7026731164841977,5.463370143501827,5.34532742724923
0.6074633191067424,evaluation-prior_predictive-125,0.7314453125,prior_predictive,1,1.7984140702385045,prior,b,0.6408084992676587,2.8795857382923447,0.728930487261674,2.405877389345247,2.238777239024686
0.13217976553254612,evaluation-prior_predictive-125,0.3359375,prior_predictive,1,0.4017083106723186,prior,g,0.04814676975433019,0.7540191368324556,0.230996029118206,0.2695285451397725,0.7058723670781254
0.05904317826343064,evaluation-prior_predictive-125,0.15949535115090976,prior_predictive,1,5.522413321765257,published,r,5.431186952719169,5.628596245340879,0.06096855822583413,5.463370143501827,0.19740929262171036
0.02024681455562405,evaluation-prior_predictive-125,0.6966668884472339,prior_predictive,1,2.385630574789623,published,b,2.3179598222289624,2.450443334689911,0.04006613751405435,2.405877389345247,0.13248351246094847
0.03248013563307195,evaluation-prior_predictive-125,0.7238228300424286,prior_predictive,1,0.23704840950670053,published,g,0.1633046664269087,0.30034471037777927,0.0434863331221498,0.2695285451397725,0.13704004395087058
0.05910251161956381,evaluation-prior_predictive-125,0.1667699304421831,prior_predictive,1,5.5224726551213905,higher_compute,r,5.428651952963791,5.631025747956178,0.06145306537362793,5.463370143501827,0.20237379499238717
0.019267689172099978,evaluation-prior_predictive-125,0.6915296860201271,prior_predictive,1,2.386609700173147,higher_compute,b,2.3228848954555046,2.450736116252512,0.03868268074952312,2.405877389345247,0.1278512207970075
0.03367037058513914,evaluation-prior_predictive-125,0.7818260439343299,prior_predictive,1,0.23585817455463334,higher_compute,g,0.16357199844774278,0.30130660602714626,0.0420032786491993,0.2695285451397725,0.13773460757940348
0.061724050971165845,evaluation-prior_predictive-125,0.15406250000000002,prior_predictive,1,5.5250941944729925,reference,r,5.433239515673697,5.629652024084391,0.060231453213706244,5.463370143501827,0.19641250841069358
0.021015859018152838,evaluation-prior_predictive-125,0.7051250000000002,prior_predictive,1,2.384861530327094,reference,b,2.3203521938571887,2.4507575890315016,0.039535669681881394,2.405877389345247,0.13040539517431293
0.033725481103196786,evaluation-prior_predictive-125,0.7891875000000003,prior_predictive,1,0.2358030640365757,reference,g,0.16698165306778143,0.2990705047320987,0.040193846934166846,0.2695285451397725,0.13208885166431725
0.08289674015085247,evaluation-prior_predictive-126,0.5166015625,prior_predictive,1,5.02076187122387,prior,r,2.249423971589056,7.716706295628017,1.7817407651551818,5.103658611374723,5.46728232403896
0.3488314473605396,evaluation-prior_predictive-126,0.3701171875,prior_predictive,1,1.745992553866703,prior,b,0.6259051608828617,2.873415470062851,0.7298521716218864,1.3971611065061633,2.2475103091799893
0.20491196531795164,evaluation-prior_predictive-126,0.767578125,prior_predictive,1,0.3935713262842896,prior,g,0.03804786707628964,0.7677655817774716,0.22960245165850063,0.5984832916022412,0.729717714701182
0.03279970099383611,evaluation-prior_predictive-126,0.3338792650075275,prior_predictive,1,5.136458312368559,published,r,5.011819230032274,5.265699945304861,0.0771979915497876,5.103658611374723,0.2538807152725866
0.05954404107488265,evaluation-prior_predictive-126,0.8621712373181774,prior_predictive,1,1.3376170654312807,published,b,1.2501472328329062,1.4295326833187516,0.05628531893821495,1.3971611065061633,0.17938545048584542
0.03532015632157026,evaluation-prior_predictive-126,0.20277899917021888,prior_predictive,1,0.6338034479238115,published,g,0.5573056635084334,0.7042485694726727,0.04354571606531016,0.5984832916022412,0.1469429059642393
0.028578150726104923,evaluation-prior_predictive-126,0.3731257060031938,prior_predictive,1,5.132236762100828,higher_compute,r,5.015229070078109,5.262101091091017,0.07536021801140086,5.103658611374723,0.24687202101290762
0.05803173430383768,evaluation-prior_predictive-126,0.8583012951960551,prior_predictive,1,1.3391293722023256,higher_compute,b,1.2508242761373825,1.4260237110480292,0.05320207064393498,1.3971611065061633,0.1751994349106467
0.04147935558369764,evaluation-prior_predictive-126,0.18705738749715775,prior_predictive,1,0.6399626471859389,higher_compute,g,0.5609184584491136,0.7168083851207341,0.04667246858193261,0.5984832916022412,0.1558899266716205
0.03519053171784936,evaluation-prior_predictive-126,0.3418125000000001,prior_predictive,1,5.138849143092572,reference,r,5.019922124591164,5.272389200632937,0.07744468700467835,5.103658611374723,0.2524670760417731
0.06048560847676554,evaluation-prior_predictive-126,0.8574375000000003,prior_predictive,1,1.3366754980293978,reference,b,1.2444969870331835,1.4261742906034485,0.05495099820074853,1.3971611065061633,0.18167730357026501
0.03868047462782964,evaluation-prior_predictive-126,0.21168750000000008,prior_predictive,1,0.6371637662300709,reference,g,0.5583124723958649,0.7148156519896853,0.04723618303007548,0.5984832916022412,0.15650317959382043
0.20653292303787563,evaluation-prior_predictive-127,0.5400390625,prior_predictive,1,4.961931255648192,prior,r,2.340531623972075,7.694909208750719,1.6995847523444152,5.168464178686068,5.354377584778645
0.9228476570441022,evaluation-prior_predictive-127,0.8603515625,prior_predictive,1,1.7326655543206302,prior,b,0.6389876433432851,2.8543198499162723,0.7089742790761207,2.6555132113647324,2.2153322065729872
0.31666674700716746,evaluation-prior_predictive-127,0.8935546875,prior_predictive,1,0.40020392425721907,prior,g,0.04067474663600647,0.7617052771558938,0.23020302506898943,0.7168706712643865,0.7210305305198873
0.03764715935162943,evaluation-prior_predictive-127,0.2882765256056249,prior_predictive,1,5.206111338037697,published,r,5.1179725168343975,5.310640404632345,0.05997566366084206,5.168464178686068,0.1926678877979473
0.03647853533345957,evaluation-prior_predictive-127,0.7663848685951852,prior_predictive,1,2.619034676031273,published,b,2.543180015128721,2.6879599035789616,0.045722072836743385,2.6555132113647324,0.1447798884502407
0.0012226991125189324,evaluation-prior_predictive-127,0.4901108874542497,prior_predictive,1,0.7156479721518676,published,g,0.6541610326422793,0.7738403893179417,0.036834427314281284,0.7168706712643865,0.11967935667566243
0.03685063305833669,evaluation-prior_predictive-127,0.2721667240191522,prior_predictive,1,5.205314811744405,higher_compute,r,5.115236197922913,5.303599774615909,0.0572696941679785,5.168464178686068,0.1883635766929963
0.032987779846650245,evaluation-prior_predictive-127,0.7617819486691081,prior_predictive,1,2.622525431518082,higher_compute,b,2.546370730663293,2.6943464392752476,0.0449185381203945,2.6555132113647324,0.14797570861195464
0.003406789835804225,evaluation-prior_predictive-127,0.5251984789700062,prior_predictive,1,0.7134638814285823,higher_compute,g,0.6529458351157013,0.7697850291509198,0.03516229486099127,0.7168706712643865,0.11683919403521859
0.03544462832446893,evaluation-prior_predictive-127,0.28718750000000004,prior_predictive,1,5.203908807010537,reference,r,5.116538112506227,5.306182818312578,0.0582273596139025,5.168464178686068,0.1896447058063515
0.03198406083531902,evaluation-prior_predictive-127,0.7562500000000002,prior_predictive,1,2.6235291505294134,reference,b,2.5411310422927773,2.6952579548218365,0.04585928947131906,2.6555132113647324,0.1541269125290592
0.003392381915103271,evaluation-prior_predictive-127,0.5038125000000002,prior_predictive,1,0.7134782893492833,reference,g,0.650455762861612,0.7698178729387073,0.03604437580317603,0.7168706712643865,0.1193621100770953
0.6478884865918957,evaluation-ecological-000,0.59375,ecological,1,4.979497398948739,prior,r,2.2796323483880787,7.638735961106044,1.7453382569113987,5.627385885540635,5.359103612717965
0.9839511575210564,evaluation-ecological-000,0.125,ecological,1,1.8169628585411477,prior,b,0.625731794808557,2.892090636307305,0.7402803272581688,0.8330117010200913,2.2663588414987483
0.170197584179956,evaluation-ecological-000,0.708984375,ecological,1,0.4080583586995854,prior,g,0.04409256457572492,0.7569451262832549,0.2309645828100026,0.5782559428795414,0.71285256170753
0.005085246814692468,evaluation-ecological-000,0.4733377944608539,ecological,1,5.632471132355327,published,r,5.583416283183633,5.687759386773786,0.03257735911535739,5.627385885540635,0.10434310359015342
0.027742502522690282,evaluation-ecological-000,0.9030011352962461,ecological,1,0.805269198497401,published,b,0.771289833157004,0.8383847379180808,0.020690313172386687,0.8330117010200913,0.06709490476107682
0.023608715033324845,evaluation-ecological-000,0.22129487069268164,ecological,1,0.6018646579128663,published,g,0.5459932637492915,0.6503543896304422,0.031834437147697084,0.5782559428795414,0.10436112588115076
0.006238769615269035,evaluation-ecological-000,0.43762853766256943,ecological,1,5.633624655155904,higher_compute,r,5.581641529109122,5.688842629689204,0.032503967292345906,5.627385885540635,0.10720110058008192
0.027756545236966357,evaluation-ecological-000,0.915570292886288,ecological,1,0.8052551557831249,higher_compute,b,0.7707886715558384,0.839401501938445,0.0207126861173606,0.8330117010200913,0.06861283038260657
0.022768961865074266,evaluation-ecological-000,0.23321105389373709,ecological,1,0.6010249047446157,higher_compute,g,0.5451091999665588,0.6506254199319353,0.031837422075133626,0.5782559428795414,0.10551621996537652
0.005916636473193293,evaluation-ecological-000,0.42600000000000016,ecological,1,5.633302522013828,reference,r,5.582288203874622,5.688522933923766,0.031755433205485004,5.627385885540635,0.10623473004914352
0.026896745279488155,evaluation-ecological-000,0.8970000000000004,ecological,1,0.8061149557406031,reference,b,0.7723820430453505,0.8401816483405713,0.020812189142023024,0.8330117010200913,0.06779960529522078
0.02238947188263596,evaluation-ecological-000,0.23887500000000012,ecological,1,0.6006454147621774,reference,g,0.5484811151736265,0.6513335392166961,0.031165785801561548,0.5782559428795414,0.1028524240430696
0.11808566965484601,evaluation-ecological-001,0.5087890625,ecological,1,5.022882298020942,prior,r,2.2786488688761324,7.700671238760703,1.7325451472299929,5.140967967675788,5.42202236988457
0.8095740626919312,evaluation-ecological-001,0.822265625,ecological,1,1.731727088484445,prior,b,0.6095899236474054,2.8815627493938507,0.7369451443435562,2.541301151176376,2.2719728257464453
0.05176728992019691,evaluation-ecological-001,0.576171875,ecological,1,0.40072872904880996,prior,g,0.0432764123121866,0.7637116907630397,0.2339098909143095,0.4524960189690069,0.7204352784508531
0.009772940665726537,evaluation-ecological-001,0.3480545104733007,ecological,1,5.150740908341515,published,r,5.107971008744185,5.19257676690291,0.026279999045216107,5.140967967675788,0.08460575815872495
0.03229334484962232,evaluation-ecological-001,0.026750101373281137,ecological,0,2.5735944960259984,published,b,2.545585074332257,2.601409343641518,0.016897697278591826,2.541301151176376,0.05582426930926143
0.03738771386597256,evaluation-ecological-001,0.9733790151723898,ecological,0,0.4151083051030343,published,g,0.38118240248542656,0.4470000960859323,0.0204926758425948,0.4524960189690069,0.06581769360050571
0.008605868662684202,evaluation-ecological-001,0.37945987439403817,ecological,1,5.149573836338472,higher_compute,r,5.105997727878691,5.19340479367315,0.026572401164602005,5.140967967675788,0.08740706579445945
0.03366646288093822,evaluation-ecological-001,0.03455567341990058,ecological,0,2.5749676140573143,higher_compute,b,2.544656793477701,2.603669441430086,0.01796604159985288,2.541301151176376,0.0590126479523847
0.03759383981662845,evaluation-ecological-001,0.9643400497873846,ecological,0,0.4149021791523784,higher_compute,g,0.3781636388407735,0.4492916504258746,0.021571562022645176,0.4524960189690069,0.07112801158510113
0.009729710955171278,evaluation-ecological-001,0.3626250000000001,ecological,1,5.1506976786309595,reference,r,5.108654284863293,5.192877077778117,0.025741353565227307,5.140967967675788,0.08422279291482315
0.03330234640663221,evaluation-ecological-001,0.035875000000000004,ecological,0,2.5746034975830083,reference,b,2.5442977000528866,2.6040831537969975,0.01787952846234209,2.541301151176376,0.05978545374411093
0.03829737443572562,evaluation-ecological-001,0.9691250000000005,ecological,0,0.41419864453328126,reference,g,0.37934994788009857,0.447982813749538,0.020982025843998258,0.4524960189690069,0.06863286586943945
0.9779695435242024,evaluation-ecological-002,0.6591796875,ecological,1,5.00883113316298,prior,r,2.3108213336601913,7.65768138765758,1.731634823519859,5.986800676687182,5.346860053997389
0.7880542765792178,evaluation-ecological-002,0.18359375,ecological,1,1.7855840949104729,prior,b,0.6230981062785504,2.859251563699496,0.7150544703086552,0.9975298183312551,2.2361534574209454
0.3189526306551691,evaluation-ecological-002,0.0908203125,ecological,1,0.40096803087219113,prior,g,0.04012618187011322,0.764832839372812,0.22900260615193563,0.08201540021702206,0.7247066575026988
0.023659546101657547,evaluation-ecological-002,0.7637210728141204,ecological,1,5.963141130585525,published,r,5.907778546429519,6.028233636437127,0.03705654219727024,5.986800676687182,0.12045509000760823
0.028736883856278483,evaluation-ecological-002,0.10081770755371494,ecological,1,1.0262667021875336,published,b,0.9884444099071653,1.0610613083083713,0.02151670073740251,0.9975298183312551,0.072616898401206
0.013843071026005377,evaluation-ecological-002,0.314313493274867,ecological,1,0.09585847124302743,published,g,0.0418444138383152,0.14548034300578117,0.03126268584657743,0.08201540021702206,0.10363592916746597
0.021302846784173823,evaluation-ecological-002,0.7110343973299831,ecological,1,5.965497829903009,higher_compute,r,5.90802657523603,6.027077072165854,0.036925226082270855,5.986800676687182,0.11905049692982406
0.028300856262150065,evaluation-ecological-002,0.10186470306463066,ecological,1,1.0258306745934052,higher_compute,b,0.9895838750863607,1.0607101342814125,0.021977659993419614,0.9975298183312551,0.07112625919505178
0.012318538241614732,evaluation-ecological-002,0.35443158153947224,ecological,1,0.09433393845863679,higher_compute,g,0.041327070964378786,0.14555837644936806,0.03178125297165875,0.08201540021702206,0.10423130548498927
0.021760134836021905,evaluation-ecological-002,0.7195000000000003,ecological,1,5.9650405418511605,reference,r,5.906785948616611,6.02755289832325,0.03696526131528402,5.986800676687182,0.12076694970663837
0.028608109256441416,evaluation-ecological-002,0.09575000000000003,ecological,1,1.0261379275876965,reference,b,0.989544844523274,1.0615724842362804,0.021675738413062803,0.9975298183312551,0.07202763971300641
0.01239424303872523,evaluation-ecological-002,0.34043750000000006,ecological,1,0.09440964325574729,reference,g,0.0406368242905518,0.14439065242062255,0.031357245759891336,0.08201540021702206,0.10375382813007075
1.1256290282065864,evaluation-ecological-003,0.685546875,ecological,1,4.938550626166252,prior,r,2.2858003664496906,7.653218968849954,1.7368329438130858,6.064179654372839,5.367418602400264
0.45043226385907253,evaluation-ecological-003,0.6806640625,ecological,1,1.7274392181897174,prior,b,0.6242873275801679,2.8512317426249267,0.7100414107638086,2.17787148204879,2.226944415044759
0.0601118184901836,evaluation-ecological-003,0.4169921875,ecological,1,0.40081210222228786,prior,g,0.03843003446097157,0.7504446491302948,0.22903650623037752,0.34070028373210426,0.7120146146693233
0.021010770022406255,evaluation-ecological-003,0.2778821671145918,ecological,1,6.085190424395245,published,r,6.032627199520515,6.140494818332859,0.032848169742948484,6.064179654372839,0.1078676188123433
0.01628583897517366,evaluation-ecological-003,0.19334740944006593,ecological,1,2.1941573210239635,published,b,2.1630498230662876,2.223411322609764,0.01873692990022197,2.17787148204879,0.06036149954347625
0.023335798947233033,evaluation-ecological-003,0.8121250571101195,ecological,1,0.3173644847848712,published,g,0.27385759859222336,0.35753951738405626,0.024639676119522676,0.34070028373210426,0.0836819187918329
0.021868456889058585,evaluation-ecological-003,0.2719609175996616,ecological,1,6.086048111261897,higher_compute,r,6.030033855193666,6.143823521330425,0.03478277068761783,6.064179654372839,0.11378966613675967
0.01610594499440854,evaluation-ecological-003,0.19617405138283464,ecological,1,2.1939774270431984,higher_compute,b,2.162882368575963,2.2259221274206062,0.019157347036184456,2.17787148204879,0.06303975884464341
0.023606417037621508,evaluation-ecological-003,0.8103887352647468,ecological,1,0.31709386669448275,higher_compute,g,0.27279656753120435,0.35833843166383617,0.026053283327462387,0.34070028373210426,0.08554186413263182
0.0197060426292186,evaluation-ecological-003,0.2735,ecological,1,6.083885697002057,reference,r,6.027973965639573,6.140756019628218,0.03394194559580221,6.064179654372839,0.11278205398864483
0.016537319116650018,evaluation-ecological-003,0.17825000000000005,ecological,1,2.19440880116544,reference,b,2.163374909453352,2.224417589498426,0.018739661770210674,2.17787148204879,0.06104268004507407
0.02261188940448189,evaluation-ecological-003,0.8256875000000004,ecological,1,0.31808839432762237,reference,g,0.2761869866821785,0.35630847975360225,0.02475792181910046,0.34070028373210426,0.08012149307142374
0.25918218958380645,evaluation-ecological-004,0.541015625,ecological,1,4.954578167932185,prior,r,2.292943863854134,7.7215477317724295,1.7349383212161138,5.213760357515992,5.428603867918295
0.008866994817328333,evaluation-ecological-004,0.505859375,ecological,1,1.7265632873430652,prior,b,0.5989790900192847,2.8722883990517785,0.7319527932870004,1.7354302821603935,2.2733093090324936
0.023317962045546203,evaluation-ecological-004,0.4775390625,ecological,1,0.3919443655695409,prior,g,0.04110100163980066,0.7594538270494774,0.2353906192255909,0.3686264035239947,0.7183528254096767
0.036875188954936355,evaluation-ecological-004,0.07356152649997925,ecological,1,5.250635546470928,published,r,5.208542755581956,5.29480276172294,0.02693664906599336,5.213760357515992,0.08626000614098395
0.006084177702995186,evaluation-ecological-004,0.5962031903725749,ecological,1,1.7293461044573983,published,b,1.6984338827016694,1.7588653959858938,0.019431824231628196,1.7354302821603935,0.06043151328422436
0.02360082710337802,evaluation-ecological-004,0.8359252427290143,ecological,1,0.34502557642061665,published,g,0.29829223894003126,0.38499523129276636,0.025376982567785478,0.3686264035239947,0.0867029923527351
0.03735477988288327,evaluation-ecological-004,0.07883839401818772,ecological,1,5.251115137398875,higher_compute,r,5.208419819110617,5.29491632645626,0.026430681887705972,5.213760357515992,0.08649650734564318
0.005835530509817888,evaluation-ecological-004,0.6188521127248569,ecological,1,1.7295947516505756,higher_compute,b,1.6984730859351171,1.7596908555316235,0.018669548227614133,1.7354302821603935,0.06121776959650638
0.024698596387605576,evaluation-ecological-004,0.8437148033744725,ecological,1,0.3439278071363891,higher_compute,g,0.30275836745145546,0.38470003920909246,0.024796785370309295,0.3686264035239947,0.081941671757637
0.03733120452291505,evaluation-ecological-004,0.07500000000000001,ecological,1,5.251091562038907,reference,r,5.2076998085614505,5.294103409037987,0.02595336045900737,5.213760357515992,0.08640360047653672
0.005862349756368124,evaluation-ecological-004,0.6243125,ecological,1,1.7295679324040254,reference,b,1.6994673487014347,1.7598252843672175,0.018397592952784696,1.7354302821603935,0.06035793566578285
0.025069197201490145,evaluation-ecological-004,0.8393750000000003,ecological,1,0.3435572063225045,reference,g,0.30182046173104293,0.3837914700250768,0.024594795435515647,0.3686264035239947,0.08197100829403386
1.7029373507141488,evaluation-ecological-005,0.775390625,ecological,1,4.90681630561092,prior,r,2.2941235287569297,7.666004192744682,1.7388130751242128,6.6097536563250685,5.371880663987752
0.9379520485808681,evaluation-ecological-005,0.134765625,ecological,1,1.801445158711543,prior,b,0.6056450774069748,2.9020559618577053,0.7166694139895131,0.8634931101306749,2.2964108844507303
0.15846052723915155,evaluation-ecological-005,0.3046875,ecological,1,0.39350752295126673,prior,g,0.035698880925996726,0.7572135003585795,0.23565747230520634,0.23504699571211518,0.7215146194325828
0.027277240067139275,evaluation-ecological-005,0.3434271547787244,ecological,1,6.637030896392208,published,r,6.554475152346088,6.735977157721189,0.05566876696230859,6.6097536563250685,0.1815020053751013
0.012192298898107357,evaluation-ecological-005,0.30433426782117645,ecological,1,0.8756854090287822,published,b,0.8295783647369619,0.9190093564541154,0.026348227875218233,0.8634931101306749,0.08943099171715352
0.041528948931781634,evaluation-ecological-005,0.8667924662733264,ecological,1,0.19351804678033355,published,g,0.1291404693606082,0.24838859631016103,0.03536586159158361,0.23504699571211518,0.11924812694955284
0.024722833282958767,evaluation-ecological-005,0.3461569825507784,ecological,1,6.634476489608027,higher_compute,r,6.552708685904466,6.730860333783881,0.053894733921268326,6.6097536563250685,0.17815164787941562
0.013641070551699497,evaluation-ecological-005,0.2917336715640457,ecological,1,0.8771341806823744,higher_compute,b,0.8305270981320154,0.9180813943058908,0.026833865460663832,0.8634931101306749,0.08755429617387533
0.040959588150178416,evaluation-ecological-005,0.8806520189926845,ecological,1,0.19408740756193676,higher_compute,g,0.13578114297166125,0.24794582083777736,0.034824182843274244,0.23504699571211518,0.11216467786611611
0.028105079048314607,evaluation-ecological-005,0.33162500000000006,ecological,1,6.637858735373383,reference,r,6.55378592858799,6.734904467126174,0.05549304094612655,6.6097536563250685,0.18111853853818438
0.012820854493947653,evaluation-ecological-005,0.30287500000000006,ecological,1,0.8763139646246225,reference,b,0.8281909382963417,0.9180435392043533,0.0274677707492839,0.8634931101306749,0.08985260090801162
0.042815046529576906,evaluation-ecological-005,0.8854375000000003,ecological,1,0.19223194918253828,reference,g,0.1308722791716596,0.24967266086402004,0.036183101325591514,0.23504699571211518,0.11880038169236043
0.4751133757090562,evaluation-ecological-006,0.416015625,ecological,1,5.013808576241746,prior,r,2.2055095537153715,7.694416278103629,1.7489246523063517,4.53869520053269,5.488906724388258
0.35889197822149255,evaluation-ecological-006,0.6494140625,ecological,1,1.7641097947078244,prior,b,0.6077809266536456,2.877400349059632,0.7210677059385141,2.123001772929317,2.2696194224059862
0.2543627294343789,evaluation-ecological-006,0.8173828125,ecological,1,0.39719402530632575,prior,g,0.04041230219073169,0.7600716101132404,0.23119159840815745,0.6515567547407046,0.7196593079225088
0.0012530573331339667,evaluation-ecological-006,0.5211278551666874,ecological,1,4.537442143199556,published,r,4.495604383359544,4.576713277066555,0.02514382188158055,4.53869520053269,0.08110889370701102
0.005567792705968966,evaluation-ecological-006,0.36322481871592704,ecological,1,2.128569565635286,published,b,2.0991084534526347,2.1596035034813137,0.01799695081846563,2.123001772929317,0.06049505002867894
0.005422523697703907,evaluation-ecological-006,0.40151401669694703,ecological,1,0.6569792784384085,published,g,0.6199785777649273,0.6916766024175097,0.02234283523612002,0.6515567547407046,0.07169802465258246
0.0013073058771855273,evaluation-ecological-006,0.5284263560609181,ecological,1,4.537387894655504,higher_compute,r,4.498219279489423,4.579495859068154,0.024621367009301703,4.53869520053269,0.08127657957873069
0.005085185590801178,evaluation-ecological-006,0.3900478866853021,ecological,1,2.128086958520118,higher_compute,b,2.0978126674051625,2.1575755653775084,0.018296186819436497,2.123001772929317,0.05976289797234591
0.005746382944387118,evaluation-ecological-006,0.39664833230990143,ecological,1,0.6573031376850917,higher_compute,g,0.6207474211005835,0.6927078536071821,0.022030945754022244,0.6515567547407046,0.07196043250659867
0.00198919593596969,evaluation-ecological-006,0.544,ecological,1,4.53670600459672,reference,r,4.496986717700004,4.5773720157498685,0.024446346933932796,4.53869520053269,0.0803852980498645
0.004988849016992258,evaluation-ecological-006,0.38775000000000015,ecological,1,2.127990621946309,reference,b,2.097675624805041,2.156305302996272,0.017954050313065278,2.123001772929317,0.058629678191230994
0.007092706260448778,evaluation-ecological-006,0.3668750000000001,ecological,1,0.6586494610011534,reference,g,0.6219790369004651,0.6940965088726458,0.021987749519909505,0.6515567547407046,0.07211747197218077
0.038649797337041214,evaluation-ecological-007,0.4873046875,ecological,1,5.096666056106875,prior,r,2.336583251021094,7.666385418166555,1.7258533422330549,5.135315853443916,5.329802167145461
0.43798513935443406,evaluation-ecological-007,0.3291015625,ecological,1,1.788141429644023,prior,b,0.6349590086222722,2.8744482584341386,0.7382157525581626,1.350156290289589,2.2394892498118666
0.06857977254889325,evaluation-ecological-007,0.587890625,ecological,1,0.38867457136879424,prior,g,0.03472990979324442,0.7459389230539272,0.22584116195065365,0.4572543439176875,0.7112090132606828
0.04755980159684192,evaluation-ecological-007,0.054213594230517456,ecological,1,5.182875655040758,published,r,5.134753749042739,5.236338833278548,0.03125718894313216,5.135315853443916,0.10158508423580948
3.675061657970602e-05,evaluation-ecological-007,0.48610545362500845,ecological,1,1.3501930409061687,published,b,1.309556999063046,1.3904002790041348,0.025195239106578327,1.350156290289589,0.08084327994108875
0.041359403133060635,evaluation-ecological-007,0.9097881458348642,ecological,1,0.41589494078462685,published,g,0.36678881629697674,0.4646281710302434,0.030265023952487684,0.4572543439176875,0.09783935473326666
0.049617907354690516,evaluation-ecological-007,0.06212508314615463,ecological,1,5.184933760798606,higher_compute,r,5.131016964292269,5.242184988824392,0.033599863938078164,5.135315853443916,0.11116802453212316
0.002995036452841493,evaluation-ecological-007,0.5360121116278824,ecological,1,1.3471612538367475,higher_compute,b,1.305069614452269,1.387313505504525,0.024564845925672877,1.350156290289589,0.08224389105225582
0.039898933407580106,evaluation-ecological-007,0.8938759205582795,ecological,1,0.4173554105101074,higher_compute,g,0.3663478774222245,0.4671103981551808,0.03137690666288847,0.4572543439176875,0.10076252073295627
0.04819464810985785,evaluation-ecological-007,0.0740625,ecological,1,5.183510501553774,reference,r,5.131004253631657,5.242009330711168,0.03419931153685921,5.135315853443916,0.11100507707951124
0.00164171043996153,evaluation-ecological-007,0.5335625,ecological,1,1.3485145798496274,reference,b,1.3075978047469734,1.3861596465252808,0.024167801361201717,1.350156290289589,0.07856184177830738
0.03990848561249394,evaluation-ecological-007,0.8925000000000003,ecological,1,0.41734585830519355,reference,g,0.3637414416085398,0.46947606679989734,0.032002943928021624,0.4572543439176875,0.10573462519135757
0.4295884522468043,evaluation-ecological-008,0.44140625,ecological,1,4.896289859033253,prior,r,2.274193202783187,7.697873073617653,1.7419527312470742,4.466701406786449,5.423679870834466
0.31352735445395585,evaluation-ecological-008,0.640625,ecological,1,1.699830542808052,prior,b,0.6238637524849604,2.872409123397659,0.7156664519987799,2.013357897262008,2.248545370912699
0.02917903787591103,evaluation-ecological-008,0.46484375,ecological,1,0.3944823674843183,prior,g,0.028830161906023107,0.7569227897558767,0.2362774094199458,0.3653033296084073,0.7280926278498536
0.024779579446183142,evaluation-ecological-008,0.8134374931752494,ecological,1,4.441921827340265,published,r,4.396341724119887,4.485751949012685,0.02792561256178959,4.466701406786449,0.08941022489279771
0.006146737165357852,evaluation-ecological-008,0.3766609276613802,ecological,1,2.0195046344273657,published,b,1.9830360284827169,2.052519915729111,0.02087261430694979,2.013357897262008,0.0694838872463941
0.0007157948831008065,evaluation-ecological-008,0.4889034774810207,ecological,1,0.3660191244915081,published,g,0.32668175396731164,0.4086386488643738,0.0248575478416758,0.3653033296084073,0.08195689489706215
0.024376905564121643,evaluation-ecological-008,0.7995587414532539,ecological,1,4.442324501222327,higher_compute,r,4.395152585988903,4.489528633463707,0.02891385109871482,4.466701406786449,0.0943760474748041
0.0040733072981540275,evaluation-ecological-008,0.43420472790561215,ecological,1,2.017431204560162,higher_compute,b,1.9840003072587757,2.0517108604555374,0.020966509209034662,2.013357897262008,0.06771055319676167
0.002761616741924322,evaluation-ecological-008,0.4454365430888897,ecological,1,0.3680649463503316,higher_compute,g,0.3255086972920589,0.408850349098658,0.025266080683366318,0.3653033296084073,0.08334165180659908
0.023972517911278857,evaluation-ecological-008,0.8000000000000003,ecological,1,4.44272888887517,reference,r,4.396845851131202,4.490207420974481,0.028586288425227303,4.466701406786449,0.09336156984327904
0.004542765819363304,evaluation-ecological-008,0.42237500000000017,ecological,1,2.017900663081371,reference,b,1.9832935809364842,2.0520980900809658,0.020937121986723085,2.013357897262008,0.06880450914448155
0.001889835662715167,evaluation-ecological-008,0.4670000000000002,ecological,1,0.36719316527112245,reference,g,0.32515946615677094,0.4068560364672689,0.025159802201029962,0.3653033296084073,0.08169657031049798
0.565699409137542,evaluation-ecological-009,0.5869140625,ecological,1,5.125884008797594,prior,r,2.343135848261713,7.728060318015965,1.7265308575279652,5.691583417935136,5.384924469754251
0.9455225361851511,evaluation-ecological-009,0.109375,ecological,1,1.6979552261024744,prior,b,0.599840391288448,2.873857713358385,0.7194832205629305,0.7524326899173233,2.2740173220699367
0.16484795263481844,evaluation-ecological-009,0.2763671875,ecological,1,0.39734665058617796,prior,g,0.038347620343163503,0.7528482021864538,0.2257746151951191,0.23249869795135952,0.7145005818432902
0.06879138210987268,evaluation-ecological-009,0.9421721488167126,ecological,1,5.622792035825263,published,r,5.560629170404016,5.693916177944649,0.04097115799192427,5.691583417935136,0.13328700754063316
0.01920130162349687,evaluation-ecological-009,0.7639263029043616,ecological,1,0.7332313882938264,published,b,0.690845018356193,0.7749562240815918,0.025588493544721952,0.7524326899173233,0.08411120572539876
0.08647120564977778,evaluation-ecological-009,0.009982271871482342,ecological,0,0.3189699036011373,published,g,0.262061407721564,0.37694799408684937,0.0353821656699053,0.23249869795135952,0.11488658636528537
0.07207685050855606,evaluation-ecological-009,0.9518281696682419,ecological,0,5.61950656742658,higher_compute,r,5.558904402968966,5.690922319447003,0.04022205436084266,5.691583417935136,0.13201791647803685
0.018061157888616064,evaluation-ecological-009,0.7645098805654784,ecological,1,0.7343715320287072,higher_compute,b,0.6928697056011233,0.7737916553620671,0.02493247695233254,0.7524326899173233,0.0809219497609438
0.08865071987822709,evaluation-ecological-009,0.009917655024579525,ecological,0,0.3211494178295866,higher_compute,g,0.26330873578254343,0.3753331692998801,0.034514338900171006,0.23249869795135952,0.11202443351733665
0.07112838149097289,evaluation-ecological-009,0.9550000000000004,ecological,0,5.620455036444163,reference,r,5.559087809550388,5.688329973531972,0.0402068017073554,5.691583417935136,0.1292421639815835
0.017827756950462126,evaluation-ecological-009,0.7609375000000003,ecological,1,0.7346049329668611,reference,b,0.691079290544433,0.7762005029272077,0.025514325231076048,0.7524326899173233,0.0851212123827747
0.08721768446365324,evaluation-ecological-009,0.0086875,ecological,0,0.31971638241501277,reference,g,0.25891115011442056,0.37573622309163524,0.03489455212901467,0.23249869795135952,0.11682507297721467
0.5281098847910375,evaluation-ecological-010,0.3984375,ecological,1,4.9973469997683,prior,r,2.285677892882262,7.671450994272401,1.7462137828460957,4.469237114977263,5.385773101390139
0.09378978324791709,evaluation-ecological-010,0.5283203125,ecological,1,1.7462997580832633,prior,b,0.6160108785097894,2.8870241775897028,0.7368802833842879,1.8400895413311804,2.2710132990799132
0.12861322930046498,evaluation-ecological-010,0.3466796875,ecological,1,0.4011995224611108,prior,g,0.037154094686554284,0.7667473563458056,0.23473627989785925,0.2725862931606458,0.7295932616592513
0.008764840109354743,evaluation-ecological-010,0.5979434055176172,ecological,1,4.460472274867908,published,r,4.404136673317402,4.524581936846851,0.035099766715718066,4.469237114977263,0.12044526352944906
0.0030864283194815822,evaluation-ecological-010,0.5127525332923129,ecological,1,1.8370031130116988,published,b,1.794652543805204,1.8743035982381469,0.024950097269367234,1.8400895413311804,0.07965105443294296
0.014951765044917187,evaluation-ecological-010,0.30246485437775716,ecological,1,0.287538058205563,published,g,0.23618573184987784,0.3383443948211522,0.030547182170761404,0.2725862931606458,0.10215866297127435
0.009850784735800033,evaluation-ecological-010,0.6104254099818185,ecological,1,4.459386330241463,higher_compute,r,4.401755477842449,4.520425956619317,0.03642708267644498,4.469237114977263,0.11867047877686776
0.005341948162387977,evaluation-ecological-010,0.5950840893775879,ecological,1,1.8347475931687924,higher_compute,b,1.7933115505210941,1.8755863969581963,0.024893523785222395,1.8400895413311804,0.08227484643710214
0.017276251465999704,evaluation-ecological-010,0.27918729824613825,ecological,1,0.2898625446266455,higher_compute,g,0.23608616816143715,0.3399143012332771,0.031391147227409925,0.2725862931606458,0.10382813307183994
0.01035674707522638,evaluation-ecological-010,0.6145625000000001,ecological,1,4.458880367902037,reference,r,4.40202150675984,4.516463896667982,0.0356728749306982,4.469237114977263,0.1144423899081426
0.005420011174641859,evaluation-ecological-010,0.5711250000000001,ecological,1,1.8346695301565386,reference,b,1.7908170296332078,1.8766011282612254,0.025702106607319003,1.8400895413311804,0.08578409862801761
0.017865029586387637,evaluation-ecological-010,0.26612500000000006,ecological,1,0.29045132274703345,reference,g,0.23982700400479395,0.3377486588317819,0.029905255344059852,0.2725862931606458,0.09792165482698795
2.2603078964340124,evaluation-ecological-011,0.1103515625,ecological,1,5.00951718881141,prior,r,2.386929862985505,7.679295203479188,1.7009342488807848,2.7492092923773974,5.292365340493683
0.38392216339141916,evaluation-ecological-011,0.6591796875,ecological,1,1.723861111385474,prior,b,0.6349525648559131,2.8472690886227023,0.7134603239972414,2.107783274776893,2.2123165237667894
0.33935352819074915,evaluation-ecological-011,0.0859375,ecological,1,0.40734177349469414,prior,g,0.034763878405952124,0.7583297506396934,0.23070193040054404,0.06798824530394498,0.7235658722337414
0.021593151844114367,evaluation-ecological-011,0.1754301411351309,ecological,1,2.770802444221512,published,r,2.728207272153397,2.8055488006181704,0.023508532587206057,2.7492092923773974,0.07734152846477338
0.03886458145833549,evaluation-ecological-011,0.9047170447800144,ecological,1,2.0689186933185577,published,b,2.02226363210422,2.11728970622644,0.028920581692423696,2.107783274776893,0.09502607412221975
0.006544565511921292,evaluation-ecological-011,0.5839193544960097,ecological,1,0.06144367979202369,published,g,0.008557099796759025,0.1188486902899789,0.03327930511159848,0.06798824530394498,0.11029159049321988
0.020271520478472915,evaluation-ecological-011,0.21965156205252154,ecological,1,2.7694808128558703,higher_compute,r,2.727479043799208,2.8107756826964567,0.025544506393524333,2.7492092923773974,0.0832966388972487
0.037101343831501765,evaluation-ecological-011,0.8944074555567882,ecological,1,2.0706819309453914,higher_compute,b,2.0202272326935184,2.118808331080915,0.029822236077225738,2.107783274776893,0.0985810983873967
0.004586642084436723,evaluation-ecological-011,0.5686397801810618,ecological,1,0.06340160321950826,higher_compute,g,0.011744335971647323,0.11952668791878554,0.032783841512661845,0.06798824530394498,0.10778235194713821
0.021118640736068173,evaluation-ecological-011,0.20093750000000007,ecological,1,2.7703279331134656,reference,r,2.728369333862058,2.8131668677240196,0.02488896677785884,2.7492092923773974,0.08479753386196176
0.03697454256868005,evaluation-ecological-011,0.9001250000000003,ecological,1,2.070808732208213,reference,b,2.022083193250916,2.116687844894045,0.028940492529587452,2.107783274776893,0.09460465164312915
0.005761646911114679,evaluation-ecological-011,0.5869375000000001,ecological,1,0.062226598392830304,reference,g,0.011679880723900905,0.11843783669419927,0.03306951988498669,0.06798824530394498,0.10675795597029837
0.4855405964871098,evaluation-ecological-012,0.4228515625,ecological,1,4.957755174405949,prior,r,2.2592652350997104,7.600080645202483,1.7005733222415749,4.472214577918839,5.340815410102772
0.7432750775553356,evaluation-ecological-012,0.8076171875,ecological,1,1.7012283253379592,prior,b,0.6104848091091851,2.846774548598565,0.7073598891857321,2.444503402893295,2.23628973948938
0.23385275080473575,evaluation-ecological-012,0.193359375,ecological,1,0.40630989411787005,prior,g,0.0470923702447932,0.7574141662154995,0.22776162705587238,0.1724571433131343,0.7103217959707063
0.010356898494234379,evaluation-ecological-012,0.33987817965366696,ecological,1,4.4825714764130735,published,r,4.445268804722242,4.521495711223116,0.023497279363186314,4.472214577918839,0.0762269065008736
0.020262073821518456,evaluation-ecological-012,0.8981348960119695,ecological,1,2.4242413290717764,published,b,2.394991432291635,2.453675870640352,0.01644790973026078,2.444503402893295,0.05868443834871684
0.008657986037625104,evaluation-ecological-012,0.37227338253366815,ecological,1,0.1811151293507594,published,g,0.143653491708471,0.21922365549923112,0.023266847188499064,0.1724571433131343,0.07557016379076012
0.007775988463146533,evaluation-ecological-012,0.3870021206371681,ecological,1,4.479990566381986,higher_compute,r,4.442884679454621,4.519577891130349,0.0233883145451876,4.472214577918839,0.07669321167572818
0.018832405739568348,evaluation-ecological-012,0.8736882274328275,ecological,1,2.4256709971537265,higher_compute,b,2.397630450217045,2.4529400832563755,0.01676581171825671,2.444503402893295,0.055309633039330564
0.00977301606468145,evaluation-ecological-012,0.3276296956519462,ecological,1,0.18223015937781575,higher_compute,g,0.1451151074916746,0.21709956409322675,0.02206993839512857,0.1724571433131343,0.07198445660155214
0.00905636342352878,evaluation-ecological-012,0.3643125000000001,ecological,1,4.481270941342368,reference,r,4.4446870184127345,4.521552259148435,0.0233526716899528,4.472214577918839,0.07686524073570045
0.02001811686395083,evaluation-ecological-012,0.8817500000000003,ecological,1,2.424485286029344,reference,b,2.3966451961753847,2.4527116532751507,0.017085567121133374,2.444503402893295,0.05606645709976599
0.009598334325154473,evaluation-ecological-012,0.3317500000000001,ecological,1,0.18205547763828878,reference,g,0.14443014378198718,0.21831556220732826,0.022502452112794755,0.1724571433131343,0.07388541842534108
1.896158201351605,evaluation-ecological-013,0.1748046875,ecological,1,5.000072689313128,prior,r,2.2783406638676045,7.6479959952239405,1.7185760979574027,3.103914487961523,5.369655331356336
0.3591929415185513,evaluation-ecological-013,0.3671875,ecological,1,1.7361524120078304,prior,b,0.6268356359767469,2.8716343887092206,0.7181911623914418,1.3769594704892791,2.244798752732474
0.290108912312698,evaluation-ecological-013,0.138671875,ecological,1,0.40997902492739036,prior,g,0.040606197154933445,0.7596038482929324,0.23231715835474887,0.11987011261469241,0.718997651137999
0.037168622247163,evaluation-ecological-013,0.9108851924695898,ecological,1,3.06674586571436,published,r,3.0253550010629673,3.1120302268485642,0.027811227990178874,3.103914487961523,0.08667522578559694
0.03666091045161779,evaluation-ecological-013,0.08260073717268945,ecological,1,1.413620380940897,published,b,1.3701478301850742,1.4586848673892778,0.02676801455441825,1.3769594704892791,0.08853703720420358
0.038334841201678654,evaluation-ecological-013,0.1395106374915931,ecological,1,0.15820495381637106,published,g,0.10456522928923762,0.20785073770571957,0.034442449732931306,0.11987011261469241,0.10328550841648196
0.035475550919736865,evaluation-ecological-013,0.8981612030065351,ecological,1,3.068438937041786,higher_compute,r,3.022393076864529,3.114670061208942,0.028167810085732308,3.103914487961523,0.09227698434441312
0.03761472299910951,evaluation-ecological-013,0.08324680724722111,ecological,1,1.4145741934883886,higher_compute,b,1.3700524498407678,1.4568552431524038,0.026650117201914073,1.3769594704892791,0.08680279331163598
0.03500730261963533,evaluation-ecological-013,0.17254682992771925,ecological,1,0.15487741523432774,higher_compute,g,0.0949457083255911,0.214734376991809,0.0362966379190568,0.11987011261469241,0.1197886686662179
0.0344519422834737,evaluation-ecological-013,0.8779375000000003,ecological,1,3.069462545678049,reference,r,3.02390117541574,3.117775619358558,0.028673331100731274,3.103914487961523,0.09387444394281808
0.03682229391946956,evaluation-ecological-013,0.08737500000000002,ecological,1,1.4137817644087487,reference,b,1.3683566817956683,1.4575488126336549,0.027384884564483323,1.3769594704892791,0.0891921308379866
0.03421904374613316,evaluation-ecological-013,0.17281250000000004,ecological,1,0.15408915636082557,reference,g,0.09444569675969783,0.21223397704258018,0.03593982746246049,0.11987011261469241,0.11778828028288235
0.5517635555033094,evaluation-ecological-014,0.603515625,ecological,1,4.885097261697295,prior,r,2.270025443313152,7.719414060846694,1.7473533530556462,5.436860817200604,5.449388617533542
0.07165135174951964,evaluation-ecological-014,0.5244140625,ecological,1,1.7323092969410565,prior,b,0.5939593077240174,2.8581803003837583,0.7276228251387895,1.8039606486905762,2.264220992659741
0.07000954369505447,evaluation-ecological-014,0.5751953125,ecological,1,0.3993890903738586,prior,g,0.030547112596821774,0.7638000554961909,0.23579950202476002,0.4693986340689131,0.7332529428993692
0.050058600753943416,evaluation-ecological-014,0.8635829250510123,ecological,1,5.386802216446661,published,r,5.319737377753036,5.462696402680443,0.043587287540541024,5.436860817200604,0.14295902492740709
0.006819910461899115,evaluation-ecological-014,0.3570981433112719,ecological,1,1.8107805591524753,published,b,1.7765604306900484,1.8423800161549924,0.020004581645741624,1.8039606486905762,0.06581958546494393
0.014031577599571243,evaluation-ecological-014,0.3093658717773392,ecological,1,0.4834302116684843,published,g,0.4307161697172894,0.5324485723241407,0.03139394493851434,0.4693986340689131,0.10173240260685129
0.05033392508455936,evaluation-ecological-014,0.8789807425296496,ecological,1,5.386526892116045,higher_compute,r,5.320996993546218,5.455838405819212,0.04193705696033268,5.436860817200604,0.13484141227299418
0.006066515977557252,evaluation-ecological-014,0.38003190313746027,ecological,1,1.8100271646681334,higher_compute,b,1.7782253959435779,1.8413632340251167,0.0195565752782667,1.8039606486905762,0.06313783808153883
0.014913910346253723,evaluation-ecological-014,0.2956322210379734,ecological,1,0.4843125444151668,higher_compute,g,0.4310337604632257,0.531869318639524,0.030534169000043524,0.4693986340689131,0.1008355581762983
0.04930497881686424,evaluation-ecological-014,0.8726875000000003,ecological,1,5.38755583838374,reference,r,5.3215155661928755,5.45900376774296,0.04232378751797376,5.436860817200604,0.13748820155008445
0.005893636106730105,evaluation-ecological-014,0.3730000000000001,ecological,1,1.8098542847973063,reference,b,1.7758046671348837,1.8418919014464312,0.01986180187036163,1.8039606486905762,0.0660872343115475
0.014761395530250965,evaluation-ecological-014,0.30187500000000006,ecological,1,0.48416002959916404,reference,g,0.4297531582699235,0.5310033434806128,0.03079220894559577,0.4693986340689131,0.10125018521068935
1.8065809240950266,evaluation-ecological-015,0.185546875,ecological,1,5.035885819189251,prior,r,2.27529307405574,7.746188883211084,1.7027512971264511,3.2293048950942245,5.470895809155344
0.5500844948405532,evaluation-ecological-015,0.7294921875,ecological,1,1.793260078667916,prior,b,0.61967182612117,2.8662679255597387,0.7145076251465655,2.3433445735084693,2.2465960994385687
0.05587973397226498,evaluation-ecological-015,0.431640625,ecological,1,0.3911029283578822,prior,g,0.04274895388062673,0.7557115927235198,0.22471924964390544,0.3352231943856172,0.7129626388428931
0.00045915444570887587,evaluation-ecological-015,0.5141771054398456,ecological,1,3.2288457406485156,published,r,3.1905482803350966,3.2656622093009995,0.022888289412319653,3.2293048950942245,0.07511392896590285
0.014056104113062684,evaluation-ecological-015,0.24850225595419478,ecological,1,2.357400677621532,published,b,2.3277199925590315,2.3884742749365966,0.019183903555041917,2.3433445735084693,0.06075428237756508
0.0231800780630117,evaluation-ecological-015,0.8054098979185293,ecological,1,0.3120431163226055,published,g,0.2714475204626196,0.3538033118293727,0.026165580933010232,0.3352231943856172,0.08235579136675308
0.0008246421473403487,evaluation-ecological-015,0.522377248277913,ecological,1,3.228480252946884,higher_compute,r,3.1924121145911815,3.2653502066769873,0.022510948337742212,3.2293048950942245,0.07293809208580582
0.017035260654084006,evaluation-ecological-015,0.1736077864780885,ecological,1,2.3603798341625533,higher_compute,b,2.3284863602243497,2.3911780519329113,0.018593831726593752,2.3433445735084693,0.06269169170856159
0.026534000769614985,evaluation-ecological-015,0.8501121942719645,ecological,1,0.3086891936160022,higher_compute,g,0.26561305087086845,0.35130436444156954,0.026058479948127457,0.3352231943856172,0.08569131357070109
0.0011625059145412564,evaluation-ecological-015,0.4741250000000002,ecological,1,3.2304674010087657,reference,r,3.193162444734644,3.2665515663444777,0.022581392893812904,3.2293048950942245,0.07338912160983391
0.01609196812204594,evaluation-ecological-015,0.19200000000000006,ecological,1,2.359436541630515,reference,b,2.327769804188666,2.3903667119163106,0.018875096537411193,2.3433445735084693,0.0625969077276447
0.028075878178158098,evaluation-ecological-015,0.8648125000000003,ecological,1,0.3071473162074591,reference,g,0.2662226683078634,0.34916538984330375,0.02539529319197798,0.3352231943856172,0.08294272153544036
0.4335772043609971,evaluation-ecological-016,0.5673828125,ecological,1,5.034480922820379,prior,r,2.360359262595049,7.679639991987479,1.6937186150179053,5.468058127181376,5.31928072939243
0.6538410142256554,evaluation-ecological-016,0.2548828125,ecological,1,1.7294232232905367,prior,b,0.5981813483447639,2.8528387422275023,0.7257991884044191,1.0755822090648812,2.2546573938827383
0.1984700091942802,evaluation-ecological-016,0.755859375,ecological,1,0.3997831164056806,prior,g,0.04434708880107571,0.758324583954273,0.22863313706868116,0.5982531255999608,0.7139774951531973
0.023718784672299265,evaluation-ecological-016,0.7700748515521856,ecological,1,5.4443393425090765,published,r,5.3897631447281595,5.50045437335305,0.03260997102801594,5.468058127181376,0.11069122862489067
0.03636311028722927,evaluation-ecological-016,0.034696434897970106,ecological,0,1.1119453193521105,published,b,1.079583607781083,1.1459132725537375,0.02057837139482806,1.0755822090648812,0.06632966477265456
0.01223578023986227,evaluation-ecological-016,0.6644651246919453,ecological,1,0.5860173453600985,published,g,0.533144161635124,0.6337960964237132,0.029997235267113967,0.5982531255999608,0.10065193478858914
0.02492712332353797,evaluation-ecological-016,0.7824478928963984,ecological,1,5.443131003857838,higher_compute,r,5.392423031780966,5.496618374933979,0.03197601602345826,5.468058127181376,0.10419534315301249
0.036747135556923105,evaluation-ecological-016,0.045300320003786906,ecological,0,1.1123293446218043,higher_compute,b,1.0765694354046844,1.1456646451391523,0.020932669969782665,1.0755822090648812,0.06909520973446792
0.011491212672553375,evaluation-ecological-016,0.6484158986923252,ecological,1,0.5867619129274074,higher_compute,g,0.5370524047286058,0.6346388457481129,0.029808520053156064,0.5982531255999608,0.09758644101950709
0.023695041702184838,evaluation-ecological-016,0.7686875000000002,ecological,1,5.444363085479191,reference,r,5.391753325744869,5.498853545186918,0.032906352310265584,5.468058127181376,0.1071002194420494
0.035742728965131754,evaluation-ecological-016,0.04325000000000001,ecological,0,1.111324938030013,reference,b,1.076495719621419,1.1435095411572032,0.020425611313231687,1.0755822090648812,0.06701382153578406
0.011820519513572547,evaluation-ecological-016,0.6535625,ecological,1,0.5864326060863883,reference,g,0.5369761425288172,0.6346909908950048,0.029969549329821515,0.5982531255999608,0.0977148483661876
0.5418531641300612,evaluation-ecological-017,0.58984375,ecological,1,5.042671933591231,prior,r,2.3180478378490115,7.627228809427613,1.7016398909236672,5.584525097721293,5.309180971578601
0.8039725137881424,evaluation-ecological-017,0.18359375,ecological,1,1.7407861914181844,prior,b,0.5938003658131138,2.876290331797117,0.7357958377577462,0.936813677630042,2.282489965984003
0.1905708039912249,evaluation-ecological-017,0.7314453125,ecological,1,0.3999424443809902,prior,g,0.041402679114668904,0.7478527294922847,0.22990598454065175,0.5905132483722151,0.7064500503776158
0.024594064701168428,evaluation-ecological-017,0.20413870002870044,ecological,1,5.609119162422461,published,r,5.5577629220518645,5.663623565919663,0.03164899530951633,5.584525097721293,0.10586064386779892
0.014394680619994715,evaluation-ecological-017,0.7570365009208091,ecological,1,0.9224189970100473,published,b,0.8913869914685792,0.9554078430359297,0.018765457461891063,0.936813677630042,0.06402085156735049
0.004408630105675382,evaluation-ecological-017,0.45080474157226585,ecological,1,0.5949218784778905,published,g,0.5423514827012934,0.6450058332276694,0.030232266893503647,0.5905132483722151,0.10265435052637595
0.02344529237053372,evaluation-ecological-017,0.23219853337694946,ecological,1,5.607970390091826,higher_compute,r,5.556395580325639,5.660766739739062,0.03170978343376853,5.584525097721293,0.10437115941342245
0.014265265752374301,evaluation-ecological-017,0.7642602416984529,ecological,1,0.9225484118776677,higher_compute,b,0.8898038598426007,0.9536577894825319,0.019389102623178178,0.936813677630042,0.0638539296399312
0.006342074342322923,evaluation-ecological-017,0.4196478077040622,ecological,1,0.596855322714538,higher_compute,g,0.5448229080080532,0.6502074698709056,0.03147970895435437,0.5905132483722151,0.10538456186285239
0.02381730439802965,evaluation-ecological-017,0.2297500000000001,ecological,1,5.608342402119322,reference,r,5.5540862478052855,5.662517769807634,0.032833447335660876,5.584525097721293,0.1084315220023484
0.0148903662339539,evaluation-ecological-017,0.7705625000000003,ecological,1,0.9219233113960881,reference,b,0.8875528318197069,0.9542302073544002,0.019879244520914358,0.936813677630042,0.06667737553469333
0.0065946709831099515,evaluation-ecological-017,0.4179375000000002,ecological,1,0.597107919355325,reference,g,0.5438822438860558,0.647959461448806,0.03157272233578821,0.5905132483722151,0.10407721756275023
1.5228228450535104,evaluation-ecological-018,0.7568359375,ecological,1,5.029489765361039,prior,r,2.270853496038049,7.655930461908753,1.726569707742977,6.55231261041455,5.385076965870704
0.4212522487292849,evaluation-ecological-018,0.6630859375,ecological,1,1.7535129710204906,prior,b,0.6174057079987154,2.8589884443324007,0.7222624774428504,2.1747652197497755,2.2415827363336853
0.22571203096294923,evaluation-ecological-018,0.21875,ecological,1,0.39131122059013,prior,g,0.03379376953787588,0.7612214732432148,0.23325503345328139,0.1655991896271808,0.7274277037053389
0.049033312583267374,evaluation-ecological-018,0.09647119537510206,ecological,1,6.601345922997817,published,r,6.540220685325969,6.660707803828483,0.03612703015516492,6.55231261041455,0.12048711850251426
0.03613001219773748,evaluation-ecological-018,0.91789520079679,ecological,1,2.138635207552038,published,b,2.0921205850791256,2.1825071647093526,0.026761818059930605,2.1747652197497755,0.090386579630227
0.004489077198209956,evaluation-ecological-018,0.5725745285548742,ecological,1,0.16111011242897083,published,g,0.12273460084743179,0.20211875644685717,0.02452914759212125,0.1655991896271808,0.07938415559942538
0.049420687554224685,evaluation-ecological-018,0.09146304851967887,ecological,1,6.601733297968774,higher_compute,r,6.541367769250377,6.665676554573506,0.03752188565428595,6.55231261041455,0.12430878532312839
0.03670306179479077,evaluation-ecological-018,0.904341126150982,ecological,1,2.1380621579549848,higher_compute,b,2.0901880712291656,2.183278501647832,0.028668261158866403,2.1747652197497755,0.0930904304186666
0.004145654017556455,evaluation-ecological-018,0.5522311192489844,ecological,1,0.16145353560962433,higher_compute,g,0.1201227034966029,0.20173127748444217,0.024779086208603005,0.1655991896271808,0.08160857398783927
0.04881866246410205,evaluation-ecological-018,0.09700000000000003,ecological,1,6.601131272878652,reference,r,6.540230288811033,6.663977074519161,0.03748745453734068,6.55231261041455,0.12374678570812758
0.035681134726295305,evaluation-ecological-018,0.9009375000000004,ecological,1,2.1390840850234802,reference,b,2.090110614684961,2.1831517292989617,0.028171299729083187,2.1747652197497755,0.09304111461400089
0.004768411931172056,evaluation-ecological-018,0.5695000000000001,ecological,1,0.16083077769600873,reference,g,0.12036021462994857,0.20031958248966655,0.02435677509061223,0.1655991896271808,0.07995936785971798
1.1096163292668315,evaluation-ecological-019,0.3212890625,ecological,1,5.007772943132913,prior,r,2.2832704061591587,7.732494217510069,1.7525753567026479,3.8981566138660817,5.44922381135091
0.04775869997921367,evaluation-ecological-019,0.5126953125,ecological,1,1.7885125957036156,prior,b,0.6403872620235794,2.8863930281741492,0.7241932328813563,1.8362712956828293,2.24600576615057
0.04419684491561904,evaluation-ecological-019,0.5576171875,ecological,1,0.3968414310826656,prior,g,0.038409951821947244,0.765500397725149,0.23606093520689533,0.44103827599828466,0.7270904459032017
0.04115380920787537,evaluation-ecological-019,0.06113193581535973,ecological,1,3.939310423073957,published,r,3.8938657681364517,3.9881187117402264,0.02784892342930512,3.8981566138660817,0.09425294360377467
0.009071718472173806,evaluation-ecological-019,0.31635690036141717,ecological,1,1.8453430141550031,published,b,1.8145747778603523,1.877077727055148,0.01965306398728461,1.8362712956828293,0.06250294919479571
0.05635303103334138,evaluation-ecological-019,0.9769862124891011,ecological,0,0.3846852449649433,published,g,0.3342602196302169,0.43178491991116186,0.02949077233803055,0.44103827599828466,0.09752470028094495
0.04354701878437739,evaluation-ecological-019,0.06011605867130543,ecological,1,3.941703632650459,higher_compute,r,3.894962746280555,3.9876126109834362,0.02814716288394482,3.8981566138660817,0.09264986470288106
0.009955157783980706,evaluation-ecological-019,0.2995198067304634,ecological,1,1.84622645346681,higher_compute,b,1.8142949818567997,1.8771282162364904,0.01912596024696484,1.8362712956828293,0.06283323437969068
0.05945394611857535,evaluation-ecological-019,0.9759963036200452,ecological,0,0.3815843298797093,higher_compute,g,0.33002178474057625,0.4315590368490381,0.03076230683713037,0.44103827599828466,0.10153725210846187
0.04291652045889194,evaluation-ecological-019,0.058437500000000024,ecological,1,3.9410731343249736,reference,r,3.896106711486852,3.9861038293498265,0.02784237173391397,3.8981566138660817,0.08999711786297437
0.009317889047389505,evaluation-ecological-019,0.32343750000000004,ecological,1,1.8455891847302188,reference,b,1.8127932034108067,1.8784353926125383,0.019891345708514377,1.8362712956828293,0.0656421892017316
0.05863606127075355,evaluation-ecological-019,0.9797500000000003,ecological,0,0.3824022147275311,reference,g,0.3312522188218754,0.4289173046694543,0.02986762662562376,0.44103827599828466,0.09766508584757894
2.491820618199097,evaluation-ecological-020,0.08984375,ecological,1,5.070737603616262,prior,r,2.2595906962701737,7.689023290134049,1.7261153809853904,2.578916985417165,5.429432593863876
0.1800609035661047,evaluation-ecological-020,0.55859375,ecological,1,1.7726651317750783,prior,b,0.6072754759513561,2.8750238909356214,0.7301292686139736,1.952726035341183,2.2677484149842653
0.08737132739783593,evaluation-ecological-020,0.3896484375,ecological,1,0.4058777370025884,prior,g,0.04107489418194062,0.7569654428802043,0.23177419030135107,0.31850640960475246,0.7158905486982636
0.022990464521043474,evaluation-ecological-020,0.14819203093437133,ecological,1,2.6019074499382087,published,r,2.5676511135540254,2.6387207752190656,0.021873031238417384,2.578916985417165,0.07106966166504014
0.02045856368269927,evaluation-ecological-020,0.8113014473743623,ecological,1,1.9322674716584838,published,b,1.8933230113210164,1.9683286557709847,0.022573168822366672,1.952726035341183,0.07500564444996827
0.020434581237343763,evaluation-ecological-020,0.7162172875534203,ecological,1,0.2980718283674087,published,g,0.24181180595792215,0.35411761563654237,0.03412435680457642,0.31850640960475246,0.11230580967862022
0.023442866871921098,evaluation-ecological-020,0.14120458686030654,ecological,1,2.6023598522890863,higher_compute,r,2.5661353334023427,2.6385290045312852,0.021926604457963864,2.578916985417165,0.07239367112894257
0.02254250716982842,evaluation-ecological-020,0.8220797731212568,ecological,1,1.9301835281713546,higher_compute,b,1.8898832460392152,1.9689781558453356,0.023992815713600246,1.952726035341183,0.07909490980612044
0.019945185901987128,evaluation-ecological-020,0.7265485097673462,ecological,1,0.29856122370276533,higher_compute,g,0.24409211115245796,0.3532269653234197,0.033077136243661875,0.31850640960475246,0.10913485417096172
0.02270718523820925,evaluation-ecological-020,0.15068750000000003,ecological,1,2.6016241706553744,reference,r,2.5665578699159863,2.6381618470598505,0.021976582855848935,2.578916985417165,0.07160397714386413
0.022024259671486135,evaluation-ecological-020,0.8240625000000003,ecological,1,1.930701775669697,reference,b,1.8918081595657459,1.9690699204896904,0.023203406339513104,1.952726035341183,0.07726176092394454
0.019129914275077153,evaluation-ecological-020,0.7118125000000002,ecological,1,0.2993764953296753,reference,g,0.24283600438339226,0.3557561647205231,0.03417746093475281,0.31850640960475246,0.11292016033713087
2.309845897652073,evaluation-ecological-021,0.1025390625,ecological,1,4.966219823484492,prior,r,2.2924675124274514,7.6448668128018955,1.6970356211964241,2.656373925832419,5.352399300374444
0.8711078686200611,evaluation-ecological-021,0.837890625,ecological,1,1.774666484091374,prior,b,0.6271444110224453,2.889588330688111,0.7339838085289825,2.645774352711435,2.2624439196656656
0.18397537868393216,evaluation-ecological-021,0.279296875,ecological,1,0.4006390118670468,prior,g,0.04254801638394504,0.7585490171990124,0.23378892065434814,0.21666363318311466,0.7160010008150673
0.00785870230025143,evaluation-ecological-021,0.6348019936750409,ecological,1,2.6485152235321676,published,r,2.605444606368714,2.6962914891113186,0.02706765181037942,2.656373925832419,0.09084688274260477
0.05880484293304322,evaluation-ecological-021,0.007531002220025879,ecological,0,2.7045791956444782,published,b,2.665729256673007,2.7405174459566553,0.022813601875499773,2.645774352711435,0.07478818928364817
0.0345324557294211,evaluation-ecological-021,0.8611592905520392,ecological,1,0.18213117745369356,published,g,0.1274798512025277,0.2332700196386167,0.03248996130976726,0.21666363318311466,0.10579016843608902
0.007175558491736567,evaluation-ecological-021,0.6223632490354711,ecological,1,2.6491983673406825,higher_compute,r,2.6057275605516876,2.699181469113484,0.02798702448789667,2.656373925832419,0.09345390856179625
0.05786011919154044,evaluation-ecological-021,0.010335107631409376,ecological,0,2.7036344719029755,higher_compute,b,2.6638431653628225,2.740866563984409,0.023220840758385666,2.645774352711435,0.07702339862158647
0.03504058706874502,evaluation-ecological-021,0.8480323136074406,ecological,1,0.18162304611436964,higher_compute,g,0.12130984670946565,0.2361237150258055,0.03422041438190006,0.21666363318311466,0.11481386831633986
0.00907973764366199,evaluation-ecological-021,0.6368125000000001,ecological,1,2.647294188188757,reference,r,2.604547510515849,2.693515297775782,0.027289728394726372,2.656373925832419,0.08896778725993304
0.05949567892886298,evaluation-ecological-021,0.0043125,ecological,0,2.705270031640298,reference,b,2.66702921680017,2.7423091546834533,0.022871396374298563,2.645774352711435,0.07527993788328313
0.03355657183965116,evaluation-ecological-021,0.8395625000000002,ecological,1,0.1831070613434635,reference,g,0.12662683059080168,0.23553324105475706,0.033659743674085925,0.21666363318311466,0.10890641046395538
0.3473635073057304,evaluation-ecological-022,0.5703125,ecological,1,4.959609851346292,prior,r,2.281797364327689,7.719183201416524,1.7217671825225678,5.306973358652022,5.437385837088835
0.9819653214950685,evaluation-ecological-022,0.0927734375,ecological,1,1.705259596496283,prior,b,0.6157352012678126,2.8957262886027944,0.7300360831316794,0.7232942750012143,2.279991087334982
0.13552628083357798,evaluation-ecological-022,0.6650390625,ecological,1,0.39441610421567963,prior,g,0.041467591336363394,0.7560526434352199,0.23029014883847723,0.5299423850492576,0.7145850520988566
0.014013013364871263,evaluation-ecological-022,0.6622376505240352,ecological,1,5.292960345287151,published,r,5.240225746583706,5.348281213386093,0.033591146146279935,5.306973358652022,0.1080554668023872
0.01223095221236703,evaluation-ecological-022,0.2710318033312412,ecological,1,0.7355252272135814,published,b,0.7040202231575707,0.7665623593826246,0.019531428043664728,0.7232942750012143,0.06254213622505389
0.00300259058048169,evaluation-ecological-022,0.5391966481096827,ecological,1,0.5269397944687759,published,g,0.463665266191969,0.5885890206469089,0.03798614963169477,0.5299423850492576,0.12492375445493986
0.01283439848782475,evaluation-ecological-022,0.6642462270586273,ecological,1,5.294138960164197,higher_compute,r,5.244419731656155,5.345050420106717,0.030928996326137485,5.306973358652022,0.10063068845056211
0.011031433631625398,evaluation-ecological-022,0.2890646704278079,ecological,1,0.7343257086328397,higher_compute,b,0.700726692919856,0.7668887501523112,0.020243805747920326,0.7232942750012143,0.06616205723245516
0.0031069937073453513,evaluation-ecological-022,0.5232329963964357,ecological,1,0.5268353913419123,higher_compute,g,0.46783733930041743,0.5809018159232144,0.033937542942821836,0.5299423850492576,0.113064476622797
0.012193562542315739,evaluation-ecological-022,0.6562500000000001,ecological,1,5.294779796109706,reference,r,5.245662180212303,5.3457431698912865,0.03072802564551382,5.306973358652022,0.10008098967898338
0.010640144457761846,evaluation-ecological-022,0.29912500000000003,ecological,1,0.7339344194589762,reference,b,0.6996437214579909,0.7666299369921104,0.020142500679097876,0.7232942750012143,0.06698621553411943
0.003306286518516055,evaluation-ecological-022,0.5286250000000001,ecological,1,0.5266360985307416,reference,g,0.47050799090971485,0.5816699351473068,0.033309255660919794,0.5299423850492576,0.11116194423759196
1.7540212444988592,evaluation-ecological-023,0.78515625,ecological,1,4.9623195840145895,prior,r,2.277780578250611,7.722953928175923,1.762028427339121,6.716340828513449,5.445173349925312
0.03169127701362173,evaluation-ecological-023,0.517578125,ecological,1,1.721833427811057,prior,b,0.6277016878535003,2.882459120581241,0.7242217869167418,1.7535247048246787,2.2547574327277404
0.22837115630659385,evaluation-ecological-023,0.220703125,ecological,1,0.39914171962268286,prior,g,0.05140315323244901,0.7606549934419511,0.23244436706184898,0.170770563316089,0.709251840209502
0.036125775002952665,evaluation-ecological-023,0.8925153514787099,ecological,1,6.680215053510496,published,r,6.635053107541308,6.727299501177603,0.02776240431013865,6.716340828513449,0.0922463936362945
0.009482662035739553,evaluation-ecological-023,0.7109708659506282,ecological,1,1.7440420427889392,published,b,1.7156182826463504,1.768766623033255,0.016494134882110312,1.7535247048246787,0.053148340386904636
0.03484601757605177,evaluation-ecological-023,0.0718145108985698,ecological,1,0.20561658089214077,published,g,0.16556599581525328,0.24343959232244086,0.023614916984642118,0.170770563316089,0.07787359650718759
0.03725872004423003,evaluation-ecological-023,0.8814636135234466,ecological,1,6.679082108469219,higher_compute,r,6.6266484841647495,6.73026824114101,0.03137717936088916,6.716340828513449,0.10361975697626047
0.00882052740330641,evaluation-ecological-023,0.6896445189143461,ecological,1,1.7447041774213723,higher_compute,b,1.7155322307211376,1.774190870057892,0.017803416647051297,1.7535247048246787,0.058658639336754526
0.03501382402753253,evaluation-ecological-023,0.08954650855235768,ecological,1,0.20578438734362153,higher_compute,g,0.16384587060962733,0.24687409910473415,0.02570325709417698,0.170770563316089,0.08302822849510683
0.03762393387043694,evaluation-ecological-023,0.8876875000000004,ecological,1,6.678716894643012,reference,r,6.629003794725283,6.730047567714644,0.03052738591572518,6.716340828513449,0.10104377298936118
0.00905078330045228,evaluation-ecological-023,0.7040625000000001,ecological,1,1.7444739215242264,reference,b,1.7159287995442383,1.7726039570038992,0.017124031933666402,1.7535247048246787,0.056675157459660896
0.035602839539096626,evaluation-ecological-023,0.07818750000000002,ecological,1,0.20637340285518563,reference,g,0.16426116786377276,0.24782433780097013,0.02532280519424569,0.170770563316089,0.08356316993719737
1.032968609142678,evaluation-ecological-024,0.6630859375,ecological,1,5.037691812545429,prior,r,2.313516174978738,7.731040161194198,1.744151638345973,6.070660421688107,5.41752398621546
0.8102211211369252,evaluation-ecological-024,0.8203125,ecological,1,1.7555485016102823,prior,b,0.6387966778845267,2.884270852865678,0.7155890428078634,2.5657696227472075,2.245474174981151
0.3195696300772458,evaluation-ecological-024,0.0947265625,ecological,1,0.3931803398047656,prior,g,0.03602729673913889,0.7569864660281311,0.23408307383600077,0.07361070972751976,0.7209591692889923
0.09159958602975316,evaluation-ecological-024,0.9759055532218774,ecological,0,5.979060835658354,published,r,5.9095662810221326,6.053927210967651,0.0429131614783624,6.070660421688107,0.14436092994551863
0.025673210952178227,evaluation-ecological-024,0.15992329068651745,ecological,1,2.5914428336993858,published,b,2.5470141194591998,2.6286037974654906,0.024747149153267527,2.5657696227472075,0.0815896780062908
0.029729659487040427,evaluation-ecological-024,0.1287245251705283,ecological,1,0.10334036921456019,published,g,0.06028730080953351,0.1430641030920228,0.0258625618210832,0.07361070972751976,0.08277680228248929
0.09198494891986186,evaluation-ecological-024,0.976328927177109,ecological,0,5.978675472768245,higher_compute,r,5.909302375678038,6.053164141152917,0.043486580464874046,6.070660421688107,0.1438617654748784
0.026532330764283962,evaluation-ecological-024,0.14420293968283793,ecological,1,2.5923019535114915,higher_compute,b,2.5497267088905327,2.632439571791762,0.025129486692100113,2.5657696227472075,0.08271286290122948
0.02990260755082852,evaluation-ecological-024,0.12869026341344705,ecological,1,0.10351331727834828,higher_compute,g,0.05801504435378026,0.1447246355991729,0.02616323217948029,0.07361070972751976,0.08670959124539264
0.09434192610000025,evaluation-ecological-024,0.9826250000000004,ecological,0,5.976318495588107,reference,r,5.909818567648335,6.047991986910335,0.042203123290594856,6.070660421688107,0.13817341926200033
0.026360181555059814,evaluation-ecological-024,0.1443125,ecological,1,2.5921298043022674,reference,b,2.549786592380788,2.6307420942985527,0.02521965255729458,2.5657696227472075,0.08095550191776457
0.03143425125648083,evaluation-ecological-024,0.11718750000000006,ecological,1,0.1050449609840006,reference,g,0.062325396391792534,0.14676375625034355,0.02606020145274435,0.07361070972751976,0.08443835985855101
0.9635985114084189,evaluation-ecological-025,0.3251953125,ecological,1,5.035328385955185,prior,r,2.297344817475097,7.661227613487327,1.7082399371838424,4.071729874546766,5.363882796012231
0.3623034087787538,evaluation-ecological-025,0.361328125,ecological,1,1.7522961051498427,prior,b,0.6359124945328849,2.8859773064284577,0.7238043195859817,1.389992696371089,2.250064811895573
0.2742430224878174,evaluation-ecological-025,0.1396484375,ecological,1,0.38042970957952904,prior,g,0.03458041473568515,0.7572850871984533,0.22766591622101134,0.10618668709171161,0.7227046724627681
0.018882510949906894,evaluation-ecological-025,0.7285327235340521,ecological,1,4.052847363596859,published,r,4.000238705429586,4.101954984878663,0.029839046266432277,4.071729874546766,0.10171627944907691
0.024932902053742323,evaluation-ecological-025,0.1439638691986807,ecological,1,1.4149255984248312,published,b,1.3779895485529732,1.4526029095955029,0.02294577438308818,1.389992696371089,0.07461336104252969
0.007839803447065447,evaluation-ecological-025,0.5765897905431182,ecological,1,0.09834688364464617,published,g,0.04314158926040429,0.1468268437133406,0.03202591383853961,0.10618668709171161,0.1036852544529363
0.02041250946893758,evaluation-ecological-025,0.7541168294855805,ecological,1,4.0513173650778285,higher_compute,r,4.002908778114459,4.100777366434774,0.029807201065458453,4.071729874546766,0.0978685883203152
0.025586510333369006,evaluation-ecological-025,0.13441637214698904,ecological,1,1.415579206704458,higher_compute,b,1.377132708772055,1.4525454444683672,0.022932222835779285,1.389992696371089,0.07541273569631213
0.005385664766619294,evaluation-ecological-025,0.5402992230799007,ecological,1,0.10080102232509232,higher_compute,g,0.042606279789604205,0.15724177330591785,0.03446290128197252,0.10618668709171161,0.11463549351631364
0.019436872158002494,evaluation-ecological-025,0.7468125000000002,ecological,1,4.0522930023887636,reference,r,4.004081989312512,4.100721594839823,0.02949260858018136,4.071729874546766,0.09663960552731066
0.025851230762054866,evaluation-ecological-025,0.13306250000000003,ecological,1,1.4158439271331438,reference,b,1.3766058883683496,1.4535263337130881,0.02349373396876982,1.389992696371089,0.07692044534473852
0.006883269431251907,evaluation-ecological-025,0.5874375000000001,ecological,1,0.0993034176604597,reference,g,0.04104279596910744,0.15449278502553399,0.03382426107967459,0.10618668709171161,0.11344998905642655
1.638390857804132,evaluation-ecological-026,0.765625,ecological,1,5.026985799007439,prior,r,2.2566720035774166,7.712259145147893,1.7634987529170627,6.665376656811571,5.455587141570477
0.5414288516388337,evaluation-ecological-026,0.2646484375,ecological,1,1.757707288557052,prior,b,0.6139649425766542,2.8867094719101196,0.7127696862298577,1.2162784369182182,2.2727445293334654
0.31913178908648304,evaluation-ecological-026,0.091796875,ecological,1,0.39567156634375594,prior,g,0.03603220601671968,0.7636384360440028,0.2275619051684795,0.07653977725727291,0.7276062300272832
0.019500027854293833,evaluation-ecological-026,0.71102891267895,ecological,1,6.645876628957277,published,r,6.5888932718219655,6.708465740760675,0.03616418729853232,6.665376656811571,0.11957246893870987
0.014245786740652244,evaluation-ecological-026,0.22057580988438447,ecological,1,1.2305242236588705,published,b,1.1984874028045338,1.261489634056563,0.019716062238361177,1.2162784369182182,0.06300223125202908
0.031759810890225684,evaluation-ecological-026,0.130406923709596,ecological,1,0.1082995881474986,published,g,0.05929462684697485,0.15300411493705643,0.028072536670210934,0.07653977725727291,0.09370948809008159
0.021067862336957788,evaluation-ecological-026,0.7138352147095175,ecological,1,6.644308794474613,higher_compute,r,6.584372149377555,6.706955178621202,0.03705362515728589,6.665376656811571,0.12258302924364717
0.015277921894221835,evaluation-ecological-026,0.22282235750543047,ecological,1,1.23155635881244,higher_compute,b,1.198006671977465,1.2636511755726993,0.02003852285867444,1.2162784369182182,0.06564450359523444
0.03169765596845141,evaluation-ecological-026,0.12941818841067937,ecological,1,0.10823743322572432,higher_compute,g,0.06193557495365359,0.15331511768501604,0.027937890408225512,0.07653977725727291,0.09137954273136245
0.021370346254794725,evaluation-ecological-026,0.7158125000000002,ecological,1,6.644006310556776,reference,r,6.585110128130214,6.705214431402294,0.0370346130436034,6.665376656811571,0.12010430327207988
0.015712592969441275,evaluation-ecological-026,0.22112500000000007,ecological,1,1.2319910298876595,reference,b,1.1956120031180535,1.2655986433955615,0.021100728783393523,1.2162784369182182,0.069986640277508
0.03192526723679999,evaluation-ecological-026,0.14093750000000002,ecological,1,0.1084650444940729,reference,g,0.06140423649483421,0.1540081620314319,0.028500595936809366,0.07653977725727291,0.09260392553659769
1.429384351733587,evaluation-ecological-027,0.248046875,ecological,1,5.061129932368912,prior,r,2.323701741532891,7.721577450238312,1.707712189176036,3.631745580635325,5.397875708705421
0.2350243848260254,evaluation-ecological-027,0.412109375,ecological,1,1.7669665218147763,prior,b,0.6340942264420734,2.87417627945744,0.7200164327880335,1.531942136988751,2.240082053015367
0.21180488722632562,evaluation-ecological-027,0.2216796875,ecological,1,0.401810184929432,prior,g,0.035965460541356055,0.753313955389336,0.22771230658833785,0.19000529770310637,0.7173484948479799
0.017707261674893893,evaluation-ecological-027,0.733777894643251,ecological,1,3.6140383189604313,published,r,3.566435668433668,3.6606110465066326,0.027468585498912467,3.631745580635325,0.09417537807296439
0.020062057090645347,evaluation-ecological-027,0.20642211996072898,ecological,1,1.5520041940793963,published,b,1.5139934433720075,1.5902736432320355,0.02365357336716064,1.531942136988751,0.07628019986002799
0.01616757515450723,evaluation-ecological-027,0.6940477983941156,ecological,1,0.17383772254859914,published,g,0.11457875263360351,0.23531964977634842,0.03659545971668545,0.19000529770310637,0.12074089714274491
0.01727829008262871,evaluation-ecological-027,0.7338995212635464,ecological,1,3.6144672905526964,higher_compute,r,3.568906895998248,3.6584397385136436,0.027301075147981288,3.631745580635325,0.0895328425153954
0.020272398151342852,evaluation-ecological-027,0.19908788194875637,ecological,1,1.5522145351400938,higher_compute,b,1.512401313555609,1.590746114569031,0.023968026459801586,1.531942136988751,0.078344801013422
0.01658795479126543,evaluation-ecological-027,0.6747953582447702,ecological,1,0.17341734291184094,higher_compute,g,0.11216288204843006,0.23503662242222687,0.03696294799113188,0.19000529770310637,0.12287374037379681
0.016448515119275253,evaluation-ecological-027,0.7156875000000003,ecological,1,3.61529706551605,reference,r,3.567269669669564,3.664248760782111,0.029180589042225858,3.631745580635325,0.09697909111254699
0.020847541056691954,evaluation-ecological-027,0.20225000000000007,ecological,1,1.5527896780454429,reference,b,1.51290762835172,1.593157916688894,0.02451165028412282,1.531942136988751,0.08025028833717407
0.01799625143442088,evaluation-ecological-027,0.6621875000000002,ecological,1,0.1720090462686855,reference,g,0.10502860638594642,0.2333838301944444,0.03906808451224505,0.19000529770310637,0.12835522380849795
0.9357652045205906,evaluation-ecological-028,0.33203125,ecological,1,5.033136007421486,prior,r,2.311672412853403,7.646728578528028,1.69118266546983,4.097370802900896,5.335056165674624
0.7442444882852877,evaluation-ecological-028,0.2060546875,ecological,1,1.7372774794861252,prior,b,0.6175515733348322,2.8286263117247454,0.7211775307292833,0.9930329912008375,2.211074738389913
0.33915992911652537,evaluation-ecological-028,0.068359375,ecological,1,0.3941479855373268,prior,g,0.040744189189305904,0.7614539405721402,0.23093464940831548,0.05498805642080143,0.7207097513828343
0.02349546413248582,evaluation-ecological-028,0.1739547944152513,ecological,1,4.1208662670333815,published,r,4.080356420640754,4.1621057630825495,0.025191214563575304,4.097370802900896,0.08174934244179521
0.03778551972441624,evaluation-ecological-028,0.9167896275872711,ecological,1,0.9552474714764213,published,b,0.9073139564567767,0.9988985681640946,0.027953629544604033,0.9930329912008375,0.09158461170731791
0.011134595615303874,evaluation-ecological-028,0.3861011133773738,ecological,1,0.0661226520361053,published,g,0.01603714412573883,0.11615384566899156,0.030832214611375027,0.05498805642080143,0.10011670154325274
0.027069429554540392,evaluation-ecological-028,0.1605613252174577,ecological,1,4.124440232455436,higher_compute,r,4.079293981926153,4.1683079480565155,0.026936154127457704,4.097370802900896,0.08901396613036283
0.04082031378214257,evaluation-ecological-028,0.9231695249709525,ecological,1,0.952212677418695,higher_compute,b,0.9040603165635736,1.0002337949289923,0.02896946060029899,0.9930329912008375,0.09617347836541879
0.008956068639055514,evaluation-ecological-028,0.41788294379321744,ecological,1,0.06394412505985694,higher_compute,g,0.011572489004508073,0.12144398536014943,0.033035604618550644,0.05498805642080143,0.10987149635564136
0.024189415916940682,evaluation-ecological-028,0.18450000000000005,ecological,1,4.121560218817836,reference,r,4.077331048132137,4.165642165672168,0.02661490018344269,4.097370802900896,0.08831111754003018
0.040091714538079026,evaluation-ecological-028,0.9275625000000003,ecological,1,0.9529412766627585,reference,b,0.9065223365969886,0.9980683510958752,0.02790638855838899,0.9930329912008375,0.09154601449888666
0.011845307388412538,evaluation-ecological-028,0.37475000000000014,ecological,1,0.06683336380921397,reference,g,0.013588347634722789,0.12429510254306365,0.03331391089264114,0.05498805642080143,0.11070675490834087
0.7979980347036388,evaluation-ecological-029,0.369140625,ecological,1,4.95463858311887,prior,r,2.230887308245567,7.676361398571955,1.7753811471491594,4.156640548415231,5.445474090326388
0.8079062441792626,evaluation-ecological-029,0.1669921875,ecological,1,1.7236938412190932,prior,b,0.6356803474253652,2.861845462473165,0.7050474582524103,0.9157875970398306,2.2261651150477997
0.1806601944210493,evaluation-ecological-029,0.748046875,ecological,1,0.39618471886316686,prior,g,0.04449790861004625,0.7647041448841659,0.22448890461163198,0.5768449132842162,0.7202062362741197
0.05134287254448289,evaluation-ecological-029,0.04281761732684326,ecological,0,4.207983420959714,published,r,4.1593050397280535,4.2567692779147785,0.03055739070182743,4.156640548415231,0.097464238186725
0.014075061952840251,evaluation-ecological-029,0.6703899177504666,ecological,1,0.9017125350869903,published,b,0.855438802915942,0.9479010222989497,0.02794198743978684,0.9157875970398306,0.0924622193830077
0.051172283923731854,evaluation-ecological-029,0.9591120866972782,ecological,0,0.5256726293604843,published,g,0.4778254414374125,0.5750866869859573,0.031039062292707,0.5768449132842162,0.09726124554854482
0.048865629710176606,evaluation-ecological-029,0.04880375086062536,ecological,0,4.2055061781254075,higher_compute,r,4.156965932245139,4.254606503628875,0.029325094948652024,4.156640548415231,0.09764057138373605
0.012412414163426533,evaluation-ecological-029,0.6713870549032172,ecological,1,0.9033751828764041,higher_compute,b,0.8588618017925511,0.9487389124530696,0.027494410776144246,0.9157875970398306,0.08987711066051851
0.0497030862911072,evaluation-ecological-029,0.9495118882777617,ecological,1,0.527141826993109,higher_compute,g,0.47626946809751414,0.5769052425315144,0.03048962290614042,0.5768449132842162,0.10063577443400029
0.04955523165339848,evaluation-ecological-029,0.04337500000000001,ecological,0,4.206195780068629,reference,r,4.158318841204603,4.25457702748993,0.029496396433875048,4.156640548415231,0.09625818628532645
0.01253054056418268,evaluation-ecological-029,0.6646250000000001,ecological,1,0.9032570564756479,reference,b,0.856733136420848,0.9488654736426461,0.028186221255689814,0.9157875970398306,0.09213233722179803
0.05076158191292479,evaluation-ecological-029,0.9473750000000004,ecological,1,0.5260833313712914,reference,g,0.4747200397658518,0.578075193583154,0.03127706012811302,0.5768449132842162,0.10335515381730215
0.9503943981818832,evaluation-ecological-030,0.34765625,ecological,1,5.006106691559523,prior,r,2.236193048690042,7.698915875278958,1.7741256133550198,4.05571229337764,5.462722826588916
0.18579570332398565,evaluation-ecological-030,0.421875,ecological,1,1.7634487864142643,prior,b,0.6255435619880984,2.8691201535593063,0.7214556719879214,1.5776530830902786,2.243576591571208
0.16446605238626671,evaluation-ecological-030,0.705078125,ecological,1,0.39387612853092396,prior,g,0.03358733326670627,0.7520129216426048,0.2334180168367698,0.5583421809171907,0.7184255883758985
0.0005065024912136451,evaluation-ecological-030,0.5052058219078968,ecological,1,4.056218795868854,published,r,4.00826057302318,4.106793398610263,0.02949105115376239,4.05571229337764,0.09853282558708276
0.009791170695390372,evaluation-ecological-030,0.3717222689486165,ecological,1,1.587444253785669,published,b,1.5500360478025368,1.6278888418640334,0.023599422501951687,1.5776530830902786,0.07785279406149659
0.005347679227972302,evaluation-ecological-030,0.5706055698057444,ecological,1,0.5529945016892184,published,g,0.4984015869983887,0.6047270829004893,0.03200825934121572,0.5583421809171907,0.10632549590210055
0.0005346183073493549,evaluation-ecological-030,0.5075615583399342,ecological,1,4.0562469116849895,higher_compute,r,4.007686336785323,4.106368473480606,0.030173108758350418,4.05571229337764,0.09868213669528281
0.00970495809579508,evaluation-ecological-030,0.33796251124289406,ecological,1,1.5873580411860737,higher_compute,b,1.5498105903478026,1.6251153468501272,0.022689215247110834,1.5776530830902786,0.0753047565023246
0.004520095858888462,evaluation-ecological-030,0.5480380639541483,ecological,1,0.5538220850583022,higher_compute,g,0.5019783446094659,0.6040178769687066,0.03140654186074456,0.5583421809171907,0.10203953235924068
0.001977615780292652,evaluation-ecological-030,0.4838750000000002,ecological,1,4.057689909157933,reference,r,4.010568118419083,4.108671818154126,0.03006332614610282,4.05571229337764,0.09810369973504329
0.00880471460393406,evaluation-ecological-030,0.35106250000000006,ecological,1,1.5864577976942127,reference,b,1.5487882432914657,1.623907766299355,0.02289592136602729,1.5776530830902786,0.07511952300788938
0.004910352832826925,evaluation-ecological-030,0.5504375,ecological,1,0.5534318280843638,reference,g,0.5006570747300518,0.6037110061690777,0.03143130029497614,0.5583421809171907,0.10305393143902586
1.593918171870789,evaluation-ecological-031,0.7841796875,ecological,1,5.067480230641924,prior,r,2.3234433018522185,7.642877164794786,1.6930633010316194,6.661398402512713,5.319433862942567
0.5856136036905601,evaluation-ecological-031,0.740234375,ecological,1,1.7596943343629756,prior,b,0.6141080227169828,2.872022709521735,0.7096917851010273,2.3453079380535358,2.257914686804752
0.2605036930475632,evaluation-ecological-031,0.8154296875,ecological,1,0.39062847407535845,prior,g,0.03649084928733285,0.7553569274243266,0.23392718462610157,0.6511321671229217,0.7188660781369938
0.039250978441279116,evaluation-ecological-031,0.7984214178643873,ecological,1,6.622147424071434,published,r,6.55405954376528,6.694202465509503,0.043896331011500304,6.661398402512713,0.14014292174422227
0.00942371271309872,evaluation-ecological-031,0.3712573880905382,ecological,1,2.3547316507666345,published,b,2.3106095005708314,2.3964566545138704,0.027288865049066836,2.3453079380535358,0.08584715394303899
0.022520528521911665,evaluation-ecological-031,0.2007758008260085,ecological,1,0.6736526956448333,published,g,0.6231919417314803,0.7165613584573363,0.02800685158211727,0.6511321671229217,0.09336941672585597
0.03759059892461103,evaluation-ecological-031,0.7966491441382326,ecological,1,6.623807803588102,higher_compute,r,6.552000926615574,6.697279226811895,0.04407259216391704,6.661398402512713,0.1452783001963205
0.008753057153678245,evaluation-ecological-031,0.37387585561691067,ecological,1,2.354060995207214,higher_compute,b,2.3083183531336378,2.397968258484653,0.027393845783477127,2.3453079380535358,0.08964990535101514
0.0212418383210079,evaluation-ecological-031,0.23138348830229388,ecological,1,0.6723740054439296,higher_compute,g,0.6264693364276127,0.7172129963648399,0.02779860348333414,0.6511321671229217,0.09074365993722722
0.03589233042272344,evaluation-ecological-031,0.8133125000000003,ecological,1,6.62550607208999,reference,r,6.554511399381136,6.6971172852853815,0.042445178862814036,6.661398402512713,0.1426058859042456
0.008720847781885865,evaluation-ecological-031,0.36875000000000013,ecological,1,2.3540287858354216,reference,b,2.308673803929976,2.398618646230995,0.027148160679214235,2.3453079380535358,0.08994484230101873
0.02034277179159283,evaluation-ecological-031,0.2206875000000001,ecological,1,0.6714749389145145,reference,g,0.6249063878013951,0.7147436313954123,0.027029325457699187,0.6511321671229217,0.08983724359401724
0.8611196399648025,evaluation-ecological-032,0.6376953125,ecological,1,4.9817470722083295,prior,r,2.239483185754761,7.763468823807746,1.7979549302777948,5.842866712173132,5.523985638052985
0.8983770354405056,evaluation-ecological-032,0.8623046875,ecological,1,1.7355066342652279,prior,b,0.6370520794439015,2.8552416398124687,0.7008461655476489,2.6338836697057335,2.2181895603685673
0.2457360269056762,evaluation-ecological-032,0.8125,ecological,1,0.39195557929042757,prior,g,0.0366358640573907,0.7549887076545749,0.2269723985981686,0.6376916061961038,0.7183528435971842
0.03205158201879499,evaluation-ecological-032,0.8869553979119098,ecological,1,5.810815130154337,published,r,5.771501148365919,5.858648181300549,0.026244837419372505,5.842866712173132,0.08714703293463
0.010892747465431007,evaluation-ecological-032,0.3131321818616512,ecological,1,2.6447764171711645,published,b,2.604901849581404,2.6816899453903615,0.023048362225429334,2.6338836697057335,0.07678809580895773
0.014572749027102705,evaluation-ecological-032,0.26763626510460303,ecological,1,0.6522643552232065,published,g,0.6113195479008805,0.6898031028063931,0.023834103994676843,0.6376916061961038,0.07848355490551262
0.03187149045806503,evaluation-ecological-032,0.8826085343998226,ecological,1,5.810995221715067,higher_compute,r,5.7687006558569625,5.8549576131881205,0.026535132633758333,5.842866712173132,0.08625695733115801
0.013444261889257625,evaluation-ecological-032,0.27193037258799,ecological,1,2.647327931594991,higher_compute,b,2.607383433481124,2.6837293277111613,0.023160660987444782,2.6338836697057335,0.07634589423003746
0.013062133849604751,evaluation-ecological-032,0.2873737277215648,ecological,1,0.6507537400457085,higher_compute,g,0.611738514148227,0.6886397632959147,0.02353304485751352,0.6376916061961038,0.0769012491476877
0.030996745713484763,evaluation-ecological-032,0.8722500000000003,ecological,1,5.811869966459647,reference,r,5.769874396931291,5.857808887857392,0.026466807251987294,5.842866712173132,0.08793449092610128
0.01263238289059121,evaluation-ecological-032,0.28093750000000006,ecological,1,2.6465160525963247,reference,b,2.6068281125295987,2.682894735680174,0.02305886180654007,2.6338836697057335,0.07606662315057511
0.012764511480841234,evaluation-ecological-032,0.28793750000000007,ecological,1,0.650456117676945,reference,g,0.6123938652548951,0.6879812277041704,0.02304587239711211,0.6376916061961038,0.07558736244927522
0.1830367423524475,evaluation-ecological-033,0.470703125,ecological,1,4.98663637985052,prior,r,2.291458414125868,7.749746618319814,1.7434473488553646,4.803599637498072,5.458288204193947
0.09853017458950108,evaluation-ecological-033,0.5458984375,ecological,1,1.7525663292667872,prior,b,0.635953748701133,2.8679411346393184,0.7182939048463363,1.8510965038562883,2.2319873859381856
0.15485004544175718,evaluation-ecological-033,0.310546875,ecological,1,0.3988070972127013,prior,g,0.03969378306508372,0.7522782855067297,0.22955082043511726,0.24395705177094412,0.712584502441646
0.06302433499249815,evaluation-ecological-033,0.9734236050894743,ecological,0,4.740575302505574,published,r,4.686168115668423,4.795043301993595,0.03256210333936285,4.803599637498072,0.10887518632517246
0.007914599434378555,evaluation-ecological-033,0.3192856384050333,ecological,1,1.8590111032906669,published,b,1.824476271922258,1.8929489790258698,0.02005991695362948,1.8510965038562883,0.06847270710361175
0.06495998866405711,evaluation-ecological-033,0.017418781980804966,ecological,0,0.30891704043500123,published,g,0.2616705583608232,0.3542148601244241,0.02846477426661722,0.24395705177094412,0.0925443017636009
0.06293903238129239,evaluation-ecological-033,0.9712674417010816,ecological,0,4.74066060511678,higher_compute,r,4.688999500255738,4.794512180658396,0.0317235345188227,4.803599637498072,0.10551268040265782
0.008080244801993874,evaluation-ecological-033,0.34166196057024145,ecological,1,1.8591767486582822,higher_compute,b,1.8260696273728279,1.8914545350751555,0.01996846906238261,1.8510965038562883,0.06538490770232763
0.06505242838822756,evaluation-ecological-033,0.011864231210253734,ecological,0,0.3090094801591717,higher_compute,g,0.2627427123064403,0.353585942018976,0.027430314742699066,0.24395705177094412,0.09084322971253567
0.06198838580402111,evaluation-ecological-033,0.9668125000000004,ecological,0,4.741611251694051,reference,r,4.690844386155917,4.79568100575654,0.03240732833526226,4.803599637498072,0.10483661960062296
0.007860587017773257,evaluation-ecological-033,0.34643750000000006,ecological,1,1.8589570908740616,reference,b,1.8257979443246883,1.8913441706244492,0.01978143934518203,1.8510965038562883,0.06554622629976081
0.0639138040741255,evaluation-ecological-033,0.0170625,ecological,0,0.3078708558450696,reference,g,0.25926492704630194,0.35399310474815504,0.0283225310563948,0.24395705177094412,0.0947281777018531
1.1649493558599824,evaluation-ecological-034,0.6923828125,ecological,1,4.916038182072196,prior,r,2.2709470465618837,7.647469241508744,1.7145347610685024,6.080987537932178,5.37652219494686
0.9398946642840371,evaluation-ecological-034,0.1337890625,ecological,1,1.7618476064682356,prior,b,0.6434157030384898,2.875437329206786,0.721590016999948,0.8219529421841985,2.2320216261682964
0.10117272635820812,evaluation-ecological-034,0.62890625,ecological,1,0.39428703787226116,prior,g,0.04171695400257738,0.7608212650840419,0.2349531733259087,0.4954597642304693,0.7191043110814646
0.07339708896930475,evaluation-ecological-034,0.9838733454675215,ecological,0,6.0075904489628735,published,r,5.948184679320408,6.065472789920351,0.03498927572217155,6.080987537932178,0.11728811059994282
0.0637573160745496,evaluation-ecological-034,0.007554963649731005,ecological,0,0.885710258258748,published,b,0.8450778672077836,0.9288179662370983,0.025714939108189463,0.8219529421841985,0.08374009902931479
0.018046584159293666,evaluation-ecological-034,0.2717778444850717,ecological,1,0.513506348389763,published,g,0.44930749712273443,0.567358084790042,0.03449534480535701,0.4954597642304693,0.11805058766730758
0.0729785704613457,evaluation-ecological-034,0.9733704081156178,ecological,0,6.008008967470833,higher_compute,r,5.952279815183268,6.068346353039957,0.035387473291376335,6.080987537932178,0.11606653785668897
0.06164966011727857,evaluation-ecological-034,0.008801830583153866,ecological,0,0.883602602301477,higher_compute,b,0.8399994412831213,0.9242837381765088,0.02559150025210781,0.8219529421841985,0.08428429689338746
0.019126848012957665,evaluation-ecological-034,0.2669542940189579,ecological,1,0.5145866122434269,higher_compute,g,0.46263305596157855,0.5649561942313226,0.03135597872055304,0.4954597642304693,0.10232313826974404
0.07388840710181466,evaluation-ecological-034,0.9856875000000005,ecological,0,6.007099130830364,reference,r,5.951307594333186,6.064303496138332,0.03427708427395515,6.080987537932178,0.11299590180514585
0.06074757229004257,evaluation-ecological-034,0.010812500000000003,ecological,0,0.882700514474241,reference,b,0.8413814779893521,0.9228284650014863,0.025215360984776666,0.8219529421841985,0.08144698701213415
0.02098544545028941,evaluation-ecological-034,0.2368125000000001,ecological,1,0.5164452096807587,reference,g,0.4658231511039128,0.5631904086978164,0.030006410429500623,0.4954597642304693,0.09736725759390363
0.737196206186665,evaluation-ecological-035,0.361328125,ecological,1,5.069042104227869,prior,r,2.3175194941718074,7.699567538218595,1.6955374966443124,4.331845898041204,5.382048044046788
0.635253285966757,evaluation-ecological-035,0.7509765625,ecological,1,1.8008825188485473,prior,b,0.622631742377957,2.865510047530934,0.7257862228108477,2.4361358048153043,2.242878305152977
0.23857197800297342,evaluation-ecological-035,0.8017578125,ecological,1,0.38628927547813036,prior,g,0.03727604292727588,0.7555310492856352,0.23081036818118872,0.6248612534811038,0.7182550063583593
0.006271026457982387,evaluation-ecological-035,0.584969470294503,ecological,1,4.325574871583221,published,r,4.278706845643762,4.377006561033007,0.030809550875795365,4.331845898041204,0.09829971538924553
0.0039602350659579955,evaluation-ecological-035,0.38169207218573764,ecological,1,2.4400960398812623,published,b,2.411147311763603,2.4659167755910207,0.01658945838638424,2.4361358048153043,0.05476946382741765
0.016181727532849965,evaluation-ecological-035,0.2679172977512281,ecological,1,0.6410429810139537,published,g,0.5985723735543019,0.6825710093518349,0.025411408987082818,0.6248612534811038,0.08399863579753297
0.006864582605476954,evaluation-ecological-035,0.6037850200295656,ecological,1,4.324981315435727,higher_compute,r,4.27567251585265,4.37679602462771,0.03113728630343273,4.331845898041204,0.1011235087750606
0.004360318415489672,evaluation-ecological-035,0.3889188437117794,ecological,1,2.440496123230794,higher_compute,b,2.4158394219467216,2.466856185193253,0.015509574942429957,2.4361358048153043,0.05101676324653148
0.016677576562030283,evaluation-ecological-035,0.25990624526453987,ecological,1,0.6415388300431341,higher_compute,g,0.5949135212593046,0.6843420032492488,0.027137978671084577,0.6248612534811038,0.08942848198994413
0.006541718222556447,evaluation-ecological-035,0.5916250000000001,ecological,1,4.325304179818647,reference,r,4.27610253677839,4.378703739859754,0.0314073321715651,4.331845898041204,0.10260120308136411
0.004204200099684918,evaluation-ecological-035,0.39256250000000015,ecological,1,2.4403400049149893,reference,b,2.4138271497140957,2.466426681828929,0.01582274913471419,2.4361358048153043,0.05259953211483337
0.016565005769946906,evaluation-ecological-035,0.2754375,ecological,1,0.6414262592510507,reference,g,0.5960152605455817,0.6852741254952298,0.027158348502945573,0.6248612534811038,0.08925886494964808
0.41331857722980203,evaluation-ecological-036,0.568359375,ecological,1,5.038167033455434,prior,r,2.30232768417369,7.672384393803828,1.7098786133273451,5.451485610685236,5.370056709630138
0.14898110176531199,evaluation-ecological-036,0.4306640625,ecological,1,1.7549729645715624,prior,b,0.6371600373244144,2.8375588824732416,0.7014272010523376,1.6059918628062504,2.200398845148827
0.19438423406978206,evaluation-ecological-036,0.7421875,ecological,1,0.3915648862296714,prior,g,0.040955021156797805,0.752085315036095,0.22997740256393934,0.5859491202994535,0.7111302938792972
0.018992644093762223,evaluation-ecological-036,0.29450617067671825,ecological,1,5.470478254778998,published,r,5.416897939296116,5.525887972776057,0.03381532266200212,5.451485610685236,0.10899003347994096
0.00015856907655242836,evaluation-ecological-036,0.49042691981486985,ecological,1,1.605833293729698,published,b,1.5733496703248682,1.6397965984498457,0.020250979111746958,1.6059918628062504,0.06644692812497754
0.028491959502161213,evaluation-ecological-036,0.8709953540330625,ecological,1,0.5574571607972922,published,g,0.5169881008752268,0.5971601660464346,0.02432532500797289,0.5859491202994535,0.08017206517120778
0.017523505136630035,evaluation-ecological-036,0.31840997981700325,ecological,1,5.469009115821866,higher_compute,r,5.4161113899825795,5.526660325742622,0.03355801561352568,5.451485610685236,0.11054893576004243
0.00022150595757119973,evaluation-ecological-036,0.4852867741398157,ecological,1,1.6062133687638216,higher_compute,b,1.5702539905846047,1.6398562009453541,0.02130500250292671,1.6059918628062504,0.06960221036074943
0.027275782020407813,evaluation-ecological-036,0.8737227070451414,ecological,1,0.5586733382790456,higher_compute,g,0.5186662304309021,0.5977036732781307,0.02398592483271832,0.5859491202994535,0.07903744284722858
0.018653255775761934,evaluation-ecological-036,0.29731250000000004,ecological,1,5.470138866460998,reference,r,5.4170518926514095,5.5254974900493945,0.033237411108602316,5.451485610685236,0.10844559739798498
0.00017086482677619586,evaluation-ecological-036,0.49587500000000023,ecological,1,1.6058209979794742,reference,b,1.568749202076331,1.6401356113091325,0.021662757618974796,1.6059918628062504,0.0713864092328016
0.028551395582293027,evaluation-ecological-036,0.8826250000000003,ecological,1,0.5573977247171604,reference,g,0.517661146506011,0.59629234848098,0.023608719667802754,0.5859491202994535,0.07863120197496898
1.1335788536562723,evaluation-ecological-037,0.3056640625,ecological,1,4.9971557107593405,prior,r,2.3774894038855456,7.6828472863122625,1.6728942805015636,3.863576857103068,5.305357882426717
0.292428521895282,evaluation-ecological-037,0.3837890625,ecological,1,1.7304235268723929,prior,b,0.6392478042779994,2.886645605333065,0.7173234806486148,1.4379950049771109,2.2473978010550657
0.07799415059914833,evaluation-ecological-037,0.4072265625,ecological,1,0.39929956943808653,prior,g,0.03220932655398933,0.7685288042907069,0.2353804545236861,0.3213054188389382,0.7363194777367176
0.04859521380577947,evaluation-ecological-037,0.9682850383763892,ecological,0,3.8149816432972887,published,r,3.7702893565909354,3.856766007649865,0.02601457989975721,3.863576857103068,0.08647665105892965
0.04970865331251262,evaluation-ecological-037,0.026459926848428673,ecological,0,1.4877036582896235,published,b,1.446343031058361,1.524149621733669,0.023816038848580925,1.4379950049771109,0.07780659067530804
0.02759820566830945,evaluation-ecological-037,0.1845248803532989,ecological,1,0.34890362450724766,published,g,0.2960188848980235,0.40053403315341396,0.03158593836423308,0.3213054188389382,0.10451514825539043
0.051595901703923364,evaluation-ecological-037,0.9779481449111104,ecological,0,3.811980955399145,higher_compute,r,3.771291662345612,3.8541439715070767,0.025154266028979442,3.863576857103068,0.0828523091614648
0.05005399108593811,evaluation-ecological-037,0.021774652500692396,ecological,0,1.488048996063049,higher_compute,b,1.4470335407002322,1.5267095430976638,0.024169566984219886,1.4379950049771109,0.07967600239743167
0.030897531267423395,evaluation-ecological-037,0.16713497305647423,ecological,1,0.3522029501063616,higher_compute,g,0.3000766462175504,0.4055220838433567,0.03177731306313294,0.3213054188389382,0.10544543762580627
0.05166745194018585,evaluation-ecological-037,0.9798125000000004,ecological,0,3.8119094051628823,reference,r,3.7726854649080614,3.853072743133816,0.02452454889697933,3.863576857103068,0.08038727822575442
0.04991236728084503,evaluation-ecological-037,0.019312500000000003,ecological,0,1.4879073722579559,reference,b,1.4487013004054894,1.5269149200602292,0.023881623512121426,1.4379950049771109,0.07821361965473983
0.032252934301427894,evaluation-ecological-037,0.16225000000000003,ecological,1,0.3535583531403661,reference,g,0.30058177258544805,0.4044639273579976,0.03176389063842094,0.3213054188389382,0.10388215477254953
1.4572667712335035,evaluation-ecological-038,0.2626953125,ecological,1,4.892045181531206,prior,r,2.232793501021267,7.689303852648976,1.7607456960346246,3.434778410297702,5.456510351627709
0.0472051617833229,evaluation-ecological-038,0.515625,ecological,1,1.780240107420835,prior,b,0.6505141813590622,2.868892836334508,0.721359848733544,1.8274452692041578,2.218378654975446
0.17170426205146633,evaluation-ecological-038,0.2841796875,ecological,1,0.38682774220861094,prior,g,0.03235349846451886,0.751442779016265,0.23086515493926407,0.2151234801571446,0.7190892805517461
0.007369382409439851,evaluation-ecological-038,0.35935576868020924,ecological,1,3.442147792707142,published,r,3.408477426707752,3.4790236108161667,0.021542404610615462,3.434778410297702,0.07054618410841496
0.01661461326518121,evaluation-ecological-038,0.7609181304046417,ecological,1,1.8108306559389766,published,b,1.7742741810544078,1.8476264876750574,0.02236922427414804,1.8274452692041578,0.07335230662064962
0.0005049755289720792,evaluation-ecological-038,0.48070417780950087,ecological,1,0.21461850462817253,published,g,0.16273239588409266,0.26240526697012306,0.0295135368350686,0.2151234801571446,0.0996728710860304
0.008470667980196023,evaluation-ecological-038,0.356243922396137,ecological,1,3.443249078277898,higher_compute,r,3.404357449178508,3.4817911510260546,0.023123627979014044,3.434778410297702,0.07743370184754683
0.01763633946233467,evaluation-ecological-038,0.782840073731085,ecological,1,1.8098089297418232,higher_compute,b,1.7721584588263044,1.8453990544872634,0.022339007527253193,1.8274452692041578,0.07324059566095897
0.0002607294898721024,evaluation-ecological-038,0.49797671058953646,ecological,1,0.2148627506672725,higher_compute,g,0.16250023272047712,0.26497683324773846,0.030862677116700172,0.2151234801571446,0.10247660052726135
0.008760015365623097,evaluation-ecological-038,0.3651250000000001,ecological,1,3.4435384256633252,reference,r,3.4072650281441454,3.482497211722306,0.023197218472939745,3.434778410297702,0.07523218357816042
0.017362658714859647,evaluation-ecological-038,0.7705000000000002,ecological,1,1.8100826104892982,reference,b,1.7728839356185604,1.8462688914117107,0.02269510606750428,1.8274452692041578,0.0733849557931503
0.00104918188554054,evaluation-ecological-038,0.5020625000000002,ecological,1,0.21407429827160407,reference,g,0.16290930815516694,0.2649603865164053,0.031130611900523294,0.2151234801571446,0.10205107836123836
0.6053445587509092,evaluation-ecological-039,0.6103515625,ecological,1,4.956278556630059,prior,r,2.2652155462288337,7.746250101606136,1.7445734575327945,5.561623115380968,5.4810345553773026
0.5522575062717643,evaluation-ecological-039,0.279296875,ecological,1,1.7768755388718214,prior,b,0.6123400258532106,2.9016016108167504,0.7302592009933344,1.224618032600057,2.2892615849635396
0.23903684140465137,evaluation-ecological-039,0.21484375,ecological,1,0.4020846415934051,prior,g,0.03811334959536874,0.7554489930771173,0.23259390638062982,0.16304780018875376,0.7173356434817486
0.04646539515561798,evaluation-ecological-039,0.9499300984903778,ecological,0,5.51515772022535,published,r,5.46843274557342,5.561161222872732,0.029166080120003424,5.561623115380968,0.09272847729931222
0.04128128775188977,evaluation-ecological-039,0.02491983763304922,ecological,0,1.2658993203519469,published,b,1.2312677678969621,1.3017682571954943,0.021200049688759402,1.224618032600057,0.07050048929853214
0.009136083861223637,evaluation-ecological-039,0.37378200712828125,ecological,1,0.1721838840499774,published,g,0.12908051850610383,0.2147308814073168,0.027171502290937427,0.16304780018875376,0.08565036290121297
0.04830796436843876,evaluation-ecological-039,0.9548503756166916,ecological,0,5.513315151012529,higher_compute,r,5.468226182470178,5.559668805498788,0.02784206368286535,5.561623115380968,0.09144262302860984
0.04190121114455958,evaluation-ecological-039,0.028779304466216293,ecological,0,1.2665192437446167,higher_compute,b,1.231066128717821,1.3003905933565247,0.021024047587420425,1.224618032600057,0.06932446463870368
0.010351795219324805,evaluation-ecological-039,0.34083519958214126,ecological,1,0.17339959540807856,higher_compute,g,0.1277749200102238,0.21682653109498318,0.026582140936183957,0.16304780018875376,0.08905161108475937
0.04860887204144504,evaluation-ecological-039,0.9503750000000004,ecological,0,5.513014243339523,reference,r,5.466862496060466,5.561247512783589,0.028179313326234526,5.561623115380968,0.09438501672312238
0.04237026928145782,evaluation-ecological-039,0.024125000000000008,ecological,0,1.266988301881515,reference,b,1.2321943611656019,1.3024166160765906,0.02139839825361929,1.224618032600057,0.07022225491098877
0.0098455343766094,evaluation-ecological-039,0.3555000000000001,ecological,1,0.17289333456536315,reference,g,0.12718905431729874,0.21635141088347126,0.026725142455486798,0.16304780018875376,0.08916235656617252
1.3054737287015072,evaluation-ecological-040,0.7119140625,ecological,1,4.987685120428184,prior,r,2.314414993003619,7.65019496181926,1.7433952033767268,6.293158849129691,5.335779968815641
0.2966855830275663,evaluation-ecological-040,0.3818359375,ecological,1,1.7601084728303755,prior,b,0.6242495362345306,2.884128398857688,0.7250893195493894,1.4634228898028092,2.2598788626231574
0.2577619969932154,evaluation-ecological-040,0.8330078125,ecological,1,0.3897496279916746,prior,g,0.031347507382420266,0.7498979102689682,0.23026376596979267,0.64751162498489,0.7185504028865479
0.021330012644680707,evaluation-ecological-040,0.7462965363795897,ecological,1,6.27182883648501,published,r,6.216128690384176,6.338416379542489,0.0369939524112523,6.293158849129691,0.12228768915831267
0.003052909871524623,evaluation-ecological-040,0.5696856992579107,ecological,1,1.4603699799312846,published,b,1.4307700396918916,1.488797148469016,0.017463872322846602,1.4634228898028092,0.05802710877712425
0.013675120333493496,evaluation-ecological-040,0.25466631543710394,ecological,1,0.6611867453183835,published,g,0.6208651681801459,0.6964915125022278,0.022305481782335473,0.64751162498489,0.07562634432208193
0.02206147156636451,evaluation-ecological-040,0.7417441562100346,ecological,1,6.2710973775633265,higher_compute,r,6.212822162209353,6.333403528009973,0.03691262784664283,6.293158849129691,0.12058136580062051
0.0021464516381963783,evaluation-ecological-040,0.5378557859638806,ecological,1,1.4612764381646128,higher_compute,b,1.4305982922609324,1.4916271800977239,0.01832969109586174,1.4634228898028092,0.0610288878367915
0.013320273375123204,evaluation-ecological-040,0.25867548541915064,ecological,1,0.6608318983600132,higher_compute,g,0.6235301634706192,0.6953529684622651,0.022026165822891176,0.64751162498489,0.07182280499164595
0.02261527729694368,evaluation-ecological-040,0.7419375000000001,ecological,1,6.270543571832747,reference,r,6.211695088743251,6.334009788223338,0.03706911687736118,6.293158849129691,0.12231469948008744
0.0013694780709856413,evaluation-ecological-040,0.5275000000000001,ecological,1,1.4620534117318236,reference,b,1.4315479028675093,1.4921330345240706,0.018826400122526624,1.4634228898028092,0.06058513165656132
0.012923077765478075,evaluation-ecological-040,0.2628750000000001,ecological,1,0.6604347027503681,reference,g,0.6219300107343729,0.6959601358800027,0.02220034225720899,0.64751162498489,0.07403012514562979
0.7114289234698603,evaluation-ecological-041,0.376953125,ecological,1,4.993584831441016,prior,r,2.3528361685901245,7.690334532224564,1.701204904317341,4.2821559079711555,5.33749836363444
0.8721779449456819,evaluation-ecological-041,0.861328125,ecological,1,1.7415453875154454,prior,b,0.6433779407720026,2.8644463149820014,0.7071843724438749,2.6137233324611273,2.221068374209999
0.105778243115636,evaluation-ecological-041,0.625,ecological,1,0.4132108200903546,prior,g,0.05398483044628483,0.7625737334217348,0.22705549738776418,0.5189890632059906,0.70858890297545
0.004475083945852276,evaluation-ecological-041,0.6011177599449362,ecological,1,4.277680824025303,published,r,4.235651103433241,4.3226293662526905,0.026827232285374095,4.2821559079711555,0.08697826281944909
0.005240935094576571,evaluation-ecological-041,0.3495924445725248,ecological,1,2.618964267555704,published,b,2.5900344759411182,2.64613466980043,0.016798468035453876,2.6137233324611273,0.056100193859311975
0.016014699216470363,evaluation-ecological-041,0.7716451767573927,ecological,1,0.5029743639895202,published,g,0.46906536667580206,0.5383489132334492,0.02084114228549404,0.5189890632059906,0.06928354655764718
0.0047735837418123594,evaluation-ecological-041,0.5748833313967845,ecological,1,4.277382324229343,higher_compute,r,4.234022293866107,4.322579657828396,0.027227583006854884,4.2821559079711555,0.08855736396228941
0.004890206396873875,evaluation-ecological-041,0.3720756731778166,ecological,1,2.618613538858001,higher_compute,b,2.5900488840986235,2.645444923559249,0.01689055316320216,2.6137233324611273,0.055396039460625435
0.015097959463297617,evaluation-ecological-041,0.7546267131095703,ecological,1,0.503891103742693,higher_compute,g,0.46881066248730213,0.5380572804873143,0.021378146940183647,0.5189890632059906,0.06924661800001214
0.00515779213802503,evaluation-ecological-041,0.5811250000000001,ecological,1,4.2769981158331305,reference,r,4.233132574016036,4.323515074954125,0.027372706000326853,4.2821559079711555,0.0903825009380892
0.005080723268576115,evaluation-ecological-041,0.3741875000000001,ecological,1,2.6188040557297034,reference,b,2.5904811945509234,2.6466863825193516,0.016876261930687232,2.6137233324611273,0.056205187968428216
0.015085635027491051,evaluation-ecological-041,0.7587500000000003,ecological,1,0.5039034281784995,reference,g,0.46619293746123464,0.5378283406255185,0.021671935162058363,0.5189890632059906,0.0716354031642839
0.38435580676030767,evaluation-ecological-042,0.541015625,ecological,1,5.098412302911367,prior,r,2.2816929438890745,7.699969372165722,1.7743469483421501,5.4827681096716745,5.418276428276647
0.4869928558552048,evaluation-ecological-042,0.6953125,ecological,1,1.7126707362687612,prior,b,0.5983069034489942,2.8837147032844697,0.7333458243234758,2.199663592123966,2.2854077998354754
0.0057311457704321,evaluation-ecological-042,0.501953125,ecological,1,0.39559413558645085,prior,g,0.039616128597394,0.7643623304720396,0.23740238709303738,0.38986298981601875,0.7247462018746456
0.0426945116263342,evaluation-ecological-042,0.06904301178596196,ecological,1,5.525462621298009,published,r,5.479048981080204,5.578230299498176,0.029925696059802786,5.4827681096716745,0.09918131841797173
0.01701386805392069,evaluation-ecological-042,0.8269662858900082,ecological,1,2.1826497240700453,published,b,2.1552711999697953,2.211904542037531,0.017346237331131872,2.199663592123966,0.056633342067735626
0.01549038322288565,evaluation-ecological-042,0.7214028607209186,ecological,1,0.3743726065931331,published,g,0.33319913102901355,0.41106832675227123,0.023908987096011764,0.38986298981601875,0.07786919572325768
0.04116776041208681,evaluation-ecological-042,0.0804910462493646,ecological,1,5.523935870083761,higher_compute,r,5.475490118537312,5.572945594657896,0.02986907220809267,5.4827681096716745,0.09745547612058392
0.017056158171827818,evaluation-ecological-042,0.8382934395580132,ecological,1,2.182607433952138,higher_compute,b,2.1531701769479747,2.211160174964552,0.01746168706649469,2.199663592123966,0.05798999801657745
0.013965641459615985,evaluation-ecological-042,0.7220769577912811,ecological,1,0.37589734835640276,higher_compute,g,0.3375492539946615,0.4126049425068642,0.023315843539719803,0.38986298981601875,0.07505568851220268
0.041848151968522984,evaluation-ecological-042,0.06575000000000003,ecological,1,5.5246162616401975,reference,r,5.477904301610115,5.575152384169911,0.02906083742090534,5.4827681096716745,0.09724808255979589
0.017366970277158167,evaluation-ecological-042,0.8344375000000003,ecological,1,2.182296621846808,reference,b,2.15292770668049,2.210434139970098,0.017655556641329107,2.199663592123966,0.057506433289607806
0.014118365365439256,evaluation-ecological-042,0.7273750000000002,ecological,1,0.3757446244505795,reference,g,0.3365950618805125,0.41294891882250495,0.022911600169049855,0.38986298981601875,0.07635385694199243
0.49062500991080515,evaluation-ecological-043,0.4140625,ecological,1,5.0299474387706775,prior,r,2.376215077290184,7.696573879746494,1.686115146528762,4.539322428859872,5.32035880245631
0.5359669878556423,evaluation-ecological-043,0.734375,ecological,1,1.7459379144941454,prior,b,0.6401605652605618,2.8844023342649048,0.7087136851166341,2.2819049023497877,2.244241769004343
0.04706537399915689,evaluation-ecological-043,0.435546875,ecological,1,0.3987090441541962,prior,g,0.041633394791842096,0.7618451500474038,0.23281926382847903,0.35164367015503933,0.7202117552555617
0.018273752615336036,evaluation-ecological-043,0.7446310611172315,ecological,1,4.521048676244536,published,r,4.473500775841984,4.568817572701226,0.028575809290419776,4.539322428859872,0.0953167968592421
0.034591375176441286,evaluation-ecological-043,0.03926524735141423,ecological,0,2.316496277526229,published,b,2.2836806649877617,2.3474292336754092,0.019513133823694025,2.2819049023497877,0.06374856868764756
0.006804963321793589,evaluation-ecological-043,0.5787554634526053,ecological,1,0.34483870683324575,published,g,0.30547025506155107,0.3801953701965438,0.022839323239439564,0.35164367015503933,0.07472511513499275
0.015450664365571853,evaluation-ecological-043,0.7219186831939322,ecological,1,4.5238717644943005,higher_compute,r,4.4788132280375414,4.572750564666844,0.028343690919959814,4.539322428859872,0.09393733662930259
0.032921266273458816,evaluation-ecological-043,0.051639461314742285,ecological,1,2.3148261686232465,higher_compute,b,2.2816710980705626,2.346741645479167,0.019969234703466513,2.2819049023497877,0.06507054740860463
0.008685135472663918,evaluation-ecological-043,0.64482879502984,ecological,1,0.3429585346823754,higher_compute,g,0.30513202727108096,0.3799856212891934,0.022782749730022842,0.35164367015503933,0.07485359401811242
0.01695081591247316,evaluation-ecological-043,0.7363125000000001,ecological,1,4.522371612947399,reference,r,4.477995631606754,4.571038589185535,0.027694663064118785,4.539322428859872,0.09304295757878034
0.03349271703893564,evaluation-ecological-043,0.049250000000000016,ecological,0,2.3153976193887233,reference,b,2.2819568800953687,2.3472397093700526,0.01987238607608778,2.2819049023497877,0.06528282927468387
0.007508972705150774,evaluation-ecological-043,0.6270625000000001,ecological,1,0.34413469744988856,reference,g,0.3062903906104159,0.38130626224765785,0.022895831650606064,0.35164367015503933,0.07501587163724194
0.9531448052625828,evaluation-ecological-044,0.6513671875,ecological,1,5.025218012946496,prior,r,2.231025569806765,7.67773525505284,1.747762180727197,5.978362818209079,5.446709685246075
0.8244572180547023,evaluation-ecological-044,0.1640625,ecological,1,1.7546469724753524,prior,b,0.6383520167464748,2.876676301397243,0.7204057099059873,0.9301897544206501,2.2383242846507683
0.05216951602550307,evaluation-ecological-044,0.5712890625,ecological,1,0.39171761046174697,prior,g,0.04010537425268247,0.761251617882813,0.23105335946879166,0.44388712648725004,0.7211462436301306
0.015793832576934896,evaluation-ecological-044,0.6481355850742645,ecological,1,5.962568985632144,published,r,5.907840048202701,6.021354726720783,0.035523295560793415,5.978362818209079,0.11351467851808206
0.013672438999099201,evaluation-ecological-044,0.26757152574273735,ecological,1,0.9438621934197493,published,b,0.9078797524398659,0.9783792342838843,0.021923630492542156,0.9301897544206501,0.07049948184401844
0.010869907053029204,evaluation-ecological-044,0.34681370245085996,ecological,1,0.45475703354027924,published,g,0.4075359430446931,0.5015726313120655,0.029144867061214438,0.44388712648725004,0.09403668826737244
0.019295408882463505,evaluation-ecological-044,0.7272146106188654,ecological,1,5.959067409326615,higher_compute,r,5.905100036024156,6.017651805848992,0.03395125253668338,5.978362818209079,0.11255176982483572
0.01435154823204332,evaluation-ecological-044,0.24234552604386872,ecological,1,0.9445413026526934,higher_compute,b,0.9101370870768375,0.9788595157010577,0.020789388808604346,0.9301897544206501,0.06872242862422018
0.01325580091458095,evaluation-ecological-044,0.3063682317956761,ecological,1,0.457142927401831,higher_compute,g,0.4071524728590066,0.504101847378834,0.028826934393124934,0.44388712648725004,0.09694937451982744
0.01783040936794844,evaluation-ecological-044,0.7011875000000002,ecological,1,5.9605324088411304,reference,r,5.906886285975897,6.018669778400156,0.034492325864032815,5.978362818209079,0.11178349242425867
0.014137212322005599,evaluation-ecological-044,0.2581875000000001,ecological,1,0.9443269667426557,reference,b,0.9106057727683745,0.9783850407882954,0.020947635025185977,0.9301897544206501,0.06777926801992085
0.012402781899169713,evaluation-ecological-044,0.33743750000000006,ecological,1,0.45628990838641975,reference,g,0.40904804535956657,0.5043587678576673,0.029699473579332846,0.44388712648725004,0.09531072249810074
0.6595572933351708,evaluation-ecological-045,0.396484375,ecological,1,4.937324098693926,prior,r,2.379614926851482,7.66814665871523,1.6918523596282624,4.277766805358755,5.288531731863748
0.0203073688302704,evaluation-ecological-045,0.4931640625,ecological,1,1.735499606522052,prior,b,0.599339392031697,2.855246230532748,0.7250229869711818,1.7151922376917816,2.2559068385010512
0.24357231496311343,evaluation-ecological-045,0.7861328125,ecological,1,0.39714387472687857,prior,g,0.040456358415730295,0.7611619098371741,0.23608376346644308,0.640716189689992,0.7207055514214439
0.015169064207652738,evaluation-ecological-045,0.2885495801424324,ecological,1,4.292935869566408,published,r,4.250779988243414,4.333917685644868,0.02555775771188889,4.277766805358755,0.08313769740145371
0.007329824697057452,evaluation-ecological-045,0.6620634739255444,ecological,1,1.7078624129947242,published,b,1.6691845117075284,1.7464789573265818,0.023198622259844454,1.7151922376917816,0.07729444561905341
0.00015446019694542734,evaluation-ecological-045,0.508230295617258,ecological,1,0.6405617294930466,published,g,0.5992664038534278,0.6825762147219451,0.025181662835940973,0.640716189689992,0.0833098108685173
0.012968833923122425,evaluation-ecological-045,0.31982608456351413,ecological,1,4.290735639281878,higher_compute,r,4.248924215346881,4.335798522398363,0.026167273236417214,4.277766805358755,0.08687430705148191
0.003878926571261543,evaluation-ecological-045,0.5645416682547564,ecological,1,1.71131331112052,higher_compute,b,1.6724810345712129,1.748043329139337,0.023121504945382197,1.7151922376917816,0.07556229456812402
0.0014371252453875272,evaluation-ecological-045,0.5123101244298499,ecological,1,0.6392790644446045,higher_compute,g,0.5944392795087703,0.681325266602105,0.026397983129715228,0.640716189689992,0.08688598709333473
0.012696176357757771,evaluation-ecological-045,0.32212500000000005,ecological,1,4.290462981716513,reference,r,4.25043792314077,4.334879424111879,0.025706209433138807,4.277766805358755,0.08444150097110903
0.0046866773793941,evaluation-ecological-045,0.5696875000000001,ecological,1,1.7105055603123875,reference,b,1.6724355868708727,1.7471039618889002,0.022669612317155113,1.7151922376917816,0.07466837501802748
8.700848510567738e-07,evaluation-ecological-045,0.4893125000000002,ecological,1,0.6407153196051409,reference,g,0.5956536477990285,0.6832137551517328,0.026235135394464783,0.640716189689992,0.08756010735270425
0.40498532172546575,evaluation-ecological-046,0.5751953125,ecological,1,4.9407864225739,prior,r,2.2653961870019845,7.618030823555897,1.7113072860120868,5.345771744299366,5.352634636553913
0.21650961049109663,evaluation-ecological-046,0.408203125,ecological,1,1.7018065468733399,prior,b,0.6238604155962206,2.8377778073298923,0.704875015648847,1.4852969363822432,2.2139173917336716
0.19086359375670903,evaluation-ecological-046,0.251953125,ecological,1,0.4225945293464175,prior,g,0.05055465237713135,0.7613884477189178,0.22958994131672167,0.23173093558970848,0.7108337953417865
0.006320789627825896,evaluation-ecological-046,0.6128385969522814,ecological,1,5.33945095467154,published,r,5.29590859437742,5.392302884596987,0.029801582056315147,5.345771744299366,0.09639429021956669
0.014107892723084436,evaluation-ecological-046,0.7752030158244112,ecological,1,1.4711890436591588,published,b,1.440773056285913,1.5003448286439411,0.018105918753494148,1.4852969363822432,0.05957177235802824
0.017730288504206215,evaluation-ecological-046,0.23434895991586996,ecological,1,0.2494612240939147,published,g,0.20235139143431952,0.2917837272936859,0.026738766520818025,0.23173093558970848,0.08943233585936639
0.007464347405009342,evaluation-ecological-046,0.6163447099879107,ecological,1,5.338307396894357,higher_compute,r,5.292511459777669,5.38974573346177,0.0294167371168778,5.345771744299366,0.09723427368410142
0.01378099365993446,evaluation-ecological-046,0.7806435707929511,ecological,1,1.4715159427223088,higher_compute,b,1.4415558118441796,1.4991152659432214,0.01753308995014094,1.4852969363822432,0.05755945409904184
0.0185781319709325,evaluation-ecological-046,0.24227607937764742,ecological,1,0.250309067560641,higher_compute,g,0.20497775567774768,0.2930604335934227,0.02682220165304812,0.23173093558970848,0.08808267791567503
0.008175508012904231,evaluation-ecological-046,0.6204375000000001,ecological,1,5.337596236286462,reference,r,5.29168636437124,5.386385002973168,0.02875930022684671,5.345771744299366,0.09469863860192795
0.013995628430968132,evaluation-ecological-046,0.7778125000000002,ecological,1,1.4713013079512751,reference,b,1.4407679464372494,1.5001178980421759,0.01795041037757787,1.4852969363822432,0.05934995160492651
0.019607621424619803,evaluation-ecological-046,0.2314375000000001,ecological,1,0.2513385570143283,reference,g,0.20695976758918044,0.2943327046558503,0.026496400688964687,0.23173093558970848,0.08737293706666988
0.5469370003933935,evaluation-ecological-047,0.404296875,ecological,1,5.085449628493798,prior,r,2.286972317095093,7.691304667121389,1.7642403215183728,4.5385126281004045,5.404332350026296
0.8102866207961132,evaluation-ecological-047,0.8134765625,ecological,1,1.7452327106555514,prior,b,0.6261337062406402,2.8751102472228096,0.7321991452112111,2.5555193314516647,2.248976540982169
0.2171249565868083,evaluation-ecological-047,0.2421875,ecological,1,0.4077917190881989,prior,g,0.044593961462108124,0.7653837574771672,0.2371781025030503,0.19066676250139059,0.7207897960150591
0.06086354296991381,evaluation-ecological-047,0.010233378789467706,ecological,0,4.599376171070318,published,r,4.556544466021172,4.645616559302014,0.027704982867000037,4.5385126281004045,0.08907209328084242
0.031461275951997436,evaluation-ecological-047,0.9685774769766176,ecological,0,2.524058055499667,published,b,2.4966025986985954,2.551403270444516,0.016358744698356777,2.5555193314516647,0.05480067174592085
0.029936403872711514,evaluation-ecological-047,0.9085285568537649,ecological,1,0.16073035862867907,published,g,0.1217759497561912,0.19509793081365362,0.022170801076973782,0.19066676250139059,0.07332198105746242
0.060280200802613315,evaluation-ecological-047,0.014874965586972601,ecological,0,4.598792828903018,higher_compute,r,4.554975971692046,4.645627053310265,0.027625988602838672,4.5385126281004045,0.09065108161821911
0.03115280946524912,evaluation-ecological-047,0.9711501293415556,ecological,0,2.5243665219864155,higher_compute,b,2.495642466218532,2.551077980207009,0.016899982418004778,2.5555193314516647,0.055435513988477236
0.029890616882909976,evaluation-ecological-047,0.917461252994867,ecological,1,0.1607761456184806,higher_compute,g,0.12453459168897452,0.19624467523241426,0.02164556078889385,0.19066676250139059,0.07171008354343975
0.05946871266347831,evaluation-ecological-047,0.009375000000000001,ecological,0,4.597981340763883,reference,r,4.553845915429097,4.642468177418904,0.02670439835324875,4.5385126281004045,0.08862226198980672
0.030464410336712433,evaluation-ecological-047,0.9640000000000004,ecological,0,2.5250549211149522,reference,b,2.498349334426089,2.5526085814208286,0.016528000364247272,2.5555193314516647,0.054259246994739385
0.02979004577649491,evaluation-ecological-047,0.9246875000000003,ecological,1,0.16087671672489567,reference,g,0.12442936779335292,0.1942299055349916,0.0214117771550088,0.19066676250139059,0.06980053774163866
1.4607760382283788,evaluation-ecological-048,0.7451171875,ecological,1,4.870588843960387,prior,r,2.2015480389484576,7.664816877879012,1.74749935102051,6.331364882188765,5.463268838930555
0.5200962631222261,evaluation-ecological-048,0.2939453125,ecological,1,1.7712422763719062,prior,b,0.6111753939845779,2.8896178226096128,0.7232880582680884,1.2511460132496801,2.278442428625035
0.3364998567792763,evaluation-ecological-048,0.0830078125,ecological,1,0.409723005773421,prior,g,0.04593706970654753,0.7682849550193822,0.2314013147493139,0.07322314899414475,0.7223478853128347
0.07890727469491843,evaluation-ecological-048,0.9691981440758073,ecological,0,6.252457607493847,published,r,6.18094838000909,6.323836585947805,0.04499007261977495,6.331364882188765,0.1428882059387151
0.00295386461277114,evaluation-ecological-048,0.5494906844640995,ecological,1,1.248192148636909,published,b,1.2137159373200817,1.2865117287971903,0.021619364849581914,1.2511460132496801,0.07279579147710868
0.044386045292748144,evaluation-ecological-048,0.07000078368835705,ecological,1,0.1176091942868929,published,g,0.06799539298430025,0.1637352306159209,0.028980610184795537,0.07322314899414475,0.09573983763162065
0.08146670374826392,evaluation-ecological-048,0.9602954623405924,ecological,0,6.249898178440501,higher_compute,r,6.17743456500082,6.326465068024384,0.045517994248643584,6.331364882188765,0.1490305030235639
0.0015779870443723976,evaluation-ecological-048,0.5283157108086096,ecological,1,1.2495680262053077,higher_compute,b,1.2144910798986606,1.2848131765422894,0.021431889113751122,1.2511460132496801,0.07032209664362887
0.04466004708857699,evaluation-ecological-048,0.0684069286846466,ecological,1,0.11788319608272174,higher_compute,g,0.06754984897711497,0.16257323397431014,0.02889488101032478,0.07322314899414475,0.09502338499719518
0.0800835145515908,evaluation-ecological-048,0.9606875000000004,ecological,0,6.251281367637175,reference,r,6.175766787362575,6.326566170059115,0.04608449914502868,6.331364882188765,0.15079938269654036
0.0018093818927471528,evaluation-ecological-048,0.5315625,ecological,1,1.249336631356933,reference,b,1.2131978071854896,1.2849065783230658,0.021801899241745446,1.2511460132496801,0.07170877113757612
0.04347980458682754,evaluation-ecological-048,0.07400000000000001,ecological,1,0.1167029535809723,reference,g,0.06673642124982596,0.1628991003162131,0.029322296071617415,0.07322314899414475,0.09616267906638715
0.7857441972549335,evaluation-ecological-049,0.626953125,ecological,1,5.008639175890941,prior,r,2.36605480865141,7.669882052766767,1.6908644798233397,5.794383373145875,5.303827244115357
0.8914151969461792,evaluation-ecological-049,0.13671875,ecological,1,1.7716071266436515,prior,b,0.6560756879876997,2.8733960112450614,0.7241099643198673,0.8801919296974723,2.2173203232573617
0.12688560650689967,evaluation-ecological-049,0.3486328125,ecological,1,0.40429972394003033,prior,g,0.04844118878055192,0.7667614208307951,0.23171787930187332,0.27741411743313066,0.7183202320502432
0.014054424814535338,evaluation-ecological-049,0.3238902986707317,ecological,1,5.80843779796041,published,r,5.758751861111394,5.861891523192274,0.03168656785211486,5.794383373145875,0.10313966208088043
0.01924516428912315,evaluation-ecological-049,0.7999245456110272,ecological,1,0.8609467654083491,published,b,0.8245915906710086,0.8960701305001835,0.02150280539386763,0.8801919296974723,0.07147853982917485
0.001959083952113805,evaluation-ecological-049,0.514315706486685,ecological,1,0.27545503348101685,published,g,0.22195219191062734,0.3227066907379355,0.03000434376586869,0.27741411743313066,0.10075449882730816
0.016093490465500793,evaluation-ecological-049,0.31005497516496416,ecological,1,5.810476863611376,higher_compute,r,5.760942615100679,5.865166175298656,0.03129276562532452,5.794383373145875,0.10422356019797707
0.02099903380442414,evaluation-ecological-049,0.8279093843379421,ecological,1,0.8591928958930481,higher_compute,b,0.822643556108073,0.8938605797993401,0.021700026960811553,0.8801919296974723,0.07121702369126703
0.0025927795907688123,evaluation-ecological-049,0.5349400296940353,ecological,1,0.27482133784236185,higher_compute,g,0.22581342739258178,0.32237306100255125,0.02925351043773941,0.27741411743313066,0.09655963360996947
0.015826638879397947,evaluation-ecological-049,0.31731250000000005,ecological,1,5.810210012025273,reference,r,5.761342008750111,5.863199096140381,0.030840398694225248,5.794383373145875,0.10185708739027
0.020902499586696432,evaluation-ecological-049,0.8385625000000003,ecological,1,0.8592894301107759,reference,b,0.8236460817162177,0.8931819697407375,0.02122633859379685,0.8801919296974723,0.06953588802451982
0.00200152107946322,evaluation-ecological-049,0.5196875000000003,ecological,1,0.27541259635366744,reference,g,0.22726577517246654,0.3218113066954447,0.02881662326516404,0.27741411743313066,0.09454553152297818
2.223932886444476,evaluation-ecological-050,0.123046875,ecological,1,5.03427943384677,prior,r,2.346750719545028,7.690642885849959,1.7190826855221222,2.8103465474022937,5.343892166304931
0.14644637503052227,evaluation-ecological-050,0.4296875,ecological,1,1.761218328106994,prior,b,0.6458297286913101,2.8468152951971213,0.7005786133516207,1.6147719530764717,2.2009855665058113
0.24319673928202032,evaluation-ecological-050,0.2080078125,ecological,1,0.3987016040502862,prior,g,0.05011565917184666,0.7676672019013759,0.23531837107518727,0.1555048647682659,0.7175515427295293
0.00861656957257173,evaluation-ecological-050,0.3942399137033886,ecological,1,2.8189631169748655,published,r,2.7763632398833513,2.8649377629810053,0.026608264547859767,2.8103465474022937,0.08857452309765401
0.008014099221152593,evaluation-ecological-050,0.3913452380167453,ecological,1,1.6227860522976243,published,b,1.578462191087734,1.6665856149033729,0.027535471288472696,1.6147719530764717,0.08812342381563898
0.010454023155355735,evaluation-ecological-050,0.5757437063888692,ecological,1,0.14505084161291015,published,g,0.07559529109090225,0.2113229850577693,0.04064571318653654,0.1555048647682659,0.13572769396686707
0.008431549853442188,evaluation-ecological-050,0.38099464071732275,ecological,1,2.818778097255736,higher_compute,r,2.775262005354194,2.862011454664085,0.026834423777969067,2.8103465474022937,0.08674944930989081
0.009080335410566853,evaluation-ecological-050,0.37765573664725943,ecological,1,1.6238522884870386,higher_compute,b,1.575092992894799,1.6710136216424076,0.02910174314837064,1.6147719530764717,0.09592062874760865
0.01184620060119515,evaluation-ecological-050,0.6228125851947026,ecological,1,0.14365866416707074,higher_compute,g,0.07926062734682914,0.21009451673891988,0.0400832070863117,0.1555048647682659,0.13083388939209073
0.008777848196158455,evaluation-ecological-050,0.37193750000000014,ecological,1,2.819124395598452,reference,r,2.7747970950971084,2.8638736152985493,0.026679735241201402,2.8103465474022937,0.08907652020144097
0.008705597373651397,evaluation-ecological-050,0.38037500000000013,ecological,1,1.623477550450123,reference,b,1.5764600067330565,1.67060994417861,0.02848130084437748,1.6147719530764717,0.09414993744555344
0.011735165686835025,evaluation-ecological-050,0.6133750000000001,ecological,1,0.14376969908143086,reference,g,0.07700949932820403,0.210307625268759,0.04013724269653406,0.1555048647682659,0.13329812594055498
1.1481521243329036,evaluation-ecological-051,0.69140625,ecological,1,5.07057510013249,prior,r,2.385008478433425,7.738627402323308,1.723545072294281,6.218727224465393,5.353618923889883
0.4185156129317713,evaluation-ecological-051,0.3447265625,ecological,1,1.7558454593785013,prior,b,0.6497452192778267,2.8746384600134514,0.7265994335475695,1.33732984644673,2.2248932407356246
0.09071045159251928,evaluation-ecological-051,0.61328125,ecological,1,0.39946981183883357,prior,g,0.03835786460981185,0.7496517231881631,0.2262120029099142,0.49018026343135285,0.7112938585783513
0.004577834207724507,evaluation-ecological-051,0.46192459650819584,ecological,1,6.223305058673118,published,r,6.176209142706621,6.271980775252941,0.028581254438927797,6.218727224465393,0.09577163254632026
0.012055263797799531,evaluation-ecological-051,0.22919803389157173,ecological,1,1.3493851102445296,published,b,1.320675426094794,1.3759199611443078,0.01657374786941176,1.33732984644673,0.055244535049513877
0.00659004721083617,evaluation-ecological-051,0.6149669914414376,ecological,1,0.4835902162205167,published,g,0.44432691102799643,0.5232809593911298,0.02364357283246984,0.49018026343135285,0.07895404836313341
0.005148892663119575,evaluation-ecological-051,0.43432343073848867,ecological,1,6.223876117128513,higher_compute,r,6.1786036980084935,6.272579183084619,0.028295959148789077,6.218727224465393,0.09397548507612541
0.012383630139612745,evaluation-ecological-051,0.2298507309804427,ecological,1,1.3497134765863428,higher_compute,b,1.3216151802632001,1.3773155076719072,0.016899187621397114,1.33732984644673,0.05570032740870712
0.007008077719984851,evaluation-ecological-051,0.6154621239575877,ecological,1,0.483172185711368,higher_compute,g,0.44431010903889173,0.5212202977097142,0.023249065175355826,0.49018026343135285,0.0769101886708225
0.005377082276568856,evaluation-ecological-051,0.43550000000000016,ecological,1,6.224104306741962,reference,r,6.17893002524056,6.272093562304451,0.028593130992534157,6.218727224465393,0.0931635370638908
0.012265256256117851,evaluation-ecological-051,0.2226875000000001,ecological,1,1.3495951027028479,reference,b,1.3228220154107904,1.375867522187073,0.016317341402543595,1.33732984644673,0.053045506776282725
0.007321518544440131,evaluation-ecological-051,0.6146250000000001,ecological,1,0.4828587448869127,reference,g,0.44353738991497943,0.5197607857299309,0.023572001661169056,0.49018026343135285,0.07622339581495147
0.496861973293413,evaluation-ecological-052,0.412109375,ecological,1,5.018537906499814,prior,r,2.310546346123719,7.662171559394017,1.717709438599724,4.521675933206401,5.351625213270298
0.6645232837198183,evaluation-ecological-052,0.23828125,ecological,1,1.7574916116598591,prior,b,0.6176562879662794,2.880995109448317,0.7264766759295319,1.0929683279400408,2.2633388214820376
0.20813399410186234,evaluation-ecological-052,0.23046875,ecological,1,0.39809543960473515,prior,g,0.04581302326842972,0.7523071630979156,0.22896702347813047,0.1899614455028728,0.7064941398294858
0.03714795086872069,evaluation-ecological-052,0.855344706261821,ecological,1,4.4845279823376805,published,r,4.429860817888911,4.544278108319261,0.034481060036962365,4.521675933206401,0.11441729043035043
0.037272489779971885,evaluation-ecological-052,0.059322092789325195,ecological,1,1.1302408177200127,published,b,1.0909317656959165,1.169027793505862,0.024186290373728225,1.0929683279400408,0.0780960278099454
0.03795784754512016,evaluation-ecological-052,0.14349782214752127,ecological,1,0.22791929304799297,published,g,0.1640456684763822,0.2868800913264053,0.03659798431122582,0.1899614455028728,0.1228344228500231
0.038496072861844866,evaluation-ecological-052,0.8702446279064623,ecological,1,4.483179860344556,higher_compute,r,4.430458333745747,4.541711359413094,0.033739645561910434,4.521675933206401,0.11125302566734696
0.037011509655136665,evaluation-ecological-052,0.07086826907971529,ecological,1,1.1299798375951775,higher_compute,b,1.0879469360303646,1.1687887617738166,0.024483104792869033,1.0929683279400408,0.080841825743452
0.040237297017110984,evaluation-ecological-052,0.13159558260600862,ecological,1,0.2301987425199838,higher_compute,g,0.17044684532799442,0.2862898101374524,0.035600406485564916,0.1899614455028728,0.115842964809458
0.03727729203430208,evaluation-ecological-052,0.8587500000000003,ecological,1,4.484398641172099,reference,r,4.431422927619822,4.54552074594928,0.034802736364785675,4.521675933206401,0.11409781832945765
0.036066868069168034,evaluation-ecological-052,0.07812500000000001,ecological,1,1.1290351960092089,reference,b,1.087256885109373,1.1688574514928691,0.024807909039735274,1.0929683279400408,0.08160056638349622
0.039303610634354946,evaluation-ecological-052,0.14337500000000003,ecological,1,0.22926505613722775,reference,g,0.1658287185103984,0.2858132786390317,0.03638037197215093,0.1899614455028728,0.11998456012863332
0.823986757329588,evaluation-ecological-053,0.341796875,ecological,1,5.019465816791657,prior,r,2.504045959972048,7.729749914375621,1.6644436388278112,4.195479059462069,5.225703954403573
1.0118542971227318,evaluation-ecological-053,0.1015625,ecological,1,1.7723179915256564,prior,b,0.6320899591936521,2.8985372826367257,0.721046315295262,0.7604636944029246,2.2664473234430735
0.16716733265143424,evaluation-ecological-053,0.72265625,ecological,1,0.40388972222546315,prior,g,0.04256266240629615,0.750181156104829,0.22440498447656473,0.5710570548768974,0.7076184936985329
0.029938293690945805,evaluation-ecological-053,0.845631474298563,ecological,1,4.165540765771123,published,r,4.117474549579251,4.217550765928666,0.031043440784220982,4.195479059462069,0.10007621634941533
0.011211466652584878,evaluation-ecological-053,0.3018855617841524,ecological,1,0.7716751610555095,published,b,0.7359356119210727,0.8058980698181929,0.021062649873911956,0.7604636944029246,0.06996245789712019
0.015069257358452992,evaluation-ecological-053,0.3347361830747255,ecological,1,0.5861263122353504,published,g,0.5233401241608187,0.6441316938731801,0.036210635036886124,0.5710570548768974,0.12079156971236149
0.031114466537121466,evaluation-ecological-053,0.8384150457500077,ecological,1,4.164364592924947,higher_compute,r,4.113997662783574,4.2183871895859175,0.03147237505770129,4.195479059462069,0.10438952680234337
0.010366349676435682,evaluation-ecological-053,0.3155247026291738,ecological,1,0.7708300440793603,higher_compute,b,0.7348867374509815,0.8051625257253491,0.021585402444183464,0.7604636944029246,0.07027578827436753
0.018115052343340654,evaluation-ecological-053,0.3001453812322133,ecological,1,0.589172107220238,higher_compute,g,0.5282437799200774,0.648769002608432,0.036708323582899764,0.5710570548768974,0.12052522268835453
0.03274357726113486,evaluation-ecological-053,0.8512500000000003,ecological,1,4.162735482200934,reference,r,4.112445659963293,4.2151197174037645,0.031003544164386186,4.195479059462069,0.10267405744047142
0.01058069835808384,evaluation-ecological-053,0.31068750000000006,ecological,1,0.7710443927610084,reference,b,0.735407061095489,0.8055951409756109,0.021530025745441123,0.7604636944029246,0.07018807988012188
0.019457585160630453,evaluation-ecological-053,0.29200000000000004,ecological,1,0.5905146400375278,reference,g,0.5299610853997028,0.6508319118037302,0.03684645412082747,0.5710570548768974,0.12087082640402746
1.1809098920719618,evaluation-ecological-054,0.296875,ecological,1,5.040919888733057,prior,r,2.3533032655733988,7.645164923333595,1.6813016985138258,3.860009996661095,5.291861657760196
0.3918919153617171,evaluation-ecological-054,0.35546875,ecological,1,1.7901164158157852,prior,b,0.6268799929464407,2.8793627277222047,0.7289419237004904,1.398224500454068,2.252482734775764
0.2111099279268731,evaluation-ecological-054,0.76953125,ecological,1,0.40272888097571746,prior,g,0.0431895899821995,0.7566150659640324,0.2300793361217941,0.6138388089025906,0.7134254759818329
0.051881553185120666,evaluation-ecological-054,0.0185546875,ecological,0,3.9118915498462155,published,r,3.870247102922701,3.957335468446634,0.026953584328688256,3.860009996661095,0.08708836552393295
0.06286712152218121,evaluation-ecological-054,0.998046875,ecological,0,1.3353573789318869,published,b,1.290386416860996,1.377869730164629,0.026568755233617253,1.398224500454068,0.08748331330363301
0.009763650909764499,evaluation-ecological-054,0.6669921875,ecological,1,0.6040751579928261,published,g,0.5589239855918292,0.648891848243747,0.026757452141838056,0.6138388089025906,0.08996786265191781
0.05161303655387517,evaluation-ecological-054,0.02026367187500001,ecological,0,3.91162303321497,higher_compute,r,3.869379414033731,3.9567538297209635,0.02690954181849881,3.860009996661095,0.08737441568723225
0.06401622620026148,evaluation-ecological-054,0.9946289062500004,ecological,0,1.3342082742538066,higher_compute,b,1.288706149245691,1.3768187050892213,0.0265113170462255,1.398224500454068,0.08811255584353028
0.009297362140712973,evaluation-ecological-054,0.6240234375000003,ecological,1,0.6045414467618776,higher_compute,g,0.5579869460839976,0.6498534212035689,0.027816502777373783,0.6138388089025906,0.09186647511957136
0.04984370933725968,evaluation-ecological-054,0.02775000000000001,ecological,0,3.9098537059983545,reference,r,3.8678034203405036,3.957221653589426,0.026995812172517446,3.860009996661095,0.08941823324892217
0.06161469553349597,evaluation-ecological-054,0.9902500000000004,ecological,0,1.3366098049205721,reference,b,1.2914911171903394,1.3802064780506293,0.02702802871550739,1.398224500454068,0.08871536086028997
0.008620950143351847,evaluation-ecological-054,0.61775,ecological,1,0.6052178587592387,reference,g,0.5594447553449927,0.6492322633095435,0.02746891377972401,0.6138388089025906,0.08978750796455082
0.9545067600935573,evaluation-ecological-055,0.66015625,ecological,1,4.982741795577169,prior,r,2.2998622470103056,7.796501095193213,1.778108555017749,5.937248555670727,5.496638848182908
0.5553250482299834,evaluation-ecological-055,0.2822265625,ecological,1,1.7572215381815515,prior,b,0.6359513779350165,2.904280585920791,0.7261008822033238,1.201896489951568,2.2683292079857744
0.17222662562371033,evaluation-ecological-055,0.2802734375,ecological,1,0.39719614331298947,prior,g,0.036563205015453536,0.7553318143388658,0.2309296274025319,0.22496951768927914,0.7187686093234122
0.035579099060676356,evaluation-ecological-055,0.16327850987620993,ecological,1,5.972827654731403,published,r,5.913429311856768,6.0314598290074315,0.03658302372078522,5.937248555670727,0.1180305171506637
0.007403410474141836,evaluation-ecological-055,0.6335724071703721,ecological,1,1.1944930794774262,published,b,1.1631556511070935,1.223407795575343,0.019060575462747344,1.201896489951568,0.06025214446824956
0.02510326222153697,evaluation-ecological-055,0.7914000789166002,ecological,1,0.19986625546774217,published,g,0.1483380265395721,0.2494526340000495,0.031027699037965602,0.22496951768927914,0.1011146074604774
0.03483403542797703,evaluation-ecological-055,0.15161738881565695,ecological,1,5.972082591098704,higher_compute,r,5.914087639999854,6.03298478710035,0.03554449247271011,5.937248555670727,0.11889714710049581
0.006754302024193803,evaluation-ecological-055,0.6431559580010304,ecological,1,1.1951421879273743,higher_compute,b,1.1636676868224267,1.2251087606677822,0.01870306519152597,1.201896489951568,0.061441073845355465
0.02370015861394953,evaluation-ecological-055,0.7847043336961128,ecological,1,0.2012693590753296,higher_compute,g,0.15021092733088554,0.2493746960698978,0.029935483943607906,0.22496951768927914,0.09916376873901225
0.03347207246376982,evaluation-ecological-055,0.17293750000000005,ecological,1,5.970720628134496,reference,r,5.914319714985807,6.03170122566824,0.03617179483940761,5.937248555670727,0.1173815106824323
0.0069360208042146265,evaluation-ecological-055,0.6276250000000001,ecological,1,1.1949604691473534,reference,b,1.1624377914501522,1.2249673122903528,0.01912349432827582,1.201896489951568,0.06252952084020058
0.02214774688986043,evaluation-ecological-055,0.7545000000000002,ecological,1,0.2028217707994187,reference,g,0.15101977035480071,0.2508769380451388,0.030645939292939343,0.22496951768927914,0.09985716769033806
1.1640958588648882,evaluation-ecological-056,0.6962890625,ecological,1,5.103634703184799,prior,r,2.2507919785502706,7.678208050941378,1.706247553038993,6.267730562049687,5.427416072391107
0.31919780942674114,evaluation-ecological-056,0.380859375,ecological,1,1.7128507800427726,prior,b,0.5899708220912624,2.884848254685291,0.7439303887707261,1.3936529706160314,2.2948774325940287
0.018332678079342024,evaluation-ecological-056,0.4814453125,ecological,1,0.39072524754404314,prior,g,0.03856666038167945,0.7504311584383672,0.22883302966274344,0.3723925694647011,0.7118644980566877
0.02087578490080233,evaluation-ecological-056,0.7373046875,ecological,1,6.246854777148885,published,r,6.189209195792545,6.313593933407217,0.037120851446304254,6.267730562049687,0.1243847376146725
0.006101447250868475,evaluation-ecological-056,0.623046875,ecological,1,1.387551523365163,published,b,1.354805113602983,1.4208412699029769,0.019622355457066698,1.3936529706160314,0.06603615629999382
0.021970657618766487,evaluation-ecological-056,0.193359375,ecological,1,0.3943632270834676,published,g,0.35575892713562113,0.4336646544971905,0.02452704120584602,0.3723925694647011,0.07790572736156937
0.019469980929159192,evaluation-ecological-056,0.716772506082759,ecological,1,6.248260581120528,higher_compute,r,6.189342741605762,6.313676151911723,0.036986569289539736,6.267730562049687,0.12433341030596168
0.004840923804567465,evaluation-ecological-056,0.5904988763417018,ecological,1,1.388812046811464,higher_compute,b,1.3556438002582654,1.4192604684482946,0.019194927652265645,1.3936529706160314,0.0636166681900292
0.019778810699421667,evaluation-ecological-056,0.20476913813369146,ecological,1,0.3921713801641228,higher_compute,g,0.3505351360146072,0.43260833514256875,0.02496267049212123,0.3723925694647011,0.08207319912796157
0.020045490539221333,evaluation-ecological-056,0.7065625000000002,ecological,1,6.247685071510466,reference,r,6.189944830161465,6.310021822531711,0.036825341491099,6.267730562049687,0.1200769923702465
0.005544068991574891,evaluation-ecological-056,0.5992500000000001,ecological,1,1.3881089016244565,reference,b,1.3551200074908751,1.4193413214534207,0.01948375610810187,1.3936529706160314,0.0642213139625456
0.020584623721963347,evaluation-ecological-056,0.20325000000000007,ecological,1,0.39297719318666446,reference,g,0.3512843151179808,0.4309826557946719,0.024614782108693004,0.3723925694647011,0.07969834067669107
1.5823740178105563,evaluation-ecological-057,0.2412109375,ecological,1,4.979917139116994,prior,r,2.335571144977799,7.681583612322648,1.7213717696199857,3.3975431213064375,5.346012467344849
0.4606448360690183,evaluation-ecological-057,0.7001953125,ecological,1,1.7690408893734824,prior,b,0.6283270617988407,2.87370212643694,0.7073073467016469,2.2296857254425007,2.245375064638099
0.023891795454114073,evaluation-ecological-057,0.548828125,ecological,1,0.39639950759867065,prior,g,0.04918387752880854,0.7502032898939109,0.22546400937396954,0.4202913030527847,0.7010194123651023
0.010536093801169155,evaluation-ecological-057,0.6493687178458728,ecological,1,3.3870070275052684,published,r,3.3450429370846257,3.4260251580238488,0.024984366939643166,3.3975431213064375,0.08098222093922303
0.015888849537183614,evaluation-ecological-057,0.7420803488476666,ecological,1,2.213796875905317,published,b,2.177951043459546,2.250107354526535,0.022997358328163256,2.2296857254425007,0.07215631106698916
0.04140517823455575,evaluation-ecological-057,0.05614626453150755,ecological,1,0.4616964812873405,published,g,0.4186656368554475,0.5016333866417,0.02583607898535466,0.4202913030527847,0.08296774978625249
0.011746975995920117,evaluation-ecological-057,0.6931842451443899,ecological,1,3.3857961453105174,higher_compute,r,3.3473447672138783,3.4261929767770294,0.024110199937138962,3.3975431213064375,0.07884820956315108
0.014202897028378736,evaluation-ecological-057,0.7284404647163334,ecological,1,2.215482828414122,higher_compute,b,2.178082949999865,2.2529966131717742,0.022900059605883538,2.2296857254425007,0.0749136631719094
0.04150947040900971,evaluation-ecological-057,0.05977391944582017,ecological,1,0.46180077346179443,higher_compute,g,0.4175153513517418,0.5037766867018044,0.02586856566112065,0.4202913030527847,0.08626133535006264
0.011713961070198842,evaluation-ecological-057,0.6805000000000001,ecological,1,3.3858291602362387,reference,r,3.3448681725495684,3.4287154748363955,0.025506389899377306,3.3975431213064375,0.08384730228682713
0.015035196389442618,evaluation-ecological-057,0.7308125000000002,ecological,1,2.214650529053058,reference,b,2.1755977683186654,2.2519142825109038,0.023128106042878745,2.2296857254425007,0.0763165141922384
0.042455830637973424,evaluation-ecological-057,0.06868750000000001,ecological,1,0.46274713369075815,reference,g,0.415026776537327,0.5068851576144392,0.027410277794469758,0.4202913030527847,0.0918583810771122
0.8231209852205517,evaluation-ecological-058,0.37109375,ecological,1,4.922102233732041,prior,r,2.314714120628909,7.730472658743175,1.7162234841166142,4.098981248511489,5.415758538114266
0.008414290168266003,evaluation-ecological-058,0.4970703125,ecological,1,1.7390990722918611,prior,b,0.618243025370445,2.87570250061829,0.7115572377536531,1.7475133624601271,2.257459475247845
0.21427666077715124,evaluation-ecological-058,0.765625,ecological,1,0.38795903713458135,prior,g,0.033529837048340685,0.7515731970323667,0.22917016900063533,0.6022356979117326,0.718043359984026
0.004728234758563765,evaluation-ecological-058,0.45532618787314305,ecological,1,4.103709483270053,published,r,4.055654674302722,4.149999987021403,0.02849048588066362,4.098981248511489,0.09434531271868085
0.013002022140844671,evaluation-ecological-058,0.7037103120574092,ecological,1,1.7345113403192824,published,b,1.6981776088731835,1.773625875994594,0.022978816081664598,1.7475133624601271,0.0754482671214105
0.005549724340683793,evaluation-ecological-058,0.4084541611682838,ecological,1,0.6077854222524164,published,g,0.5622944539285111,0.6520007046210968,0.02825897761469928,0.6022356979117326,0.08970625069258575
0.0032476582506300034,evaluation-ecological-058,0.46143749112197263,ecological,1,4.102228906762119,higher_compute,r,4.055138352632851,4.152618314908258,0.02988071303551707,4.098981248511489,0.09747996227540678
0.012881509700493732,evaluation-ecological-058,0.7101182638353748,ecological,1,1.7346318527596334,higher_compute,b,1.6968282503874452,1.7707642938822803,0.02240566964407895,1.7475133624601271,0.07393604349483507
0.007695113152662469,evaluation-ecological-058,0.39150631649548795,ecological,1,0.6099308110643951,higher_compute,g,0.5621892933464488,0.6570307642554715,0.028958350691467277,0.6022356979117326,0.09484147090902262
0.004127897836522898,evaluation-ecological-058,0.45525000000000015,ecological,1,4.103109146348012,reference,r,4.057870309586985,4.151801892442189,0.029279701354915567,4.098981248511489,0.09393158285520453
0.01376678212202731,evaluation-ecological-058,0.7293125000000003,ecological,1,1.7337465803380998,reference,b,1.6970936164750885,1.7695773702876554,0.02224660792866401,1.7475133624601271,0.07248375381256689
0.006870745123347288,evaluation-ecological-058,0.39287500000000014,ecological,1,0.6091064430350799,reference,g,0.5611469029302878,0.6561507377610631,0.028514457444547923,0.6022356979117326,0.09500383483077535
1.141815261610919,evaluation-ecological-059,0.314453125,ecological,1,4.980041814230613,prior,r,2.3031581548025946,7.715486291792583,1.7457340204725007,3.8382265526196937,5.412328136989989
0.5960941138341389,evaluation-ecological-059,0.2626953125,ecological,1,1.7814260400943422,prior,b,0.6153524793091157,2.888924975590707,0.7317497087740616,1.1853319262602033,2.2735724962815915
0.29737461712731605,evaluation-ecological-059,0.12109375,ecological,1,0.3930162760894146,prior,g,0.03338361230287453,0.7623846729534977,0.23482506710324794,0.09564165896209853,0.7290010606506231
0.040786767960044656,evaluation-ecological-059,0.06288697341032248,ecological,1,3.8790133205797384,published,r,3.834937843232664,3.9252932777664964,0.027021267043734587,3.8382265526196937,0.09035543453383221
0.036591567081945664,evaluation-ecological-059,0.912347875164768,ecological,1,1.1487403591782577,published,b,1.1028024946972674,1.192179208922805,0.02616525102599634,1.1853319262602033,0.0893767142255375
0.01796889046340372,evaluation-ecological-059,0.7030365250956903,ecological,1,0.07767276849869481,published,g,0.020607824944288214,0.12824337043834824,0.031665495801313004,0.09564165896209853,0.10763554549406003
0.040285018748650536,evaluation-ecological-059,0.06738846697924522,ecological,1,3.8785115713683442,higher_compute,r,3.834812852430984,3.9263996198187043,0.028150045639051113,3.8382265526196937,0.09158676738772042
0.03633021200285347,evaluation-ecological-059,0.9128202768746596,ecological,1,1.1490017142573499,higher_compute,b,1.1022503255339653,1.194008047572043,0.027642665169164377,1.1853319262602033,0.09175772203807764
0.01700429909791193,evaluation-ecological-059,0.6978512529244115,ecological,1,0.0786373598641866,higher_compute,g,0.02490904800600035,0.13227791286056934,0.03219422657735222,0.09564165896209853,0.10736886485456898
0.041006022286510735,evaluation-ecological-059,0.06668750000000001,ecological,1,3.8792325749062044,reference,r,3.8340021799951787,3.927271262706155,0.028276695594990908,3.8382265526196937,0.09326908271097611
0.03593842001770353,evaluation-ecological-059,0.9078125000000004,ecological,1,1.1493935062424998,reference,b,1.1037873026635152,1.1953355729640998,0.02772882628197071,1.1853319262602033,0.09154827030058454
0.018893052107872593,evaluation-ecological-059,0.7008750000000001,ecological,1,0.07674860685422594,reference,g,0.023609942394500618,0.12771737568946454,0.032077341196610626,0.09564165896209853,0.10410743329496391
1.2991086537817598,evaluation-ecological-060,0.2861328125,ecological,1,5.041191193227604,prior,r,2.2703321202205298,7.654393155920475,1.7283801398314667,3.7420825394458443,5.384061035699945
0.2673587342779029,evaluation-ecological-060,0.3740234375,ecological,1,1.7622063935136358,prior,b,0.6639865066871106,2.8712307770276606,0.696834619989388,1.494847659235733,2.20724427034055
0.14579650318282333,evaluation-ecological-060,0.3193359375,ecological,1,0.38092698837721584,prior,g,0.03834504731918373,0.7558314116800775,0.22656480958313102,0.2351304851943925,0.7174863643608937
0.026876645820445244,evaluation-ecological-060,0.2219532908753729,ecological,1,3.7689591852662896,published,r,3.712113790615726,3.8230447651441493,0.033261401603377795,3.7420825394458443,0.11093097452842304
0.009527792156162285,evaluation-ecological-060,0.6176371323725928,ecological,1,1.4853198670795706,published,b,1.440107402249954,1.530197581632249,0.027501692177670466,1.494847659235733,0.09009017938229502
0.025615181226843087,evaluation-ecological-060,0.7482494375998411,ecological,1,0.20951530396754942,published,g,0.14694861802801074,0.2674858682995713,0.03635035427381958,0.2351304851943925,0.12053725027156059
0.02534921229896714,evaluation-ecological-060,0.21900879251112554,ecological,1,3.7674317517448115,higher_compute,r,3.71505869279562,3.8211677058084015,0.032029171448137286,3.7420825394458443,0.10610901301278153
0.009231312268041858,evaluation-ecological-060,0.6252368526408235,ecological,1,1.485616346967691,higher_compute,b,1.4403358607713677,1.5297089508236663,0.027133871210680834,1.494847659235733,0.08937309005229865
0.0237846816343609,evaluation-ecological-060,0.7405750761822454,ecological,1,0.2113458035600316,higher_compute,g,0.1514381718255292,0.27038440391565605,0.035723356133998886,0.2351304851943925,0.11894623209012684
0.025682407625690296,evaluation-ecological-060,0.2247500000000001,ecological,1,3.7677649470715346,reference,r,3.7164353918927824,3.821449195819242,0.03236872909546883,3.7420825394458443,0.10501380392645965
0.009880080318625417,evaluation-ecological-060,0.6408125000000001,ecological,1,1.4849675789171075,reference,b,1.4396201479154078,1.5292407717953709,0.027172011177778975,1.494847659235733,0.08962062387996306
0.023057000075450917,evaluation-ecological-060,0.7284375000000002,ecological,1,0.21207348511894158,reference,g,0.15156208763132306,0.26914911556900506,0.03576196520987365,0.2351304851943925,0.117587027937682
0.32648274456563,evaluation-ecological-061,0.53125,ecological,1,5.032900308793371,prior,r,2.256538380238034,7.713569121576299,1.7134883055447672,5.359383053359001,5.457030741338265
0.2714450041140677,evaluation-ecological-061,0.583984375,ecological,1,1.7875413044437871,prior,b,0.6255317553446134,2.890727953106436,0.7330942419692672,2.058986308557855,2.2651961977618225
0.05017232884326184,evaluation-ecological-061,0.4423828125,ecological,1,0.3909035128054579,prior,g,0.032239414167739545,0.7618442952525236,0.23285706432808573,0.34073118396219604,0.729604881084784
0.055351893039671474,evaluation-ecological-061,0.9725643657662769,ecological,0,5.3040311603193295,published,r,5.255394366415398,5.350947532641156,0.029461860192515923,5.359383053359001,0.09555316622575738
0.012255040027878472,evaluation-ecological-061,0.23703496771788557,ecological,1,2.0712413485857333,published,b,2.042874039495088,2.0975661709064295,0.016718693647864467,2.058986308557855,0.05469213141134155
0.0440757195825352,evaluation-ecological-061,0.03109126052591951,ecological,0,0.38480690354473124,published,g,0.3463089673808821,0.4237222152047982,0.02350216306816643,0.34073118396219604,0.07741324782391606
0.054585226791622254,evaluation-ecological-061,0.9712374855505769,ecological,0,5.304797826567379,higher_compute,r,5.258073893936142,5.35115161533978,0.0281420635835149,5.359383053359001,0.09307772140363735
0.011648299311416643,evaluation-ecological-061,0.2525509811641868,ecological,1,2.0706346078692714,higher_compute,b,2.0414160391114047,2.099033690516815,0.01742025261632059,2.058986308557855,0.05761765140541053
0.04372320367337579,evaluation-ecological-061,0.02544676392333934,ecological,0,0.3844543876355718,higher_compute,g,0.34702258346147935,0.4219210656919334,0.0226862944550813,0.34073118396219604,0.07489848223045403
0.054332948261056835,evaluation-ecological-061,0.9720625000000004,ecological,0,5.305050105097944,reference,r,5.258948713915316,5.3512998883941885,0.028583154211853222,5.359383053359001,0.09235117447887209
0.012584067652867681,evaluation-ecological-061,0.2390000000000001,ecological,1,2.0715703762107225,reference,b,2.041363101149953,2.0999217129228605,0.017806601476800195,2.058986308557855,0.058558611772907554
0.04269385515598878,evaluation-ecological-061,0.036125000000000004,ecological,0,0.3834250391181848,reference,g,0.3447754087226884,0.42170068227043855,0.023281264701021223,0.34073118396219604,0.07692527354775014
1.5427298293603102,evaluation-ecological-062,0.263671875,ecological,1,4.908769770468293,prior,r,2.320035908974575,7.684014564364697,1.7611042222548947,3.366039941107983,5.363978655390122
0.36771734164859726,evaluation-ecological-062,0.6533203125,ecological,1,1.7256468843819164,prior,b,0.6157776890360788,2.861941015271262,0.7103465025765968,2.0933642260305136,2.246163326235183
0.06844382107078673,evaluation-ecological-062,0.408203125,ecological,1,0.4029257261764003,prior,g,0.037056603376714195,0.7642115469222464,0.2320192554376201,0.3344819051056136,0.7271549435455321
0.0028177380502216742,evaluation-ecological-062,0.5780613963871395,ecological,1,3.363222203057761,published,r,3.322086268452919,3.409285480853118,0.026449157455241543,3.366039941107983,0.08719921240019879
0.01039453098602916,evaluation-ecological-062,0.6905033273606843,ecological,1,2.0829696950444845,published,b,2.0485347749609555,2.1189451414004608,0.021620206523971047,2.0933642260305136,0.07041036643950527
0.00012113463788471224,evaluation-ecological-062,0.49094295994340026,ecological,1,0.3343607704677289,published,g,0.27968582020043387,0.38463503420483497,0.032579949806682836,0.3344819051056136,0.1049492140044011
0.0048697087631013325,evaluation-ecological-062,0.5761227241391484,ecological,1,3.3611702323448815,higher_compute,r,3.3180510648985178,3.4058560141885588,0.026696193245917436,3.366039941107983,0.08780494929004101
0.01038974733983089,evaluation-ecological-062,0.6769772522899462,ecological,1,2.0829744786906828,higher_compute,b,2.047096253426552,2.119235470018381,0.021972178016360432,2.0933642260305136,0.07213921659182887
0.0024082769287898653,evaluation-ecological-062,0.4688887667327629,ecological,1,0.33689018203440346,higher_compute,g,0.2848892875297572,0.38879409674381316,0.031727610188316074,0.3344819051056136,0.10390480921405598
0.0027929533329893452,evaluation-ecological-062,0.556625,ecological,1,3.3632469877749935,reference,r,3.318765032808334,3.409815564882918,0.027813569957435787,3.366039941107983,0.09105053207458402
0.011312515060525108,evaluation-ecological-062,0.6963750000000002,ecological,1,2.0820517109699885,reference,b,2.043629762838995,2.1175473474223216,0.02238800881862016,2.0933642260305136,0.07391758458332687
0.0003804622284738213,evaluation-ecological-062,0.47575000000000023,ecological,1,0.3348623673340874,reference,g,0.28115061518385687,0.38605522193261704,0.03179831648188212,0.3344819051056136,0.10490460674876018
0.8771047004731551,evaluation-ecological-063,0.3388671875,ecological,1,4.919634131605913,prior,r,2.237624028476506,7.673068834060702,1.671456956591687,4.042529431132758,5.435444805584196
0.917411802310462,evaluation-ecological-063,0.8828125,ecological,1,1.7615010209825357,prior,b,0.6361955549091902,2.873102676323979,0.7026848714097667,2.6789128232929977,2.236907121414789
0.10980344162842515,evaluation-ecological-063,0.630859375,ecological,1,0.40306912758474234,prior,g,0.039324569216468465,0.752285421366062,0.23262539972080085,0.5128725692131675,0.7129608521495936
0.02883596667432098,evaluation-ecological-063,0.8644131179044705,ecological,1,4.013693464458437,published,r,3.9690803114886317,4.06393749589747,0.027073198507358846,4.042529431132758,0.09485718440883817
0.019637812810943345,evaluation-ecological-063,0.8283473292018589,ecological,1,2.6592750104820544,published,b,2.6236064430083617,2.6907123836065656,0.01994155732798382,2.6789128232929977,0.06710594059820396
0.04970741593683692,evaluation-ecological-063,0.021613258804074602,ecological,0,0.5625799851500044,published,g,0.5225083674896666,0.6000605221431817,0.022843232115519738,0.5128725692131675,0.07755215465351517
0.02966342480623041,evaluation-ecological-063,0.8708382476011192,ecological,1,4.012866006326528,higher_compute,r,3.9699882608705,4.0580138931992265,0.026412375564161147,4.042529431132758,0.08802563232872629
0.018990614869309752,evaluation-ecological-063,0.8350272774570486,ecological,1,2.659922208423688,higher_compute,b,2.625494692808706,2.6920260760669414,0.01975067948668957,2.6789128232929977,0.06653138325823527
0.049314426713411796,evaluation-ecological-063,0.02169731208603412,ecological,0,0.5621869959265793,higher_compute,g,0.5221638117211082,0.6004213137840939,0.024178369060652162,0.5128725692131675,0.07825750206298576
0.02901548245973995,evaluation-ecological-063,0.8659375000000002,ecological,1,4.013513948673018,reference,r,3.970413504802616,4.056168664921292,0.026337699602663803,4.042529431132758,0.0857551601186759
0.018406703672371627,evaluation-ecological-063,0.8237500000000002,ecological,1,2.660506119620626,reference,b,2.6283568427755233,2.6925901636750353,0.01943778567049833,2.6789128232929977,0.06423332089951206
0.048401185435899885,evaluation-ecological-063,0.021187500000000005,ecological,0,0.5612737546490674,reference,g,0.5206991347693445,0.599963914493792,0.023798466553813964,0.5128725692131675,0.07926477972444756
