arena_id,strategy,belief,status,utility,focal_welfare,consumption_per_member,shortfall_per_member,terminal_wealth_per_member,investment,external_harm,other_society_welfare,other_society_utility,regret,forecast_utility,utility_prediction_error,utility_absolute_error,forecast_budget,actual_budget,budget_prediction_error,budget_absolute_error,menu_forecast_mae,total_utility,total_consumption_per_member,total_shortfall_per_member,probe_consumption_per_member,probe_shortfall_per_member,probe_harvest_per_member,actual_experiment_investment,probe_effort_cost,total_external_harm,other_society_total_utility,pre_crps_uncapped,post_crps_uncapped,crps_change_uncapped,pre_crps_all,post_crps_all,crps_change_all,sent_bytes,delivered_bytes,own_unique_events_added
experiment-evaluation-000,active,frozen,ok,35.552643026482535,0.85,27.2,0.0,41.76321513241265,1.3027960249224468,0.0,0.85,35.651646229635425,0.017320676647796535,35.51266807002534,-0.03997495645718866,0.15091869422657803,4.341189008360778,3.952479056580947,0.3887099517798312,0.3887099517798312,0.13081166765178096,42.352643026482525,34.0,0.0,6.8,0.0,14.303675389858432,4.519343635932839,2.56,0.0,42.45164622963542,0.5231675470815196,0.4185872943829603,-0.1045802526985594,0.2802138560998671,0.22791274750681445,-0.05230110859305261,81920.0,81920.0,8.0
experiment-evaluation-001,active,frozen,ok,35.96988878972144,0.85,27.2,0.0,43.849443948607224,0.0,0.0,0.85,36.05770985860081,0.0,35.57152581075781,-0.3983629789636301,0.3983629789636301,4.317204436962023,4.675339604592129,-0.3581351676301061,0.3581351676301061,0.39131513478475854,42.76988878972144,34.0,0.0,6.8,0.0,14.50573226629483,4.455425844492901,2.56,0.0,42.8577098586008,0.4106965871470833,0.39471537911815746,-0.015981208028925775,0.22121345417855784,0.21321300596922152,-0.008000448209336292,81920.0,81920.0,8.0
experiment-evaluation-002,active,frozen,ok,33.86723607991399,0.85,27.2,0.0,33.336180399569905,1.3692971592533283,0.0,0.85,33.76839689191877,0.03777440648928613,33.920226227210584,0.05299014729660693,0.2450903824514891,3.9380184631130923,4.019927939737377,-0.08190947662428494,0.2484013482275572,0.25521262608498,40.66723607991398,34.0,0.0,6.8,0.0,13.04807881173891,4.1062642752379,2.56,0.0,40.568396891918766,0.39628684687702037,0.39513937328805443,-0.0011474735889659045,0.22334571882237533,0.22145236641395613,-0.0018933524084192115,81920.0,81920.0,8.0
experiment-evaluation-003,active,frozen,ok,34.67242713364676,0.85,27.2,0.0,37.36213566823378,1.225405458459865,0.0,0.85,34.72542180938702,0.011537984926623798,34.77238012203417,0.099952988387417,0.12690283294290103,4.114935729335028,3.942838067868586,0.17209766146644187,0.26737558906917663,0.11518473096882707,41.472427133646754,34.0,0.0,6.8,0.0,14.185840634565645,4.330862098496542,2.56,0.0,41.52542180938701,0.3797951541954392,0.3825646289441604,0.00276947474872119,0.20809887568861204,0.20959249621344841,0.0014936205248363605,81920.0,81920.0,8.0
experiment-evaluation-004,active,frozen,ok,33.5531292514016,0.85,27.2,0.0,31.76564625700803,0.0,0.0,0.85,33.640990693610625,0.0,33.17503160262922,-0.37809764877238666,0.37809764877238666,3.662739388137929,4.066174228646187,-0.4034348405082575,0.4034348405082575,0.3419527965592131,40.353129251401604,34.0,0.0,6.8,0.0,12.800776368022577,3.7738633768219394,2.56,0.0,40.44099069361062,0.547552152777567,0.7092763607966722,0.16172420801910523,0.2919022490977778,0.37284217229138705,0.08093992319360926,81920.0,81920.0,8.0
experiment-evaluation-005,active,frozen,ok,34.947152092188624,0.85,27.2,0.0,38.73576046094311,0.0,0.0,0.85,34.99739683011052,0.0,35.238017415365945,0.2908653231773239,0.2908653231773239,4.282720067341667,4.17281508960641,0.10990497773525536,0.3169863969733182,0.3096886414406212,41.74715209218862,34.0,0.0,6.8,0.0,14.108599608620287,4.25196756951183,2.56,0.0,41.79739683011052,0.44515642527575583,0.3721478484277148,-0.07300857684804103,0.2353162246501567,0.1988189646241798,-0.03649726002597691,81920.0,81920.0,8.0
experiment-evaluation-006,active,frozen,ok,31.31211335579289,0.85,27.2,0.0,20.560566778964443,0.0,0.0,0.85,31.269834650309253,0.029528822676738287,31.385156933913766,0.07304357812087758,0.12429408030225986,3.2231365711385265,3.496768304307459,-0.2736317331689329,0.2736317331689329,0.1301853220440575,38.112113355792886,34.0,0.0,6.8,0.0,10.941051398008177,3.244234077002559,2.56,0.0,38.069834650309254,0.32276919344670635,0.35773578836174047,0.03496659491503412,0.18032952478260225,0.20014535540367842,0.01981583062107617,81920.0,81920.0,8.0
experiment-evaluation-007,active,frozen,ok,31.75981291137728,0.85,27.2,0.0,22.799064556886425,2.1041436494272134,0.0,0.85,31.82376971894151,0.014430171329498384,31.938840127155515,0.17902721577822925,0.17902721577822925,3.3572690645142997,3.300966416782123,0.05630264773217597,0.17049002832381532,0.16104949768117216,38.559812911377286,34.0,0.0,6.8,0.0,11.517342841619785,3.315123406926285,2.56,0.0,38.62376971894151,0.3559125621906349,0.38295421748172026,0.02704165529108536,0.20110261198548282,0.21526968251062475,0.014167070525141942,81920.0,81920.0,8.0
experiment-evaluation-008,active,frozen,ok,32.15948391684706,0.85,27.2,0.0,24.797419584235275,0.0,0.0,0.85,32.139692093273645,0.004269930504232633,32.18737074204656,0.02788682519951043,0.2013112531037263,3.450976369644268,3.4406485978848593,0.010327771759408133,0.26000874310290617,0.21698311956125793,38.888650583513716,33.92916666666667,0.07083333333333333,6.729166666666667,0.07083333333333333,11.250526301123292,3.1514345299793027,2.541466361233745,0.0,38.90916956571543,0.339790887322315,0.33140027748124296,-0.00839060984107202,0.19242886281371605,0.18774812462676307,-0.004680738186952971,81920.0,81920.0,8.0
experiment-evaluation-009,active,frozen,ok,31.906316978554457,0.85,27.2,0.0,23.531584892772297,2.1098786376991367,0.0,0.85,31.80557090261144,0.025351274924856188,31.86221841488624,-0.04409856366822259,0.06643209687534461,3.3282546686165815,3.3331117327982276,-0.004857064181645665,0.24141508306465656,0.05961196761982359,38.70631697855446,34.0,0.0,6.8,0.0,12.046309799293397,3.29949926871188,2.56,0.0,38.60557090261144,0.5883798329404017,0.43028357126253286,-0.15809626167786886,0.31924110411384105,0.23868379359481348,-0.08055731051902758,81920.0,81920.0,8.0
experiment-evaluation-010,active,frozen,ok,21.85966868032155,0.5977041175552907,21.817687841179534,5.382312158820464,0.20990419571007793,0.4545515140698339,0.0,0.5985558380165196,21.88087312919757,0.0426796779404377,21.342790928357104,-0.5168777519644472,0.5828770871071581,1.5917192204857544,1.4747001348165198,0.11701908566923473,0.11701908566923473,0.6188832776585077,26.719558627389336,26.677577788247323,7.322422211752676,4.859889947067786,1.940110052932213,5.397078500898748,1.5889068504317627,1.700501443239394,0.0,26.921271936180933,0.5474766483983872,0.44063902800855365,-0.10683762038983362,0.3561761958693224,0.2895816936311892,-0.06659450223813325,81920.0,81920.0,8.0
experiment-evaluation-011,active,frozen,ok,29.072627087398885,0.85,27.2,0.0,9.363135436994419,0.9201936152540912,0.0,0.85,29.052696741997423,0.009957178186941936,28.87964208365149,-0.1929850037473931,0.1929850037473931,2.5519387589395524,2.663018410525028,-0.11107965158547535,0.1262135661851628,0.1993240036664672,35.856352140906445,33.98372505350756,0.016274946492437593,6.783725053507562,0.016274946492437593,8.931969566594328,2.5665657764820327,2.5066666666666664,0.0,35.85269674199742,0.2898094361573196,0.3050613531528958,0.0152519169955762,0.1801283792509055,0.18361771872180377,0.003489339470898254,81920.0,81920.0,8.0
experiment-evaluation-012,active,frozen,ok,22.254506557409808,0.6148838273606977,22.184188317028216,5.0158116829717825,0.3515912019079645,1.279843677595703,0.0,0.6122692729745821,22.19358149445152,0.048799492764702045,22.82945655024588,0.574949992836069,0.6764002399165783,1.785023166381171,1.7878251857498781,-0.002802019368707054,0.12671553155145773,0.6814992642504004,28.26515810340673,28.194839863025138,5.805160136974862,6.010651545996922,0.789348454003079,5.908720951071519,1.8428699754274829,2.2095217092976687,0.0,28.39671473017003,0.3470827888374372,0.3266479852368942,-0.02043480360054306,0.22083788187498107,0.21176811698704637,-0.009069764887934706,81920.0,81920.0,8.0
experiment-evaluation-013,active,frozen,ok,36.562700578460216,0.85,27.2,0.0,46.813502892301095,3.1460239978572715,0.0,0.85,36.488690395123434,0.022100764861399114,36.473746199201805,-0.08895437925841065,0.08895437925841065,4.588918366585904,4.63125647920691,-0.04233811262100525,0.292440502897174,0.08868514411464111,43.36270057846021,34.0,0.0,6.8,0.0,15.784073633388852,4.576680477792035,2.56,0.0,43.28869039512343,0.4641843485701315,0.3989665391514487,-0.06521780941868283,0.2450830090026295,0.21247353069614786,-0.032609478306481664,81920.0,81920.0,8.0
experiment-evaluation-014,active,frozen,ok,35.1978617781491,0.85,27.2,0.0,39.98930889074552,1.4406967061896803,0.0,0.85,35.27613399946175,0.02136115678457647,35.084899828124556,-0.1129619500245435,0.36696897616508534,4.230690177965697,4.508191303722619,-0.2775011257569213,0.3144134173125665,0.3928794051217119,41.997861778149094,34.0,0.0,6.8,0.0,14.02542798554056,4.409990267083952,2.56,0.0,42.076133999461746,0.41874946048907336,0.3806332360590041,-0.038116224430069214,0.2248553970730294,0.2057759256047611,-0.019079471468268317,81920.0,81920.0,8.0
experiment-evaluation-015,active,frozen,ok,30.909379332611238,0.85,27.2,0.0,18.5468966630562,0.9735806413371567,0.0,0.85,30.90464831512217,0.008165360712258263,30.685908089711422,-0.2234712428998158,0.33002663293025947,3.054405348869622,3.023236350899666,0.031168997969955498,0.18893905072288542,0.33771392080865054,37.70937933261124,34.0,0.0,6.8,0.0,10.170739488265047,3.2764404096598785,2.56,0.0,37.704648315122164,0.3413065788341411,0.3792156538686405,0.03790907503449938,0.19873747342537398,0.2166966315577973,0.017959158132423308,81920.0,81920.0,8.0
experiment-evaluation-016,active,frozen,ok,28.352210291505646,0.8434381461257104,27.060013784015155,0.13998621598484562,6.460982537452477,0.0,0.0,0.843886975897057,28.362662871793276,0.0,28.31362941803062,-0.03858087347503177,0.20305052708965596,2.4252145642009117,2.418422755334148,0.0067918088667641525,0.15132160538394057,0.20107134429713014,34.858963773176164,33.56676726568566,0.433232734314333,6.506753481670512,0.2932465183294874,8.034718090770598,2.4651047891331097,2.4314663812198094,0.0,34.981535227555675,0.25710755999954155,0.2186701862384276,-0.038437373761113926,0.16813405661937386,0.14640382002716854,-0.021730236592205316,81920.0,81920.0,8.0
experiment-evaluation-017,active,frozen,ok,34.977804530842356,0.85,27.2,0.0,38.8890226542118,0.0,0.0,0.85,34.993508548428444,0.0,34.77481184603818,-0.2029926848041773,0.2029926848041773,4.118225093845502,4.0608752717952505,0.057349822050251596,0.38786737190790116,0.20853093157359992,41.77780453084236,34.0,0.0,6.8,0.0,13.90953572992481,4.029740845567177,2.56,0.0,41.79350854842844,0.4150836756466732,0.42490362057224756,0.009819944925574328,0.2213484237933974,0.2262567683493711,0.004908344555973693,81920.0,81920.0,8.0
experiment-evaluation-018,active,frozen,ok,30.341228119559556,0.85,27.2,0.0,15.706140597797782,1.0604963568627925,0.0,0.85,30.448881853740307,0.0267499518794736,30.346920835709152,0.005692716149598691,0.17037107275869326,2.9193802264775903,3.0576657802257032,-0.13828555374811322,0.14700350449819025,0.14536468916429376,36.89338568142035,33.75215756186079,0.24784243813921034,6.552157561860789,0.24784243813921034,9.779373991531193,2.8223117237453823,2.4533333333333336,0.0,37.056209411128485,0.4513011882263284,0.339606268040652,-0.1116949201856764,0.2643443560280713,0.20853596051809142,-0.05580839550997987,81920.0,81920.0,8.0
experiment-evaluation-019,active,frozen,ok,29.718332674055144,0.85,27.2,0.0,12.591663370275723,1.9093248645782452,0.0,0.85,29.762665002555423,0.016561385632247294,29.566626298133713,-0.15170637592143402,0.15170637592143402,2.7563636559627085,2.8540883178271783,-0.09772466186446982,0.13143683162345546,0.16873533759935888,36.448396735533315,33.93006406147817,0.06993593852183277,6.730064061478167,0.06993593852183277,9.368106957493668,2.806332472958879,2.533333333333333,0.0,36.54955937106292,0.35446369506560466,0.3587709931421008,0.0043072980764961395,0.20493261795959525,0.20799621234703433,0.003063594387439065,81920.0,81920.0,8.0
experiment-evaluation-020,active,frozen,ok,36.11657922615469,0.85,27.2,0.0,44.58289613077346,1.6057896965568048,0.0,0.85,36.01368606146707,0.038933799860013586,36.07459163259789,-0.041987593556806736,0.2202346030439628,4.515805945293978,4.6988116110660085,-0.18300566577203062,0.42665143825173707,0.25197903843852115,42.91657922615468,34.0,0.0,6.8,0.0,15.25416355598981,4.580959804896868,2.56,0.0,42.81368606146706,0.41220974231103064,0.40062197221409973,-0.011587770096930924,0.22087755737537607,0.2150803240704849,-0.005797233304891143,81920.0,81920.0,8.0
experiment-evaluation-021,active,frozen,ok,32.83003754326725,0.85,27.2,0.0,28.15018771633625,0.0,0.0,0.85,32.91934720479088,0.0,32.819013062640586,-0.011024480626666389,0.1946358746272215,3.5983821777555356,3.410261782202712,0.18812039555282345,0.34328938581648033,0.2048762238378785,39.63003754326725,34.0,0.0,6.8,0.0,12.050307219579992,3.8917304967278685,2.56,0.0,39.71934720479088,0.37919661370951024,0.3522932779921422,-0.026903335717368027,0.20898251061632164,0.1957224267300751,-0.013260083886246535,81920.0,81920.0,8.0
experiment-evaluation-022,active,frozen,ok,26.16830665224312,0.7771904795765815,25.64673023096707,1.5532697690329273,2.607882106380232,0.6101412244998259,0.0,0.7728383552766278,26.056766093733057,0.0392985588669165,26.4841582782864,0.31585162604327977,0.31585162604327977,2.091205819178525,2.0390321165585186,0.05217370262000687,0.1787709948722441,0.2941098277621911,32.71142575298125,32.189849331705204,1.8101506682947948,6.543119100738132,0.25688089926186725,7.338344246969281,2.222900914196551,2.4266666666666663,0.0,32.68244221559568,0.29709060181887187,0.22465366892719008,-0.07243693289168181,0.1872436189423813,0.1411684918227507,-0.04607512711963061,81920.0,81920.0,8.0
experiment-evaluation-023,active,frozen,ok,26.29147684153489,0.7903888848596449,25.928296210339095,1.2717037896609067,1.8159031559789949,0.0,0.0,0.7899914371578198,26.308480508091616,0.0,26.275480707177092,-0.01599613435780256,0.17546202020405488,2.067246005847857,2.07607273308523,-0.00882672723737373,0.10472236685362131,0.20705183114149384,32.716646134203415,32.35346550300762,1.6465344969923799,6.425169292668527,0.3748307073314731,6.894238350319994,1.9981794679370892,2.3733333333333335,0.0,32.88375050442221,0.3685029715832228,0.2766260876383,-0.09187688394492277,0.24554523221983993,0.19008758629923905,-0.05545764592060085,81920.0,81920.0,8.0
experiment-evaluation-000,active,updated,ok,35.552643026482535,0.85,27.2,0.0,41.76321513241265,1.3027960249224468,0.0,0.85,35.651646229635425,0.017320676647796535,35.42128069307331,-0.13136233340922368,0.13136233340922368,4.308769560235824,3.952479056580947,0.3562905036548769,0.3562905036548769,0.14738970232844414,42.352643026482525,34.0,0.0,6.8,0.0,14.303675389858432,4.519343635932839,2.56,0.0,42.45164622963542,0.5231675470815196,0.4185872943829603,-0.1045802526985594,0.2802138560998671,0.22791274750681445,-0.05230110859305261,81920.0,81920.0,8.0
experiment-evaluation-001,active,updated,ok,35.96988878972144,0.85,27.2,0.0,43.849443948607224,0.0,0.0,0.85,36.05770985860081,0.0,35.64077280353019,-0.32911598619125,0.32911598619125,4.362332409902699,4.675339604592129,-0.3130071946894315,0.32338663308422494,0.3149415777606516,42.76988878972144,34.0,0.0,6.8,0.0,14.50573226629483,4.455425844492901,2.56,0.0,42.8577098586008,0.4106965871470833,0.39471537911815746,-0.015981208028925775,0.22121345417855784,0.21321300596922152,-0.008000448209336292,81920.0,81920.0,8.0
experiment-evaluation-002,active,updated,ok,33.86907785413258,0.85,27.2,0.0,33.345389270662906,1.4985344891875467,0.0,0.85,33.768573098280065,0.03593263227068396,33.82272577599617,-0.04635207813641055,0.06771482348879705,3.905221417205437,4.019927939737377,-0.11470652253194007,0.2025364212522387,0.07462523377229897,40.669077854132574,34.0,0.0,6.8,0.0,13.04807881173891,4.1062642752379,2.56,0.0,40.56857309828006,0.39628684687702037,0.39513937328805443,-0.0011474735889659045,0.22334571882237533,0.22145236641395613,-0.0018933524084192115,81920.0,81920.0,8.0
experiment-evaluation-003,active,updated,ok,34.660954479000054,0.85,27.2,0.0,37.30477239500026,2.443872436575995,0.0,0.85,34.72944711633911,0.023010639573326348,34.800693969052865,0.13973949005281602,0.13973949005281602,4.132481117212005,3.942838067868586,0.18964304934341833,0.27278807426390533,0.12853785219560462,41.460954479000044,34.0,0.0,6.8,0.0,14.185840634565645,4.330862098496542,2.56,0.0,41.5294471163391,0.3797951541954392,0.3825646289441604,0.00276947474872119,0.20809887568861204,0.20959249621344841,0.0014936205248363605,81920.0,81920.0,8.0
experiment-evaluation-004,active,updated,ok,33.519062938450766,0.85,27.2,0.0,31.59531469225384,1.3652953007315547,0.0,0.85,33.64231024609884,0.034066312950836654,33.27977449713742,-0.23928844131335106,0.23928844131335106,3.7287590574228084,4.066174228646187,-0.33741517122337833,0.33741517122337833,0.23829894829723328,40.31906293845077,34.0,0.0,6.8,0.0,12.800776368022577,3.7738633768219394,2.56,0.0,40.442310246098835,0.547552152777567,0.7092763607966722,0.16172420801910523,0.2919022490977778,0.37284217229138705,0.08093992319360926,81920.0,81920.0,8.0
experiment-evaluation-005,active,updated,ok,34.947152092188624,0.85,27.2,0.0,38.73576046094311,0.0,0.0,0.85,34.99739683011052,0.0,35.06549515692924,0.11834306474062117,0.1630269126576446,4.188969492785268,4.17281508960641,0.016154403178856747,0.38382514841806553,0.15953407273117173,41.74715209218862,34.0,0.0,6.8,0.0,14.108599608620287,4.25196756951183,2.56,0.0,41.79739683011052,0.44515642527575583,0.3721478484277148,-0.07300857684804103,0.2353162246501567,0.1988189646241798,-0.03649726002597691,81920.0,81920.0,8.0
experiment-evaluation-006,active,updated,ok,31.31211335579289,0.85,27.2,0.0,20.560566778964443,0.0,0.0,0.85,31.269834650309253,0.029528822676738287,31.23985730399346,-0.07225605179942463,0.21706796011146542,3.174158037276411,3.496768304307459,-0.3226102670310483,0.3226102670310483,0.21784230790517453,38.112113355792886,34.0,0.0,6.8,0.0,10.941051398008177,3.244234077002559,2.56,0.0,38.069834650309254,0.32276919344670635,0.35773578836174047,0.03496659491503412,0.18032952478260225,0.20014535540367842,0.01981583062107617,81920.0,81920.0,8.0
experiment-evaluation-007,active,updated,ok,31.766487342992008,0.85,27.2,0.0,22.832436714960043,1.1309076028843754,0.0,0.85,31.81662475043143,0.007755739714775463,31.977913333734694,0.2114259907426863,0.2114259907426863,3.3886000258439175,3.300966416782123,0.08763360906179389,0.13240591007048655,0.19933592138268905,38.566487342992005,34.0,0.0,6.8,0.0,11.517342841619785,3.315123406926285,2.56,0.0,38.61662475043143,0.3559125621906349,0.38295421748172026,0.02704165529108536,0.20110261198548282,0.21526968251062475,0.014167070525141942,81920.0,81920.0,8.0
experiment-evaluation-008,active,updated,ok,32.15948391684706,0.85,27.2,0.0,24.797419584235275,0.0,0.0,0.85,32.139692093273645,0.004269930504232633,32.18193823176798,0.022454314920928198,0.1556961473414423,3.4402024381685465,3.4406485978848593,-0.00044615971631264034,0.27763757992084565,0.15302618687629987,38.888650583513716,33.92916666666667,0.07083333333333333,6.729166666666667,0.07083333333333333,11.250526301123292,3.1514345299793027,2.541466361233745,0.0,38.90916956571543,0.339790887322315,0.33140027748124296,-0.00839060984107202,0.19242886281371605,0.18774812462676307,-0.004680738186952971,81920.0,81920.0,8.0
experiment-evaluation-009,active,updated,ok,31.906316978554457,0.85,27.2,0.0,23.531584892772297,2.1098786376991367,0.0,0.85,31.80557090261144,0.025351274924856188,32.0055422587704,0.09922528021593635,0.09922528021593635,3.3933077052170226,3.3331117327982276,0.06019597241879578,0.299353540676206,0.09444835351007559,38.70631697855446,34.0,0.0,6.8,0.0,12.046309799293397,3.29949926871188,2.56,0.0,38.60557090261144,0.5883798329404017,0.43028357126253286,-0.15809626167786886,0.31924110411384105,0.23868379359481348,-0.08055731051902758,81920.0,81920.0,8.0
experiment-evaluation-010,active,updated,ok,21.85966868032155,0.5977041175552907,21.817687841179534,5.382312158820464,0.20990419571007793,0.4545515140698339,0.0,0.5985558380165196,21.88087312919757,0.0426796779404377,21.299164459775188,-0.5605042205463597,0.5605042205463597,1.584645403504834,1.4747001348165198,0.10994526868831445,0.10994526868831445,0.5695295916579619,26.719558627389336,26.677577788247323,7.322422211752676,4.859889947067786,1.940110052932213,5.397078500898748,1.5889068504317627,1.700501443239394,0.0,26.921271936180933,0.5474766483983872,0.44063902800855365,-0.10683762038983362,0.3561761958693224,0.2895816936311892,-0.06659450223813325,81920.0,81920.0,8.0
experiment-evaluation-011,active,updated,ok,29.082584265585822,0.85,27.2,0.0,9.412921327929132,2.663018410525028,0.0,0.85,29.062056123893147,0.0,28.960876346766735,-0.12170791881909082,0.13413762782655425,2.592594165587373,2.663018410525028,-0.0704242449376542,0.09663095965169817,0.1343141621324497,35.86630931909338,33.98372505350756,0.016274946492437593,6.783725053507562,0.016274946492437593,8.931969566594328,2.5665657764820327,2.5066666666666664,0.0,35.86205612389315,0.2898094361573196,0.3050613531528958,0.0152519169955762,0.1801283792509055,0.18361771872180377,0.003489339470898254,81920.0,81920.0,8.0
experiment-evaluation-012,active,updated,ok,22.278645159097632,0.6161475575100736,22.211147893548233,4.988852106451764,0.33748632774697485,0.590301904354997,0.0,0.6115044506840994,22.17722231957187,0.024660891076881814,22.529989237415606,0.2513440783179739,0.3596568108176079,1.7480502715614008,1.7878251857498781,-0.039774914188477485,0.11419198383648865,0.38404051699691477,28.289296705094547,28.221799439545155,5.778200560454844,6.010651545996922,0.789348454003079,5.908720951071519,1.8428699754274829,2.2095217092976687,0.0,28.38035555529038,0.3470827888374372,0.3266479852368942,-0.02043480360054306,0.22083788187498107,0.21176811698704637,-0.009069764887934706,81920.0,81920.0,8.0
experiment-evaluation-013,active,updated,ok,36.562700578460216,0.85,27.2,0.0,46.813502892301095,3.1460239978572715,0.0,0.85,36.488690395123434,0.022100764861399114,36.542585752078786,-0.020114826381430362,0.04583736880028274,4.636635142979773,4.63125647920691,0.005378663772863372,0.2814462815557886,0.06559003551111904,43.36270057846021,34.0,0.0,6.8,0.0,15.784073633388852,4.576680477792035,2.56,0.0,43.28869039512343,0.4641843485701315,0.3989665391514487,-0.06521780941868283,0.2450830090026295,0.21247353069614786,-0.032609478306481664,81920.0,81920.0,8.0
experiment-evaluation-014,active,updated,ok,35.219222934933676,0.85,27.2,0.0,40.0961146746684,0.0,0.0,0.85,35.274199030435575,0.0,35.07603330464666,-0.14318963028702095,0.2804720539065973,4.212465208172979,4.508191303722619,-0.2957260955496392,0.3375516935653762,0.28484327850837826,42.01922293493367,34.0,0.0,6.8,0.0,14.02542798554056,4.409990267083952,2.56,0.0,42.07419903043557,0.41874946048907336,0.3806332360590041,-0.038116224430069214,0.2248553970730294,0.2057759256047611,-0.019079471468268317,81920.0,81920.0,8.0
experiment-evaluation-015,active,updated,ok,30.90983104629228,0.85,27.2,0.0,18.549155231461395,1.0869690828348282,0.0,0.85,30.905373008435035,0.007713647031219277,30.816441485337574,-0.0933895609547039,0.1726987769316833,3.095936878613679,3.023236350899666,0.07270052771401285,0.10908431290811886,0.16424846793856554,37.70983104629227,34.0,0.0,6.8,0.0,10.170739488265047,3.2764404096598785,2.56,0.0,37.70537300843503,0.3413065788341411,0.3792156538686405,0.03790907503449938,0.19873747342537398,0.2166966315577973,0.017959158132423308,81920.0,81920.0,8.0
experiment-evaluation-016,active,updated,ok,28.352210291505646,0.8434381461257104,27.060013784015155,0.13998621598484562,6.460982537452477,0.0,0.0,0.843886975897057,28.362662871793276,0.0,28.26334463817244,-0.08886565333320817,0.15386110758559587,2.400519939934762,2.418422755334148,-0.0179028153993858,0.13598178858558585,0.14685438712825535,34.858963773176164,33.56676726568566,0.433232734314333,6.506753481670512,0.2932465183294874,8.034718090770598,2.4651047891331097,2.4314663812198094,0.0,34.981535227555675,0.25710755999954155,0.2186701862384276,-0.038437373761113926,0.16813405661937386,0.14640382002716854,-0.021730236592205316,81920.0,81920.0,8.0
experiment-evaluation-017,active,updated,ok,34.96910067432226,0.85,27.2,0.0,38.84550337161132,1.4982888371704484,0.0,0.85,34.99745985234919,0.008703856520097494,34.788670819300386,-0.18042985502187983,0.19665088205151923,4.134357054100678,4.0608752717952505,0.07348178230542797,0.36722103537501977,0.21050807109241435,41.76910067432226,34.0,0.0,6.8,0.0,13.90953572992481,4.029740845567177,2.56,0.0,41.797459852349185,0.4150836756466732,0.42490362057224756,0.009819944925574328,0.2213484237933974,0.2262567683493711,0.004908344555973693,81920.0,81920.0,8.0
experiment-evaluation-018,active,updated,ok,30.36797807143903,0.85,27.2,0.0,15.839890357195152,0.0,0.0,0.85,30.44135866181396,0.0,30.34422032903112,-0.023757742407909177,0.0765126960521177,2.9010220339135544,3.0576657802257032,-0.15664374631214928,0.15664374631214928,0.061878556049983435,36.92013563329982,33.75215756186079,0.24784243813921034,6.552157561860789,0.24784243813921034,9.779373991531193,2.8223117237453823,2.4533333333333336,0.0,37.048686219202125,0.4513011882263284,0.339606268040652,-0.1116949201856764,0.2643443560280713,0.20853596051809142,-0.05580839550997987,81920.0,81920.0,8.0
experiment-evaluation-019,active,updated,ok,29.718295948812735,0.85,27.2,0.0,12.59147974406367,1.913558835095517,0.0,0.85,29.762688176632825,0.016598110874657124,29.591457132073874,-0.12683881673886196,0.12683881673886196,2.742794196119789,2.8540883178271783,-0.1112941217073898,0.1112941217073898,0.14195830885726815,36.448360010290905,33.93006406147817,0.06993593852183277,6.730064061478167,0.06993593852183277,9.368106957493668,2.806332472958879,2.533333333333333,0.0,36.549582545140325,0.35446369506560466,0.3587709931421008,0.0043072980764961395,0.20493261795959525,0.20799621234703433,0.003063594387439065,81920.0,81920.0,8.0
experiment-evaluation-020,active,updated,ok,36.11972078705821,0.85,27.2,0.0,44.598603935291074,1.855365046389134,0.0,0.85,36.01392387645767,0.03579223895649145,36.09312262427218,-0.02659816278602752,0.1626506799494294,4.538739704913449,4.6988116110660085,-0.1600719061525595,0.41104803653292815,0.16488249456461704,42.9197207870582,34.0,0.0,6.8,0.0,15.25416355598981,4.580959804896868,2.56,0.0,42.813923876457665,0.41220974231103064,0.40062197221409973,-0.011587770096930924,0.22087755737537607,0.2150803240704849,-0.005797233304891143,81920.0,81920.0,8.0
experiment-evaluation-021,active,updated,ok,32.83003754326725,0.85,27.2,0.0,28.15018771633625,0.0,0.0,0.85,32.91934720479088,0.0,32.848173954201506,0.018136410934258624,0.06284685567700166,3.598438053855956,3.410261782202712,0.1881762716532435,0.26895030537074743,0.06887877373279376,39.63003754326725,34.0,0.0,6.8,0.0,12.050307219579992,3.8917304967278685,2.56,0.0,39.71934720479088,0.37919661370951024,0.3522932779921422,-0.026903335717368027,0.20898251061632164,0.1957224267300751,-0.013260083886246535,81920.0,81920.0,8.0
experiment-evaluation-022,active,updated,ok,26.187075289799747,0.77782360162155,25.660236834593064,1.5397631654069341,2.6341922760334096,1.309813282699751,0.0,0.7733212507617324,26.069845060957377,0.0205299213102883,26.5996398284346,0.41256453863485376,0.41256453863485376,2.1119442268832542,2.0390321165585186,0.07291211032473566,0.1714029819823247,0.4031959613803349,32.73019439053788,32.203355935331196,1.7966440646688013,6.543119100738132,0.25688089926186725,7.338344246969281,2.222900914196551,2.4266666666666663,0.0,32.69552118282,0.29709060181887187,0.22465366892719008,-0.07243693289168181,0.1872436189423813,0.1411684918227507,-0.04607512711963061,81920.0,81920.0,8.0
experiment-evaluation-023,active,updated,ok,26.29147684153489,0.7903888848596449,25.928296210339095,1.2717037896609067,1.8159031559789949,0.0,0.0,0.7899914371578198,26.308480508091616,0.0,26.30931547002586,0.017838628490969437,0.07232017203869745,2.0666297591694662,2.07607273308523,-0.00944297391576443,0.1330152864328681,0.08091609366612929,32.716646134203415,32.35346550300762,1.6465344969923799,6.425169292668527,0.3748307073314731,6.894238350319994,1.9981794679370892,2.3733333333333335,0.0,32.88375050442221,0.3685029715832228,0.2766260876383,-0.09187688394492277,0.24554523221983993,0.19008758629923905,-0.05545764592060085,81920.0,81920.0,8.0
experiment-evaluation-000,active,known,ok,35.56996370313033,0.85,27.2,0.0,41.84981851565163,0.0,0.0,0.85,35.64344637264288,0.0,35.398649067893096,-0.17131463523723056,0.17131463523723056,4.289308018441262,3.952479056580947,0.3368289618603151,0.3368289618603151,0.17355370621318636,42.36996370313033,34.0,0.0,6.8,0.0,14.303675389858432,4.519343635932839,2.56,0.0,42.443446372642875,0.5231675470815196,0.4185872943829603,-0.1045802526985594,0.2802138560998671,0.22791274750681445,-0.05230110859305261,81920.0,81920.0,8.0
experiment-evaluation-001,active,known,ok,35.96988878972144,0.85,27.2,0.0,43.849443948607224,0.0,0.0,0.85,36.05770985860081,0.0,35.617324854944336,-0.3525639347771019,0.3525639347771019,4.355162534464971,4.675339604592129,-0.32017707012715907,0.33565744966325833,0.35029220353005047,42.76988878972144,34.0,0.0,6.8,0.0,14.50573226629483,4.455425844492901,2.56,0.0,42.8577098586008,0.4106965871470833,0.39471537911815746,-0.015981208028925775,0.22121345417855784,0.21321300596922152,-0.008000448209336292,81920.0,81920.0,8.0
experiment-evaluation-002,active,known,ok,33.90501048640326,0.85,27.2,0.0,33.52505243201633,4.019927939737377,0.0,0.85,33.77201084777199,0.0,33.83573038631015,-0.06928010009310981,0.10833367907098079,3.9105863934683462,4.019927939737377,-0.10934154626903088,0.20245232759979417,0.10689109480504932,40.70501048640326,34.0,0.0,6.8,0.0,13.04807881173891,4.1062642752379,2.56,0.0,40.572010847771985,0.39628684687702037,0.39513937328805443,-0.0011474735889659045,0.22334571882237533,0.22145236641395613,-0.0018933524084192115,81920.0,81920.0,8.0
experiment-evaluation-003,active,known,ok,34.68396511857338,0.85,27.2,0.0,37.419825592866914,0.0,0.0,0.85,34.721373580588335,0.0,34.86984633873546,0.1858812201620784,0.1858812201620784,4.132160512398587,3.942838067868586,0.18932244453000133,0.2522699661653182,0.1849899235319733,41.48396511857337,34.0,0.0,6.8,0.0,14.185840634565645,4.330862098496542,2.56,0.0,41.521373580588325,0.3797951541954392,0.3825646289441604,0.00276947474872119,0.20809887568861204,0.20959249621344841,0.0014936205248363605,81920.0,81920.0,8.0
experiment-evaluation-004,active,known,ok,33.5531292514016,0.85,27.2,0.0,31.76564625700803,0.0,0.0,0.85,33.640990693610625,0.0,33.57591468861631,0.02278543721470309,0.02278543721470309,3.752702710516983,4.066174228646187,-0.31347151812920354,0.31347151812920354,0.02669624641181577,40.353129251401604,34.0,0.0,6.8,0.0,12.800776368022577,3.7738633768219394,2.56,0.0,40.44099069361062,0.547552152777567,0.7092763607966722,0.16172420801910523,0.2919022490977778,0.37284217229138705,0.08093992319360926,81920.0,81920.0,8.0
experiment-evaluation-005,active,known,ok,34.947152092188624,0.85,27.2,0.0,38.73576046094311,0.0,0.0,0.85,34.99739683011052,0.0,35.019385386726306,0.07223329453768439,0.07223329453768439,4.166749231294622,4.17281508960641,-0.006065858311788593,0.3803146791004129,0.07226643291250984,41.74715209218862,34.0,0.0,6.8,0.0,14.108599608620287,4.25196756951183,2.56,0.0,41.79739683011052,0.44515642527575583,0.3721478484277148,-0.07300857684804103,0.2353162246501567,0.1988189646241798,-0.03649726002597691,81920.0,81920.0,8.0
experiment-evaluation-006,active,known,ok,31.341642178469627,0.85,27.2,0.0,20.708210892348127,3.496768304307459,0.0,0.85,31.275543335324244,0.0,31.37051819350101,0.02887601503138389,0.09025105641904456,3.235825862641216,3.496768304307459,-0.2609424416662436,0.2609424416662436,0.0901137446893539,38.141642178469624,34.0,0.0,6.8,0.0,10.941051398008177,3.244234077002559,2.56,0.0,38.07554333532425,0.32276919344670635,0.35773578836174047,0.03496659491503412,0.18032952478260225,0.20014535540367842,0.01981583062107617,81920.0,81920.0,8.0
experiment-evaluation-007,active,known,ok,31.774243082706786,0.85,27.2,0.0,22.871215413533918,0.0,0.0,0.85,31.808322243306748,0.0,31.921532861873487,0.14728977916670752,0.14728977916670752,3.3653186173916545,3.300966416782123,0.06435220060953117,0.13372053589693156,0.14706911617145993,38.57424308270678,34.0,0.0,6.8,0.0,11.517342841619785,3.315123406926285,2.56,0.0,38.60832224330674,0.3559125621906349,0.38295421748172026,0.02704165529108536,0.20110261198548282,0.21526968251062475,0.014167070525141942,81920.0,81920.0,8.0
experiment-evaluation-008,active,known,ok,32.16375384735129,0.85,27.2,0.0,24.818769236756438,2.0657952293410498,0.0,0.85,32.14777185273831,0.0,32.06434159102193,-0.09941225632935986,0.14325193925426424,3.407379249652747,3.4406485978848593,-0.033269348232112396,0.2582315173939181,0.1264056362335961,38.89292051401795,33.92916666666667,0.07083333333333333,6.729166666666667,0.07083333333333333,11.250526301123292,3.1514345299793027,2.541466361233745,0.0,38.91724932518009,0.339790887322315,0.33140027748124296,-0.00839060984107202,0.19242886281371605,0.18774812462676307,-0.004680738186952971,81920.0,81920.0,8.0
experiment-evaluation-009,active,known,ok,31.931668253479316,0.85,27.2,0.0,23.658341267396583,3.3331117327982276,0.0,0.85,31.8133950822681,0.0,32.02063091273717,0.08896265925784874,0.10454759346623514,3.4082937817679846,3.3331117327982276,0.0751820489697576,0.2859108198141967,0.10158486958877373,38.73166825347931,34.0,0.0,6.8,0.0,12.046309799293397,3.29949926871188,2.56,0.0,38.613395082268106,0.5883798329404017,0.43028357126253286,-0.15809626167786886,0.31924110411384105,0.23868379359481348,-0.08055731051902758,81920.0,81920.0,8.0
experiment-evaluation-010,active,known,ok,21.90234835826199,0.5997087128163007,21.86045254008108,5.339547459918918,0.20947909090453476,0.0,0.0,0.5983969104366629,21.877361643879993,0.0,21.52580255948474,-0.3765457987772507,0.3765457987772507,1.5804085595037496,1.4747001348165198,0.10570842468722996,0.10570842468722996,0.3851011336462508,26.762238305329774,26.72034248714887,7.279657512851131,4.859889947067786,1.940110052932213,5.397078500898748,1.5889068504317627,1.700501443239394,0.0,26.917760450863355,0.5474766483983872,0.44063902800855365,-0.10683762038983362,0.3561761958693224,0.2895816936311892,-0.06659450223813325,81920.0,81920.0,8.0
experiment-evaluation-011,active,known,ok,29.082584265585822,0.85,27.2,0.0,9.412921327929132,2.663018410525028,0.0,0.85,29.062056123893147,0.0,29.05986042351469,-0.022723842071137312,0.07821873864469353,2.620240543948746,2.663018410525028,-0.042777866576281166,0.09224965693629021,0.0784189899856279,35.86630931909338,33.98372505350756,0.016274946492437593,6.783725053507562,0.016274946492437593,8.931969566594328,2.5665657764820327,2.5066666666666664,0.0,35.86205612389315,0.2898094361573196,0.3050613531528958,0.0152519169955762,0.1801283792509055,0.18361771872180377,0.003489339470898254,81920.0,81920.0,8.0
experiment-evaluation-012,active,known,ok,22.303306050174513,0.6173235805282592,22.236236384602865,4.963763615397137,0.335348327858243,0.0,0.0,0.6109274648148301,22.16473841311692,0.0,22.435082758082228,0.13177670790771145,0.3029302929114645,1.7333008811706927,1.7878251857498781,-0.054524304579185445,0.1278333248390421,0.3093754913006019,28.313957596171434,28.246887930599787,5.753112069400216,6.010651545996922,0.789348454003079,5.908720951071519,1.8428699754274829,2.2095217092976687,0.0,28.367871648835422,0.3470827888374372,0.3266479852368942,-0.02043480360054306,0.22083788187498107,0.21176811698704637,-0.009069764887934706,81920.0,81920.0,8.0
experiment-evaluation-013,active,known,ok,36.58480134332162,0.85,27.2,0.0,46.92400671660808,4.63125647920691,0.0,0.85,36.50194942246702,0.0,36.4947728501152,-0.09002849320642288,0.09002849320642288,4.638141790679205,4.63125647920691,0.006885311472295245,0.2861654823067357,0.09007972109557884,43.38480134332161,34.0,0.0,6.8,0.0,15.784073633388852,4.576680477792035,2.56,0.0,43.30194942246701,0.4641843485701315,0.3989665391514487,-0.06521780941868283,0.2450830090026295,0.21247353069614786,-0.032609478306481664,81920.0,81920.0,8.0
experiment-evaluation-014,active,known,ok,35.219222934933676,0.85,27.2,0.0,40.0961146746684,0.0,0.0,0.85,35.274199030435575,0.0,35.20283936011589,-0.016383574817787405,0.18272930787406239,4.226742670904918,4.508191303722619,-0.2814486328177009,0.35267539556084415,0.18336511594014446,42.01922293493367,34.0,0.0,6.8,0.0,14.02542798554056,4.409990267083952,2.56,0.0,42.07419903043557,0.41874946048907336,0.3806332360590041,-0.038116224430069214,0.2248553970730294,0.2057759256047611,-0.019079471468268317,81920.0,81920.0,8.0
experiment-evaluation-015,active,known,ok,30.917544693323496,0.85,27.2,0.0,18.58772346661749,3.023236350899666,0.0,0.85,30.917748166983433,0.0,30.862484715944134,-0.055059977379364966,0.0588320345955727,3.134441966847793,3.023236350899666,0.11120561594812672,0.11120561594812672,0.05883133149769609,37.7175446933235,34.0,0.0,6.8,0.0,10.170739488265047,3.2764404096598785,2.56,0.0,37.717748166983434,0.3413065788341411,0.3792156538686405,0.03790907503449938,0.19873747342537398,0.2166966315577973,0.017959158132423308,81920.0,81920.0,8.0
experiment-evaluation-016,active,known,ok,28.352210291505646,0.8434381461257104,27.060013784015155,0.13998621598484562,6.460982537452477,0.0,0.0,0.843886975897057,28.362662871793276,0.0,28.198096625756722,-0.15411366574892327,0.15411366574892327,2.379171621586857,2.418422755334148,-0.03925113374729102,0.11548696501423687,0.16473963180265808,34.858963773176164,33.56676726568566,0.433232734314333,6.506753481670512,0.2932465183294874,8.034718090770598,2.4651047891331097,2.4314663812198094,0.0,34.981535227555675,0.25710755999954155,0.2186701862384276,-0.038437373761113926,0.16813405661937386,0.14640382002716854,-0.021730236592205316,81920.0,81920.0,8.0
experiment-evaluation-017,active,known,ok,34.977804530842356,0.85,27.2,0.0,38.8890226542118,0.0,0.0,0.85,34.993508548428444,0.0,34.82862791162608,-0.14917661921628186,0.14917661921628186,4.149210009095621,4.0608752717952505,0.08833473730037052,0.35619768331109897,0.14943319620602263,41.77780453084236,34.0,0.0,6.8,0.0,13.90953572992481,4.029740845567177,2.56,0.0,41.79350854842844,0.4150836756466732,0.42490362057224756,0.009819944925574328,0.2213484237933974,0.2262567683493711,0.004908344555973693,81920.0,81920.0,8.0
experiment-evaluation-018,active,known,ok,30.36797807143903,0.85,27.2,0.0,15.839890357195152,0.0,0.0,0.85,30.44135866181396,0.0,30.309844371757283,-0.05813369968174461,0.06749216431894212,2.8860762650306917,3.0576657802257032,-0.17158951519501153,0.17158951519501153,0.0682901515603969,36.92013563329982,33.75215756186079,0.24784243813921034,6.552157561860789,0.24784243813921034,9.779373991531193,2.8223117237453823,2.4533333333333336,0.0,37.048686219202125,0.4513011882263284,0.339606268040652,-0.1116949201856764,0.2643443560280713,0.20853596051809142,-0.05580839550997987,81920.0,81920.0,8.0
experiment-evaluation-019,active,known,ok,29.73489405968739,0.85,27.2,0.0,12.674470298436958,0.0,0.0,0.85,29.752214565543664,0.0,29.614984942577156,-0.11990911711023244,0.11990911711023244,2.738126631408715,2.8540883178271783,-0.11596168641846383,0.11596168641846383,0.11958089788839704,36.46495812116556,33.93006406147817,0.06993593852183277,6.730064061478167,0.06993593852183277,9.368106957493668,2.806332472958879,2.533333333333333,0.0,36.539108934051164,0.35446369506560466,0.3587709931421008,0.0043072980764961395,0.20493261795959525,0.20799621234703433,0.003063594387439065,81920.0,81920.0,8.0
experiment-evaluation-020,active,known,ok,36.15551302601471,0.85,27.2,0.0,44.777565130073526,4.6988116110660085,0.0,0.85,36.01663333561899,0.0,36.15398142711724,-0.0015315988974625345,0.02571630080251926,4.5494916546006685,4.6988116110660085,-0.14931995646533971,0.4624622323806413,0.02280565023230076,42.95551302601471,34.0,0.0,6.8,0.0,15.25416355598981,4.580959804896868,2.56,0.0,42.81663333561898,0.41220974231103064,0.40062197221409973,-0.011587770096930924,0.22087755737537607,0.2150803240704849,-0.005797233304891143,81920.0,81920.0,8.0
experiment-evaluation-021,active,known,ok,32.83003754326725,0.85,27.2,0.0,28.15018771633625,0.0,0.0,0.85,32.91934720479088,0.0,32.87121615500104,0.041178611733791115,0.11041714912677254,3.5971180303274717,3.410261782202712,0.18685624812475923,0.3051490276162688,0.10743727474545907,39.63003754326725,34.0,0.0,6.8,0.0,12.050307219579992,3.8917304967278685,2.56,0.0,39.71934720479088,0.37919661370951024,0.3522932779921422,-0.026903335717368027,0.20898251061632164,0.1957224267300751,-0.013260083886246535,81920.0,81920.0,8.0
experiment-evaluation-022,active,known,ok,26.187075289799747,0.77782360162155,25.660236834593064,1.5397631654069341,2.6341922760334096,1.309813282699751,0.0,0.7733212507617324,26.069845060957377,0.0205299213102883,26.65644949002613,0.46937420022638204,0.46937420022638204,2.127272604037563,2.0390321165585186,0.08824048747904441,0.17909132696668376,0.46226711488871786,32.73019439053788,32.203355935331196,1.7966440646688013,6.543119100738132,0.25688089926186725,7.338344246969281,2.222900914196551,2.4266666666666663,0.0,32.69552118282,0.29709060181887187,0.22465366892719008,-0.07243693289168181,0.1872436189423813,0.1411684918227507,-0.04607512711963061,81920.0,81920.0,8.0
experiment-evaluation-023,active,known,ok,26.29147684153489,0.7903888848596449,25.928296210339095,1.2717037896609067,1.8159031559789949,0.0,0.0,0.7899914371578198,26.308480508091616,0.0,26.29141703377185,-5.980776304307748e-05,0.03919261427769646,2.059634094315584,2.07607273308523,-0.016438638769646314,0.14321251557726336,0.032058335456916616,32.716646134203415,32.35346550300762,1.6465344969923799,6.425169292668527,0.3748307073314731,6.894238350319994,1.9981794679370892,2.3733333333333335,0.0,32.88375050442221,0.3685029715832228,0.2766260876383,-0.09187688394492277,0.24554523221983993,0.19008758629923905,-0.05545764592060085,81920.0,81920.0,8.0
experiment-evaluation-000,fixed,frozen,ok,35.5484373565803,0.85,27.2,0.0,41.74218678290149,1.3054466341822195,0.0,0.85,35.65094778186598,0.017355916505017888,35.51183150392981,-0.03660585265048392,0.1533119514357845,4.350730430033111,3.959870727452239,0.3908597025808718,0.3908597025808718,0.13312953063020197,42.34843735658029,34.0,0.0,6.8,0.0,14.22667881828247,4.519343635932839,2.56,0.0,42.45094778186598,0.5231675470815196,0.45165756069259944,-0.07150998638892025,0.2802138560998671,0.24445063371439865,-0.03576322238546842,81920.0,81920.0,8.0
experiment-evaluation-001,fixed,frozen,ok,35.96587764674052,0.85,27.2,0.0,43.82938823370264,0.0,0.0,0.85,36.05675668783389,0.0,35.568121767286875,-0.39775587945364776,0.39775587945364776,4.324713448669407,4.682448955045838,-0.3577355063764311,0.3577355063764311,0.3906751253251102,42.76587764674053,34.0,0.0,6.8,0.0,14.43167653240203,4.455425844492901,2.56,0.0,42.85675668783389,0.4106965871470833,0.3941952918937424,-0.01650129525334082,0.22121345417855784,0.2129530044538239,-0.008260449724733923,81920.0,81920.0,8.0
experiment-evaluation-002,fixed,frozen,ok,33.86065575950635,0.85,27.2,0.0,33.30327879753174,1.372991277405254,0.0,0.85,33.76826117458731,0.0378893010192769,33.909522181862094,0.04886642235575304,0.2439440979523416,3.947080928751545,4.0316842091183105,-0.0846032803667649,0.24917681170818926,0.25408461585548914,40.66065575950635,34.0,0.0,6.8,0.0,12.925617672354187,4.1062642752379,2.56,0.0,40.5682611745873,0.39628684687702037,0.4015971706362527,0.005310323759232387,0.22334571882237533,0.22486818510220696,0.0015224662798316024,81920.0,81920.0,8.0
experiment-evaluation-003,fixed,frozen,ok,34.66798551052967,0.85,27.2,0.0,37.33992755264833,1.227819777222245,0.0,0.85,34.725070085756705,0.011560717299244535,34.76962013214717,0.10163462161750896,0.12756625207028804,4.123840099342448,3.950670110522905,0.17316998881954326,0.2685164647301465,0.11580750908664485,41.467985510529665,34.0,0.0,6.8,0.0,14.104256856916484,4.330862098496542,2.56,0.0,41.5250700857567,0.3797951541954392,0.3986331400837119,0.01883798588827279,0.20809887568861204,0.21754495728814752,0.009446081599535491,81920.0,81920.0,8.0
experiment-evaluation-004,fixed,frozen,ok,33.55075270495479,0.85,27.2,0.0,31.75376352477396,0.0,0.0,0.85,33.6408989942036,0.0,33.17693075790046,-0.3738219470543361,0.3738219470543361,3.669766170190212,4.070386419944351,-0.40062024975414,0.40062024975414,0.33762779618205013,40.350752704954786,34.0,0.0,6.8,0.0,12.756899375333361,3.7738633768219394,2.56,0.0,40.4408989942036,0.547552152777567,0.6872960686557041,0.13974391587813714,0.2919022490977778,0.3616545855838838,0.06975233648610604,81920.0,81920.0,8.0
experiment-evaluation-005,fixed,frozen,ok,34.94297517438083,0.85,27.2,0.0,38.71487587190415,0.0,0.0,0.85,34.99689884598174,0.0,35.236393186926904,0.2934180125460723,0.2934180125460723,4.291803590091589,4.180218259389484,0.11158533070210404,0.3165735392993403,0.31230458422913976,41.742975174380824,34.0,0.0,6.8,0.0,14.031483256713267,4.25196756951183,2.56,0.0,41.79689884598174,0.44515642527575583,0.34061507948423847,-0.10454134579151736,0.2353162246501567,0.18304889431695806,-0.05226733033319866,81920.0,81920.0,8.0
experiment-evaluation-006,fixed,frozen,ok,31.307346446596025,0.85,27.2,0.0,20.536732232980118,0.0,0.0,0.85,31.269701494019717,0.02960017004106774,31.37692223993554,0.06957579333951358,0.12526507328151956,3.229302694705032,3.5052171749218304,-0.27591448021679854,0.27591448021679854,0.13116821067257253,38.107346446596026,34.0,0.0,6.8,0.0,10.853042329108476,3.244234077002559,2.56,0.0,38.06970149401972,0.32276919344670635,0.3611428423638073,0.03837364891710093,0.18032952478260225,0.20194279482837707,0.021613270045774808,81920.0,81920.0,8.0
experiment-evaluation-007,fixed,frozen,ok,31.756188426059907,0.85,27.2,0.0,22.78094213029952,2.1083445913579255,0.0,0.85,31.82318868580813,0.014458981297783188,31.93591075043477,0.17972232437486232,0.17972232437486232,3.3640477670711975,3.3073393923394896,0.05670837473170757,0.1708089643668198,0.16170092164695682,38.5561884260599,34.0,0.0,6.8,0.0,11.450957679563885,3.315123406926285,2.56,0.0,38.623188685808124,0.3559125621906349,0.3854829693819631,0.029570407191328234,0.20110261198548282,0.2164054678296549,0.015302855844172078,81920.0,81920.0,8.0
experiment-evaluation-008,fixed,frozen,ok,32.158576893357925,0.85,27.2,0.0,24.792884466789634,0.0,0.0,0.85,32.13957806578475,0.004279275806472545,32.18562410478126,0.027047211423339473,0.20109842533960412,3.4577340058943045,3.447960201319376,0.009773804574928638,0.2594708752727339,0.21678917854920798,38.873685657131695,33.91510876377377,0.08489123622622567,6.715108763773774,0.08489123622622567,11.174363765347081,3.1514345299793027,2.533333333333333,0.0,38.908076253612535,0.339790887322315,0.3418166239607285,0.002025736638413452,0.19242886281371605,0.19288977265210824,0.00046090983839219835,81920.0,81920.0,8.0
experiment-evaluation-009,fixed,frozen,ok,31.900594207375747,0.85,27.2,0.0,23.50297103687872,2.116827458634815,0.0,0.85,31.80508476084255,0.025422764503500634,31.852584208057436,-0.04800999931830674,0.0657201766012238,3.3361142899551175,3.343510022007582,-0.007395732052464836,0.24191983515655613,0.061993202989625,38.700594207375744,34.0,0.0,6.8,0.0,11.937994286695949,3.29949926871188,2.56,0.0,38.60508476084255,0.5883798329404017,0.44146396343427585,-0.14691586950612587,0.31924110411384105,0.24441524161698006,-0.07482586249686098,81920.0,81920.0,8.0
experiment-evaluation-010,fixed,frozen,ok,21.86666803988054,0.5980343134308913,21.824732019859013,5.375267980140986,0.20968010010762636,0.4551163396542767,0.0,0.5985790663411216,21.881366880994857,0.04337349956053771,21.358365582073095,-0.5083024578074458,0.5805636240619118,1.5947428017957541,1.4764728765645543,0.11826992523119954,0.11826992523119954,0.6166307599282929,26.71505405120588,26.673118031184355,7.326881968815646,4.848386011325339,1.9516139886746597,5.378612441023385,1.5889068504317627,1.6946684964066654,0.0,26.920846776039117,0.5474766483983872,0.4384921659217997,-0.10898448247658758,0.3561761958693224,0.2894778501400707,-0.06669834572925178,81920.0,81920.0,8.0
experiment-evaluation-011,fixed,frozen,ok,29.06904487410017,0.85,27.2,0.0,9.34522437050086,0.9224204064464709,0.0,0.85,29.0523621821403,0.009980858845825225,28.874911061779784,-0.19413381232038893,0.19413381232038893,2.557657921083098,2.6693900747623798,-0.11173215367928228,0.12681901280864802,0.20044383971458993,35.85276992760773,33.98372505350756,0.016274946492437593,6.783725053507562,0.016274946492437593,8.86559806412191,2.5665657764820327,2.5066666666666664,0.0,35.8523621821403,0.2898094361573196,0.3138986058237962,0.024089169666476635,0.1801283792509055,0.18876751875302245,0.00863913950211693,81920.0,81920.0,8.0
experiment-evaluation-012,fixed,frozen,ok,22.264459530996096,0.6153414857376086,22.19395169573565,5.0060483042643495,0.3525391763022485,1.2822366561844365,0.0,0.6123512977909773,22.195358180638014,0.0476031734795915,22.847079999205405,0.582620468209304,0.6777115184606354,1.7892954438305573,1.7913904076993648,-0.0020949638688074756,0.12611970456233879,0.6816988280068736,28.252879554480923,28.18237171922047,5.817628280779529,5.988420023484821,0.8115799765151795,5.871583222431032,1.8428699754274829,2.1914624264876585,0.0,28.39536000606313,0.3470827888374372,0.3273481784633399,-0.019734610374097277,0.22083788187498107,0.21069370538227827,-0.010144176492702781,81920.0,81920.0,8.0
experiment-evaluation-013,fixed,frozen,ok,36.5553792881394,0.85,27.2,0.0,46.77689644069701,3.1556980653489872,0.0,0.85,36.48774957419432,0.022153699167778502,36.46186828030654,-0.09351100783285678,0.09351100783285678,4.59906256609445,4.644487878388575,-0.04542531229412402,0.2937314628957625,0.09218307981399458,43.3553792881394,34.0,0.0,6.8,0.0,15.646246558579849,4.576680477792035,2.56,0.0,43.28774957419432,0.4641843485701315,0.4127282813740359,-0.0514560671960956,0.2450830090026295,0.21935478881807566,-0.025728220184553858,81920.0,81920.0,8.0
experiment-evaluation-014,fixed,frozen,ok,35.19392561168306,0.85,27.2,0.0,39.9696280584153,1.4431582468639528,0.0,0.85,35.275988397047236,0.021397653957123453,35.083433345427174,-0.11049226625588915,0.36640414817737604,4.239175733394586,4.5151030781951045,-0.27592734480051845,0.3156009978658642,0.3923739802731056,41.99392561168306,34.0,0.0,6.8,0.0,13.953430334785489,4.409990267083952,2.56,0.0,42.07598839704723,0.41874946048907336,0.3901614900674926,-0.028587970421580716,0.2248553970730294,0.21054742575812982,-0.014307971314899581,81920.0,81920.0,8.0
experiment-evaluation-015,fixed,frozen,ok,30.907335980753285,0.85,27.2,0.0,18.536679903766416,0.9763427558245642,0.0,0.85,30.90442274928154,0.008168862549342274,30.683355070253572,-0.22398091049970859,0.32998569566064023,3.0577023882623418,3.026877490898373,0.030824897363968873,0.1881811829310207,0.3376653823248535,37.707335980753285,34.0,0.0,6.8,0.0,10.132810946611855,3.2764404096598785,2.56,0.0,37.70442274928154,0.3413065788341411,0.38466482477267366,0.04335824593853257,0.19873747342537398,0.21941427094883567,0.020676797523461632,81920.0,81920.0,8.0
experiment-evaluation-016,fixed,frozen,ok,28.350102847478762,0.843492089552988,27.061164577130413,0.13883542286958853,6.444691351741738,0.0,0.0,0.8439007629172447,28.362425838184038,0.0,28.313439937550452,-0.03666290992830786,0.20346104986262503,2.4304121882817378,2.423080512149444,0.007331676132293759,0.151677759537815,0.20101429826303943,34.85821003886429,33.56927176851594,0.4307282314840561,6.508107191385533,0.29189280861446754,7.986199790611262,2.4651047891331097,2.4314663812198094,0.0,34.98129819394643,0.25710755999954155,0.23384736726370212,-0.02326019273583943,0.16813405661937386,0.15522481675928884,-0.012909239860085001,81920.0,81920.0,8.0
experiment-evaluation-017,fixed,frozen,ok,34.97332750831188,0.85,27.2,0.0,38.86663754155942,0.0,0.0,0.85,34.993241369448114,0.0,34.76968339503799,-0.2036441132738934,0.2036441132738934,4.1257313468213646,4.068810347236277,0.05692099958508775,0.3868985805827396,0.20915969530732545,41.77332750831188,34.0,0.0,6.8,0.0,13.826878694080785,4.029740845567177,2.56,0.0,41.79324136944811,0.4150836756466732,0.4236232464914804,0.008539570844807165,0.2213484237933974,0.22562849234967422,0.00428006855627681,81920.0,81920.0,8.0
experiment-evaluation-018,fixed,frozen,ok,30.339588037137105,0.85,27.2,0.0,15.69794018568552,1.0615665606868465,0.0,0.85,30.448386086355388,0.026776946692430432,30.348663449522466,0.00907541238536306,0.17109834181243735,2.9246915543815297,3.0607816433209187,-0.13609008893938856,0.1450508739138788,0.14605269844817434,36.89102108326179,33.751433046124696,0.2485669538753094,6.55143304612469,0.2485669538753094,9.746917084289366,2.8223117237453823,2.4533333333333336,0.0,37.05571364374356,0.4513011882263284,0.4034220301963079,-0.047879158030020526,0.2643443560280713,0.2408392846590969,-0.023505071368974378,81920.0,81920.0,8.0
experiment-evaluation-019,fixed,frozen,ok,29.715384823683934,0.85,27.2,0.0,12.576924118419663,1.9130310400221664,0.0,0.85,29.762299121824473,0.016593532807348765,29.566602725704556,-0.14878209797937814,0.14878209797937814,2.7634446201276877,2.859256110633059,-0.09581149050537101,0.1322454846130694,0.16582968623814764,36.4454488851621,33.93006406147817,0.06993593852183277,6.730064061478167,0.06993593852183277,9.314275782432416,2.806332472958879,2.533333333333333,0.0,36.549193490331966,0.35446369506560466,0.33101565691650453,-0.023448038149100143,0.20493261795959525,0.1935969091961439,-0.01133570876345133,81920.0,81920.0,8.0
experiment-evaluation-020,fixed,frozen,ok,36.109429869204085,0.85,27.2,0.0,44.54714934602041,1.61046226618872,0.0,0.85,36.01358077149754,0.03903579988029785,36.06315251169984,-0.046277357504244776,0.2217344732368479,4.525778976815494,4.711587378925732,-0.1858084021102385,0.42767433352115436,0.25353623357965754,42.90942986920408,34.0,0.0,6.8,0.0,15.121082640784351,4.580959804896868,2.56,0.0,42.813580771497534,0.41220974231103064,0.3991148612723221,-0.013094881038708575,0.22087755737537607,0.21432696789155667,-0.006550589483819387,81920.0,81920.0,8.0
experiment-evaluation-021,fixed,frozen,ok,32.82705637357187,0.85,27.2,0.0,28.135281867859366,0.0,0.0,0.85,32.91875160893752,0.0,32.81878196432944,-0.008274409242436795,0.19661775013418983,3.6054763097445224,3.4155456078422475,0.1899307019022749,0.34459400977201726,0.20689074746551248,39.62705637357187,34.0,0.0,6.8,0.0,11.99526736916817,3.8917304967278685,2.56,0.0,39.71875160893752,0.37919661370951024,0.3586753111837826,-0.020521302525727685,0.20898251061632164,0.19884948713963183,-0.010133023476689762,81920.0,81920.0,8.0
experiment-evaluation-022,fixed,frozen,ok,26.151005164563145,0.7766650118699746,25.635520253226122,1.564479746773875,2.5774245566851035,0.0,0.0,0.7723343019262776,26.04371743674875,0.050444569085197344,26.482406570280006,0.3314014057168606,0.3314014057168606,2.096054323405085,2.044923308523304,0.051131014881780734,0.17849555877295878,0.29539275815888605,32.68140303832271,32.165918126985694,1.8340818730143056,6.530397873759569,0.2696021262404307,7.276977664002762,2.222900914196551,2.4104320550351592,0.0,32.668178558320925,0.29709060181887187,0.2288317967912544,-0.06825880502761748,0.1872436189423813,0.1440895996269416,-0.0431540193154397,81920.0,81920.0,8.0
experiment-evaluation-023,fixed,frozen,ok,26.291340318440845,0.7903871895260336,25.928260043222053,1.2717399567779504,1.8154013760939829,0.0,0.0,0.7900824251155397,26.310354553252704,0.0,26.28065565188417,-0.010684666556677769,0.1720921552152556,2.0708862634199643,2.0785091295598197,-0.007622866139855411,0.10413175766182932,0.20650371905440282,32.70987096384857,32.346790688629774,1.6532093113702213,6.418530645407729,0.3814693545922707,6.868859220376355,1.9981794679370892,2.3733333333333335,0.0,32.88342657024993,0.3685029715832228,0.33609273490649905,-0.032410236676723714,0.24554523221983993,0.22530032362283112,-0.02024490859700878,81920.0,81920.0,8.0
experiment-evaluation-000,fixed,updated,ok,35.5484373565803,0.85,27.2,0.0,41.74218678290149,1.3054466341822195,0.0,0.85,35.65094778186598,0.017355916505017888,35.42642310639547,-0.12201425018482819,0.13356250897971714,4.322280894817301,3.959870727452239,0.36241016736506254,0.36241016736506254,0.1458924738871343,42.34843735658029,34.0,0.0,6.8,0.0,14.22667881828247,4.519343635932839,2.56,0.0,42.45094778186598,0.5231675470815196,0.45165756069259944,-0.07150998638892025,0.2802138560998671,0.24445063371439865,-0.03576322238546842,81920.0,81920.0,8.0
experiment-evaluation-001,fixed,updated,ok,35.96587764674052,0.85,27.2,0.0,43.82938823370264,0.0,0.0,0.85,36.05675668783389,0.0,35.633123397563914,-0.3327542491766143,0.3327542491766143,4.370295139395524,4.682448955045838,-0.31215381565031386,0.3216480029221079,0.3169669747397808,42.76587764674053,34.0,0.0,6.8,0.0,14.43167653240203,4.455425844492901,2.56,0.0,42.85675668783389,0.4106965871470833,0.3941952918937424,-0.01650129525334082,0.22121345417855784,0.2129530044538239,-0.008260449724733923,81920.0,81920.0,8.0
experiment-evaluation-002,fixed,updated,ok,33.86250584750167,0.85,27.2,0.0,33.31252923750838,1.5028119852013873,0.0,0.85,33.76843817634487,0.03603921302394989,33.81559999397831,-0.04690585352336285,0.06455622912517593,3.9114284730170517,4.0316842091183105,-0.12025573610125839,0.20574772004495104,0.06998990659615047,40.66250584750167,34.0,0.0,6.8,0.0,12.925617672354187,4.1062642752379,2.56,0.0,40.56843817634487,0.39628684687702037,0.4015971706362527,0.005310323759232387,0.22334571882237533,0.22486818510220696,0.0015224662798316024,81920.0,81920.0,8.0
experiment-evaluation-003,fixed,updated,ok,34.65648917214751,0.85,27.2,0.0,37.282445860737546,2.4488021147258787,0.0,0.85,34.72910370240762,0.023057055681398708,34.811825530002636,0.15533635785512465,0.15533635785512465,4.1483154214851075,3.950670110522905,0.19764531096220214,0.2813498509873648,0.14095514197791836,41.456489172147506,34.0,0.0,6.8,0.0,14.104256856916484,4.330862098496542,2.56,0.0,41.52910370240762,0.3797951541954392,0.3986331400837119,0.01883798588827279,0.20809887568861204,0.21754495728814752,0.009446081599535491,81920.0,81920.0,8.0
experiment-evaluation-004,fixed,updated,ok,33.55075270495479,0.85,27.2,0.0,31.75376352477396,0.0,0.0,0.85,33.6408989942036,0.0,33.33983945919051,-0.2109132457642815,0.2109132457642815,3.7473238612183764,4.070386419944351,-0.323062558725975,0.323062558725975,0.17712515015619504,40.350752704954786,34.0,0.0,6.8,0.0,12.756899375333361,3.7738633768219394,2.56,0.0,40.4408989942036,0.547552152777567,0.6872960686557041,0.13974391587813714,0.2919022490977778,0.3616545855838838,0.06975233648610604,81920.0,81920.0,8.0
experiment-evaluation-005,fixed,updated,ok,34.94297517438083,0.85,27.2,0.0,38.71487587190415,0.0,0.0,0.85,34.99689884598174,0.0,35.07574236218865,0.13276718780782204,0.15723153859226832,4.198160103030133,4.180218259389484,0.01794184364064873,0.3843731337643946,0.1510156729990047,41.742975174380824,34.0,0.0,6.8,0.0,14.031483256713267,4.25196756951183,2.56,0.0,41.79689884598174,0.44515642527575583,0.34061507948423847,-0.10454134579151736,0.2353162246501567,0.18304889431695806,-0.05226733033319866,81920.0,81920.0,8.0
experiment-evaluation-006,fixed,updated,ok,31.307346446596025,0.85,27.2,0.0,20.536732232980118,0.0,0.0,0.85,31.269701494019717,0.02960017004106774,31.22874053241786,-0.07860591417816683,0.2103776236385547,3.177270404221946,3.5052171749218304,-0.32794677069988465,0.32794677069988465,0.21184710442661567,38.107346446596026,34.0,0.0,6.8,0.0,10.853042329108476,3.244234077002559,2.56,0.0,38.06970149401972,0.32276919344670635,0.3611428423638073,0.03837364891710093,0.18032952478260225,0.20194279482837707,0.021613270045774808,81920.0,81920.0,8.0
experiment-evaluation-007,fixed,updated,ok,31.756188426059907,0.85,27.2,0.0,22.78094213029952,2.1083445913579255,0.0,0.85,31.82318868580813,0.014458981297783188,31.97793629131392,0.22174786525401657,0.22174786525401657,3.397009253817984,3.3073393923394896,0.08966986147849469,0.1298859478738641,0.2035942718135115,38.5561884260599,34.0,0.0,6.8,0.0,11.450957679563885,3.315123406926285,2.56,0.0,38.623188685808124,0.3559125621906349,0.3854829693819631,0.029570407191328234,0.20110261198548282,0.2164054678296549,0.015302855844172078,81920.0,81920.0,8.0
experiment-evaluation-008,fixed,updated,ok,32.158576893357925,0.85,27.2,0.0,24.792884466789634,0.0,0.0,0.85,32.13957806578475,0.004279275806472545,32.17128583023914,0.012708936881214328,0.14764866004227292,3.4432347415105142,3.447960201319376,-0.004725459808861299,0.2744614688781142,0.14273178355620827,38.873685657131695,33.91510876377377,0.08489123622622567,6.715108763773774,0.08489123622622567,11.174363765347081,3.1514345299793027,2.533333333333333,0.0,38.908076253612535,0.339790887322315,0.3418166239607285,0.002025736638413452,0.19242886281371605,0.19288977265210824,0.00046090983839219835,81920.0,81920.0,8.0
experiment-evaluation-009,fixed,updated,ok,31.900594207375747,0.85,27.2,0.0,23.50297103687872,2.116827458634815,0.0,0.85,31.80508476084255,0.025422764503500634,31.99632039794312,0.0957261905673737,0.0957261905673737,3.4016629668762,3.343510022007582,0.05815294486861703,0.30507906049515016,0.10176869586747728,38.700594207375744,34.0,0.0,6.8,0.0,11.937994286695949,3.29949926871188,2.56,0.0,38.60508476084255,0.5883798329404017,0.44146396343427585,-0.14691586950612587,0.31924110411384105,0.24441524161698006,-0.07482586249686098,81920.0,81920.0,8.0
experiment-evaluation-010,fixed,updated,ok,21.910041539441078,0.6000714365325476,21.86819064602768,5.331809353972317,0.20925446706697057,0.0,0.0,0.5984201188794182,21.87785482113902,0.0,21.366487918146436,-0.5435536212946394,0.5435536212946394,1.5919440002164411,1.4764728765645543,0.11547112365188654,0.11547112365188654,0.49397308724704164,26.758427550766413,26.716576657353027,7.283423342646977,4.848386011325339,1.9516139886746597,5.378612441023385,1.5889068504317627,1.6946684964066654,0.0,26.91733471618328,0.5474766483983872,0.4384921659217997,-0.10898448247658758,0.3561761958693224,0.2894778501400707,-0.06669834572925178,81920.0,81920.0,8.0
experiment-evaluation-011,fixed,updated,ok,29.07377537578743,0.85,27.2,0.0,9.368876878937145,1.7504095696245725,0.0,0.85,29.056808680035402,0.005250357158569585,28.971244500694866,-0.10253087509256649,0.1161349757763143,2.6006457713331277,2.6693900747623798,-0.06874430342925253,0.09657358567123515,0.1205095065974437,35.85750042929499,33.98372505350756,0.016274946492437593,6.783725053507562,0.016274946492437593,8.86559806412191,2.5665657764820327,2.5066666666666664,0.0,35.85680868003541,0.2898094361573196,0.3138986058237962,0.024089169666476635,0.1801283792509055,0.18876751875302245,0.00863913950211693,81920.0,81920.0,8.0
experiment-evaluation-012,fixed,updated,ok,22.28665087153547,0.616512747494968,22.218938613225983,4.981061386774017,0.3385612915474446,0.5914260177535897,0.0,0.6115771354855151,22.178799673041244,0.025411832940219387,22.5048907467817,0.21823987524623215,0.3165082152597556,1.751679244741885,1.7913904076993648,-0.03971116295747971,0.11340815242760094,0.3455406238905654,28.275070895020292,28.207358636710804,5.792641363289197,5.988420023484821,0.8115799765151795,5.871583222431032,1.8428699754274829,2.1914624264876585,0.0,28.378801498466363,0.3470827888374372,0.3273481784633399,-0.019734610374097277,0.22083788187498107,0.21069370538227827,-0.010144176492702781,81920.0,81920.0,8.0
experiment-evaluation-013,fixed,updated,ok,36.5553792881394,0.85,27.2,0.0,46.77689644069701,3.1556980653489872,0.0,0.85,36.48774957419432,0.022153699167778502,36.51944737418043,-0.03593191395897103,0.05877575954059466,4.6436420995468914,4.644487878388575,-0.0008457788416832793,0.2851568217188524,0.08000647013979052,43.3553792881394,34.0,0.0,6.8,0.0,15.646246558579849,4.576680477792035,2.56,0.0,43.28774957419432,0.4641843485701315,0.4127282813740359,-0.0514560671960956,0.2450830090026295,0.21935478881807566,-0.025728220184553858,81920.0,81920.0,8.0
experiment-evaluation-014,fixed,updated,ok,35.19392561168306,0.85,27.2,0.0,39.9696280584153,1.4431582468639528,0.0,0.85,35.275988397047236,0.021397653957123453,35.0327854411893,-0.16114017049376864,0.2869840271851771,4.217493893063545,4.5151030781951045,-0.2976091851315597,0.34083358453304263,0.31001643096651876,41.99392561168306,34.0,0.0,6.8,0.0,13.953430334785489,4.409990267083952,2.56,0.0,42.07598839704723,0.41874946048907336,0.3901614900674926,-0.028587970421580716,0.2248553970730294,0.21054742575812982,-0.014307971314899581,81920.0,81920.0,8.0
experiment-evaluation-015,fixed,updated,ok,30.9077886389031,0.85,27.2,0.0,18.538943194515493,1.0899682763551313,0.0,0.85,30.905148957824597,0.007716204399526323,30.82037339984849,-0.08741523905461197,0.17697876494525625,3.102348198613177,3.026877490898373,0.07547070771480453,0.11141637869131997,0.16989990638007413,37.7077886389031,34.0,0.0,6.8,0.0,10.132810946611855,3.2764404096598785,2.56,0.0,37.7051489578246,0.3413065788341411,0.38466482477267366,0.04335824593853257,0.19873747342537398,0.21941427094883567,0.020676797523461632,81920.0,81920.0,8.0
experiment-evaluation-016,fixed,updated,ok,28.350102847478762,0.843492089552988,27.061164577130413,0.13883542286958853,6.444691351741738,0.0,0.0,0.8439007629172447,28.362425838184038,0.0,28.260077511830332,-0.09002533564842945,0.14653113093586256,2.4077262540363153,2.423080512149444,-0.015354258113128813,0.13424286829376295,0.1377589828417535,34.85821003886429,33.56927176851594,0.4307282314840561,6.508107191385533,0.29189280861446754,7.986199790611262,2.4651047891331097,2.4314663812198094,0.0,34.98129819394643,0.25710755999954155,0.23384736726370212,-0.02326019273583943,0.16813405661937386,0.15522481675928884,-0.012909239860085001,81920.0,81920.0,8.0
experiment-evaluation-017,fixed,updated,ok,34.964607315930955,0.85,27.2,0.0,38.82303657965476,1.5011009053470825,0.0,0.85,34.99720008938621,0.00872019238092984,34.79101155569216,-0.1735957602387946,0.19008009008087137,4.14580103285403,4.068810347236277,0.07699068561775402,0.3683336623518197,0.19836035622246975,41.76460731593095,34.0,0.0,6.8,0.0,13.826878694080785,4.029740845567177,2.56,0.0,41.79720008938621,0.4150836756466732,0.4236232464914804,0.008539570844807165,0.2213484237933974,0.22562849234967422,0.00428006855627681,81920.0,81920.0,8.0
experiment-evaluation-018,fixed,updated,ok,30.341195732785508,0.85,27.2,0.0,15.705978663927558,0.9978297963830037,0.0,0.85,30.447933935900068,0.0251692510440229,30.350482672357362,0.009286939571852079,0.043464833152546824,2.912115865997722,3.0607816433209187,-0.14866577732319644,0.14866577732319644,0.05085387438193697,36.8926287789102,33.751433046124696,0.2485669538753094,6.55143304612469,0.2485669538753094,9.746917084289366,2.8223117237453823,2.4533333333333336,0.0,37.055261493288235,0.4513011882263284,0.4034220301963079,-0.047879158030020526,0.2643443560280713,0.2408392846590969,-0.023505071368974378,81920.0,81920.0,8.0
experiment-evaluation-019,fixed,updated,ok,29.715349944332612,0.85,27.2,0.0,12.576749721663058,1.9170522019114502,0.0,0.85,29.762321131122008,0.016628412158670614,29.580358172314423,-0.13499177201818569,0.13499177201818569,2.753636187380556,2.859256110633059,-0.10561992325250265,0.10561992325250265,0.1473778151943704,36.445414005810775,33.93006406147817,0.06993593852183277,6.730064061478167,0.06993593852183277,9.314275782432416,2.806332472958879,2.533333333333333,0.0,36.549215499629504,0.35446369506560466,0.33101565691650453,-0.023448038149100143,0.20493261795959525,0.1935969091961439,-0.01133570876345133,81920.0,81920.0,8.0
experiment-evaluation-020,fixed,updated,ok,36.112569139218536,0.85,27.2,0.0,44.562845696092666,1.8598556206820385,0.0,0.85,36.013818413068684,0.03589652986584942,36.07749092772004,-0.03507821149849614,0.17163431754470557,4.544438809099094,4.711587378925732,-0.1671485698266387,0.4165973563900816,0.16662732124827784,42.91256913921853,34.0,0.0,6.8,0.0,15.121082640784351,4.580959804896868,2.56,0.0,42.81381841306868,0.41220974231103064,0.3991148612723221,-0.013094881038708575,0.22087755737537607,0.21432696789155667,-0.006550589483819387,81920.0,81920.0,8.0
experiment-evaluation-021,fixed,updated,ok,32.82705637357187,0.85,27.2,0.0,28.135281867859366,0.0,0.0,0.85,32.91875160893752,0.0,32.8313723133894,0.0043159398175257975,0.07892826594438418,3.605115938476325,3.4155456078422475,0.1895703306340777,0.2679662585683518,0.08344124190146197,39.62705637357187,34.0,0.0,6.8,0.0,11.99526736916817,3.8917304967278685,2.56,0.0,39.71875160893752,0.37919661370951024,0.3586753111837826,-0.020521302525727685,0.20898251061632164,0.19884948713963183,-0.010133023476689762,81920.0,81920.0,8.0
experiment-evaluation-022,fixed,updated,ok,26.17939007722553,0.7774481833594188,25.652227911667598,1.5477720883323987,2.6358108277896584,1.3136023313439624,0.0,0.7732690442186718,26.06879210191293,0.02205965642281053,26.591334930152936,0.41194485292740524,0.41194485292740524,2.115896096079546,2.044923308523304,0.07097278755624188,0.16973705626673077,0.4012198119041142,32.709787950985096,32.18262578542717,1.8173742145728295,6.530397873759569,0.2696021262404307,7.276977664002762,2.222900914196551,2.4104320550351592,0.0,32.6932532234851,0.29709060181887187,0.2288317967912544,-0.06825880502761748,0.1872436189423813,0.1440895996269416,-0.0431540193154397,81920.0,81920.0,8.0
experiment-evaluation-023,fixed,updated,ok,26.291340318440845,0.7903871895260336,25.928260043222053,1.2717399567779504,1.8154013760939829,0.0,0.0,0.7900824251155397,26.310354553252704,0.0,26.33749339249138,0.0461530740505296,0.10250240051754152,2.072864346590705,2.0785091295598197,-0.005644782969114637,0.1301291773839924,0.10516699032199699,32.70987096384857,32.346790688629774,1.6532093113702213,6.418530645407729,0.3814693545922707,6.868859220376355,1.9981794679370892,2.3733333333333335,0.0,32.88342657024993,0.3685029715832228,0.33609273490649905,-0.032410236676723714,0.24554523221983993,0.22530032362283112,-0.02024490859700878,81920.0,81920.0,8.0
experiment-evaluation-000,fixed,known,ok,35.56579327308532,0.85,27.2,0.0,41.82896636542659,0.0,0.0,0.85,35.6427312418191,0.0,35.39447863549662,-0.1713146375887007,0.1713146375887007,4.296699689312554,3.959870727452239,0.33682896186031525,0.33682896186031525,0.17355370856465965,42.36579327308531,34.0,0.0,6.8,0.0,14.22667881828247,4.519343635932839,2.56,0.0,42.4427312418191,0.5231675470815196,0.45165756069259944,-0.07150998638892025,0.2802138560998671,0.24445063371439865,-0.03576322238546842,81920.0,81920.0,8.0
experiment-evaluation-001,fixed,known,ok,35.96587764674052,0.85,27.2,0.0,43.82938823370264,0.0,0.0,0.85,36.05675668783389,0.0,35.61331367540865,-0.3525639713318777,0.3525639713318777,4.3622718849186795,4.682448955045838,-0.32017707012715935,0.33565744966325867,0.35029224008482557,42.76587764674053,34.0,0.0,6.8,0.0,14.43167653240203,4.455425844492901,2.56,0.0,42.85675668783389,0.4106965871470833,0.3941952918937424,-0.01650129525334082,0.22121345417855784,0.2129530044538239,-0.008260449724733923,81920.0,81920.0,8.0
experiment-evaluation-002,fixed,known,ok,33.89854506052563,0.85,27.2,0.0,33.492725302628116,4.0316842091183105,0.0,0.85,33.77188612263862,0.0,33.82926493830946,-0.06928012221616342,0.10833369792390357,3.9223426628492786,4.0316842091183105,-0.10934154626903132,0.20245232759979462,0.10689111365796657,40.698545060525625,34.0,0.0,6.8,0.0,12.925617672354187,4.1062642752379,2.56,0.0,40.571886122638624,0.39628684687702037,0.4015971706362527,0.005310323759232387,0.22334571882237533,0.22486818510220696,0.0015224662798316024,81920.0,81920.0,8.0
experiment-evaluation-003,fixed,known,ok,34.67954622782891,0.85,27.2,0.0,37.39773113914455,0.0,0.0,0.85,34.72101388105528,0.0,34.86542745352081,0.18588122569190327,0.18588122569190327,4.139992555052907,3.950670110522905,0.18932244453000177,0.25226996616531805,0.18498992906180375,41.479546227828905,34.0,0.0,6.8,0.0,14.104256856916484,4.330862098496542,2.56,0.0,41.521013881055275,0.3797951541954392,0.3986331400837119,0.01883798588827279,0.20809887568861204,0.21754495728814752,0.009446081599535491,81920.0,81920.0,8.0
experiment-evaluation-004,fixed,known,ok,33.55075270495479,0.85,27.2,0.0,31.75376352477396,0.0,0.0,0.85,33.6408989942036,0.0,33.57353812404067,0.022785419085877834,0.022785419085877834,3.7569149018151484,4.070386419944351,-0.3134715181292038,0.3134715181292038,0.02669622828299288,40.350752704954786,34.0,0.0,6.8,0.0,12.756899375333361,3.7738633768219394,2.56,0.0,40.4408989942036,0.547552152777567,0.6872960686557041,0.13974391587813714,0.2919022490977778,0.3616545855838838,0.06975233648610604,81920.0,81920.0,8.0
experiment-evaluation-005,fixed,known,ok,34.94297517438083,0.85,27.2,0.0,38.71487587190415,0.0,0.0,0.85,34.99689884598174,0.0,35.015208489299916,0.0722333149190888,0.0722333149190888,4.174152401077696,4.180218259389484,-0.006065858311788593,0.3803146791004129,0.0722664532939103,41.742975174380824,34.0,0.0,6.8,0.0,14.031483256713267,4.25196756951183,2.56,0.0,41.79689884598174,0.44515642527575583,0.34061507948423847,-0.10454134579151736,0.2353162246501567,0.18304889431695806,-0.05226733033319866,81920.0,81920.0,8.0
experiment-evaluation-006,fixed,known,ok,31.336946616637093,0.85,27.2,0.0,20.68473308318546,3.5052171749218304,0.0,0.85,31.275423972325225,0.0,31.365822628781753,0.028876012144660734,0.0902510778473425,3.2442747332555872,3.5052171749218304,-0.2609424416662434,0.2609424416662434,0.09011376611765225,38.13694661663709,34.0,0.0,6.8,0.0,10.853042329108476,3.244234077002559,2.56,0.0,38.07542397232522,0.32276919344670635,0.3611428423638073,0.03837364891710093,0.18032952478260225,0.20194279482837707,0.021613270045774808,81920.0,81920.0,8.0
experiment-evaluation-007,fixed,known,ok,31.770647407357686,0.85,27.2,0.0,22.85323703678844,0.0,0.0,0.85,31.80771036914778,0.0,31.917937185602238,0.14728977824455333,0.14728977824455333,3.371691592949021,3.3073393923394896,0.06435220060953147,0.13372053589693098,0.1470691152493065,38.57064740735769,34.0,0.0,6.8,0.0,11.450957679563885,3.315123406926285,2.56,0.0,38.607710369147775,0.3559125621906349,0.3854829693819631,0.029570407191328234,0.20110261198548282,0.2164054678296549,0.015302855844172078,81920.0,81920.0,8.0
experiment-evaluation-008,fixed,known,ok,32.1628561691644,0.85,27.2,0.0,24.814280845821997,2.07031649280584,0.0,0.85,32.14767550886139,0.0,32.063448289986376,-0.09940787917802278,0.14324759654036612,3.4146908530872633,3.447960201319376,-0.03326934823211255,0.258231517393918,0.12638324985743232,38.87796493293817,33.91510876377377,0.08489123622622567,6.715108763773774,0.08489123622622567,11.174363765347081,3.1514345299793027,2.533333333333333,0.0,38.91617369668918,0.339790887322315,0.3418166239607285,0.002025736638413452,0.19242886281371605,0.19288977265210824,0.00046090983839219835,81920.0,81920.0,8.0
experiment-evaluation-009,fixed,known,ok,31.926016971879246,0.85,27.2,0.0,23.630084859396224,3.343510022007582,0.0,0.85,31.81293100437208,0.0,32.01497961698991,0.0889626451106705,0.10454759484540095,3.41869207097734,3.343510022007582,0.0751820489697576,0.2859108198141967,0.10158487096794074,38.72601697187924,34.0,0.0,6.8,0.0,11.937994286695949,3.29949926871188,2.56,0.0,38.61293100437208,0.5883798329404017,0.44146396343427585,-0.14691586950612587,0.31924110411384105,0.24441524161698006,-0.07482586249686098,81920.0,81920.0,8.0
experiment-evaluation-010,fixed,known,ok,21.910041539441078,0.6000714365325476,21.86819064602768,5.331809353972317,0.20925446706697057,0.0,0.0,0.5984201188794182,21.87785482113902,0.0,21.533327565254286,-0.37671397418679103,0.37671397418679103,1.582181301251784,1.4764728765645543,0.10570842468722981,0.10570842468722981,0.38464519147947557,26.758427550766413,26.716576657353027,7.283423342646977,4.848386011325339,1.9516139886746597,5.378612441023385,1.5889068504317627,1.6946684964066654,0.0,26.91733471618328,0.5474766483983872,0.4384921659217997,-0.10898448247658758,0.3561761958693224,0.2894778501400707,-0.06669834572925178,81920.0,81920.0,8.0
experiment-evaluation-011,fixed,known,ok,29.079025732945997,0.85,27.2,0.0,9.395128664729995,2.6693900747623798,0.0,0.85,29.06174382298589,0.0,29.056184490335557,-0.02284124261043985,0.07812305502815538,2.6266122081860988,2.6693900747623798,-0.04277786657628161,0.09224965693629066,0.07836150053749098,35.86275078645355,33.98372505350756,0.016274946492437593,6.783725053507562,0.016274946492437593,8.86559806412191,2.5665657764820327,2.5066666666666664,0.0,35.861743822985886,0.2898094361573196,0.3138986058237962,0.024089169666476635,0.1801283792509055,0.18876751875302245,0.00863913950211693,81920.0,81920.0,8.0
experiment-evaluation-012,fixed,known,ok,22.312062704475693,0.617724009082359,22.24477886042366,4.955221139576341,0.3364192202601566,0.0,0.0,0.6110009205992354,22.166331881209317,0.0,22.449130178988298,0.13706747451260645,0.30615450075394196,1.7368661031201793,1.7913904076993648,-0.054524304579185445,0.1278333248390421,0.3091045614648355,28.300482727960514,28.233198883908482,5.7668011160915205,5.988420023484821,0.8115799765151795,5.871583222431032,1.8428699754274829,2.1914624264876585,0.0,28.366333706634432,0.3470827888374372,0.3273481784633399,-0.019734610374097277,0.22083788187498107,0.21069370538227827,-0.010144176492702781,81920.0,81920.0,8.0
experiment-evaluation-013,fixed,known,ok,36.57753298730719,0.85,27.2,0.0,46.887664936535906,4.644487878388575,0.0,0.85,36.501040358692926,0.0,36.48750449239589,-0.09002849491129201,0.09002849491129201,4.651373189860869,4.644487878388575,0.006885311472294653,0.2861654823067357,0.09007972280044563,43.37753298730718,34.0,0.0,6.8,0.0,15.646246558579849,4.576680477792035,2.56,0.0,43.30104035869292,0.4641843485701315,0.4127282813740359,-0.0514560671960956,0.2450830090026295,0.21935478881807566,-0.025728220184553858,81920.0,81920.0,8.0
experiment-evaluation-014,fixed,known,ok,35.21532326564019,0.85,27.2,0.0,40.07661632820093,0.0,0.0,0.85,35.27405012197827,0.0,35.198939687640085,-0.01638357800010226,0.18272929218440007,4.233654445377404,4.5151030781951045,-0.2814486328177006,0.35267539556084443,0.18336510025048292,42.01532326564018,34.0,0.0,6.8,0.0,13.953430334785489,4.409990267083952,2.56,0.0,42.07405012197827,0.41874946048907336,0.3901614900674926,-0.028587970421580716,0.2248553970730294,0.21054742575812982,-0.014307971314899581,81920.0,81920.0,8.0
experiment-evaluation-015,fixed,known,ok,30.915504843302624,0.85,27.2,0.0,18.57752421651313,3.026877490898373,0.0,0.85,30.917528219210237,0.0,30.860444857587236,-0.05505998571539313,0.0588320866291312,3.138083106846499,3.026877490898373,0.11120561594812643,0.11120561594812643,0.05883138353125538,37.715504843302625,34.0,0.0,6.8,0.0,10.132810946611855,3.2764404096598785,2.56,0.0,37.71752821921023,0.3413065788341411,0.38466482477267366,0.04335824593853257,0.19873747342537398,0.21941427094883567,0.020676797523461632,81920.0,81920.0,8.0
experiment-evaluation-016,fixed,known,ok,28.350102847478762,0.843492089552988,27.061164577130413,0.13883542286958853,6.444691351741738,0.0,0.0,0.8439007629172447,28.362425838184038,0.0,28.19734504894505,-0.15275779853370963,0.15275779853370963,2.383829378402153,2.423080512149444,-0.03925113374729102,0.11548696501423657,0.16379259156395656,34.85821003886429,33.56927176851594,0.4307282314840561,6.508107191385533,0.29189280861446754,7.986199790611262,2.4651047891331097,2.4314663812198094,0.0,34.98129819394643,0.25710755999954155,0.23384736726370212,-0.02326019273583943,0.16813405661937386,0.15522481675928884,-0.012909239860085001,81920.0,81920.0,8.0
experiment-evaluation-017,fixed,known,ok,34.97332750831188,0.85,27.2,0.0,38.86663754155942,0.0,0.0,0.85,34.993241369448114,0.0,34.8241508962644,-0.1491766120474812,0.1491766120474812,4.157145084536648,4.068810347236277,0.08833473730037067,0.35619768331109913,0.1494331890372188,41.77332750831188,34.0,0.0,6.8,0.0,13.826878694080785,4.029740845567177,2.56,0.0,41.79324136944811,0.4150836756466732,0.4236232464914804,0.008539570844807165,0.2213484237933974,0.22562849234967422,0.00428006855627681,81920.0,81920.0,8.0
experiment-evaluation-018,fixed,known,ok,30.36636498382953,0.85,27.2,0.0,15.831824919147673,0.0,0.0,0.85,30.440855302372057,0.0,30.30823126244893,-0.05813372138059947,0.06749217742633344,2.889192128125907,3.0607816433209187,-0.17158951519501123,0.17158951519501123,0.06829016466778823,36.91779802995422,33.751433046124696,0.2485669538753094,6.55143304612469,0.2485669538753094,9.746917084289366,2.8223117237453823,2.4533333333333336,0.0,37.04818285976023,0.4513011882263284,0.4034220301963079,-0.047879158030020526,0.2643443560280713,0.2408392846590969,-0.023505071368974378,81920.0,81920.0,8.0
experiment-evaluation-019,fixed,known,ok,29.731978356491283,0.85,27.2,0.0,12.659891782456407,0.0,0.0,0.85,29.751828399551812,0.0,29.612062083121042,-0.11991627337024251,0.11991627337024251,2.7432944242145947,2.859256110633059,-0.11596168641846412,0.11596168641846412,0.11963317565418859,36.46204241796945,33.93006406147817,0.06993593852183277,6.730064061478167,0.06993593852183277,9.314275782432416,2.806332472958879,2.533333333333333,0.0,36.53872276805931,0.35446369506560466,0.33101565691650453,-0.023448038149100143,0.20493261795959525,0.1935969091961439,-0.01133570876345133,81920.0,81920.0,8.0
experiment-evaluation-020,fixed,known,ok,36.14846566908438,0.85,27.2,0.0,44.74232834542192,4.711587378925732,0.0,0.85,36.01653576701301,0.0,36.14693413656135,-0.001531532523036579,0.025716300823527643,4.562267422460393,4.711587378925732,-0.14931995646533944,0.46246223238064105,0.02280565025330993,42.94846566908438,34.0,0.0,6.8,0.0,15.121082640784351,4.580959804896868,2.56,0.0,42.816535767013,0.41220974231103064,0.3991148612723221,-0.013094881038708575,0.22087755737537607,0.21432696789155667,-0.006550589483819387,81920.0,81920.0,8.0
experiment-evaluation-021,fixed,known,ok,32.82705637357187,0.85,27.2,0.0,28.135281867859366,0.0,0.0,0.85,32.91875160893752,0.0,32.8682349720547,0.04117859848282753,0.11041713560378952,3.602401855967006,3.4155456078422475,0.18685624812475896,0.3051490276162688,0.1074372612224729,39.62705637357187,34.0,0.0,6.8,0.0,11.99526736916817,3.8917304967278685,2.56,0.0,39.71875160893752,0.37919661370951024,0.3586753111837826,-0.020521302525727685,0.20898251061632164,0.19884948713963183,-0.010133023476689762,81920.0,81920.0,8.0
experiment-evaluation-022,fixed,known,ok,26.17939007722553,0.7774481833594188,25.652227911667598,1.5477720883323987,2.6358108277896584,1.3136023313439624,0.0,0.7732690442186718,26.06879210191293,0.02205965642281053,26.65909926266546,0.4797091854399251,0.4797091854399251,2.1331637960023486,2.044923308523304,0.08824048747904434,0.1790913269666837,0.46839540144858677,32.709787950985096,32.18262578542717,1.8173742145728295,6.530397873759569,0.2696021262404307,7.276977664002762,2.222900914196551,2.4104320550351592,0.0,32.6932532234851,0.29709060181887187,0.2288317967912544,-0.06825880502761748,0.1872436189423813,0.1440895996269416,-0.0431540193154397,81920.0,81920.0,8.0
experiment-evaluation-023,fixed,known,ok,26.291340318440845,0.7903871895260336,25.928260043222053,1.2717399567779504,1.8154013760939829,0.0,0.0,0.7900824251155397,26.310354553252704,0.0,26.291783109700148,0.0004427912593018372,0.043349985347446086,2.0620704907901737,2.0785091295598197,-0.01643863876964602,0.14321251557726336,0.035402139492373884,32.70987096384857,32.346790688629774,1.6532093113702213,6.418530645407729,0.3814693545922707,6.868859220376355,1.9981794679370892,2.3733333333333335,0.0,32.88342657024993,0.3685029715832228,0.33609273490649905,-0.032410236676723714,0.24554523221983993,0.22530032362283112,-0.02024490859700878,81920.0,81920.0,8.0
experiment-evaluation-000,random,frozen,ok,35.546792434,0.85,27.2,0.0,41.73396216999999,1.3080972434419924,0.0,0.85,35.650688442131454,0.017391156362241606,35.51162449651358,-0.035167937486418076,0.15763646395430206,4.354461940285412,3.962723729365178,0.3917382109202343,0.3917382109202343,0.1374230838690467,42.346792434,34.0,0.0,6.8,0.0,14.196960048356027,4.519343635932839,2.56,0.0,42.45068844213145,0.5231675470815196,0.4811106299154937,-0.042056917166026,0.2802138560998671,0.2591787925178079,-0.02103506358205921,81920.0,81920.0,8.0
experiment-evaluation-001,random,frozen,ok,35.9684828023289,0.85,27.2,0.0,43.842414011644486,0.0,0.0,0.85,36.0573757528141,0.0,35.56946488329798,-0.39901791903091305,0.39901791903091305,4.319265295980155,4.677831576869024,-0.3585662808888701,0.3585662808888701,0.39197054667597797,42.76848280232889,34.0,0.0,6.8,0.0,14.479774221743845,4.455425844492901,2.56,0.0,42.8573757528141,0.4106965871470833,0.39471447042347413,-0.015982116723609163,0.22121345417855784,0.21321255162187983,-0.008000902556677986,81920.0,81920.0,8.0
experiment-evaluation-002,random,frozen,ok,33.860933823574676,0.85,27.2,0.0,33.304669117873374,1.372991277405254,0.0,0.85,33.76826707521082,0.03788227749536569,33.90983186360045,0.04889804002577591,0.24099827518065808,3.9466088801629344,4.031191368319637,-0.08458248815670233,0.2472376792362788,0.25109892310513654,40.66093382357467,34.0,0.0,6.8,0.0,12.9307514306737,4.1062642752379,2.56,0.0,40.56826707521083,0.39628684687702037,0.3987386166037579,0.002451769726737607,0.22334571882237533,0.2231940003896885,-0.0001517184326868352,81920.0,81920.0,8.0
experiment-evaluation-003,random,frozen,ok,34.66795123510714,0.85,27.2,0.0,37.339756175535705,1.225405458459865,0.0,0.85,34.72505746939588,0.011537984926623798,34.76887034686724,0.10091911176009916,0.12583256144350466,4.123504781008026,3.9507711511480292,0.17273362985999619,0.26808010577059943,0.11408165449561852,41.46795123510714,34.0,0.0,6.8,0.0,14.103204350404775,4.330862098496542,2.56,0.0,41.525057469395875,0.3797951541954392,0.35222086474801956,-0.027574289447419558,0.20809887568861204,0.19438871966736027,-0.01371015602125177,81920.0,81920.0,8.0
experiment-evaluation-004,random,frozen,ok,33.54999192305879,0.85,27.2,0.0,31.74995961529397,0.0,0.0,0.85,33.64086963931815,0.0,33.17745733070182,-0.3725345923569729,0.3725345923569729,3.6719620192216778,4.07173482989713,-0.39977281067545195,0.39977281067545195,0.336327999928874,40.34999192305879,34.0,0.0,6.8,0.0,12.742853438325255,3.7738633768219394,2.56,0.0,40.440869639318144,0.547552152777567,0.6494858697384153,0.10193371696084837,0.2919022490977778,0.34267069093778013,0.050768441840002336,81920.0,81920.0,8.0
experiment-evaluation-005,random,frozen,ok,34.941805053118216,0.85,27.2,0.0,38.709025265591094,0.0,0.0,0.85,34.996759340766566,0.0,35.23565213753459,0.2938470844163703,0.2938470844163703,4.294159966316961,4.182292182500381,0.1118677838165801,0.317558581477735,0.3127514684742276,41.74180505311821,34.0,0.0,6.8,0.0,14.009879890974759,4.25196756951183,2.56,0.0,41.79675934076656,0.44515642527575583,0.32811446329082944,-0.11704196198492643,0.2353162246501567,0.17679912816844087,-0.05851709648171586,81920.0,81920.0,8.0
experiment-evaluation-006,random,frozen,ok,31.30637307555931,0.85,27.2,0.0,20.53186537779657,0.0,0.0,0.85,31.269674304394275,0.029614738696590592,31.375489628891675,0.06911655333236173,0.12322752148656708,3.2307255773490073,3.506942377901225,-0.27621680055221737,0.27621680055221737,0.12910154013654918,38.10637307555931,34.0,0.0,6.8,0.0,10.835071464739785,3.244234077002559,2.56,0.0,38.069674304394276,0.32276919344670635,0.3599877423401269,0.03721854889342052,0.18032952478260225,0.2015073090663678,0.021177784283765527,81920.0,81920.0,8.0
experiment-evaluation-007,random,frozen,ok,31.757361959636302,0.85,27.2,0.0,22.786809798181537,2.1041436494272134,0.0,0.85,31.823352641789217,0.014430171329498384,31.934612227093876,0.17725026745756858,0.17725026745756858,3.360443421248755,3.305310484035431,0.05513293721332394,0.17165973884266736,0.15926393891660676,38.5573619596363,34.0,0.0,6.8,0.0,11.472092141064493,3.315123406926285,2.56,0.0,38.62335264178922,0.3559125621906349,0.3829212224306254,0.027008660239990507,0.20110261198548282,0.21523169759854097,0.014129085613058173,81920.0,81920.0,8.0
experiment-evaluation-008,random,frozen,ok,32.160220796895075,0.85,27.2,0.0,24.80110398447539,0.0,0.0,0.85,32.139459804056294,0.004279275806472545,32.18725854217246,0.027037745277382896,0.20108895919364755,3.4605162961868774,3.450750541289102,0.009765754897775203,0.2594789249498873,0.216799512943905,38.859238400800855,33.899017603905776,0.10098239609422088,6.699017603905779,0.10098239609422088,11.145297723995766,3.1514345299793027,2.533333333333333,0.0,38.907957991884075,0.339790887322315,0.3416948822878061,0.0019039949654911144,0.19242886281371605,0.192762212818853,0.00033335000513697494,81920.0,81920.0,8.0
experiment-evaluation-009,random,frozen,ok,31.898525932170543,0.85,27.2,0.0,23.492629660852714,2.1206330597834016,0.0,0.85,31.804914916040342,0.025422764503500634,31.850327305740155,-0.04819862643038538,0.06590880371330243,3.3398001943721667,3.34731562315617,-0.007515428784002687,0.24180013842501827,0.06217843259711803,38.69852593217054,34.0,0.0,6.8,0.0,11.898352608064835,3.29949926871188,2.56,0.0,38.604914916040336,0.5883798329404017,0.44229355765075,-0.1460862752896517,0.31924110411384105,0.24489522002730157,-0.07434588408653947,81920.0,81920.0,8.0
experiment-evaluation-010,random,frozen,ok,21.86312316442462,0.5978693460707833,21.821212716176714,5.378787283823288,0.209552241239542,0.4545515140698339,0.0,0.5985634074852331,21.881035768414517,0.0426796779404377,21.347278741805894,-0.5158444226187248,0.5818437577614356,1.592604627950425,1.4753807988766992,0.1172238290737259,0.1172238290737259,0.6174505314851437,26.717644980631874,26.675734532383967,7.324265467616033,4.854521816207255,1.9454781837927448,5.3899882502718794,1.5889068504317627,1.700501443239394,0.0,26.921092085975136,0.5474766483983872,0.4391511938344621,-0.10832545456392512,0.3561761958693224,0.28827587107938063,-0.06790032478994183,81920.0,81920.0,8.0
experiment-evaluation-011,random,frozen,ok,29.067801657789598,0.85,27.2,0.0,9.339008288947994,0.9246471976388505,0.0,0.85,29.05225307977803,0.009980854471844935,28.8732327770313,-0.1945688807582968,0.1945688807582968,2.5596755248486045,2.6716161003680625,-0.11194057551945817,0.12698037917850216,0.20082922969153416,35.85152671129716,33.98372505350756,0.016274946492437593,6.783725053507562,0.016274946492437593,8.842410297396045,2.5665657764820327,2.5066666666666664,0.0,35.85225307977803,0.2898094361573196,0.2803535330864673,-0.009455903070852275,0.1801283792509055,0.17117817156341197,-0.008950207687493503,81920.0,81920.0,8.0
experiment-evaluation-012,random,frozen,ok,22.26608270632917,0.6154238584349802,22.195708979946243,5.004291020053756,0.3518686319146221,1.2820919043928887,0.0,0.612302730592324,22.19431794894541,0.05196974739954641,22.84764145810981,0.5815587517806406,0.6697914809720066,1.7878770344838812,1.7900734125470639,-0.0021963780631826246,0.1261098902459333,0.6754662426411587,28.262644603676033,28.19227087729311,5.807729122706891,5.996561897346868,0.8034381026531333,5.885301921934169,1.8428699754274829,2.16,0.0,28.395770428034567,0.3470827888374372,0.32040986995912163,-0.026672918878315615,0.22083788187498107,0.20796112335019754,-0.012876758524783519,81920.0,81920.0,8.0
experiment-evaluation-013,random,frozen,ok,36.55207213838792,0.85,27.2,0.0,46.76036069193961,3.1653721328407016,0.0,0.85,36.48736108078802,0.022100764861399114,36.45710598810795,-0.09496615027997753,0.09496615027997753,4.604108725950065,4.65060461419034,-0.046495888240274987,0.2930057991673826,0.09253693575960635,43.35207213838792,34.0,0.0,6.8,0.0,15.58253056064479,4.576680477792035,2.56,0.0,43.287361080788024,0.4641843485701315,0.4038879852836992,-0.06029636328643232,0.2450830090026295,0.21493449021005917,-0.030148518792570345,81920.0,81920.0,8.0
experiment-evaluation-014,random,frozen,ok,35.19399345028186,0.85,27.2,0.0,39.969967251409294,1.4431582468639528,0.0,0.85,35.275990987456915,0.021397653957123453,35.081889658988544,-0.11210379129331471,0.36611081743385654,4.237994668979193,4.514982841051869,-0.27698817207267573,0.3166618251380215,0.3920578319939902,41.993993450281856,34.0,0.0,6.8,0.0,13.954682805027524,4.409990267083952,2.56,0.0,42.07599098745691,0.41874946048907336,0.39280874162108276,-0.025940718867990636,0.2248553970730294,0.21186957294715514,-0.012985824125874262,81920.0,81920.0,8.0
experiment-evaluation-015,random,frozen,ok,30.9056438157495,0.85,27.2,0.0,18.528219078747508,0.9763427558245642,0.0,0.85,30.90422241053537,0.008180810652053339,30.681107582214164,-0.22453623353533678,0.33054101869626845,3.0603360255600074,3.0298766844186757,0.030459341141332086,0.18781562670838392,0.33822611438880146,37.705643815749504,34.0,0.0,6.8,0.0,10.101569347442032,3.2764404096598785,2.56,0.0,37.70422241053536,0.3413065788341411,0.38286755522807353,0.04156097639393245,0.19873747342537398,0.21849313192716657,0.01975565850179258,81920.0,81920.0,8.0
experiment-evaluation-016,random,frozen,ok,28.35178716758499,0.8435460329802656,27.06231537024567,0.13768462975433135,6.447358986696639,0.0,0.0,0.843886975897057,28.362370108838018,0.0,28.313538330971323,-0.03824883661367551,0.2033825639510122,2.4284265976887456,2.421486466734071,0.00694013095467468,0.1514699274718511,0.2005551926348935,34.85992579076662,33.570453993427286,0.42954600657271347,6.508138623181618,0.2918613768183821,8.00280443035473,2.4651047891331097,2.4314663812198094,0.0,34.98124246460042,0.25710755999954155,0.22123498819428675,-0.03587257180525477,0.16813405661937386,0.1476317688378057,-0.020502287781568113,81920.0,81920.0,8.0
experiment-evaluation-017,random,frozen,ok,34.97202366105304,0.85,27.2,0.0,38.86011830526521,0.0,0.0,0.85,34.993163558675725,0.0,34.766907837483565,-0.2051158235694762,0.2051158235694762,4.1270734945839616,4.071121286324035,0.055952208259926785,0.3864697581175764,0.21064345693915243,41.77202366105303,34.0,0.0,6.8,0.0,13.802806411916636,4.029740845567177,2.56,0.0,41.79316355867572,0.4150836756466732,0.4368728346016238,0.02178915895495052,0.2213484237933974,0.2322512651552584,0.01090284136186101,81920.0,81920.0,8.0
experiment-evaluation-018,random,frozen,ok,30.33896453706598,0.85,27.2,0.0,15.694822685329903,1.0615665606868465,0.0,0.85,30.448207561726274,0.026776946692430432,30.348224404974648,0.00925986790866773,0.17128279733574203,2.925918063118397,3.061886734945579,-0.13596867182718184,0.14517229102608553,0.1462383483709423,36.89039758319067,33.751433046124696,0.2485669538753094,6.55143304612469,0.2485669538753094,9.735405713199155,2.8223117237453823,2.4533333333333336,0.0,37.055535119114445,0.4513011882263284,0.4036614730474856,-0.047639715178842884,0.2643443560280713,0.2409386013002519,-0.023405754727819417,81920.0,81920.0,8.0
experiment-evaluation-019,random,frozen,ok,29.713396219517932,0.85,27.2,0.0,12.56698109758964,1.9150627894761403,0.0,0.85,29.762049198693074,0.016611156097570284,29.566915381974066,-0.1464808375438634,0.1464808375438634,2.7684041437194282,2.862749477448992,-0.09434533372956382,0.13350115218597494,0.16356764691368517,36.4434602809961,33.93006406147817,0.06993593852183277,6.730064061478167,0.06993593852183277,9.277886544766444,2.806332472958879,2.533333333333333,0.0,36.548943567200574,0.35446369506560466,0.2865017966050603,-0.06796189846054436,0.20493261795959525,0.17109660165275442,-0.0338360163068408,81920.0,81920.0,8.0
experiment-evaluation-020,random,frozen,ok,36.11250269307799,0.85,27.2,0.0,44.562513465389976,1.6057896965568048,0.0,0.85,36.01362399742778,0.03902474857045727,36.06781131190143,-0.04469138117656494,0.222938390663721,4.521251352094995,4.706036858935817,-0.18478550684082165,0.42487159718294604,0.25471531462002084,42.91250269307799,34.0,0.0,6.8,0.0,15.17890055734597,4.580959804896868,2.56,0.0,42.813623997427776,0.41220974231103064,0.40086722312102757,-0.011342519190003045,0.22087755737537607,0.21520294952394883,-0.005674607851427205,81920.0,81920.0,8.0
experiment-evaluation-021,random,frozen,ok,32.82804125585448,0.85,27.2,0.0,28.140206279272395,0.0,0.0,0.85,32.91894837459111,0.0,32.81973926705606,-0.008301988798426882,0.197358366455461,3.603712534973873,3.4138000023288058,0.18991253264506724,0.3450815229087241,0.20764363473348232,39.62804125585448,34.0,0.0,6.8,0.0,12.013450759933185,3.8917304967278685,2.56,0.0,39.71894837459111,0.37919661370951024,0.3471755494235737,-0.03202106428593656,0.20898251061632164,0.19320394781051298,-0.01577856280580865,81920.0,81920.0,8.0
experiment-evaluation-022,random,frozen,ok,26.148064347724812,0.77650537523578,25.632114671696637,1.5678853283033602,2.579748380140869,0.0,0.0,0.7723049452249819,26.04310044332101,0.05481115047574884,26.48077960140868,0.33271525368387006,0.33271525368387006,2.0992944696520457,2.0488969846291853,0.05039748502286049,0.17852928055297954,0.2960364428986253,32.66894772522512,32.15299804919693,1.8470019508030617,6.520883377500298,0.27911662249970126,7.235585204566501,2.222900914196551,2.4,0.0,32.66666664592713,0.29709060181887187,0.2348985792684115,-0.06219202255046035,0.1872436189423813,0.14841503005102552,-0.038828588891355785,81920.0,81920.0,8.0
experiment-evaluation-023,random,frozen,ok,26.29158473945462,0.7903853058016237,25.9282198571013,1.271780142898696,1.8168244117665768,0.0,0.0,0.7900230862151515,26.30909483954281,0.0,26.27655940650298,-0.015025332951639806,0.17643282161021764,2.068843601690595,2.076952094394778,-0.008108492704183531,0.10400413232043111,0.20835949920903749,32.71675403212314,32.35338914976983,1.646610850230169,6.425169292668527,0.3748307073314731,6.885078336678869,1.9981794679370892,2.3733333333333335,0.0,32.88319454561303,0.3685029715832228,0.3021180996195853,-0.06638487196363752,0.24554523221983993,0.2050544948927008,-0.04049073732713907,81920.0,81920.0,8.0
experiment-evaluation-000,random,updated,ok,35.546792434,0.85,27.2,0.0,41.73396216999999,1.3080972434419924,0.0,0.85,35.650688442131454,0.017391156362241606,35.44825874376737,-0.09853369023263288,0.1570754500458141,4.334557541242176,3.962723729365178,0.37183381187699754,0.37183381187699754,0.15065049580104842,42.346792434,34.0,0.0,6.8,0.0,14.196960048356027,4.519343635932839,2.56,0.0,42.45068844213145,0.5231675470815196,0.4811106299154937,-0.042056917166026,0.2802138560998671,0.2591787925178079,-0.02103506358205921,81920.0,81920.0,8.0
experiment-evaluation-001,random,updated,ok,35.9684828023289,0.85,27.2,0.0,43.842414011644486,0.0,0.0,0.85,36.0573757528141,0.0,35.63981143045603,-0.3286713718728696,0.3286713718728696,4.365117075839517,4.677831576869024,-0.312714501029508,0.32309393942430137,0.3144907434069037,42.76848280232889,34.0,0.0,6.8,0.0,14.479774221743845,4.455425844492901,2.56,0.0,42.8573757528141,0.4106965871470833,0.39471447042347413,-0.015982116723609163,0.22121345417855784,0.21321255162187983,-0.008000902556677986,81920.0,81920.0,8.0
experiment-evaluation-002,random,updated,ok,33.862722952543045,0.85,27.2,0.0,33.313614762715254,1.4985344891875467,0.0,0.85,33.76843824489179,0.03609314852698967,33.799059909319006,-0.06366304322404896,0.07750897609301906,3.9105052010192143,4.031191368319637,-0.12068616730042277,0.20411444834713124,0.0882485435633274,40.66272295254305,34.0,0.0,6.8,0.0,12.9307514306737,4.1062642752379,2.56,0.0,40.56843824489179,0.39628684687702037,0.3987386166037579,0.002451769726737607,0.22334571882237533,0.2231940003896885,-0.0001517184326868352,81920.0,81920.0,8.0
experiment-evaluation-003,random,updated,ok,34.66795123510714,0.85,27.2,0.0,37.339756175535705,1.225405458459865,0.0,0.85,34.72505746939588,0.011537984926623798,34.800154335103905,0.13220309999676516,0.13220309999676516,4.141050099526425,3.9507711511480292,0.19027894837839568,0.27398348840355835,0.13071614955142744,41.46795123510714,34.0,0.0,6.8,0.0,14.103204350404775,4.330862098496542,2.56,0.0,41.525057469395875,0.3797951541954392,0.35222086474801956,-0.027574289447419558,0.20809887568861204,0.19438871966736027,-0.01371015602125177,81920.0,81920.0,8.0
experiment-evaluation-004,random,updated,ok,33.54999192305879,0.85,27.2,0.0,31.74995961529397,0.0,0.0,0.85,33.64086963931815,0.0,33.390301876545344,-0.1596900465134515,0.1596900465134515,3.754665370640481,4.07173482989713,-0.3170694592566486,0.3170694592566486,0.1309486996348915,40.34999192305879,34.0,0.0,6.8,0.0,12.742853438325255,3.7738633768219394,2.56,0.0,40.440869639318144,0.547552152777567,0.6494858697384153,0.10193371696084837,0.2919022490977778,0.34267069093778013,0.050768441840002336,81920.0,81920.0,8.0
experiment-evaluation-005,random,updated,ok,34.941805053118216,0.85,27.2,0.0,38.709025265591094,0.0,0.0,0.85,34.996759340766566,0.0,35.07717275717877,0.13536770406055135,0.16132212663760015,4.19781670764746,4.182292182500381,0.015524525147078805,0.3814334227869782,0.15107876289231667,41.74180505311821,34.0,0.0,6.8,0.0,14.009879890974759,4.25196756951183,2.56,0.0,41.79675934076656,0.44515642527575583,0.32811446329082944,-0.11704196198492643,0.2353162246501567,0.17679912816844087,-0.05851709648171586,81920.0,81920.0,8.0
experiment-evaluation-006,random,updated,ok,31.30637307555931,0.85,27.2,0.0,20.53186537779657,0.0,0.0,0.85,31.269674304394275,0.029614738696590592,31.214980076165784,-0.09139299939352814,0.20099742150593514,3.176485136604031,3.506942377901225,-0.33045724129719317,0.33045724129719317,0.20213440336594046,38.10637307555931,34.0,0.0,6.8,0.0,10.835071464739785,3.244234077002559,2.56,0.0,38.069674304394276,0.32276919344670635,0.3599877423401269,0.03721854889342052,0.18032952478260225,0.2015073090663678,0.021177784283765527,81920.0,81920.0,8.0
experiment-evaluation-007,random,updated,ok,31.76403639125103,0.85,27.2,0.0,22.820181956255155,1.1309076028843754,0.0,0.85,31.816207673279138,0.007755739714775463,31.97581401596355,0.21177762471252137,0.21177762471252137,3.3927918773771775,3.305310484035431,0.0874813933417462,0.13255812579053425,0.19969862802732644,38.56403639125103,34.0,0.0,6.8,0.0,11.472092141064493,3.315123406926285,2.56,0.0,38.616207673279135,0.3559125621906349,0.3829212224306254,0.027008660239990507,0.20110261198548282,0.21523169759854097,0.014129085613058173,81920.0,81920.0,8.0
experiment-evaluation-008,random,updated,ok,32.160220796895075,0.85,27.2,0.0,24.80110398447539,0.0,0.0,0.85,32.139459804056294,0.004279275806472545,32.17800502422738,0.01778422733230774,0.1425733695911795,3.445870307702292,3.450750541289102,-0.004880233586809742,0.2746162426560626,0.14377791520036828,38.859238400800855,33.899017603905776,0.10098239609422088,6.699017603905779,0.10098239609422088,11.145297723995766,3.1514345299793027,2.533333333333333,0.0,38.907957991884075,0.339790887322315,0.3416948822878061,0.0019039949654911144,0.19242886281371605,0.192762212818853,0.00033335000513697494,81920.0,81920.0,8.0
experiment-evaluation-009,random,updated,ok,31.898525932170543,0.85,27.2,0.0,23.492629660852714,2.1206330597834016,0.0,0.85,31.804914916040342,0.025422764503500634,31.996144282890953,0.09761835072040981,0.09761835072040981,3.4060823522666,3.34731562315617,0.05876672911043027,0.3056928447369634,0.10374447133862535,38.69852593217054,34.0,0.0,6.8,0.0,11.898352608064835,3.29949926871188,2.56,0.0,38.604914916040336,0.5883798329404017,0.44229355765075,-0.1460862752896517,0.31924110411384105,0.24489522002730157,-0.07434588408653947,81920.0,81920.0,8.0
experiment-evaluation-010,random,updated,ok,21.86312316442462,0.5978693460707833,21.821212716176714,5.378787283823288,0.209552241239542,0.4545515140698339,0.0,0.5985634074852331,21.881035768414517,0.0426796779404377,21.31024299509431,-0.5528801693303093,0.5528801693303093,1.5861163732202266,1.4753807988766992,0.11073557434352743,0.11073557434352743,0.5618027311954549,26.717644980631874,26.675734532383967,7.324265467616033,4.854521816207255,1.9454781837927448,5.3899882502718794,1.5889068504317627,1.700501443239394,0.0,26.921092085975136,0.5474766483983872,0.4391511938344621,-0.10832545456392512,0.3561761958693224,0.28827587107938063,-0.06790032478994183,81920.0,81920.0,8.0
experiment-evaluation-011,random,updated,ok,29.07778251226144,0.85,27.2,0.0,9.38891256130722,2.6716161003680625,0.0,0.85,29.06163471651224,0.0,28.976965152003583,-0.10081736025785777,0.11785162846342108,2.6061825365016715,2.6716161003680625,-0.06543356386639114,0.09774720774074346,0.11438231436591394,35.861507565768996,33.98372505350756,0.016274946492437593,6.783725053507562,0.016274946492437593,8.842410297396045,2.5665657764820327,2.5066666666666664,0.0,35.861634716512235,0.2898094361573196,0.2803535330864673,-0.009455903070852275,0.1801283792509055,0.17117817156341197,-0.008950207687493503,81920.0,81920.0,8.0
experiment-evaluation-012,random,updated,ok,22.290221308016985,0.616687588584356,22.22266855646626,4.977331443533738,0.3377637577536325,0.5925501311521826,0.0,0.6115379083018414,22.177958774065758,0.02783114571172618,22.55390911679478,0.2636878087777923,0.3473130803577895,1.7516027430657504,1.7900734125470639,-0.038470669481313426,0.1128877391293246,0.3724848048329806,28.28678320536385,28.21923045381313,5.780769546186872,5.996561897346868,0.8034381026531333,5.885301921934169,1.8428699754274829,2.16,0.0,28.379411253154917,0.3470827888374372,0.32040986995912163,-0.026672918878315615,0.22083788187498107,0.20796112335019754,-0.012876758524783519,81920.0,81920.0,8.0
experiment-evaluation-013,random,updated,ok,36.55207213838792,0.85,27.2,0.0,46.76036069193961,3.1653721328407016,0.0,0.85,36.48736108078802,0.022100764861399114,36.5167101576366,-0.035361980751323095,0.05752153849365035,4.646881757037934,4.65060461419034,-0.003722857152405723,0.2749988727856021,0.07225491281867215,43.35207213838792,34.0,0.0,6.8,0.0,15.58253056064479,4.576680477792035,2.56,0.0,43.287361080788024,0.4641843485701315,0.4038879852836992,-0.06029636328643232,0.2450830090026295,0.21493449021005917,-0.030148518792570345,81920.0,81920.0,8.0
experiment-evaluation-014,random,updated,ok,35.19399345028186,0.85,27.2,0.0,39.969967251409294,1.4431582468639528,0.0,0.85,35.275990987456915,0.021397653957123453,35.037982867521066,-0.15601058276079036,0.2932930063803667,4.219179789275189,4.514982841051869,-0.2958030517766807,0.33902745117816363,0.31681334761876995,41.993993450281856,34.0,0.0,6.8,0.0,13.954682805027524,4.409990267083952,2.56,0.0,42.07599098745691,0.41874946048907336,0.39280874162108276,-0.025940718867990636,0.2248553970730294,0.21186957294715514,-0.012985824125874262,81920.0,81920.0,8.0
experiment-evaluation-015,random,updated,ok,30.90610842200203,0.85,27.2,0.0,18.530542110010142,1.0929674698754341,0.0,0.85,30.904967787659093,0.007716204399526323,30.82168576384639,-0.08442265815563961,0.17398618404628388,3.1065176809837034,3.0298766844186757,0.07664099656502825,0.11258666754154367,0.16688858797735448,37.706108422002025,34.0,0.0,6.8,0.0,10.101569347442032,3.2764404096598785,2.56,0.0,37.70496778765909,0.3413065788341411,0.38286755522807353,0.04156097639393245,0.19873747342537398,0.21849313192716657,0.01975565850179258,81920.0,81920.0,8.0
experiment-evaluation-016,random,updated,ok,28.35178716758499,0.8435460329802656,27.06231537024567,0.13768462975433135,6.447358986696639,0.0,0.0,0.843886975897057,28.362370108838018,0.0,28.25671616842997,-0.0950709991550281,0.1600664534074158,2.401863025937239,2.421486466734071,-0.019623440796831943,0.13770241398303198,0.1527323334506663,34.85992579076662,33.570453993427286,0.42954600657271347,6.508138623181618,0.2918613768183821,8.00280443035473,2.4651047891331097,2.4314663812198094,0.0,34.98124246460042,0.25710755999954155,0.22123498819428675,-0.03587257180525477,0.16813405661937386,0.1476317688378057,-0.020502287781568113,81920.0,81920.0,8.0
experiment-evaluation-017,random,updated,ok,34.963319804532944,0.85,27.2,0.0,38.816599022664725,1.4982888371704484,0.0,0.85,34.99711486259647,0.008703856520097494,34.793564413616096,-0.16975539091684766,0.1831858298514201,4.149809642207518,4.071121286324035,0.07868835588348233,0.3724276089530741,0.18905613422561865,41.76331980453294,34.0,0.0,6.8,0.0,13.802806411916636,4.029740845567177,2.56,0.0,41.797114862596466,0.4150836756466732,0.4368728346016238,0.02178915895495052,0.2213484237933974,0.2322512651552584,0.01090284136186101,81920.0,81920.0,8.0
experiment-evaluation-018,random,updated,ok,30.34057223271439,0.85,27.2,0.0,15.70286116357194,0.9978297963830037,0.0,0.85,30.447755411270958,0.0251692510440229,30.35047242128448,0.009900188570089341,0.04407808215078409,2.9132501390818306,3.061886734945579,-0.1486365958637482,0.1486365958637482,0.05139352901782009,36.89200527883908,33.751433046124696,0.2485669538753094,6.55143304612469,0.2485669538753094,9.735405713199155,2.8223117237453823,2.4533333333333336,0.0,37.05508296865912,0.4513011882263284,0.4036614730474856,-0.047639715178842884,0.2643443560280713,0.2409386013002519,-0.023405754727819417,81920.0,81920.0,8.0
experiment-evaluation-019,random,updated,ok,29.72156884774167,0.85,27.2,0.0,12.607844238708362,0.9728588807545315,0.0,0.85,29.756892170267474,0.008438527873825782,29.56170750416948,-0.15986134357219348,0.15986134357219348,2.756304576072204,2.862749477448992,-0.10644490137678793,0.11172591036797182,0.16338196883590603,36.45163290921983,33.93006406147817,0.06993593852183277,6.730064061478167,0.06993593852183277,9.277886544766444,2.806332472958879,2.533333333333333,0.0,36.543786538774974,0.35446369506560466,0.2865017966050603,-0.06796189846054436,0.20493261795959525,0.17109660165275442,-0.0338360163068408,81920.0,81920.0,8.0
experiment-evaluation-020,random,updated,ok,36.115644253981515,0.85,27.2,0.0,44.578221269907594,1.855365046389134,0.0,0.85,36.01386181241838,0.035883187666935136,36.08566510156141,-0.029979152420108807,0.16603166958351068,4.54398698706854,4.706036858935817,-0.16204987186727657,0.4090700708182111,0.16831867121751523,42.91564425398152,34.0,0.0,6.8,0.0,15.17890055734597,4.580959804896868,2.56,0.0,42.813861812418374,0.41220974231103064,0.40086722312102757,-0.011342519190003045,0.22087755737537607,0.21520294952394883,-0.005674607851427205,81920.0,81920.0,8.0
experiment-evaluation-021,random,updated,ok,32.82804125585448,0.85,27.2,0.0,28.140206279272395,0.0,0.0,0.85,32.91894837459111,0.0,32.84737931747312,0.019338061618637898,0.06404850636138093,3.602889599019502,3.4138000023288058,0.1890895966906959,0.26986363040819983,0.0704097594410366,39.62804125585448,34.0,0.0,6.8,0.0,12.013450759933185,3.8917304967278685,2.56,0.0,39.71894837459111,0.37919661370951024,0.3471755494235737,-0.03202106428593656,0.20898251061632164,0.19320394781051298,-0.01577856280580865,81920.0,81920.0,8.0
experiment-evaluation-022,random,updated,ok,26.182866969869178,0.777588717079186,25.655225964355967,1.5447740356440312,2.638205027566038,1.3154738641292691,0.0,0.7732409792007037,26.068217824450603,0.02000852833138585,26.582125313786218,0.39925834391704146,0.39925834391704146,2.1193493584801515,2.0488969846291853,0.07045237385096563,0.17046289858075134,0.3972470039543868,32.70375034736947,32.17610934185627,1.8238906581437326,6.520883377500298,0.27911662249970126,7.235585204566501,2.222900914196551,2.4,0.0,32.69178402705673,0.29709060181887187,0.2348985792684115,-0.06219202255046035,0.1872436189423813,0.14841503005102552,-0.038828588891355785,81920.0,81920.0,8.0
experiment-evaluation-023,random,updated,ok,26.29158473945462,0.7903853058016237,25.9282198571013,1.271780142898696,1.8168244117665768,0.0,0.0,0.7900230862151515,26.30909483954281,0.0,26.314226528770977,0.022641789316357592,0.07712333286408561,2.069219877432285,2.076952094394778,-0.007732216962493155,0.13130452947959684,0.08868796828438263,32.71675403212314,32.35338914976983,1.646610850230169,6.425169292668527,0.3748307073314731,6.885078336678869,1.9981794679370892,2.3733333333333335,0.0,32.88319454561303,0.3685029715832228,0.3021180996195853,-0.06638487196363752,0.24554523221983993,0.2050544948927008,-0.04049073732713907,81920.0,81920.0,8.0
experiment-evaluation-000,random,known,ok,35.56418359036224,0.85,27.2,0.0,41.820917951811204,0.0,0.0,0.85,35.64245521903023,0.0,35.39286894009216,-0.17131465027008375,0.17131465027008375,4.299552691225492,3.962723729365178,0.33682896186031464,0.33682896186031464,0.17355372124603877,42.36418359036224,34.0,0.0,6.8,0.0,14.196960048356027,4.519343635932839,2.56,0.0,42.44245521903023,0.5231675470815196,0.4811106299154937,-0.042056917166026,0.2802138560998671,0.2591787925178079,-0.02103506358205921,81920.0,81920.0,8.0
experiment-evaluation-001,random,known,ok,35.9684828023289,0.85,27.2,0.0,43.842414011644486,0.0,0.0,0.85,36.0573757528141,0.0,35.61591884312866,-0.3525639592002368,0.3525639592002368,4.3576545067418655,4.677831576869024,-0.32017707012715907,0.33565744966325833,0.3502922279531862,42.76848280232889,34.0,0.0,6.8,0.0,14.479774221743845,4.455425844492901,2.56,0.0,42.8573757528141,0.4106965871470833,0.39471447042347413,-0.015982116723609163,0.22121345417855784,0.21321255162187983,-0.008000902556677986,81920.0,81920.0,8.0
experiment-evaluation-002,random,known,ok,33.89881610107004,0.85,27.2,0.0,33.494080505350205,4.031191368319637,0.0,0.85,33.77189135130703,0.0,33.829536010523306,-0.06928009054673367,0.10833366298433351,3.9218498220506057,4.031191368319637,-0.10934154626903103,0.20245232759979434,0.10689107871840046,40.69881610107004,34.0,0.0,6.8,0.0,12.9307514306737,4.1062642752379,2.56,0.0,40.57189135130702,0.39628684687702037,0.3987386166037579,0.002451769726737607,0.22334571882237533,0.2231940003896885,-0.0001517184326868352,81920.0,81920.0,8.0
experiment-evaluation-003,random,known,ok,34.679489220033766,0.85,27.2,0.0,37.397446100168835,0.0,0.0,0.85,34.72100924059719,0.0,34.86537044702801,0.18588122699425233,0.18588122699425233,4.140093595678031,3.9507711511480292,0.1893224445300016,0.2522699661653179,0.18498993036414724,41.47948922003376,34.0,0.0,6.8,0.0,14.103204350404775,4.330862098496542,2.56,0.0,41.52100924059719,0.3797951541954392,0.35222086474801956,-0.027574289447419558,0.20809887568861204,0.19438871966736027,-0.01371015602125177,81920.0,81920.0,8.0
experiment-evaluation-004,random,known,ok,33.54999192305879,0.85,27.2,0.0,31.74995961529397,0.0,0.0,0.85,33.64086963931815,0.0,33.57277732954629,0.022785406487495646,0.022785406487495646,3.7582633117679265,4.07173482989713,-0.3134715181292038,0.3134715181292038,0.02669621568461306,40.34999192305879,34.0,0.0,6.8,0.0,12.742853438325255,3.7738633768219394,2.56,0.0,40.440869639318144,0.547552152777567,0.6494858697384153,0.10193371696084837,0.2919022490977778,0.34267069093778013,0.050768441840002336,81920.0,81920.0,8.0
experiment-evaluation-005,random,known,ok,34.941805053118216,0.85,27.2,0.0,38.709025265591094,0.0,0.0,0.85,34.996759340766566,0.0,35.01403835785168,0.07223330473345868,0.07223330473345868,4.176226324188593,4.182292182500381,-0.006065858311788593,0.38031467910041233,0.07226644310828255,41.74180505311821,34.0,0.0,6.8,0.0,14.009879890974759,4.25196756951183,2.56,0.0,41.79675934076656,0.44515642527575583,0.32811446329082944,-0.11704196198492643,0.2353162246501567,0.17679912816844087,-0.05851709648171586,81920.0,81920.0,8.0
experiment-evaluation-006,random,known,ok,31.335987814255905,0.85,27.2,0.0,20.679939071279517,3.506942377901225,0.0,0.85,31.275399599197623,0.0,31.3648638492743,0.028876035018396824,0.09025107351517885,3.245999936234982,3.506942377901225,-0.2609424416662434,0.2609424416662434,0.09011376178548662,38.135987814255905,34.0,0.0,6.8,0.0,10.835071464739785,3.244234077002559,2.56,0.0,38.075399599197624,0.32276919344670635,0.3599877423401269,0.03721854889342052,0.18032952478260225,0.2015073090663678,0.021177784283765527,81920.0,81920.0,8.0
experiment-evaluation-007,random,known,ok,31.771792130965807,0.85,27.2,0.0,22.85896065482903,0.0,0.0,0.85,31.807905166154455,0.0,31.919081900243572,0.14728976927776571,0.14728976927776571,3.3696626846449624,3.305310484035431,0.06435220060953133,0.13372053589693142,0.1470691062825185,38.571792130965804,34.0,0.0,6.8,0.0,11.472092141064493,3.315123406926285,2.56,0.0,38.607905166154445,0.3559125621906349,0.3829212224306254,0.027008660239990507,0.20110261198548282,0.21523169759854097,0.014129085613058173,81920.0,81920.0,8.0
experiment-evaluation-008,random,known,ok,32.16450007270155,0.85,27.2,0.0,24.822500363507753,2.07031649280584,0.0,0.85,32.14755724713293,0.0,32.065095734045606,-0.09940433865594045,0.1432440560182838,3.4174811930569895,3.450750541289102,-0.03326934823211255,0.258231517393918,0.1263618022450004,38.86351767660733,33.899017603905776,0.10098239609422088,6.699017603905779,0.10098239609422088,11.145297723995766,3.1514345299793027,2.533333333333333,0.0,38.91605543496072,0.339790887322315,0.3416948822878061,0.0019039949654911144,0.19242886281371605,0.192762212818853,0.00033335000513697494,81920.0,81920.0,8.0
experiment-evaluation-009,random,known,ok,31.923948696674042,0.85,27.2,0.0,23.619743483370215,3.34731562315617,0.0,0.85,31.812761159569863,0.0,32.0129113441776,0.08896264750356053,0.10454759723829099,3.422497672125927,3.34731562315617,0.07518204896975744,0.2859108198141966,0.10158487336083077,38.723948696674036,34.0,0.0,6.8,0.0,11.898352608064835,3.29949926871188,2.56,0.0,38.612761159569864,0.5883798329404017,0.44229355765075,-0.1460862752896517,0.31924110411384105,0.24489522002730157,-0.07434588408653947,81920.0,81920.0,8.0
experiment-evaluation-010,random,known,ok,21.90580284236506,0.5998739413317933,21.863977415078256,5.336022584921742,0.20912713643399883,0.0,0.0,0.5984044799053764,21.877524283096943,0.0,21.529130395378854,-0.3766724469862008,0.3766724469862008,1.581089223563929,1.4753807988766992,0.10570842468722996,0.10570842468722996,0.3848363427955839,26.760324658572312,26.71849923128551,7.281500768714487,4.854521816207255,1.9454781837927448,5.3899882502718794,1.5889068504317627,1.700501443239394,0.0,26.917580600657562,0.5474766483983872,0.4391511938344621,-0.10832545456392512,0.3561761958693224,0.28827587107938063,-0.06790032478994183,81920.0,81920.0,8.0
experiment-evaluation-011,random,known,ok,29.07778251226144,0.85,27.2,0.0,9.38891256130722,2.6716161003680625,0.0,0.85,29.06163471651224,0.0,29.05484521493915,-0.02293729732229366,0.07800528339353718,2.6288382337917815,2.6716161003680625,-0.04277786657628102,0.09224965693629006,0.07827121079671744,35.861507565768996,33.98372505350756,0.016274946492437593,6.783725053507562,0.016274946492437593,8.842410297396045,2.5665657764820327,2.5066666666666664,0.0,35.861634716512235,0.2898094361573196,0.2803535330864673,-0.009455903070852275,0.1801283792509055,0.17117817156341197,-0.008950207687493503,81920.0,81920.0,8.0
experiment-evaluation-012,random,known,ok,22.31805245372871,0.618012293627273,22.25092893071516,4.949071069284844,0.33561761506778814,0.0,0.0,0.6109627657717597,22.16551352615195,0.0,22.450494143987545,0.13244169025883443,0.3022653105603415,1.7355491079678782,1.7900734125470639,-0.054524304579185445,0.1278333248390421,0.30698444097255223,28.31461435107558,28.247490828062023,5.7525091719379775,5.996561897346868,0.8034381026531333,5.885301921934169,1.8428699754274829,2.16,0.0,28.366966005241107,0.3470827888374372,0.32040986995912163,-0.026672918878315615,0.22083788187498107,0.20796112335019754,-0.012876758524783519,81920.0,81920.0,8.0
experiment-evaluation-013,random,known,ok,36.57417290324932,0.85,27.2,0.0,46.870864516246606,4.65060461419034,0.0,0.85,36.500620108131606,0.0,36.484144407925044,-0.09002849532428077,0.09002849532428077,4.657489925662634,4.65060461419034,0.006885311472294653,0.2861654823067357,0.09007972321343359,43.374172903249324,34.0,0.0,6.8,0.0,15.58253056064479,4.576680477792035,2.56,0.0,43.300620108131604,0.4641843485701315,0.4038879852836992,-0.06029636328643232,0.2450830090026295,0.21493449021005917,-0.030148518792570345,81920.0,81920.0,8.0
experiment-evaluation-014,random,known,ok,35.21539110423898,0.85,27.2,0.0,40.07695552119492,0.0,0.0,0.85,35.27405271238795,0.0,35.19900753219047,-0.01638357204851104,0.18272930510478602,4.233534208234168,4.514982841051869,-0.2814486328177009,0.35267539556084476,0.18336511317087123,42.01539110423898,34.0,0.0,6.8,0.0,13.954682805027524,4.409990267083952,2.56,0.0,42.074052712387946,0.41874946048907336,0.39280874162108276,-0.025940718867990636,0.2248553970730294,0.21186957294715514,-0.012985824125874262,81920.0,81920.0,8.0
experiment-evaluation-015,random,known,ok,30.913824626401553,0.85,27.2,0.0,18.56912313200778,3.0298766844186757,0.0,0.85,30.917347049044732,0.0,30.85876464385346,-0.0550599825480956,0.05883208346183366,3.141082300366802,3.0298766844186757,0.11120561594812643,0.11120561594812643,0.05883138036395666,37.71382462640155,34.0,0.0,6.8,0.0,10.101569347442032,3.2764404096598785,2.56,0.0,37.717347049044726,0.3413065788341411,0.38286755522807353,0.04156097639393245,0.19873747342537398,0.21849313192716657,0.01975565850179258,81920.0,81920.0,8.0
experiment-evaluation-016,random,known,ok,28.35178716758499,0.8435460329802656,27.06231537024567,0.13768462975433135,6.447358986696639,0.0,0.0,0.843886975897057,28.362370108838018,0.0,28.198208485860942,-0.15357868172405512,0.15357868172405512,2.38223533298678,2.421486466734071,-0.03925113374729087,0.11548696501423672,0.16507637416401702,34.85992579076662,33.570453993427286,0.42954600657271347,6.508138623181618,0.2918613768183821,8.00280443035473,2.4651047891331097,2.4314663812198094,0.0,34.98124246460042,0.25710755999954155,0.22123498819428675,-0.03587257180525477,0.16813405661937386,0.1476317688378057,-0.020502287781568113,81920.0,81920.0,8.0
experiment-evaluation-017,random,known,ok,34.97202366105304,0.85,27.2,0.0,38.86011830526521,0.0,0.0,0.85,34.993163558675725,0.0,34.822847055438395,-0.1491766056146465,0.1491766056146465,4.159456023624405,4.071121286324035,0.08833473730037052,0.35619768331109897,0.14943318260438807,41.77202366105303,34.0,0.0,6.8,0.0,13.802806411916636,4.029740845567177,2.56,0.0,41.79316355867572,0.4150836756466732,0.4368728346016238,0.02178915895495052,0.2213484237933974,0.2322512651552584,0.01090284136186101,81920.0,81920.0,8.0
experiment-evaluation-018,random,known,ok,30.36574148375841,0.85,27.2,0.0,15.828707418792057,0.0,0.0,0.85,30.440676777742947,0.0,30.307607769929188,-0.05813371382922483,0.06749218497770808,2.890297219750567,3.061886734945579,-0.1715895151950114,0.1715895151950114,0.06829017221916327,36.9171745298831,33.751433046124696,0.2485669538753094,6.55143304612469,0.2485669538753094,9.735405713199155,2.8223117237453823,2.4533333333333336,0.0,37.04800433513112,0.4513011882263284,0.4036614730474856,-0.047639715178842884,0.2643443560280713,0.2409386013002519,-0.023405754727819417,81920.0,81920.0,8.0
experiment-evaluation-019,random,known,ok,29.730007375615497,0.85,27.2,0.0,12.650036878077492,0.0,0.0,0.85,29.751567355908605,0.0,29.610075702475395,-0.11993167314010478,0.11993167314010478,2.746787791030528,2.862749477448992,-0.11596168641846367,0.11596168641846367,0.11965257369798167,36.46007143709366,33.93006406147817,0.06993593852183277,6.730064061478167,0.06993593852183277,9.277886544766444,2.806332472958879,2.533333333333333,0.0,36.5384617244161,0.35446369506560466,0.2865017966050603,-0.06796189846054436,0.20493261795959525,0.17109660165275442,-0.0338360163068408,81920.0,81920.0,8.0
experiment-evaluation-020,random,known,ok,36.151527441648454,0.85,27.2,0.0,44.75763720824227,4.706036858935817,0.0,0.85,36.01657815636321,0.0,36.14999585914642,-0.0015315825020299674,0.025716317197951827,4.556716902470477,4.706036858935817,-0.14931995646533988,0.46246223238064116,0.022805666627734113,42.951527441648444,34.0,0.0,6.8,0.0,15.17890055734597,4.580959804896868,2.56,0.0,42.8165781563632,0.41220974231103064,0.40086722312102757,-0.011342519190003045,0.22087755737537607,0.21520294952394883,-0.005674607851427205,81920.0,81920.0,8.0
experiment-evaluation-021,random,known,ok,32.82804125585448,0.85,27.2,0.0,28.140206279272395,0.0,0.0,0.85,32.91894837459111,0.0,32.8692198761843,0.04117862032982108,0.11041715772280251,3.600656250453565,3.4138000023288058,0.1868562481247591,0.30514902761626866,0.10743728334148667,39.62804125585448,34.0,0.0,6.8,0.0,12.013450759933185,3.8917304967278685,2.56,0.0,39.71894837459111,0.37919661370951024,0.3471755494235737,-0.03202106428593656,0.20898251061632164,0.19320394781051298,-0.01577856280580865,81920.0,81920.0,8.0
experiment-evaluation-022,random,known,ok,26.182866969869178,0.777588717079186,25.655225964355967,1.5447740356440312,2.638205027566038,1.3154738641292691,0.0,0.7732409792007037,26.068217824450603,0.02000852833138585,26.661075548910855,0.47820857904167724,0.47820857904167724,2.1371374721082295,2.0488969846291853,0.08824048747904434,0.1790913269666837,0.4724639004441941,32.70375034736947,32.17610934185627,1.8238906581437326,6.520883377500298,0.27911662249970126,7.235585204566501,2.222900914196551,2.4,0.0,32.69178402705673,0.29709060181887187,0.2348985792684115,-0.06219202255046035,0.1872436189423813,0.14841503005102552,-0.038828588891355785,81920.0,81920.0,8.0
experiment-evaluation-023,random,known,ok,26.29158473945462,0.7903853058016237,25.9282198571013,1.271780142898696,1.8168244117665768,0.0,0.0,0.7900230862151515,26.30909483954281,0.0,26.289697545667874,-0.0018871937867454374,0.04102000030139882,2.060513455625132,2.076952094394778,-0.016438638769646314,0.14321251557726336,0.033525114639768025,32.71675403212314,32.35338914976983,1.646610850230169,6.425169292668527,0.3748307073314731,6.885078336678869,1.9981794679370892,2.3733333333333335,0.0,32.88319454561303,0.3685029715832228,0.3021180996195853,-0.06638487196363752,0.24554523221983993,0.2050544948927008,-0.04049073732713907,81920.0,81920.0,8.0
experiment-evaluation-000,redistribute,frozen,ok,35.594963873250606,0.85,27.2,0.0,41.97481936625303,1.2729090756872734,0.0,0.85,35.619898950012995,0.016923329577501534,35.51700053442412,-0.07796333882648081,0.12393322331091146,4.233604691999929,3.8691342590484887,0.3644704329514405,0.3644704329514405,0.11207152142964578,42.3949638732506,34.0,0.0,6.8,0.0,14.016513498187669,0.0,2.56,0.0,42.41989895001299,0.5231675470815196,0.48512494919582444,-0.038042597885695174,0.2802138560998671,0.2611848355981228,-0.019029020501744282,81920.0,81920.0,8.0
experiment-evaluation-001,redistribute,frozen,ok,36.01564583745186,0.85,27.2,0.0,44.07822918725932,0.0,0.0,0.85,36.01564583745186,0.0,35.61043706909197,-0.4052087683598889,0.4052087683598889,4.232536562631824,4.5951781114102666,-0.3626415487784431,0.3626415487784431,0.39853200037464775,42.81564583745186,34.0,0.0,6.8,0.0,14.229538350144374,0.0,2.56,0.0,42.81564583745186,0.4106965871470833,0.39606922136434597,-0.014627365782737323,0.22121345417855784,0.21389097657745293,-0.0073224776011049,81920.0,81920.0,8.0
experiment-evaluation-002,redistribute,frozen,ok,33.77923877565021,0.85,27.2,0.0,32.89619387825101,1.3276441237226209,0.0,0.85,33.762128538387195,0.03647891302016385,33.87872573544879,0.09948695979858968,0.25801583941972933,3.835834616330189,3.8873701042557722,-0.05153548792558368,0.23965760842738973,0.2679320314945117,40.5792387756502,34.0,0.0,6.8,0.0,12.591354937907974,0.0,2.56,0.0,40.56212853838719,0.39628684687702037,0.40271826823418344,0.006431421357163125,0.22334571882237533,0.22521270866065088,0.0018669898382755086,81920.0,81920.0,8.0
experiment-evaluation-003,redistribute,frozen,ok,34.69421814956096,0.85,27.2,0.0,37.47109074780483,1.1981828031315718,0.0,0.85,34.70945811207515,0.011281666020366288,34.7752099502284,0.08099180066743372,0.11942214147227521,4.0145344901098285,3.854527857544554,0.16000663256527492,0.25451164360556583,0.10816228727096287,41.494218149560965,34.0,0.0,6.8,0.0,13.881570568511242,0.0,2.56,0.0,41.509458112075144,0.3797951541954392,0.41320267907870534,0.033407524883266204,0.20809887568861204,0.22491617082571982,0.01681729513710778,81920.0,81920.0,8.0
experiment-evaluation-004,redistribute,frozen,ok,33.63694394151743,0.85,27.2,0.0,32.18471970758714,0.0,0.0,0.85,33.63694394151743,0.0,33.21063536518048,-0.4263085763369527,0.4263085763369527,3.5835088951073524,4.018679658470314,-0.43517076336296157,0.43517076336296157,0.39071959123882677,40.43694394151743,34.0,0.0,6.8,0.0,12.637135312796763,0.0,2.56,0.0,40.43694394151743,0.547552152777567,0.5645287497389248,0.016976596961357726,0.2919022490977778,0.30003773803049033,0.008135488932712496,81920.0,81920.0,8.0
experiment-evaluation-005,redistribute,frozen,ok,34.9754204795425,0.85,27.2,0.0,38.87710239771251,0.0,0.0,0.85,34.9754204795425,0.0,35.23750320752328,0.2620827279807803,0.2620827279807803,4.18029879106244,4.089340636074521,0.09095815498791875,0.3216415743813143,0.2801928322014425,41.7754204795425,34.0,0.0,6.8,0.0,13.820990991260992,0.0,2.56,0.0,41.775420479542504,0.44515642527575583,0.40252150791930347,-0.04263491735645236,0.2353162246501567,0.21399766685077837,-0.02131855779937833,81920.0,81920.0,8.0
experiment-evaluation-006,redistribute,frozen,ok,31.26395838010308,0.85,27.2,0.0,20.319791900515416,0.0,0.0,0.85,31.26395838010308,0.028724345348372538,31.376102959376812,0.11214457927372834,0.14338103723188192,3.153610434334127,3.4015030492664664,-0.2478926149323392,0.2478926149323392,0.13218126478390999,38.06395838010308,34.0,0.0,6.8,0.0,10.612817943035592,0.0,2.56,0.0,38.06395838010308,0.32276919344670635,0.36126054008397634,0.038491346637269976,0.18032952478260225,0.20214972026478917,0.021820195482186906,81920.0,81920.0,8.0
experiment-evaluation-007,redistribute,frozen,ok,31.767214530105747,0.85,27.2,0.0,22.836072650528752,2.056775921513262,0.0,0.85,31.796419582186818,0.014105324482908799,31.938404057348976,0.17118952724322276,0.17118952724322276,3.2808357922575984,3.2291079200015216,0.051727872256076925,0.16689386442624596,0.1537043752759237,38.56721453010575,34.0,0.0,6.8,0.0,11.269756639732393,0.0,2.56,0.0,38.59641958218682,0.3559125621906349,0.38865953091045397,0.032746968719819115,0.20110261198548282,0.21788957574053125,0.016786963755048446,81920.0,81920.0,8.0
experiment-evaluation-008,redistribute,frozen,ok,32.12640841452454,0.85,27.2,0.0,24.63204207262272,0.0,0.0,0.85,32.12640841452455,0.004164557532856605,32.16375726451373,0.0373488499891792,0.2037063703370284,3.3747806305665513,3.358206600872503,0.016574029694047532,0.26607347274056153,0.21913023198528747,38.893927317738324,33.967518903213794,0.03248109678621182,6.767518903213788,0.03248109678621182,10.96647498039192,0.0,2.56,0.0,38.89392731773833,0.339790887322315,0.3333064788873732,-0.00648440843494182,0.19242886281371605,0.18916491981857497,-0.003263942995141054,81920.0,81920.0,8.0
experiment-evaluation-009,redistribute,frozen,ok,31.810763273759434,0.85,27.2,0.0,23.053816368797175,2.031527195371978,0.0,0.85,31.78165453656464,0.024545194058783675,31.810767904800144,4.6310407088393886e-06,0.07445936542136285,3.239633494791567,3.2158658050603557,0.02376768973121024,0.2357237499904512,0.046951977407588115,38.61076327375943,34.0,0.0,6.8,0.0,11.642342624416182,0.0,2.56,0.0,38.581654536564635,0.5883798329404017,0.5447420091976723,-0.043637823742729454,0.31924110411384105,0.29657212054276566,-0.02266898357107533,81920.0,81920.0,8.0
experiment-evaluation-010,redistribute,frozen,ok,21.821160465089225,0.5957721157371085,21.77647180239165,5.423528197608352,0.22344331348790406,0.4481828222278621,0.0,0.5980428143282858,21.869637539829625,0.045002095099745766,21.2144509793097,-0.606709485779529,0.606709485779529,1.5576268242613012,1.4547115822091354,0.10291524205216573,0.10291524205216573,0.6446217398040336,26.85898345813348,26.8142947954359,7.185705204564101,5.0378229930442515,1.762177006955749,5.32820856842022,0.0,1.7778021458272562,0.0,26.907460532873873,0.5474766483983872,0.45252024660576184,-0.09495640179262542,0.3561761958693224,0.29841248791501346,-0.05776370795430904,81920.0,81920.0,8.0
experiment-evaluation-011,redistribute,frozen,ok,29.03757685628207,0.85,27.2,0.0,9.187884281410332,0.8950854273615887,0.0,0.85,29.037269838186926,0.009690166877257175,28.85589293472324,-0.18168392155882765,0.18168392155882765,2.4874523364230416,2.5911746995354847,-0.10372236311244339,0.11938685174810078,0.18817000085877686,35.83757685628206,34.0,0.0,6.8,0.0,8.684434308687317,0.0,2.533333333333333,0.0,35.83726983818692,0.2898094361573196,0.2739188663296244,-0.01589056982769514,0.1801283792509055,0.16930653535506912,-0.010821843895836366,81920.0,81920.0,8.0
experiment-evaluation-012,redistribute,frozen,ok,22.074759305741498,0.6065691654695838,22.006808863351125,5.193191136648876,0.3397522119518667,1.2528616434318034,0.0,0.6104220982546361,22.153872652719368,0.05429637426532944,22.611445174033637,0.5366858682921402,0.679560435976556,1.7368510947045908,1.747625519569895,-0.01077442486530448,0.1334337797847994,0.6689766070962556,28.270680114163497,28.202729671773124,5.79727032822688,6.195920808421995,0.6040791915780042,5.770214259273733,0.0,2.3099962093026765,0.0,28.349793461141363,0.3470827888374372,0.34956939890164246,0.0024866100642052524,0.22083788187498107,0.22160023738467172,0.0007623555096906431,81920.0,81920.0,8.0
experiment-evaluation-013,redistribute,frozen,ok,36.46046558754554,0.85,27.2,0.0,46.30232793772772,3.03694403333345,0.0,0.85,36.44238635595303,0.02150390399941197,36.42286922748619,-0.037596360059355995,0.04491555475680542,4.473392234519434,4.482065815137993,-0.008673580618559681,0.27902947441244336,0.0617291264413819,43.260465587545546,34.0,0.0,6.8,0.0,15.270041869175097,0.0,2.56,0.0,43.24238635595304,0.4641843485701315,0.42346111846423745,-0.040723230105894105,0.2450830090026295,0.22472105680032825,-0.020361952202301265,81920.0,81920.0,8.0
experiment-evaluation-014,redistribute,frozen,ok,35.24667797437598,0.85,27.2,0.0,40.2333898718799,1.412941600113194,0.0,0.85,35.26952529896419,0.020949632853186035,35.10586909359236,-0.1408088807836189,0.37333750328731696,4.135011283235968,4.430257578854441,-0.2952462956184731,0.3010228507557577,0.39857813204750253,42.046677974375974,34.0,0.0,6.8,0.0,13.75690977539818,0.0,2.56,0.0,42.06952529896419,0.41874946048907336,0.3889258904223547,-0.029823570066718635,0.2248553970730294,0.2099171929569367,-0.014938204116092693,81920.0,81920.0,8.0
experiment-evaluation-015,redistribute,frozen,ok,30.87923046851786,0.85,27.2,0.0,18.396152342589307,0.9424364147173615,0.0,0.85,30.881499358910148,0.007918511446002677,30.669322086614397,-0.2099083819034663,0.32612139999508233,2.970256523332777,2.930128418595516,0.040128104737261104,0.1924051905074521,0.33147525504369135,37.67923046851786,34.0,0.0,6.8,0.0,9.908719133175522,0.0,2.56,0.0,37.68149935891015,0.3413065788341411,0.33147202154459726,-0.009834557289543836,0.19873747342537398,0.1920459436756562,-0.006691529749717799,81920.0,81920.0,8.0
experiment-evaluation-016,redistribute,frozen,ok,28.339337463516134,0.8436688238425765,27.064934908641632,0.13506509135836844,6.372012774372517,0.0,0.0,0.8436688238425765,28.33933746351613,0.0,28.27790730887266,-0.061430154643474566,0.19856708339876405,2.3666087450012623,2.3659042104089423,0.0007045345923200053,0.14730578861370539,0.19931542132563998,34.95820981927854,33.68380726440403,0.31619273559596905,6.6188723557624,0.1811276442376006,7.853767087768346,0.0,2.453333333333333,0.0,34.95820981927853,0.25710755999954155,0.2335835074507914,-0.0235240525487501,0.16813405661937386,0.15430203851264399,-0.01383201810672984,81920.0,81920.0,8.0
experiment-evaluation-017,redistribute,frozen,ok,34.981717773187256,0.85,27.2,0.0,38.908588865936274,0.0,0.0,0.85,34.98171777318725,0.0,34.78607035845071,-0.19564741473654834,0.21185903962285835,4.033588325597276,3.9714033151087498,0.06218501048852657,0.39879098014922015,0.20684509273743779,41.78171777318725,34.0,0.0,6.8,0.0,13.601262903134701,0.0,2.56,0.0,41.781717773187246,0.4150836756466732,0.42033572384894385,0.00525204820227058,0.2213484237933974,0.2239740662215394,0.0026256424281420054,81920.0,81920.0,8.0
experiment-evaluation-018,redistribute,frozen,ok,30.392699523501634,0.85,27.2,0.0,15.963497617508173,1.0484292718170203,0.0,0.85,30.426582682996422,0.026445571819881053,30.360250369092913,-0.03244915440871902,0.1621708757779743,2.859492339626243,3.0225328605744566,-0.16304052094821397,0.1690203939862167,0.13945633922337208,37.0000270808898,33.80732755738817,0.19267244261183117,6.607327557388168,0.19267244261183117,9.658324616337259,0.0,2.48,0.0,37.03391024038459,0.4513011882263284,0.4307610645478879,-0.020540123678440537,0.2643443560280713,0.2548495519061112,-0.009494804121960113,81920.0,81920.0,8.0
experiment-evaluation-019,redistribute,frozen,ok,29.718973909078446,0.85,27.2,0.0,12.594869545392243,1.8675358770310548,0.0,0.85,29.745394529700715,0.016198910104488817,29.533172972075743,-0.18580093700270575,0.18580093700270575,2.676522232427899,2.7958188612191233,-0.11929662879122412,0.1223188634580789,0.20230815218133613,36.505868277585954,33.9868943685075,0.013105631492500444,6.786894368507499,0.013105631492500444,9.167341368259617,0.0,2.533333333333333,0.0,36.53228889820821,0.35446369506560466,0.29491053144591683,-0.059553163619687856,0.20493261795959525,0.17530839426570263,-0.029624223693892632,81920.0,81920.0,8.0
experiment-evaluation-020,redistribute,frozen,ok,36.02686283235601,0.85,27.2,0.0,44.13431416178005,1.553104129692513,0.0,0.85,36.00879285961241,0.0377836984570763,36.03324527422342,0.006382441867413509,0.2033224937998336,4.40335501134157,4.554758418745741,-0.15140340740417102,0.4151177808945725,0.23442056164251965,42.82686283235601,34.0,0.0,6.8,0.0,14.757832789911815,0.0,2.56,0.0,42.8087928596124,0.41220974231103064,0.39581457550332116,-0.01639516680770949,0.22087755737537607,0.21267646849673646,-0.00820108887863961,81920.0,81920.0,8.0
experiment-evaluation-021,redistribute,frozen,ok,32.89306318786408,0.85,27.2,0.0,28.46531593932039,0.0,0.0,0.85,32.89306318786408,0.0,32.85103016050195,-0.04203302736213269,0.17228908266187185,3.518392280398641,3.350683997180628,0.16770828321801323,0.3285790961778363,0.1821613079321204,39.69306318786408,34.0,0.0,6.8,0.0,11.845033825738787,0.0,2.56,0.0,39.69306318786408,0.37919661370951024,0.3626971583914919,-0.016499455318018368,0.20898251061632164,0.20101265651260813,-0.00796985410371348,81920.0,81920.0,8.0
experiment-evaluation-022,redistribute,frozen,ok,26.019827073674005,0.7713812411444968,25.522799811082596,1.6772001889174006,2.4851363129570223,0.5885202711580897,0.0,0.7711880090519377,26.012090239802816,0.03483372338535062,26.393590173843382,0.37376310016937947,0.37376310016937947,2.0365365014918666,1.9726059714988322,0.06393052999303446,0.1818766750801133,0.3516918335843909,32.64163372910821,32.1446064665168,1.8553935334831948,6.621806655434206,0.17819334456579441,7.109475042933991,0.0,2.4266666666666663,0.0,32.63389689523702,0.29709060181887187,0.2651654893767555,-0.03192511244211634,0.1872436189423813,0.16707809636043328,-0.020165522581948026,81920.0,81920.0,8.0
experiment-evaluation-023,redistribute,frozen,ok,26.258783755120845,0.7880136167301114,25.877623823575714,1.3223761764242905,1.9057996577256737,0.0,0.0,0.7880136167301114,26.258783755120845,0.0,26.21548184650226,-0.04330190861858322,0.15588124100219622,2.026200275376871,2.048601140475217,-0.02240086509834553,0.11955804651893447,0.18100361842567145,32.82817137853007,32.44701144698494,1.5529885530150682,6.569387623409223,0.23061237659077757,6.799585837689821,0.0,2.4266666666666663,0.0,32.828171378530065,0.3685029715832228,0.36262090760598903,-0.005882063977233694,0.24554523221983993,0.24116364748790367,-0.004381584731936228,81920.0,81920.0,8.0
experiment-evaluation-000,redistribute,updated,ok,35.594963873250606,0.85,27.2,0.0,41.97481936625303,1.2729090756872734,0.0,0.85,35.619898950012995,0.016923329577501534,35.4634871738468,-0.13147669940380524,0.13147669940380524,4.220976587810237,3.8691342590484887,0.35184232876174776,0.35184232876174776,0.14035807210415088,42.3949638732506,34.0,0.0,6.8,0.0,14.016513498187669,0.0,2.56,0.0,42.41989895001299,0.5231675470815196,0.48512494919582444,-0.038042597885695174,0.2802138560998671,0.2611848355981228,-0.019029020501744282,81920.0,81920.0,8.0
experiment-evaluation-001,redistribute,updated,ok,36.01564583745186,0.85,27.2,0.0,44.07822918725932,0.0,0.0,0.85,36.01564583745186,0.0,35.68661957614969,-0.32902626130217766,0.32902626130217766,4.279614128563755,4.5951781114102666,-0.3155639828465124,0.32877862742718705,0.31281463557571637,42.81564583745186,34.0,0.0,6.8,0.0,14.229538350144374,0.0,2.56,0.0,42.81564583745186,0.4106965871470833,0.39606922136434597,-0.014627365782737323,0.22121345417855784,0.21389097657745293,-0.0073224776011049,81920.0,81920.0,8.0
experiment-evaluation-002,redistribute,updated,ok,33.780986807865126,0.85,27.2,0.0,32.90493403932564,1.4503035755785518,0.0,0.85,33.76229577625649,0.034730880805239416,33.742529105230524,-0.03845770263460461,0.09108622859909825,3.784941735126442,3.8873701042557722,-0.1024283691293304,0.21313553153271028,0.0902068726017491,40.58098680786512,34.0,0.0,6.8,0.0,12.591354937907974,0.0,2.56,0.0,40.562295776256484,0.39628684687702037,0.40271826823418344,0.006431421357163125,0.22334571882237533,0.22521270866065088,0.0018669898382755086,81920.0,81920.0,8.0
experiment-evaluation-003,redistribute,updated,ok,34.69421814956096,0.85,27.2,0.0,37.47109074780483,1.1981828031315718,0.0,0.85,34.70945811207515,0.011281666020366288,34.8268182531335,0.13260010357253785,0.13260010357253785,4.036364958169275,3.854527857544554,0.1818371006247214,0.26559260399567225,0.12297267522619156,41.494218149560965,34.0,0.0,6.8,0.0,13.881570568511242,0.0,2.56,0.0,41.509458112075144,0.3797951541954392,0.41320267907870534,0.033407524883266204,0.20809887568861204,0.22491617082571982,0.01681729513710778,81920.0,81920.0,8.0
experiment-evaluation-004,redistribute,updated,ok,33.63694394151743,0.85,27.2,0.0,32.18471970758714,0.0,0.0,0.85,33.63694394151743,0.0,33.47892039996365,-0.15802354155377904,0.18743211813755542,3.679063913306345,4.018679658470314,-0.339615745163969,0.339615745163969,0.17146101331802535,40.43694394151743,34.0,0.0,6.8,0.0,12.637135312796763,0.0,2.56,0.0,40.43694394151743,0.547552152777567,0.5645287497389248,0.016976596961357726,0.2919022490977778,0.30003773803049033,0.008135488932712496,81920.0,81920.0,8.0
experiment-evaluation-005,redistribute,updated,ok,34.960533067284125,0.85,27.2,0.0,38.80266533642061,1.362543182515779,0.0,0.85,34.98176787496194,0.014887412258379603,35.10439844816942,0.14386538088529713,0.1632187993578924,4.107395865883546,4.089340636074521,0.018055229809024482,0.3830553788539309,0.17386843548798384,41.76053306728412,34.0,0.0,6.8,0.0,13.820990991260992,0.0,2.56,0.0,41.781767874961936,0.44515642527575583,0.40252150791930347,-0.04263491735645236,0.2353162246501567,0.21399766685077837,-0.02131855779937833,81920.0,81920.0,8.0
experiment-evaluation-006,redistribute,updated,ok,31.26395838010308,0.85,27.2,0.0,20.319791900515416,0.0,0.0,0.85,31.26395838010308,0.028724345348372538,31.218579152768005,-0.045379227335079264,0.20611894848867132,3.0962216800061295,3.4015030492664664,-0.3052813692603367,0.3052813692603367,0.2019662682540325,38.06395838010308,34.0,0.0,6.8,0.0,10.612817943035592,0.0,2.56,0.0,38.06395838010308,0.32276919344670635,0.36126054008397634,0.038491346637269976,0.18032952478260225,0.20214972026478917,0.021820195482186906,81920.0,81920.0,8.0
experiment-evaluation-007,redistribute,updated,ok,31.773717528313767,0.85,27.2,0.0,22.86858764156885,1.1085375347887807,0.0,0.85,31.78945813286806,0.007602326274889511,31.968631250954612,0.19491372264084225,0.19491372264084225,3.3028351853444406,3.2291079200015216,0.07372726534291922,0.13755916799109302,0.18357543125950215,38.57371752831377,34.0,0.0,6.8,0.0,11.269756639732393,0.0,2.56,0.0,38.58945813286806,0.3559125621906349,0.38865953091045397,0.032746968719819115,0.20110261198548282,0.21788957574053125,0.016786963755048446,81920.0,81920.0,8.0
experiment-evaluation-008,redistribute,updated,ok,32.12640841452454,0.85,27.2,0.0,24.63204207262272,0.0,0.0,0.85,32.12640841452455,0.004164557532856605,32.10787654822504,-0.01853186629950443,0.16463321826840863,3.357930806150218,3.358206600872503,-0.00027579472228496843,0.276992976311116,0.1438118803367006,38.893927317738324,33.967518903213794,0.03248109678621182,6.767518903213788,0.03248109678621182,10.96647498039192,0.0,2.56,0.0,38.89392731773833,0.339790887322315,0.3333064788873732,-0.00648440843494182,0.19242886281371605,0.18916491981857497,-0.003263942995141054,81920.0,81920.0,8.0
experiment-evaluation-009,redistribute,updated,ok,31.810763273759434,0.85,27.2,0.0,23.053816368797175,2.031527195371978,0.0,0.85,31.78165453656464,0.024545194058783675,31.917283531825074,0.1065202580656397,0.1065202580656397,3.289328651894199,3.2158658050603557,0.07346284683384274,0.2913842935643631,0.09829150608794436,38.61076327375943,34.0,0.0,6.8,0.0,11.642342624416182,0.0,2.56,0.0,38.581654536564635,0.5883798329404017,0.5447420091976723,-0.043637823742729454,0.31924110411384105,0.29657212054276566,-0.02266898357107533,81920.0,81920.0,8.0
experiment-evaluation-010,redistribute,updated,ok,21.836073282042648,0.5964676482455967,21.791309829239395,5.408690170760604,0.22381726401626736,0.24710631361986843,0.0,0.597965665806956,21.86793414540064,0.030089278146324006,21.33984752864411,-0.4962257533985361,0.4962257533985361,1.5627369764566483,1.4547115822091354,0.10802539424751312,0.10802539424751312,0.48267501252275197,26.873896275086896,26.82913282228365,7.170867177716353,5.0378229930442515,1.762177006955749,5.32820856842022,0.0,1.7778021458272562,0.0,26.905757138444887,0.5474766483983872,0.45252024660576184,-0.09495640179262542,0.3561761958693224,0.29841248791501346,-0.05776370795430904,81920.0,81920.0,8.0
experiment-evaluation-011,redistribute,updated,ok,29.042681840609944,0.85,27.2,0.0,9.213409203049718,1.7886210354479886,0.0,0.85,29.04206833601425,0.004585182549379378,28.924186334649445,-0.11849550596049833,0.11849550596049833,2.519819974845618,2.5911746995354847,-0.0713547246898667,0.09875173797218828,0.12200169361611736,35.84268184060994,34.0,0.0,6.8,0.0,8.684434308687317,0.0,2.533333333333333,0.0,35.84206833601424,0.2898094361573196,0.2739188663296244,-0.01589056982769514,0.1801283792509055,0.16930653535506912,-0.010821843895836366,81920.0,81920.0,8.0
experiment-evaluation-012,redistribute,updated,ok,22.074759305741498,0.6065691654695838,22.006808863351125,5.193191136648876,0.3397522119518667,1.2528616434318034,0.0,0.6104220982546361,22.153872652719368,0.05429637426532944,22.239051734296435,0.16429242855493462,0.31668656816855406,1.7010249117305039,1.747625519569895,-0.04660060783939146,0.1203017491862292,0.3131525987424762,28.270680114163497,28.202729671773124,5.79727032822688,6.195920808421995,0.6040791915780042,5.770214259273733,0.0,2.3099962093026765,0.0,28.349793461141363,0.3470827888374372,0.34956939890164246,0.0024866100642052524,0.22083788187498107,0.22160023738467172,0.0007623555096906431,81920.0,81920.0,8.0
experiment-evaluation-013,redistribute,updated,ok,36.46046558754554,0.85,27.2,0.0,46.30232793772772,3.03694403333345,0.0,0.85,36.44238635595303,0.02150390399941197,36.43391453469801,-0.026551052847530343,0.07640729477261961,4.491437270547219,4.482065815137993,0.009371455409225979,0.27010322034530115,0.09050230561130551,43.260465587545546,34.0,0.0,6.8,0.0,15.270041869175097,0.0,2.56,0.0,43.24238635595304,0.4641843485701315,0.42346111846423745,-0.040723230105894105,0.2450830090026295,0.22472105680032825,-0.020361952202301265,81920.0,81920.0,8.0
experiment-evaluation-014,redistribute,updated,ok,35.267627607229166,0.85,27.2,0.0,40.338138036145835,0.0,0.0,0.85,35.267627607229166,0.0,35.13290894601647,-0.13471866121269235,0.26300366141085857,4.134221726999157,4.430257578854441,-0.2960358518552839,0.33861553435698816,0.2671964468381687,42.06762760722916,34.0,0.0,6.8,0.0,13.75690977539818,0.0,2.56,0.0,42.06762760722916,0.41874946048907336,0.3889258904223547,-0.029823570066718635,0.2248553970730294,0.2099171929569367,-0.014938204116092693,81920.0,81920.0,8.0
experiment-evaluation-015,redistribute,updated,ok,30.879671532839595,0.85,27.2,0.0,18.398357664197974,1.0531516711747477,0.0,0.85,30.88220696724242,0.007477447124269787,30.777171629871457,-0.10249990296813631,0.14114534562326497,3.0127986577015236,2.930128418595516,0.08267023910600768,0.10948551752669185,0.13786906626598336,37.67967153283959,34.0,0.0,6.8,0.0,9.908719133175522,0.0,2.56,0.0,37.68220696724242,0.3413065788341411,0.33147202154459726,-0.009834557289543836,0.19873747342537398,0.1920459436756562,-0.006691529749717799,81920.0,81920.0,8.0
experiment-evaluation-016,redistribute,updated,ok,28.339337463516134,0.8436688238425765,27.064934908641632,0.13506509135836844,6.372012774372517,0.0,0.0,0.8436688238425765,28.33933746351613,0.0,28.22455540027502,-0.11478206324111777,0.16832404861753503,2.34330076030782,2.3659042104089423,-0.02260345010112245,0.13908621506990956,0.15749080496446452,34.95820981927854,33.68380726440403,0.31619273559596905,6.6188723557624,0.1811276442376006,7.853767087768346,0.0,2.453333333333333,0.0,34.95820981927853,0.25710755999954155,0.2335835074507914,-0.0235240525487501,0.16813405661937386,0.15430203851264399,-0.01383201810672984,81920.0,81920.0,8.0
experiment-evaluation-017,redistribute,updated,ok,34.9731981116939,0.85,27.2,0.0,38.865990558469484,1.4665813576424727,0.0,0.85,34.9855854577917,0.008519661493356997,34.82298218242329,-0.15021592927060823,0.20335175746691667,4.0481987617998785,3.9714033151087498,0.07679544669112974,0.3800775086697197,0.19930933285028452,41.773198111693894,34.0,0.0,6.8,0.0,13.601262903134701,0.0,2.56,0.0,41.7855854577917,0.4150836756466732,0.42033572384894385,0.00525204820227058,0.2213484237933974,0.2239740662215394,0.0026256424281420054,81920.0,81920.0,8.0
experiment-evaluation-018,redistribute,updated,ok,30.419145095321515,0.85,27.2,0.0,16.095725476607573,0.0,0.0,0.85,30.419145095321515,0.0,30.39049728111765,-0.02864781420386464,0.07974349778564734,2.8647186293220486,3.0225328605744566,-0.15781423125240832,0.15781423125240832,0.054797116445417904,37.02647265270968,33.80732755738817,0.19267244261183117,6.607327557388168,0.19267244261183117,9.658324616337259,0.0,2.48,0.0,37.026472652709685,0.4513011882263284,0.4307610645478879,-0.020540123678440537,0.2643443560280713,0.2548495519061112,-0.009494804121960113,81920.0,81920.0,8.0
experiment-evaluation-019,redistribute,updated,ok,29.72696824932854,0.85,27.2,0.0,12.634841246642708,0.9458863874085582,0.0,0.85,29.740350003168373,0.008204569854394586,29.545487221266995,-0.18148102806154634,0.18148102806154634,2.6744491996574986,2.7958188612191233,-0.12136966156162436,0.12136966156162436,0.18372226326500832,36.51386261783605,33.9868943685075,0.013105631492500444,6.786894368507499,0.013105631492500444,9.167341368259617,0.0,2.533333333333333,0.0,36.52724437167587,0.35446369506560466,0.29491053144591683,-0.059553163619687856,0.20493261795959525,0.17530839426570263,-0.029624223693892632,81920.0,81920.0,8.0
experiment-evaluation-020,redistribute,updated,ok,36.04958011649515,0.85,27.2,0.0,44.247900582475744,3.35783569797318,0.0,0.85,36.010512549562684,0.015066414317937907,36.03007834684863,-0.019501769646517175,0.14009941681861685,4.412733592261263,4.554758418745741,-0.14202482648447715,0.41550899823905435,0.1586916521056065,42.84958011649514,34.0,0.0,6.8,0.0,14.757832789911815,0.0,2.56,0.0,42.81051254956268,0.41220974231103064,0.39581457550332116,-0.01639516680770949,0.22087755737537607,0.21267646849673646,-0.00820108887863961,81920.0,81920.0,8.0
experiment-evaluation-021,redistribute,updated,ok,32.89306318786408,0.85,27.2,0.0,28.46531593932039,0.0,0.0,0.85,32.89306318786408,0.0,32.91187920981259,0.018816021948516948,0.04138423304015978,3.536085740772908,3.350683997180628,0.1854017435922802,0.2636378750738733,0.051896342462545896,39.69306318786408,34.0,0.0,6.8,0.0,11.845033825738787,0.0,2.56,0.0,39.69306318786408,0.37919661370951024,0.3626971583914919,-0.016499455318018368,0.20898251061632164,0.20101265651260813,-0.00796985410371348,81920.0,81920.0,8.0
experiment-evaluation-022,redistribute,updated,ok,26.019827073674005,0.7713812411444968,25.522799811082596,1.6772001889174006,2.4851363129570223,0.5885202711580897,0.0,0.7711880090519377,26.012090239802816,0.03483372338535062,26.46231119731952,0.44248412364551487,0.44248412364551487,2.0485424806603896,1.9726059714988322,0.07593650916155781,0.17279789668026613,0.41732411763419464,32.64163372910821,32.1446064665168,1.8553935334831948,6.621806655434206,0.17819334456579441,7.109475042933991,0.0,2.4266666666666663,0.0,32.63389689523702,0.29709060181887187,0.2651654893767555,-0.03192511244211634,0.1872436189423813,0.16707809636043328,-0.020165522581948026,81920.0,81920.0,8.0
experiment-evaluation-023,redistribute,updated,ok,26.258783755120845,0.7880136167301114,25.877623823575714,1.3223761764242905,1.9057996577256737,0.0,0.0,0.7880136167301114,26.258783755120845,0.0,26.312256125271347,0.05347237015050155,0.11491950022598492,2.035667076787477,2.048601140475217,-0.012934063687739528,0.1373594225251765,0.10822401110571613,32.82817137853007,32.44701144698494,1.5529885530150682,6.569387623409223,0.23061237659077757,6.799585837689821,0.0,2.4266666666666663,0.0,32.828171378530065,0.3685029715832228,0.36262090760598903,-0.005882063977233694,0.24554523221983993,0.24116364748790367,-0.004381584731936228,81920.0,81920.0,8.0
experiment-evaluation-000,redistribute,known,ok,35.61188720282811,0.85,27.2,0.0,42.059436014140545,0.0,0.0,0.85,35.61188720282811,0.0,35.44057254746172,-0.17131465536638282,0.17131465536638282,4.205963220908804,3.8691342590484887,0.3368289618603149,0.3368289618603149,0.17355372634234337,42.411887202828105,34.0,0.0,6.8,0.0,14.016513498187669,0.0,2.56,0.0,42.411887202828105,0.5231675470815196,0.48512494919582444,-0.038042597885695174,0.2802138560998671,0.2611848355981228,-0.019029020501744282,81920.0,81920.0,8.0
experiment-evaluation-001,redistribute,known,ok,36.01564583745186,0.85,27.2,0.0,44.07822918725932,0.0,0.0,0.85,36.01564583745186,0.0,35.66308187701353,-0.3525639604383268,0.3525639604383268,4.275001041283108,4.5951781114102666,-0.32017707012715846,0.33565744966325894,0.3502922291912714,42.81564583745186,34.0,0.0,6.8,0.0,14.229538350144374,0.0,2.56,0.0,42.81564583745186,0.4106965871470833,0.39606922136434597,-0.014627365782737323,0.22121345417855784,0.21389097657745293,-0.0073224776011049,81920.0,81920.0,8.0
experiment-evaluation-002,redistribute,known,ok,33.81571768867036,0.85,27.2,0.0,33.078588443351826,3.8873701042557722,0.0,0.85,33.76561855169199,0.0,33.746437582914886,-0.06928010575547934,0.10833371918379697,3.7780285579867416,3.8873701042557722,-0.10934154626903103,0.20245232759979434,0.10689113491786391,40.615717688670365,34.0,0.0,6.8,0.0,12.591354937907974,0.0,2.56,0.0,40.56561855169199,0.39628684687702037,0.40271826823418344,0.006431421357163125,0.22334571882237533,0.22521270866065088,0.0018669898382755086,81920.0,81920.0,8.0
experiment-evaluation-003,redistribute,known,ok,34.705499815581334,0.85,27.2,0.0,37.527499077906654,0.0,0.0,0.85,34.70549981558133,0.0,34.89138104402945,0.18588122844812224,0.18588122844812224,4.0438503020745555,3.854527857544554,0.1893224445300016,0.2522699661653179,0.18498993181802584,41.505499815581324,34.0,0.0,6.8,0.0,13.881570568511242,0.0,2.56,0.0,41.505499815581324,0.3797951541954392,0.41320267907870534,0.033407524883266204,0.20809887568861204,0.22491617082571982,0.01681729513710778,81920.0,81920.0,8.0
experiment-evaluation-004,redistribute,known,ok,33.63694394151743,0.85,27.2,0.0,32.18471970758714,0.0,0.0,0.85,33.63694394151743,0.0,33.65972933760286,0.022785396085429472,0.022785396085429472,3.70520814034111,4.018679658470314,-0.313471518129204,0.313471518129204,0.02669620528254689,40.43694394151743,34.0,0.0,6.8,0.0,12.637135312796763,0.0,2.56,0.0,40.43694394151743,0.547552152777567,0.5645287497389248,0.016976596961357726,0.2919022490977778,0.30003773803049033,0.008135488932712496,81920.0,81920.0,8.0
experiment-evaluation-005,redistribute,known,ok,34.9754204795425,0.85,27.2,0.0,38.87710239771251,0.0,0.0,0.85,34.9754204795425,0.0,35.04765380240978,0.07223332286728379,0.07223332286728379,4.083274777762733,4.089340636074521,-0.006065858311788149,0.3803146791004128,0.07226646124210845,41.7754204795425,34.0,0.0,6.8,0.0,13.820990991260992,0.0,2.56,0.0,41.775420479542504,0.44515642527575583,0.40252150791930347,-0.04263491735645236,0.2353162246501567,0.21399766685077837,-0.02131855779937833,81920.0,81920.0,8.0
experiment-evaluation-006,redistribute,known,ok,31.292682725451456,0.85,27.2,0.0,20.46341362725728,3.4015030492664664,0.0,0.85,31.269511538847365,0.0,31.321558760960567,0.028876035509110665,0.09025107022858829,3.140560607600223,3.4015030492664664,-0.26094244166624375,0.26094244166624375,0.09011375849889841,38.09268272545145,34.0,0.0,6.8,0.0,10.612817943035592,0.0,2.56,0.0,38.06951153884736,0.32276919344670635,0.36126054008397634,0.038491346637269976,0.18032952478260225,0.20214972026478917,0.021820195482186906,81920.0,81920.0,8.0
experiment-evaluation-007,redistribute,known,ok,31.78131985458866,0.85,27.2,0.0,22.9065992729433,0.0,0.0,0.85,31.78131985458866,0.0,31.928609653786534,0.1472897991978724,0.1472897991978724,3.2934601206110528,3.2291079200015216,0.06435220060953133,0.13372053589693142,0.1470691362026244,38.581319854588656,34.0,0.0,6.8,0.0,11.269756639732393,0.0,2.56,0.0,38.581319854588656,0.3559125621906349,0.38865953091045397,0.032746968719819115,0.20110261198548282,0.21788957574053125,0.016786963755048446,81920.0,81920.0,8.0
experiment-evaluation-008,redistribute,known,ok,32.1305729720574,0.85,27.2,0.0,24.652864860287007,2.0148157154225745,0.0,0.85,32.13428878239209,0.0,32.03110872400613,-0.09946424805126715,0.14330395721900638,3.324937252640391,3.358206600872503,-0.03326934823211225,0.25823151739391825,0.12669397206775676,38.898091875271184,33.967518903213794,0.03248109678621182,6.767518903213788,0.03248109678621182,10.96647498039192,0.0,2.56,0.0,38.90180768560588,0.339790887322315,0.3333064788873732,-0.00648440843494182,0.19242886281371605,0.18916491981857497,-0.003263942995141054,81920.0,81920.0,8.0
experiment-evaluation-009,redistribute,known,ok,31.83530846781822,0.85,27.2,0.0,23.176542339091096,3.2158658050603557,0.0,0.85,31.789229934985144,0.0,31.924271081949247,0.0889626141310309,0.10454756763610007,3.2910478540301136,3.2158658050603557,0.0751820489697576,0.2859108198141967,0.10158484375863708,38.63530846781822,34.0,0.0,6.8,0.0,11.642342624416182,0.0,2.56,0.0,38.58922993498515,0.5883798329404017,0.5447420091976723,-0.043637823742729454,0.31924110411384105,0.29657212054276566,-0.02266898357107533,81920.0,81920.0,8.0
experiment-evaluation-010,redistribute,known,ok,21.86616256018897,0.5978855184638744,21.82155772722932,5.37844227277068,0.22302416479827572,0.0,0.0,0.5978855184638744,21.86616256018897,0.0,21.48841389379689,-0.3777486663920809,0.3777486663920809,1.5604200068963652,1.4547115822091354,0.10570842468722996,0.10570842468722996,0.3850292059005156,26.903985553233223,26.859380720273567,7.14061927972643,5.0378229930442515,1.762177006955749,5.32820856842022,0.0,1.7778021458272562,0.0,26.903985553233223,0.5474766483983872,0.45252024660576184,-0.09495640179262542,0.3561761958693224,0.29841248791501346,-0.05776370795430904,81920.0,81920.0,8.0
experiment-evaluation-011,redistribute,known,ok,29.04726702315932,0.85,27.2,0.0,9.236335115796615,2.5911746995354847,0.0,0.85,29.046378239255464,0.0,29.024902038025147,-0.02236498513417473,0.07875069607515901,2.5483968329592037,2.5911746995354847,-0.04277786657628132,0.09224965693629035,0.07870474126561354,35.84726702315932,34.0,0.0,6.8,0.0,8.684434308687317,0.0,2.533333333333333,0.0,35.846378239255465,0.2898094361573196,0.2739188663296244,-0.01589056982769514,0.1801283792509055,0.16930653535506912,-0.010821843895836366,81920.0,81920.0,8.0
experiment-evaluation-012,redistribute,known,ok,22.129055680006825,0.6092687961370234,22.064400984256498,5.135599015743501,0.32327347875163737,0.0,0.0,0.6092687961370234,22.129055680006825,0.0,22.26296595608929,0.13391027608246375,0.2972755729949827,1.69310121499071,1.747625519569895,-0.0545243045791853,0.1278333248390421,0.3009345811793508,28.32497648842882,28.260321792678496,5.7396782073215045,6.195920808421995,0.6040791915780042,5.770214259273733,0.0,2.3099962093026765,0.0,28.32497648842882,0.3470827888374372,0.34956939890164246,0.0024866100642052524,0.22083788187498107,0.22160023738467172,0.0007623555096906431,81920.0,81920.0,8.0
experiment-evaluation-013,redistribute,known,ok,36.48196949154495,0.85,27.2,0.0,46.40984745772477,4.482065815137993,0.0,0.85,36.45528730544098,0.0,36.391941010625004,-0.09002848091994527,0.09002848091994527,4.488951126610288,4.482065815137993,0.006885311472294653,0.28616548230673633,0.09007970880909806,43.28196949154495,34.0,0.0,6.8,0.0,15.270041869175097,0.0,2.56,0.0,43.25528730544098,0.4641843485701315,0.42346111846423745,-0.040723230105894105,0.2450830090026295,0.22472105680032825,-0.020361952202301265,81920.0,81920.0,8.0
experiment-evaluation-014,redistribute,known,ok,35.267627607229166,0.85,27.2,0.0,40.338138036145835,0.0,0.0,0.85,35.267627607229166,0.0,35.25124406108566,-0.016383546143506084,0.18272929296505444,4.14880894603674,4.430257578854441,-0.2814486328177009,0.35267539556084476,0.1833651010311396,42.06762760722916,34.0,0.0,6.8,0.0,13.75690977539818,0.0,2.56,0.0,42.06762760722916,0.41874946048907336,0.3889258904223547,-0.029823570066718635,0.2248553970730294,0.2099171929569367,-0.014938204116092693,81920.0,81920.0,8.0
experiment-evaluation-015,redistribute,known,ok,30.887148979963865,0.85,27.2,0.0,18.435744899819326,2.930128418595516,0.0,0.85,30.894203185545592,0.0,30.83208896978608,-0.05506001017778791,0.0588320673313684,3.041334034543643,2.930128418595516,0.11120561594812672,0.11120561594812672,0.0588313642334914,37.687148979963865,34.0,0.0,6.8,0.0,9.908719133175522,0.0,2.56,0.0,37.69420318554559,0.3413065788341411,0.33147202154459726,-0.009834557289543836,0.19873747342537398,0.1920459436756562,-0.006691529749717799,81920.0,81920.0,8.0
experiment-evaluation-016,redistribute,known,ok,28.339337463516134,0.8436688238425765,27.064934908641632,0.13506509135836844,6.372012774372517,0.0,0.0,0.8436688238425765,28.33933746351613,0.0,28.171334570846494,-0.1680028926696385,0.1680028926696385,2.3266530766616516,2.3659042104089423,-0.03925113374729087,0.11548696501423643,0.17842452557946745,34.95820981927854,33.68380726440403,0.31619273559596905,6.6188723557624,0.1811276442376006,7.853767087768346,0.0,2.453333333333333,0.0,34.95820981927853,0.25710755999954155,0.2335835074507914,-0.0235240525487501,0.16813405661937386,0.15430203851264399,-0.01383201810672984,81920.0,81920.0,8.0
experiment-evaluation-017,redistribute,known,ok,34.981717773187256,0.85,27.2,0.0,38.908588865936274,0.0,0.0,0.85,34.98171777318725,0.0,34.83254116038397,-0.1491766128032855,0.1491766128032855,4.059738052409119,3.9714033151087498,0.08833473730037007,0.35619768331109913,0.14943318979302628,41.78171777318725,34.0,0.0,6.8,0.0,13.601262903134701,0.0,2.56,0.0,41.781717773187246,0.4150836756466732,0.42033572384894385,0.00525204820227058,0.2213484237933974,0.2239740662215394,0.0026256424281420054,81920.0,81920.0,8.0
experiment-evaluation-018,redistribute,known,ok,30.419145095321515,0.85,27.2,0.0,16.095725476607573,0.0,0.0,0.85,30.419145095321515,0.0,30.361011366930097,-0.05813372839141806,0.06749214300329005,2.8509433453794455,3.0225328605744566,-0.17158951519501123,0.17158951519501123,0.06829013024474644,37.02647265270968,33.80732755738817,0.19267244261183117,6.607327557388168,0.19267244261183117,9.658324616337259,0.0,2.48,0.0,37.026472652709685,0.4513011882263284,0.4307610645478879,-0.020540123678440537,0.2643443560280713,0.2548495519061112,-0.009494804121960113,81920.0,81920.0,8.0
experiment-evaluation-019,redistribute,known,ok,29.735172819182935,0.85,27.2,0.0,12.675864095914685,0.0,0.0,0.85,29.735172819182935,0.0,29.615260366302547,-0.11991245288038972,0.11991245288038972,2.6798571748006594,2.7958188612191233,-0.11596168641846383,0.11596168641846383,0.11953229371270287,36.52206718769043,33.9868943685075,0.013105631492500444,6.786894368507499,0.013105631492500444,9.167341368259617,0.0,2.533333333333333,0.0,36.52206718769043,0.35446369506560466,0.29491053144591683,-0.059553163619687856,0.20493261795959525,0.17530839426570263,-0.029624223693892632,81920.0,81920.0,8.0
experiment-evaluation-020,redistribute,known,ok,36.064646530813086,0.85,27.2,0.0,44.32323265406544,4.554758418745741,0.0,0.85,36.01165307151638,0.0,36.063114978219716,-0.001531552593372491,0.02571629355175749,4.405438462280401,4.554758418745741,-0.14931995646534002,0.4624622323806416,0.022805642981536617,42.86464653081308,34.0,0.0,6.8,0.0,14.757832789911815,0.0,2.56,0.0,42.81165307151637,0.41220974231103064,0.39581457550332116,-0.01639516680770949,0.22087755737537607,0.21267646849673646,-0.00820108887863961,81920.0,81920.0,8.0
experiment-evaluation-021,redistribute,known,ok,32.89306318786408,0.85,27.2,0.0,28.46531593932039,0.0,0.0,0.85,32.89306318786408,0.0,32.93424183686305,0.04117864899897228,0.11041715030325132,3.5375402453053866,3.350683997180628,0.18685624812475896,0.3051490276162688,0.1074372759219339,39.69306318786408,34.0,0.0,6.8,0.0,11.845033825738787,0.0,2.56,0.0,39.69306318786408,0.37919661370951024,0.3626971583914919,-0.016499455318018368,0.20898251061632164,0.20101265651260813,-0.00796985410371348,81920.0,81920.0,8.0
experiment-evaluation-022,redistribute,known,ok,26.051065175918282,0.7725111143383369,25.546903772551186,1.6530962274488135,2.520807016835485,1.6198479148699956,0.0,0.7719011009583147,26.031227398691446,0.003595621141071111,26.526461870830985,0.47539669491270214,0.47539669491270214,2.0608464589778768,1.9726059714988322,0.08824048747904441,0.17909132696668376,0.4771404849839682,32.67287183135249,32.168710427985395,1.8312895720146078,6.621806655434206,0.17819334456579441,7.109475042933991,0.0,2.4266666666666663,0.0,32.65303405412565,0.29709060181887187,0.2651654893767555,-0.03192511244211634,0.1872436189423813,0.16707809636043328,-0.020165522581948026,81920.0,81920.0,8.0
experiment-evaluation-023,redistribute,known,ok,26.258783755120845,0.7880136167301114,25.877623823575714,1.3223761764242905,1.9057996577256737,0.0,0.0,0.7880136167301114,26.258783755120845,0.0,26.282970833755215,0.024187078634368458,0.051419243182374195,2.0321625017055704,2.048601140475217,-0.016438638769646314,0.14321251557726336,0.033469059580661785,32.82817137853007,32.44701144698494,1.5529885530150682,6.569387623409223,0.23061237659077757,6.799585837689821,0.0,2.4266666666666663,0.0,32.828171378530065,0.3685029715832228,0.36262090760598903,-0.005882063977233694,0.24554523221983993,0.24116364748790367,-0.004381584731936228,81920.0,81920.0,8.0
