arena_id,consumption_per_member,external_harm,focal,focal_welfare,initial_budget,investment,other_society_utility,other_society_welfare,public_fraction,shortfall_per_member,terminal_wealth_per_member,trajectory_digest,utility,schedule
experiment-evaluation-000,27.2,0.0,0,0.85,3.8318762721097976,0.0,35.48560223464209,0.85,0.0,0.0,43.419891870319,62f4589478d7499203b2ed88174a5f8dfbce4aec1428c54464b4705b54e57ca0,35.8839783740638,early
experiment-evaluation-000,27.2,0.0,0,0.85,3.8318762721097976,1.9159381360548988,35.49766123576097,0.85,0.5,0.0,43.2925298570147,15b49245c57f62835a304b35087bc3224f15d001c232bba5e42b10261f6afafc,35.85850597140294,early
experiment-evaluation-000,27.2,0.0,0,0.85,3.8318762721097976,3.8318762721097976,35.50972023687985,0.85,1.0,0.0,43.16516784371042,a15ba6b113f6c73c9255fe444f06c681bbf405a588fdd84ece02274f113915f3,35.83303356874208,early
experiment-evaluation-000,27.2,0.0,0,0.85,3.8454922789848585,0.0,35.48428491053733,0.85,0.0,0.0,43.38148066049001,af631ff5b6a136e2178c09f6f4ad928e606e6db4b28361b3d7c6db53aa43d2e1,35.876296132098005,late
experiment-evaluation-000,27.2,0.0,0,0.85,3.8454922789848585,1.9227461394924292,35.49638676153718,0.85,0.5,0.0,43.25366608506585,ac3b5193ec27cf7af4dad6f2b84193b8701af3d64c71b3551608d68cd0d00053,35.85073321701317,late
experiment-evaluation-000,27.2,0.0,0,0.85,3.8454922789848585,3.8454922789848585,35.508488612537036,0.85,1.0,0.0,43.125851509641706,3332812f05717861eff1087882ed7ab3643d338adf950c542b8874dccac11028,35.82517030192834,late
experiment-evaluation-000,27.2,0.0,0,0.85,3.838684275547328,0.0,35.484943572589714,0.85,0.0,0.0,43.40068626540451,a38cde789ca7697c8acf894091c76c94e1e4c16454b40b688e658b92e61afb36,35.8801372530809,split
experiment-evaluation-000,27.2,0.0,0,0.85,3.838684275547328,1.919342137773664,35.49702399864908,0.85,0.5,0.0,43.27309797104028,07bcd4fa241956ff78f1e2c939b77be8b2f30cce427c6ccc2e50405a8f27e7e4,35.85461959420805,split
experiment-evaluation-000,27.2,0.0,0,0.85,3.838684275547328,3.838684275547328,35.50910442470845,0.85,1.0,0.0,43.145509676676056,3dcea95f3415983526a7b979fa5da5988227c549d634cad96b29e436585fbfa0,35.82910193533521,split
experiment-evaluation-000,27.2,0.0,0,0.85,3.755112617723483,0.0,35.45653506697111,0.85,0.0,0.0,43.61295737271055,026c36b17c22bab56b35826c467f585a729fd8013cb01f975e30e62165c618ac,35.92259147454211,redistribute
experiment-evaluation-000,27.2,0.0,0,0.85,3.755112617723483,1.8775563088617415,35.468352491136976,0.85,0.5,0.0,43.48814679188398,e921bf41df9242757b58d54715adba8be76f7b84bf5f8fdd5f0306dbc8d41904,35.8976293583768,redistribute
experiment-evaluation-000,27.2,0.0,0,0.85,3.755112617723483,3.755112617723483,35.480169915302845,0.85,1.0,0.0,43.3633362110574,1a0ed837789647df23bee4ab08ee04f31b78d114d45d7eeec05dfa79c19ffd48,35.87266724221148,redistribute
experiment-evaluation-000,27.2,0.0,1,0.85,3.9083880747673403,0.0,35.6806036289585,0.85,0.0,0.0,41.48627690801886,74d0e8d2a786432bb88d8a05e41a6a6115c928907bdafb0945e4efba62d6092d,35.49725538160377,early
experiment-evaluation-000,27.2,0.0,1,0.85,3.9083880747673403,1.9541940373836701,35.692903414447315,0.85,0.5,0.0,41.356371833160374,79f758da39039597221dd5df5627afc491e01abe542616e7fdec9e3616b4e9aa,35.47127436663207,early
experiment-evaluation-000,27.2,0.0,1,0.85,3.9083880747673403,3.9083880747673403,35.705203199936136,0.85,1.0,0.0,41.22646675830192,fd86dbc6e32d27d235b66e6452669827968ddc3e1e3a9b45b1edd299debb1696,35.44529335166038,early
experiment-evaluation-000,27.2,0.0,1,0.85,3.9242917303259772,0.0,35.67906497897005,0.85,0.0,0.0,41.441412164903205,7177207f6c127760f09e09a65ff57cedc7b1d415502953fff6049018c46cfff2,35.48828243298064,late
experiment-evaluation-000,27.2,0.0,1,0.85,3.9242917303259772,1.9621458651629886,35.691414813621876,0.85,0.5,0.0,41.31097849218639,87e0718ccb007ee077fa8a01360321bd41f2f44bfa541592e8d78f1637287d6c,35.46219569843728,late
experiment-evaluation-000,27.2,0.0,1,0.85,3.9242917303259772,3.9242917303259772,35.703764648273705,0.85,1.0,0.0,41.18054481946959,14bed064ef03deb53963368a430e7d7af1a0da04b7010f0650a4657539a0318a,35.436108963893915,late
experiment-evaluation-000,27.2,0.0,1,0.85,3.9163399025466585,0.0,35.67983430396427,0.85,0.0,0.0,41.463844536461025,f66e337f95cd7d55fd69533afdec7d10e0c20c749d2cde6e893f8b04ab8a3b3d,35.4927689072922,split
experiment-evaluation-000,27.2,0.0,1,0.85,3.9163399025466585,1.9581699512733293,35.692159114034595,0.85,0.5,0.0,41.33367516267338,a8b8276b3fd394d898381df6d14d262c8937a03b2f890f49972e1bce729c99ec,35.46673503253467,split
experiment-evaluation-000,27.2,0.0,1,0.85,3.9163399025466585,3.9163399025466585,35.70448392410492,0.85,1.0,0.0,41.20350578888575,f91add1712eb1a6c4dbb58b95c19fa67e79ac656be53b544e7235a852620873d,35.44070115777715,split
experiment-evaluation-000,27.2,0.0,1,0.85,3.8187272270618204,0.0,35.646652836560534,0.85,0.0,0.0,41.71177967681625,026c36b17c22bab56b35826c467f585a729fd8013cb01f975e30e62165c618ac,35.54235593536325,redistribute
experiment-evaluation-000,27.2,0.0,1,0.85,3.8187272270618204,1.9093636135309102,35.65867045733786,0.85,0.5,0.0,41.58485470498498,6a3fde173c9ce69cdff26aff052ac7765741ca1811adcb1b2ca7f50527e13a35,35.516970940997,redistribute
experiment-evaluation-000,27.2,0.0,1,0.85,3.8187272270618204,3.8187272270618204,35.67068807811519,0.85,1.0,0.0,41.45792973315371,35089aecaaf73fee3270ad1d584abd1b3bf425c312637ab52a3c5b85a4ae0b1a,35.49158594663074,redistribute
experiment-evaluation-000,27.2,0.0,2,0.85,4.117172822865703,0.0,35.764133254328044,0.85,0.0,0.0,40.64328676861703,9caa141b94ebe6ca3daefef786cd844a659dfce5fbf4d000ebcb2fa2ae993abc,35.32865735372341,early
experiment-evaluation-000,27.2,0.0,2,0.85,4.117172822865703,2.0585864114328514,35.77709009013168,0.85,0.5,0.0,40.50644220929278,dec06eef966d522a4599f90aa43a6824694684e541d00a24997f7cca49429f42,35.30128844185855,early
experiment-evaluation-000,27.2,0.0,2,0.85,4.117172822865703,4.117172822865703,35.790046925935314,0.85,1.0,0.0,40.369597649968554,4d60eafb397571a412e36b463c50ee5bde452b8adc34c248ebd1dd8f3a9aad22,35.27391952999371,early
experiment-evaluation-000,27.2,0.0,2,0.85,4.132003185659758,0.0,35.76269844347857,0.85,0.0,0.0,40.60144982021141,41326b526aa1f2cbf1286735163ea5edc426aefdac2ffe2dab4b5453aa251499,35.32028996404228,late
experiment-evaluation-000,27.2,0.0,2,0.85,4.132003185659758,2.066001592829879,35.775701950768656,0.85,0.5,0.0,40.464112336604316,1f274cf5ebcf18eb4c570a46dda1cdf15cfd3001049553d6c0cc75f2347ab349,35.29282246732086,late
experiment-evaluation-000,27.2,0.0,2,0.85,4.132003185659758,4.132003185659758,35.78870545805874,0.85,1.0,0.0,40.32677485299721,858095f43f8a14ce2d720e0ffad1026073c26dc41d74ca346dabf93b0ba1cce8,35.26535497059944,late
experiment-evaluation-000,27.2,0.0,2,0.85,4.124588004262731,0.0,35.76341584890331,0.85,0.0,0.0,40.62236829441423,5b890ecdac272556bc2a469113fb666e343dce5651207f262b3325cba0f487e7,35.324473658882845,split
experiment-evaluation-000,27.2,0.0,2,0.85,4.124588004262731,2.0622940021313654,35.776396020450164,0.85,0.5,0.0,40.48527727294856,cfa59ecec6f03d1d456ea7b6ecb25888a202c2a3c26c0664a4e0690f6bfdf58c,35.29705545458971,split
experiment-evaluation-000,27.2,0.0,2,0.85,4.124588004262731,4.124588004262731,35.78937619199703,0.85,1.0,0.0,40.348186251482886,9c2b925f8e51b5174340bcb4e6be531fb318e3c4fa5c7a1aab58736637e9ba83,35.269637250296576,split
experiment-evaluation-000,27.2,0.0,2,0.85,4.033562932360163,0.0,35.73247370495268,0.85,0.0,0.0,40.85357099289484,026c36b17c22bab56b35826c467f585a729fd8013cb01f975e30e62165c618ac,35.370714198578966,redistribute
experiment-evaluation-000,27.2,0.0,2,0.85,4.033562932360163,2.0167814661800816,35.74516741854371,0.85,0.5,0.0,40.71950541786725,bc7d2c67fbe72eb31fab7a0c56f50df47dbeaa38dc92197bf44ce4a2ab1f2b2e,35.34390108357345,redistribute
experiment-evaluation-000,27.2,0.0,2,0.85,4.033562932360163,4.033562932360163,35.757861132134735,0.85,1.0,0.0,40.58543984283969,09b9597d0473071219fed19dd86acdccc30b598322a5fc4619e490a683c76513,35.31708796856794,redistribute
experiment-evaluation-001,27.2,0.0,0,0.85,4.79699796862431,0.0,36.09839891204531,0.85,0.0,0.0,43.44070949146907,b4e3a5248399a3e56d06e89200035fa0c019b540e6ab6a8c6431d238e27cb3aa,35.88814189829381,early
experiment-evaluation-001,27.2,0.0,0,0.85,4.79699796862431,2.398498984312155,36.11880880628922,0.85,0.5,0.0,43.270530375065704,0d1adb7ba771c40365d340d3aa5c3b2d830243f050978fd5cf8bf02d994f949f,35.85410607501314,early
experiment-evaluation-001,27.2,0.0,0,0.85,4.79699796862431,4.79699796862431,36.13921870053312,0.85,1.0,0.0,43.10035125866234,128d61952f4d18db33312a5229195d89a2df8d7baf1efcc16d519bba5ef90b04,35.82007025173247,early
experiment-evaluation-001,27.2,0.0,0,0.85,4.8110800132601605,0.0,36.09651089240515,0.85,0.0,0.0,43.40098357356288,bcc6d8cc475e89b242327ccd7e88274c9363de8636268097d81d1a9aa70a753f,35.880196714712575,late
experiment-evaluation-001,27.2,0.0,0,0.85,4.8110800132601605,2.4055400066300803,36.11698070183844,0.85,0.5,0.0,43.2303048801472,1e35fb73fa521f29b5253f904b6a3e46558c71dbbf3aece1d47d8dbef307c9cb,35.84606097602944,late
experiment-evaluation-001,27.2,0.0,0,0.85,4.8110800132601605,4.8110800132601605,36.13745051127172,0.85,1.0,0.0,43.05962618673152,c924b4b386b991f5aae5b32fb186452473f4a5239ebf72e2f2facd4fd9ff4cfd,35.8119252373463,late
experiment-evaluation-001,27.2,0.0,0,0.85,4.804038990942235,0.0,36.09745490222524,0.85,0.0,0.0,43.42084653251597,39aed34f5cf68c92d52585aafeb60c8b21eb90dd4891230b7e9cf4158c71f4e5,35.884169306503196,split
experiment-evaluation-001,27.2,0.0,0,0.85,4.804038990942235,2.4020194954711176,36.117894754063826,0.85,0.5,0.0,43.250417627606446,ee4ffa454816c091f8fcd1fbf172b0a113b1f1e12be86f61ecbc49e8f5a50eb2,35.850083525521285,split
experiment-evaluation-001,27.2,0.0,0,0.85,4.804038990942235,4.804038990942235,36.13833460590242,0.85,1.0,0.0,43.079988722696925,cd4f29d132a7c617b4b48f95784f0fc6fe4096811374acd814512a773b6b4206,35.81599774453939,split
experiment-evaluation-001,27.2,0.0,0,0.85,4.717606909454161,0.0,36.05673916920103,0.85,0.0,0.0,43.66729586976764,b0b35de48ea2b54108e5fad603fe3d75c9f0a57c49b049ce7da62967c42d0891,35.93345917395353,redistribute
experiment-evaluation-001,27.2,0.0,0,0.85,4.717606909454161,2.3588034547270804,36.076811276534826,0.85,0.5,0.0,43.49993324409207,bdd4a37831e544be8513df0d5cae2a50e5db9ff2b389d9d3a6d1fd43bace8700,35.89998664881841,redistribute
experiment-evaluation-001,27.2,0.0,0,0.85,4.717606909454161,4.717606909454161,36.09688338386864,0.85,1.0,0.0,43.3325706184165,2bcea1d4243ea7864eeaf5ed071911812bc848511bfde9bff8beee1c1eb81452,35.8665141236833,redistribute
experiment-evaluation-001,27.2,0.0,1,0.85,5.04976812959996,0.0,36.134011845613244,0.85,0.0,0.0,43.09631634399364,4531070fc2dde1b9070d52e7bab6e2e4e676c388952130b28b2d8d5ea2cdc13d,35.81926326879873,early
experiment-evaluation-001,27.2,0.0,1,0.85,5.04976812959996,2.52488406479998,36.155497206698556,0.85,0.5,0.0,42.917169910337,f2d8bc8311b507780fc8f6e55a92920df228fe7e285bc960f351c1fcf0246051,35.7834339820674,early
experiment-evaluation-001,27.2,0.0,1,0.85,5.04976812959996,5.04976812959996,36.17698256778385,0.85,1.0,0.0,42.73802347668037,634beb8d6f51808a5c7bd42a8981ba73d294bd274c61f42f90c7a00f7cf55730,35.74760469533607,early
experiment-evaluation-001,27.2,0.0,1,0.85,5.064719963261328,0.0,36.132007210893,0.85,0.0,0.0,43.05413672221726,bd2414bd747b001de9f3612296a18ae1fcdbb35c6bea4b7eaae9025faa4392f7,35.81082734444345,late
experiment-evaluation-001,27.2,0.0,1,0.85,5.064719963261328,2.532359981630664,36.15355618787845,0.85,0.5,0.0,42.874459854764794,eec0c2a3bf3196d52cd858d9b89cfd8287f13e4fd0164ca63f942b2227a0cf40,35.77489197095296,late
experiment-evaluation-001,27.2,0.0,1,0.85,5.064719963261328,5.064719963261328,36.17510516486391,0.85,1.0,0.0,42.69478298731231,9306dfe0ec89d0844aa05e75e8221953a4e409abf1e8a6424c05f33791fbc334,35.73895659746246,late
experiment-evaluation-001,27.2,0.0,1,0.85,5.057244046430644,0.0,36.133009528253126,0.85,0.0,0.0,43.07522653310545,aeca86aede32ab4a751199a14893b8a3665f63b8ea40b76c500ff6313357dc46,35.81504530662109,split
experiment-evaluation-001,27.2,0.0,1,0.85,5.057244046430644,2.528622023215322,36.1545266972885,0.85,0.5,0.0,42.89581488255089,e10a4141852ad7c6795f1d4fea29d455633b46b0743eb485a83bf422c8a18082,35.77916297651018,split
experiment-evaluation-001,27.2,0.0,1,0.85,5.057244046430644,5.057244046430644,36.17604386632388,0.85,1.0,0.0,42.71640323199633,2f7f3fbfed7d5d7724293381fbc734e854a21e8bbac72628932138c1bc8fe640,35.74328064639926,split
experiment-evaluation-001,27.2,0.0,1,0.85,4.965473416608509,0.0,36.08977895461692,0.85,0.0,0.0,43.336898015608796,b0b35de48ea2b54108e5fad603fe3d75c9f0a57c49b049ce7da62967c42d0891,35.86737960312176,redistribute
experiment-evaluation-001,27.2,0.0,1,0.85,4.965473416608509,2.4827367083042544,36.11090566510684,0.85,0.5,0.0,43.16074203553753,e1b4c0bc010d772a8f7d5dc310876111062706ae7dae53f6e7bc62a5a01c7c25,35.8321484071075,redistribute
experiment-evaluation-001,27.2,0.0,1,0.85,4.965473416608509,4.965473416608509,36.132032375596765,0.85,1.0,0.0,42.98458605546627,4176c802c39f3e176198a34631ec5c81b0fe7c94ae409fcd7dcc08fa7b83a3c6,35.79691721109325,redistribute
experiment-evaluation-001,27.2,0.0,2,0.85,4.179252715552119,0.0,35.940718818143864,0.85,0.0,0.0,45.01130601035895,9f5e4db8356dc957bbd2bece31c00a15f63788726a55235b1fd488e108e7ce01,36.20226120207179,early
experiment-evaluation-001,27.2,0.0,2,0.85,4.179252715552119,2.0896263577760594,35.95850037788203,0.85,0.5,0.0,44.86304212969631,31bb090fdee34099132ca78c9a5c461298721411591bae4712c75d12e40609e0,36.17260842593926,early
experiment-evaluation-001,27.2,0.0,2,0.85,4.179252715552119,4.179252715552119,35.9762819376202,0.85,1.0,0.0,44.714778249033685,19902eeaf0c2b56600c629235741eec250bb67157068072853a914f1d6821215,36.14295564980674,early
experiment-evaluation-001,27.2,0.0,2,0.85,4.192874939977154,0.0,35.93889244790273,0.85,0.0,0.0,44.97287726061399,d1c265bcb0cd32f4de27184ed133699f5a2176e33d16335becb1495fc9fa01f7,36.1945754521228,late
experiment-evaluation-001,27.2,0.0,2,0.85,4.192874939977154,2.096437469988577,35.95673196642298,0.85,0.5,0.0,44.824130115599075,d5b84f268c32c337c3ea5311190ef28de62073a2f431d79ffa6c03b8c836148e,36.164826023119815,late
experiment-evaluation-001,27.2,0.0,2,0.85,4.192874939977154,4.192874939977154,35.97457148494322,0.85,1.0,0.0,44.675382970584195,c1725d3106695d382d67959bc458c8c4bb6df4d33cb3e17efb4e6e6776284d50,36.13507659411684,late
experiment-evaluation-001,27.2,0.0,2,0.85,4.186063827764636,0.0,35.9398056330233,0.85,0.0,0.0,44.992091635486474,eb3e091e8769d40a513f7039b499b7863f75a9ae0c7f3f7d3abb503b9dcc5459,36.19841832709729,split
experiment-evaluation-001,27.2,0.0,2,0.85,4.186063827764636,2.093031913882318,35.957616172152505,0.85,0.5,0.0,44.84358612264771,3a6b335b96ac2507dde9544df7c11ef60ab92181c30bdc784a71d81ab6f3b0d3,36.168717224529544,split
experiment-evaluation-001,27.2,0.0,2,0.85,4.186063827764636,4.186063827764636,35.97542671128171,0.85,1.0,0.0,44.695080609808926,a2169d3b0dcd6c88deaf4284c8f867db83aa264dbfc50ce4d1c8792166b2c3b7,36.13901612196179,split
experiment-evaluation-001,27.2,0.0,2,0.85,4.102454008168131,0.0,35.90041938853764,0.85,0.0,0.0,45.2304936764015,b0b35de48ea2b54108e5fad603fe3d75c9f0a57c49b049ce7da62967c42d0891,36.2460987352803,redistribute
experiment-evaluation-001,27.2,0.0,2,0.85,4.102454008168131,2.0512270040840654,35.917874191102676,0.85,0.5,0.0,45.084954319753464,3a505c1900b232ff4fb43cba826c83a55505815e55c62a100a53aa1c13d7fd52,36.21699086395069,redistribute
experiment-evaluation-001,27.2,0.0,2,0.85,4.102454008168131,4.102454008168131,35.9353289936677,0.85,1.0,0.0,44.93941496310543,4a6cd18720f85dda144ecd85674e21b12c956295d3d76e38ef2ab3f263e6b6d9,36.187882992621084,redistribute
experiment-evaluation-002,27.2,0.0,0,0.85,4.49560346756264,0.0,33.60765086005385,0.85,0.0,0.0,34.87309416959618,a40dd74d35aa0a8800a8d8cdd3f86158e627601f3ad32ef3c907513c7eb02231,34.17461883391923,early
experiment-evaluation-002,27.2,0.0,0,0.85,4.49560346756264,2.24780173378132,33.61071558573819,0.85,0.5,0.0,35.03326241525365,3b067106bdb20c19c3dd3012d1c45ceb34f2bf0a384ea0d5b74265f3c2a6a205,34.20665248305073,early
experiment-evaluation-002,27.2,0.0,0,0.85,4.49560346756264,4.49560346756264,33.613780311422545,0.85,1.0,0.0,35.19343066091116,131ab72d4df1ec4c142a60dabfc71735f309f7a3e4507309c01b418e1758a249,34.23868613218223,early
experiment-evaluation-002,27.2,0.0,0,0.85,4.521268443645682,0.0,33.60734358159422,0.85,0.0,0.0,34.80069241549695,a8f85f0371ad3333ae5901af4a262df8faadb0873da21edba5dfe997c4961beb,34.16013848309939,late
experiment-evaluation-002,27.2,0.0,0,0.85,4.521268443645682,2.260634221822841,33.61042580350838,0.85,0.5,0.0,34.9617750465587,a2e6c66b327b7e06a7cba49d338a45c3aabce783989d825ff27ea38048d75721,34.19235500931174,late
experiment-evaluation-002,27.2,0.0,0,0.85,4.521268443645682,4.521268443645682,33.61350802542253,0.85,1.0,0.0,35.122857677620445,84c06abe7c04ecf44f6fbd4f52fa427906473d53eadaca614870030e852b2ef4,34.22457153552409,late
experiment-evaluation-002,27.2,0.0,0,0.85,4.5084359556041615,0.0,33.607497220824044,0.85,0.0,0.0,34.836893292546556,e57eeace39b963e5299ca56a3e387d2c7e107fff785f1232c377a673f21cb35c,34.16737865850931,split
experiment-evaluation-002,27.2,0.0,0,0.85,4.5084359556041615,2.2542179778020808,33.61057069462329,0.85,0.5,0.0,34.997518730906165,3a8b2c34f28638c07815133e387895983a86df17fae3763c39c2ca2cbcab4188,34.199503746181236,split
experiment-evaluation-002,27.2,0.0,0,0.85,4.5084359556041615,4.5084359556041615,33.61364416842254,0.85,1.0,0.0,35.158144169265796,bc4232ea24fb8f7179c141488dfff31cfc412166cdedf7a9a728bc284252b387,34.23162883385316,split
experiment-evaluation-002,27.2,0.0,0,0.85,4.3509107267356555,0.0,33.600870664902715,0.85,0.0,0.0,34.39606913182201,e5c7ac8eff20842c1e1fea2f4c4e83115c04059a7708fcaac9f1d78cd64c9534,34.0792138263644,redistribute
experiment-evaluation-002,27.2,0.0,0,0.85,4.3509107267356555,2.1754553633678277,33.60383675120252,0.85,0.5,0.0,34.55108230038589,ef2082db828623625429cc56a8b2d1b6449ab7a21a7166b4a57b6a5099b43c47,34.110216460077176,redistribute
experiment-evaluation-002,27.2,0.0,0,0.85,4.3509107267356555,4.3509107267356555,33.60680283750234,0.85,1.0,0.0,34.706095468949755,d956b21f17616d189d4d639738fe35de3cf59b6d5adfd8656a3bc86ab215228e,34.14121909378995,redistribute
experiment-evaluation-002,27.2,0.0,1,0.85,3.456288873889506,0.0,33.92646783876907,0.85,0.0,0.0,31.622150982382497,20b40467328298f4f62fb07b70896de129c0f323bad0ed03e5c6379ffc669e74,33.5244301964765,early
experiment-evaluation-002,27.2,0.0,1,0.85,3.456288873889506,1.728144436944753,33.92882404686455,0.85,0.5,0.0,31.745290785394644,28ebc0c88c342a5ab72d18bf2270a70bc3d4af439f8acc0c5bd33bd94fb64f65,33.54905815707893,early
experiment-evaluation-002,27.2,0.0,1,0.85,3.456288873889506,3.456288873889506,33.931180254960026,0.85,1.0,0.0,31.86843058840679,a982de37c8fb5baa69bc756a3e6d293bf39412a36bfe7ae980888890fa07de50,33.57368611768136,early
experiment-evaluation-002,27.2,0.0,1,0.85,3.478996805180509,0.0,33.92619596405056,0.85,0.0,0.0,31.55809115033304,583d8a3313a710868d3104d88c6a83a679d4954e3971e81ebcdb29217e57c485,33.51161823006661,late
experiment-evaluation-002,27.2,0.0,1,0.85,3.478996805180509,1.7394984025902545,33.92856765251052,0.85,0.5,0.0,31.682039985890786,570bf5b85729663b3dc143c20a7d209c9dd313846828e51852011f9c64da88b5,33.53640799717816,late
experiment-evaluation-002,27.2,0.0,1,0.85,3.478996805180509,3.478996805180509,33.93093934097048,0.85,1.0,0.0,31.805988821448555,fa9dd55a4b759e8bb5b6d092d7150286db65163a9bcaf7e71358f132e7113a8a,33.56119776428971,late
experiment-evaluation-002,27.2,0.0,1,0.85,3.4676428395350074,0.0,33.92633190140981,0.85,0.0,0.0,31.59012106635777,a0f22eabc1219eb54fac8106ec769ba8f0cd86415c4179e20e91aea34875f6f2,33.51802421327155,split
experiment-evaluation-002,27.2,0.0,1,0.85,3.4676428395350074,1.7338214197675037,33.92869584968753,0.85,0.5,0.0,31.71366538564273,5a735091e11793cbb490fba254a1f36109de40868e41d2ecc6bc093b7609073a,33.542733077128545,split
experiment-evaluation-002,27.2,0.0,1,0.85,3.4676428395350074,3.4676428395350074,33.931059797965254,0.85,1.0,0.0,31.837209704927666,c3d8f6ab631115f9077b9bc77d8a119e455f1025c4f9bf57c8f8fa359b9be722,33.56744194098553,split
experiment-evaluation-002,27.2,0.0,1,0.85,3.3282672148637986,0.0,33.920468838219314,0.85,0.0,0.0,31.200087398656002,e5c7ac8eff20842c1e1fea2f4c4e83115c04059a7708fcaac9f1d78cd64c9534,33.440017479731196,redistribute
experiment-evaluation-002,27.2,0.0,1,0.85,3.3282672148637986,1.6641336074318993,33.92273777187669,0.85,0.5,0.0,31.31866607774334,921564d2e8c859c5c65ebd03521cb76904567baa71a2a4b1c03fa0c55da0c05e,33.46373321554867,redistribute
experiment-evaluation-002,27.2,0.0,1,0.85,3.3282672148637986,3.3282672148637986,33.92500670553406,0.85,1.0,0.0,31.437244756830697,e039f13e9f591a2af502a5cd2f1618d3e47256f0a2535c1526937405b363a898,33.48744895136614,redistribute
experiment-evaluation-002,27.2,0.0,2,0.85,4.107891477759985,0.0,33.765471144648586,0.85,0.0,0.0,33.220586168695064,d36fea718d9724acfc1cf3bc2c8447f87ea0c72fec0bceb542739d2fb26aa98f,33.84411723373901,early
experiment-evaluation-002,27.2,0.0,2,0.85,4.107891477759985,2.0539457388799924,33.76827156079098,0.85,0.5,0.0,33.36694110771303,fc454ab3cda490815940990599325c4ef03d86ac3602c33b155dfd4e8c5cbe1f,33.873388221542605,early
experiment-evaluation-002,27.2,0.0,2,0.85,4.107891477759985,4.107891477759985,33.771071976933385,0.85,1.0,0.0,33.51329604673103,e757d9bf1cfcbaf21c06d4ef0ef93a1cb1102fe7c499166ec3fd06af8d1dafde,33.902659209346204,early
experiment-evaluation-002,27.2,0.0,2,0.85,4.130056186671539,0.0,33.76520577375596,0.85,0.0,0.0,33.15805878510808,dc582db1cd8ca13b7ff2b1247dade71c0e5cfa5a278282a4e961d4e615570122,33.83161175702162,late
experiment-evaluation-002,27.2,0.0,2,0.85,4.130056186671539,2.0650280933357696,33.76802129993935,0.85,0.5,0.0,33.30520340287943,b716c3975510baa0fb4d306fd2bd56c20fb7be7834a08be2694134ad3c20d19a,33.86104068057588,late
experiment-evaluation-002,27.2,0.0,2,0.85,4.130056186671539,4.130056186671539,33.770836826122746,0.85,1.0,0.0,33.45234802065077,7609447e1d8557d1a915b4e66904a2d5af94a274f16b4226830016b39e9c247d,33.89046960413015,late
experiment-evaluation-002,27.2,0.0,2,0.85,4.118973832215762,0.0,33.76533845920227,0.85,0.0,0.0,33.18932247690156,903d8425c8bee45c8bc6e7df39fe36fbb4c22ffcaa8970bd5d11d93a7790affa,33.83786449538031,split
experiment-evaluation-002,27.2,0.0,2,0.85,4.118973832215762,2.059486916107881,33.768146430365164,0.85,0.5,0.0,33.33607225529623,3a0f92eaeff72c0d9f90a09b85e7ca3ab810b442165f491c8b81aa343af553e2,33.86721445105925,split
experiment-evaluation-002,27.2,0.0,2,0.85,4.118973832215762,4.118973832215762,33.770954401528066,0.85,1.0,0.0,33.482822033690894,78f5df74ecf32920c187f5de5af91faf57db742d0eec91e4416bd0a9a4eb03fb,33.89656440673818,split
experiment-evaluation-002,27.2,0.0,2,0.85,3.9829323711678626,0.0,33.7596156530478,0.85,0.0,0.0,32.808619250371144,e5c7ac8eff20842c1e1fea2f4c4e83115c04059a7708fcaac9f1d78cd64c9534,33.761723850074226,redistribute
experiment-evaluation-002,27.2,0.0,2,0.85,3.9829323711678626,1.9914661855839313,33.76233088254369,0.85,0.5,0.0,32.95052217732308,daf6102c58f047c56d563ac5f6c5bd6e134b90983719c6024132c3a5de847f5a,33.79010443546461,redistribute
experiment-evaluation-002,27.2,0.0,2,0.85,3.9829323711678626,3.9829323711678626,33.76504611203957,0.85,1.0,0.0,33.092425104275016,e7f925a629cd6ccb4e4efae03ea66eb96bfb16481da1e2b902b858931331128d,33.818485020855,redistribute
experiment-evaluation-003,27.2,0.0,0,0.85,3.65540093434839,0.0,34.64684371135211,0.85,0.0,0.0,38.16325982423894,c03f99fbf9e5f7baff51450505a898c5016951a2d2ab9dc8376c9137d823f418,34.832651964847784,early
experiment-evaluation-003,27.2,0.0,0,0.85,3.65540093434839,1.827700467174195,34.652881671780236,0.85,0.5,0.0,38.07721491438867,fbca27e346e1de565f200f18737021e3a5d7e9721f3a7dbf14cff7871ec2227d,34.815442982877734,early
experiment-evaluation-003,27.2,0.0,0,0.85,3.65540093434839,3.65540093434839,34.65891963220836,0.85,1.0,0.0,37.99117000453838,9b43f86dac7cdb0ca9113caba1f4483179a425e5ce31ccdc3f976f009de6ec0f,34.79823400090768,early
experiment-evaluation-003,27.2,0.0,0,0.85,3.670493090673414,0.0,34.64615057907201,0.85,0.0,0.0,38.120684347545115,1e1df88157474828474cf3845c640d4f542cdd895b52727720920c358fbc4361,34.82413686950902,late
experiment-evaluation-003,27.2,0.0,0,0.85,3.670493090673414,1.835246545336707,34.652213468596635,0.85,0.5,0.0,38.03428418166306,069dfb3952b63f1dfcbcc983c8156cf9973bc9edac104dc39d01fc35a14dc939,34.806856836332614,late
experiment-evaluation-003,27.2,0.0,0,0.85,3.670493090673414,3.670493090673414,34.65827635812126,0.85,1.0,0.0,37.94788401578103,dabf0445a8cc591ed7a92650d3f067f5af938e6fdc2853603ad4e32f12e1389a,34.78957680315621,late
experiment-evaluation-003,27.2,0.0,0,0.85,3.6629470125109016,0.0,34.64649714521206,0.85,0.0,0.0,38.14197208589203,78a43a3d492e9fd5daab6675481fe9d040e47c5d1a8a691efd04d0383ea05d18,34.8283944171784,split
experiment-evaluation-003,27.2,0.0,0,0.85,3.6629470125109016,1.8314735062554508,34.65254757018843,0.85,0.5,0.0,38.055749548025865,b162ccefdb2bf92262555bdc7f2407f3af76083db9d81b478a1b0d88f92a2591,34.81114990960517,split
experiment-evaluation-003,27.2,0.0,0,0.85,3.6629470125109016,3.6629470125109016,34.65859799516481,0.85,1.0,0.0,37.969527010159695,0bfe80a73ec9e1a9f4355c8aababe51592fc36a33fcf3e78983a24542f9e7011,34.79390540203194,split
experiment-evaluation-003,27.2,0.0,0,0.85,3.57031511714009,0.0,34.63154953117932,0.85,0.0,0.0,38.26700192192681,513697829fe526b89c6df7e709b894cce78a462d496c9576113663bdd22a9667,34.85340038438536,redistribute
experiment-evaluation-003,27.2,0.0,0,0.85,3.57031511714009,1.785157558570045,34.637446947572315,0.85,0.5,0.0,38.18295985707292,3966f22b130145aab0c927c6c6876cfbc11fc49fbe99e10181b65ec7235fc53a,34.836591971414585,redistribute
experiment-evaluation-003,27.2,0.0,0,0.85,3.57031511714009,3.57031511714009,34.64334436396532,0.85,1.0,0.0,38.09891779221906,0fcdc6e6337075e8b1718fa1cacd4b8ca590bc2bff64e31f5858794ab63bd443,34.81978355844381,redistribute
experiment-evaluation-003,27.2,0.0,1,0.85,3.676216375379595,0.0,34.741841318068296,0.85,0.0,0.0,37.211307431595806,3a160d0e594d9ae318d284f2298bbb32e44d4c2233f31b2d7aa157c52ae47cb8,34.64226148631916,early
experiment-evaluation-003,27.2,0.0,1,0.85,3.676216375379595,1.8381081876897976,34.747913661266324,0.85,0.5,0.0,37.12477254464612,3fa2f59c7afe86a7b2d4703a843caeeab3fdc27fcdbff46b639bbe3f170db10a,34.62495450892922,early
experiment-evaluation-003,27.2,0.0,1,0.85,3.676216375379595,3.676216375379595,34.75398600446435,0.85,1.0,0.0,37.03823765769641,b204f4b23d19b366430d8531788db78e4d6e7870b0d396b4dd7c70caf6908574,34.607647531539286,early
experiment-evaluation-003,27.2,0.0,1,0.85,3.690702287953875,0.0,34.741176028536714,0.85,0.0,0.0,37.170442188756226,87cb61ebbe23d0d87f42693eb98246abc9cb744b9b7909f99c65613f4fb13d77,34.634088437751245,late
experiment-evaluation-003,27.2,0.0,1,0.85,3.690702287953875,1.8453511439769374,34.74727229944293,0.85,0.5,0.0,37.08356631621727,d87237e7426dd52e8ea011ff0d7ac50a261fc8b613238dee9c028a2f8a75b5a4,34.616713263243454,late
experiment-evaluation-003,27.2,0.0,1,0.85,3.690702287953875,3.690702287953875,34.75336857034915,0.85,1.0,0.0,36.99669044367831,b6b2de5fbf12afda230a325bdb5027a554989c782e833722ce70c5ff3589179b,34.599338088735664,late
experiment-evaluation-003,27.2,0.0,1,0.85,3.683459331666735,0.0,34.741508673302505,0.85,0.0,0.0,37.19087481017603,c59fe10503daf63985826a087208fe06d09493f0561f2155150092a514f840fe,34.63817496203521,split
experiment-evaluation-003,27.2,0.0,1,0.85,3.683459331666735,1.8417296658333675,34.747592980354625,0.85,0.5,0.0,37.10416943043171,a47d3c46c3a55c46531ed18ecbe5b1a683002cf4daac6a136c9ca27c7faf3334,34.620833886086345,split
experiment-evaluation-003,27.2,0.0,1,0.85,3.683459331666735,3.683459331666735,34.75367728740676,0.85,1.0,0.0,37.017464050687366,1ef6244c39af740c0b01f1f1498c43915e5b3a36a8e891fb8aaf49ce854c9ee4,34.603492810137475,split
experiment-evaluation-003,27.2,0.0,1,0.85,3.594548409394715,0.0,34.72716149683486,0.85,0.0,0.0,37.31088226537136,513697829fe526b89c6df7e709b894cce78a462d496c9576113663bdd22a9667,34.662176453074274,redistribute
experiment-evaluation-003,27.2,0.0,1,0.85,3.594548409394715,1.7972742046973575,34.73309894157559,0.85,0.5,0.0,37.22626977021863,30b717c2e38f80eb25f55dae968bff2a98acd4810fdc380e51c500d5700010ef,34.645253954043724,redistribute
experiment-evaluation-003,27.2,0.0,1,0.85,3.594548409394715,3.594548409394715,34.739036386316315,0.85,1.0,0.0,37.14165727506589,47c32eed7e6784ba877ce800b45c1e0fcdefbf8ff0f944c05ef00a29ec4113f4,34.628331455013175,redistribute
experiment-evaluation-003,27.2,0.0,2,0.85,4.496896893877773,0.0,34.775435712344596,0.85,0.0,0.0,36.884909522765994,315cc8958ee690a69d9524df4fe7249201748a97b4cb2908861e8cb2f833b500,34.5769819045532,early
experiment-evaluation-003,27.2,0.0,2,0.85,4.496896893877773,2.2484484469388866,34.7828636487002,0.85,0.5,0.0,36.77905654116722,45452f1e72d9ed18c238ffdf32e3ff8956988cb691e8557b873fa7cbe3e22f80,34.555811308233444,early
experiment-evaluation-003,27.2,0.0,2,0.85,4.496896893877773,4.496896893877773,34.79029158505582,0.85,1.0,0.0,36.673203559568435,ae6c23decd5b5d7458e396d55b0f26ba8e92f30cfb19a5a71dff06e2ef017f31,34.53464071191369,early
experiment-evaluation-003,27.2,0.0,2,0.85,4.5143110809043865,0.0,34.774635936957964,0.85,0.0,0.0,36.83578351996517,583fc24a8628edccbeaf5b4d997049fda62ca4c8af29f7a19b62c9e8d672df57,34.567156703993035,late
experiment-evaluation-003,27.2,0.0,2,0.85,4.5143110809043865,2.2571555404521932,34.782092637920805,0.85,0.5,0.0,36.72952062378255,861e4ff26ce002e062fbdba01d85b1debc9d23330f17c87811eaf906f911e3ba,34.54590412475651,late
experiment-evaluation-003,27.2,0.0,2,0.85,4.5143110809043865,4.5143110809043865,34.789549338883646,0.85,1.0,0.0,36.62325772759991,880a3458c754af71807299d45e4ea42175cf92a2a16a0b366c7624b0c1fce6cb,34.52465154551998,late
experiment-evaluation-003,27.2,0.0,2,0.85,4.505603987391079,0.0,34.77503582465128,0.85,0.0,0.0,36.860346521365585,371f66932e0679f18d7d541691d27ac4303817f1b1265a1ebb2e0c25c78e2cdf,34.572069304273114,split
experiment-evaluation-003,27.2,0.0,2,0.85,4.505603987391079,2.2528019936955395,34.782478143310506,0.85,0.5,0.0,36.754288582474885,8f3785d68018d3dcd8a141f368f2985653fbac0a09ee9f4cbe94813806210ab3,34.550857716494974,split
experiment-evaluation-003,27.2,0.0,2,0.85,4.505603987391079,4.505603987391079,34.78992046196973,0.85,1.0,0.0,36.64823064358417,c2efa2c0b5da17c624d22aeab0c852f41187078efd05b2e659fb2d9f2541e67c,34.529646128716834,split
experiment-evaluation-003,27.2,0.0,2,0.85,4.398720046098857,0.0,34.75778841872982,0.85,0.0,0.0,37.004613046421795,513697829fe526b89c6df7e709b894cce78a462d496c9576113663bdd22a9667,34.60092260928436,redistribute
experiment-evaluation-003,27.2,0.0,2,0.85,4.398720046098857,2.1993600230494286,34.76505418739644,0.85,0.5,0.0,36.901071061118145,9a2cb4b30b5c7186f1fbf1aa486a8dab6f6a43062430872f80106444857871b5,34.58021421222363,redistribute
experiment-evaluation-003,27.2,0.0,2,0.85,4.398720046098857,4.398720046098857,34.772319956063065,0.85,1.0,0.0,36.797529075814516,7858b82e0dbeb0cabbb4f2821c0cad2111f88fea3ff17e715affce7ac96fa69e,34.5595058151629,redistribute
experiment-evaluation-004,27.2,0.0,0,0.85,4.1338049958069485,0.0,33.61353961975604,0.85,0.0,0.0,32.01059796030421,685c8fee68517d2495f7495cd07e81e4eee9639598a55ec415bc84de331f25a9,33.602119592060845,early
experiment-evaluation-004,27.2,0.0,0,0.85,4.1338049958069485,2.0669024979034742,33.615537272815075,0.85,0.5,0.0,31.752735257287817,36e5049ee3556858d2fc559197e2feda1630aa0edf972bb12ae911f0624cd8eb,33.55054705145756,early
experiment-evaluation-004,27.2,0.0,0,0.85,4.1338049958069485,4.1338049958069485,33.617534925874125,0.85,1.0,0.0,31.494872554271414,ab9f565e3a40ab88fedaf2ed403167e1e1ee738bc05a66452bf2bc67a9684e1d,33.49897451085428,early
experiment-evaluation-004,27.2,0.0,0,0.85,4.142887098218586,0.0,33.61334190238124,0.85,0.0,0.0,31.984977046285692,e76b6b14826ac1375ec6c06b1f480264dd98531691d4a99de1fee13126bb9289,33.59699540925714,late
experiment-evaluation-004,27.2,0.0,0,0.85,4.142887098218586,2.071443549109293,33.61534394434824,0.85,0.5,0.0,31.726547810624588,8839729b26fc58537e5cef9749a54c79ebeb15f4ec657dedd15d01e30f675203,33.54530956212491,late
experiment-evaluation-004,27.2,0.0,0,0.85,4.142887098218586,4.142887098218586,33.61734598631525,0.85,1.0,0.0,31.468118574963487,d255fcf24c1d3855e4603331303c94f54bb370301379ced33b5b55ac9acde25a,33.493623714992694,late
experiment-evaluation-004,27.2,0.0,0,0.85,4.138346047012767,0.0,33.61344076106863,0.85,0.0,0.0,31.99778750329496,313955b0af9652784605703548ac36aeff4a211d33dd7d953edc58b366b1687d,33.59955750065899,split
experiment-evaluation-004,27.2,0.0,0,0.85,4.138346047012767,2.0691730235063837,33.615440608581665,0.85,0.5,0.0,31.739641533956195,ce051bfefed5cb79271775e801c98641d65093613854a4739c2f7f3447182c10,33.547928306791235,split
experiment-evaluation-004,27.2,0.0,0,0.85,4.138346047012767,4.138346047012767,33.617440456094684,0.85,1.0,0.0,31.48149556461744,55815a287faa60ad036fc399d29c83b9df09756a9f44e3384610e9020c7a5f32,33.49629911292349,split
experiment-evaluation-004,27.2,0.0,0,0.85,4.082602365180714,0.0,33.60917692414901,0.85,0.0,0.0,32.46238988127131,ee301c1cf7939aa3762dcc711347284e7425de5974a679e447c9d15fbdc0df46,33.69247797625426,redistribute
experiment-evaluation-004,27.2,0.0,0,0.85,4.082602365180714,2.041301182590357,33.611149833638436,0.85,0.5,0.0,32.207721148156295,2c8db2e305a7b0d58e769d2d3bfc899f1e1bd34236dc97bd035ff1e97a9f0a74,33.64154422963126,redistribute
experiment-evaluation-004,27.2,0.0,0,0.85,4.082602365180714,4.082602365180714,33.61312274312786,0.85,1.0,0.0,31.953052415041295,267f5f19ccba607deeabe9e6826171968d1ca610148821e16d1e4f38e27ba199,33.59061048300826,redistribute
experiment-evaluation-004,27.2,0.0,1,0.85,4.095885902194664,0.0,33.80617936897082,0.85,0.0,0.0,30.12876655951252,509d9c89cb9439195990a4f2fbe6a41e370f80b030b21d36824be2354900c73a,33.2257533119025,early
experiment-evaluation-004,27.2,0.0,1,0.85,4.095885902194664,2.047942951097332,33.808158697703135,0.85,0.5,0.0,29.87326921238123,e49cf47bb9ec18cb5072ff0d78aeae3d5ab48d2095b5129f6b53c314f0d7f372,33.174653842476246,early
experiment-evaluation-004,27.2,0.0,1,0.85,4.095885902194664,4.095885902194664,33.81013802643545,0.85,1.0,0.0,29.617771865249964,feddb3a55d4e34a94b94208ea9849e9ca81e12331b35893b8664135680748c60,33.12355437304999,early
experiment-evaluation-004,27.2,0.0,1,0.85,4.103976361911333,0.0,33.80600323965806,0.85,0.0,0.0,30.10594310263258,bef9c20ec5fdc064b583c606804413f11c9287463cf391aca37b4ad306eca2cb,33.22118862052652,late
experiment-evaluation-004,27.2,0.0,1,0.85,4.103976361911333,2.0519881809556666,33.80798647808898,0.85,0.5,0.0,29.849941080555748,4c0b4b6ff83443fa8606665e81b15cf15a5974cb8190ed4212b5384d55eb6017,33.16998821611115,late
experiment-evaluation-004,27.2,0.0,1,0.85,4.103976361911333,4.103976361911333,33.8099697165199,0.85,1.0,0.0,29.59393905847892,52a6396190079f74c6b018c3d4a2ed0028f7bb1c0eeae417bf2747c4003e36b9,33.11878781169578,late
experiment-evaluation-004,27.2,0.0,1,0.85,4.0999311320529985,0.0,33.806091304314435,0.85,0.0,0.0,30.11735483107254,06b83d71481e7a058db59e53ed0455a0a2ba96988a325d92d08719ce1ae6d421,33.22347096621451,split
experiment-evaluation-004,27.2,0.0,1,0.85,4.0999311320529985,2.0499655660264993,33.808072587896056,0.85,0.5,0.0,29.861605146468495,ab346004894c70e43c15c5db4c1d9b188f4b268cf6df467e87dab514fa3f8081,33.1723210292937,split
experiment-evaluation-004,27.2,0.0,1,0.85,4.0999311320529985,4.0999311320529985,33.81005387147768,0.85,1.0,0.0,29.605855461864444,571cacca9742be191f6ec90236040c0ccc6dfe6f8b47b56f2dfc752c08e6b3e4,33.12117109237289,split
experiment-evaluation-004,27.2,0.0,1,0.85,4.050273906018732,0.0,33.802293020693185,0.85,0.0,0.0,30.53122891582962,ee301c1cf7939aa3762dcc711347284e7425de5974a679e447c9d15fbdc0df46,33.30624578316592,redistribute
experiment-evaluation-004,27.2,0.0,1,0.85,4.050273906018732,2.025136953009366,33.804250307518885,0.85,0.5,0.0,30.278576800303558,446e4e9c734af7afad247a2b71f48e05e00fdfff819b742082a25130c24b4401,33.25571536006071,redistribute
experiment-evaluation-004,27.2,0.0,1,0.85,4.050273906018732,4.050273906018732,33.806207594344585,0.85,1.0,0.0,30.025924684777504,4d8cda44ab6d9a5e8afa612f690d4b4a71cdabcb2a95eb47ab8929ef4de10a93,33.205184936955504,redistribute
experiment-evaluation-004,27.2,0.0,2,0.85,3.9688317879369475,0.0,33.50325309210503,0.85,0.0,0.0,33.15757425120736,1497c8998175f365209d567202018b640911866071d45a314b5818fe273a6dce,33.83151485024147,early
experiment-evaluation-004,27.2,0.0,2,0.85,3.9688317879369475,1.9844158939684737,33.50517102218882,0.85,0.5,0.0,32.91000241516455,6411989d0fac3b31c1a22a026e6000fb46ccf86ab5aa1966beae954110ca18c8,33.78200048303291,early
experiment-evaluation-004,27.2,0.0,2,0.85,3.9688317879369475,3.9688317879369475,33.50708895227261,0.85,1.0,0.0,32.66243057912175,c988fd6b5721f0d6e83293d90bb94ce2de68ca3e8bc6d50d9f3f3817a6b9d42d,33.73248611582435,early
experiment-evaluation-004,27.2,0.0,2,0.85,3.976932373597631,0.0,33.50307674235046,0.85,0.0,0.0,33.134722228701406,ba59d234b533ea9c56098f167e78d157ec67c8f47141ea42201e9fe047b23c16,33.82694444574028,late
experiment-evaluation-004,27.2,0.0,2,0.85,3.976932373597631,1.9884661867988156,33.5049985870262,0.85,0.5,0.0,32.88664508606658,b1fc1d380644b8999b1faa0521e1e843c3c7b668d936884d6311233eddc86e85,33.77732901721332,late
experiment-evaluation-004,27.2,0.0,2,0.85,3.976932373597631,3.976932373597631,33.50692043170194,0.85,1.0,0.0,32.63856794343176,2ae825b8267be81e7ef2f29d833fc5a98b9062de9277b2f3e5e4f0a0ef282bdb,33.72771358868635,late
experiment-evaluation-004,27.2,0.0,2,0.85,3.9728820807672895,0.0,33.50316491722775,0.85,0.0,0.0,33.14614823995438,be20e93a69bc4ab899bdaafcdd8a90813bbf4735339c74f2cc0e83474acfc911,33.82922964799087,split
experiment-evaluation-004,27.2,0.0,2,0.85,3.9728820807672895,1.9864410403836448,33.505084804607506,0.85,0.5,0.0,32.898323750615575,53516714fc85501b3d53c55e53229aed75818fcd733a2de5324f53b82f861205,33.77966475012312,split
experiment-evaluation-004,27.2,0.0,2,0.85,3.9728820807672895,3.9728820807672895,33.50700469198728,0.85,1.0,0.0,32.65049926127675,e5c036a4bb53f3123bd5e6cd6b890cb1ab4b3e14742d05220c290b8f30f15b20,33.73009985225535,split
experiment-evaluation-004,27.2,0.0,2,0.85,3.9231627042114967,0.0,33.499361879710094,0.85,0.0,0.0,33.5605403256605,ee301c1cf7939aa3762dcc711347284e7425de5974a679e447c9d15fbdc0df46,33.9121080651321,redistribute
experiment-evaluation-004,27.2,0.0,2,0.85,3.9231627042114967,1.9615813521057484,33.50125774029982,0.85,0.5,0.0,33.3158172822883,4579095be6f00506427a169e14e91a792443ec60b31ce9e34edf462f833d0313,33.863163456457656,redistribute
experiment-evaluation-004,27.2,0.0,2,0.85,3.9231627042114967,3.9231627042114967,33.50315360088956,0.85,1.0,0.0,33.07109423891609,88e8f0746446d5f8d0f0d85a4f6e90a8d7667f5e825ae94a6d9549a19a4b7f88,33.814218847783216,redistribute
experiment-evaluation-005,27.2,0.0,0,0.85,4.923903968307155,0.0,35.05826619112872,0.85,0.0,0.0,38.13332412160222,f301f1bc616088fd392c65ec41b69135680449f15c68ede576956f4f334b7e01,34.826664824320446,early
experiment-evaluation-005,27.2,0.0,0,0.85,4.923903968307155,2.4619519841535773,35.069735172771004,0.85,0.5,0.0,37.99882528656072,ed6eae5affd3b9041d5b324a210f547da9a04cf918eed0bb2adff40e3c73f139,34.79976505731214,early
experiment-evaluation-005,27.2,0.0,0,0.85,4.923903968307155,4.923903968307155,35.081204154413285,0.85,1.0,0.0,37.8643264515192,12a88c019beed51c2f42fa265e38545ac9dcb6fa4a775d300ba44fbc7b96551c,34.77286529030384,early
experiment-evaluation-005,27.2,0.0,0,0.85,4.939891708323684,0.0,35.057190754387875,0.85,0.0,0.0,38.08822217342453,4396784b17cf1b4fd38478ff57f0198c05ca2b511ded3166bf5d1251e3c1606b,34.81764443468491,late
experiment-evaluation-005,27.2,0.0,0,0.85,4.939891708323684,2.469945854161842,35.06869697540321,0.85,0.5,0.0,37.95328662547777,59fc3ccd86d8e3b2d3e14e7c112f0a0829e9389cdea72ce3eec0a5cf2a7a07a9,34.79065732509555,late
experiment-evaluation-005,27.2,0.0,0,0.85,4.939891708323684,4.939891708323684,35.08020319641855,0.85,1.0,0.0,37.81835107753102,9a4f4f56c402b85bb701a2435af88f185e3aeedf798685b98cb47e145a7bb42c,34.7636702155062,late
experiment-evaluation-005,27.2,0.0,0,0.85,4.931897838315419,0.0,35.0577284727583,0.85,0.0,0.0,38.11077314751337,52738ed91cb45f68feffbae61b2068a343ae1e300464b97f39e4b65ff96c99ec,34.82215462950268,split
experiment-evaluation-005,27.2,0.0,0,0.85,4.931897838315419,2.4659489191577095,35.06921607408711,0.85,0.5,0.0,37.976055956019245,c6c20a4c5d4b748a8159434bbe5156f2f0150f88ea9112011cc8339b134d05ac,34.79521119120385,split
experiment-evaluation-005,27.2,0.0,0,0.85,4.931897838315419,4.931897838315419,35.08070367541592,0.85,1.0,0.0,37.841338764525105,5284aef4f5ae5ac460d547a8d0f22db95f65d38ab60a03a1eb154b07ba6312e9,34.76826775290502,split
experiment-evaluation-005,27.2,0.0,0,0.85,4.833769073377344,0.0,35.03453634366548,0.85,0.0,0.0,38.28594375648272,fdc8e7f50680cce900d523bdc118d7a5c5ab7aa7b629d8d852985a9955968ebb,34.85718875129655,redistribute
experiment-evaluation-005,27.2,0.0,0,0.85,4.833769073377344,2.416884536688672,35.04579537900054,0.85,0.5,0.0,38.15390699999567,bbfeb229ee0b7c991ceb5e628d16236dafe5301cc885981e98e60f34c5ea483b,34.83078139999913,redistribute
experiment-evaluation-005,27.2,0.0,0,0.85,4.833769073377344,4.833769073377344,35.057054414335596,0.85,1.0,0.0,38.02187024350862,cb9eee2c3ceb18f9b2c39ec9011a062ae2de6ab7677af5f2d002e78dcd85ae65,34.804374048701725,redistribute
experiment-evaluation-005,27.2,0.0,1,0.85,3.4325931476610148,0.0,34.877342811860515,0.85,0.0,0.0,39.93864499803807,f9a37060145d7fd7d432fd08e8ca1fb8689e4654d56e049f380f30516b900670,35.187728999607614,early
experiment-evaluation-005,27.2,0.0,1,0.85,3.4325931476610148,1.7162965738305074,34.885338164338826,0.85,0.5,0.0,39.844882044393245,d89f82735ba05a1bc41e50edf275e3daaaab532e45131161b158ed5956496ad6,35.16897640887865,early
experiment-evaluation-005,27.2,0.0,1,0.85,3.4325931476610148,3.4325931476610148,34.89333351681713,0.85,1.0,0.0,39.75111909074844,76ee3d0f7c6d031cf1f7f48e0f6db6a852099b75b52f078128fda7d997479c86,35.15022381814968,early
experiment-evaluation-005,27.2,0.0,1,0.85,3.447842111758632,0.0,34.876317069871135,0.85,0.0,0.0,39.89562716138428,247a0bc41fa4e3b98cba191c53d0fb115f7280310d39ac2ebe00212bdc746af0,35.179125432276855,late
experiment-evaluation-005,27.2,0.0,1,0.85,3.447842111758632,1.723921055879316,34.88434794093194,0.85,0.5,0.0,39.80144767485827,e20048bdb34b3405f2264a11b9150a962d112b42592c66ed6692f5ab2549cc95,35.16028953497165,late
experiment-evaluation-005,27.2,0.0,1,0.85,3.447842111758632,3.447842111758632,34.89237881199274,0.85,1.0,0.0,39.707268188332236,cd742c3d5f2bd592e9ea6ec2343a573e45d0e09cef5f1071bce9e795dc5ff417,35.141453637666444,late
experiment-evaluation-005,27.2,0.0,1,0.85,3.4402176297098235,0.0,34.876829940865825,0.85,0.0,0.0,39.91713607971117,1b59afd924aebf52e25b0df635caf0e30b2ff0af10eca702bcad997825da1127,35.18342721594223,split
experiment-evaluation-005,27.2,0.0,1,0.85,3.4402176297098235,1.7201088148549117,34.88484305263538,0.85,0.5,0.0,39.82316485962575,90b2199c22cd0afd1325f5af10365c712651a4bdcc69c9ec6445d5e19071edaa,35.16463297192515,split
experiment-evaluation-005,27.2,0.0,1,0.85,3.4402176297098235,3.4402176297098235,34.89285616440494,0.85,1.0,0.0,39.729193639540334,1d881670af2d2d5f13f659dcc517eee30a8c32fae310cd78a54dee7c3052feae,35.145838727908064,split
experiment-evaluation-005,27.2,0.0,1,0.85,3.346623287298881,0.0,34.854709494604,0.85,0.0,0.0,40.084212247097526,fdc8e7f50680cce900d523bdc118d7a5c5ab7aa7b629d8d852985a9955968ebb,35.2168424494195,redistribute
experiment-evaluation-005,27.2,0.0,1,0.85,3.346623287298881,1.6733116436494404,34.86250460216351,0.85,0.5,0.0,39.992797602059404,0263dfc2ede06607785704c8dd6c96333d6778e9f4af732e74656fe699188104,35.19855952041188,redistribute
experiment-evaluation-005,27.2,0.0,1,0.85,3.346623287298881,3.346623287298881,34.87029970972302,0.85,1.0,0.0,39.90138295702131,0697cf8d351707098b41097600289fb512d8a5b5e9786f3814d6f030277f3e43,35.180276591404265,redistribute
experiment-evaluation-005,27.2,0.0,2,0.85,4.161948152851063,0.0,35.05658148734232,0.85,0.0,0.0,38.13531226318903,38f226a7a615b0cbd92ab20aba6ccbd99b6d67b77c9415c636fb86518cdb3411,34.827062452637804,early
experiment-evaluation-005,27.2,0.0,2,0.85,4.161948152851063,2.0809740764255316,35.066275686755716,0.85,0.5,0.0,38.02162662235105,f90e1e7f435ee11f27916daafb06ae2c4113fa7091498e9406e58bd1712907fd,34.80432532447021,early
experiment-evaluation-005,27.2,0.0,2,0.85,4.161948152851063,4.161948152851063,35.07596988616911,0.85,1.0,0.0,37.90794098151307,dcd17c1cff93420d5cf1d41c00a046cb72ecc65dbd2b043d842c1c950931880c,34.781588196302614,early
experiment-evaluation-005,27.2,0.0,2,0.85,4.175130467435357,0.0,35.05569476129983,0.85,0.0,0.0,38.098124513786786,7e1a06b71834cc6022b2ac310cb1c7fc6da8c398e39f20735419c904ab9bca1a,34.819624902757354,late
experiment-evaluation-005,27.2,0.0,2,0.85,4.175130467435357,2.0875652337176787,35.065419665561436,0.85,0.5,0.0,37.984078791605604,bcea774472c8550eb6db6241366644b0c7183bc1b93b0e6c2a42ce44b703e8cc,34.79681575832112,late
experiment-evaluation-005,27.2,0.0,2,0.85,4.175130467435357,4.175130467435357,35.07514456982305,0.85,1.0,0.0,37.87003306942442,ff899fcf9602d717fc818740fd91152bc5f70700f0417b06b24d4f15565a3bc3,34.774006613884886,late
experiment-evaluation-005,27.2,0.0,2,0.85,4.168539310143211,0.0,35.05613812432108,0.85,0.0,0.0,38.11671838848791,1f80f6be134792e2bd50ad6f4ea3989a355f501a5e463c9ce027771597ad0968,34.82334367769758,split
experiment-evaluation-005,27.2,0.0,2,0.85,4.168539310143211,2.0842696550716053,35.065847676158576,0.85,0.5,0.0,38.00285270697833,b516099653414dadaed7e0965b22b01087cd5978a497a4a7d6146fe8daf48221,34.800570541395665,split
experiment-evaluation-005,27.2,0.0,2,0.85,4.168539310143211,4.168539310143211,35.075557227996086,0.85,1.0,0.0,37.888987025468744,a69f0504a02075d32da72a9940e5e608bdae14ec46446d6081bb96506e585a13,34.77779740509375,split
experiment-evaluation-005,27.2,0.0,2,0.85,4.087629547547337,0.0,35.037015600358025,0.85,0.0,0.0,38.26115118955728,fdc8e7f50680cce900d523bdc118d7a5c5ab7aa7b629d8d852985a9955968ebb,34.852230237911456,redistribute
experiment-evaluation-005,27.2,0.0,2,0.85,4.087629547547337,2.0438147737736685,35.046536693487184,0.85,0.5,0.0,38.14949559761944,9412429c058f7dfc751a0ad7b6794076d4ce26f2c451c4297d312b5cda58f9db,34.82989911952389,redistribute
experiment-evaluation-005,27.2,0.0,2,0.85,4.087629547547337,4.087629547547337,35.056057786616336,0.85,1.0,0.0,38.037840005681595,bfd7cc1384352fba5b3a087d4033004b0518179fc842af64204e090b8a3944ca,34.80756800113632,redistribute
experiment-evaluation-006,27.2,0.0,0,0.85,3.0346924160651496,0.0,31.35985061417624,0.85,0.0,0.0,19.62623850195353,eee336616483c82030ea8d9e6ae0c2e1129ae5e272228200c676e855397660ed,31.125247700390705,early
experiment-evaluation-006,27.2,0.0,0,0.85,3.0346924160651496,1.5173462080325748,31.362327773314775,0.85,0.5,0.0,19.69030543921817,67206558afb1d60f287d3ba30543a54aa7199b68af7d8dee7f971a9eb6b3d73c,31.138061087843635,early
experiment-evaluation-006,27.2,0.0,0,0.85,3.0346924160651496,3.0346924160651496,31.364804932453303,0.85,1.0,0.0,19.75437237648282,66b7c28f68799c70f545533db7a2c8fd09cf4a3e3f83cd3ee0d80cbfb76557ff,31.150874475296565,early
experiment-evaluation-006,27.2,0.0,0,0.85,3.0496626101465822,0.0,31.359614680216723,0.85,0.0,0.0,19.584007084819355,9b6c7195d16c6450b141feb4adb9e932f2479f656354ec2f0d3e97f6c5dca587,31.11680141696387,late
experiment-evaluation-006,27.2,0.0,0,0.85,3.0496626101465822,1.5248313050732911,31.36210405922732,0.85,0.5,0.0,19.64839006547607,354226889a13d0b23501b45bda16e39293f3a69eadc1f2344ea6099802e3e61d,31.129678013095216,late
experiment-evaluation-006,27.2,0.0,0,0.85,3.0496626101465822,3.0496626101465822,31.364593438237918,0.85,1.0,0.0,19.71277304613278,12806b801fc816e0d802e7e09555b0e8a86540a5787a1c6fb3dd67acde8fd720,31.142554609226558,late
experiment-evaluation-006,27.2,0.0,0,0.85,3.042177513105866,0.0,31.35973264719648,0.85,0.0,0.0,19.60512279338645,5a0e39fb73b59a973d1bedd51c00302608202fe6305dab111f841cb6ea72e603,31.12102455867729,split
experiment-evaluation-006,27.2,0.0,0,0.85,3.042177513105866,1.521088756552933,31.362215916271047,0.85,0.5,0.0,19.669347752347118,41e33fc0b34cb49108e8a34b0d76ec3dc17d8dbbdbfd3c010815a989e1542dee,31.133869550469424,split
experiment-evaluation-006,27.2,0.0,0,0.85,3.042177513105866,3.042177513105866,31.364699185345614,0.85,1.0,0.0,19.733572711307794,753074b54018ee477777af0472dded98902ecbe39327b8b0db4cdd8384e1a869,31.14671454226156,split
experiment-evaluation-006,27.2,0.0,0,0.85,2.9502941915997978,0.0,31.354644657695403,0.85,0.0,0.0,19.412929124592242,557de9aadad3c677c869c701195bed0bbbd8f3f0c89db3bce933014688425d50,31.082585824918446,redistribute
experiment-evaluation-006,27.2,0.0,0,0.85,2.9502941915997978,1.4751470957998989,31.357052924239778,0.85,0.5,0.0,19.4752142879534,54632ee50989fc7be8154ea9418fdfc017aa94a737af1e49c42df9ce2a3251cf,31.09504285759068,redistribute
experiment-evaluation-006,27.2,0.0,0,0.85,2.9502941915997978,2.9502941915997978,31.359461190784153,0.85,1.0,0.0,19.53749945131455,b4393af77e1eefdd619c83f22caf2917d3398fe72d8f241431f1e08b43d9bfdd,31.107499890262908,redistribute
experiment-evaluation-006,27.2,0.0,1,0.85,3.5103521621850615,0.0,31.34731572150899,0.85,0.0,0.0,19.76190127663847,187df318c4d05660791352a6b64ad40b1c36a95ae2bc94ba77902097b41834bd,31.152380255327692,early
experiment-evaluation-006,27.2,0.0,1,0.85,3.5103521621850615,1.7551760810925308,31.350181152249846,0.85,0.5,0.0,19.836010109072667,75bbfeec49807ef2adaf5282619694c7df116eccf8bdcab11733874e5aa89953,31.167202021814532,early
experiment-evaluation-006,27.2,0.0,1,0.85,3.5103521621850615,3.5103521621850615,31.353046582990697,0.85,1.0,0.0,19.910118941506873,a28ae3193891f1c842968216faa142cafce93b727eb22e7ada07649d07ec0d86,31.182023788301375,early
experiment-evaluation-006,27.2,0.0,1,0.85,3.525904188884925,0.0,31.347070617723574,0.85,0.0,0.0,19.718028490269024,a5994392921b0408bb8f8448445f33382ef07ed0d41017a43d9dc52a4ec88871,31.143605698053804,late
experiment-evaluation-006,27.2,0.0,1,0.85,3.525904188884925,1.7629520944424626,31.3499487432749,0.85,0.5,0.0,19.792465649460055,b4d059885f94303e16addd42b9bf68a0ca188a6aa251824b7cd1d6d6200f1e24,31.158493129892012,late
experiment-evaluation-006,27.2,0.0,1,0.85,3.525904188884925,3.525904188884925,31.352826868826224,0.85,1.0,0.0,19.86690280865108,bb33a9d4bc89546a362fc0405083e6f3e0f8b004caea0abcfc033856cbc57f92,31.173380561730216,late
experiment-evaluation-006,27.2,0.0,1,0.85,3.5181281755349936,0.0,31.347193169616283,0.85,0.0,0.0,19.739964883453744,c9ecf48ae2d7e3d746795ff24a5dfd06f37706ba2ac145ba60599e60d276ce4f,31.147992976690748,split
experiment-evaluation-006,27.2,0.0,1,0.85,3.5181281755349936,1.7590640877674968,31.350064947762373,0.85,0.5,0.0,19.814237879266365,f39cfb1e12521443059d846bc6dcc338b2c1643235cb2567863aa997aebd8994,31.162847575853274,split
experiment-evaluation-006,27.2,0.0,1,0.85,3.5181281755349936,3.5181281755349936,31.35293672590846,0.85,1.0,0.0,19.88851087507898,ec433607a839c282991ed09eb920aef3bcb99fa216cbaad8350d0128c848550d,31.177702175015796,split
experiment-evaluation-006,27.2,0.0,1,0.85,3.4226737103783353,0.0,31.341907429956596,0.85,0.0,0.0,19.540301401980283,557de9aadad3c677c869c701195bed0bbbd8f3f0c89db3bce933014688425d50,31.108060280396057,redistribute
experiment-evaluation-006,27.2,0.0,1,0.85,3.4226737103783353,1.7113368551891677,31.34470129051887,0.85,0.5,0.0,19.61255920996087,5bf372bf369c076df312c5edb83ccbba6cfff66da65fb86c3f268c08fb87778b,31.122511841992175,redistribute
experiment-evaluation-006,27.2,0.0,1,0.85,3.4226737103783353,3.4226737103783353,31.347495151081148,0.85,1.0,0.0,19.68481701794145,2f22d065baa97fdf011b4348c447a7087420b577252f5b230f1271da08375c04,31.13696340358829,redistribute
experiment-evaluation-006,27.2,0.0,2,0.85,3.9452603346721666,0.0,31.102337615242533,0.85,0.0,0.0,22.29356055830133,4cb305f5109e60bc4c84fa25c2b469833d7435a73105f27b07de497720a29c07,31.658712111660265,early
experiment-evaluation-006,27.2,0.0,2,0.85,3.9452603346721666,1.9726301673360833,31.10555805288563,0.85,0.5,0.0,22.376850958678002,a2e810e52e451060c5120e738f1d3b1946202850625dc59299a6d4adfac7573c,31.6753701917356,early
experiment-evaluation-006,27.2,0.0,2,0.85,3.9452603346721666,3.9452603346721666,31.108778490528728,0.85,1.0,0.0,22.46014135905469,057f9187e75d95ec31c2bfdeee76291ebc50cc6b4619c86cd14422bca453f1fc,31.692028271810937,early
experiment-evaluation-006,27.2,0.0,2,0.85,3.9654313375770984,0.0,31.10201971525026,0.85,0.0,0.0,22.236657485898995,960254c12b0dc26c81ee741e8756b4530017f17a0aa4a313937a00269576b821,31.6473314971798,late
experiment-evaluation-006,27.2,0.0,2,0.85,3.9654313375770984,1.9827156687885492,31.105256618082358,0.85,0.5,0.0,22.32037372659176,304740ac294352a14be0e763c432bfad5fdb22c4dbe8a29b84c08fc57d7a6f4c,31.664074745318352,late
experiment-evaluation-006,27.2,0.0,2,0.85,3.9654313375770984,3.9654313375770984,31.108493520914458,0.85,1.0,0.0,22.40408996728452,fa0c6a317205a85a814ab33736387cc4b7760b77b924ded55135a8e76bffd2c9,31.680817993456905,late
experiment-evaluation-006,27.2,0.0,2,0.85,3.9553458361246325,0.0,31.1021786652464,0.85,0.0,0.0,22.265109022100162,1ed8beba15b6a2962c1be5ae22cf1d612d13ff887f167a6982c5632db45e794d,31.65302180442003,split
experiment-evaluation-006,27.2,0.0,2,0.85,3.9553458361246325,1.9776729180623163,31.105407335483996,0.85,0.5,0.0,22.34861234263488,7f3e39c54d2a2ac4c98952c625d9675b924f671b07fb95cc7f91b847cef8b1be,31.669722468526977,split
experiment-evaluation-006,27.2,0.0,2,0.85,3.9553458361246325,3.9553458361246325,31.108636005721593,0.85,1.0,0.0,22.432115663169604,04214ec849ae597b5f1ae80b82a94dcca7b844f90b33aa025040b24e16e809e5,31.68642313263392,split
experiment-evaluation-006,27.2,0.0,2,0.85,3.831541245821265,0.0,31.09532305265725,0.85,0.0,0.0,22.006145174973724,557de9aadad3c677c869c701195bed0bbbd8f3f0c89db3bce933014688425d50,31.601229034994745,redistribute
experiment-evaluation-006,27.2,0.0,2,0.85,3.831541245821265,1.9157706229106326,31.098450663667023,0.85,0.5,0.0,22.08703479374478,979bfa27b863bb234c1775c030ad09e33756fb414c38f8dc54e28c7b09f38472,31.617406958748955,redistribute
experiment-evaluation-006,27.2,0.0,2,0.85,3.831541245821265,3.831541245821265,31.101578274676797,0.85,1.0,0.0,22.16792441251584,d0371ba07aa62a11bcc02f3777e15f576446f70c32ed2c5c5d58212c2a618348,31.63358488250317,redistribute
experiment-evaluation-007,27.2,0.0,0,0.85,3.3927228086531263,0.0,31.81436365611863,0.85,0.0,0.0,22.795296654334088,2024a2d20e9f3d67105d067cf8ca4d8d9ea941eb692b31c30e5c4ba095c97f31,31.75905933086682,early
experiment-evaluation-007,27.2,0.0,0,0.85,3.3927228086531263,1.6963614043265631,31.82681741680566,0.85,0.5,0.0,22.737128606473277,39166d0d03ebbb384207ff31e3d94043d61faa8d8e95406cc9151c5d7fb58c97,31.747425721294654,early
experiment-evaluation-007,27.2,0.0,0,0.85,3.3927228086531263,3.3927228086531263,31.839271177492684,0.85,1.0,0.0,22.678960558612463,fb7c34e8e7b9c69f46ca0ea558bf8c355e4144db249a84223de94e2f08a67406,31.735792111722493,early
experiment-evaluation-007,27.2,0.0,0,0.85,3.4046265280664443,0.0,31.813220771097498,0.85,0.0,0.0,22.761715864582307,edb03b237c4cadba411f1732b077ad3faab82c8abff2dd95545ee8b42c8876bc,31.75234317291646,late
experiment-evaluation-007,27.2,0.0,0,0.85,3.4046265280664443,1.7023132640332221,31.82571822709393,0.85,0.5,0.0,22.703343728100172,9926a1835dcff0016bdc2a4ff319292bb277d78bb061311b33e6b87b2e45e324,31.740668745620034,late
experiment-evaluation-007,27.2,0.0,0,0.85,3.4046265280664443,3.4046265280664443,31.838215683090365,0.85,1.0,0.0,22.644971591618027,511a780f22b431fbede5542b18a4fc827f260b4c3827f00b50a5f7fb723ee4e4,31.728994318323604,late
experiment-evaluation-007,27.2,0.0,0,0.85,3.398674668359785,0.0,31.813792213608068,0.85,0.0,0.0,22.778506259458204,e2b0fbf748463eca5294a467672ec95c02220711a15fc7cfccd8213ee45924ec,31.75570125189164,split
experiment-evaluation-007,27.2,0.0,0,0.85,3.398674668359785,1.6993373341798925,31.82626782194979,0.85,0.5,0.0,22.720236167286732,339a432736d29d2db9c93772a08ec3e29b07c759c9b7860abc2fa98b67f4e649,31.744047233457344,split
experiment-evaluation-007,27.2,0.0,0,0.85,3.398674668359785,3.398674668359785,31.838743430291522,0.85,1.0,0.0,22.66196607511524,453bcd3fdedbb7358b685f11f91aecbd04f7736f5edb67f747dbd7bb1e457a02,31.73239321502305,split
experiment-evaluation-007,27.2,0.0,0,0.85,3.325612604366342,0.0,31.789145541291727,0.85,0.0,0.0,22.828342405912622,b3b1ad8919fa3908132df35d06af51bb6d873a9e4f8cf7c8067a9740af4c4858,31.765668481182523,redistribute
experiment-evaluation-007,27.2,0.0,0,0.85,3.325612604366342,1.662806302183171,31.80135295871083,0.85,0.5,0.0,22.77132495885095,8cb0bb133b4abb76dfa6130aa12366c6b859d924ae5b44a2bf6720456454a75c,31.75426499177019,redistribute
experiment-evaluation-007,27.2,0.0,0,0.85,3.325612604366342,3.325612604366342,31.813560376129928,0.85,1.0,0.0,22.714307511789283,8a58d89f225ada187291a741fd716e00a56a1828b9115f63d2fa40f45d77730a,31.742861502357854,redistribute
experiment-evaluation-007,27.2,0.0,1,0.85,3.59046830206473,0.0,31.834044421548377,0.85,0.0,0.0,22.61926321506098,edfe7fca7ab6136ed044d033255bd54a5a1dfc0097eeafc24c0b5f0ee5fff043,31.723852643012194,early
experiment-evaluation-007,27.2,0.0,1,0.85,3.59046830206473,1.795234151032365,31.847224052042865,0.85,0.5,0.0,22.55770483148052,0ba8a4531ee314b6f032d19d6039a048b6cf1cd40bbed4da871b8deb8eeedb49,31.711540966296106,early
experiment-evaluation-007,27.2,0.0,1,0.85,3.59046830206473,3.59046830206473,31.86040368253735,0.85,1.0,0.0,22.496146447900063,58a469cd4a5d28a8272374127f21b656de8d19b1d3a6eecd0a55ea5fc2371241,31.69922928958001,early
experiment-evaluation-007,27.2,0.0,1,0.85,3.6035005038246535,0.0,31.8327931900915,0.85,0.0,0.0,22.58249893894631,f62938103332bc37d8320b47f7b1985342e6f89d9ceed5e471e0f4ce64e3363d,31.71649978778926,late
experiment-evaluation-007,27.2,0.0,1,0.85,3.6035005038246535,1.8017502519123267,31.846020658246502,0.85,0.5,0.0,22.520717118976123,e79417ac0645d83ec167a06d5f52632d9f389c02d116c3d91573cca9a2e888c4,31.704143423795223,late
experiment-evaluation-007,27.2,0.0,1,0.85,3.6035005038246535,3.6035005038246535,31.859248126401503,0.85,1.0,0.0,22.458935299005937,17ca0c13ef4b591f89662183e07f48871f8d06a6f8c68d74d2011b57da8a48be,31.691787059801186,late
experiment-evaluation-007,27.2,0.0,1,0.85,3.5969844029446914,0.0,31.83341880581994,0.85,0.0,0.0,22.60088107700364,cbda8124f1b4afadd76dc74e771614f7f1d8bfef3863b4a2a0127fe2479dbc10,31.720176215400727,split
experiment-evaluation-007,27.2,0.0,1,0.85,3.5969844029446914,1.7984922014723457,31.84662235514468,0.85,0.5,0.0,22.539210975228322,c624fa343ea03a971f18cbd14f6b8ba8bd3085bb3e377802e6597720b261bf9a,31.707842195045664,split
experiment-evaluation-007,27.2,0.0,1,0.85,3.5969844029446914,3.5969844029446914,31.859825904469425,0.85,1.0,0.0,22.477540873453005,f616c5f68a0842b5ed1d66d47bafd52559dd51fbec12cb122147ceef3c0227fc,31.695508174690602,split
experiment-evaluation-007,27.2,0.0,1,0.85,3.516995995464778,0.0,31.80643560878844,0.85,0.0,0.0,22.655441730945505,b3b1ad8919fa3908132df35d06af51bb6d873a9e4f8cf7c8067a9740af4c4858,31.7310883461891,redistribute
experiment-evaluation-007,27.2,0.0,1,0.85,3.516995995464778,1.758497997732389,31.81934554247151,0.85,0.5,0.0,22.595143026062008,cb0317b6b9fe1e3369c1a306d7dcaf0b339c0022bc7fb7286520c93a7920e1fb,31.7190286052124,redistribute
experiment-evaluation-007,27.2,0.0,1,0.85,3.516995995464778,3.516995995464778,31.832255476154575,0.85,1.0,0.0,22.534844321178504,29c73137f716af9c2e8b43e00e157efaa73025866bfae457267551a7c23c5fef,31.7069688642357,redistribute
experiment-evaluation-007,27.2,0.0,2,0.85,2.919708139628514,0.0,31.77655865225323,0.85,0.0,0.0,23.19908637120669,e3f0b807354ac9d4272dc87510a9fad28a22e5e13e9bd9e23e112c4692917ee4,31.839817274241337,early
experiment-evaluation-007,27.2,0.0,2,0.85,2.919708139628514,1.459854069814257,31.78727610501835,0.85,0.5,0.0,23.14902813409627,4b33b54fa8a8869a6d3fad904e434eae85088921749b2e017b7e0f8f8eea9691,31.829805626819255,early
experiment-evaluation-007,27.2,0.0,2,0.85,2.919708139628514,2.919708139628514,31.79799355778347,0.85,1.0,0.0,23.09896989698584,22c06eed377f3f04033f70084db466bec614c349792bf47a27adccce21dae487,31.81979397939717,early
experiment-evaluation-007,27.2,0.0,2,0.85,2.9330100717994707,0.0,31.77528152377746,0.85,0.0,0.0,23.161561176600237,85d3be6afa8abb599bc0d0973394cf14316f969f7771981a79807df8331adde4,31.832312235320046,late
experiment-evaluation-007,27.2,0.0,2,0.85,2.9330100717994707,1.4665050358997354,31.786047804309916,0.85,0.5,0.0,23.111274878586876,10fb297c121cb184b5514acd934f3dc719db877265ebb0759c904917097c8963,31.822254975717374,late
experiment-evaluation-007,27.2,0.0,2,0.85,2.9330100717994707,2.9330100717994707,31.796814084842374,0.85,1.0,0.0,23.060988580573508,6ddc6bf0bf40fd590ca71f82b705229147329d689b6cbe3fdf69ed3745e1a337,31.812197716114703,late
experiment-evaluation-007,27.2,0.0,2,0.85,2.9263591057139924,0.0,31.77592008801534,0.85,0.0,0.0,23.180323773903464,f8f21206b6d6aaae49e5738bd52a70f2148fb741eaafba497437ed25469d776c,31.836064754780693,split
experiment-evaluation-007,27.2,0.0,2,0.85,2.9263591057139924,1.4631795528569962,31.786661954664133,0.85,0.5,0.0,23.13015150634157,01d618957dfc0acf608d12cf8737b5b65d37bf51b6a42ee3875011a1e3931b5a,31.826030301268315,split
experiment-evaluation-007,27.2,0.0,2,0.85,2.9263591057139924,2.9263591057139924,31.797403821312926,0.85,1.0,0.0,23.079979238779675,7f2bfa6d7524df9cc27bf60ac55cf0b1be50d40439e89f17d41e1fe64ba73f1b,31.815995847755936,split
experiment-evaluation-007,27.2,0.0,2,0.85,2.844715160173445,0.0,31.748378413685813,0.85,0.0,0.0,23.23601368197177,b3b1ad8919fa3908132df35d06af51bb6d873a9e4f8cf7c8067a9740af4c4858,31.847202736394355,redistribute
experiment-evaluation-007,27.2,0.0,2,0.85,2.844715160173445,1.4223575800867225,31.758820587663948,0.85,0.5,0.0,23.187241195411623,a42dcba77bab58e2a7d1468ef7dbc808529de1cbe50144ee36c547018e15baa6,31.837448239082324,redistribute
experiment-evaluation-007,27.2,0.0,2,0.85,2.844715160173445,2.844715160173445,31.76926276164209,0.85,1.0,0.0,23.138468708851477,56a52e9ec562ba3a5c100c311ca34e0e81131d61af7a4c97b8f8ae0baa98373c,31.827693741770297,redistribute
experiment-evaluation-008,27.2,0.0,0,0.85,4.12456010563143,0.0,32.092375794870264,0.85,0.0,0.0,25.398019988712612,a2183937ed23a7d77029074c682662ad1b1033941e65456a57294a374c478f5b,32.27960399774252,early
experiment-evaluation-008,27.116392503300982,0.0,0,0.8460808985922336,4.12456010563143,2.062280052815715,32.10044180574049,0.85,0.5,0.08360749669901782,25.52294080916394,6bb208b3010c40d7542312b97b527bc74810cf024fd8bcf19bb601196e88eec5,32.22098066513377,early
experiment-evaluation-008,26.9875,0.0,0,0.8400390624999999,4.12456010563143,4.12456010563143,32.108507816610704,0.85,1.0,0.2125,25.673146636217254,bfe67b013fd04da5579513ed58ef56047eadd2678b9849751bbc03872a1ebafd,32.12212932724345,early
experiment-evaluation-008,27.2,0.0,0,0.85,4.141302145449787,0.0,32.09166622449952,0.85,0.0,0.0,25.447337094827162,25471f1a4f6db5daff1c448fd9bf63c7cd611c0b9e0be628289f528000cc7ca0,32.28946741896543,late
experiment-evaluation-008,27.116915692045303,0.0,0,0.8461054230646237,4.141302145449787,2.0706510727248935,32.09976497618857,0.85,0.5,0.08308430795469415,25.571821239642443,5d3bfb9167c4b8537f4bae145096ffd692e38496450c77744fc68e5c564e00b7,32.23127993997379,late
experiment-evaluation-008,26.9875,0.0,0,0.8400390624999999,4.141302145449787,4.141302145449787,32.107863727877614,0.85,1.0,0.2125,25.72263676854832,503977da891223a745144095fe442710722868a8de90a11ab8d7efa2b5b17c87,32.13202735370967,late
experiment-evaluation-008,27.2,0.0,0,0.85,4.132931125540608,0.0,32.09202100968489,0.85,0.0,0.0,25.422678541769898,c61ca93321366159e5afc75d7e1f5dbc25230eecf4410173bd5249fd8948b0e0,32.28453570835398,split
experiment-evaluation-008,27.116654097673145,0.0,0,0.8460931608284286,4.132931125540608,2.066465562770304,32.10010339096453,0.85,0.5,0.08334590232685599,25.54738102440319,44f8865a08bddc9668d9e89524cf9cf0196006647c9c32fd8ce880cc5708802f,32.226130302553784,split
experiment-evaluation-008,26.9875,0.0,0,0.8400390624999999,4.132931125540608,4.132931125540608,32.10818577224416,0.85,1.0,0.2125,25.697891702382783,b60d2b3549b12b60d05db83e4b355c2e05c52bb9b209097aceda5f61567935fc,32.12707834047656,split
experiment-evaluation-008,27.2,0.0,0,0.85,4.030172656349787,0.0,32.07671890309524,0.85,0.0,0.0,25.12893718691575,040ff7c5e62f2628a312419f34a34e728addd1db6f97f9e51e566b3bf61ee2be,32.22578743738315,redistribute
experiment-evaluation-008,27.11344289551093,0.0,0,0.8459426357270748,4.030172656349787,2.0150863281748936,32.084600329386156,0.85,0.5,0.08655710448906914,25.256319875807208,4ac199419f2e4ad7d8be3a176259c35094e425e7d5d0757adc3d58504ccbc721,32.16470687067237,redistribute
experiment-evaluation-008,26.9875,0.0,0,0.8400390624999999,4.030172656349787,4.030172656349787,32.09248175567707,0.85,1.0,0.2125,25.403088355720527,983d45eaaa308d1b622718150462dd6c6cf3321ff5f635b900d1c59a36c28c7a,32.06811767114411,redistribute
experiment-evaluation-008,27.2,0.0,1,0.85,3.0835687172081867,0.0,32.105558158305804,0.85,0.0,0.0,25.059081497760857,1852d9d705683dab29f16a04c3d999cafc02bcb941d9cc6f858e1a8c908a1785,32.21181629955217,early
experiment-evaluation-008,27.2,0.0,1,0.85,3.0835687172081867,1.5417843586040934,32.11158840108445,0.85,0.5,0.0,25.075015584475377,23b098f8ed3f8b5e91ea8a6fd2c1f0a22517ecaf3940b60d01849fe36c22fc77,32.215003116895076,early
experiment-evaluation-008,27.2,0.0,1,0.85,3.0835687172081867,3.0835687172081867,32.117618643863096,0.85,1.0,0.0,25.09094967118989,ec17a2f7e7386a349e158ccd65c117c6d7d9ada9a0656d820a8d75a38b224d64,32.21818993423798,early
experiment-evaluation-008,27.2,0.0,1,0.85,3.0962094164070124,0.0,32.105569996533994,0.85,0.0,0.0,25.02342166343744,c1d403c877be37b69babeaabdbe8b3f3d0d9fff3c5fb686475a203eb0577eb8b,32.204684332687485,late
experiment-evaluation-008,27.2,0.0,1,0.85,3.0962094164070124,1.5481047082035062,32.11162495952874,0.85,0.5,0.0,25.039421069921236,b95f36fe590b230960e451e476b0f8e3713ea8580ec03d1ecd85d8729672291f,32.207884213984244,late
experiment-evaluation-008,27.2,0.0,1,0.85,3.0962094164070124,3.0962094164070124,32.117679922523486,0.85,1.0,0.0,25.055420476405047,f5880f6ae830e19adae77338329204c2cf7849d93d6c7622021ef49eb7337cf2,32.21108409528101,late
experiment-evaluation-008,27.2,0.0,1,0.85,3.0898890668076,0.0,32.1055640774199,0.85,0.0,0.0,25.041251580599152,27b7a2c8772a2e90f97e5feb3968eb66918504246af1aca0a3349b01f6b30b70,32.20825031611983,split
experiment-evaluation-008,27.2,0.0,1,0.85,3.0898890668076,1.5449445334038,32.11160668030659,0.85,0.5,0.0,25.05721832719831,48e69263954a3f7e0a3a568608f580c4e85408542c3e30c03c2306af8d0bccb8,32.21144366543966,split
experiment-evaluation-008,27.2,0.0,1,0.85,3.0898890668076,3.0898890668076,32.11764928319329,0.85,1.0,0.0,25.073185073797468,978aa2c12fe0ecaba80e47f9e6abcbce37d20ff96c16b027cbcb6aff30903900,32.21463701475949,split
experiment-evaluation-008,27.2,0.0,1,0.85,3.012303604506363,0.0,32.09428435895639,0.85,0.0,0.0,24.953282628304212,040ff7c5e62f2628a312419f34a34e728addd1db6f97f9e51e566b3bf61ee2be,32.19065652566084,redistribute
experiment-evaluation-008,27.2,0.0,1,0.85,3.012303604506363,1.5061518022531815,32.1001752353156,0.85,0.5,0.0,24.9688484584337,f39185fcdb184a32c6563825c48dbd2fb8645b0f7a3e08dd64294b80a5e12ec8,32.19376969168674,redistribute
experiment-evaluation-008,27.2,0.0,1,0.85,3.012303604506363,3.012303604506363,32.10606611167479,0.85,1.0,0.0,24.984414288563194,8e96f7134f7740dd0fae40354ba9e2aec8d918c1a9d955a2d3371830d321e181,32.19688285771264,redistribute
experiment-evaluation-008,27.2,0.0,2,0.85,3.1138169708149626,0.0,32.22114232664488,0.85,0.0,0.0,23.935157266232366,27319e21e1f453b46bcb0b4b40dae294043c2f9ea79c9e1b4db841bf2c03c93a,31.987031453246473,early
experiment-evaluation-008,27.2,0.0,2,0.85,3.1138169708149626,1.5569084854074813,32.22723172306322,0.85,0.5,0.0,23.951247658299593,3f07845c4367c9d805c88e255004c5a724d74301f1caefbb5d3e1ff5efc6f98e,31.99024953165992,early
experiment-evaluation-008,27.2,0.0,2,0.85,3.1138169708149626,3.1138169708149626,32.23332111948156,0.85,1.0,0.0,23.967338050366813,fb5ab20705e7fc8369a31a79a3c8fb83ccb6862839678d1c788a9e17e6fe224d,31.993467610073363,early
experiment-evaluation-008,27.2,0.0,2,0.85,3.128303852404877,0.0,32.22115589385404,0.85,0.0,0.0,23.894289289767336,69769c8a62be05f17bc326306ea1fb4b6ddf2393616b0eb87e7b555618a6eea1,31.978857857953468,late
experiment-evaluation-008,27.2,0.0,2,0.85,3.128303852404877,1.5641519262024386,32.22727362089223,0.85,0.5,0.0,23.91045454159889,b3b492fe9524acae02a2983a3a5528243731cc3dcf4e6de8cc04a41c7e7af729,31.982090908319776,late
experiment-evaluation-008,27.2,0.0,2,0.85,3.128303852404877,3.128303852404877,32.23339134793041,0.85,1.0,0.0,23.92661979343044,05ea90a595a5edce48199ee3a0ea1e9dd02f4bef8efb36a6775c0b38290df58a,31.985323958686088,late
experiment-evaluation-008,27.2,0.0,2,0.85,3.12106041160992,0.0,32.221149110249456,0.85,0.0,0.0,23.914723277999848,5fa31732646358fd86c66ed5116204855f83b3a21e93998c2b653283bfd82263,31.98294465559997,split
experiment-evaluation-008,27.2,0.0,2,0.85,3.12106041160992,1.56053020580496,32.22725267197772,0.85,0.5,0.0,23.930851099949237,3cd09a5c7f140d897b2725f3db1264544c66c678d59c8707de52c5aec42af2f9,31.986170219989848,split
experiment-evaluation-008,27.2,0.0,2,0.85,3.12106041160992,3.12106041160992,32.23335623370599,0.85,1.0,0.0,23.946978921898634,d62d5f205527eb3f6532e8aa845bc02f42a1ee7865acc29a186b8197aef4ca39,31.989395784379727,split
experiment-evaluation-008,27.2,0.0,2,0.85,3.03214354176136,0.0,32.208221981521994,0.85,0.0,0.0,23.813906402648207,040ff7c5e62f2628a312419f34a34e728addd1db6f97f9e51e566b3bf61ee2be,31.96278128052964,redistribute
experiment-evaluation-008,27.2,0.0,2,0.85,3.03214354176136,1.51607177088068,32.21415165696412,0.85,0.5,0.0,23.82957475401514,2fc0bf7e8dae3645035227d289811bfc71540b2284f66485cd9caa882f2c763d,31.96591495080303,redistribute
experiment-evaluation-008,27.2,0.0,2,0.85,3.03214354176136,3.03214354176136,32.22008133240624,0.85,1.0,0.0,23.845243105382075,61f2db25d60496c02529d3b3f07e325c0868e9dd8da6152000eec6bd724da989,31.969048621076414,redistribute
experiment-evaluation-009,27.2,0.0,0,0.85,2.728292475983374,0.0,31.88827087230102,0.85,0.0,0.0,22.285435522919222,cb0da9e558342fca989d9c08c8ef4d0433bc21bcf03a88e4655cd49a36e3df9c,31.657087104583844,early
experiment-evaluation-009,27.2,0.0,0,0.85,2.728292475983374,1.364146237991687,31.8969963762845,0.85,0.5,0.0,22.426793888939546,f311a67cefa6380845b518cb6df7613e383bc0dc10fb8894b5150d394bb7f7e6,31.685358777787908,early
experiment-evaluation-009,27.2,0.0,0,0.85,2.728292475983374,2.728292475983374,31.905721880267976,0.85,1.0,0.0,22.56815225495987,52516babc5642d5e25eb03541ccb096bb19b8a561ff61d81f597e03b2b0a78e2,31.713630450991975,early
experiment-evaluation-009,27.2,0.0,0,0.85,2.7471517947059194,0.0,31.887308546754873,0.85,0.0,0.0,22.232232755372873,ff74172937016b76818c326806c2c962fa8d14d4890370b297b602717b7edecc,31.646446551074575,late
experiment-evaluation-009,27.2,0.0,0,0.85,2.7471517947059194,1.3735758973529597,31.896094365774985,0.85,0.5,0.0,22.374568260941963,49a327a923335caa21ef123b6e66a4d3bdea10654209a161a3c51bc643f4c4c6,31.674913652188394,late
experiment-evaluation-009,27.2,0.0,0,0.85,2.7471517947059194,2.7471517947059194,31.904880184795097,0.85,1.0,0.0,22.516903766511053,7ae38a068a442e09996c73d18ce93ef171d3a7386cf1ad7f751efcf82e4b6d71,31.70338075330221,late
experiment-evaluation-009,27.2,0.0,0,0.85,2.7377221353446473,0.0,31.887789709527947,0.85,0.0,0.0,22.258834139146046,51628e228c9af6f99806f87181cd04cfd9f8ed4912e4040c0f9795b6240f41bf,31.65176682782921,split
experiment-evaluation-009,27.2,0.0,0,0.85,2.7377221353446473,1.3688610676723236,31.89654537102974,0.85,0.5,0.0,22.40068107494075,fe043fba66fa68fd75690a02c8e91406f3b7e89d325a193d796210cb5715cbb3,31.68013621498815,split
experiment-evaluation-009,27.2,0.0,0,0.85,2.7377221353446473,2.7377221353446473,31.905301032531536,0.85,1.0,0.0,22.542528010735463,3af58e745e5d76cc1e2e60d4b559d52ecb75bd2d06a5bf8c9418541345760b8a,31.708505602147092,split
experiment-evaluation-009,27.2,0.0,0,0.85,2.6219683357517436,0.0,31.86703685866464,0.85,0.0,0.0,21.859535256783257,6cc232d8428ff6c44d8ebf965f0a0d015dc47a4dbcb799363c05e3d9380faa6b,31.57190705135665,redistribute
experiment-evaluation-009,27.2,0.0,0,0.85,2.6219683357517436,1.3109841678758718,31.875422321498824,0.85,0.5,0.0,21.995384753478184,fdcffe9c0cc28b5a0148c8bb4420eb9c9e40cf6578e290287902f8ea2e9013d4,31.599076950695636,redistribute
experiment-evaluation-009,27.2,0.0,0,0.85,2.6219683357517436,2.6219683357517436,31.883807784333015,0.85,1.0,0.0,22.13123425017311,b5c04993b337f0ec592283bba669ce3f66473eec1c290a642e64a9e72cd422aa,31.626246850034622,redistribute
experiment-evaluation-009,27.2,0.0,1,0.85,3.6696992852972707,0.0,31.781607895754238,0.85,0.0,0.0,23.41424998133996,470cde10248596e43f7ed77bfe4a8a994b2b5672df2ebcfae48d38e851f581aa,31.882849996267993,early
experiment-evaluation-009,27.2,0.0,1,0.85,3.6696992852972707,1.8348496426486354,31.79334416523923,0.85,0.5,0.0,23.60438454327638,98ef54ca86d7d8fec598f9e3ab29d8cb4ac619cb82c5392ae0ded32a8e97f6ea,31.920876908655277,early
experiment-evaluation-009,27.2,0.0,1,0.85,3.6696992852972707,3.6696992852972707,31.805080434724225,0.85,1.0,0.0,23.794519105212817,c2dfd71a961201dc0ef4a204476182e9e78221613ff76cce28593f45ef158f5a,31.95890382104256,early
experiment-evaluation-009,27.2,0.0,1,0.85,3.690396094939334,0.0,31.780551809427088,0.85,0.0,0.0,23.35586359058337,a1b0d05a86d78569566dc03a0346d67cd1f6405b2465a4522d765231d15920b9,31.871172718116675,late
experiment-evaluation-009,27.2,0.0,1,0.85,3.690396094939334,1.845198047469667,31.792354270530673,0.85,0.5,0.0,23.54707049619945,fc1ba173d29da099de979b48d816cedae1ff5ab1a3ca0f577440b910f848e195,31.90941409923989,late
experiment-evaluation-009,27.2,0.0,1,0.85,3.690396094939334,3.690396094939334,31.804156731634258,0.85,1.0,0.0,23.738277401815523,934d14aa15ae8f28abb78bb272b8ee3b09e5375a30a8959322b75ef6533e1b77,31.947655480363103,late
experiment-evaluation-009,27.2,0.0,1,0.85,3.680047690118303,0.0,31.78107985259066,0.85,0.0,0.0,23.385056785961662,f5ffa41117739ee1c3b93eeddafcb159e9bfa26e7d3d2c215dd5298509b4f356,31.87701135719233,split
experiment-evaluation-009,27.2,0.0,1,0.85,3.680047690118303,1.8400238450591515,31.79284921788495,0.85,0.5,0.0,23.575727519737917,a877095cdd3204a3560ffea57a8d679d6a3e2ff65e1d33fe8b5e6d0b8b742551,31.915145503947585,split
experiment-evaluation-009,27.2,0.0,1,0.85,3.680047690118303,3.680047690118303,31.80461858317924,0.85,1.0,0.0,23.766398253514172,629289ce1a9bb0fd4817d3abade0815e8eb1028e000c5ffa028d5b1c2673360f,31.953279650702832,split
experiment-evaluation-009,27.2,0.0,1,0.85,3.553015829065135,0.0,31.75830502121064,0.85,0.0,0.0,22.946853631323243,6cc232d8428ff6c44d8ebf965f0a0d015dc47a4dbcb799363c05e3d9380faa6b,31.78937072626465,redistribute
experiment-evaluation-009,27.2,0.0,1,0.85,3.553015829065135,1.7765079145325675,31.7696681188414,0.85,0.5,0.0,23.130942586764114,c62d95eb8da88448aff94137112be0c0f9f0d850c9d24a7da87596f0c044fcc5,31.826188517352822,redistribute
experiment-evaluation-009,27.2,0.0,1,0.85,3.553015829065135,3.553015829065135,31.781031216472158,0.85,1.0,0.0,23.315031542205,803557243b957d338ef80cbae9a7edd0800f8e338ee9787a7c8524bc8e040861,31.863006308441,redistribute
experiment-evaluation-009,27.2,0.0,2,0.85,3.6013434371140365,0.0,31.706347618125605,0.85,0.0,0.0,24.239166628377365,81f1d34c4ff39b1c2f278b7f1bed6d4df629f8fa9dd18b518b96e14b5887d7a5,32.04783332567547,early
experiment-evaluation-009,27.2,0.0,2,0.85,3.6013434371140365,1.8006717185570182,31.717865274968858,0.85,0.5,0.0,24.425759535197216,3e59e608f43e6b0f379fefd03b1124b8644b63c71f5659c9ce68c555ce449843,32.085151907039446,early
experiment-evaluation-009,27.2,0.0,2,0.85,3.6013434371140365,3.6013434371140365,31.72938293181211,0.85,1.0,0.0,24.612352442017063,66c5a50e474648430a4e1b5b01f29f0ab208509577c028f94e9c92798520c752,32.12247048840341,early
experiment-evaluation-009,27.2,0.0,2,0.85,3.6241770440055583,0.0,31.70518249845476,0.85,0.0,0.0,24.174752261264413,20a26b92646d080ab14dbc3d572e9f5f9042815ccd80b8891c4461bfe68812a5,32.034950452252886,late
experiment-evaluation-009,27.2,0.0,2,0.85,3.6241770440055583,1.8120885220027791,31.71677318072679,0.85,0.5,0.0,24.362528223562713,316eaeb39c65c0119ee697f0aa9ca0fb5119665176156accd56a3a0061ab5fbd,32.07250564471254,late
experiment-evaluation-009,27.2,0.0,2,0.85,3.6241770440055583,3.6241770440055583,31.72836386299882,0.85,1.0,0.0,24.550304185861012,35c92a47b9c5058459802a95551893237dd2d7003015441dd4f73d4087dc7b7f,32.1100608371722,late
experiment-evaluation-009,27.2,0.0,2,0.85,3.612760240559797,0.0,31.705765058290183,0.85,0.0,0.0,24.20695944482089,824156a6bd8b4cfa9386a0bca668add70557f48939f51252756471387f475d43,32.04139188896418,split
experiment-evaluation-009,27.2,0.0,2,0.85,3.612760240559797,1.8063801202798986,31.717319227847824,0.85,0.5,0.0,24.394143879379964,7d7bb1d1e8365b5cd519fe2a4ba94d6a57cae8dfc89c044a707e7cc6c27acfa8,32.07882877587599,split
experiment-evaluation-009,27.2,0.0,2,0.85,3.612760240559797,3.612760240559797,31.728873397405465,0.85,1.0,0.0,24.581328313939036,7bb9d9e46b7f2a8b6c76f30fcb926f9982e2924e8c44bb117b7bdf6093714d45,32.11626566278781,split
experiment-evaluation-009,27.2,0.0,2,0.85,3.4726132503641898,0.0,31.68063888881065,0.85,0.0,0.0,23.723514955323154,6cc232d8428ff6c44d8ebf965f0a0d015dc47a4dbcb799363c05e3d9380faa6b,31.94470299106463,redistribute
experiment-evaluation-009,27.2,0.0,2,0.85,3.4726132503641898,1.7363066251820949,31.691744846480457,0.85,0.5,0.0,23.903438090109166,dcc5c458393e48a9e3682fc6dbf8c7de5033d24f7126ba21754ea5672d4d6f43,31.980687618021832,redistribute
experiment-evaluation-009,27.2,0.0,2,0.85,3.4726132503641898,3.4726132503641898,31.702850804150263,0.85,1.0,0.0,24.083361224895167,8255b372fb90a8e5eaf94bff4f3e0fda97e3dc0da80b76cce4a9bbd9b4940f0b,32.016672244979034,redistribute
experiment-evaluation-010,21.135997974755096,0.0,0,0.5657499050666451,1.3636545422095017,0.0,22.221258735901294,0.6142109147239838,0.0,6.0640020252449025,0.1602120192850145,ac93ea73e72cb1dea55e72e569f098ad86e0d5a50951fe4376abf437cf0da56d,21.168040378612098,early
experiment-evaluation-010,21.066652069672188,0.0,0,0.5624993157658839,1.3636545422095017,0.6818272711047508,22.226545274715413,0.6144502112892885,0.5,6.13334793032781,0.16084967649332926,c9cde428357e9e2fa496d2e06dd1cac32b4c9f1980244fcabe750d08dcb3dea9,21.098822004970852,early
experiment-evaluation-010,21.007703878050457,0.0,0,0.5597361192836152,1.3636545422095017,1.3636545422095017,22.23179319185403,0.6146876974635538,1.0,6.192296121949541,0.16148733370164398,f4f6977f498bff4790497f4daa0ef6f5761590b78dee433ab02d215ad8d473ad,21.040001344790785,early
experiment-evaluation-010,21.16094926032788,0.0,0,0.5669194965778693,1.3670434957161584,0.0,22.221814691531197,0.6142373535712238,0.0,6.03905073967212,0.1603937655400279,8ac86db844f7ce4a00690fd902ac29dbba4716ca951d61beca17aae3b4de684b,21.193028013435885,late
experiment-evaluation-010,21.093963563316677,0.0,0,0.5637795420304692,1.3670434957161584,0.6835217478580792,22.227114368448625,0.6144772448362188,0.5,6.106036436683324,0.1610330074536806,7b3ff864005747415d72295ea3d26e5d3bfaf6726e52bf38f4d5496c17d3a119,21.126170164807412,late
experiment-evaluation-010,21.030798814410225,0.0,0,0.5608186944254794,1.3670434957161584,1.3670434957161584,22.232352594713483,0.6147142556018744,1.0,6.169201185589772,0.16167224936733332,7a8911ac407c170994abe5d711bf30558262cd7898f061d6dbcb94af240c4cb3,21.063133264283692,late
experiment-evaluation-010,21.149641700470735,0.0,0,0.5663894547095656,1.3653490189628301,0.0,22.221536713716244,0.6142241341476038,0.0,6.050358299529266,0.16030289241252127,6e8914f5d8afa7b4c6adf2c624deaba772c8fca6e1e0b3b53cf068dd129a0f6d,21.18170227895324,split
experiment-evaluation-010,21.080307816494432,0.0,0,0.5631394288981766,1.3653490189628301,0.6826745094814151,22.226829821582022,0.6144637280627536,0.5,6.119692183505566,0.16094134197350496,66d4bc5ff5affd31ab4651b95fbce8d54c4d978be4316155f20f6ea98e79585d,21.112496084889134,split
experiment-evaluation-010,21.019265821964726,0.0,0,0.5602780854045967,1.3653490189628301,1.3653490189628301,22.232072893283757,0.614700976532714,1.0,6.180734178035272,0.16157979153448865,c0206b32f5c2757748d5cc47e2c0d7da1b72fba09242d3d3e4eca963909e5de3,21.051581780271626,split
experiment-evaluation-010,21.14586197575228,0.0,0,0.5662122801133881,1.3445484666835863,0.0,22.210394114489258,0.6137221376391175,0.0,6.054138024247721,0.15918737918062292,a3cb698425a048a1607f18c0cae707e1a4e5393a49622f25c7f6947192718ce8,21.177699451588403,redistribute
experiment-evaluation-010,21.05925541886021,0.0,0,0.5621525977590723,1.3445484666835863,0.6722742333417931,22.215606583950237,0.6139580814357345,0.5,6.140744581139789,0.15981610221506548,7b931a82ce29d5652de6ef34bdae0f25010bf2273778d780591d07f7172aa0d6,21.091218639303225,redistribute
experiment-evaluation-010,21.010604201239264,0.0,0,0.5598720719330906,1.3445484666835863,1.3445484666835863,22.220819053411212,0.6141940252323514,1.0,6.189395798760734,0.16044482524950798,1492ce54ab4b11a963d00ba2d1294b7d05a3412c2148a694d1d921449cffd04c,21.042693166289165,redistribute
experiment-evaluation-010,22.53111802250488,0.0,1,0.6311461573049163,1.5599728845434995,0.0,21.578771400836125,0.5847266927502939,0.0,4.668881977495119,0.24516868041889897,a2c01666a88e46dec172c570a850d0eeee4556f67c6fe2e9c64b3437c0296ad4,22.58015175858866,early
experiment-evaluation-010,22.444489102322137,0.0,1,0.6270854266713501,1.5599728845434995,0.7799864422717497,21.58515736059605,0.5850249506281313,0.5,4.755510897677863,0.22371872294873998,9e892b305601348f3087fe8689efb1294e8401804f24d82ae80fccd62401f216,22.489232846911886,early
experiment-evaluation-010,22.366234704563343,0.0,1,0.6234172517764067,1.5599728845434995,1.5599728845434995,21.591543320355978,0.5853232085059689,1.0,4.833765295436656,0.20385320365947848,6bad75c81ef01be1d2e0b2ec49cf1c2448b342ccf5551e168ad0b02283f3e759,22.40700534529524,early
experiment-evaluation-010,22.552267272487935,0.0,1,0.632137528397872,1.5640568689045755,0.0,21.579747236137802,0.5847721095625753,0.0,4.647732727512064,0.24309546677859517,b3fc810fdf605a517eb4a3da74cf4ef8fb5878a06486d32f33f80ebec43341c5,22.600886365843653,late
experiment-evaluation-010,22.46316875615857,0.0,1,0.627961035444933,1.5640568689045755,0.7820284344522878,21.58614991423947,0.585071148274824,0.5,4.736831243841429,0.22216584628309588,3616a190642269f5c15ee928bb0882c90250b89bdf80729bcf8f3f562cde0a38,22.50760192541519,late
experiment-evaluation-010,22.38188362940348,0.0,1,0.624150795128288,1.5640568689045755,1.5640568689045755,21.592552592341136,0.5853701869870727,1.0,4.818116370596522,0.20238599798106663,71baf5672908a7dfde9937298cbba0191f4fe4bb0b18c7883fbf5886214036a9,22.422360828999693,late
experiment-evaluation-010,22.541692647496408,0.0,1,0.6316418428513941,1.5620148767240376,0.0,21.57925931848696,0.5847494011564345,0.0,4.658307352503591,0.24411281700729118,66464d27c1a5b4cb24b614ba1a775c9a2cbc3b8b2fe668b78a121f920d039ac5,22.590515210897866,split
experiment-evaluation-010,22.453828929240355,0.0,1,0.6275232310581416,1.5620148767240376,0.7810074383620188,21.585653637417764,0.5850480494514776,0.5,4.746171070759646,0.22287362506413053,e055fdd875df2947b8765db8b89131797cc0f21eecc67cbb80a0ac4747930c4f,22.49840365425318,split
experiment-evaluation-010,22.37405916698341,0.0,1,0.6237840234523474,1.5620148767240376,1.5620148767240376,21.59204795634856,0.5853466977465207,1.0,4.825940833016589,0.20311960082027275,5c62cd4327888005ecc82f49f1233f8d8cbaa4ba1ee2e2f39a7e1e77ac8e56c1,22.414683087147466,split
experiment-evaluation-010,22.411393176621708,0.0,1,0.6255340551541426,1.5369483982246093,0.0,21.564536146731736,0.5840612501187402,0.0,4.7886068233782915,0.2901110524086936,a3cb698425a048a1607f18c0cae707e1a4e5393a49622f25c7f6947192718ce8,22.469415387103446,redistribute
experiment-evaluation-010,22.33244766836013,0.0,1,0.621833484454381,1.5369483982246093,0.7684741991123046,21.57082785264624,0.5843551058467098,0.5,4.86755233163987,0.2682201486194411,923adf280162a23ea3d75f124dc92a64fad14d9bc44ecffd08ebd71805e1324a,22.386091698084016,redistribute
experiment-evaluation-010,22.27862679040794,0.0,1,0.6193106308003722,1.5369483982246093,1.5369483982246093,21.577119558560746,0.5846489615746793,1.0,4.92137320959206,0.24634426480767,71570bf2785e34ecda2fcb411f5e726b53e7c0402e28c304833262c4a9128f00,22.327895643369477,redistribute
experiment-evaluation-010,21.91424162298327,0.0,2,0.6022300760773407,1.5004729776965577,0.0,21.83205479490256,0.5962531238357109,0.0,5.28575837701673,0.22305657300969078,b2dd149ea5e0cf24a079eba8975dc80693925645f34f49bf4cc2b4ac30e4b7ca,21.958852937585206,early
experiment-evaluation-010,21.83064614254124,0.0,2,0.5983115379316207,1.5004729776965577,0.7502364888482789,21.837433483327892,0.5964964582142757,0.5,5.369353857458758,0.22546449194910595,0b4852cf4bbe0c169b14582b989d797b25168e408846e21640f96c85febc3bcd,21.875739040931062,early
experiment-evaluation-010,21.77336006195416,0.0,2,0.5956262529041013,1.5004729776965577,1.5004729776965577,21.842766168178617,0.5967376361752804,1.0,5.426639938045838,0.22787241088852112,cc61f55dd9c6882b298df5a615f2061f40e902a28cb410f1a82ac6074c45cd5a,21.818934544131867,early
experiment-evaluation-010,21.91597061064022,0.0,2,0.6023111223737603,1.5036364903170332,0.0,21.833482067525154,0.5963205188327219,0.0,5.284029389359781,0.22363881055250817,cff9c8d18b4d26fcf78866f0c4879e5a3700433884b87e2c45f6922dc21c5fac,21.96069837275072,late
experiment-evaluation-010,21.82819660011892,0.0,2,0.5981967156305743,1.5036364903170332,0.7518182451585166,21.83887209607388,0.5965643662437697,0.5,5.371803399881082,0.2260518062124422,aca84c558de36d026ebcf5a5dc576f817357a8a4aadd4b596aca2a1b8256cb73,21.873406961361407,late
experiment-evaluation-010,21.771075124441595,0.0,2,0.5955191464581997,1.5036364903170332,1.5036364903170332,21.84419481070634,0.5968050583149926,1.0,5.4289248755584065,0.22846480187237633,789661a3d4012f9df72c0fe05a5dc005b264136adfc9994e4087fec5b655be43,21.81676808481607,late
experiment-evaluation-010,21.913237590115905,0.0,2,0.6021830120366831,1.5020547340067956,0.0,21.832768431213854,0.5962868213342163,0.0,5.286762409884094,0.2233476917810993,b38adcf020d89dea818b2ca4cd31dafec219fa0912eb267e7074519048cc04c2,21.957907128472126,split
experiment-evaluation-010,21.82942137133008,0.0,2,0.5982541267810975,1.5020547340067956,0.7510273670033978,21.83815278970089,0.5965304122290227,0.5,5.37057862866992,0.22575814908077402,21cdef6ca5f276c96b3e8ccf752bd22eebdf69bbe15882236eb6968012150fbe,21.874573001146235,split
experiment-evaluation-010,21.772401142297998,0.0,2,0.5955813035452188,1.5020547340067956,1.5020547340067956,21.843480489442484,0.5967713472451365,1.0,5.427598857702001,0.22816860638044878,48466d3aefcb161ddac0adbd5fa49d6fc905d9ab4f976055435532b8ae1c5ace,21.818034863574088,split
experiment-evaluation-010,21.90741802931397,0.0,2,0.6019102201240923,1.4826378817192105,0.0,21.823557419345924,0.5958731676337654,0.0,5.2925819706860295,0.21977406280551065,a3cb698425a048a1607f18c0cae707e1a4e5393a49622f25c7f6947192718ce8,21.95137284187507,redistribute
experiment-evaluation-010,21.8166743353442,0.0,2,0.5976566094692594,1.4826378817192105,0.7413189408596053,21.82887217498092,0.5961136096630104,0.5,5.383325664655801,0.22215336045948558,6797d97e19533eeee426af32f9377ff163b3918cada3f7fae750d8da9e54e72f,21.861105007436098,redistribute
experiment-evaluation-010,21.756738480245147,0.0,2,0.5948471162614912,1.4826378817192105,1.4826378817192105,21.834186930615914,0.5963540516922555,1.0,5.443261519754853,0.22453265811346051,fbccb9e2c9e837b684b9161e97ce5e8e5cecb33fbacb08d1f2e0c0e8491d73dd,21.80164501186784,redistribute
experiment-evaluation-011,27.2,0.0,0,0.85,2.7605808457622736,0.0,29.04429021613781,0.85,0.0,0.0,9.432134664461294,327e91b5098d11625d18cb8b2621ea51ecaad433dfba467d0033460db9e68892,29.08642693289226,early
experiment-evaluation-011,27.2,0.0,0,0.85,2.7605808457622736,1.3802904228811368,29.05170270259647,0.85,0.5,0.0,9.47156432407955,cd25647157b727bdb57a984e06b01731ba23ab60e0d12de3eaf22bc0a162c304,29.094312864815908,early
experiment-evaluation-011,27.2,0.0,0,0.85,2.7605808457622736,2.7605808457622736,29.059115189055127,0.85,1.0,0.0,9.510993983697805,1f378d56211e1c2a0a4054d322e896135a4c4c1aa39dd2604e52848d8ce5828f,29.10219879673956,early
experiment-evaluation-011,27.2,0.0,0,0.85,2.7739415929165516,0.0,29.04356360177261,0.85,0.0,0.0,9.394443550823944,c7631c5723f22b7abe80c997b6bfb8d4813568089699eb224f0dd6da5f2c2dbc,29.078888710164787,late
experiment-evaluation-011,27.2,0.0,0,0.85,2.7739415929165516,1.3869707964582758,29.051011963419455,0.85,0.5,0.0,9.434064043365401,93b229355c6e9eacf8f9bbe4b68b0e14275bb687400c41bc49b3d710ddfce96c,29.08681280867308,late
experiment-evaluation-011,27.2,0.0,0,0.85,2.7739415929165516,2.7739415929165516,29.058460325066303,0.85,1.0,0.0,9.473684535906866,a76fa0c5277e85e50817210ab8c4cf9fef380e417d7a29303a525eff272407fd,29.09473690718137,late
experiment-evaluation-011,27.2,0.0,0,0.85,2.767261219339413,0.0,29.04392690895521,0.85,0.0,0.0,9.41328910764262,879fb30c84c8d0bb6a600786493293b55b1a9235c85ac3ed40a5e92a24ce8fe7,29.082657821528525,split
experiment-evaluation-011,27.2,0.0,0,0.85,2.767261219339413,1.3836306096697064,29.051357333007964,0.85,0.5,0.0,9.452814183722474,bfc25760491c74fe03e3845c087ce8e0ffc3584d924c6672e1c2fca5241b58c8,29.090562836744493,split
experiment-evaluation-011,27.2,0.0,0,0.85,2.767261219339413,2.767261219339413,29.058787757060713,0.85,1.0,0.0,9.492339259802336,8e08c9782c9957675f4ed7a7422ace19e161981c54fc061e8f0e8b7358671701,29.098467851960468,split
experiment-evaluation-011,27.2,0.0,0,0.85,2.685256282084766,0.0,29.028257243303493,0.85,0.0,0.0,9.204372828911048,07713ba431d59fd206f990277a216d333a940b741cc1224c91cc5fc6e8711a44,29.040874565782207,redistribute
experiment-evaluation-011,27.2,0.0,0,0.85,2.685256282084766,1.342628141042383,29.03546747438929,0.85,0.5,0.0,9.242726620053563,1e1eba45877bad425e541ef26d77be6577127c607da9e1941b7b18a58c6b7ee5,29.04854532401071,redistribute
experiment-evaluation-011,27.2,0.0,0,0.85,2.685256282084766,2.685256282084766,29.042677705475086,0.85,1.0,0.0,9.281080411196076,84dfc11992f6d40b2d4c3b5c6a51180bb1e78235fdb4127897ad952353645467,29.056216082239214,redistribute
experiment-evaluation-011,27.2,0.0,1,0.85,2.47775132834689,0.0,29.06164016307953,0.85,0.0,0.0,9.167624834444423,f518deb3edc7364fa1c6a1ff7552891b557bb9a6ed2c3856e51cc5e88b293d40,29.033524966888884,early
experiment-evaluation-011,27.2,0.0,1,0.85,2.47775132834689,1.238875664173445,29.06829321879333,0.85,0.5,0.0,9.203014811030458,2e4efaf3c2bb53b03db84fb67819a0d74fab1ba29e7e81b20cb92a0d650457ac,29.04060296220609,early
experiment-evaluation-011,27.2,0.0,1,0.85,2.47775132834689,2.47775132834689,29.07494627450712,0.85,1.0,0.0,9.238404787616497,ee7af4f430e9a351769aca27e95b139bc6c4e037ea8aaf7b2fec64b7fd6a3daa,29.047680957523298,early
experiment-evaluation-011,27.2,0.0,1,0.85,2.4901836507217174,0.0,29.060964040410187,0.85,0.0,0.0,9.132552838096087,de18f36b0daa86807a8adbdd942f80c348089ea5352597e17e83e7b8166dd0de,29.026510567619216,late
experiment-evaluation-011,27.2,0.0,1,0.85,2.4901836507217174,1.2450918253608587,29.0676504783817,0.85,0.5,0.0,9.168120386818895,a5b5cf1c13bd70cea7ee5fb2c95f7d69d1b5c4e45b66a5f5acc0e2600c36debf,29.03362407736378,late
experiment-evaluation-011,27.2,0.0,1,0.85,2.4901836507217174,2.4901836507217174,29.074336916353218,0.85,1.0,0.0,9.203687935541703,5b6882e6b22b17243b8ad2fbcc13b08770135689f21ea7c953a2b62b651a7f0c,29.04073758710834,late
experiment-evaluation-011,27.2,0.0,1,0.85,2.4839674895343045,0.0,29.061302101744857,0.85,0.0,0.0,9.150088836270251,1d2873fe9f05865078102d96b517ca8d34c5ba8dec97a0d02ef8d2566378243d,29.03001776725405,split
experiment-evaluation-011,27.2,0.0,1,0.85,2.4839674895343045,1.2419837447671522,29.067971848587515,0.85,0.5,0.0,9.185567598924676,81f81757f8e660fea7ed7ce2246705955be5f6b598cdb759b7ca15bd107e81de,29.037113519784935,split
experiment-evaluation-011,27.2,0.0,1,0.85,2.4839674895343045,2.4839674895343045,29.07464159543017,0.85,1.0,0.0,9.221046361579104,9bd51b8dd5e0b3e31b0d02ad20b36438e0c73c187b0265c63ef0fdab9a209a7b,29.04420927231582,split
experiment-evaluation-011,27.2,0.0,1,0.85,2.407660992262489,0.0,29.04672130527903,0.85,0.0,0.0,9.019732209155665,07713ba431d59fd206f990277a216d333a940b741cc1224c91cc5fc6e8711a44,29.003946441831133,redistribute
experiment-evaluation-011,27.2,0.0,1,0.85,2.407660992262489,1.2038304961312445,29.05318616014085,0.85,0.5,0.0,9.054121078276012,c27c1e79c3eccecde88f4968969d7dac840c9a4aaacd3cbf4d38f5cb0b1d9d15,29.0108242156552,redistribute
experiment-evaluation-011,27.2,0.0,1,0.85,2.407660992262489,2.407660992262489,29.059651015002675,0.85,1.0,0.0,9.08850994739636,bb65e35c6694f2c7b5d5aa8a0e58c54c730962a5a00c19021c2d686b7c0f12dc,29.01770198947927,redistribute
experiment-evaluation-011,27.2,0.0,2,0.85,2.7507230574659185,0.0,29.037334873857606,0.85,0.0,0.0,9.410787492841031,5926a54359e7bb8d3aa8933bea5c3ac0d5c33654900c9b62f4313096cd71e7e6,29.082157498568204,early
experiment-evaluation-011,27.2,0.0,2,0.85,2.7507230574659185,1.3753615287329592,29.0447208909874,0.85,0.5,0.0,9.45007635265706,7c263fa6508b74c61406e9a5fa1d7e500959fb3879328711231c86e85f692fd8,29.09001527053141,early
experiment-evaluation-011,27.2,0.0,2,0.85,2.7507230574659185,2.7507230574659185,29.052106908117192,0.85,1.0,0.0,9.489365212473087,1d478babc922e610bae28ae341550ef16a463093c21faff6e583a02a6d2b0487,29.097873042494616,early
experiment-evaluation-011,27.2,0.0,2,0.85,2.763159973360927,0.0,29.036658501373058,0.85,0.0,0.0,9.375702538018961,f31db0e4755b4e7de9eb261a31bfc87b53157a7d2a9598c451342f8aa62ac546,29.07514050760379,late
experiment-evaluation-011,27.2,0.0,2,0.85,2.763159973360927,1.3815799866804634,29.044077913094718,0.85,0.5,0.0,9.415169035581478,645fb7372134a6045b775c304bf4904c81524875f2c266c8af56aeceab396ce0,29.083033807116294,late
experiment-evaluation-011,27.2,0.0,2,0.85,2.763159973360927,2.763159973360927,29.051497324816378,0.85,1.0,0.0,9.454635533143994,6a3d9d83003b5edf287dbf5796bd1cdf003249b537e81db2b710390a148e99c5,29.090927106628797,late
experiment-evaluation-011,27.2,0.0,2,0.85,2.756941515413423,0.0,29.036996687615332,0.85,0.0,0.0,9.393245015429997,0a5812c498aae145f547647ccd950c520cea7a767eb749eb1b821755d5de9378,29.078649003086,split
experiment-evaluation-011,27.2,0.0,2,0.85,2.756941515413423,1.3784707577067115,29.04439940204106,0.85,0.5,0.0,9.432622694119267,0f103690f21316ca379c54ad5c7c78775144fb9db28868527a7431b518f32478,29.086524538823852,split
experiment-evaluation-011,27.2,0.0,2,0.85,2.756941515413423,2.756941515413423,29.051802116466785,0.85,1.0,0.0,9.472000372808543,8742e5354b838d678b99153bdd8966206d1813992a4aa7407d6f3d032ff2dd58,29.094400074561708,split
experiment-evaluation-011,27.2,0.0,2,0.85,2.6806068242591996,0.0,29.022410503806668,0.85,0.0,0.0,9.262840223879252,07713ba431d59fd206f990277a216d333a940b741cc1224c91cc5fc6e8711a44,29.05256804477585,redistribute
experiment-evaluation-011,27.2,0.0,2,0.85,2.6806068242591996,1.3403034121295998,29.029608250547653,0.85,0.5,0.0,9.301127606338332,fc851f72261ce4d52e2221bbf84b80cb00846325606551a167dbe28d8eca06c3,29.060225521267665,redistribute
experiment-evaluation-011,27.2,0.0,2,0.85,2.6806068242591996,2.6806068242591996,29.036805997288635,0.85,1.0,0.0,9.339414988797412,b3eb5b010eed8c200778bf158092db7fc11d9e701c09a5f50ccf62cb7c2f8adc,29.067882997759483,redistribute
experiment-evaluation-012,22.045181381415336,0.0,0,0.6083678772538439,1.5239445244625256,0.0,22.267629176688146,0.6153820747707541,0.0,5.154818618584663,0.24745630021965473,f7f730f8e2ade27120948df44f2d7446e9b4edc2a28053b2b05d4cfbded1073c,22.094672641459265,early
experiment-evaluation-012,22.009769267821067,0.0,0,0.6067079344291125,1.5239445244625256,0.7619722622312628,22.28577205702704,0.6162207441539511,0.5,5.190230732178933,0.24828571186734008,9f7969c054983d59d73d0fb90dd3c3bfc73745bff54ee2b763b127d72a21bd63,22.059426410194536,early
experiment-evaluation-012,21.976372508653025,0.0,0,0.6051424613431106,1.5239445244625256,1.5239445244625256,22.30385168310398,0.6170564484936192,1.0,5.223627491346973,0.24911512351502543,29850bbcb6860287b6b0d4009f2bdb155b8bd8f608be440b969086995d8048c7,22.02619553335603,early
experiment-evaluation-012,22.03913778353103,0.0,0,0.6080845836030171,1.5309779846270444,0.0,22.273122330938605,0.6156359709662228,0.0,5.16086221646897,0.24770948763304837,f820ad718d759aa8b70a53bf4ec0976cfc5b351a283e9bc83ea2d67529accaa0,22.088679681057638,late
experiment-evaluation-012,22.003562232432106,0.0,0,0.606416979645255,1.5309779846270444,0.7654889923135222,22.291322415787313,0.6164772674512093,0.5,5.196437767567892,0.2485427272637674,59b4ccf5bbe33e7acb0dd1d4f8359477ae59e0782efe23051a7ae41297989f89,22.05327077788486,late
experiment-evaluation-012,21.991224522569546,0.0,0,0.6058386494954474,1.5309779846270444,1.5309779846270444,22.30948548475063,0.6173168288165684,1.0,5.208775477430455,0.24937596689448652,8ee50a738aabae1e0ff25156bf999ee7a43d7f6ee06943a60e59de63f8eb1ffa,22.041099715948445,late
experiment-evaluation-012,22.042159582473186,0.0,0,0.6082262304284305,1.527461254544785,0.0,22.270375753813376,0.6155090228684885,0.0,5.157840417526815,0.2475828939263515,d20a01714012d594e3b1ddf90b1c03637d9e01c1d83b0036a6dcbccb6feba281,22.091676161258455,split
experiment-evaluation-012,22.006665750126587,0.0,0,0.6065624570371838,1.527461254544785,0.7637306272723925,22.288547236407176,0.6163490058025802,0.5,5.193334249873413,0.24841421956555373,10d49edaf3620c3f4d2c15a01a4a7af82bb1b21ab18adf47b677bfbf9d59f372,22.056348594039697,split
experiment-evaluation-012,21.982956728894802,0.0,0,0.6054510966669439,1.527461254544785,1.527461254544785,22.306668583927305,0.6171866386550937,1.0,5.217043271105196,0.24924554520475597,994cb66e2599f180aa060988be709a9d29b182f4927394481a873ce061db9a9b,22.032805837935754,split
experiment-evaluation-012,21.8731993250563,0.0,0,0.600306218362014,1.4842916284142755,0.0,22.23238096821573,0.6137500850245281,0.0,5.3268006749437,0.24602889266360342,cebaa7a87e566f78bdce74d3d8e35bacd107a21f377cbdbf4bfea522178bd1d3,21.92240510358902,redistribute
experiment-evaluation-012,21.867787687716728,0.0,0,0.6000525478617216,1.4842916284142755,0.7421458142071378,22.246757517046824,0.6144125140842238,0.5,5.332212312283273,0.24683672309667173,2f40574a4eed1f3e605d947cdf716f6d1bb1a5c975ad8dba6fda645c2bf4f901,21.917155032336062,redistribute
experiment-evaluation-012,21.85477259375244,0.0,0,0.5994424653321455,1.4842916284142755,1.4842916284142755,22.263829247035776,0.6152012797606943,1.0,5.345227406247561,0.24764455352974005,9c8497f5a0f2128833558e7ded3e6f5bb3dd2f20693be83ea406c94b021fb59e,21.904301504458388,redistribute
experiment-evaluation-012,22.555963334127945,0.0,1,0.6323107812872474,1.770905713064991,0.0,22.00006173654429,0.6027062360185531,0.0,4.644036665872056,0.2214799158965764,2af2c9ebc63460377fb8edc5cd511d34bd76a8166302b882587e3f5fb6bd380a,22.60025931730726,early
experiment-evaluation-012,22.514393670714725,0.0,1,0.6303622033147528,1.770905713064991,0.8854528565324955,22.018787596226716,0.6035717148224571,0.5,4.6856063292852745,0.22468691572967425,b0a56a40f1f0429b16d736f7413a6c6ead7a0edb5e458b0d105a92f2f7ff4adf,22.55933105386066,early
experiment-evaluation-012,22.48069786096406,0.0,1,0.6287827122326903,1.770905713064991,1.770905713064991,22.03751345590915,0.6044371936263613,1.0,4.719302139035939,0.2278939155627721,c43d047d1f5e561bee3fb24428936b47f03c0eb234faae8d0017c5c46a1c5f3d,22.526276644076614,early
experiment-evaluation-012,22.60004097246482,0.0,1,0.6343769205842886,1.7776503934565477,0.0,22.00238707564938,0.6028121388893419,0.0,4.599959027535177,0.22228777752521217,32e0b19e53842a271ff60c15bea5e395fa7a4ff02ad43f96101aace1e06c1e00,22.644498527969866,late
experiment-evaluation-012,22.55114957037639,0.0,1,0.6320851361113932,1.7776503934565477,0.8888251967282739,22.02092564030516,0.6036687914087642,0.5,4.648850429623612,0.22550699155397863,55c043cc42e89d04b75b2f0719bc51ef7f37fb5719e9127b61364d1a1dac209a,22.596250968687183,late
experiment-evaluation-012,22.515259849718138,0.0,1,0.6304028054555377,1.7776503934565477,1.7776503934565477,22.03972281939081,0.604537566479587,1.0,4.684740150281862,0.22872620558274503,b35d4d79dd428b18e6a78985c5e93083553b0e83cc20808c3a58a559f360167c,22.561005090834687,late
experiment-evaluation-012,22.575965038568018,0.0,1,0.6332483611828759,1.7742780532607692,0.0,22.001214762154177,0.6027587353941353,0.0,4.624034961431982,0.22188384671089434,50c767b7255f759dc3c722c2ceabb3cf9e9988015a40cb4c10d9329797253801,22.620341807910197,split
experiment-evaluation-012,22.532771620545557,0.0,1,0.631223669713073,1.7742780532607692,0.8871390266303846,22.01985661826594,0.6036202531156107,0.5,4.667228379454444,0.22509695364182647,42858a15d8a9d10194259e522fa1a7c151f642695a9a1bad9023d209f6b23666,22.577791011273924,split
experiment-evaluation-012,22.498444296974988,0.0,1,0.6296145764207025,1.7742780532607692,1.7742780532607692,22.038618137649976,0.6044873800529742,1.0,4.701555703025012,0.2283100605727586,b72edec3c8809d3db1d897f83e57d40d6af77d1a4923f8fcca75ffbeb67ba7d4,22.54410630908954,split
experiment-evaluation-012,22.403355590865484,0.0,1,0.6251572933218196,1.732880885428342,0.0,21.970213185246507,0.6013245475446254,0.0,4.796644409134516,0.21692539330991834,cebaa7a87e566f78bdce74d3d8e35bacd107a21f377cbdbf4bfea522178bd1d3,22.44674066952747,redistribute
experiment-evaluation-012,22.377812751974293,0.0,1,0.6239599727487951,1.732880885428342,0.866440442714171,21.98724175275743,0.6021107297944677,0.5,4.822187248025705,0.220063532550956,a2ea6578ecbea21861015a4386ed6b8dfd47464824b34fb3f3fb37d5078bda53,22.421825458484484,redistribute
experiment-evaluation-012,22.337865197967098,0.0,1,0.6220874311547077,1.732880885428342,1.732880885428342,22.002427245633033,0.6028105179207792,1.0,4.862134802032904,0.22320167179199368,db48783324b043e3c9b822c0bee3ed2d7504456d8d716b36ff6f75edd07b628d,22.382505532325496,redistribute
experiment-evaluation-012,22.10756443826531,0.0,2,0.6112920830436863,2.068625319722118,0.0,22.226524326118323,0.6146940836551829,0.0,5.092435561734691,0.5371087674584977,dbe7f861fc1cc1cfa245642b63b8472393a93fbba10f9163cde5a59ad57daaba,22.21498619175701,early
experiment-evaluation-012,22.059035606705578,0.0,2,0.6090172940643239,2.068625319722118,1.034312659861059,22.251349130975655,0.615854725334869,0.5,5.140964393294423,0.5591459712270839,36dd294999374287ac857b68b5315c0ddfe5feac266d0586df58708453829d40,22.170864800950994,early
experiment-evaluation-012,22.026685708705255,0.0,2,0.6075008925955588,2.068625319722118,2.068625319722118,22.27560185075727,0.6169885505266308,1.0,5.173314291294744,0.5794233899414666,7b7529cc4f103f2d9b1c144789fea4001bab137254bd332f6b4f24e70256281a,22.14257038669355,early
experiment-evaluation-012,22.132362325217237,0.0,2,0.6124544839945579,2.076238510862962,0.0,22.228285929202457,0.6147759234149821,0.0,5.067637674782763,0.54247307282795,0a3fcdf48d7d9eb6a32a78c97cbbd1bce6c62cc52662d5127d8f7b80de3da317,22.240856939782827,late
experiment-evaluation-012,22.101406751185777,0.0,2,0.6110034414618333,2.076238510862962,1.038119255431481,22.253173508151725,0.6159394965118218,0.5,5.098593248814223,0.5641894316655744,0b0c4ef0141310f60833128aef7df458fec3c28328f366fe447c4bba3307629e,22.214244637518892,late
experiment-evaluation-012,22.063372516879085,0.0,2,0.609220586728707,2.076238510862962,2.076238510862962,22.27808721126504,0.6171042941788509,1.0,5.136627483120916,0.5839727918300193,f45e08f495e6cd9064448be902507ea38542c6c06756ae0ab9d1317bf650e399,22.180167075245087,late
experiment-evaluation-012,22.116211960229776,0.0,2,0.6116974356357707,2.0724319152925403,0.0,22.22740512766039,0.6147350035350825,0.0,5.083788039770224,0.5397909201432238,01b287541f2c09762387cdc4d7547ba2f111dce93098542947ba63dfd3f6bf78,22.224170144258423,split
experiment-evaluation-012,22.07695978563361,0.0,2,0.6098574899515755,2.0724319152925403,1.0362159576462702,22.252261319563694,0.6158971109233454,0.5,5.12304021436639,0.5616895472716796,14bde5d2e89b1e67ab0b3a7c8521cee890c8fbf072ee6fbe3729c3b097dcd7dd,22.189297695087944,split
experiment-evaluation-012,22.04125120775878,0.0,2,0.6081836503636928,2.0724319152925403,2.0724319152925403,22.277080650450692,0.6170574904514692,1.0,5.15874879224122,0.5817245744076356,19897a8257a08149bfd0f9cdac7351d90b1e4ab3db5132def6ea24e17edd8f38,22.157596122640307,split
experiment-evaluation-012,21.916648036847715,0.0,2,0.6023428767272366,2.0257040448670685,0.0,22.184572886558243,0.6127317558419167,0.0,5.283351963152286,0.5068661502813904,cebaa7a87e566f78bdce74d3d8e35bacd107a21f377cbdbf4bfea522178bd1d3,22.018021266903993,redistribute
experiment-evaluation-012,21.86038883062437,0.0,2,0.5997057264355172,2.0257040448670685,1.0128520224335342,22.205273926432508,0.6136991587208237,0.5,5.339611169375631,0.5284461108406965,bdd8389dca56572ffb0f20e6371de4fe2f13900c041d25ff6ef812295211eec9,21.966078052792508,redistribute
experiment-evaluation-012,21.809362067029976,0.0,2,0.59731384689203,2.0257040448670685,2.0257040448670685,22.22680974430934,0.6147056918186008,1.0,5.390637932970025,0.5500260714000029,cf28e3a956ecf4d43d62d8799e40c8f9f7d897f78a1755c37028d947ab6af734,21.919367281309977,redistribute
experiment-evaluation-013,27.2,0.0,0,0.85,4.136164634640137,0.0,36.56065842718607,0.85,0.0,0.0,45.65121681127514,ca599a0fa70622ca2108ac17a115ea0474917d14fe502785c98a7fa368c9b61d,36.330243362255025,early
experiment-evaluation-013,27.2,0.0,0,0.85,4.136164634640137,2.0680823173200684,36.57912069510604,0.85,0.5,0.0,45.805085655321605,81279c4ce6425dcec7d93e8aa7a4b5578ed599936d66b0a835e0d1b188742849,36.36101713106432,early
experiment-evaluation-013,27.2,0.0,0,0.85,4.136164634640137,4.136164634640137,36.59758296302602,0.85,1.0,0.0,45.958954499368076,2655a9cbac9bb647437d64b66666e9871fe051bffefaac17cc244fa75fd9f008,36.39179089987361,early
experiment-evaluation-013,27.2,0.0,0,0.85,4.164628461969815,0.0,36.558448715440136,0.85,0.0,0.0,45.570919404397465,ac2a964afff9189678e7a7362e15e15ea86035fc831b4eeae74573ccae6d71a1,36.31418388087949,late
experiment-evaluation-013,27.2,0.0,0,0.85,4.164628461969815,2.0823142309849074,36.577038035074104,0.85,0.5,0.0,45.725847127041675,2bc66c4ade6f1140b5786cfcd1fbe3a8acc5f5f8cf5a230beeea34feaeb641ef,36.345169425408336,late
experiment-evaluation-013,27.2,0.0,0,0.85,4.164628461969815,4.164628461969815,36.59562735470808,0.85,1.0,0.0,45.880774849685885,51f9e765e10501897dcc59fc333d156fc7ea84d6ecca86244bcb4bff7b3b95c7,36.376154969937176,late
experiment-evaluation-013,27.2,0.0,0,0.85,4.150396548304976,0.0,36.5595535713131,0.85,0.0,0.0,45.611068107836296,06cc18e65ec46071badee21f754e411503aa1ba812966caa2fb6b3b6617eaf4e,36.32221362156726,split
experiment-evaluation-013,27.2,0.0,0,0.85,4.150396548304976,2.075198274152488,36.57807936509007,0.85,0.5,0.0,45.765466391181654,4e50e5300174fe0eaec1d7556766aa967271871d7ada8ec22a728585492fd40b,36.35309327823633,split
experiment-evaluation-013,27.2,0.0,0,0.85,4.150396548304976,4.150396548304976,36.59660515886705,0.85,1.0,0.0,45.91986467452698,0d1447fa3ceb66a9fa78c9f65c825ed1e791e675f6484dbd73485c1cc2fb213a,36.383972934905394,split
experiment-evaluation-013,27.2,0.0,0,0.85,3.9756926678075484,0.0,36.511900447588154,0.85,0.0,0.0,45.11011792347492,e47766c4a327cd450d83e1928a25368530ec242cecac446956b31a21d6c6aab1,36.22202358469498,redistribute
experiment-evaluation-013,27.2,0.0,0,0.85,3.9756926678075484,1.9878463339037742,36.52964642959908,0.85,0.5,0.0,45.25801707380282,892bb8dd1d87ea9449b7b45a493546e854341ded15a78a9eb3f20ca701039001,36.25160341476057,redistribute
experiment-evaluation-013,27.2,0.0,0,0.85,3.9756926678075484,3.9756926678075484,36.547392411610005,0.85,1.0,0.0,45.4059162241307,c35e4cdebf7265f001870b760f608a2cf27bc767a1d1216e971539e23943d0b0,36.28118324482614,redistribute
experiment-evaluation-013,27.2,0.0,1,0.85,5.301907358931677,0.0,36.148430512308565,0.85,0.0,0.0,49.81385515721935,f9ec6d6747da60a5634475be54fb8c99cd4f4b39d12e23c23b0cf94b58485c16,37.16277103144387,early
experiment-evaluation-013,27.2,0.0,1,0.85,5.301907358931677,2.6509536794658386,36.172096212974274,0.85,0.5,0.0,50.01109062258939,138a259e393a39babf01325024f10d812a32c4a4a9ad6a7e6c04961cb25d40db,37.20221812451788,early
experiment-evaluation-013,27.2,0.0,1,0.85,5.301907358931677,5.301907358931677,36.195761913639984,0.85,1.0,0.0,50.20832608795941,75beeda9f2f5d44fe9b1c5113a78952818ab7e71f218013e9eebd0c581164375,37.24166521759189,early
experiment-evaluation-013,27.2,0.0,1,0.85,5.331487936552289,0.0,36.146134104694,0.85,0.0,0.0,49.73040736049939,7ca3f1ae13d6d650004cfea299d8065711c448da24bc4d6fb1ebc9c0768842b9,37.14608147209988,late
experiment-evaluation-013,27.2,0.0,1,0.85,5.331487936552289,2.6657439682761446,36.16993184182283,0.85,0.5,0.0,49.92874324852827,8fa1e63dae483d3f78f8902404432f09d45dbb0e6b8db4a1204d850651c05900,37.18574864970566,late
experiment-evaluation-013,27.2,0.0,1,0.85,5.331487936552289,5.331487936552289,36.19372957895166,0.85,1.0,0.0,50.127079136557164,ed36796237004a75a95122b0349c0e1a5806982e2709b4a9d9b9e5b14fbef781,37.22541582731144,late
experiment-evaluation-013,27.2,0.0,1,0.85,5.316697647741984,0.0,36.147282308501275,0.85,0.0,0.0,49.772131258859375,7d0d83dfe4468e5a299606e707dbac31993648a74a52df7177a6de59f8cbe3b1,37.15442625177187,split
experiment-evaluation-013,27.2,0.0,1,0.85,5.316697647741984,2.658348823870992,36.171014027398556,0.85,0.5,0.0,49.96991693555883,357273b1d0ee0ffcbbd1660a8e40a6936abf7ef991db0d53634e1233061d8a54,37.193983387111764,split
experiment-evaluation-013,27.2,0.0,1,0.85,5.316697647741984,5.316697647741984,36.19474574629583,0.85,1.0,0.0,50.167702612258296,555acac8f3921c42a58773f68adac44c5fd14562cd1b408dc3fbf7177c42f954,37.23354052245166,split
experiment-evaluation-013,27.2,0.0,1,0.85,5.135139432192801,0.0,36.097759561300634,0.85,0.0,0.0,49.2515267863501,e47766c4a327cd450d83e1928a25368530ec242cecac446956b31a21d6c6aab1,37.05030535727002,redistribute
experiment-evaluation-013,27.2,0.0,1,0.85,5.135139432192801,2.5675697160964006,36.120680873283625,0.85,0.5,0.0,49.44255834293554,359054bf686dc7e587b5f702a314124bb9e47d7534e29713eaed589a527c60d7,37.08851166858711,redistribute
experiment-evaluation-013,27.2,0.0,1,0.85,5.135139432192801,5.135139432192801,36.14360218526661,0.85,1.0,0.0,49.633589899521,98eaeb0433cf9aa09f9974435b72cb3a137ebc1576077387860001823df00321,37.1267179799042,redistribute
experiment-evaluation-013,27.2,0.0,2,0.85,4.455697444048915,0.0,36.67272630870431,0.85,0.0,0.0,44.273228089575774,8f708e0f9b85eb5eac79ac9f59e2c7ba55411cd2b42ec04036197cf93246825c,36.054645617915156,early
experiment-evaluation-013,27.2,0.0,2,0.85,4.455697444048915,2.2278487220244574,36.69261484971969,0.85,0.5,0.0,44.438983826036264,3479ac6c9f717310f0090c62df04a9f43438a0a38a3455b75102b9b5b071faee,36.08779676520725,early
experiment-evaluation-013,27.2,0.0,2,0.85,4.455697444048915,4.455697444048915,36.712503390735066,0.85,1.0,0.0,44.60473956249676,418f117781e5d35477333f39588ea674dc2a1f0bd39c89afee1b43a0c921a3ac,36.12094791249935,early
experiment-evaluation-013,27.2,0.0,2,0.85,4.477041434188611,0.0,36.671069326135864,0.85,0.0,0.0,44.213015981035696,f94947532fd705663f01f378934003e6c3c0599180d226db442c899d516a9825,36.04260319620714,late
experiment-evaluation-013,27.2,0.0,2,0.85,4.477041434188611,2.2385207170943056,36.69105313861629,0.85,0.5,0.0,44.379565732091905,d5db7d64f8ceed2dc81a6fb66760a1a21a2c74db2f50cc8bac0a17f2fbc28d99,36.07591314641838,late
experiment-evaluation-013,27.2,0.0,2,0.85,4.477041434188611,4.477041434188611,36.711036951096716,0.85,1.0,0.0,44.5461154831481,b28ee6015d1fc6e7d0ee6c0e75c43b3ab91fb7d6e06bf7f51054542324bdd5bd,36.10922309662962,late
experiment-evaluation-013,27.2,0.0,2,0.85,4.466369439118764,0.0,36.67189781742008,0.85,0.0,0.0,44.24312203530573,2b42b0284fcf72aa8cb87290d481a5b86be9f764a4ef5645282729f631cf8bb8,36.04862440706115,split
experiment-evaluation-013,27.2,0.0,2,0.85,4.466369439118764,2.233184719559382,36.691833994167986,0.85,0.5,0.0,44.40927477906409,1beb300c6b832c3ed88726f0750ff51fd19c1e7beeed1891c8743c73a9b4c890,36.081854955812815,split
experiment-evaluation-013,27.2,0.0,2,0.85,4.466369439118764,4.466369439118764,36.71177017091589,0.85,1.0,0.0,44.57542752282243,b86a246ae3d8672dbfb6b1c4b1915478a473023a75361e1472d0caf2223a237a,36.11508550456448,split
experiment-evaluation-013,27.2,0.0,2,0.85,4.33536534541363,0.0,36.6361644709825,0.85,0.0,0.0,43.86747768953145,e47766c4a327cd450d83e1928a25368530ec242cecac446956b31a21d6c6aab1,35.97349553790629,redistribute
experiment-evaluation-013,27.2,0.0,2,0.85,4.33536534541363,2.167682672706815,36.65551589521443,0.85,0.5,0.0,44.02875696952701,eedf8a3823031926075178a3c71681ac83a2fe49e48c8c8d02791cccf52ebc02,36.0057513939054,redistribute
experiment-evaluation-013,27.2,0.0,2,0.85,4.33536534541363,4.33536534541363,36.67486731944635,0.85,1.0,0.0,44.19003624952262,4ca3941dee86a7de24d3e67ea44540d588caf416ba81f3463ef3ac733f6e0f5c,36.038007249904524,redistribute
experiment-evaluation-014,27.2,0.0,0,0.85,4.322090118569041,0.0,35.384848683006695,0.85,0.0,0.0,38.97755650830674,fd54a63a735b4d7056d4df90cd303c2ad2623096151e03336b0312eb3d9474f3,34.995511301661345,early
experiment-evaluation-014,27.2,0.0,0,0.85,4.322090118569041,2.1610450592845205,35.38775113654596,0.85,0.5,0.0,38.8173478324224,18377be07a60eb230dde64beb13fb29cb207073caabe6efe3772dec69caa83c7,34.96346956648448,early
experiment-evaluation-014,27.2,0.0,0,0.85,4.322090118569041,4.322090118569041,35.390653590085215,0.85,1.0,0.0,38.65713915653809,bf8ab61329651370ce26e34e4ddba37c8910d2cdfcaf6afb01e82428ddb5c03a,34.931427831307616,early
experiment-evaluation-014,27.2,0.0,0,0.85,4.336859362614677,0.0,35.38453049187427,0.85,0.0,0.0,38.935891977930254,8efb632de8c182aed19e5ec1fbc77b6f5fccd6a6c29cc02e43c676d510370699,34.98717839558605,late
experiment-evaluation-014,27.2,0.0,0,0.85,4.336859362614677,2.1684296813073387,35.387442863541914,0.85,0.5,0.0,38.775135844457694,1221cc31053552b812aa4c41af22cabef07e8a7513e81401bbb839d89731a6c9,34.95502716889154,late
experiment-evaluation-014,27.2,0.0,0,0.85,4.336859362614677,4.336859362614677,35.390355235209555,0.85,1.0,0.0,38.61437971098518,4bd9799c18aeaa5c23d25b9d61992f1220a06fb0a8695e0110c14bf3edf75c40,34.92287594219704,late
experiment-evaluation-014,27.2,0.0,0,0.85,4.329474740591858,0.0,35.384689587440484,0.85,0.0,0.0,38.95672424311849,59046b0b237b3d9c53aefc0117dc64bd4456a6e036c007a7e82244d986d2bcd7,34.9913448486237,split
experiment-evaluation-014,27.2,0.0,0,0.85,4.329474740591858,2.164737370295929,35.38759700004394,0.85,0.5,0.0,38.79624183844006,a17c8e6cffb59751611207eef9458e7ec8e48957c1dc580ab8a2775e5fa5c5ed,34.95924836768801,split
experiment-evaluation-014,27.2,0.0,0,0.85,4.329474740591858,4.329474740591858,35.39050441264738,0.85,1.0,0.0,38.63575943376162,04fbd69b43379fb16dcff69be9cb94ae5d2db2da0b0d760f933b25556d789c5d,34.92715188675233,split
experiment-evaluation-014,27.2,0.0,0,0.85,4.238824800339582,0.0,35.377827696323095,0.85,0.0,0.0,39.23613714520647,f0236e65fecf6a27e8e96e6e99b9cd2ddc8c52d4cb5522670bea0836d47504b1,35.04722742904129,redistribute
experiment-evaluation-014,27.2,0.0,0,0.85,4.238824800339582,2.119412400169791,35.38067423392563,0.85,0.5,0.0,39.07901489880758,a2f16e8b1585e3c4cab305394e215375aa9154d810c54abacf616306ca2e4808,35.01580297976152,redistribute
experiment-evaluation-014,27.2,0.0,0,0.85,4.238824800339582,4.238824800339582,35.38352077152817,0.85,1.0,0.0,38.921892652408694,be2beb2a31499477695f6ca79de1d7bfccc6239a6e8b2fa106a812591bb744a0,34.984378530481735,redistribute
experiment-evaluation-014,27.2,0.0,1,0.85,4.621111030555837,0.0,35.26910127670949,0.85,0.0,0.0,40.14852242510256,d7ba03c891d43d328ea0b63e0d4b13b57a0843ebe003dda3d75646f3335224ef,35.22970448502051,early
experiment-evaluation-014,27.2,0.0,1,0.85,4.621111030555837,2.3105555152779185,35.27220453455419,0.85,0.5,0.0,39.97722981920824,a366d89c00abc5a1711973da45567457daa11d9ccd3d472c8258d50f56d6765a,35.19544596384165,early
experiment-evaluation-014,27.2,0.0,1,0.85,4.621111030555837,4.621111030555837,35.2753077923989,0.85,1.0,0.0,39.805937213313904,8e7e8ff1f32617bab5d2c857230813160e29d0cd017f7511d843e7a2945363c5,35.16118744266278,early
experiment-evaluation-014,27.2,0.0,1,0.85,4.634822443380184,0.0,35.268805875674744,0.85,0.0,0.0,40.10984207190648,da21e549c4ca7f4dd8e9bbc61897bc06b7e1028871a6ef1f1202ff5fdaf4b761,35.221968414381294,late
experiment-evaluation-014,27.2,0.0,1,0.85,4.634822443380184,2.317411221690092,35.27191834127254,0.85,0.5,0.0,39.938041219484916,c453ec9b9c6bfe33b760be08784ee87dddba25f1f51913a9f915f78a86a84f3e,35.18760824389698,late
experiment-evaluation-014,27.2,0.0,1,0.85,4.634822443380184,4.634822443380184,35.27503080687033,0.85,1.0,0.0,39.76624036706337,ee634260ee243faea32cf005a8d229d4b89c8c6311261c6a73705d459c57b64f,35.15324807341267,late
experiment-evaluation-014,27.2,0.0,1,0.85,4.62796673696801,0.0,35.26895357619212,0.85,0.0,0.0,40.129182248504506,c93cf3728374d62f1d31be449b60e51f4cf82aa71eea858f256fc2339c14463f,35.2258364497009,split
experiment-evaluation-014,27.2,0.0,1,0.85,4.62796673696801,2.313983368484005,35.272061437913365,0.85,0.5,0.0,39.95763551934658,61b9fb3dcd44fd853724beb9dc4f03615c56773fbf72580b39c4eed6e8dce363,35.19152710386932,split
experiment-evaluation-014,27.2,0.0,1,0.85,4.62796673696801,4.62796673696801,35.27516929963461,0.85,1.0,0.0,39.78608879018865,40680d289c0b0a665764b07b6166994ef08509d104970dbff9be438e51f4bfbe,35.15721775803773,split
experiment-evaluation-014,27.2,0.0,1,0.85,4.543809501197474,0.0,35.26258316064644,0.85,0.0,0.0,40.38858250197304,f0236e65fecf6a27e8e96e6e99b9cd2ddc8c52d4cb5522670bea0836d47504b1,35.277716500394604,redistribute
experiment-evaluation-014,27.2,0.0,1,0.85,4.543809501197474,2.271904750598737,35.26563450747325,0.85,0.5,0.0,40.22015526337152,504b7af81c79c1c5efb2daa74fc9d38f78b44bc2b13173522d5d067ee4032360,35.2440310526743,redistribute
experiment-evaluation-014,27.2,0.0,1,0.85,4.543809501197474,4.543809501197474,35.26868585430006,0.85,1.0,0.0,40.05172802477002,d1c7b9bf4a231a34a7fb56471159b2f5b4be07b6a143ac34acf30e05effe096d,35.210345604954,redistribute
experiment-evaluation-014,27.2,0.0,2,0.85,4.581372762042977,0.0,35.16864713159053,0.85,0.0,0.0,41.162265090595895,d4d69d398c4538327e4704deeb8dccb002e6f36f1045f61abda992ca1394f34d,35.432453018119176,early
experiment-evaluation-014,27.2,0.0,2,0.85,4.581372762042977,2.2906863810214886,35.17172370362469,0.85,0.5,0.0,40.992445479295796,8c70eee8370c25b0f9805724305aa1d0dc7d01ad26d539bc18d2865a57640da2,35.39848909585916,early
experiment-evaluation-014,27.2,0.0,2,0.85,4.581372762042977,4.581372762042977,35.17480027565884,0.85,1.0,0.0,40.82262586799569,6bbfedc2e39aefad4d067f95287a1bdd4f9a84dcacaebaa9ec580034ca42b581,35.364525173599134,early
experiment-evaluation-014,27.2,0.0,2,0.85,4.594362752007913,0.0,35.16836727301387,0.85,0.0,0.0,41.125619895363705,f99a5116d50d7a730fd8c16d25dfe9db50a55de978092596810526ff8afa3055,35.42512397907274,late
experiment-evaluation-014,27.2,0.0,2,0.85,4.594362752007913,2.2971813760039566,35.171452568337294,0.85,0.5,0.0,40.95531877881154,21f8ccd78d7f509f6c775c05dcde91a598c1582a9f585d420ea5d80c24da54da,35.3910637557623,late
experiment-evaluation-014,27.2,0.0,2,0.85,4.594362752007913,4.594362752007913,35.1745378636607,0.85,1.0,0.0,40.78501766225933,457ce5c2104d0af89f4cc1cb74652a884e1e2655956e8a434e137ccf8d637991,35.35700353245186,late
experiment-evaluation-014,27.2,0.0,2,0.85,4.587867757025445,0.0,35.16850720230221,0.85,0.0,0.0,41.14394249297979,e00036d7b11cfe9d3b387cf3677fe97e905fe1673e99ddb8ebd1a5f728a7a76e,35.42878849859596,split
experiment-evaluation-014,27.2,0.0,2,0.85,4.587867757025445,2.2939338785127226,35.171588135981,0.85,0.5,0.0,40.973882129053635,32b9ec4c60118450929536a022fbe700018b93fc1fbd33b46452be8308abb6c9,35.394776425810726,split
experiment-evaluation-014,27.2,0.0,2,0.85,4.587867757025445,4.587867757025445,35.17466906965977,0.85,1.0,0.0,40.803821765127516,846d0c3b6cc27f607583dd907f35cb26152598ffa0cbaa8264ba972ba544aea2,35.3607643530255,split
experiment-evaluation-014,27.2,0.0,2,0.85,4.508138435026266,0.0,35.16247196471795,0.85,0.0,0.0,41.38969446125798,f0236e65fecf6a27e8e96e6e99b9cd2ddc8c52d4cb5522670bea0836d47504b1,35.47793889225159,redistribute
experiment-evaluation-014,27.2,0.0,2,0.85,4.508138435026266,2.254069217513133,35.16549935702058,0.85,0.5,0.0,41.22258945660393,ba55fd753300bf073e111687d10819dc1f078194fecbd668556076eeac199b73,35.444517891320785,redistribute
experiment-evaluation-014,27.2,0.0,2,0.85,4.508138435026266,4.508138435026266,35.168526749323206,0.85,1.0,0.0,41.05548445194985,e39dfb3e162a76ace5ee2bba85542ce94243149376d3e92c7c692394ee4dd6b9,35.41109689038997,redistribute
experiment-evaluation-015,27.2,0.0,0,0.85,2.875338872129019,0.0,30.974435065700824,0.85,0.0,0.0,17.706092242444914,42340a465f8db16e5e06cc6365ff53aaada3efee350d627254ab1d6f630a1d86,30.741218448488983,early
experiment-evaluation-015,27.2,0.0,0,0.85,2.875338872129019,1.4376694360645095,30.983623563334863,0.85,0.5,0.0,17.734728977569965,bdfd5750dbc23fea4de62c5772c4902550df9f067ccba667dc488ebee2dfec0e,30.746945795513994,early
experiment-evaluation-015,27.2,0.0,0,0.85,2.875338872129019,2.875338872129019,30.992812060968905,0.85,1.0,0.0,17.763365712695013,e04de64a2864fc535251d567c740073bd3a6b1d823b73a3dce9f362b08047d43,30.752673142539003,early
experiment-evaluation-015,27.2,0.0,0,0.85,2.888059880183044,0.0,30.97358533366907,0.85,0.0,0.0,17.670205854160685,0ec54d77112d0b76ba4c4c256dd35e5c9dcbc7b19f41f299258c075632a3f614,30.734041170832135,late
experiment-evaluation-015,27.2,0.0,0,0.85,2.888059880183044,1.444029940091522,30.982814482842844,0.85,0.5,0.0,17.69896928327012,23a504c1d93da6570e6011f4e746eb0434fb59d532cadc83613d3350b8c9ab86,30.739793856654025,late
experiment-evaluation-015,27.2,0.0,0,0.85,2.888059880183044,2.888059880183044,30.99204363201662,0.85,1.0,0.0,17.72773271237955,95b5eb04a168bc75c87841a301b6b93371a1215495c9328ca264c2df87d4d88d,30.74554654247591,late
experiment-evaluation-015,27.2,0.0,0,0.85,2.8816993761560314,0.0,30.974010199684948,0.85,0.0,0.0,17.6881490483028,e3be725c96a96abec230339fa99ea8e4ac5272942d81c049b31f8f7455b78a3f,30.73762980966056,split
experiment-evaluation-015,27.2,0.0,0,0.85,2.8816993761560314,1.4408496880780157,30.983219023088854,0.85,0.5,0.0,17.71684913042004,411945874ce516e8e77d3e59b3f7d380c91b5e77b576cb09762786e83c06ef01,30.743369826084006,split
experiment-evaluation-015,27.2,0.0,0,0.85,2.8816993761560314,2.8816993761560314,30.992427846492763,0.85,1.0,0.0,17.745549212537274,94644bf999232110e6f09e65ac6db4ab56fa1029cede922dc482779f1e7e6ba7,30.749109842507455,split
experiment-evaluation-015,27.2,0.0,0,0.85,2.8036209981102207,0.0,30.955685463113905,0.85,0.0,0.0,17.575285621777624,d51ee7e69ccf5e4a6ae28113b94e02ade1d4cf77f8cacefec0a713fcf63b7d61,30.715057124355525,redistribute
experiment-evaluation-015,27.2,0.0,0,0.85,2.8036209981102207,1.4018104990551103,30.964644777495103,0.85,0.5,0.0,17.60320808778402,9acb6e41eba2565e4c2d0251e05783b6cc0be0b00c0c711b0c742b2ddd7c4a03,30.720641617556804,redistribute
experiment-evaluation-015,27.2,0.0,0,0.85,2.8036209981102207,2.8036209981102207,30.973604091876304,0.85,1.0,0.0,17.63113055379042,6f62812c6b8ed9905b94ad7c8fb8ca6f1c53d52984627dac2ed913d7c2c08684,30.726226110758084,redistribute
experiment-evaluation-015,27.2,0.0,1,0.85,2.92074192401147,0.0,30.88211501306415,0.85,0.0,0.0,18.725668745688374,44f404693d33b87e200fd38e5f3c5063c140c69af6e2a47e9b54de46253b988e,30.945133749137675,early
experiment-evaluation-015,27.2,0.0,1,0.85,2.92074192401147,1.460370962005735,30.891448601712973,0.85,0.5,0.0,18.754757669313086,fb95cb21b0df49739dca4b3381cb40ea997a0c870da7940216dca193569c9197,30.950951533862618,early
experiment-evaluation-015,27.2,0.0,1,0.85,2.92074192401147,2.92074192401147,30.9007821903618,0.85,1.0,0.0,18.783846592937795,0e7c5e40e32f5c9996fc896db78ea0696826af28c466291322edddceea96242e,30.956769318587558,early
experiment-evaluation-015,27.2,0.0,1,0.85,2.937314610935916,0.0,30.881007998362794,0.85,0.0,0.0,18.678916642760836,954f79c7cbf61e4d18e7820eab75154e1dab515529b9137dec3b91e4c078fe06,30.935783328552166,late
experiment-evaluation-015,27.2,0.0,1,0.85,2.937314610935916,1.468657305467958,30.890394547063064,0.85,0.5,0.0,18.708170620894556,3e531320c454792e42649aeb917d91562091cc36bd83bdf170ca7796174a7220,30.94163412417891,late
experiment-evaluation-015,27.2,0.0,1,0.85,2.937314610935916,2.937314610935916,30.899781095763338,0.85,1.0,0.0,18.73742459902828,629c1f6d07e5477981e6673ee843e4cd4f09fffafe2c44827bf7a69711473d5c,30.947484919805657,late
experiment-evaluation-015,27.2,0.0,1,0.85,2.9290282674736927,0.0,30.88156150571347,0.85,0.0,0.0,18.702292694224603,54436d0dbb9577c5e3b085f4426824cd207c1aa2389d682d3e73cca96525b12e,30.940458538844922,split
experiment-evaluation-015,27.2,0.0,1,0.85,2.9290282674736927,1.4645141337368464,30.89092157438802,0.85,0.5,0.0,18.731464145103818,5298487763f9b0fe4542a58d6ad2d4ebe4c80faccb1784d648880c1928df5256,30.946292829020763,split
experiment-evaluation-015,27.2,0.0,1,0.85,2.9290282674736927,2.9290282674736927,30.90028164306257,0.85,1.0,0.0,18.76063559598304,c438f4a7ae2bf88776aa47b22378d270872a8f71cd226b3063847c9b39631cca,30.952127119196607,split
experiment-evaluation-015,27.2,0.0,1,0.85,2.8273092441520844,0.0,30.857688388042682,0.85,0.0,0.0,18.55525637248985,d51ee7e69ccf5e4a6ae28113b94e02ade1d4cf77f8cacefec0a713fcf63b7d61,30.91105127449797,redistribute
experiment-evaluation-015,27.2,0.0,1,0.85,2.8273092441520844,1.4136546220760422,30.86672340111624,0.85,0.5,0.0,18.58341475991548,e0bbfbecf7d5d03a49d9cbfc1d0b9c5c01da44f8035e5ed7de022f76aa33a392,30.916682951983095,redistribute
experiment-evaluation-015,27.2,0.0,1,0.85,2.8273092441520844,2.8273092441520844,30.875758414189796,0.85,1.0,0.0,18.61157314734111,1ae0d1238de376203ecaebe9d8eb3cb15933ad96863f0ee0abe0bdc449b233fd,30.92231462946822,redistribute
experiment-evaluation-015,27.2,0.0,2,0.85,3.2609072485044845,0.0,30.839577421335633,0.85,0.0,0.0,19.186637542070116,381d172deba4958c42f116e2c29fb9dfcb8da9054819d409758772d2b8fef152,31.037327508414023,early
experiment-evaluation-015,27.2,0.0,2,0.85,3.2609072485044845,1.6304536242522423,30.849998049953758,0.85,0.5,0.0,19.21911431830262,17ef16fb7ac116eb8403689faeb659ed734fb2ace8257df21612d0cc80235447,31.043822863660523,early
experiment-evaluation-015,27.2,0.0,2,0.85,3.2609072485044845,3.2609072485044845,30.860418678571882,0.85,1.0,0.0,19.251591094535126,2b2eed60feb0159a51f160ad3a6ce3c1fb70a666c2076b0921552b924f04cbec,31.050318218907023,early
experiment-evaluation-015,27.2,0.0,2,0.85,3.278902409626302,0.0,30.838375388858584,0.85,0.0,0.0,19.13587259195669,7c8305c83497130f8a9d7715027249411da640443cd71a0e7cbfca9fcc329b94,31.027174518391337,late
experiment-evaluation-015,27.2,0.0,2,0.85,3.278902409626302,1.639451204813151,30.848853523218725,0.85,0.5,0.0,19.16852858972986,3bf47159464797ebc7e879b33a5c78d80c4e06617fc8b27e7a9b4d6a0a627cc1,31.03370571794597,late
experiment-evaluation-015,27.2,0.0,2,0.85,3.278902409626302,3.278902409626302,30.859331657578867,0.85,1.0,0.0,19.201184587503022,e3fd36810ea7281a41884b0003d6a656f3a6a8dcb58624da7d0b2dea6369b67b,31.040236917500604,late
experiment-evaluation-015,27.2,0.0,2,0.85,3.2699048290653936,0.0,30.83897640509711,0.85,0.0,0.0,19.161255067013407,19da09a1b855ff39e93a50b2c2f84040cade751dcd95e02bacb066b58f7628d8,31.032251013402682,split
experiment-evaluation-015,27.2,0.0,2,0.85,3.2699048290653936,1.6349524145326968,30.84942578658624,0.85,0.5,0.0,19.19382145401624,92dfb3c82697d59cc2475716423915334048c631d72a1eeac96c696d1e0ce9a8,31.038764290803247,split
experiment-evaluation-015,27.2,0.0,2,0.85,3.2699048290653936,3.2699048290653936,30.859875168075376,0.85,1.0,0.0,19.22638784101908,3b9614c2252a4bdc6613828a6fef4e4420cb1dc161ec1b5dfcf499799589431d,31.045277568203815,split
experiment-evaluation-015,27.2,0.0,2,0.85,3.159455013524243,0.0,30.813054199426748,0.85,0.0,0.0,19.001598258649192,d51ee7e69ccf5e4a6ae28113b94e02ade1d4cf77f8cacefec0a713fcf63b7d61,31.00031965172984,redistribute
experiment-evaluation-015,27.2,0.0,2,0.85,3.159455013524243,1.5797275067621215,30.823150624998714,0.85,0.5,0.0,19.03306462848782,c1938ae29a1b81fa05f0a46994da595df1adf0150864cbe79713b376bab1c487,31.006612925697564,redistribute
experiment-evaluation-015,27.2,0.0,2,0.85,3.159455013524243,3.159455013524243,30.833247050570677,0.85,1.0,0.0,19.06453099832645,7f6dd9f6b0f2f44787ab6d51b4481c85469b22ea7ac8abd048db8ba4ff9476d4,31.012906199665288,redistribute
experiment-evaluation-016,26.780041352045462,0.0,0,0.830314438377131,2.36031828251717,0.0,28.48491729003265,0.85,0.0,0.41995864795453686,6.492506994928756,c98435a8557abe0183e048743edc57f9ca8a00d7c9ba0f98885e5437dfd66bf5,28.078542751031215,early
experiment-evaluation-016,26.73637749820922,0.0,0,0.8282676952285571,2.36031828251717,1.180159141258585,28.49339288100945,0.85,0.5,0.4636225017907807,6.482714269184987,ba77cd2061d9220f084b1a7324efdd8422f2463d21bfc95fed5044e408cedd1f,28.032920352046215,early
experiment-evaluation-016,26.701343481426687,0.0,0,0.8266254756918759,2.36031828251717,2.36031828251717,28.501868471986246,0.85,1.0,0.4986565185733135,6.472921543441214,651a574c382bbf0bbaf94785e9d583b7adea6859f1327e71ae385e94a4ff42c0,27.99592779011493,early
experiment-evaluation-016,26.786946110737006,0.0,0,0.8306380989407971,2.3695094167169395,0.0,28.48403900116688,0.85,0.0,0.4130538892629941,6.451636342661246,71f5ba55f30fe4c9ed51f7b214f46eefd7b3c75de559d3b63cac2859070f76c2,28.077273379269254,late
experiment-evaluation-016,26.747027806336767,0.0,0,0.8287669284220359,2.3695094167169395,1.1847547083584697,28.49254759629175,0.85,0.5,0.45297219366323377,6.4418054838160375,47222be9e70736d2479894154d774da4eb1aaa9aef1b26de9f5e6fa6e16547a3,28.035388903099975,late
experiment-evaluation-016,26.711857366279375,0.0,0,0.8271183140443458,2.3695094167169395,2.3695094167169395,28.501056191416616,0.85,1.0,0.4881426337206235,6.431974624970828,10d1df27e7cbd7f60de2fa91c7253d018661935ec86eb4af4689c8f8d08dc515,27.99825229127354,late
experiment-evaluation-016,26.783493731391236,0.0,0,0.8304762686589641,2.3649138496170545,0.0,28.484478145599766,0.85,0.0,0.4165062686087656,6.472071668795,f87f8e8dddf97499dbbc316f5c6506bad2c6c6e9e8db16fbe85316e2c9188a5d,28.077908065150236,split
experiment-evaluation-016,26.74170265227299,0.0,0,0.8285173118252965,2.3649138496170545,1.1824569248085273,28.4929702386506,0.85,0.5,0.45829734772700736,6.462259876500513,135850e995799be65b89a7f3576c5bf0928a7fbe7c0a257aec758ee72d4d7fbf,28.034154627573095,split
experiment-evaluation-016,26.706600423853033,0.0,0,0.8268718948681109,2.3649138496170545,2.3649138496170545,28.501462331701433,0.85,1.0,0.4933995761469686,6.452448084206023,eb1fbdca223e60d4df9e42d4b8e115922a7b6060db0b0056e35c476ce7499aa9,27.99709004069424,split
experiment-evaluation-016,26.794804725924894,0.0,0,0.8310064715277294,2.3085009578342897,0.0,28.46553757198698,0.85,0.0,0.40519527407510536,6.460662603247723,68fe2e18217b491c79a0995384158a5e6ef477085bdd2acf949a4dea9830d9e0,28.08693724657444,redistribute
experiment-evaluation-016,26.756657636205084,0.0,0,0.8292183266971133,2.3085009578342897,1.1542504789171448,28.473827093799812,0.85,0.5,0.4433423637949162,6.451084862429146,f73dcdd1b49d2f3f1c3cdeed41a29f910510c2b769c9105fcb3c9a347d2c186f,28.046874608690914,redistribute
experiment-evaluation-016,26.707995114466165,0.0,0,0.8269372709906015,2.3085009578342897,2.3085009578342897,28.48211661561264,0.85,1.0,0.4920048855338336,6.441507121610567,1ff27e804f9b2b4b29a9f700deb666021429dd52b3b39298a816d582bdd663a4,27.99629653878828,redistribute
experiment-evaluation-016,27.2,0.0,1,0.85,2.412561613338479,0.0,28.372638044354048,0.8408454753253164,0.0,0.0,5.757724257474226,32d7de3d11f81f75c63d8fa3ad8921b4460fe2a7737b4359e2c159d7d0042577,28.351544851494843,early
experiment-evaluation-016,27.2,0.0,1,0.85,2.412561613338479,1.2062808066692394,28.383982869659363,0.8410026024014581,0.5,0.0,5.711905318956057,85b0ee97dbf542468a3d86ed33ee448765b80f05fad27d5de3995d3594bb1054,28.342381063791212,early
experiment-evaluation-016,27.2,0.0,1,0.85,2.412561613338479,2.412561613338479,28.39532769496468,0.8411597294775996,1.0,0.0,5.666086380437885,cb3edf4b9e49c4acbcb5c3f12613cff212024621fa3e39697476581ddda85bd9,28.333217276087577,early
experiment-evaluation-016,27.2,0.0,1,0.85,2.4225430184538386,0.0,28.372348580414908,0.840889499057594,0.0,0.0,5.729566380514253,9f79ccefb9c1352208c855539a0e9cd3d85c7550f07bf953f63b8b1269578222,28.34591327610285,late
experiment-evaluation-016,27.2,0.0,1,0.85,2.4225430184538386,1.2112715092269193,28.383740342261333,0.8410472762099837,0.5,0.0,5.683557876935949,fdf66d578b1e49997a7ebae0d5a75b692bac7720493a1e59806f80669f2c1d25,28.336711575387188,late
experiment-evaluation-016,27.2,0.0,1,0.85,2.4225430184538386,2.4225430184538386,28.395132104107752,0.8412050533623732,1.0,0.0,5.637549373357646,d5303e52c1b298223a8f35185303d10f769329039861ede9a820255ffb88c54a,28.327509874671527,late
experiment-evaluation-016,27.2,0.0,1,0.85,2.417552315896159,0.0,28.372493312384478,0.8408674871914552,0.0,0.0,5.743645318994238,971c4bb8ed99c4ba162238207e6cbb47449a4d2154930d1240924804ce57c51e,28.348729063798846,split
experiment-evaluation-016,27.2,0.0,1,0.85,2.417552315896159,1.2087761579480796,28.383861605960348,0.8410249393057209,0.5,0.0,5.697731597946002,26b900ae0ace110b18c7215454b2c28e6f42442cd420ea86c96e0ecc07504eec,28.3395463195892,split
experiment-evaluation-016,27.2,0.0,1,0.85,2.417552315896159,2.417552315896159,28.39522989953622,0.8411823914199865,1.0,0.0,5.651817876897766,ba4b28446e8b3c74f9079b0feeb94c5117be25dc3782cfe75b721c991ca1ccca,28.330363575379554,split
experiment-evaluation-016,27.2,0.0,1,0.85,2.3562889381264336,0.0,28.345840340563335,0.8405032357638647,0.0,0.0,5.631658547108676,68fe2e18217b491c79a0995384158a5e6ef477085bdd2acf949a4dea9830d9e0,28.326331709421734,redistribute
experiment-evaluation-016,27.2,0.0,1,0.85,2.3562889381264336,1.1781444690632168,28.356920549343954,0.8406566978720844,0.5,0.0,5.586908329170133,eef7568717177419bc685bfe1d8c72632ee839994d0d483091d057cca9212600,28.317381665834027,redistribute
experiment-evaluation-016,27.2,0.0,1,0.85,2.3562889381264336,2.3562889381264336,28.36800075812457,0.840810159980304,1.0,0.0,5.551261369491576,16f9c573f90efb8d73b77f57c506d2a5edc837ad460ad8b57f45e2fc9ed59a93,28.310252273898314,redistribute
experiment-evaluation-016,27.2,0.0,2,0.85,2.482388370146795,0.0,28.230433280993132,0.8408154523658546,0.0,0.0,7.132716359954448,7e517d01db45065fed29eaafdaabd5377f202f5bc9cb902f35c2e6d0d7631e3b,28.62654327199089,early
experiment-evaluation-016,27.2,0.0,2,0.85,2.482388370146795,1.2411941850733974,28.242106459511582,0.8409771271700515,0.5,0.0,7.085571284163997,f7d309d8098bc84e6707c1d433494bbd22583bf94ceafd7b65bb29e1389756ac,28.6171142568328,early
experiment-evaluation-016,27.2,0.0,2,0.85,2.482388370146795,2.482388370146795,28.253779638030036,0.8411388019742482,1.0,0.0,7.038426208373545,3b1dda5fd80b3d7c7c03f995df99e305b536a0e2994cedbf6e8b7ebe55c394ea,28.60768524167471,early
experiment-evaluation-016,27.2,0.0,2,0.85,2.491162371723442,0.0,28.230178832142588,0.8408541507547036,0.0,0.0,7.10399777491749,5a244e5ed47eae97ab39c215d8ecb7424042320b1f0717bfe4a4a817d84c7b67,28.6207995549835,late
experiment-evaluation-016,27.2,0.0,2,0.85,2.491162371723442,1.245581185861721,28.241893269509966,0.8410163969984882,0.5,0.0,7.056686064858894,87aaffadbbf8dbde2c8019a7b74996c70f9bd4037f25a7ed1f3f9044165d0ffe,28.61133721297178,late
experiment-evaluation-016,27.2,0.0,2,0.85,2.491162371723442,2.491162371723442,28.253607706877336,0.8411786432422728,1.0,0.0,7.009374354800293,e2fb5ce099772161952fce8df77bb31638e11df9d942ad580ce0a71eaf58ed62,28.601874870960057,late
experiment-evaluation-016,27.2,0.0,2,0.85,2.486775370935119,0.0,28.230306056567862,0.8408348015602791,0.0,0.0,7.118357067435973,fde2cd429369e546d37d940f90fc8df032238aeb8d1a89bdddd13b3c564edff6,28.623671413487195,split
experiment-evaluation-016,27.2,0.0,2,0.85,2.486775370935119,1.2433876854675594,28.241999864510774,0.8409967620842698,0.5,0.0,7.0711286745114466,b2baf9258e70276a88c51c34310d67c5e182ee4b664e5cf6be1c23bebf5b2286,28.614225734902288,split
experiment-evaluation-016,27.2,0.0,2,0.85,2.486775370935119,2.486775370935119,28.253693672453686,0.8411587226082604,1.0,0.0,7.02390028158692,20e17fa65758d7edc32157d4fe01f86cea60fb6a52a72a9293127b8a9b6daed0,28.604780056317384,split
experiment-evaluation-016,27.2,0.0,2,0.85,2.432922735266104,0.0,28.206634477998087,0.8405032357638647,0.0,0.0,7.02371717276115,68fe2e18217b491c79a0995384158a5e6ef477085bdd2acf949a4dea9830d9e0,28.60474343455223,redistribute
experiment-evaluation-016,27.2,0.0,2,0.85,2.432922735266104,1.216461367633052,28.21807504940581,0.8406616889340376,0.5,0.0,6.977511539458229,26bb664cdac53a4ddb2550bdc600fcba8f83070bf7d21c39417fc673d444e961,28.595502307891646,redistribute
experiment-evaluation-016,27.2,0.0,2,0.85,2.432922735266104,2.432922735266104,28.22951562081353,0.8408201421042105,1.0,0.0,6.9313059061553135,2a23174024fa3fee33780dade32fcb91a933b0c125be8f6373da8db12b917659,28.586261181231063,redistribute
experiment-evaluation-017,27.2,0.0,0,0.85,4.073232370772459,0.0,35.01894981920514,0.85,0.0,0.0,38.634907569660925,b1eb8586113be671728e9f8020cca3ae9a25cec019d287c6a4635a89f930a679,34.92698151393218,early
experiment-evaluation-017,27.2,0.0,0,0.85,4.073232370772459,2.0366161853862295,35.024320805972664,0.85,0.5,0.0,38.57575203628067,b3f95a7b594bc03f69e37143fee4db0572e1f6b373b14fd2d2062d6ee1ff2ba6,34.915150407256135,early
experiment-evaluation-017,27.2,0.0,0,0.85,4.073232370772459,4.073232370772459,35.02969179274018,0.85,1.0,0.0,38.516596502900384,4790942664d7c5960f5b53cc58347aad3f3ea7b90f982860602c605a87d67297,34.90331930058008,early
experiment-evaluation-017,27.2,0.0,0,0.85,4.089150551462784,0.0,35.01841384405063,0.85,0.0,0.0,38.59000185066401,4dabbfe350ae6dc8a829b6718d69f9ca3c6fe8c950ad5a9ee35c337ff992aa3c,34.9180003701328,late
experiment-evaluation-017,27.2,0.0,0,0.85,4.089150551462784,2.044575275731392,35.02380582061938,0.85,0.5,0.0,38.53061513762506,fea1f98eb217f47923a6fbe4dd391a6e441912d08af83400ee95bf1fbe98940f,34.90612302752501,late
experiment-evaluation-017,27.2,0.0,0,0.85,4.089150551462784,4.089150551462784,35.02919779718814,0.85,1.0,0.0,38.4712284245861,feda7c38733c92b0312b1b835cf89ecc9fcfef58184783ea37f3eb590329f88c,34.89424568491722,late
experiment-evaluation-017,27.2,0.0,0,0.85,4.081191461117622,0.0,35.01868183162788,0.85,0.0,0.0,38.61245471016248,ff8b10419294a93d4bb66f803ddd139f8e079aa3b6bd3e4cfa4d2069930041e2,34.922490942032496,split
experiment-evaluation-017,27.2,0.0,0,0.85,4.081191461117622,2.040595730558811,35.024063313296026,0.85,0.5,0.0,38.553183586952855,1dc6fc5cf46816131174b292623c5eb4f2979f198256bf6e210cb8da799cdde0,34.910636717390574,split
experiment-evaluation-017,27.2,0.0,0,0.85,4.081191461117622,4.081191461117622,35.029444794964164,0.85,1.0,0.0,38.49391246374322,29a29d2acc96bf3237d22ebabf601e01a1a784922e9b64c6c0cb3c88d0034b5d,34.898782492748644,split
experiment-evaluation-017,27.2,0.0,0,0.85,3.9834896339933614,0.0,35.007123360076726,0.85,0.0,0.0,38.654532997041564,f0afc96ee053a4eca23de56d7c6a6829418ec4f53f4557bf30ac63ac2b6706af,34.93090659940831,redistribute
experiment-evaluation-017,27.2,0.0,0,0.85,3.9834896339933614,1.9917448169966807,35.0123760115744,0.85,0.5,0.0,38.59668079697937,b45a5e03cb53ed571911c5b8d9ac961e7e0a34c9bba088c586360b6b92b7d760,34.919336159395876,redistribute
experiment-evaluation-017,27.2,0.0,0,0.85,3.9834896339933614,3.9834896339933614,35.01762866307208,0.85,1.0,0.0,38.53882859691718,bccc0f49b9c0ab0bfd4df9e0acb955a215dffe306c22d0758b61c23e245b2fc9,34.907765719383434,redistribute
experiment-evaluation-017,27.2,0.0,1,0.85,3.6145269331019465,0.0,34.973770100522316,0.85,0.0,0.0,39.079898881431106,1f2f8fd0afac92b229943b36f2a244272b4f12c5653dd8f4a3f87e3e0a3f50a6,35.01597977628622,early
experiment-evaluation-017,27.2,0.0,1,0.85,3.6145269331019465,1.8072634665509733,34.97853623575875,0.85,0.5,0.0,39.02740512483147,04246c97018875f3ba9f52d46d3cc81d8800b467dd5f8a4f81450838c83f3080,35.00548102496629,early
experiment-evaluation-017,27.2,0.0,1,0.85,3.6145269331019465,3.6145269331019465,34.98330237099519,0.85,1.0,0.0,38.97491136823184,807478c0cd23f4598ba92bb8a00b1dab38ea9f23035a19caa3ced0ee55268588,34.994982273646364,early
experiment-evaluation-017,27.2,0.0,1,0.85,3.629346795997976,0.0,34.97327110641865,0.85,0.0,0.0,39.03809155358825,ee1c726b057e566529f7d77904c05b8c2fc4e06292768e4489a16fec15204807,35.007618310717646,late
experiment-evaluation-017,27.2,0.0,1,0.85,3.629346795997976,1.814673397998988,34.9780567832084,0.85,0.5,0.0,38.98538256819379,25a71ba429d350df5c63d9ae1ebcaa8305f223767d972498a4f0c8d5845a1546,34.99707651363876,late
experiment-evaluation-017,27.2,0.0,1,0.85,3.629346795997976,3.629346795997976,34.98284245999814,0.85,1.0,0.0,38.93267358279935,5666f000c066a41fc51645f84ff5994e5dab9550945009206c3cf7905ea0a869,34.98653471655987,late
experiment-evaluation-017,27.2,0.0,1,0.85,3.621936864549961,0.0,34.97352060347049,0.85,0.0,0.0,39.05899521750968,c202c3a2d694bd1653dcb861e4d1e4ce7e56f130eed99084be3bbc517f78a17f,35.01179904350194,split
experiment-evaluation-017,27.2,0.0,1,0.85,3.621936864549961,1.8109684322749806,34.97829650948358,0.85,0.5,0.0,39.006393846512644,e5c337cd4483a4c2a1d20df4bc0eb3f30662121352c8d10034b13d5807a76d06,35.00127876930253,split
experiment-evaluation-017,27.2,0.0,1,0.85,3.621936864549961,3.621936864549961,34.98307241549667,0.85,1.0,0.0,38.953792475515584,e03e2e2097622dcde44e8e985fd6fd087de997b02557d8236039071cbea776e2,34.990758495103115,split
experiment-evaluation-017,27.2,0.0,1,0.85,3.5309762384054686,0.0,34.9627596398272,0.85,0.0,0.0,39.09817019953679,f0afc96ee053a4eca23de56d7c6a6829418ec4f53f4557bf30ac63ac2b6706af,35.01963403990736,redistribute
experiment-evaluation-017,27.2,0.0,1,0.85,3.5309762384054686,1.7654881192027343,34.96741560465479,0.85,0.5,0.0,39.04688984925902,ac94b3a60102c31d52684cc3a9702d11566b5f28dd9af51883a8de90a9b812e6,35.009377969851805,redistribute
experiment-evaluation-017,27.2,0.0,1,0.85,3.5309762384054686,3.5309762384054686,34.97207156948238,0.85,1.0,0.0,38.99560949898124,5b553bf6025dd217cfa825f0424ebdd10f9708a8fbde932cf0c5240d02134e7c,34.99912189979625,redistribute
experiment-evaluation-017,27.2,0.0,2,0.85,4.494866511511345,0.0,34.98780572555789,0.85,0.0,0.0,38.95226151154337,e36c6ef0c3d617cb94d040a9766e4fe58ce294f9d89892af489e581de88f4346,34.990452302308675,early
experiment-evaluation-017,27.2,0.0,2,0.85,4.494866511511345,2.2474332557556727,34.99373268143901,0.85,0.5,0.0,38.88698258764265,8e7a2e9d9742d716944cb06b29279a42edfcd2bd5d2e30038859aacec707dcca,34.97739651752853,early
experiment-evaluation-017,27.2,0.0,2,0.85,4.494866511511345,4.494866511511345,34.99965963732012,0.85,1.0,0.0,38.82170366374192,905ac5508a037cfc38c709e61acb9ceae82cd9b5aa00583af142c053bea214db,34.96434073274838,early
experiment-evaluation-017,27.2,0.0,2,0.85,4.511738920571149,0.0,34.98723762093408,0.85,0.0,0.0,38.90466388246876,fc8926ac604d6bb102d9244f65f55634fb0c7faf4feb3a86c3980326a1e30b88,34.98093277649375,late
experiment-evaluation-017,27.2,0.0,2,0.85,4.511738920571149,2.2558694602855747,34.993186824867244,0.85,0.5,0.0,38.839139920655526,844cd29d5d3d5136ff3ea97c3bebb81b1352d591c147fdc8c4f0b2da49912a37,34.967827984131105,late
experiment-evaluation-017,27.2,0.0,2,0.85,4.511738920571149,4.511738920571149,34.99913602880041,0.85,1.0,0.0,38.77361595884228,06dae817bff4ed322dfa5c268ce4630b6a80453fcbcaf98bb10b39e4e9f4792c,34.95472319176845,late
experiment-evaluation-017,27.2,0.0,2,0.85,4.503302716041247,0.0,34.98752167324598,0.85,0.0,0.0,38.92846269700608,93cc89610cc48d420c4df1ec456252b002dc958bd5fbc38cfc0ee8d1c9953862,34.985692539401214,split
experiment-evaluation-017,27.2,0.0,2,0.85,4.503302716041247,2.2516513580206237,34.993459753153125,0.85,0.5,0.0,38.86306125414908,200c1535c9247a6142221abaa628573ef2d2c0f6c98c544792a032b26d5429ae,34.97261225082981,split
experiment-evaluation-017,27.2,0.0,2,0.85,4.503302716041247,4.503302716041247,34.99939783306027,0.85,1.0,0.0,38.79765981129211,08daf15340d37ad51371840886eb9d9d3177a346f7f4d2a37cfdf6e5f2ad0b42,34.959531962258424,split
experiment-evaluation-017,27.2,0.0,2,0.85,4.399744072927418,0.0,34.97527031965784,0.85,0.0,0.0,38.97306340123046,f0afc96ee053a4eca23de56d7c6a6829418ec4f53f4557bf30ac63ac2b6706af,34.99461268024609,redistribute
experiment-evaluation-017,27.2,0.0,2,0.85,4.399744072927418,2.199872036463709,34.981071846564504,0.85,0.5,0.0,38.90916594003028,761ff3442a58a41993a2b718919c7b0121917d8f58f552fb06ea8b71802b5ec0,34.98183318800606,redistribute
experiment-evaluation-017,27.2,0.0,2,0.85,4.399744072927418,4.399744072927418,34.986873373471184,0.85,1.0,0.0,38.84526847883011,ce18fd1f41208089e1ae93bb4d4a7975d3b1abb0f514eb4025ac4215ee131365,34.96905369576602,redistribute
experiment-evaluation-018,27.2,0.0,0,0.85,2.990667686209509,0.0,30.20753516620468,0.85,0.0,0.0,18.12530795589022,3049dadb4c1f1ce45a87ff5477650dc4f21a7fccd90926665697e5621ceaec5f,30.825061591178045,early
experiment-evaluation-018,27.2,0.0,0,0.85,2.990667686209509,1.4953338431047545,30.21814310787543,0.85,0.5,0.0,17.9367165095927,a23f1ef8d85cac5c2d1d872fc559725456087c82feee9d9c03689ac8c5bd76c5,30.78734330191854,early
experiment-evaluation-018,27.2,0.0,0,0.85,2.990667686209509,2.990667686209509,30.228751049546183,0.85,1.0,0.0,17.748125063295184,afabe23d6ae9f424c2d2306a46ba0ce4b6077b2fcee5f1db5cdd7fbfc16de81e,30.74962501265904,early
experiment-evaluation-018,27.2,0.0,0,0.85,2.996311092088514,0.0,30.20662348891114,0.85,0.0,0.0,18.10938771955679,74b423c2a5dd83919d12e918187a4a6abf0ad39de845ffb545f8d1aa54ed2b6a,30.821877543911356,late
experiment-evaluation-018,27.2,0.0,0,0.85,2.996311092088514,1.498155546044257,30.217251447824417,0.85,0.5,0.0,17.920440400193982,5dcda33bf0625834a0212fec59d99338ec5949f47f5412968ed54dc18dc07b74,30.784088080038796,late
experiment-evaluation-018,27.2,0.0,0,0.85,2.996311092088514,2.996311092088514,30.227879406737692,0.85,1.0,0.0,17.731493080831168,405d0432d241d9cbc4c5669ec15be8b1c7b46fa426da35917596e82c2b26913e,30.746298616166232,late
experiment-evaluation-018,27.2,0.0,0,0.85,2.993489389149011,0.0,30.207079327557913,0.85,0.0,0.0,18.117347837723507,3e4002cb8beae49a5ccab4e6757b1fa040d79893361edfd096ffbf381f41128d,30.823469567544702,split
experiment-evaluation-018,27.2,0.0,0,0.85,2.993489389149011,1.4967446945745055,30.217697277849922,0.85,0.5,0.0,17.928578454893337,6b63ec62fd407555a6b208fb64bcd8fee3364ac5fde72dd36874dd73c856f25a,30.785715690978666,split
experiment-evaluation-018,27.2,0.0,0,0.85,2.993489389149011,2.993489389149011,30.228315228141938,0.85,1.0,0.0,17.739809072063167,b72d8d3fd47295ea5596b56b215fb5be6aefa5cf6bfe28500a0572c32e16a0df,30.747961814412633,split
experiment-evaluation-018,27.2,0.0,0,0.85,2.9588515698963533,0.0,30.187418722075662,0.85,0.0,0.0,18.41298920906612,d469773ee148532ae0ac80b809a606418ffa2a88d0933a53d725495b1c08d4e3,30.882597841813222,redistribute
experiment-evaluation-018,27.2,0.0,0,0.85,2.9588515698963533,1.4794257849481767,30.19791381152027,0.85,0.5,0.0,18.226404086446337,3766c495a7a1d718168243263987956fb981850c190b58b7d34f89b794d545f9,30.845280817289268,redistribute
experiment-evaluation-018,27.2,0.0,0,0.85,2.9588515698963533,2.9588515698963533,30.208408900964876,0.85,1.0,0.0,18.03981896382654,8fb3f563bea09f60ae0f61f76667a381b3022c500886117194be5113f2f141a9,30.807963792765307,redistribute
experiment-evaluation-018,27.2,0.0,1,0.85,3.181489070588378,0.0,30.53623279023524,0.85,0.0,0.0,14.826407311392455,b42a5456373042ed506e13b50d2f155ca840d3d5c6708cd5cdbee2480a8b5e09,30.16528146227849,early
experiment-evaluation-018,27.2,0.0,1,0.85,3.181489070588378,1.590744535294189,30.54751757812477,0.85,0.5,0.0,14.6257826722964,7e2b13192c741d4edbd9788d66604e437efae6634467c7d0aa46cdae826946d7,30.12515653445928,early
experiment-evaluation-018,27.2,0.0,1,0.85,3.181489070588378,3.181489070588378,30.55880236601429,0.85,1.0,0.0,14.425158033200349,395af3bb76f02976400f2a0ee1a1b68229e4b6df6f1e4bdb05302c1a4e5f2558,30.08503160664007,early
experiment-evaluation-018,27.2,0.0,1,0.85,3.1879102935327017,0.0,30.535195458652048,0.85,0.0,0.0,14.80829282715811,e2d6a1baf4720b25e779a1188c660dfcd4ae54ccd3fd69fcafd37068386348fd,30.161658565431622,late
experiment-evaluation-018,27.2,0.0,1,0.85,3.1879102935327017,1.5939551467663509,30.546503022712514,0.85,0.5,0.0,14.607263265867704,e30a7ad0b86433a7ca8abd12b16e7d87da7a8e1a8124372d5cf9582fec35c4e4,30.12145265317354,late
experiment-evaluation-018,27.2,0.0,1,0.85,3.1879102935327017,3.1879102935327017,30.557810586772973,0.85,1.0,0.0,14.406233704577296,ae2e7079aded1771dd46d8430de762ef6ef3142edd44e61856819b2dae901cc6,30.08124674091546,late
experiment-evaluation-018,27.2,0.0,1,0.85,3.1846996820605398,0.0,30.535714124443643,0.85,0.0,0.0,14.817350069275282,7ca216eb5b135bf8e138aa2ff148ee703609a4fa59ad408503b1e6ed14da2cab,30.163470013855054,split
experiment-evaluation-018,27.2,0.0,1,0.85,3.1846996820605398,1.5923498410302699,30.54701030041864,0.85,0.5,0.0,14.616522969082055,5c5fa51a56a4bb55c2aac59d95559789f99e09f9e81f821afd368b0d858576d3,30.12330459381641,split
experiment-evaluation-018,27.2,0.0,1,0.85,3.1846996820605398,3.1846996820605398,30.558306476393632,0.85,1.0,0.0,14.415695868888823,6bc14fe63f0c73884a96deae454c1cc915b1fc3566e2cf942ca13d96f3847792,30.083139173777763,split
experiment-evaluation-018,27.2,0.0,1,0.85,3.145287815451061,0.0,30.513343744972694,0.85,0.0,0.0,15.153738980095763,d469773ee148532ae0ac80b809a606418ffa2a88d0933a53d725495b1c08d4e3,30.230747796019152,redistribute
experiment-evaluation-018,27.2,0.0,1,0.85,3.145287815451061,1.5726439077255305,30.52450012648505,0.85,0.5,0.0,14.955397191446654,67042afbc3ba4c98cf0e0ce72a2467e19792d4c61dac324265c66fa39d3bfe3d,30.19107943828933,redistribute
experiment-evaluation-018,27.2,0.0,1,0.85,3.145287815451061,3.145287815451061,30.53565650799741,0.85,1.0,0.0,14.757055402797551,38f9ef0420de866f61e36e717d8aa258dd865cfcc0bdeab35cb1579643be402b,30.15141108055951,redistribute
experiment-evaluation-018,27.2,0.0,2,0.85,3.000840583879224,0.0,30.58030802900196,0.85,0.0,0.0,14.567955804302777,7284799495504f0a65286edbb93ca336174a21544980940fff131185921078a7,30.113591160860555,early
experiment-evaluation-018,27.2,0.0,2,0.85,3.000840583879224,1.500420291939612,30.59095205408833,0.85,0.5,0.0,14.378722855275475,d68136ad3997ccb5e8949b7e110010b55f83ff6c7dc5a42f509148359e57ab79,30.075744571055093,early
experiment-evaluation-018,27.2,0.0,2,0.85,3.000840583879224,3.000840583879224,30.601596079174698,0.85,1.0,0.0,14.189489906248179,a6b0514ac7ce53f7e05e73b9042d1b6d60ad897494ac161ed7e2505a0b558003,30.037897981249635,early
experiment-evaluation-018,27.2,0.0,2,0.85,3.0074711336271855,0.0,30.57923688122728,0.85,0.0,0.0,14.551424349377378,84dc39194f88fd31217844fffcd3a7a821fe07ae8ff08982f4b8cce6299d757b,30.110284869875475,late
experiment-evaluation-018,27.2,0.0,2,0.85,3.0074711336271855,1.5037355668135928,30.589904424969802,0.85,0.5,0.0,14.361773278011544,6c7296f7a960be5d6e629734991cdd9d1a529f24f0ff737ae819fd5a0dfb1c29,30.072354655602307,late
experiment-evaluation-018,27.2,0.0,2,0.85,3.0074711336271855,3.0074711336271855,30.600571968712323,0.85,1.0,0.0,14.172122206645719,5478561528e8f62ab8f4d2ec040c8a0a96aabfd5ebcfe43e97a684707693c06e,30.034424441329143,late
experiment-evaluation-018,27.2,0.0,2,0.85,3.0041558587532045,0.0,30.57977245511462,0.85,0.0,0.0,14.560776850444224,b09fe380cc6bf8984e2147e83d9342b8a2680878cd82892278bd2a1e1c63123d,30.112155370088843,split
experiment-evaluation-018,27.2,0.0,2,0.85,3.0041558587532045,1.5020779293766022,30.590428239529064,0.85,0.5,0.0,14.371334840247659,2065c13a2e4ba627332b61f15299d67219ab3db8fa3ef69ef6c9d635416b65f7,30.074266968049532,split
experiment-evaluation-018,27.2,0.0,2,0.85,3.0041558587532045,3.0041558587532045,30.60108402394351,0.85,1.0,0.0,14.181892830051096,7370a67b52eac6c27c4dcc3c12d6c632406b1a17b9eacb6a3449fb67c69b41e0,30.036378566010217,split
experiment-evaluation-018,27.2,0.0,2,0.85,2.963459196375956,0.0,30.556672818916187,0.85,0.0,0.0,14.720448240660847,d469773ee148532ae0ac80b809a606418ffa2a88d0933a53d725495b1c08d4e3,30.14408964813217,redistribute
experiment-evaluation-018,27.2,0.0,2,0.85,2.963459196375956,1.481729598187978,30.567184251678764,0.85,0.5,0.0,14.533572561204604,61599053449f2946535943f739b0e1649b4ee678b8458de1d57dac33f79f6a2d,30.10671451224092,redistribute
experiment-evaluation-018,27.2,0.0,2,0.85,2.963459196375956,2.963459196375956,30.57769568444134,0.85,1.0,0.0,14.346696881748366,4a3f2485d305c6e8b47c53aa05d434783023afdd5f96d61244c098ed96c5236a,30.069339376349674,redistribute
experiment-evaluation-019,27.2,0.0,0,0.85,2.821588448194985,0.0,29.724002641155472,0.85,0.0,0.0,13.067112723143637,0b180c07e621e3c1a26b931d7c28428a86104b961a22a1abff83dbf985370109,29.81342254462873,early
experiment-evaluation-019,27.2,0.0,0,0.85,2.821588448194985,1.4107942240974924,29.731724436670213,0.85,0.5,0.0,13.005926940602155,985b605f44dcea2592ce4ad1d179087c2a92a19fb5a48adb887b299d903d32f1,29.80118538812043,early
experiment-evaluation-019,27.2,0.0,0,0.85,2.821588448194985,2.821588448194985,29.739446232184953,0.85,1.0,0.0,12.944741158060674,5b59943af1ae0e1e6518b9ad1abdb0a07ef5166438e4f1c8562e8fe36fc0b4a1,29.788948231612135,early
experiment-evaluation-019,27.2,0.0,0,0.85,2.8316350041346663,0.0,29.72325190706359,0.85,0.0,0.0,13.03877105353384,a2c001d208d7d99ed33e48148f4be98ea1a551d71060c9a0c92ce5ec367e43da,29.80775421070677,late
experiment-evaluation-019,27.2,0.0,0,0.85,2.8316350041346663,1.4158175020673331,29.731001196825638,0.85,0.5,0.0,12.97736741271916,4b02daaf23f17b9dd6ee2c210ebcf5fabe622668ee453727f321543e5266bcbf,29.79547348254383,late
experiment-evaluation-019,27.2,0.0,0,0.85,2.8316350041346663,2.8316350041346663,29.738750486587683,0.85,1.0,0.0,12.91596377190447,9c1a24a2716ad7f62096cbc7c701aa1eb39710f6c4dc43661cb54c6e854b30bb,29.78319275438089,late
experiment-evaluation-019,27.2,0.0,0,0.85,2.826611726164826,0.0,29.723627274109532,0.85,0.0,0.0,13.05294188833874,74a870703a2d544fd507052add5eca1e2c86a5fb60f5ff6b5338725fcecb43bf,29.81058837766775,split
experiment-evaluation-019,27.2,0.0,0,0.85,2.826611726164826,1.413305863082413,29.731362816747925,0.85,0.5,0.0,12.991647176660654,5adfd39817a45705738acb353fef25296ff18aa2461d92fc64b442151d35e741,29.79832943533213,split
experiment-evaluation-019,27.2,0.0,0,0.85,2.826611726164826,2.826611726164826,29.73909835938632,0.85,1.0,0.0,12.930352464982573,891926b662137de283635de947caeed07b371370d0d690ff8907f263f8cdf85a,29.786070492996515,split
experiment-evaluation-019,27.2,0.0,0,0.85,2.7649484688674892,0.0,29.707437459021225,0.85,0.0,0.0,12.953217697531795,cefe43988a2fb0aa86f7307a12a54d066e2fa1348960a634a48f370e101919cc,29.79064353950636,redistribute
experiment-evaluation-019,27.2,0.0,0,0.85,2.7649484688674892,1.3824742344337446,29.71500424881973,0.85,0.5,0.0,12.89326014565609,a38e9b8da4d24851015148b33aca704e37934d0d780cb826478e5a34f8604338,29.778652029131216,redistribute
experiment-evaluation-019,27.2,0.0,0,0.85,2.7649484688674892,2.7649484688674892,29.72257103861824,0.85,1.0,0.0,12.83330259378039,9e3be06865d64d37c78a6a2a0ff2f3056d5361f5f5f2a09f82ad989ab4c03c2a,29.766660518756076,redistribute
experiment-evaluation-019,27.2,0.0,1,0.85,2.9063861455397513,0.0,29.845428838639304,0.85,0.0,0.0,11.705632424177267,f4897737b96f35c12c15cd4137583b1fb2509c0fdd164b80e2926d56b9bba6fb,29.541126484835452,early
experiment-evaluation-019,27.2,0.0,1,0.85,2.9063861455397513,1.4531930727698756,29.853382698642196,0.85,0.5,0.0,11.642607814476897,9eac958b5f71c8311d4c8c60785c1eab49aad70644cb1702e915d0cb429d9fcd,29.528521562895378,early
experiment-evaluation-019,27.2,0.0,1,0.85,2.9063861455397513,2.9063861455397513,29.861336558645093,0.85,1.0,0.0,11.57958320477652,2e2f1969bdfd7f26f6b2ec752ac48b5a1dc4b7aa30d858ae610a36714612533f,29.515916640955304,early
experiment-evaluation-019,27.2,0.0,1,0.85,2.9185766422635946,0.0,29.84451789746279,0.85,0.0,0.0,11.671242626061293,214c8df09f3b515e7b00c6e9f4c46aa03a666c0aee8bc6320d7d67ba6cafb083,29.53424852521226,late
experiment-evaluation-019,27.2,0.0,1,0.85,2.9185766422635946,1.4592883211317973,29.852505119001094,0.85,0.5,0.0,11.6079536670076,8f676ff6e14b6b35787932857ccc81cb36b19ae018192c78c9ea5b6209c8e6c7,29.52159073340152,late
experiment-evaluation-019,27.2,0.0,1,0.85,2.9185766422635946,2.9185766422635946,29.860492340539402,0.85,1.0,0.0,11.544664707953906,bcde8170e568f2380c6b30a2a85bad1271d15ec6740963b6d72edd3cbc5a49e6,29.508932941590782,late
experiment-evaluation-019,27.2,0.0,1,0.85,2.912481393901673,0.0,29.844973368051047,0.85,0.0,0.0,11.688437525119282,0fd36d60ea18980653a675471b0ebae7a4a44d88a469c5cae6e82556f32a9fa9,29.537687505023854,split
experiment-evaluation-019,27.2,0.0,1,0.85,2.912481393901673,1.4562406969508366,29.852943908821647,0.85,0.5,0.0,11.625280740742241,18d8ede4fed5d39209d1f549b162960843f8d5aacdfbbfef1bd31d5744dbeeaa,29.525056148148447,split
experiment-evaluation-019,27.2,0.0,1,0.85,2.912481393901673,2.912481393901673,29.860914449592247,0.85,1.0,0.0,11.562123956365214,180cce8000d0c82725dc82380d4ab24e4a99703e8950983cdd115e0415ac9919,29.51242479127304,split
experiment-evaluation-019,27.2,0.0,1,0.85,2.8376591622256746,0.0,29.825328637162315,0.85,0.0,0.0,11.774305916120909,cefe43988a2fb0aa86f7307a12a54d066e2fa1348960a634a48f370e101919cc,29.55486118322418,redistribute
experiment-evaluation-019,27.2,0.0,1,0.85,2.8376591622256746,1.4188295811128373,29.83309441314047,0.85,0.5,0.0,11.712771642212939,6ce1ae599d8c003ab24660b8a521bae7b52c0ada574ef1a24a16a933b59fd36a,29.542554328442588,redistribute
experiment-evaluation-019,27.2,0.0,1,0.85,2.8376591622256746,2.8376591622256746,29.840860189118626,0.85,1.0,0.0,11.65123736830498,4aecb7427f31a2392a2f8a77c8959b1299285424b69ef0a1afec23fcb5caaddf,29.530247473660996,redistribute
experiment-evaluation-019,27.2,0.0,2,0.85,2.8342903597467997,0.0,29.68721221683622,0.85,0.0,0.0,13.250665747989972,5493340df08b6996d40cf16bd7c45dd993090643e2b6bc910211e9533605a83d,29.850133149597994,early
experiment-evaluation-019,27.2,0.0,2,0.85,2.8342903597467997,1.4171451798733998,29.694968773467068,0.85,0.5,0.0,13.18920452613041,d331abb8c7e6815a6ae3f16d231552bafd61fa924388e339f219dcd56000ce7b,29.83784090522608,early
experiment-evaluation-019,27.2,0.0,2,0.85,2.8342903597467997,2.8342903597467997,29.702725330097913,0.85,1.0,0.0,13.127743304270854,3aca048600b2b12b3362e46d830ab0b813b490a51b0114c3f4af1ae148aaffc1,29.82554866085417,early
experiment-evaluation-019,27.2,0.0,2,0.85,2.8430600639185553,0.0,29.68655689615349,0.85,0.0,0.0,13.22592611983244,8a33c3772914b91b9ecc1dfec36b4b1f4944d6f31b2ae106d3078170177c4546,29.84518522396649,late
experiment-evaluation-019,27.2,0.0,2,0.85,2.8430600639185553,1.4215300319592776,29.69433745269204,0.85,0.5,0.0,13.164274728066017,ac3c798ea04eabca347dc893a9b7052d438719864262b530b785685f0df029ad,29.832854945613203,late
experiment-evaluation-019,27.2,0.0,2,0.85,2.8430600639185553,2.8430600639185553,29.702118009230592,0.85,1.0,0.0,13.102623336299585,fb8dcb586d3d3d02e71b8f5554b5e7460e9057f84fbb0f68e27a781905441846,29.820524667259917,late
experiment-evaluation-019,27.2,0.0,2,0.85,2.8386752118326775,0.0,29.686884556494856,0.85,0.0,0.0,13.238295933911205,9f64fb25180616eb85707340e8b9bd35fb135c940aeb4884a1ce144bc51ab75b,29.84765918678224,split
experiment-evaluation-019,27.2,0.0,2,0.85,2.8386752118326775,1.4193376059163387,29.694653113079553,0.85,0.5,0.0,13.176739627098211,8dbfaa08962b52e75ae34632419de09c2dfc16185102f4852a0ed5e8a027d68b,29.83534792541964,split
experiment-evaluation-019,27.2,0.0,2,0.85,2.8386752118326775,2.8386752118326775,29.70242166966425,0.85,1.0,0.0,13.11518332028522,61518166e0464efaa3f817467d782f5ebcc31f3509dd8e98771cf8b86d70b88f,29.823036664057042,split
experiment-evaluation-019,27.2,0.0,2,0.85,2.7848489525642055,0.0,29.67275236136527,0.85,0.0,0.0,13.300068674091353,cefe43988a2fb0aa86f7307a12a54d066e2fa1348960a634a48f370e101919cc,29.86001373481827,redistribute
experiment-evaluation-019,27.2,0.0,2,0.85,2.7848489525642055,1.3924244762821028,29.680373612495956,0.85,0.5,0.0,13.239679582786602,eefba2e76c96e506df7391a1a754acff9713ca46e632c9df82c70064671f19bf,29.84793591655732,redistribute
experiment-evaluation-019,27.2,0.0,2,0.85,2.7848489525642055,2.7848489525642055,29.687994863626642,0.85,1.0,0.0,13.17929049148186,51fe3de82a71567a4dd538eb62f8772f7ab1eaae5884f70dfa83917e81151275,29.83585809829637,redistribute
experiment-evaluation-020,27.2,0.0,0,0.85,5.566095139167402,0.0,35.858543564245004,0.85,0.0,0.0,46.04484838589338,a043d6aeeab7c654e1fbceda530b7d2ecdc006d3896a3ebb232e2e3d0ecd26c4,36.408969677178675,early
experiment-evaluation-020,27.2,0.0,0,0.85,5.566095139167402,2.783047569583701,35.861195470501116,0.85,0.5,0.0,46.22000818118416,b5a6669b480343e9f761b216384b059b081203eccc2051d93a4d277c8b9b17c9,36.444001636236834,early
experiment-evaluation-020,27.2,0.0,0,0.85,5.566095139167402,5.566095139167402,35.863847376757235,0.85,1.0,0.0,46.395167976474944,405b82b41411ef2fc1d2a40e9dae2729a86c8e64255e522bda1b3d715aec1a11,36.479033595294986,early
experiment-evaluation-020,27.2,0.0,0,0.85,5.593038584924828,0.0,35.858312123178024,0.85,0.0,0.0,45.968840026173794,b9172e87a778baaad7fa433113ec85f437c989a0740eddf69a0a374e14584fe0,36.39376800523476,late
experiment-evaluation-020,27.2,0.0,0,0.85,5.593038584924828,2.796519292462414,35.86097686634953,0.85,0.5,0.0,46.14484770644053,b5243c5e9ec785684aaff0cfbdfdd3576e86e1fb7546e72d7c82d9c0e223e00f,36.428969541288104,late
experiment-evaluation-020,27.2,0.0,0,0.85,5.593038584924828,5.593038584924828,35.86364160952103,0.85,1.0,0.0,46.32085538670729,39ee7ce6960ac91d3df9ba4c0b083368c1404e9b33db1527b135b6062ee7dec9,36.464171077341454,late
experiment-evaluation-020,27.2,0.0,0,0.85,5.579566862046115,0.0,35.85842784371151,0.85,0.0,0.0,46.00684420603359,0312c0df73cb392ac0d1554dd06dbc1af244b938180e3f1b658ef304161fa367,36.40136884120672,split
experiment-evaluation-020,27.2,0.0,0,0.85,5.579566862046115,2.7897834310230576,35.861086168425324,0.85,0.5,0.0,46.18242794381236,1ecf524d7f7988b69a0da9f59944cc79989e0388ba7da1a997ba40993168acaf,36.43648558876247,split
experiment-evaluation-020,27.2,0.0,0,0.85,5.579566862046115,5.579566862046115,35.86374449313914,0.85,1.0,0.0,46.3580116815911,2c331a7daabf9e4ffd3ca9124ea6c63fc740eb13e9068fd23b0481198d49325c,36.47160233631822,split
experiment-evaluation-020,27.2,0.0,0,0.85,5.414194704842001,0.0,35.853436744840664,0.85,0.0,0.0,45.57532665225398,0efe6e5acf35f0cbbfd2fa1bed1eeddbe73043c22023b9b1c89af37dab3400e8,36.31506533045079,redistribute
experiment-evaluation-020,27.2,0.0,0,0.85,5.414194704842001,2.7070973524210005,35.85601627976607,0.85,0.5,0.0,45.74570628329751,ea6f77192cc8b7aa36805c1e6392e4d6225d6250d34234bb3421302f5fb4b2a6,36.3491412566595,redistribute
experiment-evaluation-020,27.2,0.0,0,0.85,5.414194704842001,5.414194704842001,35.85859581469147,0.85,1.0,0.0,45.91608591434106,4113d74aaf2497351fe88187a13cb7882f77c8926a69a163a723b510c67c2ab9,36.38321718286821,redistribute
experiment-evaluation-020,27.2,0.0,1,0.85,3.7129706043602084,0.0,36.26642448096263,0.85,0.0,0.0,41.86425889317999,3a50dc34a35a4b1797fe0618715977211b7a8e01d0389e227c627172eeb23964,35.572851778636,early
experiment-evaluation-020,27.2,0.0,1,0.85,3.7129706043602084,1.8564853021801042,36.26819348593439,0.85,0.5,0.0,41.981102596839314,98a43a081b6c633ec6bb8491279bf17c4ad3690565a0abd168fea2822d314899,35.59622051936786,early
experiment-evaluation-020,27.2,0.0,1,0.85,3.7129706043602084,3.7129706043602084,36.26996249090615,0.85,1.0,0.0,42.097946300498634,3f5a4d711422d7f5c2c6053a486daf0e17bc66ff8b7616b9225ab99b3a9363e2,35.61958926009973,early
experiment-evaluation-020,27.2,0.0,1,0.85,3.7346463479696337,0.0,36.26623828884475,0.85,0.0,0.0,41.80311089702954,812e403034ba86512f6ae8c3dcd1bed696a127053a7b252b47e3bafa514992c6,35.56062217940591,late
experiment-evaluation-020,27.2,0.0,1,0.85,3.7346463479696337,1.8673231739848168,36.26801762099178,0.85,0.5,0.0,41.92063671601722,42b997544d4ff0b2e9cac88016c767b5cc854d7bcdd373023c1e86e3620f51c0,35.58412734320344,late
experiment-evaluation-020,27.2,0.0,1,0.85,3.7346463479696337,3.7346463479696337,36.26979695313881,0.85,1.0,0.0,42.03816253500486,4009ed4d0e5768d2d6ee095a2a2bd76e47149ff67f591056b1b7dcdcd33ce958,35.60763250700097,late
experiment-evaluation-020,27.2,0.0,1,0.85,3.723808476164921,0.0,36.26633138490369,0.85,0.0,0.0,41.83368489510479,1464eae12889c58d1a982bebff204427e88ed1e9a1844b72388544a3b4c4f2da,35.56673697902096,split
experiment-evaluation-020,27.2,0.0,1,0.85,3.723808476164921,1.8619042380824604,36.26810555346309,0.85,0.5,0.0,41.95086965642827,45d4bbebd4865dea7835960e202575eed9db0cb2650dbcd0f26f4a17b765169e,35.590173931285655,split
experiment-evaluation-020,27.2,0.0,1,0.85,3.723808476164921,3.723808476164921,36.26987972202248,0.85,1.0,0.0,42.06805441775176,d903974bd8794d3107a2d1f39cb06a9a53e9070334ac9db8b759d2289618dd33,35.61361088355035,split
experiment-evaluation-020,27.2,0.0,1,0.85,3.5907681623176817,0.0,36.262316093748,0.85,0.0,0.0,41.48653316318068,0efe6e5acf35f0cbbfd2fa1bed1eeddbe73043c22023b9b1c89af37dab3400e8,35.49730663263614,redistribute
experiment-evaluation-020,27.2,0.0,1,0.85,3.5907681623176817,1.7953840811588408,36.26402687667854,0.85,0.5,0.0,41.59953127056525,87b7cd90f1439b223b31ef5ebd727e648b9cdce88415db7bc0f6ed381eb63f51,35.51990625411305,redistribute
experiment-evaluation-020,27.2,0.0,1,0.85,3.5907681623176817,3.5907681623176817,36.265737659609094,0.85,1.0,0.0,41.712529377949785,0740a6dec1afa56ed1445644a892b525b32327ba673e80f395ab45c82e72f03e,35.54250587558995,redistribute
experiment-evaluation-020,27.2,0.0,2,0.85,4.817369089670414,0.0,35.91149977165314,0.85,0.0,0.0,45.53638493621829,f8461d40ea54974c9aec53f2cb699545b9f054023822352898487a91117255f7,36.307276987243654,early
experiment-evaluation-020,27.2,0.0,2,0.85,4.817369089670414,2.408684544835207,35.913794955423356,0.85,0.5,0.0,45.687983024732624,b90f03cda7a4e37aa942f7c7afab44c90d016b77323e3d4ae71bfd11bbbd5702,36.337596604946526,early
experiment-evaluation-020,27.2,0.0,2,0.85,4.817369089670414,4.817369089670414,35.91609013919358,0.85,1.0,0.0,45.83958111324701,69382fe1cbfd36ee147a8b951e9e5b79f57b69196e993a9fbb5e38bdf5c43c3a,36.3679162226494,early
experiment-evaluation-020,27.2,0.0,2,0.85,4.8454045074619065,0.0,35.91125895067332,0.85,0.0,0.0,45.45729608694599,88caf2585ec39a649f5faebbe59bc94f030ad2c6e77c9f9559ddaa7bc4c9b4dc,36.291459217389196,late
experiment-evaluation-020,27.2,0.0,2,0.85,4.8454045074619065,2.4227022537309533,35.913567491617286,0.85,0.5,0.0,45.6097764237724,3c19b83442c57e78ae746daf18253792c332c477349c4fd40de71379b8fca82a,36.32195528475448,late
experiment-evaluation-020,27.2,0.0,2,0.85,4.8454045074619065,4.8454045074619065,35.915876032561236,0.85,1.0,0.0,45.762256760598795,68dc7e9b07452b6cad216ecd9dafdb14588280459ce3a25bedc82b5065c07fbe,36.35245135211976,late
experiment-evaluation-020,27.2,0.0,2,0.85,4.83138679856616,0.0,35.91137936116323,0.85,0.0,0.0,45.49684051158212,e789aad939d57f8fe1d38416c8be91b039a2e3bc85eaa7f705d2003db7e85cd0,36.29936810231642,split
experiment-evaluation-020,27.2,0.0,2,0.85,4.83138679856616,2.41569339928308,35.91368122352032,0.85,0.5,0.0,45.64887972425251,ef0f65f9f2ad02eb3aaa6cbf7ffae23d72eda6081c5b562899964c7c4c399715,36.3297759448505,split
experiment-evaluation-020,27.2,0.0,2,0.85,4.83138679856616,4.83138679856616,35.915983085877414,0.85,1.0,0.0,45.80091893692288,0435d1aa8025879408395cd771a9a59c97cb600cbdef75c17678fc5e20e43100,36.36018378738458,split
experiment-evaluation-020,27.2,0.0,2,0.85,4.659312389077539,0.0,35.906185981543466,0.85,0.0,0.0,45.047834285225974,0efe6e5acf35f0cbbfd2fa1bed1eeddbe73043c22023b9b1c89af37dab3400e8,36.209566857045196,redistribute
experiment-evaluation-020,27.2,0.0,2,0.85,4.659312389077539,2.3296561945387695,35.90840586089602,0.85,0.5,0.0,45.19445847756574,58a7713d6e49472ace1cadb4147819df98e68fd6c61fafa386d8dcedc822af23,36.238891695513146,redistribute
experiment-evaluation-020,27.2,0.0,2,0.85,4.659312389077539,4.659312389077539,35.91062574024858,0.85,1.0,0.0,45.341082669905475,e5e0b2965e289bcf2024281780f9c9fb0a85fd76704fb4ab5caed57d79c164fa,36.2682165339811,redistribute
experiment-evaluation-021,27.2,0.0,0,0.85,3.177956565521117,0.0,32.824691362912915,0.85,0.0,0.0,29.09651353713933,bd1175f6d10b6575f5815c141f39e85143b54ad609df52be08d256d271f1508f,33.01930270742787,early
experiment-evaluation-021,27.2,0.0,0,0.85,3.177956565521117,1.5889782827605585,32.83436403778839,0.85,0.5,0.0,28.941344906445824,c467c6876dbd393bf725e9ac9c325347ea624cd0ffe67f04764424177c5bd375,32.98826898128917,early
experiment-evaluation-021,27.2,0.0,0,0.85,3.177956565521117,3.177956565521117,32.844036712663865,0.85,1.0,0.0,28.786176275752325,1cc77d0d3ca1da7f52fdea8b0cfd9fe87e430f1e7ab68a5c1345bc6f25c61d40,32.957235255150465,early
experiment-evaluation-021,27.2,0.0,0,0.85,3.188571225899397,0.0,32.8234948723136,0.85,0.0,0.0,29.066569225947756,ade266a536d789ce796aad31452d34c863c78f2d6e59b9413c6d1775788f0374,33.01331384518955,late
experiment-evaluation-021,27.2,0.0,0,0.85,3.188571225899397,1.5942856129496985,32.83319985479197,0.85,0.5,0.0,28.910882318090223,039f8b817c55e9960dd40c9c09babe6dc17206815afb517aafaa348af838468d,32.982176463618046,late
experiment-evaluation-021,27.2,0.0,0,0.85,3.188571225899397,3.188571225899397,32.84290483727035,0.85,1.0,0.0,28.7551954102327,4c8e37eb7f8440c84e4190a5bde650b4a1dcbac5acb795b0716c53125124b5cd,32.95103908204654,late
experiment-evaluation-021,27.2,0.0,0,0.85,3.1832638957102573,0.0,32.82409311761326,0.85,0.0,0.0,29.081541381543538,a0ddefff13f9de245d7b34976e1ada077a28d1721baa588cc212f8311e93eed0,33.016308276308706,split
experiment-evaluation-021,27.2,0.0,0,0.85,3.1832638957102573,1.5916319478551286,32.83378194629019,0.85,0.5,0.0,28.92611361226802,41446eccaa583e3a8fcbc8f76db24ee2e920349287bcd0028892720b12adbf15,32.9852227224536,split
experiment-evaluation-021,27.2,0.0,0,0.85,3.1832638957102573,3.1832638957102573,32.8434707749671,0.85,1.0,0.0,28.7706858429925,0b285573c89aa5d9110a4139210809ed971fe5b15e5ef4e5a4995d77b62c4424,32.9541371685985,split
experiment-evaluation-021,27.2,0.0,0,0.85,3.118113754909819,0.0,32.79829042426654,0.85,0.0,0.0,29.413043575295745,13ca3f88f3956c74aeabf118e1cece89a4b59505265ce59fe591310a996564ee,33.08260871505915,redistribute
experiment-evaluation-021,27.2,0.0,0,0.85,3.118113754909819,1.5590568774549094,32.80778095692618,0.85,0.5,0.0,29.26079686212626,e8e09fecbe35bd5db88ec56aa35076c1f6d397526535507f908a58303bd69b66,33.05215937242525,redistribute
experiment-evaluation-021,27.2,0.0,0,0.85,3.118113754909819,3.118113754909819,32.81727148958582,0.85,1.0,0.0,29.10855014895678,21c65c8cd58c3b1792e4ce2604d421510639c827e6a2c7b63ca3acac8d3c8bca,33.02171002979136,redistribute
experiment-evaluation-021,27.2,0.0,1,0.85,3.147377949827351,0.0,32.9709871413657,0.85,0.0,0.0,27.634320818734608,75343f0f7f8e089782d9cc12eb57185c8bd84ce5d9a0da2e4e79f7ff75192e18,32.726864163746924,early
experiment-evaluation-021,27.2,0.0,1,0.85,3.147377949827351,1.5736889749136755,32.98056674479679,0.85,0.5,0.0,27.480645236113933,f10363392a1260a7631f2370daa123a131c1b7ac63a5cdfc1fffda699abb7cd5,32.69612904722278,early
experiment-evaluation-021,27.2,0.0,1,0.85,3.147377949827351,3.147377949827351,32.99014634822788,0.85,1.0,0.0,27.32696965349327,ebdaf98f3cf4d5ed77bd3b26fa263520f8f919edeba9fa08f2e9a1a57d83c22d,32.665393930698656,early
experiment-evaluation-021,27.2,0.0,1,0.85,3.15783798689457,0.0,32.96980807999459,0.85,0.0,0.0,27.604812705064095,4d1f3a8c48e9103d5c1cce16122e39e13d7d8115680b85bd5b4ea753246d4f6b,32.72096254101282,late
experiment-evaluation-021,27.2,0.0,1,0.85,3.15783798689457,1.578918993447285,32.97941952040509,0.85,0.5,0.0,27.450626395001038,ded45308bb85a4452caa538b5c97ff8a6df0ac11a47da193a8e8ac71a8e38a5f,32.690125279000206,late
experiment-evaluation-021,27.2,0.0,1,0.85,3.15783798689457,3.15783798689457,32.98903096081559,0.85,1.0,0.0,27.296440084937984,4f22e4c3a0d44f6a4191bb9e9209a8592ffd38e2ba72c53bcc779eace696fbe5,32.659288016987595,late
experiment-evaluation-021,27.2,0.0,1,0.85,3.152607968360961,0.0,32.97039761068015,0.85,0.0,0.0,27.619566761899357,4e52bbc9f34bc7900cde60ab38dd5c45ebb825872908d132dc637a050509629f,32.72391335237987,split
experiment-evaluation-021,27.2,0.0,1,0.85,3.152607968360961,1.5763039841804805,32.97999313260094,0.85,0.5,0.0,27.465635815557494,0faf5b5b05234a7ca9363c183cacecd3d9a0c8ae9c771ac1803fb9e39aae751c,32.6931271631115,split
experiment-evaluation-021,27.2,0.0,1,0.85,3.152607968360961,3.152607968360961,32.98958865452174,0.85,1.0,0.0,27.311704869215635,aea62e7fd8018d3c04df86d0284ae1709dc2e2ca5f652de17da74504d39b4a60,32.66234097384313,split
experiment-evaluation-021,27.2,0.0,1,0.85,3.0884068669200175,0.0,32.94497078408163,0.85,0.0,0.0,27.946239977144906,13ca3f88f3956c74aeabf118e1cece89a4b59505265ce59fe591310a996564ee,32.78924799542898,redistribute
experiment-evaluation-021,27.2,0.0,1,0.85,3.0884068669200175,1.5442034334600088,32.95437089855487,0.85,0.5,0.0,27.79544374859864,e5e68edbd6615bcb66af1ff284ac769eab76fef08e71c4e78187d9e8b87d5fe5,32.75908874971973,redistribute
experiment-evaluation-021,27.2,0.0,1,0.85,3.0884068669200175,3.0884068669200175,32.96377101302812,0.85,1.0,0.0,27.64464752005239,5696d364aeffe509cb91459b62aaa71a334addfd9387c03aa8e983f00653e5c8,32.72892950401048,redistribute
experiment-evaluation-021,27.2,0.0,2,0.85,3.905450831259669,0.0,32.96236311009403,0.85,0.0,0.0,27.71972879313482,892029b8d515a39ef1e72a5f50d509bd30c1e65079f1f2c3c439767d6f3d8ed8,32.743945758626964,early
experiment-evaluation-021,27.2,0.0,2,0.85,3.905450831259669,1.9527254156298346,32.97425004289316,0.85,0.5,0.0,27.52903913289775,fb5bf7f878552c0ad595c0d1bb20b5207fce038fc2e5611f05fafae63b228340,32.70580782657955,early
experiment-evaluation-021,27.2,0.0,2,0.85,3.905450831259669,3.905450831259669,32.986136975692304,0.85,1.0,0.0,27.33834947266069,d67869a4f55a8a18e90977bb8f7f2ff78c87d915d1eb42215adfd3ac00bf3022,32.66766989453214,early
experiment-evaluation-021,27.2,0.0,2,0.85,3.9160790876513802,0.0,32.96116508694429,0.85,0.0,0.0,27.689746127135585,59765b655ea6d42607b446e5f50977641b0189a5c2e289d04d291f085e07ccdc,32.737949225427116,late
experiment-evaluation-021,27.2,0.0,2,0.85,3.9160790876513802,1.9580395438256901,32.97308436872821,0.85,0.5,0.0,27.49853752588817,582314a74f252884101b3fac00a96a928c78f916521882c81fc82bb1297b4131,32.699707505177635,late
experiment-evaluation-021,27.2,0.0,2,0.85,3.9160790876513802,3.9160790876513802,32.98500365051213,0.85,1.0,0.0,27.30732892464076,23f044251dcf831f8b6a697ef4238cafe83f5e62181557b046ffd4e5ea54000d,32.661465784928154,late
experiment-evaluation-021,27.2,0.0,2,0.85,3.9107649594555243,0.0,32.961764098519154,0.85,0.0,0.0,27.704737460135206,f75824e83f00d1c0641471f0ac9f723dab0e2ccf33c040e494e65ceaee45b133,32.74094749202704,split
experiment-evaluation-021,27.2,0.0,2,0.85,3.9107649594555243,1.9553824797277621,32.973667205810685,0.85,0.5,0.0,27.513788329392966,ad9c4168d0dd36cdfddbe1c99c847376c94caa7bc50643aea137b1e4e01b6e72,32.70275766587859,split
experiment-evaluation-021,27.2,0.0,2,0.85,3.9107649594555243,3.9107649594555243,32.985570313102215,0.85,1.0,0.0,27.322839198650723,24303e2b9724ab52990a200c6e56c71b89378cb49f7093cd382284a9187208b2,32.66456783973015,split
experiment-evaluation-021,27.2,0.0,2,0.85,3.845531369712046,0.0,32.935928355244066,0.85,0.0,0.0,28.03666426552053,13ca3f88f3956c74aeabf118e1cece89a4b59505265ce59fe591310a996564ee,32.80733285310411,redistribute
experiment-evaluation-021,27.2,0.0,2,0.85,3.845531369712046,1.922765684856023,32.94763291252663,0.85,0.5,0.0,27.848900265407682,b2fb2a5e3f740b5e526b77c26a7c1d491da42cfc177905663c7de4001f0fff17,32.76978005308153,redistribute
experiment-evaluation-021,27.2,0.0,2,0.85,3.845531369712046,3.845531369712046,32.9593374698092,0.85,1.0,0.0,27.661136265294825,109ee0cd12b1efe97d41af834a0d4bfe44b326f25a275f0d7cfc43c4ee62628e,32.732227253058966,redistribute
experiment-evaluation-022,25.152403197377883,0.0,0,0.7540188998770883,1.8304236734994777,0.0,26.22126499470278,0.7831619466769468,0.0,2.0475968026221163,3.1228855845662706,d07fc0aafd214897a5b64019e142c4e0c03f9ac4fd21cd6af0fdeb0fc84ee1ce,25.776980314291137,early
experiment-evaluation-022,25.16279696629067,0.0,0,0.7545061077948753,1.8304236734994777,0.9152118367497388,26.239132883844224,0.7838356620499464,0.5,2.0372030337093276,3.170743766390883,49a9da3853ecf7414fbfcd8a5767a7041791ba2bddfefb8f6086d40c34dab2bc,25.796945719568846,early
experiment-evaluation-022,25.180920521191574,0.0,0,0.7553556494308551,1.8304236734994777,1.8304236734994777,26.257000772985673,0.7845093774229459,1.0,2.0190794788084245,3.218601948215499,ad45f60b1646e6641dba772751f7db1eb2f33dafd1501ea7e70d228bce527785,25.824640910834674,early
experiment-evaluation-022,25.151595828291427,0.0,0,0.7539810544511607,1.8419287686529051,0.0,26.21818797225268,0.7830086282746187,0.0,2.048404171708572,3.1176300729593724,63c73ff9519fdf7737a61b08a213cdb2e9cfa12efb53c95ecd50dfc04233573e,25.7751218428833,late
experiment-evaluation-022,25.16385642446679,0.0,0,0.7545557698968809,1.8419287686529051,0.9209643843264526,26.236168169690693,0.7836865782735057,0.5,2.0361435755332082,3.1657890665270467,ba160ed85701fc8c5e5572d81767c6552fabcb4e7b29dbdae61dd12dcb5e6e9a,25.7970142377722,late
experiment-evaluation-022,25.17636384673226,0.0,0,0.7551420553155747,1.8419287686529051,1.8419287686529051,26.254148367128707,0.7843645282723927,1.0,2.023636153267739,3.2139480600947192,926cf71a2dc06b2fbce583fd6f358dfcab0a4e8b1e691742e0b5b6c733e86ffa,25.819153458751206,late
experiment-evaluation-022,25.151999512834657,0.0,0,0.7539999771641245,1.8361762210761914,0.0,26.21972648347773,0.7830852874757828,0.0,2.048000487165344,3.1202578287628207,cad729e194b62584d5c8f916540f44620cd8d42461d7a9b21b24652178b355f5,25.77605107858722,split
experiment-evaluation-022,25.159431372565834,0.0,0,0.7543483455890235,1.8361762210761914,0.9180881105380957,26.23765052676746,0.783761120161726,0.5,2.0405686274341646,3.168266416458962,ea478fa0d02c3dcd7ef76a935bc3b766894294428304a3c93cfbf14472909ece,25.793084655857626,split
experiment-evaluation-022,25.178642183961916,0.0,0,0.7552488523732149,1.8361762210761914,1.8361762210761914,26.255574570057192,0.7844369528476693,1.0,2.021357816038082,3.216275004155109,d20b1a54cca06c8182e8f05f46d8a6e1013ed989df0da045f37886bf3ca7645a,25.821897184792938,split
experiment-evaluation-022,25.053886521775137,0.0,0,0.7494009307082096,1.765560813474269,0.0,26.175173759389757,0.7814317066165146,0.0,2.146113478224862,2.98783616480308,67abf945636067207a01437bd5889c0500b2f2d88eadfd7b89c79a9a7034941b,25.651453754735755,redistribute
experiment-evaluation-022,25.084620696918133,0.0,0,0.7508415951680375,1.765560813474269,0.8827804067371345,26.192408482336347,0.7820815482238017,0.5,2.1153793030818657,3.02960647633331,fdc747880fd0f0face02e4ab4ca0270997b9e4cc2457c6521503d386f2585b13,25.690541992184794,redistribute
experiment-evaluation-022,25.093979950943172,0.0,0,0.7512803102004613,1.765560813474269,1.765560813474269,26.209643205282937,0.7827313898310888,1.0,2.1060200490568266,3.0757687564966383,2dc7ce4f55efe3b587a0e9c682d90eceace6d01b49128c562ed09564639d1198,25.7091337022425,redistribute
experiment-evaluation-022,26.166146866658718,0.0,1,0.8015381343746273,2.1876565015763023,0.0,25.822059902964064,0.7619841219615565,0.0,1.033853133341284,2.5876774459000993,24c042c0ba155cc1385a00556545b2f216b8f96f98ffac1605a0614f19e3a256,26.683682355838737,early
experiment-evaluation-022,26.162401141803898,0.0,1,0.8013625535220578,2.1876565015763023,1.0938282507881512,25.8427288556652,0.7627430735189265,0.5,1.037598858196102,2.6191630498917635,81f1448df4ec669c4ec6ed23e7eea5ef7238050862fe2079dcc9745b95a15c03,26.68623375178225,early
experiment-evaluation-022,26.215142388992916,0.0,1,0.8038347994840429,2.1876565015763023,2.1876565015763023,25.86340765018424,0.7635020250762965,1.0,0.9848576110070847,2.6506486538834264,fb23a03aff30cf98f9e6534e42ee072f6078ca86199227e079b8c21d8988dfd8,26.745272119769602,early
experiment-evaluation-022,26.194625312214892,0.0,1,0.8028730615100731,2.200269361499749,0.0,25.81809675941578,0.7617832177445338,0.0,1.005374687785108,2.5719558305846473,a8c8908209835cf08ed0bcf29894598eb75273f8cb0ef1d03084614cb685d879,26.709016478331822,late
experiment-evaluation-022,26.189745776040397,0.0,1,0.8026443332518937,2.200269361499749,1.1001346807498744,25.83889477682857,0.7625465450115616,0.5,1.0102542239596022,2.6036229637663233,4feaaabab45e8cab5cb57d4d834c4f0a95d181d87b8ff96ecd3e15684de6371a,26.71047036879366,late
experiment-evaluation-022,26.24198404393638,0.0,1,0.8050930020595177,2.200269361499749,2.200269361499749,25.85969279424136,0.7633098722785894,1.0,0.9580159560636209,2.6352900969479975,f53e2b7353ee3819bc5bc4e8d30fbe918a3b08185982f4e795a49ca2129e48e7,26.76904206332598,late
experiment-evaluation-022,26.175014794630883,0.0,1,0.8019538184983227,2.193962931538026,0.0,25.82007341028097,0.7618836698530451,0.0,1.0249852053691153,2.5798166382423733,ace81987d7d4fcfb909a97000c3af25f9b52fb4b58e346b67ef15eef405f381f,26.690978122279358,split
experiment-evaluation-022,26.174987464998576,0.0,1,0.8019525374218083,2.193962931538026,1.096981465769013,25.840811816246884,0.762644809265244,0.5,1.025012535001423,2.6113930068290423,85dc19f2fae4c7e2433880b8ff71078886e22d3a592219c2f1a9457dd3b17e29,26.697266066364385,split
experiment-evaluation-022,26.228563216464647,0.0,1,0.8044639007717803,2.193962931538026,2.193962931538026,25.861550222212802,0.7634059486774429,1.0,0.9714367835353523,2.642969375415712,89e36f5bbafa05ea2634436ea3071ea5a7ee9794f3e4df8182a48a5a1ad94466,26.75715709154779,split
experiment-evaluation-022,25.957949936601786,0.0,1,0.7917789032782088,2.1165483397730203,0.0,25.774841081137502,0.760242720331515,0.0,1.2420500633982128,2.4708458731923515,67abf945636067207a01437bd5889c0500b2f2d88eadfd7b89c79a9a7034941b,26.452119111240258,redistribute
experiment-evaluation-022,25.98781854837361,0.0,1,0.793178994455013,2.1165483397730203,1.0582741698865101,25.794583032503454,0.7609770027280256,0.5,1.212181451626388,2.5013080608380296,09b90cce31b4ce7a90cb8638979cd319109cbb30cf1b67b3a811cf51bb6ddac8,26.488080160541216,redistribute
experiment-evaluation-022,25.992512974267687,0.0,1,0.7933990456687977,2.1165483397730203,2.1165483397730203,25.814415175370158,0.7617112851245363,1.0,1.2074870257323143,2.53177024848371,dfbf68a6653122fff39b587d891b59a5eb175e333ae953af05e19956f09af3b9,26.49886702396443,redistribute
experiment-evaluation-022,25.593123305050927,0.0,2,0.7746776549242622,2.0990161745997753,0.0,26.091237605249425,0.7720215664453807,0.0,1.6068766949490738,2.017366925025098,56af411db2d90e36de5ce30d873c5a5ec280bcabc75791dd3502949886bbe575,25.996596690055945,early
experiment-evaluation-022,25.610235951626233,0.0,2,0.7754798102324798,2.0990161745997753,1.0495080872998876,26.110827584499923,0.7727459096730376,0.5,1.589764048373765,2.0568321795048634,f3a6c32ea627f2e32b4d515edad65e745cec95a0ebe438e6d01b4e1024eb8800,26.021602387527206,early
experiment-evaluation-022,25.633643115928905,0.0,2,0.7765770210591675,2.0990161745997753,2.0990161745997753,26.130474506922393,0.7734702529006945,1.0,1.566356884071094,2.0962974339846294,8f691482a3fb083fbc05d5f64d617a1284efc8e35c02c635607ef3a28ff41744,26.05290260272583,early
experiment-evaluation-022,25.54971919004037,0.0,2,0.7726430870331424,2.110245371311616,0.0,26.09147808706952,0.7720463304546294,0.0,1.6502808099596287,2.047031481075139,4f09e3e763ad709d2996eb35e16242e6c84b1d883148ebd1ed8458a8bdca47db,25.9591254862554,late
experiment-evaluation-022,25.56209560359664,0.0,2,0.7732232314185924,2.110245371311616,1.055122685655808,26.11123011547418,0.7727745487322686,0.5,1.6379043964033626,2.0867078645167476,e56d55ce5e5ad4a1b8e97b04b39e20d1e909cf3916836014a1b9cf16b65c54d3,25.97943717649999,late
experiment-evaluation-022,25.592410396891097,0.0,2,0.7746442373542701,2.110245371311616,2.110245371311616,26.13098214387884,0.7735027670099077,1.0,1.6075896031089034,2.1263842479583577,5fb4d542a103f8d1e29f6eb032c9e6e3bc8a983bb236fb1823d7547066b8036c,26.01768724648277,late
experiment-evaluation-022,25.579546452212835,0.0,2,0.7740412399474766,2.1046307729556957,0.0,26.09135241648756,0.7720339484500051,0.0,1.6204535477871653,2.0321992030501166,a16b04a7cd23996538939f7b95e3347e2ee88bd30ff86240ee8f8cc8eabe8a64,25.985986292822858,split
experiment-evaluation-022,25.592739407043275,0.0,2,0.7746596597051536,2.1046307729556957,1.0523153864778478,26.111028849987054,0.7727602292026531,0.5,1.6072605929567236,2.071770022010805,37a2606c89708709192d988b6fdbd2fec7765412757000ef54b2b34763fa804a,26.007093411445435,split
experiment-evaluation-022,25.60302675641,0.0,2,0.7751418792067187,2.1046307729556957,2.1046307729556957,26.130728325400618,0.7734865099553011,1.0,1.5969732435899993,2.1113408409714927,ae8297e642c08934e54a7ec1e410f49fc9da8b09cf691e893b702266b8c2c12d,26.0252949246043,split
experiment-evaluation-022,25.516469545702837,0.0,2,0.7710845099548205,2.0357087612492073,0.0,26.051786432988006,0.7705899169932091,0.0,1.683530454297162,1.9087943091820774,67abf945636067207a01437bd5889c0500b2f2d88eadfd7b89c79a9a7034941b,25.898228407539253,redistribute
experiment-evaluation-022,25.54232002393201,0.0,2,0.772296251121813,2.0357087612492073,1.0178543806246036,26.0705862096336,0.7712924136545194,0.5,1.6576799760679886,1.9470692711769337,3bf3e4668d6cb5bd8f60e8b019de0f5deec1543b4e86a688bfd757304ded0de4,25.931733878167396,redistribute
experiment-evaluation-022,25.558912818336776,0.0,2,0.7730740383595363,2.0357087612492073,2.0357087612492073,26.08945595828795,0.7719949103158297,1.0,1.6410871816632258,1.9853442331717874,dcddacae826ebc08bed279a73bbd8f9f8f57a2d5069b4dbe9c993bc0bbf20bfc,25.955981664971134,redistribute
experiment-evaluation-023,25.765257344724223,0.0,0,0.7827464380339479,1.943975414836848,0.0,26.56060219370784,0.7963745319536336,0.0,1.4347426552757776,0.69930536218012,e966a442c0f00f290292bcaee04783c0b0de5ee0bd20b159cbf64f70aa911560,25.905118417160246,early
experiment-evaluation-023,25.70745609425543,0.0,0,0.7800370044182232,1.943975414836848,0.971987707418424,26.581389210899324,0.7971455573496157,0.5,1.4925439057445704,0.686645059203496,342b159634bd5ebe6ed42e1924a75c64897c71c2cafc4ce21dd852bf23597d0e,25.84478510609613,early
experiment-evaluation-023,25.62254554502293,0.0,0,0.7760568224229498,1.943975414836848,1.943975414836848,26.604074696501367,0.7980055734523426,1.0,1.5774544549770708,0.6950255795302304,40c33c0d3ab7f970ea46193cd627211c7ffa466deaafd7f57a787d955a941b19,25.761550660928975,early
experiment-evaluation-023,25.753624380958108,0.0,0,0.7822011428574113,1.9487558765790167,0.0,26.56530987115288,0.79661795361577,0.0,1.4463756190418933,0.7102638787361477,0eadd835a3b5891bb9bded7f31b18a12a91c76ff5fd7aa5e51b9c60c2c7fd71e,25.895677156705336,late
experiment-evaluation-023,25.70429726036799,0.0,0,0.7798889340797496,1.9487558765790167,0.9743779382895084,26.584168611157686,0.7972980909178835,0.5,1.4957027396320084,0.7048044361562038,e260f31120c8102f1d6a83dec70a5e4a48d50469d1544dc5ab99a2b4eabfd7ff,25.845258147599232,late
experiment-evaluation-023,25.61630247858577,0.0,0,0.7757641786837078,1.9487558765790167,1.9487558765790167,26.602459325562297,0.7979516020199877,1.0,1.5836975214142321,0.7132055651575615,8aca7a7cb83401c9d1673c5a23d4d3124ebeaca9acae9d62aa93cb82e62aa9c9,25.75894359161728,late
experiment-evaluation-023,25.759961274492845,0.0,0,0.7824981847418521,1.9463656457079321,0.0,26.562956032430364,0.7964962427847018,0.0,1.4400387255071565,0.7047846204581334,59729cbb36e13effd6bbe56cf29bdac80192b701e2edf080c85a083dfabe7de3,25.90091819858447,split
experiment-evaluation-023,25.710759133936534,0.0,0,0.780191834403275,1.9463656457079321,0.9731828228539661,26.581971551975304,0.7971839791781308,0.5,1.4892408660634655,0.69572474767985,3cd9aa2b76d323729f59201ffd6bcf70587871c7bcd3e571700c87c47682528b,25.849904083472506,split
experiment-evaluation-023,25.619424011804348,0.0,0,0.7759105005533289,1.9463656457079321,1.9463656457079321,26.60326701103183,0.7979785877361651,1.0,1.5805759881956516,0.7041155723438963,30f6650e40c2c917c44f9761bea5270fd9b36d7e08beed1e709b48fbbca3b3d6,25.76024712627313,split
experiment-evaluation-023,25.593910932424112,0.0,0,0.7747145749573803,1.9170243625679944,0.0,26.51483774258986,0.794663137616477,0.0,1.6060890675758885,0.7638242387935236,e5b1e79c4992d9abb02dd52a7e6c9ffa9f1473e964662bc97356a95520180fa2,25.746675780182816,redistribute
experiment-evaluation-023,25.56906898996285,0.0,0,0.7735501089045087,1.9170243625679944,0.9585121812839972,26.53743308671484,0.7955217477808576,0.5,1.6309310100371481,0.7408704916508486,b2c1b0658a36ec356959d33f96c92202b2145892e5dfdcf469648fe20f38c4b1,25.71724308829302,redistribute
experiment-evaluation-023,25.50485490651095,0.0,0,0.7705400737427007,1.9170243625679944,1.9170243625679944,26.56069066976899,0.7964114003950429,1.0,1.6951450934890517,0.7216971735970686,0d6eadaa58643985804935a41feafe9bf53bb1d04e70b9f0104024b5a1f7c57e,25.649194341230363,redistribute
experiment-evaluation-023,26.196599073198183,0.0,1,0.8029655815561647,2.219875472983735,0.0,26.0432636697064,0.781553394872178,0.0,1.003400926801819,2.6273221036515877,20c2c943291e9559d447366a7106fa65eaa17dbb1a84fa8f36c2264b38314b4e,26.7220634939285,early
experiment-evaluation-023,26.13216509632523,0.0,1,0.7999452388902453,2.219875472983735,1.1099377364918674,26.07505326219036,0.7828709354100888,0.5,1.0678349036747687,2.571578037634348,841e8a301f1477c6bfc2c5607ea834afed010a9d4e5a7cc475d8820eeefe20e7,26.6464807038521,early
experiment-evaluation-023,26.089170276717926,0.0,1,0.7979298567211528,2.219875472983735,2.219875472983735,26.104282826482756,0.7840630872601929,1.0,1.1108297232820747,2.515833971617108,35414516e4f8af152e57a5affbdc5abd56d26997ad5079e438f2bacd89171240,26.59233707104135,early
experiment-evaluation-023,26.184871528190463,0.0,1,0.802415852883928,2.2251516408410223,0.0,26.046949658413578,0.7817432892161666,0.0,1.0151284718095355,2.6328496383770785,8651a7d48360636eb565243aaddae0487f11cfba1fbdce59c0f881899f838b60,26.711441455865877,late
experiment-evaluation-023,26.111918243933058,0.0,1,0.798996167684362,2.2251516408410223,1.1125758204205112,26.078390946880127,0.7830437812924282,0.5,1.0880817560669436,2.5769730806714826,46ef562dee31310d3f5ae84ffb6ed9f8463153083d3578f53afc3e03e21dde1c,26.627312860067356,late
experiment-evaluation-023,26.104936716993166,0.0,1,0.7986689086090546,2.2251516408410223,2.2251516408410223,26.105908831294418,0.7841538750233654,1.0,1.0950632830068343,2.521096522965889,1b9fbf8509f3a7220d3594f669368906d5ab0887789cd11dd7d964ecf50b2e6b,26.609156021586344,late
experiment-evaluation-023,26.196370013484813,0.0,1,0.8029548443821006,2.2225135569123786,0.0,26.045106664059986,0.7816483420441722,0.0,1.0036299865151868,2.630085871014333,9f8a032048f403ed553f52a3cf1830655696306660b38305f189ea39802522b0,26.72238718768768,split
experiment-evaluation-023,26.12150220931733,0.0,1,0.7994454160617498,2.2225135569123786,1.1112567784561893,26.07673539459229,0.7829581370655387,0.5,1.0784977906826698,2.574275559152915,12804fcc509da0e47f5b4004bb88456e99e5a85b4ce4653f83a25813662893e9,26.636357321147916,split
experiment-evaluation-023,26.095852336949086,0.0,1,0.7982430782944884,2.2225135569123786,2.2225135569123786,26.105353780847246,0.7841205726398415,1.0,1.1041476630509142,2.518465247291499,96a13e6f4ef85c39db38963bb44ede14e4dfd82c8e1d51f70fcc76f410dcd982,26.599545386407385,split
experiment-evaluation-023,26.246491721557597,0.0,1,0.8053042994480123,2.190129753141097,0.0,25.98877906076876,0.7793682753711609,0.0,0.9535082784424049,2.7615071113370924,e5b1e79c4992d9abb02dd52a7e6c9ffa9f1473e964662bc97356a95520180fa2,26.798793143825016,redistribute
experiment-evaluation-023,26.21112958160881,0.0,1,0.803646699137913,2.190129753141097,1.0950648765705484,26.01428569357187,0.7803936149210589,0.5,0.9888704183911904,2.706510000449013,2676e590f8248f8e5111055866eee913f84df3e211ef341df903b3ce8bded2b4,26.752431581698612,redistribute
experiment-evaluation-023,26.143729603548195,0.0,1,0.8004873251663217,2.190129753141097,2.190129753141097,26.045649692365252,0.7816935185017508,1.0,1.056270396451803,2.651512889560932,f8bd1296084053f9dbb7f3105b784e2482648c4711d579f33b9e65404391562c,26.674032181460383,redistribute
experiment-evaluation-023,25.823032213094876,0.0,2,0.7854546349888223,2.064367311435108,0.0,26.321575660860606,0.7920463846476482,0.0,1.3769677869051233,2.1210820021052776,27dd917454f1c98051d1498785fd5be9ed184954397e236c3c6d7345bd2762f2,26.247248613515932,early
experiment-evaluation-023,25.810064192465987,0.0,2,0.7848467590218431,2.064367311435108,1.032183655717554,26.346869776228054,0.7930598093199928,0.5,1.3899358075340138,2.061289559216769,22b98354679e9baefb5d7307eb8cd690d245820daf9028466989c03d34698053,26.22232210430934,early
experiment-evaluation-023,25.766287040151,0.0,2,0.782794705007078,2.064367311435108,2.064367311435108,26.37548694655605,0.7942258570625029,1.0,1.4337129598490028,2.001497116328262,368109f586527fa220b3d44c878c160c0caca00cd3abbd836e6fd8234458484a,26.166586463416653,early
experiment-evaluation-023,25.833865470282106,0.0,2,0.7859624439194737,2.0689290606831885,0.0,26.324426265674912,0.7921589963878426,0.0,1.366134529717894,2.1015852715136893,28ecf7648f18a5d8032c65ad3ee74a9051a2995ffeaa6962631872daddc5c661,26.254182524584845,late
experiment-evaluation-023,25.826988770790223,0.0,2,0.7856400986307917,2.0689290606831885,1.0344645303415942,26.348585150137886,0.7931188265097281,0.5,1.3730112292097791,2.0416607018811277,b03929ba7b4f9728df8d67f4a482f946a059c4e66007b4cb93872573a0d2f3a8,26.235320911166447,late
experiment-evaluation-023,25.784297628601205,0.0,2,0.7836389513406815,2.0689290606831885,2.0689290606831885,26.373532988720868,0.794111002829528,1.0,1.4157023713987944,1.9980226290973662,af5fcf09b173c2db021e3c5ef1471113c2c9b3d39aa5ffa83b22174df685aaea,26.18390215442068,late
experiment-evaluation-023,25.82844884168849,0.0,2,0.7857085394541481,2.0666481860591484,0.0,26.32300096326776,0.7921026905177454,0.0,1.3715511583115083,2.1113336368094826,9463d460ef68b077628be699e8d1b5da345f1d4cfcea0919be2801ee26ae8de9,26.25071556905039,split
experiment-evaluation-023,25.818526481628105,0.0,2,0.7852434288263174,2.0666481860591484,1.0333240930295742,26.347133213957946,0.7930614624824373,0.5,1.381473518371897,2.051475130548947,7cecabe65bcfbfd8064605b65beac9bfa67ac299c2776fde254355484ddc6458,26.228821507737894,split
experiment-evaluation-023,25.7752923343761,0.0,2,0.7832168281738797,2.0666481860591484,2.0666481860591484,26.374509967638463,0.7941684299460154,1.0,1.4247076656238986,1.9987461807510551,4f82cc4ae18cfa75c6c5e176b3f205ab18bbe3d58acef264fd3f35c32c5fef91,26.17504157052631,split
experiment-evaluation-023,25.792468816745423,0.0,2,0.7840219757849416,2.0386493057165587,0.0,26.272734462003918,0.7900094372026962,0.0,1.4075311832545785,2.1920676230464053,e5b1e79c4992d9abb02dd52a7e6c9ffa9f1473e964662bc97356a95520180fa2,26.230882341354704,redistribute
experiment-evaluation-023,25.76530004161878,0.0,2,0.7827484394508802,2.0386493057165587,1.0193246528582793,26.29691354149783,0.7909727403066589,0.5,1.4346999583812226,2.1330200778219974,f084319ef7d848bb8cc33b029d6acc75f98258a16718a053d72c82bef60da8a3,26.19190405718318,redistribute
experiment-evaluation-023,25.724200062822817,0.0,2,0.7808218779448195,2.0386493057165587,2.0386493057165587,26.323355041415084,0.7920420943679656,1.0,1.4757999371771842,2.0739725325975913,e643a84b80356c7f96a40d0ef1e66231efbbe2c115456870097d602fa17a9237,26.138994569342334,redistribute
