action,actual_budget,actual_experiment_investment,arena_id,belief,budget_absolute_error,budget_prediction_error,consumption_per_member,crps_change_all,crps_change_uncapped,delivered_bytes,external_harm,focal,focal_welfare,forecast_budget,forecast_utility,investment,menu_forecast_mae,other_society_total_utility,other_society_utility,other_society_welfare,own_unique_events_added,post_crps_all,post_crps_uncapped,pre_crps_all,pre_crps_uncapped,probe_consumption_per_member,probe_effort_cost,probe_harvest_per_member,probe_shortfall_per_member,regret,schedule,sent_bytes,shortfall_per_member,status,terminal_wealth_per_member,total_consumption_per_member,total_external_harm,total_shortfall_per_member,total_utility,utility,utility_absolute_error,utility_prediction_error
0.0,3.8318762721097976,4.162483360603663,experiment-evaluation-000,frozen,0.3766337814387346,0.3766337814387346,27.2,-0.020121869706397982,-0.04023255390010533,81920,0.0,0,0.85,4.208510053548532,35.77556174437605,0.0,0.08888307827087043,42.285602234642084,35.48560223464209,0.85,8,0.23559148490520257,0.43348513186005005,0.25571335461160055,0.4737176857601554,6.8,2.56,13.234283218410173,0.0,0.0,early,81920,0.0,ok,43.419891870319,34.0,0.0,0.0,42.6839783740638,35.8839783740638,0.10841662968775267,-0.10841662968775267
0.0,3.8318762721097976,4.162483360603663,experiment-evaluation-000,updated,0.3081505668808062,0.3081505668808062,27.2,-0.020121869706397982,-0.04023255390010533,81920,0.0,0,0.85,4.140026838990604,35.65671916242278,0.0,0.2517468480359,42.285602234642084,35.48560223464209,0.85,8,0.23559148490520257,0.43348513186005005,0.25571335461160055,0.4737176857601554,6.8,2.56,13.234283218410173,0.0,0.0,early,81920,0.0,ok,43.419891870319,34.0,0.0,0.0,42.6839783740638,35.8839783740638,0.22725921164101948,-0.22725921164101948
0.0,3.8318762721097976,4.162483360603663,experiment-evaluation-000,known,0.301507438860408,0.301507438860408,27.2,-0.020121869706397982,-0.04023255390010533,81920,0.0,0,0.85,4.133383710970206,35.59518666861411,0.0,0.2907959765541032,42.285602234642084,35.48560223464209,0.85,8,0.23559148490520257,0.43348513186005005,0.25571335461160055,0.4737176857601554,6.8,2.56,13.234283218410173,0.0,0.0,early,81920,0.0,ok,43.419891870319,34.0,0.0,0.0,42.6839783740638,35.8839783740638,0.2887917054496896,-0.2887917054496896
0.0,3.8454922789848585,4.162483360603663,experiment-evaluation-000,frozen,0.3804475088237691,0.3804475088237691,27.2,-0.02304598356540455,-0.046045067343539525,81920,0.0,0,0.85,4.225939787808628,35.77367301833817,0.0,0.08295625748961062,42.28428491053733,35.48428491053733,0.85,8,0.232667371046196,0.42767261841661586,0.25571335461160055,0.4737176857601554,6.8,2.56,13.09244981346162,0.0,0.0,late,81920,0.0,ok,43.38148066049001,34.0,0.0,0.0,42.676296132098,35.876296132098005,0.10262311375983302,-0.10262311375983302
0.0,3.8454922789848585,4.162483360603663,experiment-evaluation-000,updated,0.30536294928257135,0.30536294928257135,27.2,-0.02304598356540455,-0.046045067343539525,81920,0.0,0,0.85,4.15085522826743,35.64679413839782,0.0,0.2518494923253911,42.28428491053733,35.48428491053733,0.85,8,0.232667371046196,0.42767261841661586,0.25571335461160055,0.4737176857601554,6.8,2.56,13.09244981346162,0.0,0.0,late,81920,0.0,ok,43.38148066049001,34.0,0.0,0.0,42.676296132098,35.876296132098005,0.22950199370018254,-0.22950199370018254
0.0,3.8454922789848585,4.162483360603663,experiment-evaluation-000,known,0.3015074388604084,0.3015074388604084,27.2,-0.02304598356540455,-0.046045067343539525,81920,0.0,0,0.85,4.146999717845267,35.58750440763803,0.0,0.29079599556439223,42.28428491053733,35.48428491053733,0.85,8,0.232667371046196,0.42767261841661586,0.25571335461160055,0.4737176857601554,6.8,2.56,13.09244981346162,0.0,0.0,late,81920,0.0,ok,43.38148066049001,34.0,0.0,0.0,42.676296132098,35.876296132098005,0.28879172445997625,-0.28879172445997625
0.0,3.838684275547328,4.162483360603663,experiment-evaluation-000,frozen,0.3785406451312525,0.3785406451312525,27.2,-0.02022540017142438,-0.04041111319748403,81920,0.0,0,0.85,4.21722492067858,35.774617431357115,0.0,0.08591961788023166,42.28494357258971,35.484943572589714,0.85,8,0.23548795444017617,0.43330657256267135,0.25571335461160055,0.4737176857601554,6.8,2.56,13.163366515935897,0.0,0.0,split,81920,0.0,ok,43.40068626540451,34.0,0.0,0.0,42.6801372530809,35.8801372530809,0.10551982172378871,-0.10551982172378871
0.0,3.838684275547328,4.162483360603663,experiment-evaluation-000,updated,0.3077402778972349,0.3077402778972349,27.2,-0.02022540017142438,-0.04041111319748403,81920,0.0,0,0.85,4.146424553444563,35.6532448847655,0.0,0.25089838837595363,42.28494357258971,35.484943572589714,0.85,8,0.23548795444017617,0.43330657256267135,0.25571335461160055,0.4737176857601554,6.8,2.56,13.163366515935897,0.0,0.0,split,81920,0.0,ok,43.40068626540451,34.0,0.0,0.0,42.6801372530809,35.8801372530809,0.22689236831540427,-0.22689236831540427
0.0,3.838684275547328,4.162483360603663,experiment-evaluation-000,known,0.3015074388604084,0.3015074388604084,27.2,-0.02022540017142438,-0.04041111319748403,81920,0.0,0,0.85,4.140191714407736,35.591345588126075,0.0,0.29079593605924475,42.28494357258971,35.484943572589714,0.85,8,0.23548795444017617,0.43330657256267135,0.25571335461160055,0.4737176857601554,6.8,2.56,13.163366515935897,0.0,0.0,split,81920,0.0,ok,43.40068626540451,34.0,0.0,0.0,42.6801372530809,35.8801372530809,0.2887916649548288,-0.2887916649548288
0.0,3.755112617723483,0.0,experiment-evaluation-000,frozen,0.3551329366172937,0.3551329366172937,27.2,-0.014103740465452375,-0.0281895960591112,81920,0.0,0,0.85,4.110245554340777,35.781512324062064,0.0,0.12229713861392118,42.256535066971104,35.45653506697111,0.85,8,0.24160961414614818,0.4455280897010442,0.25571335461160055,0.4737176857601554,6.8,2.56,12.969796449496373,0.0,0.0,redistribute,81920,0.0,ok,43.61295737271055,34.0,0.0,0.0,42.72259147454211,35.92259147454211,0.1410791504800457,-0.1410791504800457
0.0,3.755112617723483,0.0,experiment-evaluation-000,updated,0.3228228298518103,0.3228228298518103,27.2,-0.014103740465452375,-0.0281895960591112,81920,0.0,0,0.85,4.077935447575293,35.713844714856165,0.0,0.18866874226040883,42.256535066971104,35.45653506697111,0.85,8,0.24160961414614818,0.4455280897010442,0.25571335461160055,0.4737176857601554,6.8,2.56,12.969796449496373,0.0,0.0,redistribute,81920,0.0,ok,43.61295737271055,34.0,0.0,0.0,42.72259147454211,35.92259147454211,0.20874675968594403,-0.20874675968594403
0.0,3.755112617723483,0.0,experiment-evaluation-000,known,0.30150743886040887,0.30150743886040887,27.2,-0.014103740465452375,-0.0281895960591112,81920,0.0,0,0.85,4.056620056583892,35.633799754845,0.0,0.2907959908015272,42.256535066971104,35.45653506697111,0.85,8,0.24160961414614818,0.4455280897010442,0.25571335461160055,0.4737176857601554,6.8,2.56,12.969796449496373,0.0,0.0,redistribute,81920,0.0,ok,43.61295737271055,34.0,0.0,0.0,42.72259147454211,35.92259147454211,0.2887917196971088,-0.2887917196971088
1.0,3.9083880747673403,4.861829333888308,experiment-evaluation-000,frozen,0.49000230722199944,0.49000230722199944,27.2,-0.13231169845676094,-0.26462572499022796,81920,0.0,1,0.85,4.39839038198934,35.611708958314466,3.9083880747673403,0.11355076072655852,42.50520319993613,35.705203199936136,0.85,8,0.2412201238608418,0.4452184847768239,0.37353182231760274,0.7098442097670519,6.8,2.56,14.264621484257574,0.0,0.05196202994338961,early,81920,0.0,ok,41.22646675830192,34.0,0.0,0.0,42.24529335166038,35.44529335166038,0.16641560665408406,0.16641560665408406
1.0,3.9083880747673403,4.861829333888308,experiment-evaluation-000,updated,0.41030590726638394,0.41030590726638394,27.2,-0.13231169845676094,-0.26462572499022796,81920,0.0,1,0.85,4.318693982033724,35.43682787236021,3.9083880747673403,0.035550825653030436,42.50520319993613,35.705203199936136,0.85,8,0.2412201238608418,0.4452184847768239,0.37353182231760274,0.7098442097670519,6.8,2.56,14.264621484257574,0.0,0.05196202994338961,early,81920,0.0,ok,41.22646675830192,34.0,0.0,0.0,42.24529335166038,35.44529335166038,0.008465479300170387,-0.008465479300170387
0.0,3.9083880747673403,4.861829333888308,experiment-evaluation-000,known,0.3707515868687299,0.3707515868687299,27.2,-0.13231169845676094,-0.26462572499022796,81920,0.0,1,0.85,4.27913966163607,35.426353410672185,0.0,0.07336654260281013,42.4806036289585,35.6806036289585,0.85,8,0.2412201238608418,0.4452184847768239,0.37353182231760274,0.7098442097670519,6.8,2.56,14.264621484257574,0.0,0.0,early,81920,0.0,ok,41.48627690801886,34.0,0.0,0.0,42.29725538160377,35.49725538160377,0.07090197093158679,-0.07090197093158679
1.0,3.9242917303259772,4.861829333888308,experiment-evaluation-000,frozen,0.5009737379212695,0.5009737379212695,27.2,-0.03595506112305996,-0.07190891026650448,81920,0.0,1,0.85,4.425265468247247,35.61981175359574,3.9242917303259772,0.13052785655165167,42.5037646482737,35.703764648273705,0.85,8,0.3375767611945428,0.6379352995005474,0.37353182231760274,0.7098442097670519,6.8,2.56,14.098958405521778,0.0,0.05217346908672482,late,81920,0.0,ok,41.18054481946959,34.0,0.0,0.0,42.23610896389391,35.436108963893915,0.18370278970182596,0.18370278970182596
1.0,3.9242917303259772,4.861829333888308,experiment-evaluation-000,updated,0.46121288062967514,0.46121288062967514,27.2,-0.03595506112305996,-0.07190891026650448,81920,0.0,1,0.85,4.385504610955652,35.52392160361369,3.9242917303259772,0.04610629358143825,42.5037646482737,35.703764648273705,0.85,8,0.3375767611945428,0.6379352995005474,0.37353182231760274,0.7098442097670519,6.8,2.56,14.098958405521778,0.0,0.05217346908672482,late,81920,0.0,ok,41.18054481946959,34.0,0.0,0.0,42.23610896389391,35.436108963893915,0.08781263971977182,0.08781263971977182
0.0,3.9242917303259772,4.861829333888308,experiment-evaluation-000,known,0.37075158686872856,0.37075158686872856,27.2,-0.03595506112305996,-0.07190891026650448,81920,0.0,1,0.85,4.295043317194706,35.41738047779621,0.0,0.0733665268556507,42.479064978970044,35.67906497897005,0.85,8,0.3375767611945428,0.6379352995005474,0.37353182231760274,0.7098442097670519,6.8,2.56,14.098958405521778,0.0,0.0,late,81920,0.0,ok,41.441412164903205,34.0,0.0,0.0,42.28828243298064,35.48828243298064,0.0709019551844321,-0.0709019551844321
1.0,3.9163399025466585,4.861829333888308,experiment-evaluation-000,frozen,0.49548802257163427,0.49548802257163427,27.2,-0.08043751869707833,-0.16087502318792302,81920,0.0,1,0.85,4.411827925118293,35.6157603059551,3.9163399025466585,0.1220392586391057,42.50448392410492,35.70448392410492,0.85,8,0.2930943036205244,0.5489691865791289,0.37353182231760274,0.7098442097670519,6.8,2.56,14.181789944889676,0.0,0.05206774951505366,split,81920,0.0,ok,41.20350578888575,34.0,0.0,0.0,42.240701157777146,35.44070115777715,0.17505914817795087,0.17505914817795087
1.0,3.9163399025466585,4.861829333888308,experiment-evaluation-000,updated,0.42893229166258706,0.42893229166258706,27.2,-0.08043751869707833,-0.16087502318792302,81920,0.0,1,0.85,4.345272194209246,35.45802354596948,3.9163399025466585,0.03349803425990908,42.50448392410492,35.70448392410492,0.85,8,0.2930943036205244,0.5489691865791289,0.37353182231760274,0.7098442097670519,6.8,2.56,14.181789944889676,0.0,0.05206774951505366,split,81920,0.0,ok,41.20350578888575,34.0,0.0,0.0,42.240701157777146,35.44070115777715,0.01732238819233345,0.01732238819233345
0.0,3.9163399025466585,4.861829333888308,experiment-evaluation-000,known,0.3707515868687299,0.3707515868687299,27.2,-0.08043751869707833,-0.16087502318792302,81920,0.0,1,0.85,4.287091489415388,35.4218668942342,0.0,0.07336658472922626,42.47983430396427,35.67983430396427,0.85,8,0.2930943036205244,0.5489691865791289,0.37353182231760274,0.7098442097670519,6.8,2.56,14.181789944889676,0.0,0.0,split,81920,0.0,ok,41.463844536461025,34.0,0.0,0.0,42.2927689072922,35.4927689072922,0.07090201305800292,-0.07090201305800292
1.0,3.8187272270618204,0.0,experiment-evaluation-000,frozen,0.4281481144288972,0.4281481144288972,27.2,-0.03595506112305996,-0.07190891026650448,81920,0.0,1,0.85,4.246875341490718,35.56054077335739,3.8187272270618204,0.04002382604997242,42.47068807811519,35.67068807811519,0.85,8,0.3375767611945428,0.6379352995005474,0.37353182231760274,0.7098442097670519,6.8,2.56,13.95569783937267,0.0,0.0507699887325046,redistribute,81920,0.0,ok,41.45792973315371,34.0,0.0,0.0,42.29158594663074,35.49158594663074,0.06895482672664599,0.06895482672664599
1.0,3.8187272270618204,0.0,experiment-evaluation-000,updated,0.3914721571741189,0.3914721571741189,27.2,-0.03595506112305996,-0.07190891026650448,81920,0.0,1,0.85,4.210199384235939,35.46950987292334,3.8187272270618204,0.07061048083695691,42.47068807811519,35.67068807811519,0.85,8,0.3375767611945428,0.6379352995005474,0.37353182231760274,0.7098442097670519,6.8,2.56,13.95569783937267,0.0,0.0507699887325046,redistribute,81920,0.0,ok,41.45792973315371,34.0,0.0,0.0,42.29158594663074,35.49158594663074,0.022076073707403054,-0.022076073707403054
0.0,3.8187272270618204,0.0,experiment-evaluation-000,known,0.37075158686872856,0.37075158686872856,27.2,-0.03595506112305996,-0.07190891026650448,81920,0.0,1,0.85,4.189478813930549,35.471453926714226,0.0,0.07336658032024701,42.44665283656053,35.646652836560534,0.85,8,0.3375767611945428,0.6379352995005474,0.37353182231760274,0.7098442097670519,6.8,2.56,13.95569783937267,0.0,0.0,redistribute,81920,0.0,ok,41.71177967681625,34.0,0.0,0.0,42.342355935363244,35.54235593536325,0.0709020086490213,-0.0709020086490213
0.0,4.117172822865703,4.533718213306547,experiment-evaluation-000,frozen,0.2994937666787596,0.2994937666787596,27.2,-0.004469757615998909,-0.008882479205344906,81920,0.0,2,0.85,4.416666589544462,35.15073350738551,0.0,0.19000116395791386,42.56413325432804,35.764133254328044,0.85,8,0.20692663375439904,0.3770582665120068,0.21139639137039795,0.3859407457173517,6.8,2.56,15.412121466907546,0.0,0.0,early,81920,0.0,ok,40.64328676861703,34.0,0.0,0.0,42.128657353723405,35.32865735372341,0.17792384633789737,-0.17792384633789737
0.0,4.117172822865703,4.533718213306547,experiment-evaluation-000,updated,0.3504150368174406,0.3504150368174406,27.2,-0.004469757615998909,-0.008882479205344906,81920,0.0,2,0.85,4.467587859683143,35.170295044436926,0.0,0.154871433296402,42.56413325432804,35.764133254328044,0.85,8,0.20692663375439904,0.3770582665120068,0.21139639137039795,0.3859407457173517,6.8,2.56,15.412121466907546,0.0,0.0,early,81920,0.0,ok,40.64328676861703,34.0,0.0,0.0,42.128657353723405,35.32865735372341,0.1583623092864812,-0.1583623092864812
0.0,4.117172822865703,4.533718213306547,experiment-evaluation-000,known,0.33822785985180737,0.33822785985180737,27.2,-0.004469757615998909,-0.008882479205344906,81920,0.0,2,0.85,4.45540068271751,35.17440712439299,0.0,0.15649859948264577,42.56413325432804,35.764133254328044,0.85,8,0.20692663375439904,0.3770582665120068,0.21139639137039795,0.3859407457173517,6.8,2.56,15.412121466907546,0.0,0.0,early,81920,0.0,ok,40.64328676861703,34.0,0.0,0.0,42.128657353723405,35.32865735372341,0.15425022933041532,-0.15425022933041532
0.0,4.132003185659758,4.533718213306547,experiment-evaluation-000,frozen,0.2976071134006988,0.2976071134006988,27.2,-0.007028259916719681,-0.014029287331468188,81920,0.0,2,0.85,4.429610299060457,35.139499991568954,0.0,0.19285831678461798,42.56269844347857,35.76269844347857,0.85,8,0.20436813145367827,0.3719114583858835,0.21139639137039795,0.3859407457173517,6.8,2.56,15.257638521136137,0.0,0.0,late,81920,0.0,ok,40.60144982021141,34.0,0.0,0.0,42.12028996404228,35.32028996404228,0.1807899724733275,-0.1807899724733275
0.0,4.132003185659758,4.533718213306547,experiment-evaluation-000,updated,0.34613798812051133,0.34613798812051133,27.2,-0.007028259916719681,-0.014029287331468188,81920,0.0,2,0.85,4.478141173780269,35.16413546526563,0.0,0.15409834578580708,42.56269844347857,35.76269844347857,0.85,8,0.20436813145367827,0.3719114583858835,0.21139639137039795,0.3859407457173517,6.8,2.56,15.257638521136137,0.0,0.0,late,81920,0.0,ok,40.60144982021141,34.0,0.0,0.0,42.12028996404228,35.32028996404228,0.156154498776651,-0.156154498776651
0.0,4.132003185659758,4.533718213306547,experiment-evaluation-000,known,0.33822785985180737,0.33822785985180737,27.2,-0.007028259916719681,-0.014029287331468188,81920,0.0,2,0.85,4.470231045511565,35.16603967386615,0.0,0.15649866032836238,42.56269844347857,35.76269844347857,0.85,8,0.20436813145367827,0.3719114583858835,0.21139639137039795,0.3859407457173517,6.8,2.56,15.257638521136137,0.0,0.0,late,81920,0.0,ok,40.60144982021141,34.0,0.0,0.0,42.12028996404228,35.32028996404228,0.15425029017612957,-0.15425029017612957
0.0,4.124588004262731,4.533718213306547,experiment-evaluation-000,frozen,0.29855044003972875,0.29855044003972875,27.2,-0.006626748287902551,-0.01324382278135372,81920,0.0,2,0.85,4.4231384443024595,35.14511677447723,0.0,0.1914297153712686,42.563415848903304,35.76341584890331,0.85,8,0.2047696430824954,0.372696922935998,0.21139639137039795,0.3859407457173517,6.8,2.56,15.334879994021842,0.0,0.0,split,81920,0.0,ok,40.62236829441423,34.0,0.0,0.0,42.12447365888284,35.324473658882845,0.17935688440561393,-0.17935688440561393
0.0,4.124588004262731,4.533718213306547,experiment-evaluation-000,updated,0.3505579325353656,0.3505579325353656,27.2,-0.006626748287902551,-0.01324382278135372,81920,0.0,2,0.85,4.475145936798096,35.16800088845143,0.0,0.15328099902554015,42.563415848903304,35.76341584890331,0.85,8,0.2047696430824954,0.372696922935998,0.21139639137039795,0.3859407457173517,6.8,2.56,15.334879994021842,0.0,0.0,split,81920,0.0,ok,40.62236829441423,34.0,0.0,0.0,42.12447365888284,35.324473658882845,0.15647277043141372,-0.15647277043141372
0.0,4.124588004262731,4.533718213306547,experiment-evaluation-000,known,0.33822785985180737,0.33822785985180737,27.2,-0.006626748287902551,-0.01324382278135372,81920,0.0,2,0.85,4.462815864114538,35.170223424129574,0.0,0.15649860490550793,42.563415848903304,35.76341584890331,0.85,8,0.2047696430824954,0.372696922935998,0.21139639137039795,0.3859407457173517,6.8,2.56,15.334879994021842,0.0,0.0,split,81920,0.0,ok,40.62236829441423,34.0,0.0,0.0,42.12447365888284,35.324473658882845,0.15425023475327038,-0.15425023475327038
0.0,4.033562932360163,0.0,experiment-evaluation-000,frozen,0.3101302478081305,0.3101302478081305,27.2,-0.007028259916720514,-0.014029287331469853,81920,0.0,2,0.85,4.343693180168294,35.20894850585292,0.0,0.17389359962504378,42.53247370495268,35.73247370495268,0.85,8,0.20436813145367744,0.37191145838588185,0.21139639137039795,0.3859407457173517,6.8,2.56,15.124046205693963,0.0,0.0,redistribute,81920,0.0,ok,40.85357099289484,34.0,0.0,0.0,42.17071419857896,35.370714198578966,0.1617656927260427,-0.1617656927260427
0.0,4.033562932360163,0.0,experiment-evaluation-000,updated,0.341231999259314,0.341231999259314,27.2,-0.007028259916720514,-0.014029287331469853,81920,0.0,2,0.85,4.374794931619477,35.2071069337609,0.0,0.16179499321508692,42.53247370495268,35.73247370495268,0.85,8,0.20436813145367744,0.37191145838588185,0.21139639137039795,0.3859407457173517,6.8,2.56,15.124046205693963,0.0,0.0,redistribute,81920,0.0,ok,40.85357099289484,34.0,0.0,0.0,42.17071419857896,35.370714198578966,0.16360726481806864,-0.16360726481806864
0.0,4.033562932360163,0.0,experiment-evaluation-000,known,0.33822785985180737,0.33822785985180737,27.2,-0.007028259916720514,-0.014029287331469853,81920,0.0,2,0.85,4.3717907922119705,35.21646396082595,0.0,0.15649860790525594,42.53247370495268,35.73247370495268,0.85,8,0.20436813145367744,0.37191145838588185,0.21139639137039795,0.3859407457173517,6.8,2.56,15.124046205693963,0.0,0.0,redistribute,81920,0.0,ok,40.85357099289484,34.0,0.0,0.0,42.17071419857896,35.370714198578966,0.15425023775301838,-0.15425023775301838
0.0,4.79699796862431,4.412604641056999,experiment-evaluation-001,frozen,0.42563028070802744,-0.42563028070802744,27.2,0.0018894063357244306,0.00377810256223704,81920,0.0,0,0.85,4.371367687916282,35.7995109942554,0.0,0.07959327147636704,42.89839891204531,36.09839891204531,0.85,8,0.206451812002233,0.3817291413593417,0.20456240566650857,0.3779510387971047,6.8,2.56,13.982998879333277,0.0,0.0,early,81920,0.0,ok,43.44070949146907,34.0,0.0,0.0,42.68814189829381,35.88814189829381,0.08863090403841056,-0.08863090403841056
0.0,4.79699796862431,4.412604641056999,experiment-evaluation-001,updated,0.4477685573014565,-0.4477685573014565,27.2,0.0018894063357244306,0.00377810256223704,81920,0.0,0,0.85,4.349229411322853,35.75188737041927,0.0,0.13058474683749685,42.89839891204531,36.09839891204531,0.85,8,0.206451812002233,0.3817291413593417,0.20456240566650857,0.3779510387971047,6.8,2.56,13.982998879333277,0.0,0.0,early,81920,0.0,ok,43.44070949146907,34.0,0.0,0.0,42.68814189829381,35.88814189829381,0.1362545278745415,-0.1362545278745415
0.0,4.79699796862431,4.412604641056999,experiment-evaluation-001,known,0.46539447157557756,-0.46539447157557756,27.2,0.0018894063357244306,0.00377810256223704,81920,0.0,0,0.85,4.331603497048732,35.66901760648419,0.0,0.21582220911249314,42.89839891204531,36.09839891204531,0.85,8,0.206451812002233,0.3817291413593417,0.20456240566650857,0.3779510387971047,6.8,2.56,13.982998879333277,0.0,0.0,early,81920,0.0,ok,43.44070949146907,34.0,0.0,0.0,42.68814189829381,35.88814189829381,0.21912429180962079,-0.21912429180962079
0.0,4.8110800132601605,4.412604641056999,experiment-evaluation-001,frozen,0.4245484119227667,-0.4245484119227667,27.2,0.0010492914704570144,0.0021006009727885244,81920,0.0,0,0.85,4.386531601337394,35.79320929937803,0.0,0.07788356856513683,42.896510892405146,36.09651089240515,0.85,8,0.2056116971369656,0.3800516397698932,0.20456240566650857,0.3779510387971047,6.8,2.56,13.836310914376496,0.0,0.0,late,81920,0.0,ok,43.40098357356288,34.0,0.0,0.0,42.68019671471257,35.880196714712575,0.08698741533454779,-0.08698741533454779
0.0,4.8110800132601605,4.412604641056999,experiment-evaluation-001,updated,0.4427373703683397,-0.4427373703683397,27.2,0.0010492914704570144,0.0021006009727885244,81920,0.0,0,0.85,4.368342642891821,35.74780507735174,0.0,0.12469489922455541,42.896510892405146,36.09651089240515,0.85,8,0.2056116971369656,0.3800516397698932,0.20456240566650857,0.3779510387971047,6.8,2.56,13.836310914376496,0.0,0.0,late,81920,0.0,ok,43.40098357356288,34.0,0.0,0.0,42.68019671471257,35.880196714712575,0.1323916373608327,-0.1323916373608327
0.0,4.8110800132601605,4.412604641056999,experiment-evaluation-001,known,0.46539447157557756,-0.46539447157557756,27.2,0.0010492914704570144,0.0021006009727885244,81920,0.0,0,0.85,4.345685541684583,35.66107241589431,0.0,0.21582221612113509,42.896510892405146,36.09651089240515,0.85,8,0.2056116971369656,0.3800516397698932,0.20456240566650857,0.3779510387971047,6.8,2.56,13.836310914376496,0.0,0.0,late,81920,0.0,ok,43.40098357356288,34.0,0.0,0.0,42.68019671471257,35.880196714712575,0.21912429881826512,-0.21912429881826512
0.0,4.804038990942235,4.412604641056999,experiment-evaluation-001,frozen,0.4250893463153975,-0.4250893463153975,27.2,0.0006463945938838811,0.001295101881018501,81920,0.0,0,0.85,4.378949644626838,35.79636014681671,0.0,0.07873842002075311,42.897454902225235,36.09745490222524,0.85,8,0.20520880026039245,0.3792461406781232,0.20456240566650857,0.3779510387971047,6.8,2.56,13.909654896854885,0.0,0.0,split,81920,0.0,ok,43.42084653251597,34.0,0.0,0.0,42.68416930650319,35.884169306503196,0.08780915968648628,-0.08780915968648628
0.0,4.804038990942235,4.412604641056999,experiment-evaluation-001,updated,0.4447586244793751,-0.4447586244793751,27.2,0.0006463945938838811,0.001295101881018501,81920,0.0,0,0.85,4.35928036646286,35.74680055944705,0.0,0.12928967188915644,42.897454902225235,36.09745490222524,0.85,8,0.20520880026039245,0.3792461406781232,0.20456240566650857,0.3779510387971047,6.8,2.56,13.909654896854885,0.0,0.0,split,81920,0.0,ok,43.42084653251597,34.0,0.0,0.0,42.68416930650319,35.884169306503196,0.13736874705614355,-0.13736874705614355
0.0,4.804038990942235,4.412604641056999,experiment-evaluation-001,known,0.46539447157557845,-0.46539447157557845,27.2,0.0006463945938838811,0.001295101881018501,81920,0.0,0,0.85,4.338644519366657,35.66504501118925,0.0,0.21582221261681647,42.897454902225235,36.09745490222524,0.85,8,0.20520880026039245,0.3792461406781232,0.20456240566650857,0.3779510387971047,6.8,2.56,13.909654896854885,0.0,0.0,split,81920,0.0,ok,43.42084653251597,34.0,0.0,0.0,42.68416930650319,35.884169306503196,0.2191242953139465,-0.2191242953139465
0.0,4.717606909454161,0.0,experiment-evaluation-001,frozen,0.4317295873759184,-0.4317295873759184,27.2,0.0016818333917310302,0.0033602644173009732,81920,0.0,0,0.85,4.2858773220782425,35.835562700480416,0.0,0.08923214011520979,42.85673916920103,36.05673916920103,0.85,8,0.2062442390582396,0.38131130321440565,0.20456240566650857,0.3779510387971047,6.8,2.56,13.70945946945989,0.0,0.0,redistribute,81920,0.0,ok,43.66729586976764,34.0,0.0,0.0,42.73345917395353,35.93345917395353,0.09789647347311359,-0.09789647347311359
0.0,4.717606909454161,0.0,experiment-evaluation-001,updated,0.44979092746456306,-0.44979092746456306,27.2,0.0016818333917310302,0.0033602644173009732,81920,0.0,0,0.85,4.267815981989598,35.77358282607175,0.0,0.14622803177474472,42.85673916920103,36.05673916920103,0.85,8,0.2062442390582396,0.38131130321440565,0.20456240566650857,0.3779510387971047,6.8,2.56,13.70945946945989,0.0,0.0,redistribute,81920,0.0,ok,43.66729586976764,34.0,0.0,0.0,42.73345917395353,35.93345917395353,0.1598763478817773,-0.1598763478817773
0.0,4.717606909454161,0.0,experiment-evaluation-001,known,0.46539447157557756,-0.46539447157557756,27.2,0.0016818333917310302,0.0033602644173009732,81920,0.0,0,0.85,4.252212437878583,35.71433493206574,0.0,0.21582215919066292,42.85673916920103,36.05673916920103,0.85,8,0.2062442390582396,0.38131130321440565,0.20456240566650857,0.3779510387971047,6.8,2.56,13.70945946945989,0.0,0.0,redistribute,81920,0.0,ok,43.66729586976764,34.0,0.0,0.0,42.73345917395353,35.93345917395353,0.21912424188779056,-0.21912424188779056
0.0,5.04976812959996,4.6851527823236605,experiment-evaluation-001,frozen,0.5826654226121688,-0.5826654226121688,27.2,-0.030644231540690514,-0.06129328180053545,81920,0.0,1,0.85,4.4671027069877915,35.28278929726908,0.0,0.5459997566116878,42.93401184561324,36.134011845613244,0.85,8,0.2029358784127608,0.37364280371627767,0.23358010995345133,0.4349360855168131,6.8,2.56,15.71396837266971,0.0,0.0,early,81920,0.0,ok,43.09631634399364,34.0,0.0,0.0,42.619263268798726,35.81926326879873,0.5364739715296452,-0.5364739715296452
0.0,5.04976812959996,4.6851527823236605,experiment-evaluation-001,updated,0.5068221843590281,-0.5068221843590281,27.2,-0.030644231540690514,-0.06129328180053545,81920,0.0,1,0.85,4.542945945240932,35.32473340068974,0.0,0.48129415670646836,42.93401184561324,36.134011845613244,0.85,8,0.2029358784127608,0.37364280371627767,0.23358010995345133,0.4349360855168131,6.8,2.56,15.71396837266971,0.0,0.0,early,81920,0.0,ok,43.09631634399364,34.0,0.0,0.0,42.619263268798726,35.81926326879873,0.4945298681089909,-0.4945298681089909
0.0,5.04976812959996,4.6851527823236605,experiment-evaluation-001,known,0.5183573081100485,-0.5183573081100485,27.2,-0.030644231540690514,-0.06129328180053545,81920,0.0,1,0.85,4.531410821489912,35.34344430667698,0.0,0.4721410957039467,42.93401184561324,36.134011845613244,0.85,8,0.2029358784127608,0.37364280371627767,0.23358010995345133,0.4349360855168131,6.8,2.56,15.71396837266971,0.0,0.0,early,81920,0.0,ok,43.09631634399364,34.0,0.0,0.0,42.619263268798726,35.81926326879873,0.4758189621217497,-0.4758189621217497
0.0,5.064719963261328,4.6851527823236605,experiment-evaluation-001,frozen,0.5852521021647537,-0.5852521021647537,27.2,-0.030645594582715596,-0.06129600788458561,81920,0.0,1,0.85,4.479467861096574,35.2704238825101,0.0,0.5499320779590064,42.932007210893,36.132007210893,0.85,8,0.20293451537073573,0.3736400776322275,0.23358010995345133,0.4349360855168131,6.8,2.56,15.558220105363796,0.0,0.0,late,81920,0.0,ok,43.05413672221726,34.0,0.0,0.0,42.61082734444345,35.81082734444345,0.5404034619333515,-0.5404034619333515
0.0,5.064719963261328,4.6851527823236605,experiment-evaluation-001,updated,0.5050660223994861,-0.5050660223994861,27.2,-0.030645594582715596,-0.06129600788458561,81920,0.0,1,0.85,4.559653940861842,35.31896531224473,0.0,0.47858900058399695,42.932007210893,36.132007210893,0.85,8,0.20293451537073573,0.3736400776322275,0.23358010995345133,0.4349360855168131,6.8,2.56,15.558220105363796,0.0,0.0,late,81920,0.0,ok,43.05413672221726,34.0,0.0,0.0,42.61082734444345,35.81082734444345,0.4918620321987248,-0.4918620321987248
0.0,5.064719963261328,4.6851527823236605,experiment-evaluation-001,known,0.5183573081100485,-0.5183573081100485,27.2,-0.030645594582715596,-0.06129600788458561,81920,0.0,1,0.85,4.546362655151279,35.335008385782885,0.0,0.4721410922427651,42.932007210893,36.132007210893,0.85,8,0.20293451537073573,0.3736400776322275,0.23358010995345133,0.4349360855168131,6.8,2.56,15.558220105363796,0.0,0.0,late,81920,0.0,ok,43.05413672221726,34.0,0.0,0.0,42.61082734444345,35.81082734444345,0.4758189586605681,-0.4758189586605681
0.0,5.057244046430644,4.6851527823236605,experiment-evaluation-001,frozen,0.5839587623884608,-0.5839587623884608,27.2,-0.030645594582715596,-0.06129600788458561,81920,0.0,1,0.85,4.473285284042183,35.27660651488959,0.0,0.5479659922853463,42.93300952825312,36.133009528253126,0.85,8,0.20293451537073573,0.3736400776322275,0.23358010995345133,0.4349360855168131,6.8,2.56,15.636094239016751,0.0,0.0,split,81920,0.0,ok,43.07522653310545,34.0,0.0,0.0,42.615045306621084,35.81504530662109,0.5384387917314939,-0.5384387917314939
0.0,5.057244046430644,4.6851527823236605,experiment-evaluation-001,updated,0.5059441033792575,-0.5059441033792575,27.2,-0.030645594582715596,-0.06129600788458561,81920,0.0,1,0.85,4.5512999430513865,35.32184928146724,0.0,0.4799416536452246,42.93300952825312,36.133009528253126,0.85,8,0.20293451537073573,0.3736400776322275,0.23358010995345133,0.4349360855168131,6.8,2.56,15.636094239016751,0.0,0.0,split,81920,0.0,ok,43.07522653310545,34.0,0.0,0.0,42.615045306621084,35.81504530662109,0.49319602515384986,-0.49319602515384986
0.0,5.057244046430644,4.6851527823236605,experiment-evaluation-001,known,0.5183573081100485,-0.5183573081100485,27.2,-0.030645594582715596,-0.06129600788458561,81920,0.0,1,0.85,4.5388867383205955,35.33922627122993,0.0,0.47214116897335384,42.93300952825312,36.133009528253126,0.85,8,0.20293451537073573,0.3736400776322275,0.23358010995345133,0.4349360855168131,6.8,2.56,15.636094239016751,0.0,0.0,split,81920,0.0,ok,43.07522653310545,34.0,0.0,0.0,42.615045306621084,35.81504530662109,0.47581903539115444,-0.47581903539115444
0.0,4.965473416608509,0.0,experiment-evaluation-001,frozen,0.5680823677558662,-0.5680823677558662,27.2,-0.030645594582715596,-0.06129600788458561,81920,0.0,1,0.85,4.397391048852643,35.35305905899958,0.0,0.5238303690494964,42.889778954616915,36.08977895461692,0.85,8,0.20293451537073573,0.3736400776322275,0.23358010995345133,0.4349360855168131,6.8,2.56,15.42353357701204,0.0,0.0,redistribute,81920,0.0,ok,43.336898015608796,34.0,0.0,0.0,42.66737960312176,35.86737960312176,0.5143205441221852,-0.5143205441221852
0.0,4.965473416608509,0.0,experiment-evaluation-001,updated,0.516722987945986,-0.516722987945986,27.2,-0.030645594582715596,-0.06129600788458561,81920,0.0,1,0.85,4.448750428662523,35.357809080360276,0.0,0.4965452134171713,42.889778954616915,36.08977895461692,0.85,8,0.20293451537073573,0.3736400776322275,0.23358010995345133,0.4349360855168131,6.8,2.56,15.42353357701204,0.0,0.0,redistribute,81920,0.0,ok,43.336898015608796,34.0,0.0,0.0,42.66737960312176,35.86737960312176,0.5095705227614857,-0.5095705227614857
0.0,4.965473416608509,0.0,experiment-evaluation-001,known,0.5183573081100485,-0.5183573081100485,27.2,-0.030645594582715596,-0.06129600788458561,81920,0.0,1,0.85,4.44711610849846,35.39156056101535,0.0,0.4721411756885985,42.889778954616915,36.08977895461692,0.85,8,0.20293451537073573,0.3736400776322275,0.23358010995345133,0.4349360855168131,6.8,2.56,15.42353357701204,0.0,0.0,redistribute,81920,0.0,ok,43.336898015608796,34.0,0.0,0.0,42.66737960312176,35.86737960312176,0.4758190421064086,-0.4758190421064086
0.0,4.179252715552119,4.268520110098046,experiment-evaluation-001,frozen,0.06610979957012209,-0.06610979957012209,27.2,0.004753480576957209,0.009571555151521083,81920,0.0,2,0.85,4.113142915981997,35.632277140748954,0.0,0.5483523762662207,42.74071881814386,35.940718818143864,0.85,8,0.2302513274926708,0.4287741922788531,0.2254978469157136,0.419202637127332,6.8,2.56,13.820229546881508,0.0,0.0,early,81920,0.0,ok,45.01130601035895,34.0,0.0,0.0,43.002261202071786,36.20226120207179,0.5699840613228346,-0.5699840613228346
0.0,4.179252715552119,4.268520110098046,experiment-evaluation-001,updated,0.01556915759219013,0.01556915759219013,27.2,0.004753480576957209,0.009571555151521083,81920,0.0,2,0.85,4.194821873144309,35.84569763948157,0.0,0.33294582973798964,42.74071881814386,35.940718818143864,0.85,8,0.2302513274926708,0.4287741922788531,0.2254978469157136,0.419202637127332,6.8,2.56,13.820229546881508,0.0,0.0,early,81920,0.0,ok,45.01130601035895,34.0,0.0,0.0,43.002261202071786,36.20226120207179,0.3565635625902175,-0.3565635625902175
0.0,4.179252715552119,4.268520110098046,experiment-evaluation-001,known,0.023220569304148952,0.023220569304148952,27.2,0.004753480576957209,0.009571555151521083,81920,0.0,2,0.85,4.202473284856268,35.83951265167185,0.0,0.36291330577371167,42.74071881814386,35.940718818143864,0.85,8,0.2302513274926708,0.4287741922788531,0.2254978469157136,0.419202637127332,6.8,2.56,13.820229546881508,0.0,0.0,early,81920,0.0,ok,45.01130601035895,34.0,0.0,0.0,43.002261202071786,36.20226120207179,0.36274855039993525,-0.36274855039993525
0.0,4.192874939977154,4.268520110098046,experiment-evaluation-001,frozen,0.06220702128074773,-0.06220702128074773,27.2,0.006609255485270221,0.013281944293205006,81920,0.0,2,0.85,4.130667918696406,35.63052018955972,0.0,0.5422895010722423,42.73889244790273,35.93889244790273,0.85,8,0.2321071024009838,0.43248458142053703,0.2254978469157136,0.419202637127332,6.8,2.56,13.678331375787398,0.0,0.0,late,81920,0.0,ok,44.97287726061399,34.0,0.0,0.0,42.994575452122795,36.1945754521228,0.5640552625630804,-0.5640552625630804
0.0,4.192874939977154,4.268520110098046,experiment-evaluation-001,updated,0.013991367298604729,0.013991367298604729,27.2,0.006609255485270221,0.013281944293205006,81920,0.0,2,0.85,4.206866307275758,35.82229874960258,0.0,0.3446206844360636,42.73889244790273,35.93889244790273,0.85,8,0.2321071024009838,0.43248458142053703,0.2254978469157136,0.419202637127332,6.8,2.56,13.678331375787398,0.0,0.0,late,81920,0.0,ok,44.97287726061399,34.0,0.0,0.0,42.994575452122795,36.1945754521228,0.3722767025202174,-0.3722767025202174
0.0,4.192874939977154,4.268520110098046,experiment-evaluation-001,known,0.023220569304148952,0.023220569304148952,27.2,0.006609255485270221,0.013281944293205006,81920,0.0,2,0.85,4.216095509281303,35.83182688594168,0.0,0.3629133215548895,42.73889244790273,35.93889244790273,0.85,8,0.2321071024009838,0.43248458142053703,0.2254978469157136,0.419202637127332,6.8,2.56,13.678331375787398,0.0,0.0,late,81920,0.0,ok,44.97287726061399,34.0,0.0,0.0,42.994575452122795,36.1945754521228,0.36274856618111784,-0.36274856618111784
0.0,4.186063827764636,4.268520110098046,experiment-evaluation-001,frozen,0.06415841042543491,-0.06415841042543491,27.2,0.005217850814629943,0.010497020243544652,81920,0.0,2,0.85,4.121905417339201,35.63139864015433,0.0,0.5453209636692312,42.739805633023295,35.9398056330233,0.85,8,0.23071569773034353,0.4296996573708767,0.2254978469157136,0.419202637127332,6.8,2.56,13.749280461334452,0.0,0.0,split,81920,0.0,ok,44.992091635486474,34.0,0.0,0.0,42.99841832709729,36.19841832709729,0.5670196869429631,-0.5670196869429631
0.0,4.186063827764636,4.268520110098046,experiment-evaluation-001,updated,0.014241280907691056,0.014241280907691056,27.2,0.005217850814629943,0.010497020243544652,81920,0.0,2,0.85,4.200305108672327,35.830720351777444,0.0,0.34166959868496133,42.739805633023295,35.9398056330233,0.85,8,0.23071569773034353,0.4296996573708767,0.2254978469157136,0.419202637127332,6.8,2.56,13.749280461334452,0.0,0.0,split,81920,0.0,ok,44.992091635486474,34.0,0.0,0.0,42.99841832709729,36.19841832709729,0.3676979753198495,-0.3676979753198495
0.0,4.186063827764636,4.268520110098046,experiment-evaluation-001,known,0.023220569304148952,0.023220569304148952,27.2,0.005217850814629943,0.010497020243544652,81920,0.0,2,0.85,4.209284397068785,35.83566974380676,0.0,0.3629133386643062,42.739805633023295,35.9398056330233,0.85,8,0.23071569773034353,0.4296996573708767,0.2254978469157136,0.419202637127332,6.8,2.56,13.749280461334452,0.0,0.0,split,81920,0.0,ok,44.992091635486474,34.0,0.0,0.0,42.99841832709729,36.19841832709729,0.36274858329053217,-0.36274858329053217
0.0,4.102454008168131,0.0,experiment-evaluation-001,frozen,0.08811269120354481,-0.08811269120354481,27.2,0.0069963283876698645,0.014053646119072671,81920,0.0,2,0.85,4.014341316964586,35.64268944779593,0.0,0.582533491959237,42.70041938853764,35.90041938853764,0.85,8,0.23249417530338345,0.4332562832464047,0.2254978469157136,0.419202637127332,6.8,2.56,13.555622003961188,0.0,0.0,redistribute,81920,0.0,ok,45.2304936764015,34.0,0.0,0.0,43.046098735280296,36.2460987352803,0.603409287484368,-0.603409287484368
0.0,4.102454008168131,0.0,experiment-evaluation-001,updated,0.01982196687101201,0.01982196687101201,27.2,0.0069963283876698645,0.014053646119072671,81920,0.0,2,0.85,4.122275975039143,35.92846682201703,0.0,0.29567066153523314,42.70041938853764,35.90041938853764,0.85,8,0.23249417530338345,0.4332562832464047,0.2254978469157136,0.419202637127332,6.8,2.56,13.555622003961188,0.0,0.0,redistribute,81920,0.0,ok,45.2304936764015,34.0,0.0,0.0,43.046098735280296,36.2460987352803,0.3176319132632699,-0.3176319132632699
0.0,4.102454008168131,0.0,experiment-evaluation-001,known,0.02322056930415073,0.02322056930415073,27.2,0.0069963283876698645,0.014053646119072671,81920,0.0,2,0.85,4.125674577472282,35.88335013795952,0.0,0.36291335269455277,42.70041938853764,35.90041938853764,0.85,8,0.23249417530338345,0.4332562832464047,0.2254978469157136,0.419202637127332,6.8,2.56,13.555622003961188,0.0,0.0,redistribute,81920,0.0,ok,45.2304936764015,34.0,0.0,0.0,43.046098735280296,36.2460987352803,0.36274859732078113,-0.36274859732078113
0.0,4.49560346756264,4.482169087820932,experiment-evaluation-002,frozen,0.319551069079715,-0.319551069079715,27.2,-0.03278154823762769,-0.065898385185792,81920,0.0,0,0.85,4.176052398482925,33.88646848118691,0.0,0.3202529695071708,40.40765086005385,33.60765086005385,0.85,8,0.18199481025013292,0.3151056487862472,0.2147763584877606,0.3810040339720392,6.8,2.56,14.512747333859236,0.0,0.06406729826299795,early,81920,0.0,ok,34.87309416959618,34.0,0.0,0.0,40.97461883391923,34.17461883391923,0.28815035273232326,-0.28815035273232326
1.0,4.49560346756264,4.482169087820932,experiment-evaluation-002,updated,0.2057710800847552,-0.2057710800847552,27.2,-0.03278154823762769,-0.065898385185792,81920,0.0,0,0.85,4.289832387477885,34.07451615887911,4.49560346756264,0.15384179221616043,40.41378031142254,33.613780311422545,0.85,8,0.18199481025013292,0.3151056487862472,0.2147763584877606,0.3810040339720392,6.8,2.56,14.512747333859236,0.0,0.0,early,81920,0.0,ok,35.19343066091116,34.0,0.0,0.0,41.03868613218223,34.23868613218223,0.16416997330311744,-0.16416997330311744
1.0,4.49560346756264,4.482169087820932,experiment-evaluation-002,known,0.1943178639339047,-0.1943178639339047,27.2,-0.03278154823762769,-0.065898385185792,81920,0.0,0,0.85,4.3012856036287355,34.082922431291024,4.49560346756264,0.15437907915618373,40.41378031142254,33.613780311422545,0.85,8,0.18199481025013292,0.3151056487862472,0.2147763584877606,0.3810040339720392,6.8,2.56,14.512747333859236,0.0,0.0,early,81920,0.0,ok,35.19343066091116,34.0,0.0,0.0,41.03868613218223,34.23868613218223,0.15576370089120672,-0.15576370089120672
0.0,4.521268443645682,4.482169087820932,experiment-evaluation-002,frozen,0.3254308431256332,-0.3254308431256332,27.2,-0.0070460023944156625,-0.01876846213017147,81920,0.0,0,0.85,4.195837600520049,33.86305595904195,0.0,0.3293123629668339,40.40734358159422,33.60734358159422,0.85,8,0.20773035609334495,0.3622355718418677,0.2147763584877606,0.3810040339720392,6.8,2.56,14.24540383299422,0.0,0.06443305242470387,late,81920,0.0,ok,34.80069241549695,34.0,0.0,0.0,40.960138483099385,34.16013848309939,0.29708252405743707,-0.29708252405743707
1.0,4.521268443645682,4.482169087820932,experiment-evaluation-002,updated,0.21320512727592345,-0.21320512727592345,27.2,-0.0070460023944156625,-0.01876846213017147,81920,0.0,0,0.85,4.308063316369759,34.144632191089414,4.521268443645682,0.04930432623056428,40.41350802542253,33.61350802542253,0.85,8,0.20773035609334495,0.3622355718418677,0.2147763584877606,0.3810040339720392,6.8,2.56,14.24540383299422,0.0,0.0,late,81920,0.0,ok,35.122857677620445,34.0,0.0,0.0,41.02457153552409,34.22457153552409,0.07993934443467765,-0.07993934443467765
1.0,4.521268443645682,4.482169087820932,experiment-evaluation-002,known,0.1943178639339056,-0.1943178639339056,27.2,-0.0070460023944156625,-0.01876846213017147,81920,0.0,0,0.85,4.326950579711776,34.068807784805884,4.521268443645682,0.15437912898318018,40.41350802542253,33.61350802542253,0.85,8,0.20773035609334495,0.3622355718418677,0.2147763584877606,0.3810040339720392,6.8,2.56,14.24540383299422,0.0,0.0,late,81920,0.0,ok,35.122857677620445,34.0,0.0,0.0,41.02457153552409,34.22457153552409,0.15576375071820792,-0.15576375071820792
0.0,4.5084359556041615,4.482169087820932,experiment-evaluation-002,frozen,0.32249095610267453,-0.32249095610267453,27.2,-0.02816399059901395,-0.05810906094228985,81920,0.0,0,0.85,4.185944999501487,33.874762145114424,0.0,0.32478274123700385,40.40749722082404,33.607497220824044,0.85,8,0.18661236788874666,0.32289497302974934,0.2147763584877606,0.3810040339720392,6.8,2.56,14.379075583426728,0.0,0.06425017534385091,split,81920,0.0,ok,34.836893292546556,34.0,0.0,0.0,40.967378658509304,34.16737865850931,0.2926165133948828,-0.2926165133948828
1.0,4.5084359556041615,4.482169087820932,experiment-evaluation-002,updated,0.20757534083273832,-0.20757534083273832,27.2,-0.02816399059901395,-0.05810906094228985,81920,0.0,0,0.85,4.300860614771423,34.112023765552834,4.5084359556041615,0.10073459754422014,40.413644168422536,33.61364416842254,0.85,8,0.18661236788874666,0.32289497302974934,0.2147763584877606,0.3810040339720392,6.8,2.56,14.379075583426728,0.0,0.0,split,81920,0.0,ok,35.158144169265796,34.0,0.0,0.0,41.031628833853155,34.23162883385316,0.11960506830032358,-0.11960506830032358
1.0,4.5084359556041615,4.482169087820932,experiment-evaluation-002,known,0.1943178639339056,-0.1943178639339056,27.2,-0.02816399059901395,-0.05810906094228985,81920,0.0,0,0.85,4.314118091670256,34.07586503304845,4.5084359556041615,0.15437917906967868,40.413644168422536,33.61364416842254,0.85,8,0.18661236788874666,0.32289497302974934,0.2147763584877606,0.3810040339720392,6.8,2.56,14.379075583426728,0.0,0.0,split,81920,0.0,ok,35.158144169265796,34.0,0.0,0.0,41.031628833853155,34.23162883385316,0.15576380080470642,-0.15576380080470642
0.0,4.3509107267356555,0.0,experiment-evaluation-002,frozen,0.28640236793172313,-0.28640236793172313,27.2,-0.027759028727857238,-0.0572536737391931,81920,0.0,0,0.85,4.064508358803932,33.84142050693269,0.0,0.2691786895088531,40.40087066490271,33.600870664902715,0.85,8,0.18701732975990337,0.3237503602328461,0.2147763584877606,0.3810040339720392,6.8,2.56,14.014213023415653,0.0,0.06200526742554757,redistribute,81920,0.0,ok,34.39606913182201,34.0,0.0,0.0,40.8792138263644,34.0792138263644,0.23779331943170945,-0.23779331943170945
1.0,4.3509107267356555,0.0,experiment-evaluation-002,updated,0.20232810212131547,-0.20232810212131547,27.2,-0.027759028727857238,-0.0572536737391931,81920,0.0,0,0.85,4.14858262461434,34.0008823227287,4.3509107267356555,0.12457558492611061,40.40680283750234,33.60680283750234,0.85,8,0.18701732975990337,0.3237503602328461,0.2147763584877606,0.3810040339720392,6.8,2.56,14.014213023415653,0.0,0.0,redistribute,81920,0.0,ok,34.706095468949755,34.0,0.0,0.0,40.94121909378995,34.14121909378995,0.14033677106124998,-0.14033677106124998
1.0,4.3509107267356555,0.0,experiment-evaluation-002,known,0.1943178639339047,-0.1943178639339047,27.2,-0.027759028727857238,-0.0572536737391931,81920,0.0,0,0.85,4.156592862801751,33.98545535059642,4.3509107267356555,0.15437912145850893,40.40680283750234,33.60680283750234,0.85,8,0.18701732975990337,0.3237503602328461,0.2147763584877606,0.3810040339720392,6.8,2.56,14.014213023415653,0.0,0.0,redistribute,81920,0.0,ok,34.706095468949755,34.0,0.0,0.0,40.94121909378995,34.14121909378995,0.15576374319353192,-0.15576374319353192
0.0,3.456288873889506,3.9657464457233083,experiment-evaluation-002,frozen,0.24973780740490836,0.24973780740490836,27.2,0.005466215061021934,0.016574766637203864,81920,0.0,1,0.85,3.7060266812944143,33.8350253694675,0.0,0.28250652526818953,40.72646783876907,33.92646783876907,0.85,8,0.2400032918260619,0.4345957324576614,0.23453707676503996,0.41802096582045756,6.8,2.56,11.868597563547144,0.0,0.04925592120486044,early,81920,0.0,ok,31.622150982382497,34.0,0.0,0.0,40.3244301964765,33.5244301964765,0.31059517299100037,0.31059517299100037
0.0,3.456288873889506,3.9657464457233083,experiment-evaluation-002,updated,0.13174484808044795,0.13174484808044795,27.2,0.005466215061021934,0.016574766637203864,81920,0.0,1,0.85,3.588033721969954,33.55647431450508,0.0,0.021355177045208507,40.72646783876907,33.92646783876907,0.85,8,0.2400032918260619,0.4345957324576614,0.23453707676503996,0.41802096582045756,6.8,2.56,11.868597563547144,0.0,0.04925592120486044,early,81920,0.0,ok,31.622150982382497,34.0,0.0,0.0,40.3244301964765,33.5244301964765,0.03204411802857976,0.03204411802857976
1.0,3.456288873889506,3.9657464457233083,experiment-evaluation-002,known,0.13966617199614495,0.13966617199614495,27.2,0.005466215061021934,0.016574766637203864,81920,0.0,1,0.85,3.595955045885651,33.63226648614817,3.456288873889506,0.05758517011768068,40.73118025496002,33.931180254960026,0.85,8,0.2400032918260619,0.4345957324576614,0.23453707676503996,0.41802096582045756,6.8,2.56,11.868597563547144,0.0,0.0,early,81920,0.0,ok,31.86843058840679,34.0,0.0,0.0,40.37368611768136,33.57368611768136,0.058580368466806476,0.058580368466806476
0.0,3.478996805180509,3.9657464457233083,experiment-evaluation-002,frozen,0.24398278661936468,0.24398278661936468,27.2,0.006412519054154492,0.018557074471476143,81920,0.0,1,0.85,3.7229795917998736,33.813470787752635,0.0,0.2736519122257448,40.726195964050554,33.92619596405056,0.85,8,0.24094959581919445,0.4365780402919337,0.23453707676503996,0.41802096582045756,6.8,2.56,11.632056612599195,0.0,0.04957953422309913,late,81920,0.0,ok,31.55809115033304,34.0,0.0,0.0,40.31161823006661,33.51161823006661,0.3018525576860256,0.3018525576860256
0.0,3.478996805180509,3.9657464457233083,experiment-evaluation-002,updated,0.12514242157006272,0.12514242157006272,27.2,0.006412519054154492,0.018557074471476143,81920,0.0,1,0.85,3.6041392267505716,33.532387129370065,0.0,0.025064370963363558,40.726195964050554,33.92619596405056,0.85,8,0.24094959581919445,0.4365780402919337,0.23453707676503996,0.41802096582045756,6.8,2.56,11.632056612599195,0.0,0.04957953422309913,late,81920,0.0,ok,31.55809115033304,34.0,0.0,0.0,40.31161823006661,33.51161823006661,0.020768899303455157,0.020768899303455157
1.0,3.478996805180509,3.9657464457233083,experiment-evaluation-002,known,0.13966617199614495,0.13966617199614495,27.2,0.006412519054154492,0.018557074471476143,81920,0.0,1,0.85,3.618662977176654,33.61977812294611,3.478996805180509,0.05758516030727397,40.73093934097048,33.93093934097048,0.85,8,0.24094959581919445,0.4365780402919337,0.23453707676503996,0.41802096582045756,6.8,2.56,11.632056612599195,0.0,0.0,late,81920,0.0,ok,31.805988821448555,34.0,0.0,0.0,40.361197764289706,33.56119776428971,0.05858035865639977,0.05858035865639977
0.0,3.4676428395350074,3.9657464457233083,experiment-evaluation-002,frozen,0.24686029701213652,0.24686029701213652,27.2,0.006817515553096065,0.01934341232545833,81920,0.0,1,0.85,3.714503136547144,33.82424807861007,0.0,0.27807921874696956,40.72633190140981,33.92633190140981,0.85,8,0.24135459231813602,0.4373643781459159,0.23453707676503996,0.41802096582045756,6.8,2.56,11.75032708807317,0.0,0.04941772771397979,split,81920,0.0,ok,31.59012106635777,34.0,0.0,0.0,40.31802421327155,33.51802421327155,0.30622386533851653,0.30622386533851653
0.0,3.4676428395350074,3.9657464457233083,experiment-evaluation-002,updated,0.12823797591553898,0.12823797591553898,27.2,0.006817515553096065,0.01934341232545833,81920,0.0,1,0.85,3.5958808154505464,33.54449977667427,0.0,0.023395654733773103,40.72633190140981,33.92633190140981,0.85,8,0.24135459231813602,0.4373643781459159,0.23453707676503996,0.41802096582045756,6.8,2.56,11.75032708807317,0.0,0.04941772771397979,split,81920,0.0,ok,31.59012106635777,34.0,0.0,0.0,40.31802421327155,33.51802421327155,0.026475563402719615,0.026475563402719615
1.0,3.4676428395350074,3.9657464457233083,experiment-evaluation-002,known,0.13966617199614495,0.13966617199614495,27.2,0.006817515553096065,0.01934341232545833,81920,0.0,1,0.85,3.6073090115311524,33.62602230454714,3.4676428395350074,0.05758516521247733,40.73105979796525,33.931059797965254,0.85,8,0.24135459231813602,0.4373643781459159,0.23453707676503996,0.41802096582045756,6.8,2.56,11.75032708807317,0.0,0.0,split,81920,0.0,ok,31.837209704927666,34.0,0.0,0.0,40.36744194098553,33.56744194098553,0.05858036356161023,0.05858036356161023
0.0,3.3282672148637986,0.0,experiment-evaluation-002,frozen,0.2821831807527091,0.2821831807527091,27.2,0.0006287833595494119,0.006882203452441782,81920,0.0,1,0.85,3.6104503956165077,33.79990133598999,0.0,0.33242662387606003,40.72046883821931,33.920468838219314,0.85,8,0.23516586012458937,0.42490316927289934,0.23453707676503996,0.41802096582045756,6.8,2.56,11.427502943737979,0.0,0.04743147163494399,redistribute,81920,0.0,ok,31.200087398656002,34.0,0.0,0.0,40.24001747973119,33.440017479731196,0.35988385625879715,0.35988385625879715
0.0,3.3282672148637986,0.0,experiment-evaluation-002,updated,0.16606074360506984,0.16606074360506984,27.2,0.0006287833595494119,0.006882203452441782,81920,0.0,1,0.85,3.4943279584688685,33.51896026867794,0.0,0.05222701096728125,40.72046883821931,33.920468838219314,0.85,8,0.23516586012458937,0.42490316927289934,0.23453707676503996,0.41802096582045756,6.8,2.56,11.427502943737979,0.0,0.04743147163494399,redistribute,81920,0.0,ok,31.200087398656002,34.0,0.0,0.0,40.24001747973119,33.440017479731196,0.07894278894674045,0.07894278894674045
1.0,3.3282672148637986,0.0,experiment-evaluation-002,known,0.13966617199614495,0.13966617199614495,27.2,0.0006287833595494119,0.006882203452441782,81920,0.0,1,0.85,3.4679333868599436,33.54602937150862,3.3282672148637986,0.057585221793348275,40.72500670553406,33.92500670553406,0.85,8,0.23516586012458937,0.42490316927289934,0.23453707676503996,0.41802096582045756,6.8,2.56,11.427502943737979,0.0,0.0,redistribute,81920,0.0,ok,31.437244756830697,34.0,0.0,0.0,40.28744895136614,33.48744895136614,0.05858042014247644,0.05858042014247644
1.0,4.107891477759985,3.870877292169462,experiment-evaluation-002,frozen,0.1759151681980482,-0.1759151681980482,27.2,0.02163527595134812,0.04588119778169042,81920,0.0,2,0.85,3.9319763095619367,34.03918483097735,4.107891477759985,0.16287838347957972,40.57107197693338,33.771071976933385,0.85,8,0.2423589971656736,0.4357167386202547,0.22072372121432549,0.38983554083856425,6.8,2.56,12.76289153781035,0.0,0.0,early,81920,0.0,ok,33.51329604673103,34.0,0.0,0.0,40.7026592093462,33.902659209346204,0.13652562163114368,0.13652562163114368
0.0,4.107891477759985,3.870877292169462,experiment-evaluation-002,updated,0.27009333559151294,-0.27009333559151294,27.2,0.02163527595134812,0.04588119778169042,81920,0.0,2,0.85,3.837798142168472,33.83718685460432,0.0,0.04867873205552797,40.56547114464858,33.765471144648586,0.85,8,0.2423589971656736,0.4357167386202547,0.22072372121432549,0.38983554083856425,6.8,2.56,12.76289153781035,0.0,0.05854197560719143,early,81920,0.0,ok,33.220586168695064,34.0,0.0,0.0,40.64411723373901,33.84411723373901,0.006930379134693965,-0.006930379134693965
1.0,4.107891477759985,3.870877292169462,experiment-evaluation-002,known,0.2733729468693329,-0.2733729468693329,27.2,0.02163527595134812,0.04588119778169042,81920,0.0,2,0.85,3.834518530890652,33.792002241491275,4.107891477759985,0.10870903514128354,40.57107197693338,33.771071976933385,0.85,8,0.2423589971656736,0.4357167386202547,0.22072372121432549,0.38983554083856425,6.8,2.56,12.76289153781035,0.0,0.0,early,81920,0.0,ok,33.51329604673103,34.0,0.0,0.0,40.7026592093462,33.902659209346204,0.11065696785492918,-0.11065696785492918
1.0,4.130056186671539,3.870877292169462,experiment-evaluation-002,frozen,0.18044319582146517,-0.18044319582146517,27.2,0.02525164493729093,0.0541194674112947,81920,0.0,2,0.85,3.949612990850074,34.01992776274627,4.130056186671539,0.1559053416854089,40.57083682612274,33.770836826122746,0.85,8,0.24597536615161641,0.44395500824985895,0.22072372121432549,0.38983554083856425,6.8,2.56,12.532009153314991,0.0,0.0,late,81920,0.0,ok,33.45234802065077,34.0,0.0,0.0,40.69046960413015,33.89046960413015,0.1294581586161172,0.1294581586161172
0.0,4.130056186671539,3.870877292169462,experiment-evaluation-002,updated,0.2982181639977699,-0.2982181639977699,27.2,0.02525164493729093,0.0541194674112947,81920,0.0,2,0.85,3.8318380226737694,33.75289584144677,0.0,0.1177512246437568,40.565205773755956,33.76520577375596,0.85,8,0.24597536615161641,0.44395500824985895,0.22072372121432549,0.38983554083856425,6.8,2.56,12.532009153314991,0.0,0.058857847108534145,late,81920,0.0,ok,33.15805878510808,34.0,0.0,0.0,40.631611757021616,33.83161175702162,0.07871591557484692,-0.07871591557484692
1.0,4.130056186671539,3.870877292169462,experiment-evaluation-002,known,0.27337294686933333,-0.27337294686933333,27.2,0.02525164493729093,0.0541194674112947,81920,0.0,2,0.85,3.856683239802206,33.7798126631743,4.130056186671539,0.10870900824220797,40.57083682612274,33.770836826122746,0.85,8,0.24597536615161641,0.44395500824985895,0.22072372121432549,0.38983554083856425,6.8,2.56,12.532009153314991,0.0,0.0,late,81920,0.0,ok,33.45234802065077,34.0,0.0,0.0,40.69046960413015,33.89046960413015,0.11065694095585599,-0.11065694095585599
1.0,4.118973832215762,3.870877292169462,experiment-evaluation-002,frozen,0.1781791820097567,-0.1781791820097567,27.2,0.02591387388541269,0.054696619894528675,81920,0.0,2,0.85,3.940794650206005,34.029556321861804,4.118973832215762,0.159391887582494,40.57095440152806,33.770954401528066,0.85,8,0.24663759509973818,0.44453216073309293,0.22072372121432549,0.38983554083856425,6.8,2.56,12.647450345562671,0.0,0.0,split,81920,0.0,ok,33.482822033690894,34.0,0.0,0.0,40.696564406738176,33.89656440673818,0.1329919151236254,0.1329919151236254
0.0,4.118973832215762,3.870877292169462,experiment-evaluation-002,updated,0.28142984338657584,-0.28142984338657584,27.2,0.02591387388541269,0.054696619894528675,81920,0.0,2,0.85,3.837543988829186,33.790276439707824,0.0,0.08583946751045819,40.565338459202266,33.76533845920227,0.85,8,0.24663759509973818,0.44453216073309293,0.22072372121432549,0.38983554083856425,6.8,2.56,12.647450345562671,0.0,0.058699911357869894,split,81920,0.0,ok,33.18932247690156,34.0,0.0,0.0,40.637864495380306,33.83786449538031,0.047588055672484586,-0.047588055672484586
1.0,4.118973832215762,3.870877292169462,experiment-evaluation-002,known,0.27337294686933333,-0.27337294686933333,27.2,0.02591387388541269,0.054696619894528675,81920,0.0,2,0.85,3.8456008853464283,33.785907477332785,4.118973832215762,0.10870899669174368,40.57095440152806,33.770954401528066,0.85,8,0.24663759509973818,0.44453216073309293,0.22072372121432549,0.38983554083856425,6.8,2.56,12.647450345562671,0.0,0.0,split,81920,0.0,ok,33.482822033690894,34.0,0.0,0.0,40.696564406738176,33.89656440673818,0.11065692940539407,-0.11065692940539407
1.0,3.9829323711678626,0.0,experiment-evaluation-002,frozen,0.15038727659773699,-0.15038727659773699,27.2,0.03273121488313435,0.0696657343582407,81920,0.0,2,0.85,3.8325450945701256,33.99485536342368,3.9829323711678626,0.2021907810986221,40.56504611203957,33.76504611203957,0.85,8,0.25345493609745984,0.45950127519680495,0.22072372121432549,0.38983554083856425,6.8,2.56,12.332348846570289,0.0,0.0,redistribute,81920,0.0,ok,33.092425104275016,34.0,0.0,0.0,40.618485020855,33.818485020855,0.17637034256868134,0.17637034256868134
0.0,3.9829323711678626,0.0,experiment-evaluation-002,updated,0.27101774887174557,-0.27101774887174557,27.2,0.03273121488313435,0.0696657343582407,81920,0.0,2,0.85,3.711914622296117,33.70774472428492,0.0,0.09381802191185547,40.5596156530478,33.7596156530478,0.85,8,0.25345493609745984,0.45950127519680495,0.22072372121432549,0.38983554083856425,6.8,2.56,12.332348846570289,0.0,0.05676117078077425,redistribute,81920,0.0,ok,32.808619250371144,34.0,0.0,0.0,40.56172385007422,33.761723850074226,0.053979125789304305,-0.053979125789304305
1.0,3.9829323711678626,0.0,experiment-evaluation-002,known,0.27337294686933333,-0.27337294686933333,27.2,0.03273121488313435,0.0696657343582407,81920,0.0,2,0.85,3.7095594242985293,33.70782802663962,3.9829323711678626,0.10870906150173454,40.56504611203957,33.76504611203957,0.85,8,0.25345493609745984,0.45950127519680495,0.22072372121432549,0.38983554083856425,6.8,2.56,12.332348846570289,0.0,0.0,redistribute,81920,0.0,ok,33.092425104275016,34.0,0.0,0.0,40.618485020855,33.818485020855,0.11065699421538255,-0.11065699421538255
0.0,3.65540093434839,4.172733136009216,experiment-evaluation-003,frozen,0.23338208637847746,0.23338208637847746,27.2,0.050795562590798926,0.10090341760251231,81920,0.0,0,0.85,3.8887830207268674,34.79222719801456,0.0,0.03060818448635653,41.44684371135211,34.64684371135211,0.85,8,0.2446099444051532,0.45262292352692585,0.1938143818143543,0.35171950592441353,6.8,2.56,13.350029481194483,0.0,0.0,early,81920,0.0,ok,38.16325982423894,34.0,0.0,0.0,41.63265196484778,34.832651964847784,0.040424766833226045,-0.040424766833226045
1.0,3.65540093434839,4.172733136009216,experiment-evaluation-003,updated,0.2738731390501443,0.2738731390501443,27.2,0.050795562590798926,0.10090341760251231,81920,0.0,0,0.85,3.9292740733985343,34.87656760914388,3.65540093434839,0.05820574662651031,41.45891963220836,34.65891963220836,0.85,8,0.2446099444051532,0.45262292352692585,0.1938143818143543,0.35171950592441353,6.8,2.56,13.350029481194483,0.0,0.034417963940107654,early,81920,0.0,ok,37.99117000453838,34.0,0.0,0.0,41.598234000907674,34.79823400090768,0.07833360823620694,0.07833360823620694
0.0,3.65540093434839,4.172733136009216,experiment-evaluation-003,known,0.2764436060181863,0.2764436060181863,27.2,0.050795562590798926,0.10090341760251231,81920,0.0,0,0.85,3.9318445403665763,34.95005922677085,0.0,0.11610581425229327,41.44684371135211,34.64684371135211,0.85,8,0.2446099444051532,0.45262292352692585,0.1938143818143543,0.35171950592441353,6.8,2.56,13.350029481194483,0.0,0.0,early,81920,0.0,ok,38.16325982423894,34.0,0.0,0.0,41.63265196484778,34.832651964847784,0.11740726192306283,0.11740726192306283
0.0,3.670493090673414,4.172733136009216,experiment-evaluation-003,frozen,0.23539281402094314,0.23539281402094314,27.2,0.004626806024399466,0.008590833240094298,81920,0.0,0,0.85,3.9058859046943573,34.78676669498391,0.0,0.027442728497653945,41.446150579072004,34.64615057907201,0.85,8,0.19844118783875375,0.36031033916450783,0.1938143818143543,0.35171950592441353,6.8,2.56,13.192819519475481,0.0,0.0,late,81920,0.0,ok,38.120684347545115,34.0,0.0,0.0,41.624136869509016,34.82413686950902,0.03737017452510827,-0.03737017452510827
0.0,3.670493090673414,4.172733136009216,experiment-evaluation-003,updated,0.27662010881208987,0.27662010881208987,27.2,0.004626806024399466,0.008590833240094298,81920,0.0,0,0.85,3.947113199485504,34.87992629600835,0.0,0.06499771499227336,41.446150579072004,34.64615057907201,0.85,8,0.19844118783875375,0.36031033916450783,0.1938143818143543,0.35171950592441353,6.8,2.56,13.192819519475481,0.0,0.0,late,81920,0.0,ok,38.120684347545115,34.0,0.0,0.0,41.624136869509016,34.82413686950902,0.05578942649933083,0.05578942649933083
0.0,3.670493090673414,4.172733136009216,experiment-evaluation-003,known,0.2764436060181863,0.2764436060181863,27.2,0.004626806024399466,0.008590833240094298,81920,0.0,0,0.85,3.9469366966916004,34.94154417377588,0.0,0.11610585659609522,41.446150579072004,34.64615057907201,0.85,8,0.19844118783875375,0.36031033916450783,0.1938143818143543,0.35171950592441353,6.8,2.56,13.192819519475481,0.0,0.0,late,81920,0.0,ok,38.120684347545115,34.0,0.0,0.0,41.624136869509016,34.82413686950902,0.11740730426686241,0.11740730426686241
0.0,3.6629470125109016,4.172733136009216,experiment-evaluation-003,frozen,0.2343874501997103,0.2343874501997103,27.2,0.023773342501437866,0.04681303581831309,81920,0.0,0,0.85,3.897334462710612,34.78949697149923,0.0,0.029025431492001985,41.44649714521206,34.64649714521206,0.85,8,0.21758772431579215,0.3985325417427266,0.1938143818143543,0.35171950592441353,6.8,2.56,13.27142450033498,0.0,0.0,split,81920,0.0,ok,38.14197208589203,34.0,0.0,0.0,41.6283944171784,34.8283944171784,0.03889744567916864,-0.03889744567916864
1.0,3.6629470125109016,4.172733136009216,experiment-evaluation-003,updated,0.28279549408289606,0.28279549408289606,27.2,0.023773342501437866,0.04681303581831309,81920,0.0,0,0.85,3.9457425065937977,34.895945224144924,3.6629470125109016,0.08431328330123478,41.45859799516481,34.65859799516481,0.85,8,0.21758772431579215,0.3985325417427266,0.1938143818143543,0.35171950592441353,6.8,2.56,13.27142450033498,0.0,0.03448901514646252,split,81920,0.0,ok,37.969527010159695,34.0,0.0,0.0,41.593905402031936,34.79390540203194,0.10203982211298523,0.10203982211298523
0.0,3.6629470125109016,4.172733136009216,experiment-evaluation-003,known,0.27644360601818674,0.27644360601818674,27.2,0.023773342501437866,0.04681303581831309,81920,0.0,0,0.85,3.9393906185290883,34.945801725273355,0.0,0.11610586042419395,41.44649714521206,34.64649714521206,0.85,8,0.21758772431579215,0.3985325417427266,0.1938143818143543,0.35171950592441353,6.8,2.56,13.27142450033498,0.0,0.0,split,81920,0.0,ok,38.14197208589203,34.0,0.0,0.0,41.6283944171784,34.8283944171784,0.11740730809495403,0.11740730809495403
0.0,3.57031511714009,0.0,experiment-evaluation-003,frozen,0.2220461048952478,0.2220461048952478,27.2,0.00415026047088024,0.007632065887962058,81920,0.0,0,0.85,3.7923612220353378,34.7957548731781,0.0,0.04845395067030012,41.431549531179314,34.63154953117932,0.85,8,0.19796464228523453,0.3593515718123756,0.1938143818143543,0.35171950592441353,6.8,2.56,13.056868960714812,0.0,0.0,redistribute,81920,0.0,ok,38.26700192192681,34.0,0.0,0.0,41.65340038438536,34.85340038438536,0.057645511207262246,-0.057645511207262246
0.0,3.57031511714009,0.0,experiment-evaluation-003,updated,0.26264961696113875,0.26264961696113875,27.2,0.00415026047088024,0.007632065887962058,81920,0.0,0,0.85,3.8329647341012287,34.88679152914052,0.0,0.04108575926248884,41.431549531179314,34.63154953117932,0.85,8,0.19796464228523453,0.3593515718123756,0.1938143818143543,0.35171950592441353,6.8,2.56,13.056868960714812,0.0,0.0,redistribute,81920,0.0,ok,38.26700192192681,34.0,0.0,0.0,41.65340038438536,34.85340038438536,0.03339114475515714,0.03339114475515714
0.0,3.57031511714009,0.0,experiment-evaluation-003,known,0.2764436060181863,0.2764436060181863,27.2,0.00415026047088024,0.007632065887962058,81920,0.0,0,0.85,3.8467587231582763,34.97080769360389,0.0,0.11610586154776807,41.431549531179314,34.63154953117932,0.85,8,0.19796464228523453,0.3593515718123756,0.1938143818143543,0.35171950592441353,6.8,2.56,13.056868960714812,0.0,0.0,redistribute,81920,0.0,ok,38.26700192192681,34.0,0.0,0.0,41.65340038438536,34.85340038438536,0.11740730921852816,0.11740730921852816
1.0,3.676216375379595,4.005116704483374,experiment-evaluation-003,frozen,0.42582778942495025,0.42582778942495025,27.2,-0.047891085351637164,-0.0961040455544897,81920,0.0,1,0.85,4.102044164804545,34.87132220029517,3.676216375379595,0.23860566074148673,41.55398600446435,34.75398600446435,0.85,8,0.2228063736895431,0.4085997200196616,0.27069745904118026,0.5047037655741513,6.8,2.56,14.020572905468692,0.0,0.03461395477987139,early,81920,0.0,ok,37.03823765769641,34.0,0.0,0.0,41.40764753153928,34.607647531539286,0.26367466875588264,0.26367466875588264
1.0,3.676216375379595,4.005116704483374,experiment-evaluation-003,updated,0.4197735463608412,0.4197735463608412,27.2,-0.047891085351637164,-0.0961040455544897,81920,0.0,1,0.85,4.095989921740436,34.86205141193699,3.676216375379595,0.23613325867558643,41.55398600446435,34.75398600446435,0.85,8,0.2228063736895431,0.4085997200196616,0.27069745904118026,0.5047037655741513,6.8,2.56,14.020572905468692,0.0,0.03461395477987139,early,81920,0.0,ok,37.03823765769641,34.0,0.0,0.0,41.40764753153928,34.607647531539286,0.2544038803977031,0.2544038803977031
0.0,3.676216375379595,4.005116704483374,experiment-evaluation-003,known,0.385945010024793,0.385945010024793,27.2,-0.047891085351637164,-0.0961040455544897,81920,0.0,1,0.85,4.062161385404388,34.876292418399736,0.0,0.23221397114024236,41.54184131806829,34.741841318068296,0.85,8,0.2228063736895431,0.4085997200196616,0.27069745904118026,0.5047037655741513,6.8,2.56,14.020572905468692,0.0,0.0,early,81920,0.0,ok,37.211307431595806,34.0,0.0,0.0,41.442261486319154,34.64226148631916,0.23403093208057868,0.23403093208057868
1.0,3.690702287953875,4.005116704483374,experiment-evaluation-003,frozen,0.4304566708246975,0.4304566708246975,27.2,0.04571730500829474,0.09163246149384285,81920,0.0,1,0.85,4.121158958778572,34.87036035894412,3.690702287953875,0.24579538229895093,41.55336857034915,34.75336857034915,0.85,8,0.316414764049475,0.5963362270679942,0.27069745904118026,0.5047037655741513,6.8,2.56,13.869677982819946,0.0,0.034750349015581605,late,81920,0.0,ok,36.99669044367831,34.0,0.0,0.0,41.39933808873566,34.599338088735664,0.27102227020845504,0.27102227020845504
1.0,3.690702287953875,4.005116704483374,experiment-evaluation-003,updated,0.45190807653353726,0.45190807653353726,27.2,0.04571730500829474,0.09163246149384285,81920,0.0,1,0.85,4.142610364487412,34.90467209900608,3.690702287953875,0.2693407765015981,41.55336857034915,34.75336857034915,0.85,8,0.316414764049475,0.5963362270679942,0.27069745904118026,0.5047037655741513,6.8,2.56,13.869677982819946,0.0,0.034750349015581605,late,81920,0.0,ok,36.99669044367831,34.0,0.0,0.0,41.39933808873566,34.599338088735664,0.30533401027041407,0.30533401027041407
0.0,3.690702287953875,4.005116704483374,experiment-evaluation-003,known,0.385945010024793,0.385945010024793,27.2,0.04571730500829474,0.09163246149384285,81920,0.0,1,0.85,4.076647297978668,34.86811935436157,0.0,0.23221395566999092,41.54117602853671,34.741176028536714,0.85,8,0.316414764049475,0.5963362270679942,0.27069745904118026,0.5047037655741513,6.8,2.56,13.869677982819946,0.0,0.0,late,81920,0.0,ok,37.170442188756226,34.0,0.0,0.0,41.43408843775124,34.634088437751245,0.2340309166103225,0.2340309166103225
1.0,3.683459331666735,4.005116704483374,experiment-evaluation-003,frozen,0.42814223012482433,0.42814223012482433,27.2,0.002431091033686217,0.004910577874368549,81920,0.0,1,0.85,4.111601561791559,34.87084127961965,3.683459331666735,0.24220052152021765,41.55367728740676,34.75367728740676,0.85,8,0.27312855007486647,0.5096143434485199,0.27069745904118026,0.5047037655741513,6.8,2.56,13.945125444144319,0.0,0.034682151897733604,split,81920,0.0,ok,37.017464050687366,34.0,0.0,0.0,41.40349281013747,34.603492810137475,0.2673484694821724,0.2673484694821724
1.0,3.683459331666735,4.005116704483374,experiment-evaluation-003,updated,0.43569724884145433,0.43569724884145433,27.2,0.002431091033686217,0.004910577874368549,81920,0.0,1,0.85,4.119156580508189,34.8810460684966,3.683459331666735,0.24753466764609774,41.55367728740676,34.75367728740676,0.85,8,0.27312855007486647,0.5096143434485199,0.27069745904118026,0.5047037655741513,6.8,2.56,13.945125444144319,0.0,0.034682151897733604,split,81920,0.0,ok,37.017464050687366,34.0,0.0,0.0,41.40349281013747,34.603492810137475,0.27755325835912714,0.27755325835912714
0.0,3.683459331666735,4.005116704483374,experiment-evaluation-003,known,0.385945010024793,0.385945010024793,27.2,0.002431091033686217,0.004910577874368549,81920,0.0,1,0.85,4.069404341691528,34.87220588638065,0.0,0.2322139634051131,41.5415086733025,34.741508673302505,0.85,8,0.27312855007486647,0.5096143434485199,0.27069745904118026,0.5047037655741513,6.8,2.56,13.945125444144319,0.0,0.0,split,81920,0.0,ok,37.19087481017603,34.0,0.0,0.0,41.438174962035205,34.63817496203521,0.23403092434543993,0.23403092434543993
1.0,3.594548409394715,0.0,experiment-evaluation-003,frozen,0.3997313093610133,0.3997313093610133,27.2,0.04567744459210238,0.09155274066145802,81920,0.0,1,0.85,3.9942797187557284,34.85058208917409,3.594548409394715,0.19807171365996368,41.53903638631631,34.739036386316315,0.85,8,0.31637490363328263,0.5962565062356093,0.27069745904118026,0.5047037655741513,6.8,2.56,13.739188484419635,0.0,0.03384499806109886,redistribute,81920,0.0,ok,37.14165727506589,34.0,0.0,0.0,41.42833145501317,34.628331455013175,0.22225063416091473,0.22225063416091473
1.0,3.594548409394715,0.0,experiment-evaluation-003,updated,0.40849493996945174,0.40849493996945174,27.2,0.04567744459210238,0.09155274066145802,81920,0.0,1,0.85,4.003043349364167,34.864935350657326,3.594548409394715,0.20195557585846538,41.53903638631631,34.739036386316315,0.85,8,0.31637490363328263,0.5962565062356093,0.27069745904118026,0.5047037655741513,6.8,2.56,13.739188484419635,0.0,0.03384499806109886,redistribute,81920,0.0,ok,37.14165727506589,34.0,0.0,0.0,41.42833145501317,34.628331455013175,0.2366038956441514,0.2366038956441514
0.0,3.594548409394715,0.0,experiment-evaluation-003,known,0.385945010024793,0.385945010024793,27.2,0.04567744459210238,0.09155274066145802,81920,0.0,1,0.85,3.980493419419508,34.89620738414048,0.0,0.2322139701258834,41.52716149683486,34.72716149683486,0.85,8,0.31637490363328263,0.5962565062356093,0.27069745904118026,0.5047037655741513,6.8,2.56,13.739188484419635,0.0,0.0,redistribute,81920,0.0,ok,37.31088226537136,34.0,0.0,0.0,41.46217645307427,34.662176453074274,0.23403093106620787,0.23403093106620787
0.0,4.496896893877773,4.814736454997035,experiment-evaluation-003,frozen,0.14291689140410213,-0.14291689140410213,27.2,0.0015763843353473195,0.0035090521981409606,81920,0.0,2,0.85,4.353980002473671,34.653590967792795,0.0,0.07634034767863795,41.57543571234459,34.775435712344596,0.85,8,0.16136117054564889,0.2864712432858935,0.15978478621030157,0.28296219108775256,6.8,2.56,15.186919517033763,0.0,0.0,early,81920,0.0,ok,36.884909522765994,34.0,0.0,0.0,41.3769819045532,34.5769819045532,0.07660906323959438,0.07660906323959438
0.0,4.496896893877773,4.814736454997035,experiment-evaluation-003,updated,0.12471753738073055,-0.12471753738073055,27.2,0.0015763843353473195,0.0035090521981409606,81920,0.0,2,0.85,4.372179356497043,34.66346288607774,0.0,0.09127455128471713,41.57543571234459,34.775435712344596,0.85,8,0.16136117054564889,0.2864712432858935,0.15978478621030157,0.28296219108775256,6.8,2.56,15.186919517033763,0.0,0.0,early,81920,0.0,ok,36.884909522765994,34.0,0.0,0.0,41.3769819045532,34.5769819045532,0.08648098152453798,0.08648098152453798
0.0,4.496896893877773,4.814736454997035,experiment-evaluation-003,known,0.09442128245297532,-0.09442128245297532,27.2,0.0015763843353473195,0.0035090521981409606,81920,0.0,2,0.85,4.402475611424798,34.783187371035794,0.0,0.2066499852033843,41.57543571234459,34.775435712344596,0.85,8,0.16136117054564889,0.2864712432858935,0.15978478621030157,0.28296219108775256,6.8,2.56,15.186919517033763,0.0,0.0,early,81920,0.0,ok,36.884909522765994,34.0,0.0,0.0,41.3769819045532,34.5769819045532,0.20620546648259364,0.20620546648259364
0.0,4.5143110809043865,4.814736454997035,experiment-evaluation-003,frozen,0.14312253632771021,-0.14312253632771021,27.2,0.002124694613541367,0.004888951132735964,81920,0.0,2,0.85,4.371188544576676,34.64345337285247,0.0,0.07605285081677948,41.57463593695796,34.774635936957964,0.85,8,0.16190948082384293,0.2878511422204885,0.15978478621030157,0.28296219108775256,6.8,2.56,15.005521735506548,0.0,0.0,late,81920,0.0,ok,36.83578351996517,34.0,0.0,0.0,41.36715670399303,34.567156703993035,0.07629666885943465,0.07629666885943465
0.0,4.5143110809043865,4.814736454997035,experiment-evaluation-003,updated,0.12537068454589573,-0.12537068454589573,27.2,0.002124694613541367,0.004888951132735964,81920,0.0,2,0.85,4.388940396358491,34.65579051599288,0.0,0.0928563135284648,41.57463593695796,34.774635936957964,0.85,8,0.16190948082384293,0.2878511422204885,0.15978478621030157,0.28296219108775256,6.8,2.56,15.005521735506548,0.0,0.0,late,81920,0.0,ok,36.83578351996517,34.0,0.0,0.0,41.36715670399303,34.567156703993035,0.08863381199984133,0.08863381199984133
0.0,4.5143110809043865,4.814736454997035,experiment-evaluation-003,known,0.09442128245297532,-0.09442128245297532,27.2,0.002124694613541367,0.004888951132735964,81920,0.0,2,0.85,4.419889798451411,34.77336217678106,0.0,0.20664999150882105,41.57463593695796,34.774635936957964,0.85,8,0.16190948082384293,0.2878511422204885,0.15978478621030157,0.28296219108775256,6.8,2.56,15.005521735506548,0.0,0.0,late,81920,0.0,ok,36.83578351996517,34.0,0.0,0.0,41.36715670399303,34.567156703993035,0.20620547278802803,0.20620547278802803
0.0,4.505603987391079,4.814736454997035,experiment-evaluation-003,frozen,0.14301971386590484,-0.14301971386590484,27.2,0.002133811263482388,0.004790343972136735,81920,0.0,2,0.85,4.362584273525174,34.64852214532264,0.0,0.07619657424771493,41.57503582465128,34.77503582465128,0.85,8,0.16191859747378395,0.2877525350598893,0.15978478621030157,0.28296219108775256,6.8,2.56,15.096220626270156,0.0,0.0,split,81920,0.0,ok,36.860346521365585,34.0,0.0,0.0,41.37206930427311,34.572069304273114,0.0764528410495231,0.0764528410495231
0.0,4.505603987391079,4.814736454997035,experiment-evaluation-003,updated,0.125556810037744,-0.125556810037744,27.2,0.002133811263482388,0.004790343972136735,81920,0.0,2,0.85,4.380047177353335,34.658485297366376,0.0,0.09101747498642254,41.57503582465128,34.77503582465128,0.85,8,0.16191859747378395,0.2877525350598893,0.15978478621030157,0.28296219108775256,6.8,2.56,15.096220626270156,0.0,0.0,split,81920,0.0,ok,36.860346521365585,34.0,0.0,0.0,41.37206930427311,34.572069304273114,0.08641599309326153,0.08641599309326153
0.0,4.505603987391079,4.814736454997035,experiment-evaluation-003,known,0.09442128245297443,-0.09442128245297443,27.2,0.002133811263482388,0.004790343972136735,81920,0.0,2,0.85,4.4111827049381045,34.77827474890843,0.0,0.20664996335610417,41.57503582465128,34.77503582465128,0.85,8,0.16191859747378395,0.2877525350598893,0.15978478621030157,0.28296219108775256,6.8,2.56,15.096220626270156,0.0,0.0,split,81920,0.0,ok,36.860346521365585,34.0,0.0,0.0,41.37206930427311,34.572069304273114,0.20620544463531587,0.20620544463531587
0.0,4.398720046098857,0.0,experiment-evaluation-003,frozen,0.14175751656043634,-0.14175751656043634,27.2,0.0006241803483407193,0.0010377681003785333,81920,0.0,2,0.85,4.256962529538421,34.67929288833301,0.0,0.0779611974826248,41.557788418729814,34.75778841872982,0.85,8,0.16040896655864229,0.2839999591881311,0.15978478621030157,0.28296219108775256,6.8,2.56,14.848654260399279,0.0,0.0,redistribute,81920,0.0,ok,37.004613046421795,34.0,0.0,0.0,41.40092260928436,34.60092260928436,0.07837027904864868,0.07837027904864868
0.0,4.398720046098857,0.0,experiment-evaluation-003,updated,0.1256332550564263,-0.1256332550564263,27.2,0.0006241803483407193,0.0010377681003785333,81920,0.0,2,0.85,4.273086791042431,34.728727879602665,0.0,0.12587669055762044,41.557788418729814,34.75778841872982,0.85,8,0.16040896655864229,0.2839999591881311,0.15978478621030157,0.28296219108775256,6.8,2.56,14.848654260399279,0.0,0.0,redistribute,81920,0.0,ok,37.004613046421795,34.0,0.0,0.0,41.40092260928436,34.60092260928436,0.12780527031830502,0.12780527031830502
0.0,4.398720046098857,0.0,experiment-evaluation-003,known,0.09442128245297443,-0.09442128245297443,27.2,0.0006241803483407193,0.0010377681003785333,81920,0.0,2,0.85,4.304298763645883,34.80712805434399,0.0,0.20664996378042608,41.557788418729814,34.75778841872982,0.85,8,0.16040896655864229,0.2839999591881311,0.15978478621030157,0.28296219108775256,6.8,2.56,14.848654260399279,0.0,0.0,redistribute,81920,0.0,ok,37.004613046421795,34.0,0.0,0.0,41.40092260928436,34.60092260928436,0.20620544505963068,0.20620544505963068
0.0,4.1338049958069485,4.068501552951227,experiment-evaluation-004,frozen,0.43220249125717425,-0.43220249125717425,27.2,0.1299903679049031,0.2591432853220794,81920,0.0,0,0.85,3.7016025045497742,33.41541661666993,0.0,0.15669386995895232,40.41353961975604,33.61353961975604,0.85,8,0.3918274492644649,0.7471838121494039,0.2618370813595618,0.48804052682732446,6.8,2.56,12.783893452491562,0.0,0.0,early,81920,0.0,ok,32.01059796030421,34.0,0.0,0.0,40.40211959206084,33.602119592060845,0.18670297539091507,-0.18670297539091507
0.0,4.1338049958069485,4.068501552951227,experiment-evaluation-004,updated,0.36023370715080816,-0.36023370715080816,27.2,0.1299903679049031,0.2591432853220794,81920,0.0,0,0.85,3.7735712886561403,33.54330807836874,0.0,0.03573559557715574,40.41353961975604,33.61353961975604,0.85,8,0.3918274492644649,0.7471838121494039,0.2618370813595618,0.48804052682732446,6.8,2.56,12.783893452491562,0.0,0.0,early,81920,0.0,ok,32.01059796030421,34.0,0.0,0.0,40.40211959206084,33.602119592060845,0.05881151369210613,-0.05881151369210613
0.0,4.1338049958069485,4.068501552951227,experiment-evaluation-004,known,0.38964768183880816,-0.38964768183880816,27.2,0.1299903679049031,0.2591432853220794,81920,0.0,0,0.85,3.7441573139681403,33.65849862360841,0.0,0.06124019962708852,40.41353961975604,33.61353961975604,0.85,8,0.3918274492644649,0.7471838121494039,0.2618370813595618,0.48804052682732446,6.8,2.56,12.783893452491562,0.0,0.0,early,81920,0.0,ok,32.01059796030421,34.0,0.0,0.0,40.40211959206084,33.602119592060845,0.056379031547564296,0.056379031547564296
0.0,4.142887098218586,4.068501552951227,experiment-evaluation-004,frozen,0.42741925315873086,-0.42741925315873086,27.2,0.12659596550103197,0.25226921894102916,81920,0.0,0,0.85,3.7154678450598553,33.41755872506562,0.0,0.14934517473368913,40.413341902381234,33.61334190238124,0.85,8,0.38843304686059377,0.7403097457683536,0.2618370813595618,0.48804052682732446,6.8,2.56,12.689288219037008,0.0,0.0,late,81920,0.0,ok,31.984977046285692,34.0,0.0,0.0,40.39699540925714,33.59699540925714,0.17943668419152203,-0.17943668419152203
0.0,4.142887098218586,4.068501552951227,experiment-evaluation-004,updated,0.3585723576926263,-0.3585723576926263,27.2,0.12659596550103197,0.25226921894102916,81920,0.0,0,0.85,3.78431474052596,33.53729896515647,0.0,0.03563016628837564,40.413341902381234,33.61334190238124,0.85,8,0.38843304686059377,0.7403097457683536,0.2618370813595618,0.48804052682732446,6.8,2.56,12.689288219037008,0.0,0.0,late,81920,0.0,ok,31.984977046285692,34.0,0.0,0.0,40.39699540925714,33.59699540925714,0.05969644410067332,-0.05969644410067332
0.0,4.142887098218586,4.068501552951227,experiment-evaluation-004,known,0.3896476818388086,-0.3896476818388086,27.2,0.12659596550103197,0.25226921894102916,81920,0.0,0,0.85,3.7532394163797775,33.6533743874956,0.0,0.06124014631799687,40.413341902381234,33.61334190238124,0.85,8,0.38843304686059377,0.7403097457683536,0.2618370813595618,0.48804052682732446,6.8,2.56,12.689288219037008,0.0,0.0,late,81920,0.0,ok,31.984977046285692,34.0,0.0,0.0,40.39699540925714,33.59699540925714,0.05637897823846316,0.05637897823846316
0.0,4.138346047012767,4.068501552951227,experiment-evaluation-004,frozen,0.4298108722079528,-0.4298108722079528,27.2,0.1349142394457471,0.26897725969894337,81920,0.0,0,0.85,3.7085351748048145,33.416487670867774,0.0,0.1530195223463172,40.41344076106863,33.61344076106863,0.85,8,0.3967513208053089,0.7570177865262678,0.2618370813595618,0.48804052682732446,6.8,2.56,12.736590835764284,0.0,0.0,split,81920,0.0,ok,31.99778750329496,34.0,0.0,0.0,40.399557500658986,33.59955750065899,0.183069829791215,-0.183069829791215
0.0,4.138346047012767,4.068501552951227,experiment-evaluation-004,updated,0.3581666699662098,-0.3581666699662098,27.2,0.1349142394457471,0.26897725969894337,81920,0.0,0,0.85,3.7801793770465575,33.548441767473015,0.0,0.03269553677204821,40.41344076106863,33.61344076106863,0.85,8,0.3967513208053089,0.7570177865262678,0.2618370813595618,0.48804052682732446,6.8,2.56,12.736590835764284,0.0,0.0,split,81920,0.0,ok,31.99778750329496,34.0,0.0,0.0,40.399557500658986,33.59955750065899,0.05111573318597351,-0.05111573318597351
0.0,4.138346047012767,4.068501552951227,experiment-evaluation-004,known,0.3896476818388086,-0.3896476818388086,27.2,0.1349142394457471,0.26897725969894337,81920,0.0,0,0.85,3.7486983651739587,33.655936505552006,0.0,0.06124017297254625,40.41344076106863,33.61344076106863,0.85,8,0.3967513208053089,0.7570177865262678,0.2618370813595618,0.48804052682732446,6.8,2.56,12.736590835764284,0.0,0.0,split,81920,0.0,ok,31.99778750329496,34.0,0.0,0.0,40.399557500658986,33.59955750065899,0.05637900489301728,0.05637900489301728
0.0,4.082602365180714,0.0,experiment-evaluation-004,frozen,0.45916919593098804,-0.45916919593098804,27.2,-0.007388928819273166,-0.015057644410042925,81920,0.0,0,0.85,3.6234331692497257,33.46480909555166,0.0,0.19812434863782138,40.40917692414901,33.60917692414901,0.85,8,0.25444815254028863,0.47298288241728154,0.2618370813595618,0.48804052682732446,6.8,2.56,12.607476391025635,0.0,0.0,redistribute,81920,0.0,ok,32.46238988127131,34.0,0.0,0.0,40.49247797625426,33.69247797625426,0.22766888070260194,-0.22766888070260194
0.0,4.082602365180714,0.0,experiment-evaluation-004,updated,0.3635295634439961,-0.3635295634439961,27.2,-0.007388928819273166,-0.015057644410042925,81920,0.0,0,0.85,3.7190728017367176,33.736590841129924,0.0,0.06527336964791648,40.40917692414901,33.60917692414901,0.85,8,0.25444815254028863,0.47298288241728154,0.2618370813595618,0.48804052682732446,6.8,2.56,12.607476391025635,0.0,0.0,redistribute,81920,0.0,ok,32.46238988127131,34.0,0.0,0.0,40.49247797625426,33.69247797625426,0.04411286487566457,0.04411286487566457
0.0,4.082602365180714,0.0,experiment-evaluation-004,known,0.3896476818388086,-0.3896476818388086,27.2,-0.007388928819273166,-0.015057644410042925,81920,0.0,0,0.85,3.692954683341905,33.748856942447446,0.0,0.06124013427271061,40.40917692414901,33.60917692414901,0.85,8,0.25444815254028863,0.47298288241728154,0.2618370813595618,0.48804052682732446,6.8,2.56,12.607476391025635,0.0,0.0,redistribute,81920,0.0,ok,32.46238988127131,34.0,0.0,0.0,40.49247797625426,33.69247797625426,0.056378966193186386,0.056378966193186386
0.0,4.095885902194664,3.6242762335711927,experiment-evaluation-004,frozen,0.44644722848797924,-0.44644722848797924,27.2,0.16518348712425993,0.330115008079804,81920,0.0,1,0.85,3.6494386737066846,32.42962226260785,0.0,0.7615984486434186,40.606179368970814,33.80617936897082,0.85,8,0.3993443766770493,0.7612601609994907,0.23416088955278938,0.4311451529196867,6.8,2.56,13.589814289181486,0.0,0.0,early,81920,0.0,ok,30.12876655951252,34.0,0.0,0.0,40.0257533119025,33.2257533119025,0.796131049294651,-0.796131049294651
1.0,4.095885902194664,3.6242762335711927,experiment-evaluation-004,updated,0.269298154567875,-0.269298154567875,27.2,0.16518348712425993,0.330115008079804,81920,0.0,1,0.85,3.826587747626789,32.74700774349918,4.095885902194664,0.4340866525006888,40.61013802643545,33.81013802643545,0.85,8,0.3993443766770493,0.7612601609994907,0.23416088955278938,0.4311451529196867,6.8,2.56,13.589814289181486,0.0,0.10219893885250997,early,81920,0.0,ok,29.617771865249964,34.0,0.0,0.0,39.92355437304999,33.12355437304999,0.3765466295508091,-0.3765466295508091
0.0,4.095885902194664,3.6242762335711927,experiment-evaluation-004,known,0.23416483256684995,-0.23416483256684995,27.2,0.16518348712425993,0.330115008079804,81920,0.0,1,0.85,3.861721069627814,33.23315532146009,0.0,0.010323404095463692,40.606179368970814,33.80617936897082,0.85,8,0.3993443766770493,0.7612601609994907,0.23416088955278938,0.4311451529196867,6.8,2.56,13.589814289181486,0.0,0.0,early,81920,0.0,ok,30.12876655951252,34.0,0.0,0.0,40.0257533119025,33.2257533119025,0.007402009557587519,0.007402009557587519
0.0,4.103976361911333,3.6242762335711927,experiment-evaluation-004,frozen,0.44136259401585143,-0.44136259401585143,27.2,0.052627590498909,0.1068594739367944,81920,0.0,1,0.85,3.6626137678954818,32.432781699416054,0.0,0.7537996711243693,40.60600323965806,33.80600323965806,0.85,8,0.2867884800516984,0.5380046268564811,0.23416088955278938,0.4311451529196867,6.8,2.56,13.505538667132853,0.0,0.0,late,81920,0.0,ok,30.10594310263258,34.0,0.0,0.0,40.021188620526516,33.22118862052652,0.7884069211104645,-0.7884069211104645
0.0,4.103976361911333,3.6242762335711927,experiment-evaluation-004,updated,0.22184315170621405,-0.22184315170621405,27.2,0.052627590498909,0.1068594739367944,81920,0.0,1,0.85,3.882133210205119,33.04921483522723,0.0,0.14292431611095205,40.60600323965806,33.80600323965806,0.85,8,0.2867884800516984,0.5380046268564811,0.23416088955278938,0.4311451529196867,6.8,2.56,13.505538667132853,0.0,0.0,late,81920,0.0,ok,30.10594310263258,34.0,0.0,0.0,40.021188620526516,33.22118862052652,0.17197378529928642,-0.17197378529928642
0.0,4.103976361911333,3.6242762335711927,experiment-evaluation-004,known,0.23416483256684995,-0.23416483256684995,27.2,0.052627590498909,0.1068594739367944,81920,0.0,1,0.85,3.8698115293444832,33.22859055449382,0.0,0.010323328505187135,40.60600323965806,33.80600323965806,0.85,8,0.2867884800516984,0.5380046268564811,0.23416088955278938,0.4311451529196867,6.8,2.56,13.505538667132853,0.0,0.0,late,81920,0.0,ok,30.10594310263258,34.0,0.0,0.0,40.021188620526516,33.22118862052652,0.007401933967301488,0.007401933967301488
0.0,4.0999311320529985,3.6242762335711927,experiment-evaluation-004,frozen,0.44390491125191556,-0.44390491125191556,27.2,0.10957927443722013,0.2202900706886607,81920,0.0,1,0.85,3.656026220801083,32.43120198101195,0.0,0.7576990598838975,40.60609130431443,33.806091304314435,0.85,8,0.3437401639900095,0.6514352236083474,0.23416088955278938,0.4311451529196867,6.8,2.56,13.54767647815717,0.0,0.0,split,81920,0.0,ok,30.11735483107254,34.0,0.0,0.0,40.023470966214504,33.22347096621451,0.7922689852025542,-0.7922689852025542
0.0,4.0999311320529985,3.6242762335711927,experiment-evaluation-004,updated,0.23982245011419323,-0.23982245011419323,27.2,0.10957927443722013,0.2202900706886607,81920,0.0,1,0.85,3.8601086819388053,32.89782758316273,0.0,0.28145366767486263,40.60609130431443,33.806091304314435,0.85,8,0.3437401639900095,0.6514352236083474,0.23416088955278938,0.4311451529196867,6.8,2.56,13.54767647815717,0.0,0.0,split,81920,0.0,ok,30.11735483107254,34.0,0.0,0.0,40.023470966214504,33.22347096621451,0.3256433830517764,-0.3256433830517764
0.0,4.0999311320529985,3.6242762335711927,experiment-evaluation-004,known,0.23416483256684995,-0.23416483256684995,27.2,0.10957927443722013,0.2202900706886607,81920,0.0,1,0.85,3.8657662994861486,33.230872937976955,0.0,0.010323366300326597,40.60609130431443,33.806091304314435,0.85,8,0.3437401639900095,0.6514352236083474,0.23416088955278938,0.4311451529196867,6.8,2.56,13.54767647815717,0.0,0.0,split,81920,0.0,ok,30.11735483107254,34.0,0.0,0.0,40.023470966214504,33.22347096621451,0.007401971762448056,0.007401971762448056
0.0,4.050273906018732,0.0,experiment-evaluation-004,frozen,0.47511313082489126,-0.47511313082489126,27.2,0.052627590498909,0.1068594739367944,81920,0.0,1,0.85,3.5751607751938406,32.466567526852224,0.0,0.8055665100137688,40.60229302069318,33.802293020693185,0.85,8,0.2867884800516984,0.5380046268564811,0.23416088955278938,0.4311451529196867,6.8,2.56,13.432659583758396,0.0,0.0,redistribute,81920,0.0,ok,30.53122891582962,34.0,0.0,0.0,40.10624578316592,33.30624578316592,0.8396782563136966,-0.8396782563136966
0.0,4.050273906018732,0.0,experiment-evaluation-004,updated,0.250951441807695,-0.250951441807695,27.2,0.052627590498909,0.1068594739367944,81920,0.0,1,0.85,3.799322464211037,33.090052823391396,0.0,0.18754040463870325,40.60229302069318,33.802293020693185,0.85,8,0.2867884800516984,0.5380046268564811,0.23416088955278938,0.4311451529196867,6.8,2.56,13.432659583758396,0.0,0.0,redistribute,81920,0.0,ok,30.53122891582962,34.0,0.0,0.0,40.10624578316592,33.30624578316592,0.21619295977452424,-0.21619295977452424
0.0,4.050273906018732,0.0,experiment-evaluation-004,known,0.23416483256685083,-0.23416483256685083,27.2,0.052627590498909,0.1068594739367944,81920,0.0,1,0.85,3.816109073451881,33.31364772212956,0.0,0.010323333501519963,40.60229302069318,33.802293020693185,0.85,8,0.2867884800516984,0.5380046268564811,0.23416088955278938,0.4311451529196867,6.8,2.56,13.432659583758396,0.0,0.0,redistribute,81920,0.0,ok,30.53122891582962,34.0,0.0,0.0,40.10624578316592,33.30624578316592,0.007401938963639054,0.007401938963639054
0.0,3.9688317879369475,3.6288123439433986,experiment-evaluation-004,frozen,0.33165480177961904,-0.33165480177961904,27.2,-0.05235408544833525,-0.10408566934456775,81920,0.0,2,0.85,3.6371769861573284,33.680055928609875,0.0,0.10756607107526861,40.303253092105024,33.50325309210503,0.85,8,0.32735469093264696,0.619385109241122,0.3797087763809822,0.7234707785856898,6.8,2.56,12.028621362394688,0.0,0.0,early,81920,0.0,ok,33.15757425120736,34.0,0.0,0.0,40.631514850241466,33.83151485024147,0.15145892163159402,-0.15145892163159402
0.0,3.9688317879369475,3.6288123439433986,experiment-evaluation-004,updated,0.3827136519514518,-0.3827136519514518,27.2,-0.05235408544833525,-0.10408566934456775,81920,0.0,2,0.85,3.5861181359854957,33.54900766954433,0.0,0.24507459681385532,40.303253092105024,33.50325309210503,0.85,8,0.32735469093264696,0.619385109241122,0.3797087763809822,0.7234707785856898,6.8,2.56,12.028621362394688,0.0,0.0,early,81920,0.0,ok,33.15757425120736,34.0,0.0,0.0,40.631514850241466,33.83151485024147,0.282507180697138,-0.282507180697138
0.0,3.9688317879369475,3.6288123439433986,experiment-evaluation-004,known,0.31660203998195247,-0.31660203998195247,27.2,-0.05235408544833525,-0.10408566934456775,81920,0.0,2,0.85,3.652229747954995,33.836090120780426,0.0,0.008525135512895096,40.303253092105024,33.50325309210503,0.85,8,0.32735469093264696,0.619385109241122,0.3797087763809822,0.7234707785856898,6.8,2.56,12.028621362394688,0.0,0.0,early,81920,0.0,ok,33.15757425120736,34.0,0.0,0.0,40.631514850241466,33.83151485024147,0.004575270538957454,0.004575270538957454
0.0,3.976932373597631,3.6288123439433986,experiment-evaluation-004,frozen,0.3246351298254839,-0.3246351298254839,27.2,-0.02561502525578707,-0.05078391751194056,81920,0.0,2,0.85,3.6522972437721473,33.68614926503338,0.0,0.09676359155660681,40.303076742350456,33.50307674235046,0.85,8,0.35409375112519514,0.6726868610737492,0.3797087763809822,0.7234707785856898,6.8,2.56,11.944240261762564,0.0,0.0,late,81920,0.0,ok,33.134722228701406,34.0,0.0,0.0,40.62694444574028,33.82694444574028,0.14079518070690256,-0.14079518070690256
0.0,3.976932373597631,3.6288123439433986,experiment-evaluation-004,updated,0.3646490405069813,-0.3646490405069813,27.2,-0.02561502525578707,-0.05078391751194056,81920,0.0,2,0.85,3.61228333309065,33.58032178992399,0.0,0.20531921296225164,40.303076742350456,33.50307674235046,0.85,8,0.35409375112519514,0.6726868610737492,0.3797087763809822,0.7234707785856898,6.8,2.56,11.944240261762564,0.0,0.0,late,81920,0.0,ok,33.134722228701406,34.0,0.0,0.0,40.62694444574028,33.82694444574028,0.24662265581628873,-0.24662265581628873
0.0,3.976932373597631,3.6288123439433986,experiment-evaluation-004,known,0.3166020399819529,-0.3166020399819529,27.2,-0.02561502525578707,-0.05078391751194056,81920,0.0,2,0.85,3.6603303336156783,33.831519686405656,0.0,0.008525105639319483,40.303076742350456,33.50307674235046,0.85,8,0.35409375112519514,0.6726868610737492,0.3797087763809822,0.7234707785856898,6.8,2.56,11.944240261762564,0.0,0.0,late,81920,0.0,ok,33.134722228701406,34.0,0.0,0.0,40.62694444574028,33.82694444574028,0.004575240665374736,0.004575240665374736
0.0,3.9728820807672895,3.6288123439433986,experiment-evaluation-004,frozen,0.3281449658025517,-0.3281449658025517,27.2,-0.035236504424649095,-0.07003558275319266,81920,0.0,2,0.85,3.644737114964738,33.68310262182163,0.0,0.10216480631593565,40.30316491722775,33.50316491722775,0.85,8,0.3444722719563331,0.6534351958324971,0.3797087763809822,0.7234707785856898,6.8,2.56,11.986430812078627,0.0,0.0,split,81920,0.0,ok,33.14614823995438,34.0,0.0,0.0,40.62922964799087,33.82922964799087,0.14612702616923912,-0.14612702616923912
0.0,3.9728820807672895,3.6288123439433986,experiment-evaluation-004,updated,0.37119855609752195,-0.37119855609752195,27.2,-0.035236504424649095,-0.07003558275319266,81920,0.0,2,0.85,3.6016835246697676,33.57324902693578,0.0,0.21722624602167429,40.30316491722775,33.50316491722775,0.85,8,0.3444722719563331,0.6534351958324971,0.3797087763809822,0.7234707785856898,6.8,2.56,11.986430812078627,0.0,0.0,split,81920,0.0,ok,33.14614823995438,34.0,0.0,0.0,40.62922964799087,33.82922964799087,0.25598062105509456,-0.25598062105509456
0.0,3.9728820807672895,3.6288123439433986,experiment-evaluation-004,known,0.3166020399819529,-0.3166020399819529,27.2,-0.035236504424649095,-0.07003558275319266,81920,0.0,2,0.85,3.6562800407853366,33.83380492859304,0.0,0.008525145576105805,40.30316491722775,33.50316491722775,0.85,8,0.3444722719563331,0.6534351958324971,0.3797087763809822,0.7234707785856898,6.8,2.56,11.986430812078627,0.0,0.0,split,81920,0.0,ok,33.14614823995438,34.0,0.0,0.0,40.62922964799087,33.82922964799087,0.004575280602168164,0.004575280602168164
0.0,3.9231627042114967,0.0,experiment-evaluation-004,frozen,0.3712299633330054,-0.3712299633330054,27.2,-0.020832194881498345,-0.0408720386426783,81920,0.0,2,0.85,3.5519327408784913,33.70052947313754,0.0,0.16846791506488992,40.29936187971009,33.499361879710094,0.85,8,0.35887658149948387,0.6825987399430115,0.3797087763809822,0.7234707785856898,6.8,2.56,11.871269963606256,0.0,0.0,redistribute,81920,0.0,ok,33.5605403256605,34.0,0.0,0.0,40.7121080651321,33.9121080651321,0.21157859199455942,-0.21157859199455942
0.0,3.9231627042114967,0.0,experiment-evaluation-004,updated,0.4043662302402158,-0.4043662302402158,27.2,-0.020832194881498345,-0.0408720386426783,81920,0.0,2,0.85,3.518796473971281,33.610117535369625,0.0,0.26156926566745636,40.29936187971009,33.499361879710094,0.85,8,0.35887658149948387,0.6825987399430115,0.3797087763809822,0.7234707785856898,6.8,2.56,11.871269963606256,0.0,0.0,redistribute,81920,0.0,ok,33.5605403256605,34.0,0.0,0.0,40.7121080651321,33.9121080651321,0.3019905297624774,-0.3019905297624774
0.0,3.9231627042114967,0.0,experiment-evaluation-004,known,0.31660203998195247,-0.31660203998195247,27.2,-0.020832194881498345,-0.0408720386426783,81920,0.0,2,0.85,3.6065606642295442,33.916683348231565,0.0,0.008525148073410094,40.29936187971009,33.499361879710094,0.85,8,0.35887658149948387,0.6825987399430115,0.3797087763809822,0.7234707785856898,6.8,2.56,11.871269963606256,0.0,0.0,redistribute,81920,0.0,ok,33.5605403256605,34.0,0.0,0.0,40.7121080651321,33.9121080651321,0.004575283099462979,0.004575283099462979
0.0,4.923903968307155,4.591232813240214,experiment-evaluation-005,frozen,0.2999342153064086,-0.2999342153064086,27.2,-0.09039901405378589,-0.1808189599349418,81920,0.0,0,0.85,4.623969753000746,35.41099410231777,0.0,0.6103897160494469,41.85826619112872,35.05826619112872,0.85,8,0.1622095887866107,0.29924857163554613,0.2526086028403966,0.4800675315704879,6.8,2.56,15.541705968288342,0.0,0.0,early,81920,0.0,ok,38.13332412160222,34.0,0.0,0.0,41.62666482432044,34.826664824320446,0.5843292779973268,0.5843292779973268
0.0,4.923903968307155,4.591232813240214,experiment-evaluation-005,updated,0.4832267935685719,-0.4832267935685719,27.2,-0.09039901405378589,-0.1808189599349418,81920,0.0,0,0.85,4.440677174738583,35.162579345124094,0.0,0.32846938925986063,41.85826619112872,35.05826619112872,0.85,8,0.1622095887866107,0.29924857163554613,0.2526086028403966,0.4800675315704879,6.8,2.56,15.541705968288342,0.0,0.0,early,81920,0.0,ok,38.13332412160222,34.0,0.0,0.0,41.62666482432044,34.826664824320446,0.33591452080364803,0.33591452080364803
0.0,4.923903968307155,4.591232813240214,experiment-evaluation-005,known,0.5353926846914625,-0.5353926846914625,27.2,-0.09039901405378589,-0.1808189599349418,81920,0.0,0,0.85,4.388511283615692,34.95060111622741,0.0,0.12686119429516177,41.85826619112872,35.05826619112872,0.85,8,0.1622095887866107,0.29924857163554613,0.2526086028403966,0.4800675315704879,6.8,2.56,15.541705968288342,0.0,0.0,early,81920,0.0,ok,38.13332412160222,34.0,0.0,0.0,41.62666482432044,34.826664824320446,0.12393629190696487,0.12393629190696487
0.0,4.939891708323684,4.591232813240214,experiment-evaluation-005,frozen,0.2957405157492916,-0.2957405157492916,27.2,-0.0917079507197257,-0.18341628885081246,81920,0.0,0,0.85,4.644151192574393,35.40834451517759,0.0,0.6168968416797446,41.85719075438787,35.057190754387875,0.85,8,0.1609006521206709,0.29665124271967547,0.2526086028403966,0.4800675315704879,6.8,2.56,15.375167009782817,0.0,0.0,late,81920,0.0,ok,38.08822217342453,34.0,0.0,0.0,41.617644434684905,34.81764443468491,0.590700080492681,0.590700080492681
0.0,4.939891708323684,4.591232813240214,experiment-evaluation-005,updated,0.48956071265079526,-0.48956071265079526,27.2,-0.0917079507197257,-0.18341628885081246,81920,0.0,0,0.85,4.450330995672889,35.14693321189408,0.0,0.320636008934675,41.85719075438787,35.057190754387875,0.85,8,0.1609006521206709,0.29665124271967547,0.2526086028403966,0.4800675315704879,6.8,2.56,15.375167009782817,0.0,0.0,late,81920,0.0,ok,38.08822217342453,34.0,0.0,0.0,41.617644434684905,34.81764443468491,0.3292887772091717,0.3292887772091717
0.0,4.939891708323684,4.591232813240214,experiment-evaluation-005,known,0.5353926846914616,-0.5353926846914616,27.2,-0.0917079507197257,-0.18341628885081246,81920,0.0,0,0.85,4.404499023632223,34.94158076829297,0.0,0.12686123599625887,41.85719075438787,35.057190754387875,0.85,8,0.1609006521206709,0.29665124271967547,0.2526086028403966,0.4800675315704879,6.8,2.56,15.375167009782817,0.0,0.0,late,81920,0.0,ok,38.08822217342453,34.0,0.0,0.0,41.617644434684905,34.81764443468491,0.12393633360806433,0.12393633360806433
0.0,4.931897838315419,4.591232813240214,experiment-evaluation-005,frozen,0.29783736552784923,-0.29783736552784923,27.2,-0.09078131885590413,-0.18156702414532722,81920,0.0,0,0.85,4.63406047278757,35.40966933374768,0.0,0.6136433038645942,41.857728472758296,35.0577284727583,0.85,8,0.16182728398449248,0.2985005074251607,0.2526086028403966,0.4800675315704879,6.8,2.56,15.458436489035579,0.0,0.0,split,81920,0.0,ok,38.11077314751337,34.0,0.0,0.0,41.622154629502674,34.82215462950268,0.5875147042450024,0.5875147042450024
0.0,4.931897838315419,4.591232813240214,experiment-evaluation-005,updated,0.48723590565421393,-0.48723590565421393,27.2,-0.09078131885590413,-0.18156702414532722,81920,0.0,0,0.85,4.444661932661205,35.15166907567053,0.0,0.32182579116848586,41.857728472758296,35.0577284727583,0.85,8,0.16182728398449248,0.2985005074251607,0.2526086028403966,0.4800675315704879,6.8,2.56,15.458436489035579,0.0,0.0,split,81920,0.0,ok,38.11077314751337,34.0,0.0,0.0,41.622154629502674,34.82215462950268,0.3295144461678561,0.3295144461678561
0.0,4.931897838315419,4.591232813240214,experiment-evaluation-005,known,0.5353926846914616,-0.5353926846914616,27.2,-0.09078131885590413,-0.18156702414532722,81920,0.0,0,0.85,4.396505153623957,34.94609096726019,0.0,0.12686124014570765,41.857728472758296,35.0577284727583,0.85,8,0.16182728398449248,0.2985005074251607,0.2526086028403966,0.4800675315704879,6.8,2.56,15.458436489035579,0.0,0.0,split,81920,0.0,ok,38.11077314751337,34.0,0.0,0.0,41.622154629502674,34.82215462950268,0.12393633775751312,0.12393633775751312
0.0,4.833769073377344,0.0,experiment-evaluation-005,frozen,0.3235772485654591,-0.3235772485654591,27.2,-0.0917079507197257,-0.18341628885081246,81920,0.0,0,0.85,4.510191824811885,35.40560131847647,0.0,0.5737044493616162,41.83453634366548,35.03453634366548,0.85,8,0.1609006521206709,0.29665124271967547,0.2526086028403966,0.4800675315704879,6.8,2.56,15.231149008527181,0.0,0.0,redistribute,81920,0.0,ok,38.28594375648272,34.0,0.0,0.0,41.657188751296545,34.85718875129655,0.5484125671799234,0.5484125671799234
0.0,4.833769073377344,0.0,experiment-evaluation-005,updated,0.4757778512333761,-0.4757778512333761,27.2,-0.0917079507197257,-0.18341628885081246,81920,0.0,0,0.85,4.357991222143968,35.20741545030211,0.0,0.3415946768623452,41.83453634366548,35.03453634366548,0.85,8,0.1609006521206709,0.29665124271967547,0.2526086028403966,0.4800675315704879,6.8,2.56,15.231149008527181,0.0,0.0,redistribute,81920,0.0,ok,38.28594375648272,34.0,0.0,0.0,41.657188751296545,34.85718875129655,0.35022669900556025,0.35022669900556025
0.0,4.833769073377344,0.0,experiment-evaluation-005,known,0.5353926846914616,-0.5353926846914616,27.2,-0.0917079507197257,-0.18341628885081246,81920,0.0,0,0.85,4.298376388685883,34.98112509449373,0.0,0.1268612455853765,41.83453634366548,35.03453634366548,0.85,8,0.1609006521206709,0.29665124271967547,0.2526086028403966,0.4800675315704879,6.8,2.56,15.231149008527181,0.0,0.0,redistribute,81920,0.0,ok,38.28594375648272,34.0,0.0,0.0,41.657188751296545,34.85718875129655,0.12393634319717961,0.12393634319717961
0.0,3.4325931476610148,4.379076984021279,experiment-evaluation-005,frozen,0.6403370620628603,0.6403370620628603,27.2,-0.008439571179779393,-0.01688225326620707,81920,0.0,1,0.85,4.072930209723875,35.37081394814585,0.0,0.20011097254415233,41.67734281186051,34.877342811860515,0.85,8,0.2387840312959834,0.4518833866804275,0.2472236024757628,0.46876563994663456,6.8,2.56,13.547781481677966,0.0,0.0,early,81920,0.0,ok,39.93864499803807,34.0,0.0,0.0,41.98772899960761,35.187728999607614,0.1830849485382373,0.1830849485382373
0.0,3.4325931476610148,4.379076984021279,experiment-evaluation-005,updated,0.5999693273953834,0.5999693273953834,27.2,-0.008439571179779393,-0.01688225326620707,81920,0.0,1,0.85,4.032562475056398,35.273869444901365,0.0,0.10074708303761071,41.67734281186051,34.877342811860515,0.85,8,0.2387840312959834,0.4518833866804275,0.2472236024757628,0.46876563994663456,6.8,2.56,13.547781481677966,0.0,0.0,early,81920,0.0,ok,39.93864499803807,34.0,0.0,0.0,41.98772899960761,35.187728999607614,0.08614044529375064,0.08614044529375064
0.0,3.4325931476610148,4.379076984021279,experiment-evaluation-005,known,0.5613732311829365,0.5613732311829365,27.2,-0.008439571179779393,-0.01688225326620707,81920,0.0,1,0.85,3.9939663788439512,35.21316104092746,0.0,0.022365204675449963,41.67734281186051,34.877342811860515,0.85,8,0.2387840312959834,0.4518833866804275,0.2472236024757628,0.46876563994663456,6.8,2.56,13.547781481677966,0.0,0.0,early,81920,0.0,ok,39.93864499803807,34.0,0.0,0.0,41.98772899960761,35.187728999607614,0.025432041319845666,0.025432041319845666
0.0,3.447842111758632,4.379076984021279,experiment-evaluation-005,frozen,0.6441395479414727,0.6441395479414727,27.2,-0.06793602313882763,-0.1358672319461059,81920,0.0,1,0.85,4.091981659700105,35.367986863684585,0.0,0.20603475871040663,41.67631706987113,34.876317069871135,0.85,8,0.17928757933693518,0.33289840800052867,0.2472236024757628,0.46876563994663456,6.8,2.56,13.388938105661115,0.0,0.0,late,81920,0.0,ok,39.89562716138428,34.0,0.0,0.0,41.97912543227685,35.179125432276855,0.18886143140773015,0.18886143140773015
0.0,3.447842111758632,4.379076984021279,experiment-evaluation-005,updated,0.5954369219010855,0.5954369219010855,27.2,-0.06793602313882763,-0.1358672319461059,81920,0.0,1,0.85,4.043279033659718,35.288245657520434,0.0,0.09750518515261793,41.67631706987113,34.876317069871135,0.85,8,0.17928757933693518,0.33289840800052867,0.2472236024757628,0.46876563994663456,6.8,2.56,13.388938105661115,0.0,0.0,late,81920,0.0,ok,39.89562716138428,34.0,0.0,0.0,41.97912543227685,35.179125432276855,0.10912022524357923,0.10912022524357923
0.0,3.447842111758632,4.379076984021279,experiment-evaluation-005,known,0.5613732311829356,0.5613732311829356,27.2,-0.06793602313882763,-0.1358672319461059,81920,0.0,1,0.85,4.009215342941568,35.20455749880007,0.0,0.022365229878815285,41.67631706987113,34.876317069871135,0.85,8,0.17928757933693518,0.33289840800052867,0.2472236024757628,0.46876563994663456,6.8,2.56,13.388938105661115,0.0,0.0,late,81920,0.0,ok,39.89562716138428,34.0,0.0,0.0,41.97912543227685,35.179125432276855,0.025432066523215724,0.025432066523215724
0.0,3.4402176297098235,4.379076984021279,experiment-evaluation-005,frozen,0.6422383050021665,0.6422383050021665,27.2,-0.0497934723809102,-0.0995802629988361,81920,0.0,1,0.85,4.08245593471199,35.369400380915216,0.0,0.2030728406272786,41.67682994086582,34.876829940865825,0.85,8,0.1974301300948526,0.36918537694779846,0.2472236024757628,0.46876563994663456,6.8,2.56,13.46835979366954,0.0,0.0,split,81920,0.0,ok,39.91713607971117,34.0,0.0,0.0,41.98342721594223,35.18342721594223,0.18597316497298522,0.18597316497298522
0.0,3.4402176297098235,4.379076984021279,experiment-evaluation-005,updated,0.603472466107565,0.603472466107565,27.2,-0.0497934723809102,-0.0995802629988361,81920,0.0,1,0.85,4.0436900958173885,35.28891085937451,0.0,0.10850424414091246,41.67682994086582,34.876829940865825,0.85,8,0.1974301300948526,0.36918537694779846,0.2472236024757628,0.46876563994663456,6.8,2.56,13.46835979366954,0.0,0.0,split,81920,0.0,ok,39.91713607971117,34.0,0.0,0.0,41.98342721594223,35.18342721594223,0.10548364343227945,0.10548364343227945
0.0,3.4402176297098235,4.379076984021279,experiment-evaluation-005,known,0.5613732311829365,0.5613732311829365,27.2,-0.0497934723809102,-0.0995802629988361,81920,0.0,1,0.85,4.00159086089276,35.20885924486376,0.0,0.022365192277128187,41.67682994086582,34.876829940865825,0.85,8,0.1974301300948526,0.36918537694779846,0.2472236024757628,0.46876563994663456,6.8,2.56,13.46835979366954,0.0,0.0,split,81920,0.0,ok,39.91713607971117,34.0,0.0,0.0,41.98342721594223,35.18342721594223,0.025432028921528627,0.025432028921528627
0.0,3.346623287298881,0.0,experiment-evaluation-005,frozen,0.6188995940538495,0.6188995940538495,27.2,0.002611133031105023,0.0052402554730670015,81920,0.0,1,0.85,3.9655228813527303,35.3673612123172,0.0,0.1667143276165343,41.654709494604,34.854709494604,0.85,8,0.24983473550686783,0.47400589541970156,0.2472236024757628,0.46876563994663456,6.8,2.56,13.251575018177382,0.0,0.0,redistribute,81920,0.0,ok,40.084212247097526,34.0,0.0,0.0,42.0168424494195,35.2168424494195,0.15051876289769694,0.15051876289769694
0.0,3.346623287298881,0.0,experiment-evaluation-005,updated,0.6016659129944331,0.6016659129944331,27.2,0.002611133031105023,0.0052402554730670015,81920,0.0,1,0.85,3.948289200293314,35.327242020778726,0.0,0.12371453703247919,41.654709494604,34.854709494604,0.85,8,0.24983473550686783,0.47400589541970156,0.2472236024757628,0.46876563994663456,6.8,2.56,13.251575018177382,0.0,0.0,redistribute,81920,0.0,ok,40.084212247097526,34.0,0.0,0.0,42.0168424494195,35.2168424494195,0.11039957135922407,0.11039957135922407
0.0,3.346623287298881,0.0,experiment-evaluation-005,known,0.5613732311829369,0.5613732311829369,27.2,0.002611133031105023,0.0052402554730670015,81920,0.0,1,0.85,3.9079965184818177,35.242274534238405,0.0,0.022365248174502028,41.654709494604,34.854709494604,0.85,8,0.24983473550686783,0.47400589541970156,0.2472236024757628,0.46876563994663456,6.8,2.56,13.251575018177382,0.0,0.0,redistribute,81920,0.0,ok,40.084212247097526,34.0,0.0,0.0,42.0168424494195,35.2168424494195,0.025432084818902467,0.025432084818902467
0.0,4.161948152851063,3.7855929112739983,experiment-evaluation-005,frozen,0.010687913550685657,-0.010687913550685657,27.2,-0.010653194844365443,-0.021324517342974247,81920,0.0,2,0.85,4.1512602393003775,34.93224419563421,0.0,0.11856523572826443,41.85658148734232,35.05658148734232,0.85,8,0.1954632737899453,0.3653115869671708,0.20611646863431074,0.38663610431014506,6.8,2.56,13.236311375894553,0.0,0.0,early,81920,0.0,ok,38.13531226318903,34.0,0.0,0.0,41.6270624526378,34.827062452637804,0.10518174299640748,0.10518174299640748
0.0,4.161948152851063,3.7855929112739983,experiment-evaluation-005,updated,0.0682793242902413,-0.0682793242902413,27.2,-0.010653194844365443,-0.021324517342974247,81920,0.0,2,0.85,4.093668828560822,34.76003668076227,0.0,0.04938574589604391,41.85658148734232,35.05658148734232,0.85,8,0.1954632737899453,0.3653115869671708,0.20611646863431074,0.38663610431014506,6.8,2.56,13.236311375894553,0.0,0.0,early,81920,0.0,ok,38.13531226318903,34.0,0.0,0.0,41.6270624526378,34.827062452637804,0.06702577187553516,-0.06702577187553516
0.0,4.161948152851063,3.7855929112739983,experiment-evaluation-005,known,0.044178121426839745,-0.044178121426839745,27.2,-0.010653194844365443,-0.021324517342974247,81920,0.0,2,0.85,4.117770031424223,34.89439400302405,0.0,0.06757289976691776,41.85658148734232,35.05658148734232,0.85,8,0.1954632737899453,0.3653115869671708,0.20611646863431074,0.38663610431014506,6.8,2.56,13.236311375894553,0.0,0.0,early,81920,0.0,ok,38.13531226318903,34.0,0.0,0.0,41.6270624526378,34.827062452637804,0.06733155038624261,0.06733155038624261
0.0,4.175130467435357,3.7855929112739983,experiment-evaluation-005,frozen,0.008601981185323737,-0.008601981185323737,27.2,-0.017216252252534064,-0.0344396940737316,81920,0.0,2,0.85,4.166528486250034,34.92797544660141,0.0,0.12182993066282914,41.85569476129983,35.05569476129983,0.85,8,0.18890021638177668,0.35219641023641346,0.20611646863431074,0.38663610431014506,6.8,2.56,13.098995598974819,0.0,0.0,late,81920,0.0,ok,38.098124513786786,34.0,0.0,0.0,41.61962490275735,34.819624902757354,0.10835054384405396,0.10835054384405396
0.0,4.175130467435357,3.7855929112739983,experiment-evaluation-005,updated,0.06563655289127723,-0.06563655289127723,27.2,-0.017216252252534064,-0.0344396940737316,81920,0.0,2,0.85,4.10949391454408,34.78069326889178,0.0,0.027261714264471475,41.85569476129983,35.05569476129983,0.85,8,0.18890021638177668,0.35219641023641346,0.20611646863431074,0.38663610431014506,6.8,2.56,13.098995598974819,0.0,0.0,late,81920,0.0,ok,38.098124513786786,34.0,0.0,0.0,41.61962490275735,34.819624902757354,0.03893163386557319,-0.03893163386557319
0.0,4.175130467435357,3.7855929112739983,experiment-evaluation-005,known,0.04417812142683886,-0.04417812142683886,27.2,-0.017216252252534064,-0.0344396940737316,81920,0.0,2,0.85,4.1309523460085185,34.88695645852755,0.0,0.0675729051508706,41.85569476129983,35.05569476129983,0.85,8,0.18890021638177668,0.35219641023641346,0.20611646863431074,0.38663610431014506,6.8,2.56,13.098995598974819,0.0,0.0,late,81920,0.0,ok,38.098124513786786,34.0,0.0,0.0,41.61962490275735,34.819624902757354,0.06733155577019545,0.06733155577019545
0.0,4.168539310143211,3.7855929112739983,experiment-evaluation-005,frozen,0.009644947368005141,-0.009644947368005141,27.2,-0.01622719976278164,-0.03247675023038876,81920,0.0,2,0.85,4.1588943627752055,34.93010984611781,0.0,0.12019760819554648,41.85613812432108,35.05613812432108,0.85,8,0.1898892688715291,0.3541593540797563,0.20611646863431074,0.38663610431014506,6.8,2.56,13.167653487434686,0.0,0.0,split,81920,0.0,ok,38.11671838848791,34.0,0.0,0.0,41.62334367769758,34.82334367769758,0.10676616842022923,0.10676616842022923
0.0,4.168539310143211,3.7855929112739983,experiment-evaluation-005,updated,0.06241102953140487,-0.06241102953140487,27.2,-0.01622719976278164,-0.03247675023038876,81920,0.0,2,0.85,4.106128280611806,34.78664715152091,0.0,0.022716983687615766,41.85613812432108,35.05613812432108,0.85,8,0.1898892688715291,0.3541593540797563,0.20611646863431074,0.38663610431014506,6.8,2.56,13.167653487434686,0.0,0.0,split,81920,0.0,ok,38.11671838848791,34.0,0.0,0.0,41.62334367769758,34.82334367769758,0.03669652617666941,-0.03669652617666941
0.0,4.168539310143211,3.7855929112739983,experiment-evaluation-005,known,0.04417812142684063,-0.04417812142684063,27.2,-0.01622719976278164,-0.03247675023038876,81920,0.0,2,0.85,4.12436118871637,34.890675255775804,0.0,0.06757292745889505,41.85613812432108,35.05613812432108,0.85,8,0.1898892688715291,0.3541593540797563,0.20611646863431074,0.38663610431014506,6.8,2.56,13.167653487434686,0.0,0.0,split,81920,0.0,ok,38.11671838848791,34.0,0.0,0.0,41.62334367769758,34.82334367769758,0.06733157807822465,0.06733157807822465
0.0,4.087629547547337,0.0,experiment-evaluation-005,frozen,0.0224478805246342,-0.0224478805246342,27.2,0.025141144290485695,0.05027128130838837,81920,0.0,2,0.85,4.065181667022703,34.93954709177618,0.0,0.10015971962617698,41.83701560035802,35.037015600358025,0.85,8,0.23125761292479644,0.43690738561853343,0.20611646863431074,0.38663610431014506,6.8,2.56,12.980248947078413,0.0,0.0,redistribute,81920,0.0,ok,38.26115118955728,34.0,0.0,0.0,41.65223023791145,34.852230237911456,0.08731685386472066,0.08731685386472066
1.0,4.087629547547337,0.0,experiment-evaluation-005,updated,0.07172237233398349,-0.07172237233398349,27.2,0.025141144290485695,0.05027128130838837,81920,0.0,2,0.85,4.0159071752133535,34.778537873427425,4.087629547547337,0.056296092569127154,41.85605778661633,35.056057786616336,0.85,8,0.23125761292479644,0.43690738561853343,0.20611646863431074,0.38663610431014506,6.8,2.56,12.980248947078413,0.0,0.04466223677513881,redistribute,81920,0.0,ok,38.037840005681595,34.0,0.0,0.0,41.607568001136315,34.80756800113632,0.029030127708892906,-0.029030127708892906
0.0,4.087629547547337,0.0,experiment-evaluation-005,known,0.044178121426839745,-0.044178121426839745,27.2,0.025141144290485695,0.05027128130838837,81920,0.0,2,0.85,4.043451426120497,34.919561778497226,0.0,0.0675728899664468,41.83701560035802,35.037015600358025,0.85,8,0.23125761292479644,0.43690738561853343,0.20611646863431074,0.38663610431014506,6.8,2.56,12.980248947078413,0.0,0.0,redistribute,81920,0.0,ok,38.26115118955728,34.0,0.0,0.0,41.65223023791145,34.852230237911456,0.06733154058576929,0.06733154058576929
0.0,3.0346924160651496,2.874160109382842,experiment-evaluation-006,frozen,0.05151080743410441,-0.05151080743410441,27.2,0.019282091104495358,0.028501569499133628,81920,0.0,0,0.85,2.983181608631045,31.05420311451403,0.0,0.08740683972808465,38.159850614176236,31.35985061417624,0.85,8,0.20604443382885157,0.3613908869986677,0.1867623427243562,0.3328893174995341,6.8,2.56,9.612755635851018,0.0,0.025626774905859406,early,81920,0.0,ok,19.62623850195353,34.0,0.0,0.0,37.925247700390706,31.125247700390705,0.07104458587667395,-0.07104458587667395
0.0,3.0346924160651496,2.874160109382842,experiment-evaluation-006,updated,0.17557015397829678,-0.17557015397829678,27.2,0.019282091104495358,0.028501569499133628,81920,0.0,0,0.85,2.859122262086853,30.72472039229426,0.0,0.42142481312326413,38.159850614176236,31.35985061417624,0.85,8,0.20604443382885157,0.3613908869986677,0.1867623427243562,0.3328893174995341,6.8,2.56,9.612755635851018,0.0,0.025626774905859406,early,81920,0.0,ok,19.62623850195353,34.0,0.0,0.0,37.925247700390706,31.125247700390705,0.40052730809644643,-0.40052730809644643
1.0,3.0346924160651496,2.874160109382842,experiment-evaluation-006,known,0.05241062152447862,-0.05241062152447862,27.2,0.019282091104495358,0.028501569499133628,81920,0.0,0,0.85,2.982281794540671,31.11905678869327,3.0346924160651496,0.03159639313819914,38.1648049324533,31.364804932453303,0.85,8,0.20604443382885157,0.3613908869986677,0.1867623427243562,0.3328893174995341,6.8,2.56,9.612755635851018,0.0,0.0,early,81920,0.0,ok,19.75437237648282,34.0,0.0,0.0,37.950874475296565,31.150874475296565,0.03181768660329354,-0.03181768660329354
0.0,3.0496626101465822,2.874160109382842,experiment-evaluation-006,frozen,0.05433526138731759,-0.05433526138731759,27.2,0.02335583275781855,0.0361069673469796,81920,0.0,0,0.85,2.9953273487592647,31.04146613212796,0.0,0.0917236654932978,38.15961468021672,31.359614680216723,0.85,8,0.21011817548217476,0.3689962848465137,0.1867623427243562,0.3328893174995341,6.8,2.56,9.456816114169424,0.0,0.025753192262687463,late,81920,0.0,ok,19.584007084819355,34.0,0.0,0.0,37.91680141696387,31.11680141696387,0.07533528483590857,-0.07533528483590857
0.0,3.0496626101465822,2.874160109382842,experiment-evaluation-006,updated,0.17837568887529498,-0.17837568887529498,27.2,0.02335583275781855,0.0361069673469796,81920,0.0,0,0.85,2.8712869212712873,30.711674495384564,0.0,0.4253683930868822,38.15961468021672,31.359614680216723,0.85,8,0.21011817548217476,0.3689962848465137,0.1867623427243562,0.3328893174995341,6.8,2.56,9.456816114169424,0.0,0.025753192262687463,late,81920,0.0,ok,19.584007084819355,34.0,0.0,0.0,37.91680141696387,31.11680141696387,0.4051269215793063,-0.4051269215793063
1.0,3.0496626101465822,2.874160109382842,experiment-evaluation-006,known,0.05241062152447862,-0.05241062152447862,27.2,0.02335583275781855,0.0361069673469796,81920,0.0,0,0.85,2.9972519886221036,31.110736926959582,3.0496626101465822,0.03159638880187998,38.164593438237915,31.364593438237918,0.85,8,0.21011817548217476,0.3689962848465137,0.1867623427243562,0.3328893174995341,6.8,2.56,9.456816114169424,0.0,0.0,late,81920,0.0,ok,19.71277304613278,34.0,0.0,0.0,37.942554609226555,31.142554609226558,0.03181768226697557,-0.03181768226697557
0.0,3.042177513105866,2.874160109382842,experiment-evaluation-006,frozen,0.052923034410711,-0.052923034410711,27.2,0.022529853174832692,0.0342679727149916,81920,0.0,0,0.85,2.989254478695155,31.047834623321,0.0,0.08956525261069004,38.15973264719648,31.35973264719648,0.85,8,0.2092921958991889,0.3671572902145257,0.1867623427243562,0.3328893174995341,6.8,2.56,9.534785875010222,0.0,0.025689983584268106,split,81920,0.0,ok,19.60512279338645,34.0,0.0,0.0,37.92102455867729,31.12102455867729,0.07318993535629303,-0.07318993535629303
0.0,3.042177513105866,2.874160109382842,experiment-evaluation-006,updated,0.1753561064088558,-0.1753561064088558,27.2,0.022529853174832692,0.0342679727149916,81920,0.0,0,0.85,2.86682140669701,30.719210904578166,0.0,0.4216491806041323,38.15973264719648,31.35973264719648,0.85,8,0.2092921958991889,0.3671572902145257,0.1867623427243562,0.3328893174995341,6.8,2.56,9.534785875010222,0.0,0.025689983584268106,split,81920,0.0,ok,19.60512279338645,34.0,0.0,0.0,37.92102455867729,31.12102455867729,0.4018136540991257,-0.4018136540991257
1.0,3.042177513105866,2.874160109382842,experiment-evaluation-006,known,0.05241062152447862,-0.05241062152447862,27.2,0.022529853174832692,0.0342679727149916,81920,0.0,0,0.85,2.9897668915813873,31.114896857826427,3.042177513105866,0.03159639097003956,38.16469918534561,31.364699185345614,0.85,8,0.2092921958991889,0.3671572902145257,0.1867623427243562,0.3328893174995341,6.8,2.56,9.534785875010222,0.0,0.0,split,81920,0.0,ok,19.733572711307794,34.0,0.0,0.0,37.94671454226156,31.14671454226156,0.031817684435132776,-0.031817684435132776
0.0,2.9502941915997978,0.0,experiment-evaluation-006,frozen,0.03558723974763067,-0.03558723974763067,27.2,0.019716459959204236,0.029528346974799113,81920,0.0,0,0.85,2.914706951852167,31.035731137981216,0.0,0.06306964436593532,38.1546446576954,31.354644657695403,0.85,8,0.20647880268356045,0.3624176644743332,0.1867623427243562,0.3328893174995341,6.8,2.56,9.321964194649357,0.0,0.024914065344461278,redistribute,81920,0.0,ok,19.412929124592242,34.0,0.0,0.0,37.88258582491844,31.082585824918446,0.04685468693723038,-0.04685468693723038
0.0,2.9502941915997978,0.0,experiment-evaluation-006,updated,0.15723624377885415,-0.15723624377885415,27.2,0.019716459959204236,0.029528346974799113,81920,0.0,0,0.85,2.7930579478209436,30.70533856118282,0.0,0.39497160809602033,38.1546446576954,31.354644657695403,0.85,8,0.20647880268356045,0.3624176644743332,0.1867623427243562,0.3328893174995341,6.8,2.56,9.321964194649357,0.0,0.024914065344461278,redistribute,81920,0.0,ok,19.412929124592242,34.0,0.0,0.0,37.88258582491844,31.082585824918446,0.3772472637356259,-0.3772472637356259
1.0,2.9502941915997978,0.0,experiment-evaluation-006,known,0.05241062152447906,-0.05241062152447906,27.2,0.019716459959204236,0.029528346974799113,81920,0.0,0,0.85,2.8978835700753187,31.07568218643081,2.9502941915997978,0.031596410367007145,38.15946119078415,31.359461190784153,0.85,8,0.20647880268356045,0.3624176644743332,0.1867623427243562,0.3328893174995341,6.8,2.56,9.321964194649357,0.0,0.0,redistribute,81920,0.0,ok,19.53749945131455,34.0,0.0,0.0,37.907499890262905,31.107499890262908,0.03181770383209681,-0.03181770383209681
0.0,3.5103521621850615,2.9858674187961602,experiment-evaluation-006,frozen,0.3240383389878301,-0.3240383389878301,27.2,0.05552956463539238,0.10672187022433088,81920,0.0,1,0.85,3.1863138231972314,31.4483867429624,0.0,0.2653709925248826,38.14731572150899,31.34731572150899,0.85,8,0.2429364569160302,0.4435410837652039,0.1874068922806378,0.336819213540873,6.8,2.56,10.781912280020137,0.0,0.02964353297368305,early,81920,0.0,ok,19.76190127663847,34.0,0.0,0.0,37.95238025532769,31.152380255327692,0.29600648763470616,0.29600648763470616
0.0,3.5103521621850615,2.9858674187961602,experiment-evaluation-006,updated,0.365958856529891,-0.365958856529891,27.2,0.05552956463539238,0.10672187022433088,81920,0.0,1,0.85,3.1443933056551705,31.369598117795753,0.0,0.17782817082207694,38.14731572150899,31.34731572150899,0.85,8,0.2429364569160302,0.4435410837652039,0.1874068922806378,0.336819213540873,6.8,2.56,10.781912280020137,0.0,0.02964353297368305,early,81920,0.0,ok,19.76190127663847,34.0,0.0,0.0,37.95238025532769,31.152380255327692,0.21721786246806118,0.21721786246806118
1.0,3.5103521621850615,2.9858674187961602,experiment-evaluation-006,known,0.3426327839541372,-0.3426327839541372,27.2,0.05552956463539238,0.10672187022433088,81920,0.0,1,0.85,3.1677193782309243,31.360714395477018,3.5103521621850615,0.18013730621889698,38.1530465829907,31.353046582990697,0.85,8,0.2429364569160302,0.4435410837652039,0.1874068922806378,0.336819213540873,6.8,2.56,10.781912280020137,0.0,0.0,early,81920,0.0,ok,19.910118941506873,34.0,0.0,0.0,37.982023788301376,31.182023788301375,0.17869060717564267,0.17869060717564267
0.0,3.525904188884925,2.9858674187961602,experiment-evaluation-006,frozen,0.32896908718447015,-0.32896908718447015,27.2,0.05554168397013726,0.10587233431164411,81920,0.0,1,0.85,3.196935101700455,31.432121810282197,0.0,0.2578028210371445,38.14707061772357,31.347070617723574,0.85,8,0.24294857625077507,0.44269154785251713,0.1874068922806378,0.336819213540873,6.8,2.56,10.619912001896553,0.0,0.02977486367641191,late,81920,0.0,ok,19.718028490269024,34.0,0.0,0.0,37.9436056980538,31.143605698053804,0.28851611222839324,0.28851611222839324
0.0,3.525904188884925,2.9858674187961602,experiment-evaluation-006,updated,0.3866942444313275,-0.3866942444313275,27.2,0.05554168397013726,0.10587233431164411,81920,0.0,1,0.85,3.1392099444535977,31.308012331222415,0.0,0.12676087724075677,38.14707061772357,31.347070617723574,0.85,8,0.24294857625077507,0.44269154785251713,0.1874068922806378,0.336819213540873,6.8,2.56,10.619912001896553,0.0,0.02977486367641191,late,81920,0.0,ok,19.718028490269024,34.0,0.0,0.0,37.9436056980538,31.143605698053804,0.16440663316861048,0.16440663316861048
1.0,3.525904188884925,2.9858674187961602,experiment-evaluation-006,known,0.34263278395413677,-0.34263278395413677,27.2,0.05554168397013726,0.10587233431164411,81920,0.0,1,0.85,3.1832714049307884,31.35207122453058,3.525904188884925,0.18013736184361426,38.152826868826224,31.352826868826224,0.85,8,0.24294857625077507,0.44269154785251713,0.1874068922806378,0.336819213540873,6.8,2.56,10.619912001896553,0.0,0.0,late,81920,0.0,ok,19.86690280865108,34.0,0.0,0.0,37.97338056173022,31.173380561730216,0.1786906628003635,0.1786906628003635
0.0,3.5181281755349936,2.9858674187961602,experiment-evaluation-006,frozen,0.3265037130861499,-0.3265037130861499,27.2,0.054892268190509186,0.10539944746254248,81920,0.0,1,0.85,3.1916244624488437,31.440254276622298,0.0,0.2615869067810124,38.14719316961628,31.347193169616283,0.85,8,0.242299160471147,0.4422186610034155,0.1874068922806378,0.336819213540873,6.8,2.56,10.700912140958346,0.0,0.02970919832504748,split,81920,0.0,ok,19.739964883453744,34.0,0.0,0.0,37.94799297669075,31.147992976690748,0.2922612999315497,0.2922612999315497
0.0,3.5181281755349936,2.9858674187961602,experiment-evaluation-006,updated,0.37454442834174806,-0.37454442834174806,27.2,0.054892268190509186,0.10539944746254248,81920,0.0,1,0.85,3.1435837471932455,31.34565054088133,0.0,0.15827946618526786,38.14719316961628,31.347193169616283,0.85,8,0.242299160471147,0.4422186610034155,0.1874068922806378,0.336819213540873,6.8,2.56,10.700912140958346,0.0,0.02970919832504748,split,81920,0.0,ok,19.739964883453744,34.0,0.0,0.0,37.94799297669075,31.147992976690748,0.19765756419058178,0.19765756419058178
1.0,3.5181281755349936,2.9858674187961602,experiment-evaluation-006,known,0.3426327839541372,-0.3426327839541372,27.2,0.054892268190509186,0.10539944746254248,81920,0.0,1,0.85,3.1754953915808564,31.3563928100038,3.5181281755349936,0.18013733403125562,38.15293672590846,31.35293672590846,0.85,8,0.242299160471147,0.4422186610034155,0.1874068922806378,0.336819213540873,6.8,2.56,10.700912140958346,0.0,0.0,split,81920,0.0,ok,19.88851087507898,34.0,0.0,0.0,37.97770217501579,31.177702175015796,0.17869063498800486,0.17869063498800486
0.0,3.4226737103783353,0.0,experiment-evaluation-006,frozen,0.2962400091319548,-0.2962400091319548,27.2,0.05543696932808739,0.1049095615428523,81920,0.0,1,0.85,3.1264337012463805,31.446296003402786,0.0,0.3080388228213901,38.141907429956596,31.341907429956596,0.85,8,0.2428438616087252,0.4417287750837253,0.1874068922806378,0.336819213540873,6.8,2.56,10.479818918166592,0.0,0.028903123192232982,redistribute,81920,0.0,ok,19.540301401980283,34.0,0.0,0.0,37.90806028039606,31.108060280396057,0.3382357230067292,0.3382357230067292
0.0,3.4226737103783353,0.0,experiment-evaluation-006,updated,0.3474433607598306,-0.3474433607598306,27.2,0.05543696932808739,0.1049095615428523,81920,0.0,1,0.85,3.0752303496185047,31.334132934288395,0.0,0.18993883820074112,38.141907429956596,31.341907429956596,0.85,8,0.2428438616087252,0.4417287750837253,0.1874068922806378,0.336819213540873,6.8,2.56,10.479818918166592,0.0,0.028903123192232982,redistribute,81920,0.0,ok,19.540301401980283,34.0,0.0,0.0,37.90806028039606,31.108060280396057,0.22607265389233788,0.22607265389233788
1.0,3.4226737103783353,0.0,experiment-evaluation-006,known,0.3426327839541372,-0.3426327839541372,27.2,0.05543696932808739,0.1049095615428523,81920,0.0,1,0.85,3.080040926424198,31.315654062194838,3.4226737103783353,0.18013735764979918,38.147495151081145,31.347495151081148,0.85,8,0.2428438616087252,0.4417287750837253,0.1874068922806378,0.336819213540873,6.8,2.56,10.479818918166592,0.0,0.0,redistribute,81920,0.0,ok,19.68481701794145,34.0,0.0,0.0,37.93696340358829,31.13696340358829,0.17869065860654842,0.17869065860654842
0.0,3.9452603346721666,3.8726747028286743,experiment-evaluation-006,frozen,0.4453460530848643,-0.4453460530848643,27.2,-0.015364163876659231,-0.030323654978362147,81920,0.0,2,0.85,3.4999142815873023,31.652880944264865,0.0,0.03777813387920522,37.90233761524253,31.102337615242533,0.85,8,0.15145517546615356,0.26827539432134984,0.1668193393428128,0.298599049299712,6.8,2.56,12.42848627815338,0.0,0.0333161601506724,early,81920,0.0,ok,22.29356055830133,34.0,0.0,0.0,38.45871211166026,31.658712111660265,0.005831167395399461,-0.005831167395399461
0.0,3.9452603346721666,3.8726747028286743,experiment-evaluation-006,updated,0.4263017905849571,-0.4263017905849571,27.2,-0.015364163876659231,-0.030323654978362147,81920,0.0,2,0.85,3.5189585440872095,31.625253401890376,0.0,0.0542739397701825,37.90233761524253,31.102337615242533,0.85,8,0.15145517546615356,0.26827539432134984,0.1668193393428128,0.298599049299712,6.8,2.56,12.42848627815338,0.0,0.0333161601506724,early,81920,0.0,ok,22.29356055830133,34.0,0.0,0.0,38.45871211166026,31.658712111660265,0.03345870976988863,-0.03345870976988863
1.0,3.9452603346721666,3.8726747028286743,experiment-evaluation-006,known,0.38778391952011493,-0.38778391952011493,27.2,-0.015364163876659231,-0.030323654978362147,81920,0.0,2,0.85,3.5574764151520517,31.63178339633274,3.9452603346721666,0.05860753471096558,37.908778490528725,31.108778490528728,0.85,8,0.15145517546615356,0.26827539432134984,0.1668193393428128,0.298599049299712,6.8,2.56,12.42848627815338,0.0,0.0,early,81920,0.0,ok,22.46014135905469,34.0,0.0,0.0,38.49202827181094,31.692028271810937,0.06024487547819746,-0.06024487547819746
0.0,3.9654313375770984,3.8726747028286743,experiment-evaluation-006,frozen,0.45128733322220516,-0.45128733322220516,27.2,-0.00969174036282583,-0.018961663650031324,81920,0.0,2,0.85,3.5141440043548933,31.632474745461764,0.0,0.046926761372825844,37.90201971525026,31.10201971525026,0.85,8,0.15712759897998696,0.27963738564968066,0.1668193393428128,0.298599049299712,6.8,2.56,12.21837166456034,0.0,0.033486496277106426,late,81920,0.0,ok,22.236657485898995,34.0,0.0,0.0,38.447331497179796,31.6473314971798,0.014856751718035355,-0.014856751718035355
0.0,3.9654313375770984,3.8726747028286743,experiment-evaluation-006,updated,0.4436129218610607,-0.4436129218610607,27.2,-0.00969174036282583,-0.018961663650031324,81920,0.0,2,0.85,3.5218184157160377,31.613075112760995,0.0,0.060974380980660214,37.90201971525026,31.10201971525026,0.85,8,0.15712759897998696,0.27963738564968066,0.1668193393428128,0.298599049299712,6.8,2.56,12.21837166456034,0.0,0.033486496277106426,late,81920,0.0,ok,22.236657485898995,34.0,0.0,0.0,38.447331497179796,31.6473314971798,0.03425638441880352,-0.03425638441880352
1.0,3.9654313375770984,3.8726747028286743,experiment-evaluation-006,known,0.38778391952011493,-0.38778391952011493,27.2,-0.00969174036282583,-0.018961663650031324,81920,0.0,2,0.85,3.5776474180569835,31.620573090697313,3.9654313375770984,0.0586075619923605,37.908493520914455,31.108493520914458,0.85,8,0.15712759897998696,0.27963738564968066,0.1668193393428128,0.298599049299712,6.8,2.56,12.21837166456034,0.0,0.0,late,81920,0.0,ok,22.40408996728452,34.0,0.0,0.0,38.4808179934569,31.680817993456905,0.06024490275959238,-0.06024490275959238
0.0,3.9553458361246325,3.8726747028286743,experiment-evaluation-006,frozen,0.44831669315353473,-0.44831669315353473,27.2,-0.012582311228017451,-0.024546473426231286,81920,0.0,2,0.85,3.507029142971098,31.642677819863316,0.0,0.042352472626015235,37.902178665246396,31.1021786652464,0.85,8,0.15423702811479534,0.2740525758734807,0.1668193393428128,0.298599049299712,6.8,2.56,12.32342897135686,0.0,0.03340132821388764,split,81920,0.0,ok,22.265109022100162,34.0,0.0,0.0,38.45302180442003,31.65302180442003,0.010343984556715924,-0.010343984556715924
0.0,3.9553458361246325,3.8726747028286743,experiment-evaluation-006,updated,0.4339397773490501,-0.4339397773490501,27.2,-0.012582311228017451,-0.024546473426231286,81920,0.0,2,0.85,3.5214060587755824,31.621360151794075,0.0,0.05561266649044683,37.902178665246396,31.1021786652464,0.85,8,0.15423702811479534,0.2740525758734807,0.1668193393428128,0.298599049299712,6.8,2.56,12.32342897135686,0.0,0.03340132821388764,split,81920,0.0,ok,22.265109022100162,34.0,0.0,0.0,38.45302180442003,31.65302180442003,0.03166165262595655,-0.03166165262595655
1.0,3.9553458361246325,3.8726747028286743,experiment-evaluation-006,known,0.3877839195201145,-0.3877839195201145,27.2,-0.012582311228017451,-0.024546473426231286,81920,0.0,2,0.85,3.567561916604518,31.62617821851503,3.9553458361246325,0.05860757335166156,37.90863600572159,31.108636005721593,0.85,8,0.15423702811479534,0.2740525758734807,0.1668193393428128,0.298599049299712,6.8,2.56,12.32342897135686,0.0,0.0,split,81920,0.0,ok,22.432115663169604,34.0,0.0,0.0,38.48642313263392,31.68642313263392,0.06024491411888988,-0.06024491411888988
0.0,3.831541245821265,0.0,experiment-evaluation-006,frozen,0.4118505959174321,-0.4118505959174321,27.2,-0.009692842840730909,-0.018963868605841483,81920,0.0,2,0.85,3.419690649903833,31.64628173674643,0.0,0.02543532716440448,37.89532305265725,31.09532305265725,0.85,8,0.15712649650208188,0.2796351806938705,0.1668193393428128,0.298599049299712,6.8,2.56,12.036670716290832,0.0,0.03235584750842335,redistribute,81920,0.0,ok,22.006145174973724,34.0,0.0,0.0,38.40122903499474,31.601229034994745,0.045052701751686186,0.045052701751686186
0.0,3.831541245821265,0.0,experiment-evaluation-006,updated,0.41116450324232545,-0.41116450324232545,27.2,-0.009692842840730909,-0.018963868605841483,81920,0.0,2,0.85,3.4203767425789398,31.616265962832795,0.0,0.02098835846533594,37.89532305265725,31.09532305265725,0.85,8,0.15712649650208188,0.2796351806938705,0.1668193393428128,0.298599049299712,6.8,2.56,12.036670716290832,0.0,0.03235584750842335,redistribute,81920,0.0,ok,22.006145174973724,34.0,0.0,0.0,38.40122903499474,31.601229034994745,0.015036927838050218,0.015036927838050218
1.0,3.831541245821265,0.0,experiment-evaluation-006,known,0.38778391952011493,-0.38778391952011493,27.2,-0.009692842840730909,-0.018963868605841483,81920,0.0,2,0.85,3.4437573263011503,31.57334003425605,3.831541245821265,0.05860750747988893,37.901578274676794,31.101578274676797,0.85,8,0.15712649650208188,0.2796351806938705,0.1668193393428128,0.298599049299712,6.8,2.56,12.036670716290832,0.0,0.0,redistribute,81920,0.0,ok,22.16792441251584,34.0,0.0,0.0,38.43358488250317,31.63358488250317,0.06024484824711962,-0.06024484824711962
1.0,3.3927228086531263,3.0960654486552346,experiment-evaluation-007,frozen,0.09424370284809358,-0.09424370284809358,27.2,0.08134130261146322,0.15963089713423212,81920,0.0,0,0.85,3.2984791058050327,31.815612560633348,3.3927228086531263,0.05665951288271742,38.63927117749268,31.839271177492684,0.85,8,0.279253334227766,0.5086404866515042,0.19791203161630277,0.34900958951727207,6.8,2.56,11.533023595938916,0.0,0.02326721914432639,early,81920,0.0,ok,22.678960558612463,34.0,0.0,0.0,38.53579211172249,31.735792111722493,0.07982044891085494,0.07982044891085494
1.0,3.3927228086531263,3.0960654486552346,experiment-evaluation-007,updated,0.03512724554072788,-0.03512724554072788,27.2,0.08134130261146322,0.15963089713423212,81920,0.0,0,0.85,3.3575955631123984,31.945315049691448,3.3927228086531263,0.17103667212888615,38.63927117749268,31.839271177492684,0.85,8,0.279253334227766,0.5086404866515042,0.19791203161630277,0.34900958951727207,6.8,2.56,11.533023595938916,0.0,0.02326721914432639,early,81920,0.0,ok,22.678960558612463,34.0,0.0,0.0,38.53579211172249,31.735792111722493,0.2095229379689556,0.2095229379689556
0.0,3.3927228086531263,3.0960654486552346,experiment-evaluation-007,known,0.06955569816520724,-0.06955569816520724,27.2,0.08134130261146322,0.15963089713423212,81920,0.0,0,0.85,3.323167110487919,31.923246652873573,0.0,0.164425827738467,38.61436365611863,31.81436365611863,0.85,8,0.279253334227766,0.5086404866515042,0.19791203161630277,0.34900958951727207,6.8,2.56,11.533023595938916,0.0,0.0,early,81920,0.0,ok,22.795296654334088,34.0,0.0,0.0,38.559059330866816,31.75905933086682,0.1641873220067538,0.1641873220067538
1.0,3.4046265280664443,3.0960654486552346,experiment-evaluation-007,frozen,0.09047419842195836,-0.09047419842195836,27.2,0.07776522062483865,0.1530751782200353,81920,0.0,0,0.85,3.314152329644486,31.814801390446647,3.4046265280664443,0.06251600954223709,38.638215683090365,31.838215683090365,0.85,8,0.2756772522411414,0.5020847677373074,0.19791203161630277,0.34900958951727207,6.8,2.56,11.409026518716853,0.0,0.023348854592857293,late,81920,0.0,ok,22.644971591618027,34.0,0.0,0.0,38.528994318323605,31.728994318323604,0.08580707212304262,0.08580707212304262
1.0,3.4046265280664443,3.0960654486552346,experiment-evaluation-007,updated,0.02287924436605282,-0.02287924436605282,27.2,0.07776522062483865,0.1530751782200353,81920,0.0,0,0.85,3.3817472837003915,31.967000821899187,3.4046265280664443,0.20134621282955933,38.638215683090365,31.838215683090365,0.85,8,0.2756772522411414,0.5020847677373074,0.19791203161630277,0.34900958951727207,6.8,2.56,11.409026518716853,0.0,0.023348854592857293,late,81920,0.0,ok,22.644971591618027,34.0,0.0,0.0,38.528994318323605,31.728994318323604,0.2380065035755834,0.2380065035755834
0.0,3.4046265280664443,3.0960654486552346,experiment-evaluation-007,known,0.06955569816520724,-0.06955569816520724,27.2,0.07776522062483865,0.1530751782200353,81920,0.0,0,0.85,3.335070829901237,31.91653051036763,0.0,0.16442584318287837,38.613220771097495,31.813220771097498,0.85,8,0.2756772522411414,0.5020847677373074,0.19791203161630277,0.34900958951727207,6.8,2.56,11.409026518716853,0.0,0.0,late,81920,0.0,ok,22.761715864582307,34.0,0.0,0.0,38.55234317291646,31.75234317291646,0.16418733745116754,0.16418733745116754
1.0,3.398674668359785,3.0960654486552346,experiment-evaluation-007,frozen,0.09235895063502575,-0.09235895063502575,27.2,0.08097935814729301,0.15929375578607258,81920,0.0,0,0.85,3.3063157177247593,31.815206975539997,3.398674668359785,0.05958776121247785,38.63874343029152,31.838743430291522,0.85,8,0.2788913897635958,0.5083033453033446,0.19791203161630277,0.34900958951727207,6.8,2.56,11.471025057327886,0.0,0.02330803686859184,split,81920,0.0,ok,22.66196607511524,34.0,0.0,0.0,38.53239321502305,31.73239321502305,0.08281376051694878,0.08281376051694878
1.0,3.398674668359785,3.0960654486552346,experiment-evaluation-007,updated,0.02960170434222098,-0.02960170434222098,27.2,0.08097935814729301,0.15929375578607258,81920,0.0,0,0.85,3.369072964017564,31.95341897086451,3.398674668359785,0.18302706986771375,38.63874343029152,31.838743430291522,0.85,8,0.2788913897635958,0.5083033453033446,0.19791203161630277,0.34900958951727207,6.8,2.56,11.471025057327886,0.0,0.02330803686859184,split,81920,0.0,ok,22.66196607511524,34.0,0.0,0.0,38.53239321502305,31.73239321502305,0.22102575584146322,0.22102575584146322
0.0,3.398674668359785,3.0960654486552346,experiment-evaluation-007,known,0.06955569816520679,-0.06955569816520679,27.2,0.08097935814729301,0.15929375578607258,81920,0.0,0,0.85,3.3291189701945783,31.919888581620597,0.0,0.1644258354606727,38.613792213608065,31.813792213608068,0.85,8,0.2788913897635958,0.5083033453033446,0.19791203161630277,0.34900958951727207,6.8,2.56,11.471025057327886,0.0,0.0,split,81920,0.0,ok,22.778506259458204,34.0,0.0,0.0,38.55570125189164,31.75570125189164,0.1641873297289571,0.1641873297289571
1.0,3.325612604366342,0.0,experiment-evaluation-007,frozen,0.11549522964524561,-0.11549522964524561,27.2,0.07735599416777267,0.15215927029899895,81920,0.0,0,0.85,3.2101173747210963,31.788930997520335,3.325612604366342,0.023642180217765468,38.613560376129925,31.813560376129928,0.85,8,0.27526802578407544,0.501168859816271,0.19791203161630277,0.34900958951727207,6.8,2.56,11.301797487243899,0.0,0.022806978824668533,redistribute,81920,0.0,ok,22.714307511789283,34.0,0.0,0.0,38.54286150235785,31.742861502357854,0.04606949516248093,0.04606949516248093
1.0,3.325612604366342,0.0,experiment-evaluation-007,updated,0.06205918087186424,-0.06205918087186424,27.2,0.07735599416777267,0.15215927029899895,81920,0.0,0,0.85,3.2635534234944776,31.919724551223112,3.325612604366342,0.14172550047180366,38.613560376129925,31.813560376129928,0.85,8,0.27526802578407544,0.501168859816271,0.19791203161630277,0.34900958951727207,6.8,2.56,11.301797487243899,0.0,0.022806978824668533,redistribute,81920,0.0,ok,22.714307511789283,34.0,0.0,0.0,38.54286150235785,31.742861502357854,0.1768630488652576,0.1768630488652576
0.0,3.325612604366342,0.0,experiment-evaluation-007,known,0.06955569816520724,-0.06955569816520724,27.2,0.07735599416777267,0.15215927029899895,81920,0.0,0,0.85,3.2560569062011346,31.92985585249552,0.0,0.16442587704471023,38.58914554129173,31.789145541291727,0.85,8,0.27526802578407544,0.501168859816271,0.19791203161630277,0.34900958951727207,6.8,2.56,11.301797487243899,0.0,0.0,redistribute,81920,0.0,ok,22.828342405912622,34.0,0.0,0.0,38.56566848118252,31.765668481182523,0.1641873713129982,0.1641873713129982
0.0,3.59046830206473,3.389574988105174,experiment-evaluation-007,frozen,0.07703736803936545,-0.07703736803936545,27.2,-0.034813685392771465,-0.0704942538032941,81920,0.0,1,0.85,3.5134309340253647,31.946009036692846,0.0,0.20210194545029125,38.634044421548374,31.834044421548377,0.85,8,0.177438318344654,0.30904015663692885,0.21225200373742548,0.37953441044022296,6.8,2.56,12.63964779601236,0.0,0.0,early,81920,0.0,ok,22.61926321506098,34.0,0.0,0.0,38.52385264301219,31.723852643012194,0.22215639368065254,0.22215639368065254
0.0,3.59046830206473,3.389574988105174,experiment-evaluation-007,updated,0.03203120597231113,-0.03203120597231113,27.2,-0.034813685392771465,-0.0704942538032941,81920,0.0,1,0.85,3.558437096092419,31.962466163997163,0.0,0.23193953645185297,38.634044421548374,31.834044421548377,0.85,8,0.177438318344654,0.30904015663692885,0.21225200373742548,0.37953441044022296,6.8,2.56,12.63964779601236,0.0,0.0,early,81920,0.0,ok,22.61926321506098,34.0,0.0,0.0,38.52385264301219,31.723852643012194,0.2386135209849698,0.2386135209849698
0.0,3.59046830206473,3.389574988105174,experiment-evaluation-007,known,0.03449680476589334,-0.03449680476589334,27.2,-0.034813685392771465,-0.0704942538032941,81920,0.0,1,0.85,3.5559714972988368,31.90070244507979,0.0,0.17696809123555113,38.634044421548374,31.834044421548377,0.85,8,0.177438318344654,0.30904015663692885,0.21225200373742548,0.37953441044022296,6.8,2.56,12.63964779601236,0.0,0.0,early,81920,0.0,ok,22.61926321506098,34.0,0.0,0.0,38.52385264301219,31.723852643012194,0.17684980206759704,0.17684980206759704
0.0,3.6035005038246535,3.389574988105174,experiment-evaluation-007,frozen,0.08054649959592153,-0.08054649959592153,27.2,-0.034927640129022774,-0.07059323895657865,81920,0.0,1,0.85,3.522954004228732,31.93332533650793,0.0,0.19674526915659504,38.6327931900915,31.8327931900915,0.85,8,0.1773243636084027,0.3089411714836443,0.21225200373742548,0.37953441044022296,6.8,2.56,12.503895694346484,0.0,0.0,late,81920,0.0,ok,22.58249893894631,34.0,0.0,0.0,38.51649978778926,31.71649978778926,0.21682554871867055,0.21682554871867055
0.0,3.6035005038246535,3.389574988105174,experiment-evaluation-007,updated,0.03248785313245417,-0.03248785313245417,27.2,-0.034927640129022774,-0.07059323895657865,81920,0.0,1,0.85,3.5710126506921993,31.956168210683735,0.0,0.23302765638576517,38.6327931900915,31.8327931900915,0.85,8,0.1773243636084027,0.3089411714836443,0.21225200373742548,0.37953441044022296,6.8,2.56,12.503895694346484,0.0,0.0,late,81920,0.0,ok,22.58249893894631,34.0,0.0,0.0,38.51649978778926,31.71649978778926,0.239668422894475,0.239668422894475
0.0,3.6035005038246535,3.389574988105174,experiment-evaluation-007,known,0.0344968047658929,-0.0344968047658929,27.2,-0.034927640129022774,-0.07059323895657865,81920,0.0,1,0.85,3.5690036990587606,31.893349560190032,0.0,0.17696806156872688,38.6327931900915,31.8327931900915,0.85,8,0.1773243636084027,0.3089411714836443,0.21225200373742548,0.37953441044022296,6.8,2.56,12.503895694346484,0.0,0.0,late,81920,0.0,ok,22.58249893894631,34.0,0.0,0.0,38.51649978778926,31.71649978778926,0.1768497724007716,0.1768497724007716
0.0,3.5969844029446914,3.389574988105174,experiment-evaluation-007,frozen,0.0787919338176426,-0.0787919338176426,27.2,-0.0359628280096943,-0.07279930146972813,81920,0.0,1,0.85,3.5181924691270487,31.939667211600387,0.0,0.19942363230344165,38.633418805819936,31.83341880581994,0.85,8,0.17628917572773117,0.30673510897049483,0.21225200373742548,0.37953441044022296,6.8,2.56,12.571771745179422,0.0,0.0,split,81920,0.0,ok,22.60088107700364,34.0,0.0,0.0,38.520176215400724,31.720176215400727,0.21949099619966006,0.21949099619966006
0.0,3.5969844029446914,3.389574988105174,experiment-evaluation-007,updated,0.03072242525083313,-0.03072242525083313,27.2,-0.0359628280096943,-0.07279930146972813,81920,0.0,1,0.85,3.566261977693858,31.958277385843555,0.0,0.23218384948619075,38.633418805819936,31.83341880581994,0.85,8,0.17628917572773117,0.30673510897049483,0.21225200373742548,0.37953441044022296,6.8,2.56,12.571771745179422,0.0,0.0,split,81920,0.0,ok,22.60088107700364,34.0,0.0,0.0,38.520176215400724,31.720176215400727,0.2381011704428282,0.2381011704428282
0.0,3.5969844029446914,3.389574988105174,experiment-evaluation-007,known,0.03449680476589245,-0.03449680476589245,27.2,-0.0359628280096943,-0.07279930146972813,81920,0.0,1,0.85,3.562487598178799,31.89702602763491,0.0,0.1769681014021375,38.633418805819936,31.83341880581994,0.85,8,0.17628917572773117,0.30673510897049483,0.21225200373742548,0.37953441044022296,6.8,2.56,12.571771745179422,0.0,0.0,split,81920,0.0,ok,22.60088107700364,34.0,0.0,0.0,38.520176215400724,31.720176215400727,0.1768498122341846,0.1768498122341846
0.0,3.516995995464778,0.0,experiment-evaluation-007,frozen,0.05725375861000792,-0.05725375861000792,27.2,-0.028490375366755027,-0.057478779520553414,81920,0.0,1,0.85,3.45974223685477,31.98329855556997,0.0,0.2323013917629512,38.60643560878844,31.80643560878844,0.85,8,0.18376162837067045,0.32205563091966954,0.21225200373742548,0.37953441044022296,6.8,2.56,12.386501262895646,0.0,0.0,redistribute,81920,0.0,ok,22.655441730945505,34.0,0.0,0.0,38.5310883461891,31.7310883461891,0.2522102093808698,0.2522102093808698
0.0,3.516995995464778,0.0,experiment-evaluation-007,updated,0.03368867310039647,-0.03368867310039647,27.2,-0.028490375366755027,-0.057478779520553414,81920,0.0,1,0.85,3.4833073223643813,31.972765361608044,0.0,0.2330557055783847,38.60643560878844,31.80643560878844,0.85,8,0.18376162837067045,0.32205563091966954,0.21225200373742548,0.37953441044022296,6.8,2.56,12.386501262895646,0.0,0.0,redistribute,81920,0.0,ok,22.655441730945505,34.0,0.0,0.0,38.5310883461891,31.7310883461891,0.2416770154189436,0.2416770154189436
0.0,3.516995995464778,0.0,experiment-evaluation-007,known,0.0344968047658929,-0.0344968047658929,27.2,-0.028490375366755027,-0.057478779520553414,81920,0.0,1,0.85,3.482499190698885,31.90793815547478,0.0,0.17696809845363504,38.60643560878844,31.80643560878844,0.85,8,0.18376162837067045,0.32205563091966954,0.21225200373742548,0.37953441044022296,6.8,2.56,12.386501262895646,0.0,0.0,redistribute,81920,0.0,ok,22.655441730945505,34.0,0.0,0.0,38.5310883461891,31.7310883461891,0.17684980928568095,0.17684980928568095
1.0,2.919708139628514,3.4597297840184464,experiment-evaluation-007,frozen,0.34018901408398694,0.34018901408398694,27.2,-0.004026405643265923,-0.008011677457681943,81920,0.0,2,0.85,3.259897153712501,32.05489878414035,2.919708139628514,0.22438703471050778,38.59799355778347,31.79799355778347,0.85,8,0.18911739495945423,0.3311820091567277,0.19314380060272016,0.33919368661440963,6.8,2.56,10.37935713290808,0.0,0.02002329484416876,early,81920,0.0,ok,23.09896989698584,34.0,0.0,0.0,38.619793979397166,31.81979397939717,0.2351048047431803,0.2351048047431803
0.0,2.919708139628514,3.4597297840184464,experiment-evaluation-007,updated,0.33005927869842067,0.33005927869842067,27.2,-0.004026405643265923,-0.008011677457681943,81920,0.0,2,0.85,3.2497674183269347,32.02595878751547,0.0,0.195031555567328,38.576558652253226,31.77655865225323,0.85,8,0.18911739495945423,0.3311820091567277,0.19314380060272016,0.33919368661440963,6.8,2.56,10.37935713290808,0.0,0.0,early,81920,0.0,ok,23.19908637120669,34.0,0.0,0.0,38.63981727424134,31.839817274241337,0.18614151327413353,0.18614151327413353
0.0,2.919708139628514,3.4597297840184464,experiment-evaluation-007,known,0.2971091047596941,0.2971091047596941,27.2,-0.004026405643265923,-0.008011677457681943,81920,0.0,2,0.85,3.216817244388208,31.94064948766711,0.0,0.09981342954036165,38.576558652253226,31.77655865225323,0.85,8,0.18911739495945423,0.3311820091567277,0.19314380060272016,0.33919368661440963,6.8,2.56,10.37935713290808,0.0,0.0,early,81920,0.0,ok,23.19908637120669,34.0,0.0,0.0,38.63981727424134,31.839817274241337,0.10083221342577176,0.10083221342577176
1.0,2.9330100717994707,3.4597297840184464,experiment-evaluation-007,frozen,0.3423630032115961,0.3423630032115961,27.2,0.00016675453752224012,0.0006757948401920899,81920,0.0,2,0.85,3.275373075011067,32.050817394187476,2.9330100717994707,0.2277957581393899,38.59681408484237,31.796814084842374,0.85,8,0.1933105551402424,0.3398694814546017,0.19314380060272016,0.33919368661440963,6.8,2.56,10.240795339460615,0.0,0.02011451920534313,late,81920,0.0,ok,23.060988580573508,34.0,0.0,0.0,38.6121977161147,31.812197716114703,0.23861967807277296,0.23861967807277296
0.0,2.9330100717994707,3.4597297840184464,experiment-evaluation-007,updated,0.32644793589067334,0.32644793589067334,27.2,0.00016675453752224012,0.0006757948401920899,81920,0.0,2,0.85,3.259458007690144,32.01070493636116,0.0,0.18780533798258978,38.575281523777456,31.77528152377746,0.85,8,0.1933105551402424,0.3398694814546017,0.19314380060272016,0.33919368661440963,6.8,2.56,10.240795339460615,0.0,0.0,late,81920,0.0,ok,23.161561176600237,34.0,0.0,0.0,38.63231223532004,31.832312235320046,0.17839270104111193,0.17839270104111193
0.0,2.9330100717994707,3.4597297840184464,experiment-evaluation-007,known,0.2971091047596941,0.2971091047596941,27.2,0.00016675453752224012,0.0006757948401920899,81920,0.0,2,0.85,3.230119176559165,31.93314445743531,0.0,0.09981343822985522,38.575281523777456,31.77528152377746,0.85,8,0.1933105551402424,0.3398694814546017,0.19314380060272016,0.33919368661440963,6.8,2.56,10.240795339460615,0.0,0.0,late,81920,0.0,ok,23.161561176600237,34.0,0.0,0.0,38.63231223532004,31.832312235320046,0.10083222211526532,0.10083222211526532
1.0,2.9263591057139924,3.4597297840184464,experiment-evaluation-007,frozen,0.34127600864779106,0.34127600864779106,27.2,0.0008920373949175275,0.002216767257640251,81920,0.0,2,0.85,3.2676351143617834,32.052858064163914,2.9263591057139924,0.22609137142495092,38.59740382131292,31.797403821312926,0.85,8,0.19403583799763768,0.3414104538720499,0.19314380060272016,0.33919368661440963,6.8,2.56,10.310076236184347,0.0,0.02006890702475772,split,81920,0.0,ok,23.079979238779675,34.0,0.0,0.0,38.61599584775593,31.815995847755936,0.2368622164079781,0.2368622164079781
1.0,2.9263591057139924,3.4597297840184464,experiment-evaluation-007,updated,0.32933371402853817,0.32933371402853817,27.2,0.0008920373949175275,0.002216767257640251,81920,0.0,2,0.85,3.2556928197425306,32.022112517233694,2.9263591057139924,0.19557189608662995,38.59740382131292,31.797403821312926,0.85,8,0.19403583799763768,0.3414104538720499,0.19314380060272016,0.33919368661440963,6.8,2.56,10.310076236184347,0.0,0.02006890702475772,split,81920,0.0,ok,23.079979238779675,34.0,0.0,0.0,38.61599584775593,31.815995847755936,0.2061166694777583,0.2061166694777583
0.0,2.9263591057139924,3.4597297840184464,experiment-evaluation-007,known,0.29710910475969365,0.29710910475969365,27.2,0.0008920373949175275,0.002216767257640251,81920,0.0,2,0.85,3.223468210473686,31.93689694755121,0.0,0.09981340888510933,38.57592008801534,31.77592008801534,0.85,8,0.19403583799763768,0.3414104538720499,0.19314380060272016,0.33919368661440963,6.8,2.56,10.310076236184347,0.0,0.0,split,81920,0.0,ok,23.180323773903464,34.0,0.0,0.0,38.63606475478069,31.836064754780693,0.10083219277051825,0.10083219277051825
1.0,2.844715160173445,0.0,experiment-evaluation-007,frozen,0.3279326050234843,0.3279326050234843,27.2,0.0014952724641277004,0.0035604153810118166,81920,0.0,2,0.85,3.1726477651969294,32.042982618956614,2.844715160173445,0.20516955384705446,38.569262761642086,31.76926276164209,0.85,8,0.19463907306684786,0.34275410199542145,0.19314380060272016,0.33919368661440963,6.8,2.56,10.120971169057636,0.0,0.019508994624057863,redistribute,81920,0.0,ok,23.138468708851477,34.0,0.0,0.0,38.627693741770294,31.827693741770297,0.2152888771863175,0.2152888771863175
0.0,2.844715160173445,0.0,experiment-evaluation-007,updated,0.31692965000101836,0.31692965000101836,27.2,0.0014952724641277004,0.0035604153810118166,81920,0.0,2,0.85,3.1616448101744634,32.01340384003268,0.0,0.1759450877283181,38.54837841368581,31.748378413685813,0.85,8,0.19463907306684786,0.34275410199542145,0.19314380060272016,0.33919368661440963,6.8,2.56,10.120971169057636,0.0,0.0,redistribute,81920,0.0,ok,23.23601368197177,34.0,0.0,0.0,38.647202736394355,31.847202736394355,0.16620110363832552,0.16620110363832552
0.0,2.844715160173445,0.0,experiment-evaluation-007,known,0.2971091047596941,0.2971091047596941,27.2,0.0014952724641277004,0.0035604153810118166,81920,0.0,2,0.85,3.141824264933139,31.948034953389293,0.0,0.09981343310952795,38.54837841368581,31.748378413685813,0.85,8,0.19463907306684786,0.34275410199542145,0.19314380060272016,0.33919368661440963,6.8,2.56,10.120971169057636,0.0,0.0,redistribute,81920,0.0,ok,23.23601368197177,34.0,0.0,0.0,38.647202736394355,31.847202736394355,0.10083221699493805,0.10083221699493805
0.0,4.12456010563143,3.608062366784435,experiment-evaluation-008,frozen,0.3745214570152471,-0.3745214570152471,27.2,-0.0065959286212669554,-0.012342926116781894,81920,0.0,0,0.85,3.7500386486161825,32.297541645713984,0.0,0.06897469608592625,38.89237579487026,32.092375794870264,0.85,8,0.17538748949776478,0.3083466333079016,0.18198341811903174,0.32068955942468347,6.5874999999999995,2.5043990837012347,12.18515668278671,0.2125,0.0,early,81920,0.0,ok,25.398019988712612,33.7875,0.0,0.2125,38.86710399774252,32.27960399774252,0.0179376479714648,0.0179376479714648
0.0,4.12456010563143,3.608062366784435,experiment-evaluation-008,updated,0.4171256094557374,-0.4171256094557374,27.2,-0.0065959286212669554,-0.012342926116781894,81920,0.0,0,0.85,3.707434496175692,32.25225062166914,0.0,0.0312501665336408,38.89237579487026,32.092375794870264,0.85,8,0.17538748949776478,0.3083466333079016,0.18198341811903174,0.32068955942468347,6.5874999999999995,2.5043990837012347,12.18515668278671,0.2125,0.0,early,81920,0.0,ok,25.398019988712612,33.7875,0.0,0.2125,38.86710399774252,32.27960399774252,0.0273533760733784,-0.0273533760733784
0.0,4.12456010563143,3.608062366784435,experiment-evaluation-008,known,0.43725129843904575,-0.43725129843904575,27.2,-0.0065959286212669554,-0.012342926116781894,81920,0.0,0,0.85,3.687308807192384,32.13486440061314,0.0,0.09437056646676704,38.89237579487026,32.092375794870264,0.85,8,0.17538748949776478,0.3083466333079016,0.18198341811903174,0.32068955942468347,6.5874999999999995,2.5043990837012347,12.18515668278671,0.2125,0.0,early,81920,0.0,ok,25.398019988712612,33.7875,0.0,0.2125,38.86710399774252,32.27960399774252,0.14473959712938012,-0.14473959712938012
0.0,4.141302145449787,3.608062366784435,experiment-evaluation-008,frozen,0.37456975507816814,-0.37456975507816814,27.2,-0.007914880035124583,-0.014825166864640027,81920,0.0,0,0.85,3.7667323903716188,32.30734578403146,0.0,0.06903868360449412,38.89166622449952,32.09166622449952,0.85,8,0.17406853808390715,0.30586439256004344,0.18198341811903174,0.32068955942468347,6.497052811717337,2.48,12.01076043467882,0.30294718828266265,0.0,late,81920,0.0,ok,25.447337094827162,33.697052811717334,0.0,0.30294718828266265,38.78652023068277,32.28946741896543,0.01787836506603213,0.01787836506603213
0.0,4.141302145449787,3.608062366784435,experiment-evaluation-008,updated,0.41924471436430855,-0.41924471436430855,27.2,-0.007914880035124583,-0.014825166864640027,81920,0.0,0,0.85,3.7220574310854784,32.27356277895673,0.0,0.03322063214717019,38.89166622449952,32.09166622449952,0.85,8,0.17406853808390715,0.30586439256004344,0.18198341811903174,0.32068955942468347,6.497052811717337,2.48,12.01076043467882,0.30294718828266265,0.0,late,81920,0.0,ok,25.447337094827162,33.697052811717334,0.0,0.30294718828266265,38.78652023068277,32.28946741896543,0.01590464000869929,-0.01590464000869929
0.0,4.141302145449787,3.608062366784435,experiment-evaluation-008,known,0.43725129843904575,-0.43725129843904575,27.2,-0.007914880035124583,-0.014825166864640027,81920,0.0,0,0.85,3.704050847010741,32.14475157820137,0.0,0.0942389578436007,38.89166622449952,32.09166622449952,0.85,8,0.17406853808390715,0.30586439256004344,0.18198341811903174,0.32068955942468347,6.497052811717337,2.48,12.01076043467882,0.30294718828266265,0.0,late,81920,0.0,ok,25.447337094827162,33.697052811717334,0.0,0.30294718828266265,38.78652023068277,32.28946741896543,0.1447158407640572,-0.1447158407640572
0.0,4.132931125540608,3.608062366784435,experiment-evaluation-008,frozen,0.37454560604670784,-0.37454560604670784,27.2,-0.007532200535358913,-0.014459941845873014,81920,0.0,0,0.85,3.7583855194939004,32.30244247185788,0.0,0.06900768042040302,38.89202100968489,32.09202100968489,0.85,8,0.17445121758367282,0.30622961757881045,0.18198341811903174,0.32068955942468347,6.545326291321323,2.48,12.097958558732765,0.254673708678677,0.0,split,81920,0.0,ok,25.422678541769898,33.74532629132132,0.0,0.254673708678677,38.8298619996753,32.28453570835398,0.017906763503901857,0.017906763503901857
0.0,4.132931125540608,3.608062366784435,experiment-evaluation-008,updated,0.4187803930304632,-0.4187803930304632,27.2,-0.007532200535358913,-0.014459941845873014,81920,0.0,0,0.85,3.714150732510145,32.253405196992,0.0,0.030082237214690128,38.89202100968489,32.09202100968489,0.85,8,0.17445121758367282,0.30622961757881045,0.18198341811903174,0.32068955942468347,6.545326291321323,2.48,12.097958558732765,0.254673708678677,0.0,split,81920,0.0,ok,25.422678541769898,33.74532629132132,0.0,0.254673708678677,38.8298619996753,32.28453570835398,0.03113051136197953,-0.03113051136197953
0.0,4.132931125540608,3.608062366784435,experiment-evaluation-008,known,0.43725129843904575,-0.43725129843904575,27.2,-0.007532200535358913,-0.014459941845873014,81920,0.0,0,0.85,3.6956798271015625,32.139809246023674,0.0,0.0943033006808965,38.89202100968489,32.09202100968489,0.85,8,0.17445121758367282,0.30622961757881045,0.18198341811903174,0.32068955942468347,6.545326291321323,2.48,12.097958558732765,0.254673708678677,0.0,split,81920,0.0,ok,25.422678541769898,33.74532629132132,0.0,0.254673708678677,38.8298619996753,32.28453570835398,0.14472646233030417,-0.14472646233030417
0.0,4.030172656349787,0.0,experiment-evaluation-008,frozen,0.374249164569771,-0.374249164569771,27.2,-0.002643973332374816,-0.00691878974900495,81920,0.0,0,0.85,3.6559234917800163,32.24405820486513,0.0,0.06848252119795717,38.87671890309524,32.07671890309524,0.85,8,0.17933944478665692,0.3137707696756785,0.18198341811903174,0.32068955942468347,6.702556709641365,2.56,11.859947680087545,0.09744329035863546,0.0,redistribute,81920,0.0,ok,25.12893718691575,33.90255670964137,0.0,0.09744329035863546,38.92834414702451,32.22578743738315,0.018270767481979533,0.018270767481979533
0.0,4.030172656349787,0.0,experiment-evaluation-008,updated,0.41590315655010146,-0.41590315655010146,27.2,-0.002643973332374816,-0.00691878974900495,81920,0.0,0,0.85,3.614269499799686,32.110002703850945,0.0,0.06226979829732926,38.87671890309524,32.07671890309524,0.85,8,0.17933944478665692,0.3137707696756785,0.18198341811903174,0.32068955942468347,6.702556709641365,2.56,11.859947680087545,0.09744329035863546,0.0,redistribute,81920,0.0,ok,25.12893718691575,33.90255670964137,0.0,0.09744329035863546,38.92834414702451,32.22578743738315,0.11578473353220176,-0.11578473353220176
0.0,4.030172656349787,0.0,experiment-evaluation-008,known,0.43725129843904575,-0.43725129843904575,27.2,-0.002643973332374816,-0.00691878974900495,81920,0.0,0,0.85,3.5929213579107415,32.08089183434672,0.0,0.09523552598207156,38.87671890309524,32.07671890309524,0.85,8,0.17933944478665692,0.3137707696756785,0.18198341811903174,0.32068955942468347,6.702556709641365,2.56,11.859947680087545,0.09744329035863546,0.0,redistribute,81920,0.0,ok,25.12893718691575,33.90255670964137,0.0,0.09744329035863546,38.92834414702451,32.22578743738315,0.14489560303642435,-0.14489560303642435
0.0,3.0835687172081867,2.724186034912922,experiment-evaluation-008,frozen,0.06874641213628063,0.06874641213628063,27.2,-0.004204857893605529,-0.0052356637574990095,81920,0.0,1,0.85,3.1523151293444673,31.951679657695845,0.0,0.2678042506152802,38.85957442971374,32.105558158305804,0.85,8,0.19822597725776836,0.34973017143151325,0.2024308351513739,0.35496583518901226,6.8,2.56,10.351724632193873,0.0,0.006373634685807872,early,81920,0.0,ok,25.059081497760857,34.0,0.0,0.0,39.011816299552166,32.21181629955217,0.2601366418563238,-0.2601366418563238
0.0,3.0835687172081867,2.724186034912922,experiment-evaluation-008,updated,0.10829278678361742,0.10829278678361742,27.2,-0.004204857893605529,-0.0052356637574990095,81920,0.0,1,0.85,3.191861503991804,32.039306926994776,0.0,0.1792030325516194,38.85957442971374,32.105558158305804,0.85,8,0.19822597725776836,0.34973017143151325,0.2024308351513739,0.35496583518901226,6.8,2.56,10.351724632193873,0.0,0.006373634685807872,early,81920,0.0,ok,25.059081497760857,34.0,0.0,0.0,39.011816299552166,32.21181629955217,0.17250937255739274,-0.17250937255739274
1.0,3.0835687172081867,2.724186034912922,experiment-evaluation-008,known,0.08653434380179403,0.08653434380179403,27.2,-0.004204857893605529,-0.0052356637574990095,81920,0.0,1,0.85,3.1701030610099807,31.99893323799192,3.0835687172081867,0.219346128061229,38.87163491527103,32.117618643863096,0.85,8,0.19822597725776836,0.34973017143151325,0.2024308351513739,0.35496583518901226,6.8,2.56,10.351724632193873,0.0,0.0,early,81920,0.0,ok,25.09094967118989,34.0,0.0,0.0,39.018189934237974,32.21818993423798,0.21925669624605604,-0.21925669624605604
0.0,3.0962094164070124,2.724186034912922,experiment-evaluation-008,frozen,0.06750869570007323,0.06750869570007323,27.2,-0.0039756586169055474,-0.004576738210899933,81920,0.0,1,0.85,3.1637181121070856,31.94266743279502,0.0,0.2696707116345216,38.85684835135468,32.105569996533994,0.85,8,0.19845517653446834,0.3503890969781123,0.2024308351513739,0.35496583518901226,6.8,2.56,10.220050682206104,0.0,0.006399762593524372,late,81920,0.0,ok,25.02342166343744,34.0,0.0,0.0,39.00468433268748,32.204684332687485,0.26201689989246546,-0.26201689989246546
0.0,3.0962094164070124,2.724186034912922,experiment-evaluation-008,updated,0.10934509157566241,0.10934509157566241,27.2,-0.0039756586169055474,-0.004576738210899933,81920,0.0,1,0.85,3.205554507982675,32.03668536659471,0.0,0.1738962793733568,38.85684835135468,32.105569996533994,0.85,8,0.19845517653446834,0.3503890969781123,0.2024308351513739,0.35496583518901226,6.8,2.56,10.220050682206104,0.0,0.006399762593524372,late,81920,0.0,ok,25.02342166343744,34.0,0.0,0.0,39.00468433268748,32.204684332687485,0.16799896609277454,-0.16799896609277454
1.0,3.0962094164070124,2.724186034912922,experiment-evaluation-008,known,0.08653434380179448,0.08653434380179448,27.2,-0.0039756586169055474,-0.004576738210899933,81920,0.0,1,0.85,3.182743760208807,31.991827389032505,3.0962094164070124,0.21934613806367173,38.86895827734417,32.117679922523486,0.85,8,0.19845517653446834,0.3503890969781123,0.2024308351513739,0.35496583518901226,6.8,2.56,10.220050682206104,0.0,0.0,late,81920,0.0,ok,25.055420476405047,34.0,0.0,0.0,39.01108409528101,32.21108409528101,0.21925670624850468,-0.21925670624850468
0.0,3.0898890668076,2.724186034912922,experiment-evaluation-008,frozen,0.06812755391817671,0.06812755391817671,27.2,-0.002605417278863098,-0.0018538484573260572,81920,0.0,1,0.85,3.1580166207257765,31.947173495245433,0.0,0.2687375311249009,38.85821139053421,32.1055640774199,0.85,8,0.1998254178725108,0.3531119867316862,0.2024308351513739,0.35496583518901226,6.8,2.56,10.28588765719999,0.0,0.006386698639659016,split,81920,0.0,ok,25.041251580599152,34.0,0.0,0.0,39.00825031611983,32.20825031611983,0.261076820874397,-0.261076820874397
0.0,3.0898890668076,2.724186034912922,experiment-evaluation-008,updated,0.10880504530282042,0.10880504530282042,27.2,-0.002605417278863098,-0.0018538484573260572,81920,0.0,1,0.85,3.19869411211042,32.03697124274022,0.0,0.17730818170231544,38.85821139053421,32.1055640774199,0.85,8,0.1998254178725108,0.3531119867316862,0.2024308351513739,0.35496583518901226,6.8,2.56,10.28588765719999,0.0,0.006386698639659016,split,81920,0.0,ok,25.041251580599152,34.0,0.0,0.0,39.00825031611983,32.20825031611983,0.17127907337960835,-0.17127907337960835
1.0,3.0898890668076,2.724186034912922,experiment-evaluation-008,known,0.08653434380179403,0.08653434380179403,27.2,-0.002605417278863098,-0.0018538484573260572,81920,0.0,1,0.85,3.176423410609394,31.99538026351221,3.0898890668076,0.21934618306244977,38.8702965963076,32.11764928319329,0.85,8,0.1998254178725108,0.3531119867316862,0.2024308351513739,0.35496583518901226,6.8,2.56,10.28588765719999,0.0,0.0,split,81920,0.0,ok,25.073185073797468,34.0,0.0,0.0,39.01463701475949,32.21463701475949,0.21925675124727917,-0.21925675124727917
0.0,3.012303604506363,0.0,experiment-evaluation-008,frozen,0.07572434903137015,0.07572434903137015,27.2,-0.0038957342031584463,-0.00440106769105536,81920,0.0,1,0.85,3.088027953537733,31.941120245139068,0.0,0.2572816734245329,38.84556271377708,32.09428435895639,0.85,8,0.19853510094821544,0.3505647674979569,0.2024308351513739,0.35496583518901226,6.8,2.56,10.106182916580298,0.0,0.00622633205179568,redistribute,81920,0.0,ok,24.953282628304212,34.0,0.0,0.0,38.99065652566084,32.19065652566084,0.2495362805217738,-0.2495362805217738
0.0,3.012303604506363,0.0,experiment-evaluation-008,updated,0.11551505995294553,0.11551505995294553,27.2,-0.0038957342031584463,-0.00440106769105536,81920,0.0,1,0.85,3.1278186644593085,32.031693632341174,0.0,0.16508226372043566,38.84556271377708,32.09428435895639,0.85,8,0.19853510094821544,0.3505647674979569,0.2024308351513739,0.35496583518901226,6.8,2.56,10.106182916580298,0.0,0.00622633205179568,redistribute,81920,0.0,ok,24.953282628304212,34.0,0.0,0.0,38.99065652566084,32.19065652566084,0.15896289331966784,-0.15896289331966784
1.0,3.012303604506363,0.0,experiment-evaluation-008,known,0.08653434380179448,0.08653434380179448,27.2,-0.0038957342031584463,-0.00440106769105536,81920,0.0,1,0.85,3.0988379483081574,31.97762615284365,3.012303604506363,0.21934613668415773,38.857344466495476,32.10606611167479,0.85,8,0.19853510094821544,0.3505647674979569,0.2024308351513739,0.35496583518901226,6.8,2.56,10.106182916580298,0.0,0.0,redistribute,81920,0.0,ok,24.984414288563194,34.0,0.0,0.0,38.996882857712635,32.19688285771264,0.21925670486898596,-0.21925670486898596
0.0,3.1138169708149626,3.1220551882405503,experiment-evaluation-008,frozen,0.33675836015719085,0.33675836015719085,27.2,-0.0032414280459864275,-0.007593239648935157,81920,0.0,2,0.85,3.4505753309721534,32.31289092272986,0.0,0.3141704119825673,38.9755584725623,32.22114232664488,0.85,8,0.18963090712475605,0.3361240277043141,0.19287233517074248,0.34371726735324926,6.8,2.56,11.214697588389292,0.0,0.006436156826890027,early,81920,0.0,ok,23.935157266232366,34.0,0.0,0.0,38.78703145324647,31.987031453246473,0.3258594694833903,0.3258594694833903
0.0,3.1138169708149626,3.1220551882405503,experiment-evaluation-008,updated,0.30749434352318206,0.30749434352318206,27.2,-0.0032414280459864275,-0.007593239648935157,81920,0.0,2,0.85,3.4213113143381446,32.25425714664003,0.0,0.24862536154363943,38.9755584725623,32.22114232664488,0.85,8,0.18963090712475605,0.3361240277043141,0.19287233517074248,0.34371726735324926,6.8,2.56,11.214697588389292,0.0,0.006436156826890027,early,81920,0.0,ok,23.935157266232366,34.0,0.0,0.0,38.78703145324647,31.987031453246473,0.26722569339355573,0.26722569339355573
1.0,3.1138169708149626,3.1220551882405503,experiment-evaluation-008,known,0.2509089099409145,0.2509089099409145,27.2,-0.0032414280459864275,-0.007593239648935157,81920,0.0,2,0.85,3.364725880755877,32.05922713446072,3.1138169708149626,0.06550021417279221,38.98773726539898,32.23332111948156,0.85,8,0.18963090712475605,0.3361240277043141,0.19287233517074248,0.34371726735324926,6.8,2.56,11.214697588389292,0.0,0.0,early,81920,0.0,ok,23.967338050366813,34.0,0.0,0.0,38.793467610073364,31.993467610073363,0.06575952438735655,0.06575952438735655
0.0,3.128303852404877,3.1220551882405503,experiment-evaluation-008,frozen,0.33472057154944324,0.33472057154944324,27.2,0.020450189957902765,0.0403278230026467,81920,0.0,2,0.85,3.4630244239543204,32.301621721751104,0.0,0.31107418622208033,38.97243424867472,32.22115589385404,0.85,8,0.21332252512864525,0.38404509035589596,0.19287233517074248,0.34371726735324926,6.8,2.56,11.063792571827683,0.0,0.006466100732620106,late,81920,0.0,ok,23.894289289767336,34.0,0.0,0.0,38.77885785795347,31.978857857953468,0.3227638637976362,0.3227638637976362
0.0,3.128303852404877,3.1220551882405503,experiment-evaluation-008,updated,0.28391168043388104,0.28391168043388104,27.2,0.020450189957902765,0.0403278230026467,81920,0.0,2,0.85,3.4122155328387582,32.21034186470653,0.0,0.20568162919601818,38.97243424867472,32.22115589385404,0.85,8,0.21332252512864525,0.38404509035589596,0.19287233517074248,0.34371726735324926,6.8,2.56,11.063792571827683,0.0,0.006466100732620106,late,81920,0.0,ok,23.894289289767336,34.0,0.0,0.0,38.77885785795347,31.978857857953468,0.23148400675306036,0.23148400675306036
1.0,3.128303852404877,3.1220551882405503,experiment-evaluation-008,known,0.2509089099409145,0.2509089099409145,27.2,0.020450189957902765,0.0403278230026467,81920,0.0,2,0.85,3.3792127623457917,32.05108353638577,3.128303852404877,0.06550026748510973,38.98466970275109,32.23339134793041,0.85,8,0.21332252512864525,0.38404509035589596,0.19287233517074248,0.34371726735324926,6.8,2.56,11.063792571827683,0.0,0.0,late,81920,0.0,ok,23.92661979343044,34.0,0.0,0.0,38.785323958686085,31.985323958686088,0.06575957769968,0.06575957769968
0.0,3.12106041160992,3.1220551882405503,experiment-evaluation-008,frozen,0.33573946585331704,0.33573946585331704,27.2,0.011520347329398606,0.022391000218439427,81920,0.0,2,0.85,3.456799877463237,32.30725634724048,0.0,0.31262232410232,38.97399636061851,32.221149110249456,0.85,8,0.2043926825001411,0.3661082675716887,0.19287233517074248,0.34371726735324926,6.8,2.56,11.139245080108488,0.0,0.006451128779758619,split,81920,0.0,ok,23.914723277999848,34.0,0.0,0.0,38.78294465559997,31.98294465559997,0.32431169164051354,0.32431169164051354
0.0,3.12106041160992,3.1220551882405503,experiment-evaluation-008,updated,0.2957989683010589,0.2957989683010589,27.2,0.011520347329398606,0.022391000218439427,81920,0.0,2,0.85,3.4168593799109788,32.2234810509852,0.0,0.2208049317516192,38.97399636061851,32.221149110249456,0.85,8,0.2043926825001411,0.3661082675716887,0.19287233517074248,0.34371726735324926,6.8,2.56,11.139245080108488,0.0,0.006451128779758619,split,81920,0.0,ok,23.914723277999848,34.0,0.0,0.0,38.78294465559997,31.98294465559997,0.24053639538523086,0.24053639538523086
1.0,3.12106041160992,3.1220551882405503,experiment-evaluation-008,known,0.2509089099409141,0.2509089099409141,27.2,0.011520347329398606,0.022391000218439427,81920,0.0,2,0.85,3.371969321550834,32.05515536042324,3.12106041160992,0.06550026582895067,38.98620348407504,32.23335623370599,0.85,8,0.2043926825001411,0.3661082675716887,0.19287233517074248,0.34371726735324926,6.8,2.56,11.139245080108488,0.0,0.0,split,81920,0.0,ok,23.946978921898634,34.0,0.0,0.0,38.78939578437973,31.989395784379727,0.06575957604351501,0.06575957604351501
0.0,3.03214354176136,0.0,experiment-evaluation-008,frozen,0.3482469046205434,0.3482469046205434,27.2,-0.0032521214498899,-0.00813336786476515,81920,0.0,2,0.85,3.3803904463819032,32.30609334353697,0.0,0.3316265013333724,38.95950033634268,32.208221981521994,0.85,8,0.18962021372085258,0.3355838994884841,0.19287233517074248,0.34371726735324926,6.8,2.56,10.933294344507914,0.0,0.006267340546774136,redistribute,81920,0.0,ok,23.813906402648207,34.0,0.0,0.0,38.76278128052964,31.96278128052964,0.34331206300733186,0.34331206300733186
0.0,3.03214354176136,0.0,experiment-evaluation-008,updated,0.299560712430301,0.299560712430301,27.2,-0.0032521214498899,-0.00813336786476515,81920,0.0,2,0.85,3.331704254191661,32.181933308482996,0.0,0.20408357899233684,38.95950033634268,32.208221981521994,0.85,8,0.18962021372085258,0.3355838994884841,0.19287233517074248,0.34371726735324926,6.8,2.56,10.933294344507914,0.0,0.006267340546774136,redistribute,81920,0.0,ok,23.813906402648207,34.0,0.0,0.0,38.76278128052964,31.96278128052964,0.2191520279533563,0.2191520279533563
1.0,3.03214354176136,0.0,experiment-evaluation-008,known,0.2509089099409145,0.2509089099409145,27.2,-0.0032521214498899,-0.00813336786476515,81920,0.0,2,0.85,3.2830524517022743,32.03480818482802,3.03214354176136,0.06550025353704096,38.97135968722692,32.22008133240624,0.85,8,0.18962021372085258,0.3355838994884841,0.19287233517074248,0.34371726735324926,6.8,2.56,10.933294344507914,0.0,0.0,redistribute,81920,0.0,ok,23.845243105382075,34.0,0.0,0.0,38.769048621076415,31.969048621076414,0.06575956375160885,0.06575956375160885
1.0,2.728292475983374,2.9921416437167156,experiment-evaluation-009,frozen,0.3156361484146153,0.3156361484146153,27.2,-0.18219272665849062,-0.3563518528810826,81920,0.0,0,0.85,3.0439286243979895,31.61412811550489,2.728292475983374,0.07218997306862107,38.70572188026797,31.905721880267976,0.85,8,0.1889562869110588,0.33164943247025924,0.37114901356954944,0.6880012853513419,6.8,2.56,10.977564704205534,0.0,0.0,early,81920,0.0,ok,22.56815225495987,34.0,0.0,0.0,38.513630450991975,31.713630450991975,0.09950233548708454,-0.09950233548708454
1.0,2.728292475983374,2.9921416437167156,experiment-evaluation-009,updated,0.37010319355639876,0.37010319355639876,27.2,-0.18219272665849062,-0.3563518528810826,81920,0.0,0,0.85,3.098395669539773,31.759445794336557,2.728292475983374,0.05377588808456105,38.70572188026797,31.905721880267976,0.85,8,0.1889562869110588,0.33164943247025924,0.37114901356954944,0.6880012853513419,6.8,2.56,10.977564704205534,0.0,0.0,early,81920,0.0,ok,22.56815225495987,34.0,0.0,0.0,38.513630450991975,31.713630450991975,0.04581534334458226,0.04581534334458226
1.0,2.728292475983374,2.9921416437167156,experiment-evaluation-009,known,0.39457277375639954,0.39457277375639954,27.2,-0.18219272665849062,-0.3563518528810826,81920,0.0,0,0.85,3.1228652497397738,31.80550102354507,2.728292475983374,0.08778184943669487,38.70572188026797,31.905721880267976,0.85,8,0.1889562869110588,0.33164943247025924,0.37114901356954944,0.6880012853513419,6.8,2.56,10.977564704205534,0.0,0.0,early,81920,0.0,ok,22.56815225495987,34.0,0.0,0.0,38.513630450991975,31.713630450991975,0.09187057255309483,0.09187057255309483
1.0,2.7471517947059194,2.9921416437167156,experiment-evaluation-009,frozen,0.31025258146708445,0.31025258146708445,27.2,-0.19058175597065294,-0.3733062173606593,81920,0.0,0,0.85,3.057404376173004,31.595411634359742,2.7471517947059194,0.0805125511604435,38.704880184795094,31.904880184795097,0.85,8,0.1805672575988965,0.3146950679906826,0.37114901356954944,0.6880012853513419,6.8,2.56,10.781113467512352,0.0,0.0,late,81920,0.0,ok,22.516903766511053,34.0,0.0,0.0,38.50338075330221,31.70338075330221,0.10796911894246719,-0.10796911894246719
1.0,2.7471517947059194,2.9921416437167156,experiment-evaluation-009,updated,0.3728223947596887,0.3728223947596887,27.2,-0.19058175597065294,-0.3733062173606593,81920,0.0,0,0.85,3.119974189465608,31.76098806719664,2.7471517947059194,0.06160654078263642,38.704880184795094,31.904880184795097,0.85,8,0.1805672575988965,0.3146950679906826,0.37114901356954944,0.6880012853513419,6.8,2.56,10.781113467512352,0.0,0.0,late,81920,0.0,ok,22.516903766511053,34.0,0.0,0.0,38.50338075330221,31.70338075330221,0.057607313894429524,0.057607313894429524
1.0,2.7471517947059194,2.9921416437167156,experiment-evaluation-009,known,0.39457277375639954,0.39457277375639954,27.2,-0.19058175597065294,-0.3733062173606593,81920,0.0,0,0.85,3.141724568462319,31.795251273193948,2.7471517947059194,0.08778179677533278,38.704880184795094,31.904880184795097,0.85,8,0.1805672575988965,0.3146950679906826,0.37114901356954944,0.6880012853513419,6.8,2.56,10.781113467512352,0.0,0.0,late,81920,0.0,ok,22.516903766511053,34.0,0.0,0.0,38.50338075330221,31.70338075330221,0.09187051989173867,0.09187051989173867
1.0,2.7377221353446473,2.9921416437167156,experiment-evaluation-009,frozen,0.3129443649408499,0.3129443649408499,27.2,-0.18797781926353602,-0.36796607870295134,81920,0.0,0,0.85,3.050666500285497,31.604769924932317,2.7377221353446473,0.07635121211452993,38.70530103253154,31.905301032531536,0.85,8,0.18317119430601342,0.3200352066483905,0.37114901356954944,0.6880012853513419,6.8,2.56,10.879339085858943,0.0,0.0,split,81920,0.0,ok,22.542528010735463,34.0,0.0,0.0,38.50850560214709,31.708505602147092,0.10373567721477528,-0.10373567721477528
1.0,2.7377221353446473,2.9921416437167156,experiment-evaluation-009,updated,0.3706911026460684,0.3706911026460684,27.2,-0.18797781926353602,-0.36796607870295134,81920,0.0,0,0.85,3.1084132379907157,31.755393831658687,2.7377221353446473,0.05405489689596147,38.70530103253154,31.905301032531536,0.85,8,0.18317119430601342,0.3200352066483905,0.37114901356954944,0.6880012853513419,6.8,2.56,10.879339085858943,0.0,0.0,split,81920,0.0,ok,22.542528010735463,34.0,0.0,0.0,38.50850560214709,31.708505602147092,0.04688822951159466,0.04688822951159466
1.0,2.7377221353446473,2.9921416437167156,experiment-evaluation-009,known,0.39457277375639954,0.39457277375639954,27.2,-0.18797781926353602,-0.36796607870295134,81920,0.0,0,0.85,3.132294909101047,31.80037619836951,2.7377221353446473,0.08778187310601382,38.70530103253154,31.905301032531536,0.85,8,0.18317119430601342,0.3200352066483905,0.37114901356954944,0.6880012853513419,6.8,2.56,10.879339085858943,0.0,0.0,split,81920,0.0,ok,22.542528010735463,34.0,0.0,0.0,38.50850560214709,31.708505602147092,0.09187059622241733,0.09187059622241733
1.0,2.6219683357517436,0.0,experiment-evaluation-009,frozen,0.34598735756997856,0.34598735756997856,27.2,-0.04995693883377578,-0.09427355303072427,81920,0.0,0,0.85,2.967955693321722,31.57447780068833,2.6219683357517436,0.026089472617742377,38.68380778433301,31.883807784333015,0.85,8,0.32119207473577366,0.5937277323206176,0.37114901356954944,0.6880012853513419,6.8,2.56,10.611228206390036,0.0,0.0,redistribute,81920,0.0,ok,22.13123425017311,34.0,0.0,0.0,38.42624685003462,31.626246850034622,0.051769049346290785,-0.051769049346290785
1.0,2.6219683357517436,0.0,experiment-evaluation-009,updated,0.3762539103893996,0.3762539103893996,27.2,-0.04995693883377578,-0.09427355303072427,81920,0.0,0,0.85,2.998222246141143,31.637887848868957,2.6219683357517436,0.03821669992349186,38.68380778433301,31.883807784333015,0.85,8,0.32119207473577366,0.5937277323206176,0.37114901356954944,0.6880012853513419,6.8,2.56,10.611228206390036,0.0,0.0,redistribute,81920,0.0,ok,22.13123425017311,34.0,0.0,0.0,38.42624685003462,31.626246850034622,0.011640998834334226,0.011640998834334226
1.0,2.6219683357517436,0.0,experiment-evaluation-009,known,0.39457277375639954,0.39457277375639954,27.2,-0.04995693883377578,-0.09427355303072427,81920,0.0,0,0.85,3.016541109508143,31.718117389964988,2.6219683357517436,0.08778181681396191,38.68380778433301,31.883807784333015,0.85,8,0.32119207473577366,0.5937277323206176,0.37114901356954944,0.6880012853513419,6.8,2.56,10.611228206390036,0.0,0.0,redistribute,81920,0.0,ok,22.13123425017311,34.0,0.0,0.0,38.42624685003462,31.626246850034622,0.09187053993036542,0.09187053993036542
0.0,3.6696992852972707,3.283670366526105,experiment-evaluation-009,frozen,0.36940822086945335,-0.36940822086945335,27.2,-0.059659643757419056,-0.11803347593513236,81920,0.0,1,0.85,3.3002910644278174,31.916350296078676,0.0,0.04372013524723902,38.58160789575424,31.781607895754238,0.85,8,0.3613209180350736,0.6733900092797279,0.42098056179249266,0.7914234852148603,6.8,2.56,11.582565634019078,0.0,0.07605382477456857,early,81920,0.0,ok,23.41424998133996,34.0,0.0,0.0,38.68284999626799,31.882849996267993,0.03350029981068303,0.03350029981068303
0.0,3.6696992852972707,3.283670366526105,experiment-evaluation-009,updated,0.35873635238611534,-0.35873635238611534,27.2,-0.059659643757419056,-0.11803347593513236,81920,0.0,1,0.85,3.3109629329111554,31.928156447116976,0.0,0.03565395342767985,38.58160789575424,31.781607895754238,0.85,8,0.3613209180350736,0.6733900092797279,0.42098056179249266,0.7914234852148603,6.8,2.56,11.582565634019078,0.0,0.07605382477456857,early,81920,0.0,ok,23.41424998133996,34.0,0.0,0.0,38.68284999626799,31.882849996267993,0.045306450848983104,0.045306450848983104
1.0,3.6696992852972707,3.283670366526105,experiment-evaluation-009,known,0.3160931562666587,-0.3160931562666587,27.2,-0.059659643757419056,-0.11803347593513236,81920,0.0,1,0.85,3.353606129030612,31.93552641972998,3.6696992852972707,0.020101915823147465,38.60508043472422,31.805080434724225,0.85,8,0.3613209180350736,0.6733900092797279,0.42098056179249266,0.7914234852148603,6.8,2.56,11.582565634019078,0.0,0.0,early,81920,0.0,ok,23.794519105212817,34.0,0.0,0.0,38.75890382104256,31.95890382104256,0.023377401312579593,-0.023377401312579593
0.0,3.690396094939334,3.283670366526105,experiment-evaluation-009,frozen,0.37853848075760865,-0.37853848075760865,27.2,-0.023157920196977932,-0.045514394752437015,81920,0.0,1,0.85,3.3118576141817253,31.89080290015474,0.0,0.04857360839593383,38.580551809427085,31.780551809427088,0.85,8,0.3978226415955147,0.7459090904624233,0.42098056179249266,0.7914234852148603,6.8,2.56,11.36697386691426,0.0,0.07648276224642814,late,81920,0.0,ok,23.35586359058337,34.0,0.0,0.0,38.67117271811667,31.871172718116675,0.019630182038063992,0.019630182038063992
0.0,3.690396094939334,3.283670366526105,experiment-evaluation-009,updated,0.3763106854748566,-0.3763106854748566,27.2,-0.023157920196977932,-0.045514394752437015,81920,0.0,1,0.85,3.3140854094644774,31.884499977558463,0.0,0.04671729032481172,38.580551809427085,31.780551809427088,0.85,8,0.3978226415955147,0.7459090904624233,0.42098056179249266,0.7914234852148603,6.8,2.56,11.36697386691426,0.0,0.07648276224642814,late,81920,0.0,ok,23.35586359058337,34.0,0.0,0.0,38.67117271811667,31.871172718116675,0.013327259441787476,0.013327259441787476
1.0,3.690396094939334,3.283670366526105,experiment-evaluation-009,known,0.3160931562666591,-0.3160931562666591,27.2,-0.023157920196977932,-0.045514394752437015,81920,0.0,1,0.85,3.374302938672675,31.924277982471487,3.690396094939334,0.020102012402184972,38.604156731634255,31.804156731634258,0.85,8,0.3978226415955147,0.7459090904624233,0.42098056179249266,0.7914234852148603,6.8,2.56,11.36697386691426,0.0,0.0,late,81920,0.0,ok,23.738277401815523,34.0,0.0,0.0,38.7476554803631,31.947655480363103,0.023377497891615917,-0.023377497891615917
0.0,3.680047690118303,3.283670366526105,experiment-evaluation-009,frozen,0.37397335081353145,-0.37397335081353145,27.2,-0.037023631469381924,-0.07310630447755684,81920,0.0,1,0.85,3.3060743393047716,31.903576623116706,0.0,0.04614686348825477,38.58107985259066,31.78107985259066,0.85,8,0.38395693032311073,0.7183171807373034,0.42098056179249266,0.7914234852148603,6.8,2.56,11.474769750466669,0.0,0.0762682935105019,split,81920,0.0,ok,23.385056785961662,34.0,0.0,0.0,38.67701135719233,31.87701135719233,0.02656526592437558,0.02656526592437558
0.0,3.680047690118303,3.283670366526105,experiment-evaluation-009,updated,0.3703891734397997,-0.3703891734397997,27.2,-0.037023631469381924,-0.07310630447755684,81920,0.0,1,0.85,3.3096585166785033,31.89733090183597,0.0,0.043444144018954724,38.58107985259066,31.78107985259066,0.85,8,0.38395693032311073,0.7183171807373034,0.42098056179249266,0.7914234852148603,6.8,2.56,11.474769750466669,0.0,0.0762682935105019,split,81920,0.0,ok,23.385056785961662,34.0,0.0,0.0,38.67701135719233,31.87701135719233,0.020319544643641052,0.020319544643641052
1.0,3.680047690118303,3.283670366526105,experiment-evaluation-009,known,0.3160931562666587,-0.3160931562666587,27.2,-0.037023631469381924,-0.07310630447755684,81920,0.0,1,0.85,3.3639545338516443,31.929902226100737,3.680047690118303,0.020101939112663558,38.60461858317924,31.80461858317924,0.85,8,0.38395693032311073,0.7183171807373034,0.42098056179249266,0.7914234852148603,6.8,2.56,11.474769750466669,0.0,0.0,split,81920,0.0,ok,23.766398253514172,34.0,0.0,0.0,38.75327965070283,31.953279650702832,0.023377424602095687,-0.023377424602095687
0.0,3.553015829065135,0.0,experiment-evaluation-009,frozen,0.31793409038886145,-0.31793409038886145,27.2,-0.020635334589205134,-0.040357665285786215,81920,0.0,1,0.85,3.2350817386762736,31.901066720957758,0.0,0.0581063424586444,38.558305021210636,31.75830502121064,0.85,8,0.4003452272032875,0.7510658199290741,0.42098056179249266,0.7914234852148603,6.8,2.56,11.180536437112652,0.0,0.07363558217635102,redistribute,81920,0.0,ok,22.946853631323243,34.0,0.0,0.0,38.58937072626465,31.78937072626465,0.11169599469310754,0.11169599469310754
0.0,3.553015829065135,0.0,experiment-evaluation-009,updated,0.32688217009578047,-0.32688217009578047,27.2,-0.020635334589205134,-0.040357665285786215,81920,0.0,1,0.85,3.2261336589693546,31.87411842988314,0.0,0.04527348162569448,38.558305021210636,31.75830502121064,0.85,8,0.4003452272032875,0.7510658199290741,0.42098056179249266,0.7914234852148603,6.8,2.56,11.180536437112652,0.0,0.07363558217635102,redistribute,81920,0.0,ok,22.946853631323243,34.0,0.0,0.0,38.58937072626465,31.78937072626465,0.08474770361848982,0.08474770361848982
1.0,3.553015829065135,0.0,experiment-evaluation-009,known,0.3160931562666587,-0.3160931562666587,27.2,-0.020635334589205134,-0.040357665285786215,81920,0.0,1,0.85,3.2369226727984763,31.839628878183397,3.553015829065135,0.020101944768170437,38.581031216472155,31.781031216472158,0.85,8,0.4003452272032875,0.7510658199290741,0.42098056179249266,0.7914234852148603,6.8,2.56,11.180536437112652,0.0,0.0,redistribute,81920,0.0,ok,23.315031542205,34.0,0.0,0.0,38.663006308441,31.863006308441,0.02337743025760375,-0.02337743025760375
1.0,3.6013434371140365,3.6226857958928194,experiment-evaluation-009,frozen,0.039200879909901065,0.039200879909901065,27.2,0.00018043885882695898,9.654378260837149e-05,81920,0.0,2,0.85,3.6405443170239375,32.05617683307514,3.6013434371140365,0.06292579454361065,38.52938293181211,31.72938293181211,0.85,8,0.16577417583830795,0.2858112720376115,0.165593736979481,0.2857147282550031,6.8,2.56,13.578799059655584,0.0,0.0,early,81920,0.0,ok,24.612352442017063,34.0,0.0,0.0,38.922470488403405,32.12247048840341,0.06629365532826625,-0.06629365532826625
1.0,3.6013434371140365,3.6226857958928194,experiment-evaluation-009,updated,0.16922107608610393,0.16922107608610393,27.2,0.00018043885882695898,9.654378260837149e-05,81920,0.0,2,0.85,3.7705645132001404,32.32902453485765,3.6013434371140365,0.1939152190179859,38.52938293181211,31.72938293181211,0.85,8,0.16577417583830795,0.2858112720376115,0.165593736979481,0.2857147282550031,6.8,2.56,13.578799059655584,0.0,0.0,early,81920,0.0,ok,24.612352442017063,34.0,0.0,0.0,38.922470488403405,32.12247048840341,0.2065540464542437,0.2065540464542437
1.0,3.6013434371140365,3.6226857958928194,experiment-evaluation-009,known,0.1470665294195319,0.1470665294195319,27.2,0.00018043885882695898,9.654378260837149e-05,81920,0.0,2,0.85,3.7484099665335684,32.32086529493644,3.6013434371140365,0.19687084350647885,38.52938293181211,31.72938293181211,0.85,8,0.16577417583830795,0.2858112720376115,0.165593736979481,0.2857147282550031,6.8,2.56,13.578799059655584,0.0,0.0,early,81920,0.0,ok,24.612352442017063,34.0,0.0,0.0,38.922470488403405,32.12247048840341,0.198394806533031,0.198394806533031
1.0,3.6241770440055583,3.6226857958928194,experiment-evaluation-009,frozen,0.03848269952067351,0.03848269952067351,27.2,0.0019637984732995273,0.0028135573115530277,81920,0.0,2,0.85,3.662659743526232,32.04263536917144,3.6241770440055583,0.06403722218856937,38.528363862998816,31.72836386299882,0.85,8,0.16755753545278051,0.28852828556655613,0.165593736979481,0.2857147282550031,6.8,2.56,13.340948987868893,0.0,0.0,late,81920,0.0,ok,24.550304185861012,34.0,0.0,0.0,38.910060837172196,32.1100608371722,0.06742546800075644,-0.06742546800075644
1.0,3.6241770440055583,3.6226857958928194,experiment-evaluation-009,updated,0.17599825812502212,0.17599825812502212,27.2,0.0019637984732995273,0.0028135573115530277,81920,0.0,2,0.85,3.8001753021305804,32.33570811517819,3.6241770440055583,0.21373437310095986,38.528363862998816,31.72836386299882,0.85,8,0.16755753545278051,0.28852828556655613,0.165593736979481,0.2857147282550031,6.8,2.56,13.340948987868893,0.0,0.0,late,81920,0.0,ok,24.550304185861012,34.0,0.0,0.0,38.910060837172196,32.1100608371722,0.2256472780059937,0.2256472780059937
1.0,3.6241770440055583,3.6226857958928194,experiment-evaluation-009,known,0.14706652941953147,0.14706652941953147,27.2,0.0019637984732995273,0.0028135573115530277,81920,0.0,2,0.85,3.7712435734250898,32.30845560806256,3.6241770440055583,0.19687080786381492,38.528363862998816,31.72836386299882,0.85,8,0.16755753545278051,0.28852828556655613,0.165593736979481,0.2857147282550031,6.8,2.56,13.340948987868893,0.0,0.0,late,81920,0.0,ok,24.550304185861012,34.0,0.0,0.0,38.910060837172196,32.1100608371722,0.19839477089035995,0.19839477089035995
1.0,3.612760240559797,3.6226857958928194,experiment-evaluation-009,frozen,0.03884178971528707,0.03884178971528707,27.2,0.0005238632423350265,0.00032477466213054473,81920,0.0,2,0.85,3.6516020302750842,32.04940607612329,3.612760240559797,0.0634815333660903,38.52887339740546,31.728873397405465,0.85,8,0.16611760022181601,0.28603950291713365,0.165593736979481,0.2857147282550031,6.8,2.56,13.45987402376224,0.0,0.0,split,81920,0.0,ok,24.581328313939036,34.0,0.0,0.0,38.91626566278781,32.11626566278781,0.06685958666452052,-0.06685958666452052
1.0,3.612760240559797,3.6226857958928194,experiment-evaluation-009,updated,0.1741569053995824,0.1741569053995824,27.2,0.0005238632423350265,0.00032477466213054473,81920,0.0,2,0.85,3.7869171459593796,32.336236460334696,3.612760240559797,0.20780704668751562,38.52887339740546,31.728873397405465,0.85,8,0.16611760022181601,0.28603950291713365,0.165593736979481,0.2857147282550031,6.8,2.56,13.45987402376224,0.0,0.0,split,81920,0.0,ok,24.581328313939036,34.0,0.0,0.0,38.91626566278781,32.11626566278781,0.21997079754688542,0.21997079754688542
1.0,3.612760240559797,3.6226857958928194,experiment-evaluation-009,known,0.1470665294195319,0.1470665294195319,27.2,0.0005238632423350265,0.00032477466213054473,81920,0.0,2,0.85,3.759826769979329,32.3146604264995,3.612760240559797,0.19687080068514481,38.52887339740546,31.728873397405465,0.85,8,0.16611760022181601,0.28603950291713365,0.165593736979481,0.2857147282550031,6.8,2.56,13.45987402376224,0.0,0.0,split,81920,0.0,ok,24.581328313939036,34.0,0.0,0.0,38.91626566278781,32.11626566278781,0.19839476371168985,0.19839476371168985
1.0,3.4726132503641898,0.0,experiment-evaluation-009,frozen,0.043249802012513605,0.043249802012513605,27.2,0.0025853227097549225,0.003717747088322121,81920,0.0,2,0.85,3.5158630523767034,31.956759192754344,3.4726132503641898,0.056660117146377566,38.50285080415026,31.702850804150263,0.85,8,0.1681790596892359,0.2894324753433252,0.165593736979481,0.2857147282550031,6.8,2.56,13.135263229745863,0.0,0.0,redistribute,81920,0.0,ok,24.083361224895167,34.0,0.0,0.0,38.81667224497903,32.016672244979034,0.05991305222469023,-0.05991305222469023
1.0,3.4726132503641898,0.0,experiment-evaluation-009,updated,0.1710168002079091,0.1710168002079091,27.2,0.0025853227097549225,0.003717747088322121,81920,0.0,2,0.85,3.643630050572099,32.23984431672313,3.4726132503641898,0.21138433671464676,38.50285080415026,31.702850804150263,0.85,8,0.1681790596892359,0.2894324753433252,0.165593736979481,0.2857147282550031,6.8,2.56,13.135263229745863,0.0,0.0,redistribute,81920,0.0,ok,24.083361224895167,34.0,0.0,0.0,38.81667224497903,32.016672244979034,0.22317207174409504,0.22317207174409504
1.0,3.4726132503641898,0.0,experiment-evaluation-009,known,0.1470665294195319,0.1470665294195319,27.2,0.0025853227097549225,0.003717747088322121,81920,0.0,2,0.85,3.6196797797837217,32.215066977699365,3.4726132503641898,0.1968707696937789,38.50285080415026,31.702850804150263,0.85,8,0.1681790596892359,0.2894324753433252,0.165593736979481,0.2857147282550031,6.8,2.56,13.135263229745863,0.0,0.0,redistribute,81920,0.0,ok,24.083361224895167,34.0,0.0,0.0,38.81667224497903,32.016672244979034,0.19839473272033104,0.19839473272033104
1.0,1.3636545422095017,1.5187580053584435,experiment-evaluation-010,frozen,0.16726685267873775,0.16726685267873775,21.007703878050457,0.07336870644057941,0.1266993902143334,81920,0.0,0,0.5597361192836152,1.5309213948882394,20.04010821749661,1.3636545422095017,1.0671122097694112,27.00481434510049,22.23179319185403,0.6146876974635538,8,0.4976362166147183,0.7925020067292192,0.4242675101741389,0.6658026165148858,5.4406609395265955,1.92,5.329716394724437,1.3593390604734046,0.1280390338213131,early,81920,6.192296121949541,ok,0.16148733370164398,26.44836481757705,0.0,7.551635182422945,26.48066228431738,21.040001344790785,0.9998931272941753,-0.9998931272941753
1.0,1.3636545422095017,1.5187580053584435,experiment-evaluation-010,updated,0.2122441449930712,0.2122441449930712,21.007703878050457,0.07336870644057941,0.1266993902143334,81920,0.0,0,0.5597361192836152,1.5758986872025729,20.57876470818953,1.3636545422095017,0.5374371187465989,27.00481434510049,22.23179319185403,0.6146876974635538,8,0.4976362166147183,0.7925020067292192,0.4242675101741389,0.6658026165148858,5.4406609395265955,1.92,5.329716394724437,1.3593390604734046,0.1280390338213131,early,81920,6.192296121949541,ok,0.16148733370164398,26.44836481757705,0.0,7.551635182422945,26.48066228431738,21.040001344790785,0.461236636601253,-0.461236636601253
0.0,1.3636545422095017,1.5187580053584435,experiment-evaluation-010,known,0.20796608275477801,0.20796608275477801,21.135997974755096,0.07336870644057941,0.1266993902143334,81920,0.0,0,0.5657499050666451,1.5716206249642797,20.976583965560184,0.0,0.21161279409020986,26.99427988914775,22.221258735901294,0.6142109147239838,8,0.4976362166147183,0.7925020067292192,0.4242675101741389,0.6658026165148858,5.4406609395265955,1.92,5.329716394724437,1.3593390604734046,0.0,early,81920,6.0640020252449025,ok,0.1602120192850145,26.57665891428169,0.0,7.423341085718307,26.608701318138692,21.168040378612098,0.1914564130519132,-0.1914564130519132
1.0,1.3670434957161584,1.5187580053584435,experiment-evaluation-010,frozen,0.17073220053903682,0.17073220053903682,21.030798814410225,-0.16352087712638053,-0.2836057604495553,81920,0.0,0,0.5608186944254794,1.5377756962551952,20.089755825940024,1.3670434957161584,1.042763237127127,27.00413968302705,22.232352594713483,0.6147142556018744,8,0.26074663304775836,0.3821968560653305,0.4242675101741389,0.6658026165148858,5.402356253081635,1.92,5.2944147956967615,1.3976437469183647,0.1298947491521929,late,81920,6.169201185589772,ok,0.16167224936733332,26.43315506749186,0.0,7.566844932508137,26.465489517365327,21.063133264283692,0.9733774383436682,-0.9733774383436682
0.0,1.3670434957161584,1.5187580053584435,experiment-evaluation-010,updated,0.22120899988114506,0.22120899988114506,21.16094926032788,-0.16352087712638053,-0.2836057604495553,81920,0.0,0,0.5669194965778693,1.5882524955973034,20.86746392059168,0.0,0.30203403328394646,26.993601779844766,22.221814691531197,0.6142373535712238,8,0.26074663304775836,0.3821968560653305,0.4242675101741389,0.6658026165148858,5.402356253081635,1.92,5.2944147956967615,1.3976437469183647,0.0,late,81920,6.03905073967212,ok,0.1603937655400279,26.563305513409514,0.0,7.4366944865904845,26.59538426651752,21.193028013435885,0.32556409284420695,-0.32556409284420695
0.0,1.3670434957161584,1.5187580053584435,experiment-evaluation-010,known,0.20796608275477824,0.20796608275477824,21.16094926032788,-0.16352087712638053,-0.2836057604495553,81920,0.0,0,0.5669194965778693,1.5750095784709366,21.001742652698013,0.0,0.21190475331822137,26.993601779844766,22.221814691531197,0.6142373535712238,8,0.26074663304775836,0.3821968560653305,0.4242675101741389,0.6658026165148858,5.402356253081635,1.92,5.2944147956967615,1.3976437469183647,0.0,late,81920,6.03905073967212,ok,0.1603937655400279,26.563305513409514,0.0,7.4366944865904845,26.59538426651752,21.193028013435885,0.19128536073787217,-0.19128536073787217
1.0,1.3653490189628301,1.5187580053584435,experiment-evaluation-010,frozen,0.16899952660888728,0.16899952660888728,21.019265821964726,-0.02826906866462986,-0.052803669451641166,81920,0.0,0,0.5602780854045967,1.5343485455717174,20.064921800743655,1.3653490189628301,1.0553168904334764,27.004477014063767,22.232072893283757,0.614700976532714,8,0.395998441509509,0.6129989470632446,0.4242675101741389,0.6658026165148858,5.421508596304115,1.92,5.312065595210599,1.3784914036958849,0.13012049868161313,split,81920,6.180734178035272,ok,0.16157979153448865,26.44077441826884,0.0,7.559225581731157,26.47309037657574,21.051581780271626,0.9866599795279711,-0.9866599795279711
0.0,1.3653490189628301,1.5187580053584435,experiment-evaluation-010,updated,0.2198508480640684,0.2198508480640684,21.149641700470735,-0.02826906866462986,-0.052803669451641166,81920,0.0,0,0.5663894547095656,1.5851998670268985,20.714326709487537,0.0,0.4065968708359205,26.993940834496257,22.221536713716244,0.6142241341476038,8,0.395998441509509,0.6129989470632446,0.4242675101741389,0.6658026165148858,5.421508596304115,1.92,5.312065595210599,1.3784914036958849,0.0,split,81920,6.050358299529266,ok,0.16030289241252127,26.57115029677485,0.0,7.4288497032251515,26.603210875257354,21.18170227895324,0.4673755694657018,-0.4673755694657018
0.0,1.3653490189628301,1.5187580053584435,experiment-evaluation-010,known,0.20796608275477801,0.20796608275477801,21.149641700470735,-0.02826906866462986,-0.052803669451641166,81920,0.0,0,0.5663894547095656,1.5733151017176081,20.989178786780606,0.0,0.21215010103939017,26.993940834496257,22.221536713716244,0.6142241341476038,8,0.395998441509509,0.6129989470632446,0.4242675101741389,0.6658026165148858,5.421508596304115,1.92,5.312065595210599,1.3784914036958849,0.0,split,81920,6.050358299529266,ok,0.16030289241252127,26.57115029677485,0.0,7.4288497032251515,26.603210875257354,21.18170227895324,0.19252349217263287,-0.19252349217263287
1.0,1.3445484666835863,0.0,experiment-evaluation-010,frozen,0.1477300848203451,0.1477300848203451,21.010604201239264,-0.16942203925437826,-0.2922035390657584,81920,0.0,0,0.5598720719330906,1.4922785515039314,19.912424664944034,1.3445484666835863,1.1953163881246276,26.991514297345585,22.220819053411212,0.6141940252323514,8,0.2548454709197606,0.3735990774491274,0.4242675101741389,0.6658026165148858,5.572078491264008,1.9734064374817686,5.263887009413499,1.2279215087359923,0.1350062852992373,redistribute,81920,6.189395798760734,ok,0.16044482524950798,26.582682692503273,0.0,7.4173173074967265,26.614771657553174,21.042693166289165,1.1302685013451317,-1.1302685013451317
0.0,1.3445484666835863,0.0,experiment-evaluation-010,updated,0.21467983247303124,0.21467983247303124,21.14586197575228,-0.16942203925437826,-0.2922035390657584,81920,0.0,0,0.5662122801133881,1.5592282991566175,20.841071526369824,0.0,0.30596464179494615,26.98108935842363,22.210394114489258,0.6137221376391175,8,0.2548454709197606,0.3735990774491274,0.4242675101741389,0.6658026165148858,5.572078491264008,1.9734064374817686,5.263887009413499,1.2279215087359923,0.0,redistribute,81920,6.054138024247721,ok,0.15918737918062292,26.717940467016287,0.0,7.2820595329837134,26.74977794285241,21.177699451588403,0.3366279252185791,-0.3366279252185791
0.0,1.3445484666835863,0.0,experiment-evaluation-010,known,0.20796608275477824,0.20796608275477824,21.14586197575228,-0.16942203925437826,-0.2922035390657584,81920,0.0,0,0.5662122801133881,1.5525145494383645,20.987164640441918,0.0,0.2030885850027957,26.98108935842363,22.210394114489258,0.6137221376391175,8,0.2548454709197606,0.3735990774491274,0.4242675101741389,0.6658026165148858,5.572078491264008,1.9734064374817686,5.263887009413499,1.2279215087359923,0.0,redistribute,81920,6.054138024247721,ok,0.15918737918062292,26.717940467016287,0.0,7.2820595329837134,26.74977794285241,21.177699451588403,0.19053481114648463,-0.19053481114648463
0.0,1.5599728845434995,1.8302357733617258,experiment-evaluation-010,frozen,0.10107020472193917,0.10107020472193917,22.53111802250488,0.033253564592377965,0.05337665267908398,81920,0.0,1,0.6311461573049163,1.6610430892654386,21.930412627275427,0.0,0.6276293160123743,27.237971275299092,21.578771400836125,0.5847266927502939,8,0.23610214086108136,0.34270915021039516,0.2028485762687034,0.2893324975313112,3.5331538025866003,1.12,5.745025517853366,3.2668461974133995,0.0,early,81920,4.668881977495119,ok,0.24516868041889897,26.06427182509148,0.0,7.935728174908519,26.11330556117526,22.58015175858866,0.6497391313132326,-0.6497391313132326
0.0,1.5599728845434995,1.8302357733617258,experiment-evaluation-010,updated,0.1041703539957557,0.1041703539957557,22.53111802250488,0.033253564592377965,0.05337665267908398,81920,0.0,1,0.6311461573049163,1.6641432385392552,21.881967695362214,0.0,0.6656697148349883,27.237971275299092,21.578771400836125,0.5847266927502939,8,0.23610214086108136,0.34270915021039516,0.2028485762687034,0.2893324975313112,3.5331538025866003,1.12,5.745025517853366,3.2668461974133995,0.0,early,81920,4.668881977495119,ok,0.24516868041889897,26.06427182509148,0.0,7.935728174908519,26.11330556117526,22.58015175858866,0.6981840632264458,-0.6981840632264458
0.0,1.5599728845434995,1.8302357733617258,experiment-evaluation-010,known,0.08885603134044096,0.08885603134044096,22.53111802250488,0.033253564592377965,0.05337665267908398,81920,0.0,1,0.6311461573049163,1.6488289158839404,22.04890783425457,0.0,0.5318608856692713,27.237971275299092,21.578771400836125,0.5847266927502939,8,0.23610214086108136,0.34270915021039516,0.2028485762687034,0.2893324975313112,3.5331538025866003,1.12,5.745025517853366,3.2668461974133995,0.0,early,81920,4.668881977495119,ok,0.24516868041889897,26.06427182509148,0.0,7.935728174908519,26.11330556117526,22.58015175858866,0.5312439243340883,-0.5312439243340883
0.0,1.5640568689045755,1.8302357733617258,experiment-evaluation-010,frozen,0.10229866514888641,0.10229866514888641,22.552267272487935,0.026179164905545615,0.04484577759754538,81920,0.0,1,0.632137528397872,1.666355534053462,21.95730933554674,0.0,0.6190633313950163,27.236892174064323,21.579747236137802,0.5847721095625753,8,0.229027741174249,0.33417827512885656,0.2028485762687034,0.2893324975313112,3.5009450174234114,1.12,5.702484014092156,3.2990549825765885,0.0,late,81920,4.647732727512064,ok,0.24309546677859517,26.053212289911347,0.0,7.946787710088653,26.101831383267065,22.600886365843653,0.6435770302969139,-0.6435770302969139
0.0,1.5640568689045755,1.8302357733617258,experiment-evaluation-010,updated,0.10546562174394203,0.10546562174394203,22.552267272487935,0.026179164905545615,0.04484577759754538,81920,0.0,1,0.632137528397872,1.6695224906485175,21.93624001566394,0.0,0.633248532454631,27.236892174064323,21.579747236137802,0.5847721095625753,8,0.229027741174249,0.33417827512885656,0.2028485762687034,0.2893324975313112,3.5009450174234114,1.12,5.702484014092156,3.2990549825765885,0.0,late,81920,4.647732727512064,ok,0.24309546677859517,26.053212289911347,0.0,7.946787710088653,26.101831383267065,22.600886365843653,0.6646463501797122,-0.6646463501797122
0.0,1.5640568689045755,1.8302357733617258,experiment-evaluation-010,known,0.0888560313404414,0.0888560313404414,22.552267272487935,0.026179164905545615,0.04484577759754538,81920,0.0,1,0.632137528397872,1.652912900245017,22.06887073407537,0.0,0.5302926442693258,27.236892174064323,21.579747236137802,0.5847721095625753,8,0.229027741174249,0.33417827512885656,0.2028485762687034,0.2893324975313112,3.5009450174234114,1.12,5.702484014092156,3.2990549825765885,0.0,late,81920,4.647732727512064,ok,0.24309546677859517,26.053212289911347,0.0,7.946787710088653,26.101831383267065,22.600886365843653,0.5320156317682816,-0.5320156317682816
0.0,1.5620148767240376,1.8302357733617258,experiment-evaluation-010,frozen,0.10168443493541268,0.10168443493541268,22.541692647496408,0.029336096936952216,0.04891315015680947,81920,0.0,1,0.6316418428513941,1.6636993116594503,21.9438760676218,0.0,0.6233310774922826,27.237431724681706,21.57925931848696,0.5847494011564345,8,0.2321846732056556,0.33824564768812065,0.2028485762687034,0.2893324975313112,3.5170494100050056,1.12,5.72375476597276,3.2829505899949942,0.0,split,81920,4.658307352503591,ok,0.24411281700729118,26.058742057501412,0.0,7.941257942498586,26.10756462090287,22.590515210897866,0.6466391432760652,-0.6466391432760652
0.0,1.5620148767240376,1.8302357733617258,experiment-evaluation-010,updated,0.10654127096139465,0.10654127096139465,22.541692647496408,0.029336096936952216,0.04891315015680947,81920,0.0,1,0.6316418428513941,1.6685561476854323,21.915203301319572,0.0,0.642489133447467,27.237431724681706,21.57925931848696,0.5847494011564345,8,0.2321846732056556,0.33824564768812065,0.2028485762687034,0.2893324975313112,3.5170494100050056,1.12,5.72375476597276,3.2829505899949942,0.0,split,81920,4.658307352503591,ok,0.24411281700729118,26.058742057501412,0.0,7.941257942498586,26.10756462090287,22.590515210897866,0.6753119095782942,-0.6753119095782942
0.0,1.5620148767240376,1.8302357733617258,experiment-evaluation-010,known,0.08885603134044096,0.08885603134044096,22.541692647496408,0.029336096936952216,0.04891315015680947,81920,0.0,1,0.6316418428513941,1.6508709080644786,22.058891341936928,0.0,0.5310665131172705,27.237431724681706,21.57925931848696,0.5847494011564345,8,0.2321846732056556,0.33824564768812065,0.2028485762687034,0.2893324975313112,3.5170494100050056,1.12,5.72375476597276,3.2829505899949942,0.0,split,81920,4.658307352503591,ok,0.24411281700729118,26.058742057501412,0.0,7.941257942498586,26.10756462090287,22.590515210897866,0.5316238689609385,-0.5316238689609385
0.0,1.5369483982246093,0.0,experiment-evaluation-010,frozen,0.09414445090095991,0.09414445090095991,22.411393176621708,0.05438873427251156,0.09046329284045218,81920,0.0,1,0.6255340551541426,1.6310928491255692,21.787357054745677,0.0,0.671444422490603,27.221224474565428,21.564536146731736,0.5840612501187402,8,0.25723731054121496,0.37979579037176336,0.2028485762687034,0.2893324975313112,3.8000923234653676,1.2,5.665695370779635,2.999907676534632,0.0,redistribute,81920,4.7886068233782915,ok,0.2901110524086936,26.211485500087075,0.0,7.788514499912924,26.269507710568814,22.469415387103446,0.6820583323577694,-0.6820583323577694
0.0,1.5369483982246093,0.0,experiment-evaluation-010,updated,0.10034479331769819,0.10034479331769819,22.411393176621708,0.05438873427251156,0.09046329284045218,81920,0.0,1,0.6255340551541426,1.6372931915423075,21.775862093968964,0.0,0.672190756875653,27.221224474565428,21.564536146731736,0.5840612501187402,8,0.25723731054121496,0.37979579037176336,0.2028485762687034,0.2893324975313112,3.8000923234653676,1.2,5.665695370779635,2.999907676534632,0.0,redistribute,81920,4.7886068233782915,ok,0.2901110524086936,26.211485500087075,0.0,7.788514499912924,26.269507710568814,22.469415387103446,0.6935532931344817,-0.6935532931344817
0.0,1.5369483982246093,0.0,experiment-evaluation-010,known,0.08885603134044096,0.08885603134044096,22.411393176621708,0.05438873427251156,0.09046329284045218,81920,0.0,1,0.6255340551541426,1.6258044295650502,21.944830478750095,0.0,0.5366752802890128,27.221224474565428,21.564536146731736,0.5840612501187402,8,0.25723731054121496,0.37979579037176336,0.2028485762687034,0.2893324975313112,3.8000923234653676,1.2,5.665695370779635,2.999907676534632,0.0,redistribute,81920,4.7886068233782915,ok,0.2901110524086936,26.211485500087075,0.0,7.788514499912924,26.269507710568814,22.469415387103446,0.5245849083533507,-0.5245849083533507
0.0,1.5004729776965577,1.417726772575119,experiment-evaluation-010,frozen,0.08272019960702726,0.08272019960702726,21.91424162298327,-0.3064057777473571,-0.5005889040629182,81920,0.0,2,0.6022300760773407,1.583193177303585,22.057851940299273,0.0,0.1619083071937375,26.52103018814322,21.83205479490256,0.5962531238357109,8,0.13500672341776795,0.18670592708604647,0.4414125011651251,0.6872948311489647,5.605855099090164,2.061504329718182,5.116493590118443,1.1941449009098355,0.0,early,81920,5.28575837701673,ok,0.22305657300969078,27.520096722073433,0.0,6.4799032779265655,27.56470803667537,21.958852937585206,0.09899900271406636,0.09899900271406636
0.0,1.5004729776965577,1.417726772575119,experiment-evaluation-010,updated,0.01342130707611644,0.01342130707611644,21.91424162298327,-0.3064057777473571,-0.5005889040629182,81920,0.0,2,0.6022300760773407,1.5138942847726742,21.436760975773826,0.0,0.5054819413922983,26.52103018814322,21.83205479490256,0.5962531238357109,8,0.13500672341776795,0.18670592708604647,0.4414125011651251,0.6872948311489647,5.605855099090164,2.061504329718182,5.116493590118443,1.1941449009098355,0.0,early,81920,5.28575837701673,ok,0.22305657300969078,27.520096722073433,0.0,6.4799032779265655,27.56470803667537,21.958852937585206,0.5220919618113804,-0.5220919618113804
0.0,1.5004729776965577,1.417726772575119,experiment-evaluation-010,known,0.02030315996647092,0.02030315996647092,21.91424162298327,-0.3064057777473571,-0.5005889040629182,81920,0.0,2,0.6022300760773407,1.5207761376630287,21.551915878639456,0.0,0.41182972117927125,26.52103018814322,21.83205479490256,0.5962531238357109,8,0.13500672341776795,0.18670592708604647,0.4414125011651251,0.6872948311489647,5.605855099090164,2.061504329718182,5.116493590118443,1.1941449009098355,0.0,early,81920,5.28575837701673,ok,0.22305657300969078,27.520096722073433,0.0,6.4799032779265655,27.56470803667537,21.958852937585206,0.4069370589457506,-0.4069370589457506
0.0,1.5036364903170332,1.417726772575119,experiment-evaluation-010,frozen,0.08553142869157027,0.08553142869157027,21.91597061064022,-0.022091325315183374,-0.023437424611425395,81920,0.0,2,0.6023111223737603,1.5891679190086034,22.075982049164885,0.0,0.18085177359466442,26.52023299060053,21.833482067525154,0.5963205188327219,8,0.4193211758499417,0.6638574065375393,0.4414125011651251,0.6872948311489647,5.607344956243633,2.026506648721811,5.083540333655156,1.1926550437563666,0.0,late,81920,5.284029389359781,ok,0.22363881055250817,27.523315566883852,0.0,6.476684433116148,27.568043328994353,21.96069837275072,0.11528367641416537,0.11528367641416537
1.0,1.5036364903170332,1.417726772575119,experiment-evaluation-010,updated,0.02808950210693073,0.02808950210693073,21.771075124441595,-0.022091325315183374,-0.023437424611425395,81920,0.0,2,0.5955191464581997,1.531725992423964,21.538396050282394,1.5036364903170332,0.3501127723483819,26.530945733781717,21.84419481070634,0.5968050583149926,8,0.4193211758499417,0.6638574065375393,0.4414125011651251,0.6872948311489647,5.607344956243633,2.026506648721811,5.083540333655156,1.1926550437563666,0.14393028793465135,late,81920,5.4289248755584065,ok,0.22846480187237633,27.378420080685228,0.0,6.621579919314773,27.4241130410597,21.81676808481607,0.27837203453367465,-0.27837203453367465
0.0,1.5036364903170332,1.417726772575119,experiment-evaluation-010,known,0.020303159966470696,0.020303159966470696,21.91597061064022,-0.022091325315183374,-0.023437424611425395,81920,0.0,2,0.6023111223737603,1.5239396502835039,21.552925898675053,0.0,0.40973166774684106,26.52023299060053,21.833482067525154,0.5963205188327219,8,0.4193211758499417,0.6638574065375393,0.4414125011651251,0.6872948311489647,5.607344956243633,2.026506648721811,5.083540333655156,1.1926550437563666,0.0,late,81920,5.284029389359781,ok,0.22363881055250817,27.523315566883852,0.0,6.476684433116148,27.568043328994353,21.96069837275072,0.4077724740756672,-0.4077724740756672
0.0,1.5020547340067956,1.417726772575119,experiment-evaluation-010,frozen,0.08412581414929865,0.08412581414929865,21.913237590115905,-0.20116206546007767,-0.32306292813493104,81920,0.0,2,0.6021830120366831,1.5861805481560942,22.066298877853825,0.0,0.1712443118591196,26.520631589371874,21.832768431213854,0.5962868213342163,8,0.24025043570504742,0.3642319030140337,0.4414125011651251,0.6872948311489647,5.606600027666898,2.0440054892199964,5.1000169618868,1.193399972333101,0.0,split,81920,5.286762409884094,ok,0.2233476917810993,27.519837617782805,0.0,6.480162382217195,27.564507156139022,21.957907128472126,0.10839174938169904,0.10839174938169904
0.0,1.5020547340067956,1.417726772575119,experiment-evaluation-010,updated,0.02002125193019655,0.02002125193019655,21.913237590115905,-0.20116206546007767,-0.32306292813493104,81920,0.0,2,0.6021830120366831,1.5220759859369921,21.469933743632204,0.0,0.4328332574577374,26.520631589371874,21.832768431213854,0.5962868213342163,8,0.24025043570504742,0.3642319030140337,0.4414125011651251,0.6872948311489647,5.606600027666898,2.0440054892199964,5.1000169618868,1.193399972333101,0.0,split,81920,5.286762409884094,ok,0.2233476917810993,27.519837617782805,0.0,6.480162382217195,27.564507156139022,21.957907128472126,0.4879733848399219,-0.4879733848399219
0.0,1.5020547340067956,1.417726772575119,experiment-evaluation-010,known,0.020303159966470474,0.020303159966470474,21.913237590115905,-0.20116206546007767,-0.32306292813493104,81920,0.0,2,0.6021830120366831,1.522357893973266,21.551912567045324,0.0,0.41071896028176624,26.520631589371874,21.832768431213854,0.5962868213342163,8,0.24025043570504742,0.3642319030140337,0.4414125011651251,0.6872948311489647,5.606600027666898,2.0440054892199964,5.1000169618868,1.193399972333101,0.0,split,81920,5.286762409884094,ok,0.2233476917810993,27.519837617782805,0.0,6.480162382217195,27.564507156139022,21.957907128472126,0.4059945614268017,-0.4059945614268017
0.0,1.4826378817192105,0.0,experiment-evaluation-010,frozen,0.06687119043519218,0.06687119043519218,21.90741802931397,-0.05825781888106041,-0.08312895915257001,81920,0.0,2,0.6019102201240923,1.5495090721544027,21.943571218239384,0.0,0.06710440879687003,26.50964282671061,21.823557419345924,0.5958731676337654,8,0.3831546822840647,0.6041658719963947,0.4414125011651251,0.6872948311489647,5.741298164403378,2.16,5.055043325067526,1.058701835596622,0.0,redistribute,81920,5.2925819706860295,ok,0.21977406280551065,27.64871619371735,0.0,6.351283806282652,27.69267100627845,21.95137284187507,0.007801623635685928,-0.007801623635685928
0.5,1.4826378817192105,0.0,experiment-evaluation-010,updated,0.009051556951809925,0.009051556951809925,21.8166743353442,-0.05825781888106041,-0.08312895915257001,81920,0.0,2,0.5976566094692594,1.4916894386710204,21.40260896559355,0.7413189408596053,0.4698696388976569,26.514957582345605,21.82887217498092,0.5961136096630104,8,0.3831546822840647,0.6041658719963947,0.4414125011651251,0.6872948311489647,5.741298164403378,2.16,5.055043325067526,1.058701835596622,0.09026783443897202,redistribute,81920,5.383325664655801,ok,0.22215336045948558,27.557972499747578,0.0,6.442027500252423,27.602403171839477,21.861105007436098,0.45849604184254744,-0.45849604184254744
0.0,1.4826378817192105,0.0,experiment-evaluation-010,known,0.020303159966470696,0.020303159966470696,21.90741802931397,-0.05825781888106041,-0.08312895915257001,81920,0.0,2,0.6019102201240923,1.5029410416856812,21.533246562198663,0.0,0.41532375240973823,26.50964282671061,21.823557419345924,0.5958731676337654,8,0.3831546822840647,0.6041658719963947,0.4414125011651251,0.6872948311489647,5.741298164403378,2.16,5.055043325067526,1.058701835596622,0.0,redistribute,81920,5.2925819706860295,ok,0.21977406280551065,27.64871619371735,0.0,6.351283806282652,27.69267100627845,21.95137284187507,0.41812627967640736,-0.41812627967640736
1.0,2.7605808457622736,2.690916777548882,experiment-evaluation-011,frozen,0.022700871899531183,0.022700871899531183,27.2,0.006421939605998406,0.014825445527385739,81920,0.0,0,0.85,2.7832817176618048,28.993318698503657,2.7605808457622736,0.10679990599489624,35.859115189055125,29.059115189055127,0.85,8,0.14636647335750874,0.23226022820989572,0.13994453375151034,0.21743478268250999,6.751175160522687,2.4,9.526633142511827,0.04882483947731278,0.0,early,81920,0.0,ok,9.510993983697805,33.95117516052269,0.0,0.04882483947731278,35.85337395726225,29.10219879673956,0.10888009823590394,-0.10888009823590394
1.0,2.7605808457622736,2.690916777548882,experiment-evaluation-011,updated,0.03931007207106596,0.03931007207106596,27.2,0.006421939605998406,0.014825445527385739,81920,0.0,0,0.85,2.7998909178333395,28.96604099634491,2.7605808457622736,0.14730126750245157,35.859115189055125,29.059115189055127,0.85,8,0.14636647335750874,0.23226022820989572,0.13994453375151034,0.21743478268250999,6.751175160522687,2.4,9.526633142511827,0.04882483947731278,0.0,early,81920,0.0,ok,9.510993983697805,33.95117516052269,0.0,0.04882483947731278,35.85337395726225,29.10219879673956,0.13615780039465264,-0.13615780039465264
1.0,2.7605808457622736,2.690916777548882,experiment-evaluation-011,known,0.07420768554001356,0.07420768554001356,27.2,0.006421939605998406,0.014825445527385739,81920,0.0,0,0.85,2.834788531302287,29.128482620423895,2.7605808457622736,0.02728561074042209,35.859115189055125,29.059115189055127,0.85,8,0.14636647335750874,0.23226022820989572,0.13994453375151034,0.21743478268250999,6.751175160522687,2.4,9.526633142511827,0.04882483947731278,0.0,early,81920,0.0,ok,9.510993983697805,33.95117516052269,0.0,0.04882483947731278,35.85337395726225,29.10219879673956,0.02628382368433435,0.02628382368433435
1.0,2.7739415929165516,2.690916777548882,experiment-evaluation-011,frozen,0.022559705488566006,0.022559705488566006,27.2,-0.0026553177423953578,-0.002811379585278523,81920,0.0,0,0.85,2.7965012984051176,28.98484005494337,2.7739415929165516,0.10752413880945018,35.858460325066304,29.058460325066303,0.85,8,0.13728921600911498,0.21462340309723146,0.13994453375151034,0.21743478268250999,6.751175160522687,2.4,9.387458692988101,0.04882483947731278,0.0,late,81920,0.0,ok,9.473684535906866,33.95117516052269,0.0,0.04882483947731278,35.845912067704056,29.09473690718137,0.10989685223800194,-0.10989685223800194
1.0,2.7739415929165516,2.690916777548882,experiment-evaluation-011,updated,0.048470465811528474,0.048470465811528474,27.2,-0.0026553177423953578,-0.002811379585278523,81920,0.0,0,0.85,2.82241205872808,29.014343943673268,2.7739415929165516,0.08591833256834036,35.858460325066304,29.058460325066303,0.85,8,0.13728921600911498,0.21462340309723146,0.13994453375151034,0.21743478268250999,6.751175160522687,2.4,9.387458692988101,0.04882483947731278,0.0,late,81920,0.0,ok,9.473684535906866,33.95117516052269,0.0,0.04882483947731278,35.845912067704056,29.09473690718137,0.08039296350810332,-0.08039296350810332
1.0,2.7739415929165516,2.690916777548882,experiment-evaluation-011,known,0.07420768554001356,0.07420768554001356,27.2,-0.0026553177423953578,-0.002811379585278523,81920,0.0,0,0.85,2.848149278456565,29.12038039349801,2.7739415929165516,0.026842301559465653,35.858460325066304,29.058460325066303,0.85,8,0.13728921600911498,0.21462340309723146,0.13994453375151034,0.21743478268250999,6.751175160522687,2.4,9.387458692988101,0.04882483947731278,0.0,late,81920,0.0,ok,9.473684535906866,33.95117516052269,0.0,0.04882483947731278,35.845912067704056,29.09473690718137,0.02564348631663904,0.02564348631663904
1.0,2.767261219339413,2.690916777548882,experiment-evaluation-011,frozen,0.022630288694048595,0.022630288694048595,27.2,0.003088610762056243,0.008712299880653196,81920,0.0,0,0.85,2.7898915080334614,28.9891209509438,2.767261219339413,0.1071565617268817,35.85878775706071,29.058787757060713,0.85,8,0.14303314451356658,0.22614708256316318,0.13994453375151034,0.21743478268250999,6.751175160522687,2.4,9.457045917749964,0.04882483947731278,0.0,split,81920,0.0,ok,9.492339259802336,33.95117516052269,0.0,0.04882483947731278,35.849643012483156,29.098467851960468,0.10934690101666789,-0.10934690101666789
1.0,2.767261219339413,2.690916777548882,experiment-evaluation-011,updated,0.041743923362973945,0.041743923362973945,27.2,0.003088610762056243,0.008712299880653196,81920,0.0,0,0.85,2.8090051427023868,28.979327399139727,2.767261219339413,0.12824976489498852,35.85878775706071,29.058787757060713,0.85,8,0.14303314451356658,0.22614708256316318,0.13994453375151034,0.21743478268250999,6.751175160522687,2.4,9.457045917749964,0.04882483947731278,0.0,split,81920,0.0,ok,9.492339259802336,33.95117516052269,0.0,0.04882483947731278,35.849643012483156,29.098467851960468,0.1191404528207407,-0.1191404528207407
1.0,2.767261219339413,2.690916777548882,experiment-evaluation-011,known,0.07420768554001356,0.07420768554001356,27.2,0.003088610762056243,0.008712299880653196,81920,0.0,0,0.85,2.8414689048794264,29.124432013603922,2.767261219339413,0.02708508798853752,35.85878775706071,29.058787757060713,0.85,8,0.14303314451356658,0.22614708256316318,0.13994453375151034,0.21743478268250999,6.751175160522687,2.4,9.457045917749964,0.04882483947731278,0.0,split,81920,0.0,ok,9.492339259802336,33.95117516052269,0.0,0.04882483947731278,35.849643012483156,29.098467851960468,0.025964161643454275,0.025964161643454275
1.0,2.685256282084766,0.0,experiment-evaluation-011,frozen,0.023496732953486088,0.023496732953486088,27.2,-0.002476263655724703,-0.0025846196365912344,81920,0.0,0,0.85,2.708753015038252,28.94919156167089,2.685256282084766,0.10554992255729445,35.84267770547508,29.042677705475086,0.85,8,0.13746827009578563,0.21485016304591875,0.13994453375151034,0.21743478268250999,6.8,2.48,9.267104715599707,0.0,0.0,redistribute,81920,0.0,ok,9.281080411196076,34.0,0.0,0.0,35.856216082239214,29.056216082239214,0.10702452056832357,-0.10702452056832357
1.0,2.685256282084766,0.0,experiment-evaluation-011,updated,0.04109551992348237,0.04109551992348237,27.2,-0.002476263655724703,-0.0025846196365912344,81920,0.0,0,0.85,2.7263518020082484,28.964103953312694,2.685256282084766,0.09802702293225707,35.84267770547508,29.042677705475086,0.85,8,0.13746827009578563,0.21485016304591875,0.13994453375151034,0.21743478268250999,6.8,2.48,9.267104715599707,0.0,0.0,redistribute,81920,0.0,ok,9.281080411196076,34.0,0.0,0.0,35.856216082239214,29.056216082239214,0.09211212892651943,-0.09211212892651943
1.0,2.685256282084766,0.0,experiment-evaluation-011,known,0.07420768554001356,0.07420768554001356,27.2,-0.002476263655724703,-0.0025846196365912344,81920,0.0,0,0.85,2.7594639676247796,29.083836100454086,2.685256282084766,0.027872706381228813,35.84267770547508,29.042677705475086,0.85,8,0.13746827009578563,0.21485016304591875,0.13994453375151034,0.21743478268250999,6.8,2.48,9.267104715599707,0.0,0.0,redistribute,81920,0.0,ok,9.281080411196076,34.0,0.0,0.0,35.856216082239214,29.056216082239214,0.027620018214872033,0.027620018214872033
0.0,2.47775132834689,2.503927697756752,experiment-evaluation-011,frozen,0.13195116345697366,-0.13195116345697366,27.2,0.02608993080462718,0.0714011950607889,81920,0.0,1,0.85,2.3458001648899165,28.82203474981911,0.0,0.22453685749859295,35.86164016307953,29.06164016307953,0.85,8,0.25245261530152086,0.44130351645515203,0.22636268449689367,0.36990232139436313,6.8,2.56,8.819502518237353,0.0,0.014155990634414195,early,81920,0.0,ok,9.167624834444423,34.0,0.0,0.0,35.83352496688888,29.033524966888884,0.21149021706977322,-0.21149021706977322
1.0,2.47775132834689,2.503927697756752,experiment-evaluation-011,updated,0.040191801400035754,-0.040191801400035754,27.2,0.02608993080462718,0.0714011950607889,81920,0.0,1,0.85,2.4375595269468544,29.066325521034493,2.47775132834689,0.01169352407666461,35.87494627450712,29.07494627450712,0.85,8,0.25245261530152086,0.44130351645515203,0.22636268449689367,0.36990232139436313,6.8,2.56,8.819502518237353,0.0,0.0,early,81920,0.0,ok,9.238404787616497,34.0,0.0,0.0,35.847680957523295,29.047680957523298,0.018644563511195145,0.018644563511195145
1.0,2.47775132834689,2.503927697756752,experiment-evaluation-011,known,0.027666979328800245,-0.027666979328800245,27.2,0.02608993080462718,0.0714011950607889,81920,0.0,1,0.85,2.45008434901809,29.104639478699298,2.47775132834689,0.057037555237204884,35.87494627450712,29.07494627450712,0.85,8,0.25245261530152086,0.44130351645515203,0.22636268449689367,0.36990232139436313,6.8,2.56,8.819502518237353,0.0,0.0,early,81920,0.0,ok,9.238404787616497,34.0,0.0,0.0,35.847680957523295,29.047680957523298,0.05695852117599998,0.05695852117599998
0.0,2.4901836507217174,2.503927697756752,experiment-evaluation-011,frozen,0.13439276884795692,-0.13439276884795692,27.2,-0.0021514533221543286,0.01491455997416774,81920,0.0,1,0.85,2.3557908818737605,28.81128547351883,0.0,0.2283283027592399,35.86096404041019,29.060964040410187,0.85,8,0.22421123117473934,0.38481688136853087,0.22636268449689367,0.36990232139436313,6.8,2.56,8.689999160166229,0.0,0.014227019489123194,late,81920,0.0,ok,9.132552838096087,34.0,0.0,0.0,35.826510567619216,29.026510567619216,0.21522509410038637,-0.21522509410038637
1.0,2.4901836507217174,2.503927697756752,experiment-evaluation-011,updated,0.03438015192670907,-0.03438015192670907,27.2,-0.0021514533221543286,0.01491455997416774,81920,0.0,1,0.85,2.4558034987950084,29.066288989416684,2.4901836507217174,0.01328091571116848,35.874336916353215,29.074336916353218,0.85,8,0.22421123117473934,0.38481688136853087,0.22636268449689367,0.36990232139436313,6.8,2.56,8.689999160166229,0.0,0.0,late,81920,0.0,ok,9.203687935541703,34.0,0.0,0.0,35.840737587108336,29.04073758710834,0.02555140230834496,0.02555140230834496
1.0,2.4901836507217174,2.503927697756752,experiment-evaluation-011,known,0.0276669793287998,-0.0276669793287998,27.2,-0.0021514533221543286,0.01491455997416774,81920,0.0,1,0.85,2.4625166713929176,29.097696079898565,2.4901836507217174,0.057037526851429966,35.874336916353215,29.074336916353218,0.85,8,0.22421123117473934,0.38481688136853087,0.22636268449689367,0.36990232139436313,6.8,2.56,8.689999160166229,0.0,0.0,late,81920,0.0,ok,9.203687935541703,34.0,0.0,0.0,35.840737587108336,29.04073758710834,0.056958492790226245,0.056958492790226245
0.0,2.4839674895343045,2.503927697756752,experiment-evaluation-011,frozen,0.1331719661524664,-0.1331719661524664,27.2,0.012483692271501645,0.04430476369288722,81920,0.0,1,0.85,2.350795523381838,28.816673032072103,0.0,0.22643081707106325,35.861302101744855,29.061302101744857,0.85,8,0.23884637676839532,0.41420708508725035,0.22636268449689367,0.36990232139436313,6.8,2.56,8.754750839201792,0.0,0.014191505061766918,split,81920,0.0,ok,9.150088836270251,34.0,0.0,0.0,35.83001776725405,29.03001776725405,0.2133447351819484,-0.2133447351819484
1.0,2.4839674895343045,2.503927697756752,experiment-evaluation-011,updated,0.03573626102663052,-0.03573626102663052,27.2,0.012483692271501645,0.04430476369288722,81920,0.0,1,0.85,2.448231228507674,29.06461542334144,2.4839674895343045,0.011408948883323925,35.87464159543017,29.07464159543017,0.85,8,0.23884637676839532,0.41420708508725035,0.22636268449689367,0.36990232139436313,6.8,2.56,8.754750839201792,0.0,0.0,split,81920,0.0,ok,9.221046361579104,34.0,0.0,0.0,35.844209272315815,29.04420927231582,0.02040615102562171,0.02040615102562171
1.0,2.4839674895343045,2.503927697756752,experiment-evaluation-011,known,0.027666979328801133,-0.027666979328801133,27.2,0.012483692271501645,0.04430476369288722,81920,0.0,1,0.85,2.4563005102055033,29.101167829298937,2.4839674895343045,0.05703759104431919,35.87464159543017,29.07464159543017,0.85,8,0.23884637676839532,0.41420708508725035,0.22636268449689367,0.36990232139436313,6.8,2.56,8.754750839201792,0.0,0.0,split,81920,0.0,ok,9.221046361579104,34.0,0.0,0.0,35.844209272315815,29.04420927231582,0.056958556983119024,0.056958556983119024
0.0,2.407660992262489,0.0,experiment-evaluation-011,frozen,0.11818600057911777,-0.11818600057911777,27.2,-0.024881251760578538,-0.03642678711677355,81920,0.0,1,0.85,2.289474991683371,28.813367277665968,0.0,0.20350123620919902,35.846721305279026,29.04672130527903,0.85,8,0.20148143273631514,0.3334755342775896,0.22636268449689367,0.36990232139436313,6.8,2.56,8.578008458695153,0.0,0.013755547648138133,redistribute,81920,0.0,ok,9.019732209155665,34.0,0.0,0.0,35.80394644183113,29.003946441831133,0.19057916416516463,-0.19057916416516463
0.0,2.407660992262489,0.0,experiment-evaluation-011,updated,0.044800312597497616,-0.044800312597497616,27.2,-0.024881251760578538,-0.03642678711677355,81920,0.0,1,0.85,2.3628606796649914,28.99080354187847,0.0,0.024050516841588394,35.846721305279026,29.04672130527903,0.85,8,0.20148143273631514,0.3334755342775896,0.22636268449689367,0.36990232139436313,6.8,2.56,8.578008458695153,0.0,0.013755547648138133,redistribute,81920,0.0,ok,9.019732209155665,34.0,0.0,0.0,35.80394644183113,29.003946441831133,0.013142899952661935,-0.013142899952661935
1.0,2.407660992262489,0.0,experiment-evaluation-011,known,0.027666979328800245,-0.027666979328800245,27.2,-0.024881251760578538,-0.03642678711677355,81920,0.0,1,0.85,2.3799940129336887,29.074660537675875,2.407660992262489,0.05703758225780812,35.859651015002676,29.059651015002675,0.85,8,0.20148143273631514,0.3334755342775896,0.22636268449689367,0.36990232139436313,6.8,2.56,8.578008458695153,0.0,0.0,redistribute,81920,0.0,ok,9.08850994739636,34.0,0.0,0.0,35.81770198947927,29.01770198947927,0.0569585481966044,0.0569585481966044
0.0,2.7507230574659185,2.504852854140464,experiment-evaluation-011,frozen,0.22398866319898358,-0.22398866319898358,27.2,-0.022043851997930825,-0.04047088960144604,81920,0.0,2,0.85,2.526734394266935,28.823572802631702,0.0,0.26663524750591233,35.83733487385761,29.037334873857606,0.85,8,0.15203406750638165,0.24162031479363957,0.17407791950431248,0.2820912043950856,6.8,2.56,8.449773039033806,0.0,0.015715543926411613,early,81920,0.0,ok,9.410787492841031,34.0,0.0,0.0,35.882157498568205,29.082157498568204,0.25858469593650213,-0.25858469593650213
1.0,2.7507230574659185,2.504852854140464,experiment-evaluation-011,updated,0.2103910054839928,-0.2103910054839928,27.2,-0.022043851997930825,-0.04047088960144604,81920,0.0,2,0.85,2.5403320519819257,28.8502625229208,2.7507230574659185,0.24394769481823295,35.85210690811719,29.052106908117192,0.85,8,0.15203406750638165,0.24162031479363957,0.17407791950431248,0.2820912043950856,6.8,2.56,8.449773039033806,0.0,0.0,early,81920,0.0,ok,9.489365212473087,34.0,0.0,0.0,35.897873042494616,29.097873042494616,0.24761051957381497,-0.24761051957381497
1.0,2.7507230574659185,2.504852854140464,experiment-evaluation-011,known,0.17487430594005682,-0.17487430594005682,27.2,-0.022043851997930825,-0.04047088960144604,81920,0.0,2,0.85,2.5758487515258617,28.94645917142087,2.7507230574659185,0.1509338039792567,35.85210690811719,29.052106908117192,0.85,8,0.15203406750638165,0.24162031479363957,0.17407791950431248,0.2820912043950856,6.8,2.56,8.449773039033806,0.0,0.0,early,81920,0.0,ok,9.489365212473087,34.0,0.0,0.0,35.897873042494616,29.097873042494616,0.15141387107374626,-0.15141387107374626
0.0,2.763159973360927,2.504852854140464,experiment-evaluation-011,frozen,0.22532090395987447,-0.22532090395987447,27.2,0.046813182593672814,0.08628838360911628,81920,0.0,2,0.85,2.5378390694010524,28.814322473849053,0.0,0.26886625541605724,35.83665850137306,29.036658501373058,0.85,8,0.2208911020979853,0.3683795880042019,0.17407791950431248,0.2820912043950856,6.8,2.56,8.320221831794138,0.0,0.0157865990250059,late,81920,0.0,ok,9.375702538018961,34.0,0.0,0.0,35.87514050760379,29.07514050760379,0.2608180337547381,-0.2608180337547381
0.0,2.763159973360927,2.504852854140464,experiment-evaluation-011,updated,0.22127557054519897,-0.22127557054519897,27.2,0.046813182593672814,0.08628838360911628,81920,0.0,2,0.85,2.541884402815728,28.864432639722082,0.0,0.23002640460169724,35.83665850137306,29.036658501373058,0.85,8,0.2208911020979853,0.3683795880042019,0.17407791950431248,0.2820912043950856,6.8,2.56,8.320221831794138,0.0,0.0157865990250059,late,81920,0.0,ok,9.375702538018961,34.0,0.0,0.0,35.87514050760379,29.07514050760379,0.21070786788170892,-0.21070786788170892
1.0,2.763159973360927,2.504852854140464,experiment-evaluation-011,known,0.17487430594005726,-0.17487430594005726,27.2,0.046813182593672814,0.08628838360911628,81920,0.0,2,0.85,2.5882856674208696,28.939425753728614,2.763159973360927,0.1510041049702894,35.85149732481638,29.051497324816378,0.85,8,0.2208911020979853,0.3683795880042019,0.17407791950431248,0.2820912043950856,6.8,2.56,8.320221831794138,0.0,0.0,late,81920,0.0,ok,9.454635533143994,34.0,0.0,0.0,35.890927106628794,29.090927106628797,0.1515013529001834,-0.1515013529001834
0.0,2.756941515413423,2.504852854140464,experiment-evaluation-011,frozen,0.22465478357942903,-0.22465478357942903,27.2,0.010345115472792904,0.019250445425889495,81920,0.0,2,0.85,2.532286731833994,28.81893920232345,0.0,0.2677441403458249,35.83699668761533,29.036996687615332,0.85,8,0.18442303497710538,0.3013416498209751,0.17407791950431248,0.2820912043950856,6.8,2.56,8.384997435413972,0.0,0.015751071475708756,split,81920,0.0,ok,9.393245015429997,34.0,0.0,0.0,35.878649003086,29.078649003086,0.25970980076255046,-0.25970980076255046
0.0,2.756941515413423,2.504852854140464,experiment-evaluation-011,updated,0.212240572624101,-0.212240572624101,27.2,0.010345115472792904,0.019250445425889495,81920,0.0,2,0.85,2.544700942789322,28.86979067960342,0.0,0.22186980601401865,35.83699668761533,29.036996687615332,0.85,8,0.18442303497710538,0.3013416498209751,0.17407791950431248,0.2820912043950856,6.8,2.56,8.384997435413972,0.0,0.015751071475708756,split,81920,0.0,ok,9.393245015429997,34.0,0.0,0.0,35.878649003086,29.078649003086,0.2088583234825805,-0.2088583234825805
1.0,2.756941515413423,2.504852854140464,experiment-evaluation-011,known,0.17487430594005726,-0.17487430594005726,27.2,0.010345115472792904,0.019250445425889495,81920,0.0,2,0.85,2.5820672094733657,28.942953628103815,2.756941515413423,0.15096182257961624,35.851802116466786,29.051802116466785,0.85,8,0.18442303497710538,0.3013416498209751,0.17407791950431248,0.2820912043950856,6.8,2.56,8.384997435413972,0.0,0.0,split,81920,0.0,ok,9.472000372808543,34.0,0.0,0.0,35.89440007456171,29.094400074561708,0.15144644645789285,-0.15144644645789285
0.0,2.6806068242591996,0.0,experiment-evaluation-011,frozen,0.2164778217116985,-0.2164778217116985,27.2,-0.005108016271205856,-0.008660302729720626,81920,0.0,2,0.85,2.464129002547501,28.805119964832855,0.0,0.2554588438098371,35.822410503806665,29.022410503806668,0.85,8,0.16896990323310662,0.273430901665365,0.17407791950431248,0.2820912043950856,6.8,2.56,8.208189751767094,0.0,0.01531495298363339,redistribute,81920,0.0,ok,9.262840223879252,34.0,0.0,0.0,35.85256804477585,29.05256804477585,0.24744807994299478,-0.24744807994299478
1.0,2.6806068242591996,0.0,experiment-evaluation-011,updated,0.21035938139558485,-0.21035938139558485,27.2,-0.005108016271205856,-0.008660302729720626,81920,0.0,2,0.85,2.4702474428636148,28.81765150875717,2.6806068242591996,0.24392754107450662,35.836805997288636,29.036805997288635,0.85,8,0.16896990323310662,0.273430901665365,0.17407791950431248,0.2820912043950856,6.8,2.56,8.208189751767094,0.0,0.0,redistribute,81920,0.0,ok,9.339414988797412,34.0,0.0,0.0,35.86788299775948,29.067882997759483,0.2502314890023136,-0.2502314890023136
1.0,2.6806068242591996,0.0,experiment-evaluation-011,known,0.17487430594005726,-0.17487430594005726,27.2,-0.005108016271205856,-0.008660302729720626,81920,0.0,2,0.85,2.5057325183191423,28.916209475945482,2.6806068242591996,0.1512039351578037,35.836805997288636,29.036805997288635,0.85,8,0.16896990323310662,0.273430901665365,0.17407791950431248,0.2820912043950856,6.8,2.56,8.208189751767094,0.0,0.0,redistribute,81920,0.0,ok,9.339414988797412,34.0,0.0,0.0,35.86788299775948,29.067882997759483,0.15167352181400062,-0.15167352181400062
0.0,1.5239445244625256,1.8178044374521276,experiment-evaluation-012,frozen,0.185870268274126,0.185870268274126,22.045181381415336,-0.010097999465838503,-0.030278514061189754,81920,0.0,0,0.6083678772538439,1.7098147927366516,22.936163619879704,0.0,0.8607316071258531,28.215819871637052,22.267629176688146,0.6153820747707541,8,0.1895777300982746,0.2749193645474739,0.1996757295641131,0.30519787860866365,6.514949227120265,2.48,5.436107121925169,0.2850507728797341,0.0,early,81920,5.154818618584663,ok,0.24745630021965473,28.5601306085356,0.0,5.439869391464398,28.60962186857953,22.094672641459265,0.8414909784204383,0.8414909784204383
0.0,1.5239445244625256,1.8178044374521276,experiment-evaluation-012,updated,0.11162560447201675,0.11162560447201675,22.045181381415336,-0.010097999465838503,-0.030278514061189754,81920,0.0,0,0.6083678772538439,1.6355701289345423,22.20277506599315,0.0,0.0955883577740515,28.215819871637052,22.267629176688146,0.6153820747707541,8,0.1895777300982746,0.2749193645474739,0.1996757295641131,0.30519787860866365,6.514949227120265,2.48,5.436107121925169,0.2850507728797341,0.0,early,81920,5.154818618584663,ok,0.24745630021965473,28.5601306085356,0.0,5.439869391464398,28.60962186857953,22.094672641459265,0.10810242453388597,0.10810242453388597
0.0,1.5239445244625256,1.8178044374521276,experiment-evaluation-012,known,0.10996353038978501,0.10996353038978501,22.045181381415336,-0.010097999465838503,-0.030278514061189754,81920,0.0,0,0.6083678772538439,1.6339080548523106,22.130411008189636,0.0,0.0502477764194064,28.215819871637052,22.267629176688146,0.6153820747707541,8,0.1895777300982746,0.2749193645474739,0.1996757295641131,0.30519787860866365,6.514949227120265,2.48,5.436107121925169,0.2850507728797341,0.0,early,81920,5.154818618584663,ok,0.24745630021965473,28.5601306085356,0.0,5.439869391464398,28.60962186857953,22.094672641459265,0.035738366730370785,0.035738366730370785
0.0,1.5309779846270444,1.8178044374521276,experiment-evaluation-012,frozen,0.18620395380646748,0.18620395380646748,22.03913778353103,-0.024852407233110607,-0.04047546206198094,81920,0.0,0,0.6080845836030171,1.7171819384335119,22.939193747475336,0.0,0.8613289177126747,28.21337213214556,22.273122330938605,0.6156359709662228,8,0.1748233223310025,0.2647224165466827,0.1996757295641131,0.30519787860866365,6.497998461712482,2.48,5.362841911878097,0.3020015382875171,0.0,late,81920,5.16086221646897,ok,0.24770948763304837,28.53713624524351,0.0,5.462863754756487,28.58667814277012,22.088679681057638,0.8505140664176984,0.8505140664176984
0.0,1.5309779846270444,1.8178044374521276,experiment-evaluation-012,updated,0.11213378498170457,0.11213378498170457,22.03913778353103,-0.024852407233110607,-0.04047546206198094,81920,0.0,0,0.6080845836030171,1.643111769608749,22.167114852189744,0.0,0.09047548158826875,28.21337213214556,22.273122330938605,0.6156359709662228,8,0.1748233223310025,0.2647224165466827,0.1996757295641131,0.30519787860866365,6.497998461712482,2.48,5.362841911878097,0.3020015382875171,0.0,late,81920,5.16086221646897,ok,0.24770948763304837,28.53713624524351,0.0,5.462863754756487,28.58667814277012,22.088679681057638,0.07843517113210652,0.07843517113210652
0.0,1.5309779846270444,1.8178044374521276,experiment-evaluation-012,known,0.10996353038978501,0.10996353038978501,22.03913778353103,-0.024852407233110607,-0.04047546206198094,81920,0.0,0,0.6080845836030171,1.6409415150168294,22.132708448064434,0.0,0.04944423706644704,28.21337213214556,22.273122330938605,0.6156359709662228,8,0.1748233223310025,0.2647224165466827,0.1996757295641131,0.30519787860866365,6.497998461712482,2.48,5.362841911878097,0.3020015382875171,0.0,late,81920,5.16086221646897,ok,0.24770948763304837,28.53713624524351,0.0,5.462863754756487,28.58667814277012,22.088679681057638,0.0440287670067967,0.0440287670067967
0.0,1.527461254544785,1.8178044374521276,experiment-evaluation-012,frozen,0.18603711104029697,0.18603711104029697,22.042159582473186,-0.0284045886751772,-0.05426102827090934,81920,0.0,0,0.6082262304284305,1.713498365585082,22.937496281928176,0.0,0.861179554309602,28.21459600189131,22.270375753813376,0.6155090228684885,8,0.1712711408889359,0.2509368503377543,0.1996757295641131,0.30519787860866365,6.506473844416375,2.48,5.399474516901633,0.2935261555836255,0.0,split,81920,5.157840417526815,ok,0.2475828939263515,28.54863342688956,0.0,5.451366573110441,28.59815000567483,22.091676161258455,0.8458201206697211,0.8458201206697211
0.0,1.527461254544785,1.8178044374521276,experiment-evaluation-012,updated,0.11054548420518184,0.11054548420518184,22.042159582473186,-0.0284045886751772,-0.05426102827090934,81920,0.0,0,0.6082262304284305,1.6380067387499668,22.172523366625562,0.0,0.07726032486130308,28.21459600189131,22.270375753813376,0.6155090228684885,8,0.1712711408889359,0.2509368503377543,0.1996757295641131,0.30519787860866365,6.506473844416375,2.48,5.399474516901633,0.2935261555836255,0.0,split,81920,5.157840417526815,ok,0.2475828939263515,28.54863342688956,0.0,5.451366573110441,28.59815000567483,22.091676161258455,0.08084720536710677,0.08084720536710677
0.0,1.527461254544785,1.8178044374521276,experiment-evaluation-012,known,0.10996353038978501,0.10996353038978501,22.042159582473186,-0.0284045886751772,-0.05426102827090934,81920,0.0,0,0.6082262304284305,1.63742478493457,22.13144176891877,0.0,0.05000252931216428,28.21459600189131,22.270375753813376,0.6155090228684885,8,0.1712711408889359,0.2509368503377543,0.1996757295641131,0.30519787860866365,6.506473844416375,2.48,5.399474516901633,0.2935261555836255,0.0,split,81920,5.157840417526815,ok,0.2475828939263515,28.54863342688956,0.0,5.451366573110441,28.59815000567483,22.091676161258455,0.03976560766031412,0.03976560766031412
0.0,1.4842916284142755,0.0,experiment-evaluation-012,frozen,0.18398903237924236,0.18398903237924236,21.8731993250563,-0.023863139301890435,-0.03780568134347356,81920,0.0,0,0.600306218362014,1.6682806607935179,22.772870015721686,0.0,0.8421372351428182,28.17117650476244,22.23238096821573,0.6137500850245281,8,0.17581259026222268,0.2673921972651901,0.1996757295641131,0.30519787860866365,6.710171352172566,2.48,5.299484309505414,0.08982864782743433,0.0,redistribute,81920,5.3268006749437,ok,0.24602889266360342,28.583370677228867,0.0,5.416629322771134,28.632576455761587,21.92240510358902,0.8504649121326651,0.8504649121326651
0.0,1.4842916284142755,0.0,experiment-evaluation-012,updated,0.1105517120202566,0.1105517120202566,21.8731993250563,-0.023863139301890435,-0.03780568134347356,81920,0.0,0,0.600306218362014,1.5948433404345321,21.99843102962413,0.0,0.07292175769364206,28.17117650476244,22.23238096821573,0.6137500850245281,8,0.17581259026222268,0.2673921972651901,0.1996757295641131,0.30519787860866365,6.710171352172566,2.48,5.299484309505414,0.08982864782743433,0.0,redistribute,81920,5.3268006749437,ok,0.24602889266360342,28.583370677228867,0.0,5.416629322771134,28.632576455761587,21.92240510358902,0.07602592603510772,0.07602592603510772
0.0,1.4842916284142755,0.0,experiment-evaluation-012,known,0.10996353038978524,0.10996353038978524,21.8731993250563,-0.023863139301890435,-0.03780568134347356,81920,0.0,0,0.600306218362014,1.5942551588040608,21.972942493989343,0.0,0.037637552966462096,28.17117650476244,22.23238096821573,0.6137500850245281,8,0.17581259026222268,0.2673921972651901,0.1996757295641131,0.30519787860866365,6.710171352172566,2.48,5.299484309505414,0.08982864782743433,0.0,redistribute,81920,5.3268006749437,ok,0.24602889266360342,28.583370677228867,0.0,5.416629322771134,28.632576455761587,21.92240510358902,0.050537390400322124,0.050537390400322124
1.0,1.770905713064991,1.7431690317686965,experiment-evaluation-012,frozen,0.048862454822858226,-0.048862454822858226,22.48069786096406,0.060951987408686736,0.10574597263899072,81920,0.0,1,0.6287827122326903,1.7220432582421328,22.37410127345585,1.770905713064991,0.20213730341879574,28.317223322300627,22.03751345590915,0.6044371936263613,8,0.30703739725953993,0.49936034031853493,0.2460854098508532,0.3936143676795442,5.901646229821129,2.308565127893006,5.901720695445674,0.8983537701788715,0.07398267323064545,early,81920,4.719302139035939,ok,0.2278939155627721,28.38234409078519,0.0,5.617655909214811,28.427922873897742,22.526276644076614,0.15217537062076403,-0.15217537062076403
1.0,1.770905713064991,1.7431690317686965,experiment-evaluation-012,updated,0.04664526812767833,-0.04664526812767833,22.48069786096406,0.060951987408686736,0.10574597263899072,81920,0.0,1,0.6287827122326903,1.7242604449373127,22.363807545327163,1.770905713064991,0.2251317953283222,28.317223322300627,22.03751345590915,0.6044371936263613,8,0.30703739725953993,0.49936034031853493,0.2460854098508532,0.3936143676795442,5.901646229821129,2.308565127893006,5.901720695445674,0.8983537701788715,0.07398267323064545,early,81920,4.719302139035939,ok,0.2278939155627721,28.38234409078519,0.0,5.617655909214811,28.427922873897742,22.526276644076614,0.16246909874945104,-0.16246909874945104
0.0,1.770905713064991,1.7431690317686965,experiment-evaluation-012,known,0.06442479856196037,-0.06442479856196037,22.555963334127945,0.060951987408686736,0.10574597263899072,81920,0.0,1,0.6323107812872474,1.7064809145030306,22.34352893980163,0.0,0.2461430976874297,28.279771602935767,22.00006173654429,0.6027062360185531,8,0.30703739725953993,0.49936034031853493,0.2460854098508532,0.3936143676795442,5.901646229821129,2.308565127893006,5.901720695445674,0.8983537701788715,0.0,early,81920,4.644036665872056,ok,0.2214799158965764,28.457609563949074,0.0,5.542390436050928,28.501905547128388,22.60025931730726,0.25673037750562955,-0.25673037750562955
1.0,1.7776503934565477,1.7431690317686965,experiment-evaluation-012,frozen,0.04704553090628494,-0.04704553090628494,22.515259849718138,0.049531006498140295,0.08703162680567306,81920,0.0,1,0.6304028054555377,1.7306048625502628,22.42865599704764,1.7776503934565477,0.1840382385910703,28.314390415894245,22.03972281939081,0.604537566479587,8,0.2956164163489935,0.4806459944852173,0.2460854098508532,0.3936143676795442,5.859377283870965,2.16,5.831463608033624,0.9406227161290343,0.08349343713517854,late,81920,4.684740150281862,ok,0.22872620558274503,28.374637133589104,0.0,5.625362866410897,28.420382374705653,22.561005090834687,0.13234909378704884,-0.13234909378704884
1.0,1.7776503934565477,1.7431690317686965,experiment-evaluation-012,updated,0.04273253400618615,-0.04273253400618615,22.515259849718138,0.049531006498140295,0.08703162680567306,81920,0.0,1,0.6304028054555377,1.7349178594503616,22.43556718346469,1.7776503934565477,0.1904646588365194,28.314390415894245,22.03972281939081,0.604537566479587,8,0.2956164163489935,0.4806459944852173,0.2460854098508532,0.3936143676795442,5.859377283870965,2.16,5.831463608033624,0.9406227161290343,0.08349343713517854,late,81920,4.684740150281862,ok,0.22872620558274503,28.374637133589104,0.0,5.625362866410897,28.420382374705653,22.561005090834687,0.12543790736999583,-0.12543790736999583
0.0,1.7776503934565477,1.7431690317686965,experiment-evaluation-012,known,0.06442479856196037,-0.06442479856196037,22.60004097246482,0.049531006498140295,0.08703162680567306,81920,0.0,1,0.6343769205842886,1.7132255948945874,22.389763097517605,0.0,0.23896994670328078,28.277054672152815,22.00238707564938,0.6028121388893419,8,0.2956164163489935,0.4806459944852173,0.2460854098508532,0.3936143676795442,5.859377283870965,2.16,5.831463608033624,0.9406227161290343,0.0,late,81920,4.599959027535177,ok,0.22228777752521217,28.459418256335788,0.0,5.5405817436642115,28.50387581184083,22.644498527969866,0.25473543045226066,-0.25473543045226066
1.0,1.7742780532607692,1.7431690317686965,experiment-evaluation-012,frozen,0.04795399286457136,-0.04795399286457136,22.498444296974988,0.05662396928394292,0.09892203099716596,81920,0.0,1,0.6296145764207025,1.7263240603961978,22.401469733712542,1.7742780532607692,0.1924809919545337,28.315806869097432,22.038618137649976,0.6044873800529742,8,0.3027093791347961,0.4925363986767102,0.2460854098508532,0.3936143676795442,5.875485577966929,2.254387279462976,5.866592151739649,0.9245144220330711,0.07623549882065817,split,81920,4.701555703025012,ok,0.2283100605727586,28.373929874941915,0.0,5.626070125058083,28.41959188705647,22.54410630908954,0.14263657537699714,-0.14263657537699714
1.0,1.7742780532607692,1.7431690317686965,experiment-evaluation-012,updated,0.0450080108235793,-0.0450080108235793,22.498444296974988,0.05662396928394292,0.09892203099716596,81920,0.0,1,0.6296145764207025,1.7292700424371898,22.396703799069254,1.7742780532607692,0.20938703999799793,28.315806869097432,22.038618137649976,0.6044873800529742,8,0.3027093791347961,0.4925363986767102,0.2460854098508532,0.3936143676795442,5.875485577966929,2.254387279462976,5.866592151739649,0.9245144220330711,0.07623549882065817,split,81920,4.701555703025012,ok,0.2283100605727586,28.373929874941915,0.0,5.626070125058083,28.41959188705647,22.54410630908954,0.14740251002028515,-0.14740251002028515
0.0,1.7742780532607692,1.7431690317686965,experiment-evaluation-012,known,0.06442479856196015,-0.06442479856196015,22.575965038568018,0.05662396928394292,0.09892203099716596,81920,0.0,1,0.6332483611828759,1.709853254698809,22.366711268548194,0.0,0.24199062674130664,28.278403493601633,22.001214762154177,0.6027587353941353,8,0.3027093791347961,0.4925363986767102,0.2460854098508532,0.3936143676795442,5.875485577966929,2.254387279462976,5.866592151739649,0.9245144220330711,0.0,split,81920,4.624034961431982,ok,0.22188384671089434,28.45145061653495,0.0,5.548549383465053,28.495827385877128,22.620341807910197,0.2536305393620033,-0.2536305393620033
1.0,1.732880885428342,0.0,experiment-evaluation-012,frozen,0.059105819184955166,-0.059105819184955166,22.337865197967098,0.05192917538427694,0.09182013873070022,81920,0.0,1,0.6220874311547077,1.6737750662433868,22.168193680798872,1.732880885428342,0.26090941191570255,28.275700286667515,22.002427245633033,0.6028105179207792,8,0.29801458523513014,0.48543450641024444,0.2460854098508532,0.3936143676795442,6.04121634319702,2.4,5.770707341788629,0.7587836568029799,0.06423513720197249,redistribute,81920,4.862134802032904,ok,0.22320167179199368,28.37908154116412,0.0,5.6209184588358845,28.423721875522517,22.382505532325496,0.2143118515266238,-0.2143118515266238
1.0,1.732880885428342,0.0,experiment-evaluation-012,updated,0.05939406999813279,-0.05939406999813279,22.337865197967098,0.05192917538427694,0.09182013873070022,81920,0.0,1,0.6220874311547077,1.6734868154302092,22.153914322905067,1.732880885428342,0.2829552568877259,28.275700286667515,22.002427245633033,0.6028105179207792,8,0.29801458523513014,0.48543450641024444,0.2460854098508532,0.3936143676795442,6.04121634319702,2.4,5.770707341788629,0.7587836568029799,0.06423513720197249,redistribute,81920,4.862134802032904,ok,0.22320167179199368,28.37908154116412,0.0,5.6209184588358845,28.423721875522517,22.382505532325496,0.2285912094204292,-0.2285912094204292
0.0,1.732880885428342,0.0,experiment-evaluation-012,known,0.06442479856196037,-0.06442479856196037,22.403355590865484,0.05192917538427694,0.09182013873070022,81920,0.0,1,0.6251572933218196,1.6684560868663816,22.20169272415869,0.0,0.24104657180843958,28.243486226280993,21.970213185246507,0.6013245475446254,8,0.29801458523513014,0.48543450641024444,0.2460854098508532,0.3936143676795442,6.04121634319702,2.4,5.770707341788629,0.7587836568029799,0.0,redistribute,81920,4.796644409134516,ok,0.21692539330991834,28.444571934062502,0.0,5.555428065937496,28.487957012724486,22.44674066952747,0.24504794536877839,-0.24504794536877839
1.0,2.068625319722118,1.9676364570616245,experiment-evaluation-012,frozen,0.14541387155738894,-0.14541387155738894,22.026685708705255,-0.07806328260665235,-0.13677186937943014,81920,0.0,2,0.6075008925955588,1.923211448164729,23.17810475740208,2.068625319722118,0.9816288822065525,28.657100996572403,22.27560185075727,0.6169885505266308,8,0.13868922360332453,0.2056642508446737,0.21675250620997688,0.34243612022410386,5.615359181049369,1.84,6.388335035843714,1.1846408189506312,0.07241580506346068,early,81920,5.173314291294744,ok,0.5794233899414666,27.642044889754622,0.0,6.357955110245376,27.75792956774292,22.14257038669355,1.0355343707085325,1.0355343707085325
0.0,2.068625319722118,1.9676364570616245,experiment-evaluation-012,updated,0.18430507890977088,-0.18430507890977088,22.10756443826531,-0.07806328260665235,-0.13677186937943014,81920,0.0,2,0.6112920830436863,1.8843202408123472,23.023385100926497,0.0,0.8314013978883708,28.608023471933457,22.226524326118323,0.6146940836551829,8,0.13868922360332453,0.2056642508446737,0.21675250620997688,0.34243612022410386,5.615359181049369,1.84,6.388335035843714,1.1846408189506312,0.0,early,81920,5.092435561734691,ok,0.5371087674584977,27.722923619314678,0.0,6.2770763806853225,27.830345372806377,22.21498619175701,0.8083989091694868,0.8083989091694868
0.0,2.068625319722118,1.9676364570616245,experiment-evaluation-012,known,0.20911164556538098,-0.20911164556538098,22.10756443826531,-0.07806328260665235,-0.13677186937943014,81920,0.0,2,0.6112920830436863,1.859513674156737,22.831308326255403,0.0,0.6317355997949695,28.608023471933457,22.226524326118323,0.6146940836551829,8,0.13868922360332453,0.2056642508446737,0.21675250620997688,0.34243612022410386,5.615359181049369,1.84,6.388335035843714,1.1846408189506312,0.0,early,81920,5.092435561734691,ok,0.5371087674584977,27.722923619314678,0.0,6.2770763806853225,27.830345372806377,22.21498619175701,0.6163221344983931,0.6163221344983931
1.0,2.076238510862962,1.9676364570616245,experiment-evaluation-012,frozen,0.14332214800690624,-0.14332214800690624,22.063372516879085,-0.03385411024344959,-0.05887403631621835,81920,0.0,2,0.609220586728707,1.932916362856056,23.23185857694113,2.076238510862962,0.9998249354812998,28.653781058949832,22.27808721126504,0.6171042941788509,8,0.1828983959665273,0.2835620839078855,0.21675250620997688,0.34243612022410386,5.551242115092946,1.8099886279080297,6.309030961459918,1.2487578849070535,0.06068986453773917,late,81920,5.136627483120916,ok,0.5839727918300193,27.61461463197203,0.0,6.38538536802797,27.731409190338034,22.180167075245087,1.051691501696041,1.051691501696041
1.0,2.076238510862962,1.9676364570616245,experiment-evaluation-012,updated,0.18222428804169,-0.18222428804169,22.063372516879085,-0.03385411024344959,-0.05887403631621835,81920,0.0,2,0.609220586728707,1.8940142228212722,22.876554391612245,2.076238510862962,0.6526236592571841,28.653781058949832,22.27808721126504,0.6171042941788509,8,0.1828983959665273,0.2835620839078855,0.21675250620997688,0.34243612022410386,5.551242115092946,1.8099886279080297,6.309030961459918,1.2487578849070535,0.06068986453773917,late,81920,5.136627483120916,ok,0.5839727918300193,27.61461463197203,0.0,6.38538536802797,27.731409190338034,22.180167075245087,0.6963873163671579,0.6963873163671579
0.0,2.076238510862962,1.9676364570616245,experiment-evaluation-012,known,0.20911164556538075,-0.20911164556538075,22.132362325217237,-0.03385411024344959,-0.05887403631621835,81920,0.0,2,0.6124544839945579,1.8671268652975814,22.8730337931834,0.0,0.637542533402975,28.60397977688725,22.228285929202457,0.6147759234149821,8,0.1828983959665273,0.2835620839078855,0.21675250620997688,0.34243612022410386,5.551242115092946,1.8099886279080297,6.309030961459918,1.2487578849070535,0.0,late,81920,5.067637674782763,ok,0.54247307282795,27.683604440310184,0.0,6.316395559689817,27.792099054875774,22.240856939782827,0.6321768534005727,0.6321768534005727
1.0,2.0724319152925403,1.9676364570616245,experiment-evaluation-012,frozen,0.14436800978214803,-0.14436800978214803,22.04125120775878,-0.058651910086874065,-0.10386483384854844,81920,0.0,2,0.6081836503636928,1.9280639055103923,23.202273981975495,2.0724319152925403,0.991435937756485,28.655677147200656,22.277080650450692,0.6170574904514692,8,0.15810059612310282,0.2385712863755554,0.21675250620997688,0.34243612022410386,5.583300648071157,1.84,6.348682998651816,1.2166993519288425,0.06657402161811632,split,81920,5.15874879224122,ok,0.5817245744076356,27.624551855829935,0.0,6.375448144170063,27.740896770711466,22.157596122640307,1.044677859335188,1.044677859335188
0.0,2.0724319152925403,1.9676364570616245,experiment-evaluation-012,updated,0.18467096225404167,-0.18467096225404167,22.116211960229776,-0.058651910086874065,-0.10386483384854844,81920,0.0,2,0.6116974356357707,1.8877609530384987,22.945445074650298,0.0,0.7499745068123952,28.606001624410354,22.22740512766039,0.6147350035350825,8,0.15810059612310282,0.2385712863755554,0.21675250620997688,0.34243612022410386,5.583300648071157,1.84,6.348682998651816,1.2166993519288425,0.0,split,81920,5.083788039770224,ok,0.5397909201432238,27.699512608300935,0.0,6.3004873916990665,27.807470792329582,22.224170144258423,0.7212749303918748,0.7212749303918748
0.0,2.0724319152925403,1.9676364570616245,experiment-evaluation-012,known,0.2091116455653812,-0.2091116455653812,22.116211960229776,-0.058651910086874065,-0.10386483384854844,81920,0.0,2,0.6116974356357707,1.8633202697271591,22.84923749949793,0.0,0.6353205283410356,28.606001624410354,22.22740512766039,0.6147350035350825,8,0.15810059612310282,0.2385712863755554,0.21675250620997688,0.34243612022410386,5.583300648071157,1.84,6.348682998651816,1.2166993519288425,0.0,split,81920,5.083788039770224,ok,0.5397909201432238,27.699512608300935,0.0,6.3004873916990665,27.807470792329582,22.224170144258423,0.6250673552395085,0.6250673552395085
1.0,2.0257040448670685,0.0,experiment-evaluation-012,frozen,0.15720648779020063,-0.15720648779020063,21.809362067029976,-0.025778969553314574,-0.0465546271946109,81920,0.0,2,0.59731384689203,1.8684975570768678,22.893271825580356,2.0257040448670685,0.9038831742302461,28.602503591994132,22.22680974430934,0.6147056918186008,8,0.1909735366566623,0.29588149302949296,0.21675250620997688,0.34243612022410386,5.836374729896401,2.0499886279080295,6.240451126527159,0.9636252701035983,0.09865398559401584,redistribute,81920,5.390637932970025,ok,0.5500260714000029,27.64573679692638,0.0,6.354263203073623,27.75574201120638,21.919367281309977,0.9739045442703791,0.9739045442703791
1.0,2.0257040448670685,0.0,experiment-evaluation-012,updated,0.1909594655402982,-0.1909594655402982,21.809362067029976,-0.025778969553314574,-0.0465546271946109,81920,0.0,2,0.59731384689203,1.8347445793267703,22.564809850360103,2.0257040448670685,0.5835807816460606,28.602503591994132,22.22680974430934,0.6147056918186008,8,0.1909735366566623,0.29588149302949296,0.21675250620997688,0.34243612022410386,5.836374729896401,2.0499886279080295,6.240451126527159,0.9636252701035983,0.09865398559401584,redistribute,81920,5.390637932970025,ok,0.5500260714000029,27.64573679692638,0.0,6.354263203073623,27.75574201120638,21.919367281309977,0.6454425690501253,0.6454425690501253
0.0,2.0257040448670685,0.0,experiment-evaluation-012,known,0.20911164556538075,-0.20911164556538075,21.916648036847715,-0.025778969553314574,-0.0465546271946109,81920,0.0,2,0.6023428767272366,1.8165923993016877,22.61426265011984,0.0,0.6241196187631507,28.560266734243037,22.184572886558243,0.6127317558419167,8,0.1909735366566623,0.29588149302949296,0.21675250620997688,0.34243612022410386,5.836374729896401,2.0499886279080295,6.240451126527159,0.9636252701035983,0.0,redistribute,81920,5.283351963152286,ok,0.5068661502813904,27.753022766744117,0.0,6.246977233255884,27.854395996800395,22.018021266903993,0.5962413832158475,0.5962413832158475
1.0,4.136164634640137,4.922753862777488,experiment-evaluation-013,frozen,0.37515358541425314,0.37515358541425314,27.2,-0.03844950832656169,-0.07689669458931803,81920,0.0,0,0.85,4.51131822005439,36.29036116938513,4.136164634640137,0.07706196438074642,43.39758296302602,36.59758296302602,0.85,8,0.18641015052690613,0.34711847132124346,0.22485965885346781,0.4240151659105615,6.8,2.56,15.351236010700708,0.0,0.0,early,81920,0.0,ok,45.958954499368076,34.0,0.0,0.0,43.19179089987361,36.39179089987361,0.10142973048848347,-0.10142973048848347
1.0,4.136164634640137,4.922753862777488,experiment-evaluation-013,updated,0.430237417992978,0.430237417992978,27.2,-0.03844950832656169,-0.07689669458931803,81920,0.0,0,0.85,4.566402052633115,36.38305262699082,4.136164634640137,0.017970048784936427,43.39758296302602,36.59758296302602,0.85,8,0.18641015052690613,0.34711847132124346,0.22485965885346781,0.4240151659105615,6.8,2.56,15.351236010700708,0.0,0.0,early,81920,0.0,ok,45.958954499368076,34.0,0.0,0.0,43.19179089987361,36.39179089987361,0.008738272882794718,-0.008738272882794718
1.0,4.136164634640137,4.922753862777488,experiment-evaluation-013,known,0.4395761906685465,0.4395761906685465,27.2,-0.03844950832656169,-0.07689669458931803,81920,0.0,0,0.85,4.575740825308683,36.382790219931685,4.136164634640137,0.012271201611312677,43.39758296302602,36.59758296302602,0.85,8,0.18641015052690613,0.34711847132124346,0.22485965885346781,0.4240151659105615,6.8,2.56,15.351236010700708,0.0,0.0,early,81920,0.0,ok,45.958954499368076,34.0,0.0,0.0,43.19179089987361,36.39179089987361,0.009000679941927103,-0.009000679941927103
1.0,4.164628461969815,4.922753862777488,experiment-evaluation-013,frozen,0.3697648663906614,0.3697648663906614,27.2,-0.031689027525838104,-0.06337715167458718,81920,0.0,0,0.85,4.534393328360476,36.266333198271646,4.164628461969815,0.08535106319568087,43.395627354708076,36.59562735470808,0.85,8,0.1931706313276297,0.3606380142359743,0.22485965885346781,0.4240151659105615,6.8,2.56,15.054737809349904,0.0,0.0,late,81920,0.0,ok,45.880774849685885,34.0,0.0,0.0,43.17615496993717,36.376154969937176,0.10982177166552987,-0.10982177166552987
1.0,4.164628461969815,4.922753862777488,experiment-evaluation-013,updated,0.40691402344979455,0.40691402344979455,27.2,-0.031689027525838104,-0.06337715167458718,81920,0.0,0,0.85,4.571542485419609,36.32701971095949,4.164628461969815,0.04333623885301326,43.395627354708076,36.59562735470808,0.85,8,0.1931706313276297,0.3606380142359743,0.22485965885346781,0.4240151659105615,6.8,2.56,15.054737809349904,0.0,0.0,late,81920,0.0,ok,45.880774849685885,34.0,0.0,0.0,43.17615496993717,36.376154969937176,0.049135258977685226,-0.049135258977685226
1.0,4.164628461969815,4.922753862777488,experiment-evaluation-013,known,0.4395761906685456,0.4395761906685456,27.2,-0.031689027525838104,-0.06337715167458718,81920,0.0,0,0.85,4.60420465263836,36.3671542802654,4.164628461969815,0.012271211341150945,43.395627354708076,36.59562735470808,0.85,8,0.1931706313276297,0.3606380142359743,0.22485965885346781,0.4240151659105615,6.8,2.56,15.054737809349904,0.0,0.0,late,81920,0.0,ok,45.880774849685885,34.0,0.0,0.0,43.17615496993717,36.376154969937176,0.009000689671772477,-0.009000689671772477
1.0,4.150396548304976,4.922753862777488,experiment-evaluation-013,frozen,0.3724592259024577,0.3724592259024577,27.2,-0.0391629985248417,-0.0783259970496833,81920,0.0,0,0.85,4.522855774207434,36.27834715882839,4.150396548304976,0.0812065387882086,43.39660515886705,36.59660515886705,0.85,8,0.1856966603286261,0.3456891688608782,0.22485965885346781,0.4240151659105615,6.8,2.56,15.202986910025306,0.0,0.0,split,81920,0.0,ok,45.91986467452698,34.0,0.0,0.0,43.18397293490539,36.383972934905394,0.10562577607700518,-0.10562577607700518
1.0,4.150396548304976,4.922753862777488,experiment-evaluation-013,updated,0.4264665643157537,0.4264665643157537,27.2,-0.0391629985248417,-0.0783259970496833,81920,0.0,0,0.85,4.57686311262073,36.36769867261337,4.150396548304976,0.02174463795119171,43.39660515886705,36.59660515886705,0.85,8,0.1856966603286261,0.3456891688608782,0.22485965885346781,0.4240151659105615,6.8,2.56,15.202986910025306,0.0,0.0,split,81920,0.0,ok,45.91986467452698,34.0,0.0,0.0,43.18397293490539,36.383972934905394,0.016274262292022,-0.016274262292022
1.0,4.150396548304976,4.922753862777488,experiment-evaluation-013,known,0.4395761906685456,0.4395761906685456,27.2,-0.0391629985248417,-0.0783259970496833,81920,0.0,0,0.85,4.589972738973522,36.37497222509854,4.150396548304976,0.012271231476231511,43.39660515886705,36.59660515886705,0.85,8,0.1856966603286261,0.3456891688608782,0.22485965885346781,0.4240151659105615,6.8,2.56,15.202986910025306,0.0,0.0,split,81920,0.0,ok,45.91986467452698,34.0,0.0,0.0,43.18397293490539,36.383972934905394,0.009000709806855411,-0.009000709806855411
1.0,3.9756926678075484,0.0,experiment-evaluation-013,frozen,0.40553384069082554,0.40553384069082554,27.2,-0.032065820912689225,-0.06413073844828943,81920,0.0,0,0.85,4.381226508498374,36.22706563162489,3.9756926678075484,0.030330210483389426,43.34739241161,36.547392411610005,0.85,8,0.1927938379407786,0.35988442746227206,0.22485965885346781,0.4240151659105615,6.8,2.56,14.798334870856582,0.0,0.0,redistribute,81920,0.0,ok,45.4059162241307,34.0,0.0,0.0,43.081183244826136,36.28118324482614,0.054117613201249526,-0.054117613201249526
1.0,3.9756926678075484,0.0,experiment-evaluation-013,updated,0.4192120136317907,0.4192120136317907,27.2,-0.032065820912689225,-0.06413073844828943,81920,0.0,0,0.85,4.394904681439339,36.25060375283465,3.9756926678075484,0.024211039296491304,43.34739241161,36.547392411610005,0.85,8,0.1927938379407786,0.35988442746227206,0.22485965885346781,0.4240151659105615,6.8,2.56,14.798334870856582,0.0,0.0,redistribute,81920,0.0,ok,45.4059162241307,34.0,0.0,0.0,43.081183244826136,36.28118324482614,0.030579491991488794,-0.030579491991488794
1.0,3.9756926678075484,0.0,experiment-evaluation-013,known,0.4395761906685465,0.4395761906685465,27.2,-0.032065820912689225,-0.06413073844828943,81920,0.0,0,0.85,4.415268858476095,36.272182499714155,3.9756926678075484,0.012271266781363957,43.34739241161,36.547392411610005,0.85,8,0.1927938379407786,0.35988442746227206,0.22485965885346781,0.4240151659105615,6.8,2.56,14.798334870856582,0.0,0.0,redistribute,81920,0.0,ok,45.4059162241307,34.0,0.0,0.0,43.081183244826136,36.28118324482614,0.009000745111983122,-0.009000745111983122
1.0,5.301907358931677,5.115893272484513,experiment-evaluation-013,frozen,0.2658743662641072,-0.2658743662641072,27.2,-0.024850832536403022,-0.049702506882140396,81920,0.0,1,0.85,5.03603299266757,37.198341593637515,5.301907358931677,0.026115887466355996,42.99576191363998,36.195761913639984,0.85,8,0.18775804802427384,0.3492719902957892,0.21260888056067687,0.3989744971779296,6.8,2.56,18.35935551742712,0.0,0.0,early,81920,0.0,ok,50.20832608795941,34.0,0.0,0.0,44.041665217591884,37.24166521759189,0.043323623954371726,-0.043323623954371726
1.0,5.301907358931677,5.115893272484513,experiment-evaluation-013,updated,0.19360317270039218,-0.19360317270039218,27.2,-0.024850832536403022,-0.049702506882140396,81920,0.0,1,0.85,5.108304186231285,37.280249031220166,5.301907358931677,0.05254890350143171,42.99576191363998,36.195761913639984,0.85,8,0.18775804802427384,0.3492719902957892,0.21260888056067687,0.3989744971779296,6.8,2.56,18.35935551742712,0.0,0.0,early,81920,0.0,ok,50.20832608795941,34.0,0.0,0.0,44.041665217591884,37.24166521759189,0.03858381362827856,0.03858381362827856
1.0,5.301907358931677,5.115893272484513,experiment-evaluation-013,known,0.24915174437142085,-0.24915174437142085,27.2,-0.024850832536403022,-0.049702506882140396,81920,0.0,1,0.85,5.052755614560256,37.04182370829072,5.301907358931677,0.19798777792028233,42.99576191363998,36.195761913639984,0.85,8,0.18775804802427384,0.3492719902957892,0.21260888056067687,0.3989744971779296,6.8,2.56,18.35935551742712,0.0,0.0,early,81920,0.0,ok,50.20832608795941,34.0,0.0,0.0,44.041665217591884,37.24166521759189,0.19984150930116584,-0.19984150930116584
1.0,5.331487936552289,5.115893272484513,experiment-evaluation-013,frozen,0.2729589740983247,-0.2729589740983247,27.2,-0.02422843479539266,-0.04845771140011973,81920,0.0,1,0.85,5.058528962453964,37.17244893146941,5.331487936552289,0.02938216358631725,42.99372957895166,36.19372957895166,0.85,8,0.1883804457652842,0.35051678577780987,0.21260888056067687,0.3989744971779296,6.8,2.56,18.051224500545743,0.0,0.0,late,81920,0.0,ok,50.127079136557164,34.0,0.0,0.0,44.025415827311434,37.22541582731144,0.05296689584202596,-0.05296689584202596
1.0,5.331487936552289,5.115893272484513,experiment-evaluation-013,updated,0.19758434093301602,-0.19758434093301602,27.2,-0.02422843479539266,-0.04845771140011973,81920,0.0,1,0.85,5.133903595619273,37.25865516392493,5.331487936552289,0.04717734535601418,42.99372957895166,36.19372957895166,0.85,8,0.1883804457652842,0.35051678577780987,0.21260888056067687,0.3989744971779296,6.8,2.56,18.051224500545743,0.0,0.0,late,81920,0.0,ok,50.127079136557164,34.0,0.0,0.0,44.025415827311434,37.22541582731144,0.03323933661349088,0.03323933661349088
1.0,5.331487936552289,5.115893272484513,experiment-evaluation-013,known,0.24915174437142174,-0.24915174437142174,27.2,-0.02422843479539266,-0.04845771140011973,81920,0.0,1,0.85,5.082336192180867,37.02557432138654,5.331487936552289,0.19798777454400826,42.99372957895166,36.19372957895166,0.85,8,0.1883804457652842,0.35051678577780987,0.21260888056067687,0.3989744971779296,6.8,2.56,18.051224500545743,0.0,0.0,late,81920,0.0,ok,50.127079136557164,34.0,0.0,0.0,44.025415827311434,37.22541582731144,0.19984150592489414,-0.19984150592489414
1.0,5.316697647741984,5.115893272484513,experiment-evaluation-013,frozen,0.26937897790032483,-0.26937897790032483,27.2,-0.024203300543188117,-0.048407442895710584,81920,0.0,1,0.85,5.047318669841659,37.18539555494419,5.316697647741984,0.027748879330971477,42.99474574629583,36.19474574629583,0.85,8,0.18840558001748875,0.350567054282219,0.21260888056067687,0.3989744971779296,6.8,2.56,18.20529000898643,0.0,0.0,split,81920,0.0,ok,50.167702612258296,34.0,0.0,0.0,44.03354052245166,37.23354052245166,0.04814496750746855,-0.04814496750746855
1.0,5.316697647741984,5.115893272484513,experiment-evaluation-013,updated,0.1941715721877113,-0.1941715721877113,27.2,-0.024203300543188117,-0.048407442895710584,81920,0.0,1,0.85,5.122526075554273,37.2678062908241,5.316697647741984,0.04745768292850746,42.99474574629583,36.19474574629583,0.85,8,0.18840558001748875,0.350567054282219,0.21260888056067687,0.3989744971779296,6.8,2.56,18.20529000898643,0.0,0.0,split,81920,0.0,ok,50.167702612258296,34.0,0.0,0.0,44.03354052245166,37.23354052245166,0.034265768372435446,0.034265768372435446
1.0,5.316697647741984,5.115893272484513,experiment-evaluation-013,known,0.24915174437142174,-0.24915174437142174,27.2,-0.024203300543188117,-0.048407442895710584,81920,0.0,1,0.85,5.067545903370562,37.03369901483863,5.316697647741984,0.19798777623214647,42.99474574629583,36.19474574629583,0.85,8,0.18840558001748875,0.350567054282219,0.21260888056067687,0.3989744971779296,6.8,2.56,18.20529000898643,0.0,0.0,split,81920,0.0,ok,50.167702612258296,34.0,0.0,0.0,44.03354052245166,37.23354052245166,0.19984150761303,-0.19984150761303
1.0,5.135139432192801,0.0,experiment-evaluation-013,frozen,0.2297936913269103,-0.2297936913269103,27.2,-0.02477417556893241,-0.04954919294719917,81920,0.0,1,0.85,4.905345740865891,37.137696771950374,5.135139432192801,0.04515786098838485,42.943602185266606,36.14360218526661,0.85,8,0.18783470499174446,0.3494253042307304,0.21260888056067687,0.3989744971779296,6.8,2.56,17.784761844754307,0.0,0.0,redistribute,81920,0.0,ok,49.633589899521,34.0,0.0,0.0,43.9267179799042,37.1267179799042,0.010978792046174135,0.010978792046174135
1.0,5.135139432192801,0.0,experiment-evaluation-013,updated,0.17252625009304623,-0.17252625009304623,27.2,-0.02477417556893241,-0.04954919294719917,81920,0.0,1,0.85,4.962613182099755,37.201502342791834,5.135139432192801,0.08813457402844686,42.943602185266606,36.14360218526661,0.85,8,0.18783470499174446,0.3494253042307304,0.21260888056067687,0.3989744971779296,6.8,2.56,17.784761844754307,0.0,0.0,redistribute,81920,0.0,ok,49.633589899521,34.0,0.0,0.0,43.9267179799042,37.1267179799042,0.0747843628876339,0.0747843628876339
1.0,5.135139432192801,0.0,experiment-evaluation-013,known,0.24915174437142174,-0.24915174437142174,27.2,-0.02477417556893241,-0.04954919294719917,81920,0.0,1,0.85,4.8859876878213795,36.926876541513366,5.135139432192801,0.1979877070099505,42.943602185266606,36.14360218526661,0.85,8,0.18783470499174446,0.3494253042307304,0.21260888056067687,0.3989744971779296,6.8,2.56,17.784761844754307,0.0,0.0,redistribute,81920,0.0,ok,49.633589899521,34.0,0.0,0.0,43.9267179799042,37.1267179799042,0.19984143839083401,-0.19984143839083401
0.0,4.455697444048915,3.691394298114105,experiment-evaluation-013,frozen,0.23629355701316168,-0.23629355701316168,27.2,-0.034528094056480274,-0.06905422678459006,81920,0.0,2,0.85,4.219403887035753,35.93253583458278,0.0,0.1628775804968209,43.47272630870431,36.67272630870431,0.85,8,0.2632523935372636,0.5005091558373135,0.29778048759374387,0.5695633826219035,6.8,2.56,13.641629372038725,0.0,0.06630229458419734,early,81920,0.0,ok,44.273228089575774,34.0,0.0,0.0,42.85464561791515,36.054645617915156,0.12210978333237676,-0.12210978333237676
0.0,4.455697444048915,3.691394298114105,experiment-evaluation-013,updated,0.2204982539739957,-0.2204982539739957,27.2,-0.034528094056480274,-0.06905422678459006,81920,0.0,2,0.85,4.235199190074919,35.96445559802538,0.0,0.126251154246989,43.47272630870431,36.67272630870431,0.85,8,0.2632523935372636,0.5005091558373135,0.29778048759374387,0.5695633826219035,6.8,2.56,13.641629372038725,0.0,0.06630229458419734,early,81920,0.0,ok,44.273228089575774,34.0,0.0,0.0,42.85464561791515,36.054645617915156,0.09019001988977493,-0.09019001988977493
1.0,4.455697444048915,3.691394298114105,experiment-evaluation-013,known,0.1697685118802399,-0.1697685118802399,27.2,-0.034528094056480274,-0.06905422678459006,81920,0.0,2,0.85,4.285928932168675,36.05970462212318,4.455697444048915,0.059980183755141546,43.51250339073506,36.712503390735066,0.85,8,0.2632523935372636,0.5005091558373135,0.29778048759374387,0.5695633826219035,6.8,2.56,13.641629372038725,0.0,0.0,early,81920,0.0,ok,44.60473956249676,34.0,0.0,0.0,42.92094791249935,36.12094791249935,0.06124329037617571,-0.06124329037617571
0.0,4.477041434188611,3.691394298114105,experiment-evaluation-013,frozen,0.2424188127558473,-0.2424188127558473,27.2,0.010649693673744465,0.021302651998771127,81920,0.0,2,0.85,4.234622621432764,35.911188369711326,0.0,0.17231011214878578,43.47106932613586,36.671069326135864,0.85,8,0.30843018126748833,0.5908660346206747,0.29778048759374387,0.5695633826219035,6.8,2.56,13.419296141416886,0.0,0.06661990042248078,late,81920,0.0,ok,44.213015981035696,34.0,0.0,0.0,42.842603196207136,36.04260319620714,0.13141482649581349,-0.13141482649581349
0.0,4.477041434188611,3.691394298114105,experiment-evaluation-013,updated,0.24516392180798352,-0.24516392180798352,27.2,0.010649693673744465,0.021302651998771127,81920,0.0,2,0.85,4.231877512380628,35.901740178417526,0.0,0.1848407825184779,43.47106932613586,36.671069326135864,0.85,8,0.30843018126748833,0.5908660346206747,0.29778048759374387,0.5695633826219035,6.8,2.56,13.419296141416886,0.0,0.06661990042248078,late,81920,0.0,ok,44.213015981035696,34.0,0.0,0.0,42.842603196207136,36.04260319620714,0.14086301778961285,-0.14086301778961285
1.0,4.477041434188611,3.691394298114105,experiment-evaluation-013,known,0.1697685118802399,-0.1697685118802399,27.2,0.010649693673744465,0.021302651998771127,81920,0.0,2,0.85,4.307272922308371,36.04797980237781,4.477041434188611,0.05998018763077795,43.51103695109671,36.711036951096716,0.85,8,0.30843018126748833,0.5908660346206747,0.29778048759374387,0.5695633826219035,6.8,2.56,13.419296141416886,0.0,0.0,late,81920,0.0,ok,44.5461154831481,34.0,0.0,0.0,42.90922309662962,36.10922309662962,0.06124329425180974,-0.06124329425180974
0.0,4.466369439118764,3.691394298114105,experiment-evaluation-013,frozen,0.23935618488450494,-0.23935618488450494,27.2,-0.013818361485631758,-0.027634761642892913,81920,0.0,2,0.85,4.227013254234259,35.92186212714705,0.0,0.16759382132280365,43.47189781742008,36.67189781742008,0.85,8,0.2839621261081121,0.5419286209790106,0.29778048759374387,0.5695633826219035,6.8,2.56,13.530462756727806,0.0,0.06646109750333551,split,81920,0.0,ok,44.24312203530573,34.0,0.0,0.0,42.848624407061145,36.04862440706115,0.1267622799140966,-0.1267622799140966
0.0,4.466369439118764,3.691394298114105,experiment-evaluation-013,updated,0.23483232865309223,-0.23483232865309223,27.2,-0.013818361485631758,-0.027634761642892913,81920,0.0,2,0.85,4.231537110465672,35.92283715910382,0.0,0.17081708953967242,43.47189781742008,36.67189781742008,0.85,8,0.2839621261081121,0.5419286209790106,0.29778048759374387,0.5695633826219035,6.8,2.56,13.530462756727806,0.0,0.06646109750333551,split,81920,0.0,ok,44.24312203530573,34.0,0.0,0.0,42.848624407061145,36.04862440706115,0.12578724795732654,-0.12578724795732654
1.0,4.466369439118764,3.691394298114105,experiment-evaluation-013,known,0.1697685118802399,-0.1697685118802399,27.2,-0.013818361485631758,-0.027634761642892913,81920,0.0,2,0.85,4.296600927238524,36.05384223725049,4.466369439118764,0.05998016069295886,43.51177017091589,36.71177017091589,0.85,8,0.2839621261081121,0.5419286209790106,0.29778048759374387,0.5695633826219035,6.8,2.56,13.530462756727806,0.0,0.0,split,81920,0.0,ok,44.57542752282243,34.0,0.0,0.0,42.91508550456448,36.11508550456448,0.06124326731399066,-0.06124326731399066
0.0,4.33536534541363,0.0,experiment-evaluation-013,frozen,0.20176089121959428,-0.20176089121959428,27.2,-0.004245860125282164,-0.008489758922193724,81920,0.0,2,0.85,4.133604454194035,35.903845278883296,0.0,0.10969930785237143,43.4361644709825,36.6361644709825,0.85,8,0.2935346274684617,0.5610736236997098,0.29778048759374387,0.5695633826219035,6.8,2.56,13.227028891914404,0.0,0.06451171199823591,redistribute,81920,0.0,ok,43.86747768953145,34.0,0.0,0.0,42.773495537906285,35.97349553790629,0.0696502590229926,-0.0696502590229926
0.0,4.33536534541363,0.0,experiment-evaluation-013,updated,0.21857139731106656,-0.21857139731106656,27.2,-0.004245860125282164,-0.008489758922193724,81920,0.0,2,0.85,4.116793948102563,35.84963750846755,0.0,0.15916130350897836,43.4361644709825,36.6361644709825,0.85,8,0.2935346274684617,0.5610736236997098,0.29778048759374387,0.5695633826219035,6.8,2.56,13.227028891914404,0.0,0.06451171199823591,redistribute,81920,0.0,ok,43.86747768953145,34.0,0.0,0.0,42.773495537906285,35.97349553790629,0.12385802943873614,-0.12385802943873614
1.0,4.33536534541363,0.0,experiment-evaluation-013,known,0.16976851188024078,-0.16976851188024078,27.2,-0.004245860125282164,-0.008489758922193724,81920,0.0,2,0.85,4.165596833533389,35.976763990647505,4.33536534541363,0.05998015263597978,43.474867319446346,36.67486731944635,0.85,8,0.2935346274684617,0.5610736236997098,0.29778048759374387,0.5695633826219035,6.8,2.56,13.227028891914404,0.0,0.0,redistribute,81920,0.0,ok,44.19003624952262,34.0,0.0,0.0,42.83800724990452,36.038007249904524,0.06124325925701868,-0.06124325925701868
1.0,4.322090118569041,4.711686033211715,experiment-evaluation-014,frozen,0.055368437333467746,0.055368437333467746,27.2,-0.034345001473595316,-0.0685648447012146,81920,0.0,0,0.85,4.377458555902509,34.48776265887501,4.322090118569041,0.48647771592691197,42.19065359008521,35.390653590085215,0.85,8,0.19378733665179843,0.3563699570961846,0.22813233812539374,0.4249348017973992,6.8,2.56,14.694639461906473,0.0,0.06408347035372941,early,81920,0.0,ok,38.65713915653809,34.0,0.0,0.0,41.73142783130761,34.931427831307616,0.4436651724326026,-0.4436651724326026
0.0,4.322090118569041,4.711686033211715,experiment-evaluation-014,updated,0.06273839702360551,0.06273839702360551,27.2,-0.034345001473595316,-0.0685648447012146,81920,0.0,0,0.85,4.3848285155926465,34.643850162581856,0.0,0.33075444573712315,42.18484868300669,35.384848683006695,0.85,8,0.19378733665179843,0.3563699570961846,0.22813233812539374,0.4249348017973992,6.8,2.56,14.694639461906473,0.0,0.0,early,81920,0.0,ok,38.97755650830674,34.0,0.0,0.0,41.79551130166134,34.995511301661345,0.35166113907948926,-0.35166113907948926
0.0,4.322090118569041,4.711686033211715,experiment-evaluation-014,known,0.10684014411471487,0.10684014411471487,27.2,-0.034345001473595316,-0.0685648447012146,81920,0.0,0,0.85,4.428930262683756,34.92938813463149,0.0,0.06691522446273268,42.18484868300669,35.384848683006695,0.85,8,0.19378733665179843,0.3563699570961846,0.22813233812539374,0.4249348017973992,6.8,2.56,14.694639461906473,0.0,0.0,early,81920,0.0,ok,38.97755650830674,34.0,0.0,0.0,41.79551130166134,34.995511301661345,0.06612316702985765,-0.06612316702985765
1.0,4.336859362614677,4.711686033211715,experiment-evaluation-014,frozen,0.06365252186256765,0.06365252186256765,27.2,0.016332978297845108,0.03264907171994069,81920,0.0,0,0.85,4.400511884477245,34.49226878791525,4.336859362614677,0.4736564408132888,42.19035523520955,35.390355235209555,0.85,8,0.24446531642323885,0.45758387351733987,0.22813233812539374,0.4249348017973992,6.8,2.56,14.540793169764418,0.0,0.0643024533890113,late,81920,0.0,ok,38.61437971098518,34.0,0.0,0.0,41.722875942197035,34.92287594219704,0.43060715428178753,-0.43060715428178753
1.0,4.336859362614677,4.711686033211715,experiment-evaluation-014,updated,0.0761433391319093,0.0761433391319093,27.2,0.016332978297845108,0.03264907171994069,81920,0.0,0,0.85,4.413002701746587,34.48015292181996,4.336859362614677,0.4958020156804774,42.19035523520955,35.390355235209555,0.85,8,0.24446531642323885,0.45758387351733987,0.22813233812539374,0.4249348017973992,6.8,2.56,14.540793169764418,0.0,0.0643024533890113,late,81920,0.0,ok,38.61437971098518,34.0,0.0,0.0,41.722875942197035,34.92287594219704,0.44272302037708045,-0.44272302037708045
0.0,4.336859362614677,4.711686033211715,experiment-evaluation-014,known,0.10684014411471576,0.10684014411471576,27.2,0.016332978297845108,0.03264907171994069,81920,0.0,0,0.85,4.443699506729393,34.9210551869846,0.0,0.06691526603432389,42.18453049187427,35.38453049187427,0.85,8,0.24446531642323885,0.45758387351733987,0.22813233812539374,0.4249348017973992,6.8,2.56,14.540793169764418,0.0,0.0,late,81920,0.0,ok,38.935891977930254,34.0,0.0,0.0,41.78717839558605,34.98717839558605,0.06612320860144649,-0.06612320860144649
1.0,4.329474740591858,4.711686033211715,experiment-evaluation-014,frozen,0.059510479598018584,0.059510479598018584,27.2,-0.016062401207008747,-0.03203501153617011,81920,0.0,0,0.85,4.388985220189877,34.49001572339513,4.329474740591858,0.4800670783701004,42.19050441264738,35.39050441264738,0.85,8,0.212069936918385,0.39289979026122906,0.22813233812539374,0.4249348017973992,6.8,2.56,14.617716315835445,0.0,0.06419296187137036,split,81920,0.0,ok,38.63575943376162,34.0,0.0,0.0,41.727151886752324,34.92715188675233,0.4371361633571951,-0.4371361633571951
1.0,4.329474740591858,4.711686033211715,experiment-evaluation-014,updated,0.06483659910222439,0.06483659910222439,27.2,-0.016062401207008747,-0.03203501153617011,81920,0.0,0,0.85,4.394311339694083,34.540566014638166,4.329474740591858,0.4231352012081591,42.19050441264738,35.39050441264738,0.85,8,0.212069936918385,0.39289979026122906,0.22813233812539374,0.4249348017973992,6.8,2.56,14.617716315835445,0.0,0.06419296187137036,split,81920,0.0,ok,38.63575943376162,34.0,0.0,0.0,41.727151886752324,34.92715188675233,0.3865858721141606,-0.3865858721141606
0.0,4.329474740591858,4.711686033211715,experiment-evaluation-014,known,0.10684014411471576,0.10684014411471576,27.2,-0.016062401207008747,-0.03203501153617011,81920,0.0,0,0.85,4.436314884706574,34.92522166080805,0.0,0.06691524524853065,42.18468958744048,35.384689587440484,0.85,8,0.212069936918385,0.39289979026122906,0.22813233812539374,0.4249348017973992,6.8,2.56,14.617716315835445,0.0,0.0,split,81920,0.0,ok,38.95672424311849,34.0,0.0,0.0,41.791344848623694,34.9913448486237,0.06612318781564852,-0.06612318781564852
1.0,4.238824800339582,0.0,experiment-evaluation-014,frozen,0.008664832705926884,0.008664832705926884,27.2,-0.028038209392610397,-0.055910725269647354,81920,0.0,0,0.85,4.247489633045509,34.46709532868242,4.238824800339582,0.5587610470335159,42.183520771528165,35.38352077152817,0.85,8,0.20009412873278334,0.3690240765277518,0.22813233812539374,0.4249348017973992,6.8,2.56,14.40775141368694,0.0,0.06284889855955811,redistribute,81920,0.0,ok,38.921892652408694,34.0,0.0,0.0,41.78437853048173,34.984378530481735,0.5172832017993159,-0.5172832017993159
0.0,4.238824800339582,0.0,experiment-evaluation-014,updated,0.06386952375255639,0.06386952375255639,27.2,-0.028038209392610397,-0.055910725269647354,81920,0.0,0,0.85,4.302694324092139,34.71452809712077,0.0,0.31071929330646003,42.17782769632309,35.377827696323095,0.85,8,0.20009412873278334,0.3690240765277518,0.22813233812539374,0.4249348017973992,6.8,2.56,14.40775141368694,0.0,0.0,redistribute,81920,0.0,ok,39.23613714520647,34.0,0.0,0.0,41.84722742904129,35.04722742904129,0.3326993319205229,-0.3326993319205229
0.0,4.238824800339582,0.0,experiment-evaluation-014,known,0.10684014411471576,0.10684014411471576,27.2,-0.028038209392610397,-0.055910725269647354,81920,0.0,0,0.85,4.345664944454298,34.981104319994756,0.0,0.06691516647941616,42.17782769632309,35.377827696323095,0.85,8,0.20009412873278334,0.3690240765277518,0.22813233812539374,0.4249348017973992,6.8,2.56,14.40775141368694,0.0,0.0,redistribute,81920,0.0,ok,39.23613714520647,34.0,0.0,0.0,41.84722742904129,35.04722742904129,0.0661231090465364,-0.0661231090465364
0.0,4.621111030555837,4.374216588231961,experiment-evaluation-014,frozen,0.46532838341612415,-0.46532838341612415,27.2,-0.01837573617213681,-0.03675493927386819,81920,0.0,1,0.85,4.155782647139713,35.610715024231325,0.0,0.40466927857208645,42.06910127670949,35.26910127670949,0.85,8,0.23241593874714137,0.4339164871554607,0.2507916749192782,0.4706714264293289,6.8,2.56,13.454720807828707,0.0,0.0,early,81920,0.0,ok,40.14852242510256,34.0,0.0,0.0,42.02970448502051,35.22970448502051,0.38101053921081274,0.38101053921081274
0.0,4.621111030555837,4.374216588231961,experiment-evaluation-014,updated,0.5270426056689486,-0.5270426056689486,27.2,-0.01837573617213681,-0.03675493927386819,81920,0.0,1,0.85,4.094068424886888,35.43562812044988,0.0,0.23025116715092744,42.06910127670949,35.26910127670949,0.85,8,0.23241593874714137,0.4339164871554607,0.2507916749192782,0.4706714264293289,6.8,2.56,13.454720807828707,0.0,0.0,early,81920,0.0,ok,40.14852242510256,34.0,0.0,0.0,42.02970448502051,35.22970448502051,0.20592363542936454,0.20592363542936454
0.0,4.621111030555837,4.374216588231961,experiment-evaluation-014,known,0.550818592692095,-0.550818592692095,27.2,-0.01837573617213681,-0.03675493927386819,81920,0.0,1,0.85,4.070292437863742,35.479223084604925,0.0,0.25360208303648574,42.06910127670949,35.26910127670949,0.85,8,0.23241593874714137,0.4339164871554607,0.2507916749192782,0.4706714264293289,6.8,2.56,13.454720807828707,0.0,0.0,early,81920,0.0,ok,40.14852242510256,34.0,0.0,0.0,42.02970448502051,35.22970448502051,0.24951859958441247,0.24951859958441247
0.0,4.634822443380184,4.374216588231961,experiment-evaluation-014,frozen,0.46156660099499724,-0.46156660099499724,27.2,-0.02814865362937624,-0.05630311180912856,81920,0.0,1,0.85,4.173255842385187,35.60869357093493,0.0,0.4105121864204264,42.06880587567474,35.268805875674744,0.85,8,0.22264302128990193,0.41436831462020035,0.2507916749192782,0.4706714264293289,6.8,2.56,13.311893590908433,0.0,0.0,late,81920,0.0,ok,40.10984207190648,34.0,0.0,0.0,42.02196841438129,35.221968414381294,0.3867251565536378,0.3867251565536378
0.0,4.634822443380184,4.374216588231961,experiment-evaluation-014,updated,0.5309588008099162,-0.5309588008099162,27.2,-0.02814865362937624,-0.05630311180912856,81920,0.0,1,0.85,4.103863642570268,35.42100370055884,0.0,0.2203449113221628,42.06880587567474,35.268805875674744,0.85,8,0.22264302128990193,0.41436831462020035,0.2507916749192782,0.4706714264293289,6.8,2.56,13.311893590908433,0.0,0.0,late,81920,0.0,ok,40.10984207190648,34.0,0.0,0.0,42.02196841438129,35.221968414381294,0.19903528617754773,0.19903528617754773
0.0,4.634822443380184,4.374216588231961,experiment-evaluation-014,known,0.5508185926920959,-0.5508185926920959,27.2,-0.02814865362937624,-0.05630311180912856,81920,0.0,1,0.85,4.084003850688088,35.471487007349765,0.0,0.25360207642054416,42.06880587567474,35.268805875674744,0.85,8,0.22264302128990193,0.41436831462020035,0.2507916749192782,0.4706714264293289,6.8,2.56,13.311893590908433,0.0,0.0,late,81920,0.0,ok,40.10984207190648,34.0,0.0,0.0,42.02196841438129,35.221968414381294,0.2495185929684709,0.2495185929684709
0.0,4.62796673696801,4.374216588231961,experiment-evaluation-014,frozen,0.46344749220555936,-0.46344749220555936,27.2,-0.022342177739212765,-0.04469669393463843,81920,0.0,1,0.85,4.164519244762451,35.60970427258313,0.0,0.40759070749625675,42.068953576192115,35.26895357619212,0.85,8,0.2284494971800654,0.4259747324946905,0.2507916749192782,0.4706714264293289,6.8,2.56,13.383307199368568,0.0,0.0,split,81920,0.0,ok,40.129182248504506,34.0,0.0,0.0,42.0258364497009,35.2258364497009,0.3838678228822303,0.3838678228822303
0.0,4.62796673696801,4.374216588231961,experiment-evaluation-014,updated,0.5336255411134578,-0.5336255411134578,27.2,-0.022342177739212765,-0.04469669393463843,81920,0.0,1,0.85,4.094341195854552,35.41460223473801,0.0,0.2116251681242455,42.068953576192115,35.26895357619212,0.85,8,0.2284494971800654,0.4259747324946905,0.2507916749192782,0.4706714264293289,6.8,2.56,13.383307199368568,0.0,0.0,split,81920,0.0,ok,40.129182248504506,34.0,0.0,0.0,42.0258364497009,35.2258364497009,0.18876578503711272,0.18876578503711272
0.0,4.62796673696801,4.374216588231961,experiment-evaluation-014,known,0.550818592692095,-0.550818592692095,27.2,-0.022342177739212765,-0.04469669393463843,81920,0.0,1,0.85,4.077148144275915,35.47535502097735,0.0,0.2536020547285129,42.068953576192115,35.26895357619212,0.85,8,0.2284494971800654,0.4259747324946905,0.2507916749192782,0.4706714264293289,6.8,2.56,13.383307199368568,0.0,0.0,split,81920,0.0,ok,40.129182248504506,34.0,0.0,0.0,42.0258364497009,35.2258364497009,0.24951857127644672,0.24951857127644672
0.0,4.543809501197474,0.0,experiment-evaluation-014,frozen,0.48653637547294437,-0.48653637547294437,27.2,-0.012257067957190448,-0.024527779136574945,81920,0.0,1,0.85,4.05727312572453,35.62650943415015,0.0,0.37172840320983624,42.06258316064644,35.26258316064644,0.85,8,0.23853460696208773,0.44614364729275396,0.2507916749192782,0.4706714264293289,6.8,2.56,13.188380807531198,0.0,0.0,redistribute,81920,0.0,ok,40.38858250197304,34.0,0.0,0.0,42.0777165003946,35.277716500394604,0.3487929337555471,0.3487929337555471
0.0,4.543809501197474,0.0,experiment-evaluation-014,updated,0.5422337219793212,-0.5422337219793212,27.2,-0.012257067957190448,-0.024527779136574945,81920,0.0,1,0.85,4.001575779218153,35.47014400069185,0.0,0.2172441662233974,42.06258316064644,35.26258316064644,0.85,8,0.23853460696208773,0.44614364729275396,0.2507916749192782,0.4706714264293289,6.8,2.56,13.188380807531198,0.0,0.0,redistribute,81920,0.0,ok,40.38858250197304,34.0,0.0,0.0,42.0777165003946,35.277716500394604,0.1924275002972493,0.1924275002972493
0.0,4.543809501197474,0.0,experiment-evaluation-014,known,0.550818592692095,-0.550818592692095,27.2,-0.012257067957190448,-0.024527779136574945,81920,0.0,1,0.85,3.992990908505379,35.527235120626926,0.0,0.2536021036843981,42.06258316064644,35.26258316064644,0.85,8,0.23853460696208773,0.44614364729275396,0.2507916749192782,0.4706714264293289,6.8,2.56,13.188380807531198,0.0,0.0,redistribute,81920,0.0,ok,40.38858250197304,34.0,0.0,0.0,42.0777165003946,35.277716500394604,0.24951862023232252,0.24951862023232252
0.0,4.581372762042977,4.144068179808179,experiment-evaluation-014,frozen,0.42254343118810755,-0.42254343118810755,27.2,-0.004517676759072831,-0.009028889315124855,81920,0.0,2,0.85,4.15882933085487,35.156221801267336,0.0,0.2874912208661371,41.96864713159053,35.16864713159053,0.85,8,0.19112450141534348,0.3516132639253671,0.19564217817441631,0.360642153240492,6.8,2.56,13.926923686886498,0.0,0.0,early,81920,0.0,ok,41.162265090595895,34.0,0.0,0.0,42.23245301811917,35.432453018119176,0.2762312168518406,-0.2762312168518406
0.0,4.581372762042977,4.144068179808179,experiment-evaluation-014,updated,0.42287407800357446,-0.42287407800357446,27.2,-0.004517676759072831,-0.009028889315124855,81920,0.0,2,0.85,4.158498684039403,35.14862163090824,0.0,0.29352422263708416,41.96864713159053,35.16864713159053,0.85,8,0.19112450141534348,0.3516132639253671,0.19564217817441631,0.360642153240492,6.8,2.56,13.926923686886498,0.0,0.0,early,81920,0.0,ok,41.162265090595895,34.0,0.0,0.0,42.23245301811917,35.432453018119176,0.28383138721093815,-0.28383138721093815
0.0,4.581372762042977,4.144068179808179,experiment-evaluation-014,known,0.4003674498757226,-0.4003674498757226,27.2,-0.004517676759072831,-0.009028889315124855,81920,0.0,2,0.85,4.181005312167255,35.19990686111126,0.0,0.22957804032121487,41.96864713159053,35.16864713159053,0.85,8,0.19112450141534348,0.3516132639253671,0.19564217817441631,0.360642153240492,6.8,2.56,13.926923686886498,0.0,0.0,early,81920,0.0,ok,41.162265090595895,34.0,0.0,0.0,42.23245301811917,35.432453018119176,0.23254615700791703,-0.23254615700791703
0.0,4.594362752007913,4.144068179808179,experiment-evaluation-014,frozen,0.4251466123999217,-0.4251466123999217,27.2,-0.004519334998477231,-0.009032205793933601,81920,0.0,2,0.85,4.169216139607991,35.144938229339175,0.0,0.2914371390397837,41.96836727301387,35.16836727301387,0.85,8,0.19112284317593908,0.3516099474465584,0.19564217817441631,0.360642153240492,6.8,2.56,13.79161129141842,0.0,0.0,late,81920,0.0,ok,41.125619895363705,34.0,0.0,0.0,42.225123979072734,35.42512397907274,0.2801857497335618,-0.2801857497335618
0.0,4.594362752007913,4.144068179808179,experiment-evaluation-014,updated,0.4252031487633179,-0.4252031487633179,27.2,-0.004519334998477231,-0.009032205793933601,81920,0.0,2,0.85,4.169159603244595,35.13775446747516,0.0,0.29705367449722314,41.96836727301387,35.16836727301387,0.85,8,0.19112284317593908,0.3516099474465584,0.19564217817441631,0.360642153240492,6.8,2.56,13.79161129141842,0.0,0.0,late,81920,0.0,ok,41.125619895363705,34.0,0.0,0.0,42.225123979072734,35.42512397907274,0.28736951159757496,-0.28736951159757496
0.0,4.594362752007913,4.144068179808179,experiment-evaluation-014,known,0.4003674498757235,-0.4003674498757235,27.2,-0.004519334998477231,-0.009032205793933601,81920,0.0,2,0.85,4.19399530213219,35.19257785115844,0.0,0.22957801122759727,41.96836727301387,35.16836727301387,0.85,8,0.19112284317593908,0.3516099474465584,0.19564217817441631,0.360642153240492,6.8,2.56,13.79161129141842,0.0,0.0,late,81920,0.0,ok,41.125619895363705,34.0,0.0,0.0,42.225123979072734,35.42512397907274,0.23254612791429707,-0.23254612791429707
0.0,4.587867757025445,4.144068179808179,experiment-evaluation-014,frozen,0.4238450217940146,-0.4238450217940146,27.2,-0.004519334998477231,-0.009032205793933601,81920,0.0,2,0.85,4.1640227352314305,35.150580040303254,0.0,0.2894641549529595,41.968507202302206,35.16850720230221,0.85,8,0.19112284317593908,0.3516099474465584,0.19564217817441631,0.360642153240492,6.8,2.56,13.859267489152458,0.0,0.0,split,81920,0.0,ok,41.14394249297979,34.0,0.0,0.0,42.228788498595954,35.42878849859596,0.2782084582927027,-0.2782084582927027
0.0,4.587867757025445,4.144068179808179,experiment-evaluation-014,updated,0.42403861338344573,-0.42403861338344573,27.2,-0.004519334998477231,-0.009032205793933601,81920,0.0,2,0.85,4.163829143641999,35.1431880741917,0.0,0.2952889235671516,41.968507202302206,35.16850720230221,0.85,8,0.19112284317593908,0.3516099474465584,0.19564217817441631,0.360642153240492,6.8,2.56,13.859267489152458,0.0,0.0,split,81920,0.0,ok,41.14394249297979,34.0,0.0,0.0,42.228788498595954,35.42878849859596,0.28560042440425804,-0.28560042440425804
0.0,4.587867757025445,4.144068179808179,experiment-evaluation-014,known,0.4003674498757226,-0.4003674498757226,27.2,-0.004519334998477231,-0.009032205793933601,81920,0.0,2,0.85,4.1875003071497225,35.19624238113485,0.0,0.22957800077440518,41.968507202302206,35.16850720230221,0.85,8,0.19112284317593908,0.3516099474465584,0.19564217817441631,0.360642153240492,6.8,2.56,13.859267489152458,0.0,0.0,split,81920,0.0,ok,41.14394249297979,34.0,0.0,0.0,42.228788498595954,35.42878849859596,0.23254611746110498,-0.23254611746110498
0.0,4.508138435026266,0.0,experiment-evaluation-014,frozen,0.40786734408840175,-0.40786734408840175,27.2,-0.004519334998477231,-0.009032205793933601,81920,0.0,2,0.85,4.100271090937865,35.224002517944506,0.0,0.2652449458991555,41.96247196471795,35.16247196471795,0.85,8,0.19112284317593908,0.3516099474465584,0.19564217817441631,0.360642153240492,6.8,2.56,13.674597104976405,0.0,0.0,redistribute,81920,0.0,ok,41.38969446125798,34.0,0.0,0.0,42.27793889225159,35.47793889225159,0.25393637430708793,-0.25393637430708793
0.0,4.508138435026266,0.0,experiment-evaluation-014,updated,0.40974335733908696,-0.40974335733908696,27.2,-0.004519334998477231,-0.009032205793933601,81920,0.0,2,0.85,4.098395077687179,35.21405474023679,0.0,0.2736258809846485,41.96247196471795,35.16247196471795,0.85,8,0.19112284317593908,0.3516099474465584,0.19564217817441631,0.360642153240492,6.8,2.56,13.674597104976405,0.0,0.0,redistribute,81920,0.0,ok,41.38969446125798,34.0,0.0,0.0,42.27793889225159,35.47793889225159,0.2638841520148034,-0.2638841520148034
0.0,4.508138435026266,0.0,experiment-evaluation-014,known,0.4003674498757235,-0.4003674498757235,27.2,-0.004519334998477231,-0.009032205793933601,81920,0.0,2,0.85,4.107770985150543,35.24539274263529,0.0,0.22957803292960458,41.96247196471795,35.16247196471795,0.85,8,0.19112284317593908,0.3516099474465584,0.19564217817441631,0.360642153240492,6.8,2.56,13.674597104976405,0.0,0.0,redistribute,81920,0.0,ok,41.38969446125798,34.0,0.0,0.0,42.27793889225159,35.47793889225159,0.23254614961630438,-0.23254614961630438
0.0,2.875338872129019,2.6441509655947515,experiment-evaluation-015,frozen,0.23541377757176107,-0.23541377757176107,27.2,-0.04039486178459545,-0.07359294207315009,81920,0.0,0,0.85,2.639925094557258,29.926509055085717,0.0,0.8219702362549922,37.77443506570082,30.974435065700824,0.85,8,0.22264948342445584,0.39290022285778115,0.2630443452090513,0.46649316493093124,6.8,2.56,9.247482715973629,0.0,0.011454694050019754,early,81920,0.0,ok,17.706092242444914,34.0,0.0,0.0,37.54121844848898,30.741218448488983,0.8147093934032661,-0.8147093934032661
0.0,2.875338872129019,2.6441509655947515,experiment-evaluation-015,updated,0.053147571158023155,-0.053147571158023155,27.2,-0.04039486178459545,-0.07359294207315009,81920,0.0,0,0.85,2.822191300970996,30.4059487110811,0.0,0.34841212488291734,37.77443506570082,30.974435065700824,0.85,8,0.22264948342445584,0.39290022285778115,0.2630443452090513,0.46649316493093124,6.8,2.56,9.247482715973629,0.0,0.011454694050019754,early,81920,0.0,ok,17.706092242444914,34.0,0.0,0.0,37.54121844848898,30.741218448488983,0.33526973740788435,-0.33526973740788435
1.0,2.875338872129019,2.6441509655947515,experiment-evaluation-015,known,0.04599231971043416,0.04599231971043416,27.2,-0.04039486178459545,-0.07359294207315009,81920,0.0,0,0.85,2.921331191839453,30.663717918052967,2.875338872129019,0.08904683594026015,37.792812060968906,30.992812060968905,0.85,8,0.22264948342445584,0.39290022285778115,0.2630443452090513,0.46649316493093124,6.8,2.56,9.247482715973629,0.0,0.0,early,81920,0.0,ok,17.763365712695013,34.0,0.0,0.0,37.552673142539,30.752673142539003,0.08895522448603543,-0.08895522448603543
0.0,2.888059880183044,2.6441509655947515,experiment-evaluation-015,frozen,0.23665507912939487,-0.23665507912939487,27.2,-0.04826263238592682,-0.08918073903395624,81920,0.0,0,0.85,2.651404801053649,29.9174058298153,0.0,0.8239337905207277,37.77358533366907,30.97358533366907,0.85,8,0.21478171282312447,0.377312425896975,0.2630443452090513,0.46649316493093124,6.8,2.56,9.114972215410868,0.0,0.011505371643774964,late,81920,0.0,ok,17.670205854160685,34.0,0.0,0.0,37.53404117083213,30.734041170832135,0.8166353410168341,-0.8166353410168341
0.0,2.888059880183044,2.6441509655947515,experiment-evaluation-015,updated,0.054575677791159016,-0.054575677791159016,27.2,-0.04826263238592682,-0.08918073903395624,81920,0.0,0,0.85,2.833484202391885,30.397170640195867,0.0,0.3488312754629206,37.77358533366907,30.97358533366907,0.85,8,0.21478171282312447,0.377312425896975,0.2630443452090513,0.46649316493093124,6.8,2.56,9.114972215410868,0.0,0.011505371643774964,late,81920,0.0,ok,17.670205854160685,34.0,0.0,0.0,37.53404117083213,30.734041170832135,0.3368705306362685,-0.3368705306362685
1.0,2.888059880183044,2.6441509655947515,experiment-evaluation-015,known,0.04599231971043416,0.04599231971043416,27.2,-0.04826263238592682,-0.08918073903395624,81920,0.0,0,0.85,2.934052199893478,30.65659131810243,2.888059880183044,0.08904683582770782,37.79204363201662,30.99204363201662,0.85,8,0.21478171282312447,0.377312425896975,0.2630443452090513,0.46649316493093124,6.8,2.56,9.114972215410868,0.0,0.0,late,81920,0.0,ok,17.72773271237955,34.0,0.0,0.0,37.54554654247591,30.74554654247591,0.08895522437348191,-0.08895522437348191
0.0,2.8816993761560314,2.6441509655947515,experiment-evaluation-015,frozen,0.23603442835057775,-0.23603442835057775,27.2,-0.04408847652598785,-0.08121384621180688,81920,0.0,0,0.85,2.6456649478054537,29.921957392255198,0.0,0.8229413826294495,37.774010199684945,30.974010199684948,0.85,8,0.21895586868306344,0.38527931871912435,0.2630443452090513,0.46649316493093124,6.8,2.56,9.181227465692247,0.0,0.011480032846893806,split,81920,0.0,ok,17.6881490483028,34.0,0.0,0.0,37.53762980966056,30.73762980966056,0.8156724174053629,-0.8156724174053629
0.0,2.8816993761560314,2.6441509655947515,experiment-evaluation-015,updated,0.05391850646477314,-0.05391850646477314,27.2,-0.04408847652598785,-0.08121384621180688,81920,0.0,0,0.85,2.8277808696912583,30.40370292049701,0.0,0.348393278090987,37.774010199684945,30.974010199684948,0.85,8,0.21895586868306344,0.38527931871912435,0.2630443452090513,0.46649316493093124,6.8,2.56,9.181227465692247,0.0,0.011480032846893806,split,81920,0.0,ok,17.6881490483028,34.0,0.0,0.0,37.53762980966056,30.73762980966056,0.33392688916354984,-0.33392688916354984
1.0,2.8816993761560314,2.6441509655947515,experiment-evaluation-015,known,0.045992319710433716,0.045992319710433716,27.2,-0.04408847652598785,-0.08121384621180688,81920,0.0,0,0.85,2.927691695866465,30.6601545680777,2.8816993761560314,0.08904688588398102,37.792427846492764,30.992427846492763,0.85,8,0.21895586868306344,0.38527931871912435,0.2630443452090513,0.46649316493093124,6.8,2.56,9.181227465692247,0.0,0.0,split,81920,0.0,ok,17.745549212537274,34.0,0.0,0.0,37.549109842507455,30.749109842507455,0.08895527442975393,-0.08895527442975393
0.0,2.8036209981102207,0.0,experiment-evaluation-015,frozen,0.22841562865528653,-0.22841562865528653,27.2,-0.04930397734497027,-0.09108520022513483,81920,0.0,0,0.85,2.575205369454934,29.911012451507702,0.0,0.8113157299307984,37.755685463113906,30.955685463113905,0.85,8,0.21374036786408102,0.3754079647057964,0.2630443452090513,0.46649316493093124,6.8,2.56,9.000381025411324,0.0,0.011168986402559256,redistribute,81920,0.0,ok,17.575285621777624,34.0,0.0,0.0,37.51505712435552,30.715057124355525,0.804044672847823,-0.804044672847823
0.0,2.8036209981102207,0.0,experiment-evaluation-015,updated,0.040222917631026256,-0.040222917631026256,27.2,-0.04930397734497027,-0.09108520022513483,81920,0.0,0,0.85,2.7633980804791944,30.40095429876758,0.0,0.3249492833575154,37.755685463113906,30.955685463113905,0.85,8,0.21374036786408102,0.3754079647057964,0.2630443452090513,0.46649316493093124,6.8,2.56,9.000381025411324,0.0,0.011168986402559256,redistribute,81920,0.0,ok,17.575285621777624,34.0,0.0,0.0,37.51505712435552,30.715057124355525,0.3141028255879448,-0.3141028255879448
1.0,2.8036209981102207,0.0,experiment-evaluation-015,known,0.04599231971043416,0.04599231971043416,27.2,-0.04930397734497027,-0.09108520022513483,81920,0.0,0,0.85,2.849613317820655,30.637270876104775,2.8036209981102207,0.08904684610753459,37.7736040918763,30.973604091876304,0.85,8,0.21374036786408102,0.3754079647057964,0.2630443452090513,0.46649316493093124,6.8,2.56,9.000381025411324,0.0,0.0,redistribute,81920,0.0,ok,17.63113055379042,34.0,0.0,0.0,37.52622611075808,30.726226110758084,0.08895523465330868,-0.08895523465330868
1.0,2.92074192401147,3.444749500013686,experiment-evaluation-015,frozen,0.21639067122490863,0.21639067122490863,27.2,0.10989327158678858,0.21758705196179529,81920,0.0,1,0.85,3.1371325952363787,31.116602403633223,2.92074192401147,0.16486552620326597,37.7007821903618,30.9007821903618,0.85,8,0.2772619686015322,0.49680311999125304,0.1673686970147436,0.27921606802945775,6.8,2.56,10.1419888458552,0.0,0.0,early,81920,0.0,ok,18.783846592937795,34.0,0.0,0.0,37.75676931858756,30.956769318587558,0.1598330850456655,0.1598330850456655
0.0,2.92074192401147,3.444749500013686,experiment-evaluation-015,updated,0.16010334553178618,0.16010334553178618,27.2,0.10989327158678858,0.21758705196179529,81920,0.0,1,0.85,3.080845269543256,31.064097573103144,0.0,0.08782320229420885,37.68211501306415,30.88211501306415,0.85,8,0.2772619686015322,0.49680311999125304,0.1673686970147436,0.27921606802945775,6.8,2.56,10.1419888458552,0.0,0.011635569449882865,early,81920,0.0,ok,18.725668745688374,34.0,0.0,0.0,37.74513374913767,30.945133749137675,0.11896382396546912,0.11896382396546912
1.0,2.92074192401147,3.444749500013686,experiment-evaluation-015,known,0.1673378954160376,0.1673378954160376,27.2,0.10989327158678858,0.21758705196179529,81920,0.0,1,0.85,3.0880798194275076,30.96242740441187,2.92074192401147,0.005324767825944339,37.7007821903618,30.9007821903618,0.85,8,0.2772619686015322,0.49680311999125304,0.1673686970147436,0.27921606802945775,6.8,2.56,10.1419888458552,0.0,0.0,early,81920,0.0,ok,18.783846592937795,34.0,0.0,0.0,37.75676931858756,30.956769318587558,0.005658085824311598,0.005658085824311598
1.0,2.937314610935916,3.444749500013686,experiment-evaluation-015,frozen,0.2152781033671758,0.2152781033671758,27.2,0.11048159385434925,0.21910381796518513,81920,0.0,1,0.85,3.1525927143030916,31.10566609024279,2.937314610935916,0.163194518699355,37.699781095763335,30.899781095763338,0.85,8,0.27785029086909285,0.4983198859946429,0.1673686970147436,0.27921606802945775,6.8,2.56,9.969356690392221,0.0,0.0,late,81920,0.0,ok,18.73742459902828,34.0,0.0,0.0,37.74748491980566,30.947484919805657,0.15818117043713187,0.15818117043713187
0.0,2.937314610935916,3.444749500013686,experiment-evaluation-015,updated,0.1603856034947384,0.1603856034947384,27.2,0.11048159385434925,0.21910381796518513,81920,0.0,1,0.85,3.0977002144306542,31.059515931921638,0.0,0.09267965209376901,37.681007998362794,30.881007998362794,0.85,8,0.27785029086909285,0.4983198859946429,0.1673686970147436,0.27921606802945775,6.8,2.56,9.969356690392221,0.0,0.011701591253491017,late,81920,0.0,ok,18.678916642760836,34.0,0.0,0.0,37.735783328552166,30.935783328552166,0.12373260336947212,0.12373260336947212
1.0,2.937314610935916,3.444749500013686,experiment-evaluation-015,known,0.16733789541603716,0.16733789541603716,27.2,0.11048159385434925,0.21910381796518513,81920,0.0,1,0.85,3.104652506351953,30.953143036722558,2.937314610935916,0.005324798918536544,37.699781095763335,30.899781095763338,0.85,8,0.27785029086909285,0.4983198859946429,0.1673686970147436,0.27921606802945775,6.8,2.56,9.969356690392221,0.0,0.0,late,81920,0.0,ok,18.73742459902828,34.0,0.0,0.0,37.74748491980566,30.947484919805657,0.0056581169169014345,0.0056581169169014345
1.0,2.9290282674736927,3.444749500013686,experiment-evaluation-015,frozen,0.21583438729604243,0.21583438729604243,27.2,0.11494414059898445,0.2281271923971263,81920,0.0,1,0.85,3.144862654769735,31.111134296938005,2.9290282674736927,0.16403007245130988,37.70028164306257,30.90028164306257,0.85,8,0.28231283761372805,0.5073432604265841,0.1673686970147436,0.27921606802945775,6.8,2.56,10.05567276812371,0.0,0.0,split,81920,0.0,ok,18.76063559598304,34.0,0.0,0.0,37.75212711919661,30.952127119196607,0.1590071777413975,0.1590071777413975
0.0,2.9290282674736927,3.444749500013686,experiment-evaluation-015,updated,0.1654100906384448,0.1654100906384448,27.2,0.11494414059898445,0.2281271923971263,81920,0.0,1,0.85,3.0944383581121375,31.07480382768089,0.0,0.10367855391428786,37.68156150571347,30.88156150571347,0.85,8,0.28231283761372805,0.5073432604265841,0.1673686970147436,0.27921606802945775,6.8,2.56,10.05567276812371,0.0,0.011668580351685165,split,81920,0.0,ok,18.702292694224603,34.0,0.0,0.0,37.74045853884492,30.940458538844922,0.13434528883596641,0.13434528883596641
1.0,2.9290282674736927,3.444749500013686,experiment-evaluation-015,known,0.16733789541603716,0.16733789541603716,27.2,0.11494414059898445,0.2281271923971263,81920,0.0,1,0.85,3.09636616288973,30.957785270567214,2.9290282674736927,0.005324833372241026,37.70028164306257,30.90028164306257,0.85,8,0.28231283761372805,0.5073432604265841,0.1673686970147436,0.27921606802945775,6.8,2.56,10.05567276812371,0.0,0.0,split,81920,0.0,ok,18.76063559598304,34.0,0.0,0.0,37.75212711919661,30.952127119196607,0.005658151370607101,0.005658151370607101
1.0,2.8273092441520844,0.0,experiment-evaluation-015,frozen,0.2226630516148438,0.2226630516148438,27.2,0.03996857780504484,0.08212354884725526,81920,0.0,1,0.85,3.049972295766928,31.091460972707047,2.8273092441520844,0.1742864253836475,37.675758414189794,30.875758414189796,0.85,8,0.20733727481978845,0.361339616876713,0.1673686970147436,0.27921606802945775,6.8,2.56,9.820069471321464,0.0,0.0,redistribute,81920,0.0,ok,18.61157314734111,34.0,0.0,0.0,37.72231462946822,30.92231462946822,0.16914634323882538,0.16914634323882538
0.0,2.8273092441520844,0.0,experiment-evaluation-015,updated,0.16642990935576396,0.16642990935576396,27.2,0.03996857780504484,0.08212354884725526,81920,0.0,1,0.85,2.9937391535078484,30.969019438480665,0.0,0.04218797172617528,37.65768838804268,30.857688388042682,0.85,8,0.20733727481978845,0.361339616876713,0.1673686970147436,0.27921606802945775,6.8,2.56,9.820069471321464,0.0,0.011263354970250106,redistribute,81920,0.0,ok,18.55525637248985,34.0,0.0,0.0,37.71105127449797,30.91105127449797,0.057968163982693,0.057968163982693
1.0,2.8273092441520844,0.0,experiment-evaluation-015,known,0.1673378954160376,0.1673378954160376,27.2,0.03996857780504484,0.08212354884725526,81920,0.0,1,0.85,2.994647139568122,30.927972715198592,2.8273092441520844,0.005324767732004669,37.675758414189794,30.875758414189796,0.85,8,0.20733727481978845,0.361339616876713,0.1673686970147436,0.27921606802945775,6.8,2.56,9.820069471321464,0.0,0.0,redistribute,81920,0.0,ok,18.61157314734111,34.0,0.0,0.0,37.72231462946822,30.92231462946822,0.005658085730370743,0.005658085730370743
0.0,3.2609072485044845,3.740420763371197,experiment-evaluation-015,frozen,0.11377140181435275,0.11377140181435275,27.2,-0.007753164803591839,-0.014679087824340908,81920,0.0,2,0.85,3.3746786503188373,31.023716035685744,0.0,0.02434244570195787,37.63957742133563,30.839577421335633,0.85,8,0.15804621324873525,0.2635314157176934,0.16579937805232708,0.2782105035420343,6.8,2.56,11.255257403529075,0.0,0.012990710492999824,early,81920,0.0,ok,19.186637542070116,34.0,0.0,0.0,37.83732750841402,31.037327508414023,0.013611472728278784,-0.013611472728278784
1.0,3.2609072485044845,3.740420763371197,experiment-evaluation-015,updated,0.11257391540141137,0.11257391540141137,27.2,-0.007753164803591839,-0.014679087824340908,81920,0.0,2,0.85,3.373481163905896,30.98805624271371,3.2609072485044845,0.05609092605856721,37.66041867857188,30.860418678571882,0.85,8,0.15804621324873525,0.2635314157176934,0.16579937805232708,0.2782105035420343,6.8,2.56,11.255257403529075,0.0,0.0,early,81920,0.0,ok,19.251591094535126,34.0,0.0,0.0,37.85031821890702,31.050318218907023,0.06226197619331231,-0.06226197619331231
1.0,3.2609072485044845,3.740420763371197,experiment-evaluation-015,known,0.1202866327179084,0.1202866327179084,27.2,-0.007753164803591839,-0.014679087824340908,81920,0.0,2,0.85,3.381193881222393,30.9684354253181,3.2609072485044845,0.08212239083943611,37.66041867857188,30.860418678571882,0.85,8,0.15804621324873525,0.2635314157176934,0.16579937805232708,0.2782105035420343,6.8,2.56,11.255257403529075,0.0,0.0,early,81920,0.0,ok,19.251591094535126,34.0,0.0,0.0,37.85031821890702,31.050318218907023,0.08188279358892459,-0.08188279358892459
0.0,3.278902409626302,3.740420763371197,experiment-evaluation-015,frozen,0.11157806447853158,0.11157806447853158,27.2,-0.011588688567618854,-0.022230417003522074,81920,0.0,2,0.85,3.3904804741048338,31.010231057449293,0.0,0.02770688808564496,37.638375388858584,30.838375388858584,0.85,8,0.15421068948470823,0.25598008653851223,0.16579937805232708,0.2782105035420343,6.8,2.56,11.067807808510139,0.0,0.01306239910926621,late,81920,0.0,ok,19.13587259195669,34.0,0.0,0.0,37.82717451839134,31.027174518391337,0.016943460942044908,-0.016943460942044908
1.0,3.278902409626302,3.740420763371197,experiment-evaluation-015,updated,0.11843140552141307,0.11843140552141307,27.2,-0.011588688567618854,-0.022230417003522074,81920,0.0,2,0.85,3.3973338151477153,30.98655054336127,3.278902409626302,0.048593931926788514,37.65933165757887,30.859331657578867,0.85,8,0.15421068948470823,0.25598008653851223,0.16579937805232708,0.2782105035420343,6.8,2.56,11.067807808510139,0.0,0.0,late,81920,0.0,ok,19.201184587503022,34.0,0.0,0.0,37.840236917500604,31.040236917500604,0.05368637413933541,-0.05368637413933541
1.0,3.278902409626302,3.740420763371197,experiment-evaluation-015,known,0.1202866327179084,0.1202866327179084,27.2,-0.011588688567618854,-0.022230417003522074,81920,0.0,2,0.85,3.3991890423442106,30.958354092915464,3.278902409626302,0.08212242183564793,37.65933165757887,30.859331657578867,0.85,8,0.15421068948470823,0.25598008653851223,0.16579937805232708,0.2782105035420343,6.8,2.56,11.067807808510139,0.0,0.0,late,81920,0.0,ok,19.201184587503022,34.0,0.0,0.0,37.840236917500604,31.040236917500604,0.08188282458513996,-0.08188282458513996
0.0,3.2699048290653936,3.740420763371197,experiment-evaluation-015,frozen,0.11267473314644194,0.11267473314644194,27.2,-0.008825271502611698,-0.01683860836972173,81920,0.0,2,0.85,3.3825795622118355,31.01697352156752,0.0,0.026024691893801116,37.63897640509711,30.83897640509711,0.85,8,0.1569741065497154,0.2613718951723126,0.16579937805232708,0.2782105035420343,6.8,2.56,11.161532606019607,0.0,0.013026554801133017,split,81920,0.0,ok,19.161255067013407,34.0,0.0,0.0,37.83225101340268,31.032251013402682,0.015277491835160362,-0.015277491835160362
1.0,3.2699048290653936,3.740420763371197,experiment-evaluation-015,updated,0.11492053897074195,0.11492053897074195,27.2,-0.008825271502611698,-0.01683860836972173,81920,0.0,2,0.85,3.3848253680361355,30.982613451367563,3.2699048290653936,0.05762788713494752,37.659875168075374,30.859875168075376,0.85,8,0.1569741065497154,0.2613718951723126,0.16579937805232708,0.2782105035420343,6.8,2.56,11.161532606019607,0.0,0.0,split,81920,0.0,ok,19.22638784101908,34.0,0.0,0.0,37.84527756820381,31.045277568203815,0.0626641168362525,-0.0626641168362525
1.0,3.2699048290653936,3.740420763371197,experiment-evaluation-015,known,0.1202866327179084,0.1202866327179084,27.2,-0.008825271502611698,-0.01683860836972173,81920,0.0,2,0.85,3.390191461783302,30.963394734116783,3.2699048290653936,0.08212243133754409,37.659875168075374,30.859875168075376,0.85,8,0.1569741065497154,0.2613718951723126,0.16579937805232708,0.2782105035420343,6.8,2.56,11.161532606019607,0.0,0.0,split,81920,0.0,ok,19.22638784101908,34.0,0.0,0.0,37.84527756820381,31.045277568203815,0.08188283408703256,-0.08188283408703256
0.0,3.159455013524243,0.0,experiment-evaluation-015,frozen,0.12613689125222605,0.12613689125222605,27.2,-0.010739189709227964,-0.020542020490751933,81920,0.0,2,0.85,3.285591904776469,31.005492835628438,0.0,0.008823609816628183,37.61305419942675,30.813054199426748,0.85,8,0.15506018834309912,0.25766848305128237,0.16579937805232708,0.2782105035420343,6.8,2.56,10.905706902793776,0.0,0.012586547935448777,redistribute,81920,0.0,ok,19.001598258649192,34.0,0.0,0.0,37.800319651729836,31.00031965172984,0.0051731838985986656,0.0051731838985986656
1.0,3.159455013524243,0.0,experiment-evaluation-015,updated,0.12180372559328534,0.12180372559328534,27.2,-0.010739189709227964,-0.020542020490751933,81920,0.0,2,0.85,3.2812587391175283,30.96154115236613,3.159455013524243,0.04646994371425942,37.633247050570674,30.833247050570677,0.85,8,0.15506018834309912,0.25766848305128237,0.16579937805232708,0.2782105035420343,6.8,2.56,10.905706902793776,0.0,0.0,redistribute,81920,0.0,ok,19.06453099832645,34.0,0.0,0.0,37.812906199665285,31.012906199665288,0.05136504729915714,-0.05136504729915714
1.0,3.159455013524243,0.0,experiment-evaluation-015,known,0.1202866327179084,0.1202866327179084,27.2,-0.010739189709227964,-0.020542020490751933,81920,0.0,2,0.85,3.2797416462421514,30.931023318054862,3.159455013524243,0.08212247886093493,37.633247050570674,30.833247050570677,0.85,8,0.15506018834309912,0.25766848305128237,0.16579937805232708,0.2782105035420343,6.8,2.56,10.905706902793776,0.0,0.0,redistribute,81920,0.0,ok,19.06453099832645,34.0,0.0,0.0,37.812906199665285,31.012906199665288,0.08188288161042578,-0.08188288161042578
0.0,2.36031828251717,2.4321910558974382,experiment-evaluation-016,frozen,0.016849954258990607,0.016849954258990607,26.780041352045462,-0.007201217518959274,-0.011856009386420813,81920,0.0,0,0.830314438377131,2.3771682367761606,28.173015648303522,0.0,0.09879969207357202,35.01322582367625,28.48491729003265,0.85,8,0.15108499459635388,0.22792987079142002,0.15828621211531316,0.23978588017784083,6.755621422324969,2.56,7.872539957306465,0.04437857767503081,0.0,early,81920,0.41995864795453686,ok,6.492506994928756,33.53566277437043,0.0,0.4643372256295677,34.834164173356186,28.078542751031215,0.09447289727230768,0.09447289727230768
0.0,2.36031828251717,2.4321910558974382,experiment-evaluation-016,updated,0.011214921105309195,-0.011214921105309195,26.780041352045462,-0.007201217518959274,-0.011856009386420813,81920,0.0,0,0.830314438377131,2.349103361411861,28.07163223684735,0.0,0.004447063381891307,35.01322582367625,28.48491729003265,0.85,8,0.15108499459635388,0.22792987079142002,0.15828621211531316,0.23978588017784083,6.755621422324969,2.56,7.872539957306465,0.04437857767503081,0.0,early,81920,0.41995864795453686,ok,6.492506994928756,33.53566277437043,0.0,0.4643372256295677,34.834164173356186,28.078542751031215,0.006910514183864791,-0.006910514183864791
0.0,2.36031828251717,2.4321910558974382,experiment-evaluation-016,known,0.011418555932583452,-0.011418555932583452,26.780041352045462,-0.007201217518959274,-0.011856009386420813,81920,0.0,0,0.830314438377131,2.3488997265845866,28.06760570373288,0.0,0.009586023540146963,35.01322582367625,28.48491729003265,0.85,8,0.15108499459635388,0.22792987079142002,0.15828621211531316,0.23978588017784083,6.755621422324969,2.56,7.872539957306465,0.04437857767503081,0.0,early,81920,0.41995864795453686,ok,6.492506994928756,33.53566277437043,0.0,0.4643372256295677,34.834164173356186,28.078542751031215,0.010937047298334335,-0.010937047298334335
0.0,2.3695094167169395,2.4321910558974382,experiment-evaluation-016,frozen,0.01729492052272219,0.01729492052272219,26.786946110737006,-0.003517371087047666,-0.004161603518843343,81920,0.0,0,0.8306380989407971,2.3868043372396617,28.17274238712563,0.0,0.09725123708686212,35.01234753481048,28.48403900116688,0.85,8,0.1547688410282655,0.2356242766589975,0.15828621211531316,0.23978588017784083,6.759776846858285,2.56,7.776798976058864,0.040223153141714846,0.0,late,81920,0.4130538892629941,ok,6.451636342661246,33.54672295759529,0.0,0.4532770424047089,34.83705022612754,28.077273379269254,0.09546900785637646,0.09546900785637646
0.0,2.3695094167169395,2.4321910558974382,experiment-evaluation-016,updated,0.016376797297647627,-0.016376797297647627,26.786946110737006,-0.003517371087047666,-0.004161603518843343,81920,0.0,0,0.8306380989407971,2.353132619419292,28.05174682761993,0.0,0.022080902349124187,35.01234753481048,28.48403900116688,0.85,8,0.1547688410282655,0.2356242766589975,0.15828621211531316,0.23978588017784083,6.759776846858285,2.56,7.776798976058864,0.040223153141714846,0.0,late,81920,0.4130538892629941,ok,6.451636342661246,33.54672295759529,0.0,0.4532770424047089,34.83705022612754,28.077273379269254,0.025526551649324603,-0.025526551649324603
0.0,2.3695094167169395,2.4321910558974382,experiment-evaluation-016,known,0.011418555932583008,-0.011418555932583008,26.786946110737006,-0.003517371087047666,-0.004161603518843343,81920,0.0,0,0.8306380989407971,2.3580908607843565,28.067941284045524,0.0,0.010596250624223794,35.01234753481048,28.48403900116688,0.85,8,0.1547688410282655,0.2356242766589975,0.15828621211531316,0.23978588017784083,6.759776846858285,2.56,7.776798976058864,0.040223153141714846,0.0,late,81920,0.4130538892629941,ok,6.451636342661246,33.54672295759529,0.0,0.4532770424047089,34.83705022612754,28.077273379269254,0.009332095223729908,-0.009332095223729908
0.0,2.3649138496170545,2.4321910558974382,experiment-evaluation-016,frozen,0.01707243739085662,0.01707243739085662,26.783493731391236,-0.004605287112832229,-0.007329790256541985,81920,0.0,0,0.8304762686589641,2.381986287007911,28.17286610452165,0.0,0.09803065410234761,35.01278667924336,28.484478145599766,0.85,8,0.15368092500248093,0.23245608992129885,0.15828621211531316,0.23978588017784083,6.757699134591627,2.56,7.824669466682664,0.04230086540837283,0.0,split,81920,0.4165062686087656,ok,6.472071668795,33.541192865982865,0.0,0.45880713401713846,34.835607199741865,28.077908065150236,0.0949580393714129,0.0949580393714129
0.0,2.3649138496170545,2.4321910558974382,experiment-evaluation-016,updated,0.009746288943449422,-0.009746288943449422,26.783493731391236,-0.004605287112832229,-0.007329790256541985,81920,0.0,0,0.8304762686589641,2.355167560673605,28.073804092220826,0.0,0.0035732851084411266,35.01278667924336,28.484478145599766,0.85,8,0.15368092500248093,0.23245608992129885,0.15828621211531316,0.23978588017784083,6.757699134591627,2.56,7.824669466682664,0.04230086540837283,0.0,split,81920,0.4165062686087656,ok,6.472071668795,33.541192865982865,0.0,0.45880713401713846,34.835607199741865,28.077908065150236,0.00410397292941056,-0.00410397292941056
0.0,2.3649138496170545,2.4321910558974382,experiment-evaluation-016,known,0.011418555932582564,-0.011418555932582564,26.783493731391236,-0.004605287112832229,-0.007329790256541985,81920,0.0,0,0.8304762686589641,2.353495293684472,28.0678161394553,0.0,0.01003849638955264,35.01278667924336,28.484478145599766,0.85,8,0.15368092500248093,0.23245608992129885,0.15828621211531316,0.23978588017784083,6.757699134591627,2.56,7.824669466682664,0.04230086540837283,0.0,split,81920,0.4165062686087656,ok,6.472071668795,33.541192865982865,0.0,0.45880713401713846,34.835607199741865,28.077908065150236,0.010091925694936776,-0.010091925694936776
0.0,2.3085009578342897,0.0,experiment-evaluation-016,frozen,0.014341345325690202,0.014341345325690202,26.794804725924894,-0.003239093336650317,-0.0038145818607696613,81920,0.0,0,0.8310064715277294,2.32284230315998,28.177018157314397,0.0,0.10196910010876437,34.99384610563058,28.46553757198698,0.85,8,0.15504711877866284,0.23597129831707117,0.15828621211531316,0.23978588017784083,6.8,2.56,7.694004986704863,0.0,0.0,redistribute,81920,0.40519527407510536,ok,6.460662603247723,33.594804725924895,0.0,0.40519527407510536,34.88693724657444,28.08693724657444,0.09008091073995672,0.09008091073995672
0.0,2.3085009578342897,0.0,experiment-evaluation-016,updated,0.02061041852226575,-0.02061041852226575,26.794804725924894,-0.003239093336650317,-0.0038145818607696613,81920,0.0,0,0.8310064715277294,2.287890539312024,28.051242377938877,0.0,0.023306078487435638,34.99384610563058,28.46553757198698,0.85,8,0.15504711877866284,0.23597129831707117,0.15828621211531316,0.23978588017784083,6.8,2.56,7.694004986704863,0.0,0.0,redistribute,81920,0.40519527407510536,ok,6.460662603247723,33.594804725924895,0.0,0.40519527407510536,34.88693724657444,28.08693724657444,0.035694868635562926,-0.035694868635562926
0.0,2.3085009578342897,0.0,experiment-evaluation-016,known,0.011418555932582564,-0.011418555932582564,26.794804725924894,-0.003239093336650317,-0.0038145818607696613,81920,0.0,0,0.8310064715277294,2.297082401901707,28.076882197409155,0.0,0.007926485881737241,34.99384610563058,28.46553757198698,0.85,8,0.15504711877866284,0.23597129831707117,0.15828621211531316,0.23978588017784083,6.8,2.56,7.694004986704863,0.0,0.0,redistribute,81920,0.40519527407510536,ok,6.460662603247723,33.594804725924895,0.0,0.40519527407510536,34.88693724657444,28.08693724657444,0.010055049165284657,-0.010055049165284657
0.0,2.412561613338479,2.641315393640503,experiment-evaluation-016,frozen,0.22032016711706648,0.22032016711706648,27.2,-0.03740090653968545,-0.06803879326405954,81920,0.0,1,0.85,2.6328817804555453,28.50377643464447,0.0,0.13925436220337062,35.13074443474464,28.372638044354048,0.8408454753253164,8,0.1379203269788817,0.19976844960154316,0.17532123351856715,0.2678072428656027,6.175322074403472,2.32,8.68956859428691,0.6246779255965271,0.0,early,81920,0.0,ok,5.757724257474226,33.37532207440347,0.0,0.6246779255965271,34.52686692589832,28.351544851494843,0.1522315831496286,0.1522315831496286
0.0,2.412561613338479,2.641315393640503,experiment-evaluation-016,updated,0.17711845977930007,0.17711845977930007,27.2,-0.03740090653968545,-0.06803879326405954,81920,0.0,1,0.85,2.589680073117779,28.449038032873425,0.0,0.0748441399966661,35.13074443474464,28.372638044354048,0.8408454753253164,8,0.1379203269788817,0.19976844960154316,0.17532123351856715,0.2678072428656027,6.175322074403472,2.32,8.68956859428691,0.6246779255965271,0.0,early,81920,0.0,ok,5.757724257474226,33.37532207440347,0.0,0.6246779255965271,34.52686692589832,28.351544851494843,0.09749318137858154,0.09749318137858154
0.0,2.412561613338479,2.641315393640503,experiment-evaluation-016,known,0.11435374690041877,0.11435374690041877,27.2,-0.03740090653968545,-0.06803879326405954,81920,0.0,1,0.85,2.5269153602388976,28.284517314148182,0.0,0.0943997801997772,35.13074443474464,28.372638044354048,0.8408454753253164,8,0.1379203269788817,0.19976844960154316,0.17532123351856715,0.2678072428656027,6.175322074403472,2.32,8.68956859428691,0.6246779255965271,0.0,early,81920,0.0,ok,5.757724257474226,33.37532207440347,0.0,0.6246779255965271,34.52686692589832,28.351544851494843,0.06702753734666089,-0.06702753734666089
0.0,2.4225430184538386,2.641315393640503,experiment-evaluation-016,frozen,0.222563265111547,0.222563265111547,27.2,-0.029994227327132472,-0.05378997895907084,81920,0.0,1,0.85,2.6451062835653856,28.504081733668784,0.0,0.1451139548397542,35.1304549708055,28.372348580414908,0.840889499057594,8,0.14532700619143468,0.21401726390653186,0.17532123351856715,0.2678072428656027,6.175322074403472,2.32,8.585595624335244,0.6246779255965271,0.0,late,81920,0.0,ok,5.729566380514253,33.37532207440347,0.0,0.6246779255965271,34.52123535050632,28.34591327610285,0.15816845756593523,0.15816845756593523
0.0,2.4225430184538386,2.641315393640503,experiment-evaluation-016,updated,0.18154689392190493,0.18154689392190493,27.2,-0.029994227327132472,-0.05378997895907084,81920,0.0,1,0.85,2.6040899123757435,28.423019237370724,0.0,0.05931321353764574,35.1304549708055,28.372348580414908,0.840889499057594,8,0.14532700619143468,0.21401726390653186,0.17532123351856715,0.2678072428656027,6.175322074403472,2.32,8.585595624335244,0.6246779255965271,0.0,late,81920,0.0,ok,5.729566380514253,33.37532207440347,0.0,0.6246779255965271,34.52123535050632,28.34591327610285,0.0771059612678755,0.0771059612678755
0.0,2.4225430184538386,2.641315393640503,experiment-evaluation-016,known,0.11435374690041922,0.11435374690041922,27.2,-0.029994227327132472,-0.05378997895907084,81920,0.0,1,0.85,2.536896765354258,28.281325071103385,0.0,0.09191672731696106,35.1304549708055,28.372348580414908,0.840889499057594,8,0.14532700619143468,0.21401726390653186,0.17532123351856715,0.2678072428656027,6.175322074403472,2.32,8.585595624335244,0.6246779255965271,0.0,late,81920,0.0,ok,5.729566380514253,33.37532207440347,0.0,0.6246779255965271,34.52123535050632,28.34591327610285,0.06458820499946327,-0.06458820499946327
0.0,2.417552315896159,2.641315393640503,experiment-evaluation-016,frozen,0.22144171611430652,0.22144171611430652,27.2,-0.032955659990561104,-0.06014236691546637,81920,0.0,1,0.85,2.6389940320104657,28.50396823432891,0.0,0.1421894530861986,35.13059970277507,28.372493312384478,0.8408674871914552,8,0.14236557352800605,0.20766487595013633,0.17532123351856715,0.2678072428656027,6.175322074403472,2.32,8.637582109311078,0.6246779255965271,0.0,split,81920,0.0,ok,5.743645318994238,33.37532207440347,0.0,0.6246779255965271,34.52405113820232,28.348729063798846,0.15523917053006286,0.15523917053006286
0.0,2.417552315896159,2.641315393640503,experiment-evaluation-016,updated,0.1783329152709512,0.1783329152709512,27.2,-0.032955659990561104,-0.06014236691546637,81920,0.0,1,0.85,2.5958852311671103,28.433487756729996,0.0,0.0636417716585586,35.13059970277507,28.372493312384478,0.8408674871914552,8,0.14236557352800605,0.20766487595013633,0.17532123351856715,0.2678072428656027,6.175322074403472,2.32,8.637582109311078,0.6246779255965271,0.0,split,81920,0.0,ok,5.743645318994238,33.37532207440347,0.0,0.6246779255965271,34.52405113820232,28.348729063798846,0.08475869293114968,0.08475869293114968
0.0,2.417552315896159,2.641315393640503,experiment-evaluation-016,known,0.11435374690041833,0.11435374690041833,27.2,-0.032955659990561104,-0.06014236691546637,81920,0.0,1,0.85,2.5319060627965775,28.282937489504363,0.0,0.09316038845939072,35.13059970277507,28.372493312384478,0.8408674871914552,8,0.14236557352800605,0.20766487595013633,0.17532123351856715,0.2678072428656027,6.175322074403472,2.32,8.637582109311078,0.6246779255965271,0.0,split,81920,0.0,ok,5.743645318994238,33.37532207440347,0.0,0.6246779255965271,34.52405113820232,28.348729063798846,0.06579157429448301,-0.06579157429448301
0.0,2.3562889381264336,0.0,experiment-evaluation-016,frozen,0.2076741394833479,0.2076741394833479,27.2,-0.03416785097471911,-0.06112348955791125,81920,0.0,1,0.85,2.5639630776097815,28.44195619181471,0.0,0.10248589931019225,35.10394673095393,28.345840340563335,0.8405032357638647,8,0.14115338254384804,0.20668375330769145,0.17532123351856715,0.2678072428656027,6.340404286506004,2.32,8.495682852864691,0.45959571349399575,0.0,redistribute,81920,0.0,ok,5.631658547108676,33.540404286506,0.0,0.45959571349399575,34.66673599592774,28.326331709421734,0.11562448239297751,0.11562448239297751
0.0,2.3562889381264336,0.0,experiment-evaluation-016,updated,0.17472414745318066,0.17472414745318066,27.2,-0.03416785097471911,-0.06112348955791125,81920,0.0,1,0.85,2.5310130855796142,28.40664468748636,0.0,0.05663509470555539,35.10394673095393,28.345840340563335,0.8405032357638647,8,0.14115338254384804,0.20668375330769145,0.17532123351856715,0.2678072428656027,6.340404286506004,2.32,8.495682852864691,0.45959571349399575,0.0,redistribute,81920,0.0,ok,5.631658547108676,33.540404286506,0.0,0.45959571349399575,34.66673599592774,28.326331709421734,0.0803129780646259,0.0803129780646259
0.0,2.3562889381264336,0.0,experiment-evaluation-016,known,0.11435374690041833,0.11435374690041833,27.2,-0.03416785097471911,-0.06112348955791125,81920,0.0,1,0.85,2.470642685026852,28.240749401909678,0.0,0.11311262949927443,35.10394673095393,28.345840340563335,0.8405032357638647,8,0.14115338254384804,0.20668375330769145,0.17532123351856715,0.2678072428656027,6.340404286506004,2.32,8.495682852864691,0.45959571349399575,0.0,redistribute,81920,0.0,ok,5.631658547108676,33.540404286506,0.0,0.45959571349399575,34.66673599592774,28.326331709421734,0.08558230751205542,-0.08558230751205542
0.0,2.482388370146795,2.3218079178613884,experiment-evaluation-016,frozen,0.21679469477576463,-0.21679469477576463,27.2,-0.02058858571797123,-0.03541731863286143,81920,0.0,2,0.85,2.26559367537103,28.26409617114386,0.0,0.36515997861444777,34.80063542424613,28.230433280993132,0.8408154523658546,8,0.15020613850627,0.2283122383223196,0.17079472422424122,0.263729556955181,6.589316948283096,2.4143991436594283,7.542045720718416,0.21068305171690424,0.0,early,81920,0.0,ok,7.132716359954448,33.789316948283094,0.0,0.21068305171690424,35.21586022027399,28.62654327199089,0.3624471008470316,-0.3624471008470316
0.0,2.482388370146795,2.3218079178613884,experiment-evaluation-016,updated,0.21961198487214828,-0.21961198487214828,27.2,-0.02058858571797123,-0.03541731863286143,81920,0.0,2,0.85,2.2627763852746465,28.26936364479655,0.0,0.36127195800620865,34.80063542424613,28.230433280993132,0.8408154523658546,8,0.15020613850627,0.2283122383223196,0.17079472422424122,0.263729556955181,6.589316948283096,2.4143991436594283,7.542045720718416,0.21068305171690424,0.0,early,81920,0.0,ok,7.132716359954448,33.789316948283094,0.0,0.21068305171690424,35.21586022027399,28.62654327199089,0.35717962719434126,-0.35717962719434126
0.0,2.482388370146795,2.3218079178613884,experiment-evaluation-016,known,0.22068859220970838,-0.22068859220970838,27.2,-0.02058858571797123,-0.03541731863286143,81920,0.0,2,0.85,2.2616997779370864,28.242166859389116,0.0,0.39023309166805004,34.80063542424613,28.230433280993132,0.8408154523658546,8,0.15020613850627,0.2283122383223196,0.17079472422424122,0.263729556955181,6.589316948283096,2.4143991436594283,7.542045720718416,0.21068305171690424,0.0,early,81920,0.0,ok,7.132716359954448,33.789316948283094,0.0,0.21068305171690424,35.21586022027399,28.62654327199089,0.3843764126017746,-0.3843764126017746
0.0,2.491162371723442,2.3218079178613884,experiment-evaluation-016,frozen,0.2162435554407982,-0.2162435554407982,27.2,0.03681249873518885,0.06466038412863429,81920,0.0,2,0.85,2.2749188162826437,28.26296792353213,0.0,0.3604369487800767,34.80038097539559,28.230178832142588,0.8408541507547036,8,0.20760722295943007,0.3283899410838153,0.17079472422424122,0.263729556955181,6.593283782039899,2.4143991436594283,7.450649870961672,0.20671621796010117,0.0,late,81920,0.0,ok,7.10399777491749,33.7932837820399,0.0,0.20671621796010117,35.214083337023396,28.6207995549835,0.35783163145136854,-0.35783163145136854
1.0,2.491162371723442,2.3218079178613884,experiment-evaluation-016,updated,0.2086981744956833,-0.2086981744956833,27.2,0.03681249873518885,0.06466038412863429,81920,0.0,2,0.85,2.2824641972277586,28.28576138640692,2.491162371723442,0.3281159692780484,34.82380985013034,28.253607706877336,0.8411786432422728,8,0.20760722295943007,0.3283899410838153,0.17079472422424122,0.263729556955181,6.593283782039899,2.4143991436594283,7.450649870961672,0.20671621796010117,0.018924684023442495,late,81920,0.0,ok,7.009374354800293,33.7932837820399,0.0,0.20671621796010117,35.19515865299996,28.601874870960057,0.31611348455313504,-0.31611348455313504
0.0,2.491162371723442,2.3218079178613884,experiment-evaluation-016,known,0.22068859220970838,-0.22068859220970838,27.2,0.03681249873518885,0.06466038412863429,81920,0.0,2,0.85,2.2704737795137335,28.240430387868443,0.0,0.38616246268259974,34.80038097539559,28.230178832142588,0.8408541507547036,8,0.20760722295943007,0.3283899410838153,0.17079472422424122,0.263729556955181,6.593283782039899,2.4143991436594283,7.450649870961672,0.20671621796010117,0.0,late,81920,0.0,ok,7.10399777491749,33.7932837820399,0.0,0.20671621796010117,35.214083337023396,28.6207995549835,0.380369167115056,-0.380369167115056
0.0,2.486775370935119,2.3218079178613884,experiment-evaluation-016,frozen,0.21651912510828186,-0.21651912510828186,27.2,-0.0011667724768616716,-0.0023084210355099333,81920,0.0,2,0.85,2.270256245826837,28.263485473800795,0.0,0.3628227876005721,34.80050819982086,28.230306056567862,0.8408348015602791,8,0.16962795174737955,0.2614211359196711,0.17079472422424122,0.263729556955181,6.591300365161497,2.4143991436594283,7.496347795840045,0.2086996348385026,0.0,split,81920,0.0,ok,7.118357067435973,33.7913003651615,0.0,0.2086996348385026,35.21497177864869,28.623671413487195,0.36018593968639934,-0.36018593968639934
0.0,2.486775370935119,2.3218079178613884,experiment-evaluation-016,updated,0.2146494006668882,-0.2146494006668882,27.2,-0.0011667724768616716,-0.0023084210355099333,81920,0.0,2,0.85,2.2721259702682306,28.272940686540167,0.0,0.34606189175826074,34.80050819982086,28.230306056567862,0.8408348015602791,8,0.16962795174737955,0.2614211359196711,0.17079472422424122,0.263729556955181,6.591300365161497,2.4143991436594283,7.496347795840045,0.2086996348385026,0.0,split,81920,0.0,ok,7.118357067435973,33.7913003651615,0.0,0.2086996348385026,35.21497177864869,28.623671413487195,0.35073072694702745,-0.35073072694702745
0.0,2.486775370935119,2.3218079178613884,experiment-evaluation-016,known,0.22068859220970882,-0.22068859220970882,27.2,-0.0011667724768616716,-0.0023084210355099333,81920,0.0,2,0.85,2.26608677872541,28.241281517875485,0.0,0.38817888984292637,34.80050819982086,28.230306056567862,0.8408348015602791,8,0.16962795174737955,0.2614211359196711,0.17079472422424122,0.263729556955181,6.591300365161497,2.4143991436594283,7.496347795840045,0.2086996348385026,0.0,split,81920,0.0,ok,7.118357067435973,33.7913003651615,0.0,0.2086996348385026,35.21497177864869,28.623671413487195,0.3823898956117091,-0.3823898956117091
0.0,2.432922735266104,0.0,experiment-evaluation-016,frozen,0.21990188103207808,-0.21990188103207808,27.2,-0.0040891100088200905,-0.00563408622756939,81920,0.0,2,0.85,2.213020854234026,28.214747577488872,0.0,0.3934912645579634,34.776836621251086,28.206634477998087,0.8405032357638647,8,0.16670561421542113,0.25809547072761163,0.17079472422424122,0.263729556955181,6.716212780781194,2.48,7.371613423735481,0.08378721921880608,0.0,redistribute,81920,0.0,ok,7.02371717276115,33.916212780781194,0.0,0.08378721921880608,35.320956215333425,28.60474343455223,0.38999585706335793,-0.38999585706335793
0.0,2.432922735266104,0.0,experiment-evaluation-016,updated,0.22192407923428226,-0.22192407923428226,27.2,-0.0040891100088200905,-0.00563408622756939,81920,0.0,2,0.85,2.2109986560318218,28.215779135399814,0.0,0.3925312417004025,34.776836621251086,28.206634477998087,0.8405032357638647,8,0.16670561421542113,0.25809547072761163,0.17079472422424122,0.263729556955181,6.716212780781194,2.48,7.371613423735481,0.08378721921880608,0.0,redistribute,81920,0.0,ok,7.02371717276115,33.916212780781194,0.0,0.08378721921880608,35.320956215333425,28.60474343455223,0.38896429915241626,-0.38896429915241626
0.0,2.432922735266104,0.0,experiment-evaluation-016,known,0.22068859220970838,-0.22068859220970838,27.2,-0.0040891100088200905,-0.00563408622756939,81920,0.0,2,0.85,2.2122341430563957,28.196372113220654,0.0,0.41423446135739067,34.776836621251086,28.206634477998087,0.8405032357638647,8,0.16670561421542113,0.25809547072761163,0.17079472422424122,0.263729556955181,6.716212780781194,2.48,7.371613423735481,0.08378721921880608,0.0,redistribute,81920,0.0,ok,7.02371717276115,33.916212780781194,0.0,0.08378721921880608,35.320956215333425,28.60474343455223,0.4083713213315754,-0.4083713213315754
0.0,4.073232370772459,4.041936550676514,experiment-evaluation-017,frozen,0.2832670628519516,0.2832670628519516,27.2,-0.0069792796960785886,-0.013946431185056396,81920,0.0,0,0.85,4.3564994336244105,34.90621460266735,0.0,0.05330190122512827,41.81894981920514,35.01894981920514,0.85,8,0.20500126836604132,0.3822072300648368,0.2119805480621199,0.3961536612498932,6.8,2.56,14.962816812147599,0.0,0.0,early,81920,0.0,ok,38.634907569660925,34.0,0.0,0.0,41.72698151393218,34.92698151393218,0.020766911264836097,-0.020766911264836097
0.0,4.073232370772459,4.041936550676514,experiment-evaluation-017,updated,0.3338010308330448,0.3338010308330448,27.2,-0.0069792796960785886,-0.013946431185056396,81920,0.0,0,0.85,4.407033401605504,34.95131305447664,0.0,0.014869405601499372,41.81894981920514,35.01894981920514,0.85,8,0.20500126836604132,0.3822072300648368,0.2119805480621199,0.3961536612498932,6.8,2.56,14.962816812147599,0.0,0.0,early,81920,0.0,ok,38.634907569660925,34.0,0.0,0.0,41.72698151393218,34.92698151393218,0.024331540544459074,0.024331540544459074
0.0,4.073232370772459,4.041936550676514,experiment-evaluation-017,known,0.34290011500775375,0.34290011500775375,27.2,-0.0069792796960785886,-0.013946431185056396,81920,0.0,0,0.85,4.416132485780213,34.847315658750475,0.0,0.08066184251329626,41.81894981920514,35.01894981920514,0.85,8,0.20500126836604132,0.3822072300648368,0.2119805480621199,0.3961536612498932,6.8,2.56,14.962816812147599,0.0,0.0,early,81920,0.0,ok,38.634907569660925,34.0,0.0,0.0,41.72698151393218,34.92698151393218,0.07966585518170888,-0.07966585518170888
0.0,4.089150551462784,4.041936550676514,experiment-evaluation-017,frozen,0.2780029445704493,0.2780029445704493,27.2,-0.007243773548127441,-0.014486239111165145,81920,0.0,0,0.85,4.367153496033233,34.889236622892106,0.0,0.0613476210019949,41.818413844050625,35.01841384405063,0.85,8,0.20473677451399247,0.38166742213872806,0.2119805480621199,0.3961536612498932,6.8,2.56,14.797002429956716,0.0,0.0,late,81920,0.0,ok,38.59000185066401,34.0,0.0,0.0,41.7180003701328,34.9180003701328,0.028763747240695636,-0.028763747240695636
0.0,4.089150551462784,4.041936550676514,experiment-evaluation-017,updated,0.3339425634091642,0.3339425634091642,27.2,-0.007243773548127441,-0.014486239111165145,81920,0.0,0,0.85,4.423093114871948,34.93814602853466,0.0,0.01306190485383496,41.818413844050625,35.01841384405063,0.85,8,0.20473677451399247,0.38166742213872806,0.2119805480621199,0.3961536612498932,6.8,2.56,14.797002429956716,0.0,0.0,late,81920,0.0,ok,38.59000185066401,34.0,0.0,0.0,41.7180003701328,34.9180003701328,0.020145658401858668,0.020145658401858668
0.0,4.089150551462784,4.041936550676514,experiment-evaluation-017,known,0.34290011500775375,0.34290011500775375,27.2,-0.007243773548127441,-0.014486239111165145,81920,0.0,0,0.85,4.432050666470538,34.838334541389266,0.0,0.08066181607512135,41.818413844050625,35.01841384405063,0.85,8,0.20473677451399247,0.38166742213872806,0.2119805480621199,0.3961536612498932,6.8,2.56,14.797002429956716,0.0,0.0,late,81920,0.0,ok,38.59000185066401,34.0,0.0,0.0,41.7180003701328,34.9180003701328,0.07966582874353634,-0.07966582874353634
0.0,4.081191461117622,4.041936550676514,experiment-evaluation-017,frozen,0.28063500371119954,0.28063500371119954,27.2,-0.006382658138591568,-0.012757593876485063,81920,0.0,0,0.85,4.361826464828821,34.89772563777973,0.0,0.05732473611355952,41.81868183162788,35.01868183162788,0.85,8,0.20559788992352834,0.38339606737340814,0.2119805480621199,0.3961536612498932,6.8,2.56,14.879909621052157,0.0,0.0,split,81920,0.0,ok,38.61245471016248,34.0,0.0,0.0,41.72249094203249,34.922490942032496,0.02476530425276735,-0.02476530425276735
0.0,4.081191461117622,4.041936550676514,experiment-evaluation-017,updated,0.3340051165591662,0.3340051165591662,27.2,-0.006382658138591568,-0.012757593876485063,81920,0.0,0,0.85,4.415196577676788,34.94721743679561,0.0,0.014881585649708503,41.81868183162788,35.01868183162788,0.85,8,0.20559788992352834,0.38339606737340814,0.2119805480621199,0.3961536612498932,6.8,2.56,14.879909621052157,0.0,0.0,split,81920,0.0,ok,38.61245471016248,34.0,0.0,0.0,41.72249094203249,34.922490942032496,0.02472649476311517,0.02472649476311517
0.0,4.081191461117622,4.041936550676514,experiment-evaluation-017,known,0.34290011500775375,0.34290011500775375,27.2,-0.006382658138591568,-0.012757593876485063,81920,0.0,0,0.85,4.424091576125376,34.84282512506987,0.0,0.08066180429420673,41.81868183162788,35.01868183162788,0.85,8,0.20559788992352834,0.38339606737340814,0.2119805480621199,0.3961536612498932,6.8,2.56,14.879909621052157,0.0,0.0,split,81920,0.0,ok,38.61245471016248,34.0,0.0,0.0,41.72249094203249,34.922490942032496,0.07966581696262409,-0.07966581696262409
0.0,3.9834896339933614,0.0,experiment-evaluation-017,frozen,0.3129448501884129,0.3129448501884129,27.2,-0.0008555405983882158,-0.001707670223321467,81920,0.0,0,0.85,4.296434484181774,34.955224036737775,0.0,0.024153582826246616,41.80712336007672,35.007123360076726,0.85,8,0.2111250074637317,0.39444599102657174,0.2119805480621199,0.3961536612498932,6.8,2.56,14.653611021022353,0.0,0.0,redistribute,81920,0.0,ok,38.654532997041564,34.0,0.0,0.0,41.73090659940831,34.93090659940831,0.024317437329465008,0.024317437329465008
0.0,3.9834896339933614,0.0,experiment-evaluation-017,updated,0.34428275130277974,0.34428275130277974,27.2,-0.0008555405983882158,-0.001707670223321467,81920,0.0,0,0.85,4.327772385296141,35.01061034170277,0.0,0.05172969992172464,41.80712336007672,35.007123360076726,0.85,8,0.2111250074637317,0.39444599102657174,0.2119805480621199,0.3961536612498932,6.8,2.56,14.653611021022353,0.0,0.0,redistribute,81920,0.0,ok,38.654532997041564,34.0,0.0,0.0,41.73090659940831,34.93090659940831,0.07970374229446264,0.07970374229446264
0.0,3.9834896339933614,0.0,experiment-evaluation-017,known,0.34290011500775286,0.34290011500775286,27.2,-0.0008555405983882158,-0.001707670223321467,81920,0.0,0,0.85,4.326389749001114,34.85124077491783,0.0,0.0806618118220707,41.80712336007672,35.007123360076726,0.85,8,0.2111250074637317,0.39444599102657174,0.2119805480621199,0.3961536612498932,6.8,2.56,14.653611021022353,0.0,0.0,redistribute,81920,0.0,ok,38.654532997041564,34.0,0.0,0.0,41.73090659940831,34.93090659940831,0.07966582449048332,-0.07966582449048332
0.0,3.6145269331019465,3.7630522407554112,experiment-evaluation-017,frozen,0.3845587280852776,0.3845587280852776,27.2,-0.039844814242801146,-0.07973527897347138,81920,0.0,1,0.85,3.999085661187224,34.91753930673293,0.0,0.09265041098972422,41.77377010052231,34.973770100522316,0.85,8,0.20703953414113888,0.38630564695316616,0.24688434838394002,0.46604092592663754,6.8,2.56,12.771327336527564,0.0,0.0,early,81920,0.0,ok,39.079898881431106,34.0,0.0,0.0,41.81597977628622,35.01597977628622,0.09844046955329588,-0.09844046955329588
0.0,3.6145269331019465,3.7630522407554112,experiment-evaluation-017,updated,0.3272531956876268,0.3272531956876268,27.2,-0.039844814242801146,-0.07973527897347138,81920,0.0,1,0.85,3.9417801287895733,34.806340272849226,0.0,0.23475825817691032,41.77377010052231,34.973770100522316,0.85,8,0.20703953414113888,0.38630564695316616,0.24688434838394002,0.46604092592663754,6.8,2.56,12.771327336527564,0.0,0.0,early,81920,0.0,ok,39.079898881431106,34.0,0.0,0.0,41.81597977628622,35.01597977628622,0.20963950343699622,-0.20963950343699622
0.0,3.6145269331019465,3.7630522407554112,experiment-evaluation-017,known,0.3238985159094505,0.3238985159094505,27.2,-0.039844814242801146,-0.07973527897347138,81920,0.0,1,0.85,3.938425449011397,34.81760205561303,0.0,0.1993185159790111,41.77377010052231,34.973770100522316,0.85,8,0.20703953414113888,0.38630564695316616,0.24688434838394002,0.46604092592663754,6.8,2.56,12.771327336527564,0.0,0.0,early,81920,0.0,ok,39.079898881431106,34.0,0.0,0.0,41.81597977628622,35.01597977628622,0.19837772067319293,-0.19837772067319293
0.0,3.629346795997976,3.7630522407554112,experiment-evaluation-017,frozen,0.38563000499580546,0.38563000499580546,27.2,-0.021596829973090342,-0.043287828959234054,81920,0.0,1,0.85,4.014976800993781,34.91080526084431,0.0,0.09094226730951505,41.77327110641865,34.97327110641865,0.85,8,0.22528751841084968,0.4227530969674035,0.24688434838394002,0.46604092592663754,6.8,2.56,12.616953764693925,0.0,0.0,late,81920,0.0,ok,39.03809155358825,34.0,0.0,0.0,41.80761831071764,35.007618310717646,0.09681304987333306,-0.09681304987333306
0.0,3.629346795997976,3.7630522407554112,experiment-evaluation-017,updated,0.3427313838456705,0.3427313838456705,27.2,-0.021596829973090342,-0.043287828959234054,81920,0.0,1,0.85,3.9720781798436464,34.83418808173835,0.0,0.17220994832418768,41.77327110641865,34.97327110641865,0.85,8,0.22528751841084968,0.4227530969674035,0.24688434838394002,0.46604092592663754,6.8,2.56,12.616953764693925,0.0,0.0,late,81920,0.0,ok,39.03809155358825,34.0,0.0,0.0,41.80761831071764,35.007618310717646,0.17343022897929927,-0.17343022897929927
0.0,3.629346795997976,3.7630522407554112,experiment-evaluation-017,known,0.3238985159094505,0.3238985159094505,27.2,-0.021596829973090342,-0.043287828959234054,81920,0.0,1,0.85,3.9532453119074265,34.80924060441119,0.0,0.19931850161228226,41.77327110641865,34.97327110641865,0.85,8,0.22528751841084968,0.4227530969674035,0.24688434838394002,0.46604092592663754,6.8,2.56,12.616953764693925,0.0,0.0,late,81920,0.0,ok,39.03809155358825,34.0,0.0,0.0,41.80761831071764,35.007618310717646,0.19837770630645934,-0.19837770630645934
0.0,3.621936864549961,3.7630522407554112,experiment-evaluation-017,frozen,0.3850943665405415,0.3850943665405415,27.2,-0.045764480701178334,-0.09162890729512746,81920,0.0,1,0.85,4.007031231090503,34.91417228378862,0.0,0.09179633914961964,41.77352060347049,34.97352060347049,0.85,8,0.2011198676827617,0.3744120186315101,0.24688434838394002,0.46604092592663754,6.8,2.56,12.694140550610744,0.0,0.0,split,81920,0.0,ok,39.05899521750968,34.0,0.0,0.0,41.811799043501935,35.01179904350194,0.09762675971331447,-0.09762675971331447
0.0,3.621936864549961,3.7630522407554112,experiment-evaluation-017,updated,0.3339814053951944,0.3339814053951944,27.2,-0.045764480701178334,-0.09162890729512746,81920,0.0,1,0.85,3.9559182699451556,34.8170872578006,0.0,0.20313054855272364,41.77352060347049,34.97352060347049,0.85,8,0.2011198676827617,0.3744120186315101,0.24688434838394002,0.46604092592663754,6.8,2.56,12.694140550610744,0.0,0.0,split,81920,0.0,ok,39.05899521750968,34.0,0.0,0.0,41.811799043501935,35.01179904350194,0.19471178570133674,-0.19471178570133674
0.0,3.621936864549961,3.7630522407554112,experiment-evaluation-017,known,0.32389851590945096,0.32389851590945096,27.2,-0.045764480701178334,-0.09162890729512746,81920,0.0,1,0.85,3.945835380459412,34.813421330012105,0.0,0.19931850879564905,41.77352060347049,34.97352060347049,0.85,8,0.2011198676827617,0.3744120186315101,0.24688434838394002,0.46604092592663754,6.8,2.56,12.694140550610744,0.0,0.0,split,81920,0.0,ok,39.05899521750968,34.0,0.0,0.0,41.811799043501935,35.01179904350194,0.19837771348983324,-0.19837771348983324
0.0,3.5309762384054686,0.0,experiment-evaluation-017,frozen,0.37851913576820717,0.37851913576820717,27.2,-0.021622412208866543,-0.043338993430786454,81920,0.0,1,0.85,3.9094953741736758,34.912018663403174,0.0,0.10228041974198258,41.762759639827195,34.9627596398272,0.85,8,0.22526193617507348,0.4227019324958511,0.24688434838394002,0.46604092592663754,6.8,2.56,12.483456032621605,0.0,0.0,redistribute,81920,0.0,ok,39.09817019953679,34.0,0.0,0.0,41.819634039907356,35.01963403990736,0.10761537650418518,-0.10761537650418518
0.0,3.5309762384054686,0.0,experiment-evaluation-017,updated,0.3410266817384944,0.3410266817384944,27.2,-0.021622412208866543,-0.043338993430786454,81920,0.0,1,0.85,3.872002920143963,34.843457196851816,0.0,0.1755801398772121,41.762759639827195,34.9627596398272,0.85,8,0.22526193617507348,0.4227019324958511,0.24688434838394002,0.46604092592663754,6.8,2.56,12.483456032621605,0.0,0.0,redistribute,81920,0.0,ok,39.09817019953679,34.0,0.0,0.0,41.819634039907356,35.01963403990736,0.17617684305554349,-0.17617684305554349
0.0,3.5309762384054686,0.0,experiment-evaluation-017,known,0.32389851590945096,0.32389851590945096,27.2,-0.021622412208866543,-0.043338993430786454,81920,0.0,1,0.85,3.8548747543149195,34.821256317977586,0.0,0.1993185172355917,41.762759639827195,34.9627596398272,0.85,8,0.22526193617507348,0.4227019324958511,0.24688434838394002,0.46604092592663754,6.8,2.56,12.483456032621605,0.0,0.0,redistribute,81920,0.0,ok,39.09817019953679,34.0,0.0,0.0,41.819634039907356,35.01963403990736,0.19837772192977354,-0.19837772192977354
0.0,4.494866511511345,4.284233745269605,experiment-evaluation-017,frozen,0.4957763247864744,-0.4957763247864744,27.2,0.06154912760680081,0.12314154493525076,81920,0.0,2,0.85,3.999090186724871,34.500681628714275,0.0,0.4796404825059473,41.78780572555789,34.98780572555789,0.85,8,0.2667295025409331,0.5061979846987398,0.20518037493413227,0.383056439763489,6.8,2.56,13.994463041099268,0.0,0.0,early,81920,0.0,ok,38.95226151154337,34.0,0.0,0.0,41.79045230230867,34.990452302308675,0.48977067359439985,-0.48977067359439985
1.0,4.494866511511345,4.284233745269605,experiment-evaluation-017,updated,0.44060887960438766,-0.44060887960438766,27.2,0.06154912760680081,0.12314154493525076,81920,0.0,2,0.85,4.054257631906958,34.60835913057528,4.494866511511345,0.38189654949883334,41.79965963732012,34.99965963732012,0.85,8,0.2667295025409331,0.5061979846987398,0.20518037493413227,0.383056439763489,6.8,2.56,13.994463041099268,0.0,0.02611156956029248,early,81920,0.0,ok,38.82170366374192,34.0,0.0,0.0,41.76434073274838,34.96434073274838,0.3559816021731024,-0.3559816021731024
0.0,4.494866511511345,4.284233745269605,experiment-evaluation-017,known,0.4017944190160927,-0.4017944190160927,27.2,0.06154912760680081,0.12314154493525076,81920,0.0,2,0.85,4.093072092495253,34.82096602051473,0.0,0.16831923012576055,41.78780572555789,34.98780572555789,0.85,8,0.2667295025409331,0.5061979846987398,0.20518037493413227,0.383056439763489,6.8,2.56,13.994463041099268,0.0,0.0,early,81920,0.0,ok,38.95226151154337,34.0,0.0,0.0,41.79045230230867,34.990452302308675,0.16948628179394376,-0.16948628179394376
0.0,4.511738920571149,4.284233745269605,experiment-evaluation-017,frozen,0.49415641820648126,-0.49415641820648126,27.2,0.06033674802605665,0.12068531881104816,81920,0.0,2,0.85,4.017582502364668,34.49362294837695,0.0,0.47707548881164996,41.78723762093408,34.98723762093408,0.85,8,0.2655171229601889,0.5037417585745372,0.20518037493413227,0.383056439763489,6.8,2.56,13.818708780059643,0.0,0.0,late,81920,0.0,ok,38.90466388246876,34.0,0.0,0.0,41.78093277649375,34.98093277649375,0.4873098281167998,-0.4873098281167998
1.0,4.511738920571149,4.284233745269605,experiment-evaluation-017,updated,0.43315817885391716,-0.43315817885391716,27.2,0.06033674802605665,0.12068531881104816,81920,0.0,2,0.85,4.078580741717232,34.61606788928691,4.511738920571149,0.3650250910916502,41.799136028800405,34.99913602880041,0.85,8,0.2655171229601889,0.5037417585745372,0.20518037493413227,0.383056439763489,6.8,2.56,13.818708780059643,0.0,0.026209584725300772,late,81920,0.0,ok,38.77361595884228,34.0,0.0,0.0,41.75472319176845,34.95472319176845,0.3386553024815413,-0.3386553024815413
0.0,4.511738920571149,4.284233745269605,experiment-evaluation-017,known,0.4017944190160927,-0.4017944190160927,27.2,0.06033674802605665,0.12068531881104816,81920,0.0,2,0.85,4.109944501555057,34.81144649690773,0.0,0.16831922791783427,41.78723762093408,34.98723762093408,0.85,8,0.2655171229601889,0.5037417585745372,0.20518037493413227,0.383056439763489,6.8,2.56,13.818708780059643,0.0,0.0,late,81920,0.0,ok,38.90466388246876,34.0,0.0,0.0,41.78093277649375,34.98093277649375,0.16948627958602458,-0.16948627958602458
0.0,4.503302716041247,4.284233745269605,experiment-evaluation-017,frozen,0.4949663714964778,-0.4949663714964778,27.2,0.06498734450860033,0.13000521370603402,81920,0.0,2,0.85,4.0083363445447695,34.497152263545615,0.0,0.4783580106587972,41.787521673245976,34.98752167324598,0.85,8,0.2701677194427326,0.513061653469523,0.20518037493413227,0.383056439763489,6.8,2.56,13.906585910579455,0.0,0.0,split,81920,0.0,ok,38.92846269700608,34.0,0.0,0.0,41.78569253940121,34.985692539401214,0.48854027585559834,-0.48854027585559834
1.0,4.503302716041247,4.284233745269605,experiment-evaluation-017,updated,0.43701446510109854,-0.43701446510109854,27.2,0.06498734450860033,0.13000521370603402,81920,0.0,2,0.85,4.066288250940149,34.60872997248026,4.503302716041247,0.3770689344649772,41.79939783306027,34.99939783306027,0.85,8,0.2701677194427326,0.513061653469523,0.20518037493413227,0.383056439763489,6.8,2.56,13.906585910579455,0.0,0.02616057714278952,split,81920,0.0,ok,38.79765981129211,34.0,0.0,0.0,41.75953196225842,34.959531962258424,0.35080198977816224,-0.35080198977816224
0.0,4.503302716041247,4.284233745269605,experiment-evaluation-017,known,0.4017944190160927,-0.4017944190160927,27.2,0.06498734450860033,0.13000521370603402,81920,0.0,2,0.85,4.101508297025155,34.81620623371123,0.0,0.16831925402180067,41.787521673245976,34.98752167324598,0.85,8,0.2701677194427326,0.513061653469523,0.20518037493413227,0.383056439763489,6.8,2.56,13.906585910579455,0.0,0.0,split,81920,0.0,ok,38.92846269700608,34.0,0.0,0.0,41.78569253940121,34.985692539401214,0.16948630568998624,-0.16948630568998624
0.0,4.399744072927418,0.0,experiment-evaluation-017,frozen,0.5049089544910403,-0.5049089544910403,27.2,0.030354880091680775,0.06080280826091966,81920,0.0,2,0.85,3.8948351184363776,34.49096837521117,0.0,0.4941012756440841,41.775270319657835,34.97527031965784,0.85,8,0.23553525502581305,0.4438592480244087,0.20518037493413227,0.383056439763489,6.8,2.56,13.666721655760144,0.0,0.0,redistribute,81920,0.0,ok,38.97306340123046,34.0,0.0,0.0,41.79461268024609,34.99461268024609,0.5036443050349249,-0.5036443050349249
1.0,4.399744072927418,0.0,experiment-evaluation-017,updated,0.4549230929678849,-0.4549230929678849,27.2,0.030354880091680775,0.06080280826091966,81920,0.0,2,0.85,3.944820979959533,34.61487900871528,4.399744072927418,0.37061815875191684,41.78687337347118,34.986873373471184,0.85,8,0.23553525502581305,0.4438592480244087,0.20518037493413227,0.383056439763489,6.8,2.56,13.666721655760144,0.0,0.02555898448007099,redistribute,81920,0.0,ok,38.84526847883011,34.0,0.0,0.0,41.76905369576602,34.96905369576602,0.35417468705074384,-0.35417468705074384
0.0,4.399744072927418,0.0,experiment-evaluation-017,known,0.4017944190160936,-0.4017944190160936,27.2,0.030354880091680775,0.06080280826091966,81920,0.0,2,0.85,3.9979496539113244,34.82512638825649,0.0,0.16831924032141643,41.775270319657835,34.97527031965784,0.85,8,0.23553525502581305,0.4438592480244087,0.20518037493413227,0.383056439763489,6.8,2.56,13.666721655760144,0.0,0.0,redistribute,81920,0.0,ok,38.97306340123046,34.0,0.0,0.0,41.79461268024609,34.99461268024609,0.16948629198959964,-0.16948629198959964
0.0,2.990667686209509,2.555864954180623,experiment-evaluation-018,frozen,0.18052575282714223,-0.18052575282714223,27.2,-0.008118754459450483,-0.019002808102496604,81920,0.0,0,0.85,2.8101419333823667,30.578044056264403,0.0,0.21207618386831348,36.718526502286934,30.20753516620468,0.85,8,0.2702376919403726,0.4620576156815875,0.2783564463998231,0.4810604237840841,6.8,2.56,9.99624489698633,0.0,0.0,early,81920,0.0,ok,18.12530795589022,34.0,0.0,0.0,37.625061591178046,30.825061591178045,0.24701753491364187,-0.24701753491364187
0.0,2.990667686209509,2.555864954180623,experiment-evaluation-018,updated,0.13522709138773248,-0.13522709138773248,27.2,-0.008118754459450483,-0.019002808102496604,81920,0.0,0,0.85,2.8554405948217765,30.701407515285137,0.0,0.09390700585367995,36.718526502286934,30.20753516620468,0.85,8,0.2702376919403726,0.4620576156815875,0.2783564463998231,0.4810604237840841,6.8,2.56,9.99624489698633,0.0,0.0,early,81920,0.0,ok,18.12530795589022,34.0,0.0,0.0,37.625061591178046,30.825061591178045,0.12365407589290811,-0.12365407589290811
0.0,2.990667686209509,2.555864954180623,experiment-evaluation-018,known,0.1624761511406465,-0.1624761511406465,27.2,-0.008118754459450483,-0.019002808102496604,81920,0.0,0,0.85,2.8281915350688624,30.636622795177015,0.0,0.1863896474129909,36.718526502286934,30.20753516620468,0.85,8,0.2702376919403726,0.4620576156815875,0.2783564463998231,0.4810604237840841,6.8,2.56,9.99624489698633,0.0,0.0,early,81920,0.0,ok,18.12530795589022,34.0,0.0,0.0,37.625061591178046,30.825061591178045,0.18843879600103008,-0.18843879600103008
0.0,2.996311092088514,2.555864954180623,experiment-evaluation-018,frozen,0.17528169636805035,-0.17528169636805035,27.2,0.09291049715106964,0.1775782287738017,81920,0.0,0,0.85,2.8210293957204637,30.582826390543776,0.0,0.20400966375507323,36.7176148249934,30.20662348891114,0.85,8,0.37126694355089274,0.6586386525578858,0.2783564463998231,0.4810604237840841,6.8,2.56,9.937459419080023,0.0,0.0,late,81920,0.0,ok,18.10938771955679,34.0,0.0,0.0,37.62187754391135,30.821877543911356,0.23905115336757987,-0.23905115336757987
1.0,2.996311092088514,2.555864954180623,experiment-evaluation-018,updated,0.10581842458137602,-0.10581842458137602,27.2,0.09291049715106964,0.1775782287738017,81920,0.0,0,0.85,2.890492667507138,30.767179408763084,2.996311092088514,0.030909806418343067,36.73887074281995,30.227879406737692,0.85,8,0.37126694355089274,0.6586386525578858,0.2783564463998231,0.4810604237840841,6.8,2.56,9.937459419080023,0.0,0.07557892774512354,late,81920,0.0,ok,17.731493080831168,34.0,0.0,0.0,37.54629861616623,30.746298616166232,0.02088079259685216,0.02088079259685216
0.0,2.996311092088514,2.555864954180623,experiment-evaluation-018,known,0.1624761511406465,-0.1624761511406465,27.2,0.09291049715106964,0.1775782287738017,81920,0.0,0,0.85,2.8338349409478676,30.63343874349159,0.0,0.1863896518317283,36.7176148249934,30.20662348891114,0.85,8,0.37126694355089274,0.6586386525578858,0.2783564463998231,0.4810604237840841,6.8,2.56,9.937459419080023,0.0,0.0,late,81920,0.0,ok,18.10938771955679,34.0,0.0,0.0,37.62187754391135,30.821877543911356,0.18843880041976746,-0.18843880041976746
0.0,2.993489389149011,2.555864954180623,experiment-evaluation-018,frozen,0.17790372459759585,-0.17790372459759585,27.2,0.05515802566001615,0.10412706767427604,81920,0.0,0,0.85,2.8155856645514152,30.58043517340409,0.0,0.20804297381169334,36.71807066364017,30.207079327557913,0.85,8,0.33351447205983925,0.5851874914583601,0.2783564463998231,0.4810604237840841,6.8,2.56,9.966852158033175,0.0,0.0,split,81920,0.0,ok,18.117347837723507,34.0,0.0,0.0,37.6234695675447,30.823469567544702,0.24303439414061145,-0.24303439414061145
1.0,2.993489389149011,2.555864954180623,experiment-evaluation-018,updated,0.11850506924684412,-0.11850506924684412,27.2,0.05515802566001615,0.10412706767427604,81920,0.0,0,0.85,2.874984319902167,30.729872434096258,2.993489389149011,0.056337359140693856,36.739306564224194,30.228315228141938,0.85,8,0.33351447205983925,0.5851874914583601,0.2783564463998231,0.4810604237840841,6.8,2.56,9.966852158033175,0.0,0.0755077531320687,split,81920,0.0,ok,17.739809072063167,34.0,0.0,0.0,37.54796181441263,30.747961814412633,0.018089380316375525,-0.018089380316375525
0.0,2.993489389149011,2.555864954180623,experiment-evaluation-018,known,0.16247615114064606,-0.16247615114064606,27.2,0.05515802566001615,0.10412706767427604,81920,0.0,0,0.85,2.831013238008365,30.635030719334303,0.0,0.18638969962235782,36.71807066364017,30.207079327557913,0.85,8,0.33351447205983925,0.5851874914583601,0.2783564463998231,0.4810604237840841,6.8,2.56,9.966852158033175,0.0,0.0,split,81920,0.0,ok,18.117347837723507,34.0,0.0,0.0,37.6234695675447,30.823469567544702,0.18843884821039936,-0.18843884821039936
0.0,2.9588515698963533,0.0,experiment-evaluation-018,frozen,0.21009043660718074,-0.21009043660718074,27.2,0.04023665166368612,0.07309170692494094,81920,0.0,0,0.85,2.7487611332891726,30.590667796533182,0.0,0.25755325052734435,36.69841005815792,30.187418722075662,0.85,8,0.3185930980635092,0.554152130709025,0.2783564463998231,0.4810604237840841,6.8,2.56,9.886623463896344,0.0,0.0,redistribute,81920,0.0,ok,18.41298920906612,34.0,0.0,0.0,37.68259784181322,30.882597841813222,0.29193004528003996,-0.29193004528003996
0.0,2.9588515698963533,0.0,experiment-evaluation-018,updated,0.13298223205735438,-0.13298223205735438,27.2,0.04023665166368612,0.07309170692494094,81920,0.0,0,0.85,2.825869337838999,30.797354406401208,0.0,0.050274094603369214,36.69841005815792,30.187418722075662,0.85,8,0.3185930980635092,0.554152130709025,0.2783564463998231,0.4810604237840841,6.8,2.56,9.886623463896344,0.0,0.0,redistribute,81920,0.0,ok,18.41298920906612,34.0,0.0,0.0,37.68259784181322,30.882597841813222,0.08524343541201418,-0.08524343541201418
0.0,2.9588515698963533,0.0,experiment-evaluation-018,known,0.16247615114064606,-0.16247615114064606,27.2,0.04023665166368612,0.07309170692494094,81920,0.0,0,0.85,2.7963754187557073,30.69415903472116,0.0,0.1863896585040242,36.69841005815792,30.187418722075662,0.85,8,0.3185930980635092,0.554152130709025,0.2783564463998231,0.4810604237840841,6.8,2.56,9.886623463896344,0.0,0.0,redistribute,81920,0.0,ok,18.41298920906612,34.0,0.0,0.0,37.68259784181322,30.882597841813222,0.18843880709206218,-0.18843880709206218
1.0,3.181489070588378,2.908133676408569,experiment-evaluation-018,frozen,0.24740783454231297,-0.24740783454231297,27.2,-0.18465567729210403,-0.3646668533763932,81920,0.0,1,0.85,2.934081236046065,30.226543704611277,3.181489070588378,0.09742847762149272,37.06979370209655,30.55880236601429,0.85,8,0.17390602314021225,0.27307739530395087,0.3585617004323163,0.6377442486803441,6.8,2.56,9.280991494772358,0.0,0.0802498556384208,early,81920,0.0,ok,14.425158033200349,34.0,0.0,0.0,36.88503160664007,30.08503160664007,0.14151209797120856,0.14151209797120856
0.0,3.181489070588378,2.908133676408569,experiment-evaluation-018,updated,0.30929639381694685,-0.30929639381694685,27.2,-0.18465567729210403,-0.3646668533763932,81920,0.0,1,0.85,2.872192676771431,30.138529880481357,0.0,0.015763957162638082,37.047224126317495,30.53623279023524,0.85,8,0.17390602314021225,0.27307739530395087,0.3585617004323163,0.6377442486803441,6.8,2.56,9.280991494772358,0.0,0.0,early,81920,0.0,ok,14.826407311392455,34.0,0.0,0.0,36.96528146227849,30.16528146227849,0.026751581797132218,-0.026751581797132218
0.0,3.181489070588378,2.908133676408569,experiment-evaluation-018,known,0.31269063742794234,-0.31269063742794234,27.2,-0.18465567729210403,-0.3646668533763932,81920,0.0,1,0.85,2.8687984331604355,30.17079091947851,0.0,0.009453110306523627,37.047224126317495,30.53623279023524,0.85,8,0.17390602314021225,0.27307739530395087,0.3585617004323163,0.6377442486803441,6.8,2.56,9.280991494772358,0.0,0.0,early,81920,0.0,ok,14.826407311392455,34.0,0.0,0.0,36.96528146227849,30.16528146227849,0.0055094572000200515,0.0055094572000200515
1.0,3.1879102935327017,2.908133676408569,experiment-evaluation-018,frozen,0.24020760482229786,-0.24020760482229786,27.2,-0.09485879031168903,-0.18568978458734853,81920,0.0,1,0.85,2.947702688710404,30.233982120498666,3.1879102935327017,0.10850917278471665,37.06880192285523,30.557810586772973,0.85,8,0.26370291012062724,0.45205446409299554,0.3585617004323163,0.6377442486803441,6.8,2.56,9.214103755768987,0.0,0.0804118245161618,late,81920,0.0,ok,14.406233704577296,34.0,0.0,0.0,36.88124674091546,30.08124674091546,0.1527353795832056,0.1527353795832056
0.0,3.1879102935327017,2.908133676408569,experiment-evaluation-018,updated,0.2784321082717591,-0.2784321082717591,27.2,-0.09485879031168903,-0.18568978458734853,81920,0.0,1,0.85,2.9094781852609426,30.149074753738354,0.0,0.033579554112133536,37.046186794734304,30.535195458652048,0.85,8,0.26370291012062724,0.45205446409299554,0.3585617004323163,0.6377442486803441,6.8,2.56,9.214103755768987,0.0,0.0,late,81920,0.0,ok,14.80829282715811,34.0,0.0,0.0,36.96165856543162,30.161658565431622,0.012583811693268387,-0.012583811693268387
0.0,3.1879102935327017,2.908133676408569,experiment-evaluation-018,known,0.31269063742794234,-0.31269063742794234,27.2,-0.09485879031168903,-0.18568978458734853,81920,0.0,1,0.85,2.8752196561047594,30.167168070432314,0.0,0.00945315810719786,37.046186794734304,30.535195458652048,0.85,8,0.26370291012062724,0.45205446409299554,0.3585617004323163,0.6377442486803441,6.8,2.56,9.214103755768987,0.0,0.0,late,81920,0.0,ok,14.80829282715811,34.0,0.0,0.0,36.96165856543162,30.161658565431622,0.005509505000691917,0.005509505000691917
1.0,3.1846996820605398,2.908133676408569,experiment-evaluation-018,frozen,0.2438077196823052,-0.2438077196823052,27.2,-0.1513944721057146,-0.2971661746236844,81920,0.0,1,0.85,2.9408919623782346,30.23026286255497,3.1846996820605398,0.10296877520310588,37.06929781247589,30.558306476393632,0.85,8,0.20716722832660167,0.3405780740566597,0.3585617004323163,0.6377442486803441,6.8,2.56,9.247547625270672,0.0,0.0803308400772913,split,81920,0.0,ok,14.415695868888823,34.0,0.0,0.0,36.883139173777764,30.083139173777763,0.1471236887772065,0.1471236887772065
0.0,3.1846996820605398,2.908133676408569,experiment-evaluation-018,updated,0.3017279723884023,-0.3017279723884023,27.2,-0.1513944721057146,-0.2971661746236844,81920,0.0,1,0.85,2.8829717096721375,30.130292553800388,0.0,0.020314385187757484,37.0467054605259,30.535714124443643,0.85,8,0.20716722832660167,0.3405780740566597,0.3585617004323163,0.6377442486803441,6.8,2.56,9.247547625270672,0.0,0.0,split,81920,0.0,ok,14.817350069275282,34.0,0.0,0.0,36.96347001385505,30.163470013855054,0.0331774600546666,-0.0331774600546666
0.0,3.1846996820605398,2.908133676408569,experiment-evaluation-018,known,0.31269063742794234,-0.31269063742794234,27.2,-0.1513944721057146,-0.2971661746236844,81920,0.0,1,0.85,2.8720090446325974,30.16897944495541,0.0,0.00945308420686312,37.0467054605259,30.535714124443643,0.85,8,0.20716722832660167,0.3405780740566597,0.3585617004323163,0.6377442486803441,6.8,2.56,9.247547625270672,0.0,0.0,split,81920,0.0,ok,14.817350069275282,34.0,0.0,0.0,36.96347001385505,30.163470013855054,0.005509431100357176,0.005509431100357176
1.0,3.145287815451061,0.0,experiment-evaluation-018,frozen,0.2880009357944653,-0.2880009357944653,27.2,-0.08954761263592292,-0.1750248042896767,81920,0.0,1,0.85,2.857286879656596,30.229649307042855,3.145287815451061,0.040505993319917145,37.046647844079665,30.53565650799741,0.85,8,0.26901408779639335,0.46271944439066737,0.3585617004323163,0.6377442486803441,6.8,2.56,9.156261203094113,0.0,0.07933671545964316,redistribute,81920,0.0,ok,14.757055402797551,34.0,0.0,0.0,36.95141108055951,30.15141108055951,0.07823822648334655,0.07823822648334655
0.0,3.145287815451061,0.0,experiment-evaluation-018,updated,0.3196365008984916,-0.3196365008984916,27.2,-0.08954761263592292,-0.1750248042896767,81920,0.0,1,0.85,2.8256513145525695,30.153404263446898,0.0,0.039267343696201586,37.02433508105495,30.513343744972694,0.85,8,0.26901408779639335,0.46271944439066737,0.3585617004323163,0.6377442486803441,6.8,2.56,9.156261203094113,0.0,0.0,redistribute,81920,0.0,ok,15.153738980095763,34.0,0.0,0.0,37.03074779601915,30.230747796019152,0.07734353257225379,-0.07734353257225379
0.0,3.145287815451061,0.0,experiment-evaluation-018,known,0.31269063742794234,-0.31269063742794234,27.2,-0.08954761263592292,-0.1750248042896767,81920,0.0,1,0.85,2.8325971780231187,30.23625717773439,0.0,0.009453034821746087,37.02433508105495,30.513343744972694,0.85,8,0.26901408779639335,0.46271944439066737,0.3585617004323163,0.6377442486803441,6.8,2.56,9.156261203094113,0.0,0.0,redistribute,81920,0.0,ok,15.153738980095763,34.0,0.0,0.0,37.03074779601915,30.230747796019152,0.005509381715238959,0.005509381715238959
0.0,3.000840583879224,3.0029365406469553,experiment-evaluation-018,frozen,0.013076926125115573,0.013076926125115573,27.2,0.025349245221614913,0.0485849009218606,81920,0.0,2,0.85,3.0139175100043394,30.236174746251784,0.0,0.12658940600307508,37.38030802900196,30.58030802900196,0.85,8,0.18146416647368946,0.2836837931364178,0.15611492125207455,0.23509889221455718,6.056472685582369,2.24,10.06088558283489,0.743527314417631,0.0,early,81920,0.0,ok,14.567955804302777,33.25647268558237,0.0,0.743527314417631,36.17006384644292,30.113591160860555,0.12258358539122938,0.12258358539122938
0.0,3.000840583879224,3.0029365406469553,experiment-evaluation-018,updated,0.025407753731768512,-0.025407753731768512,27.2,0.025349245221614913,0.0485849009218606,81920,0.0,2,0.85,2.9754328301474553,30.192723591326867,0.0,0.0759647051336323,37.38030802900196,30.58030802900196,0.85,8,0.18146416647368946,0.2836837931364178,0.15611492125207455,0.23509889221455718,6.056472685582369,2.24,10.06088558283489,0.743527314417631,0.0,early,81920,0.0,ok,14.567955804302777,33.25647268558237,0.0,0.743527314417631,36.17006384644292,30.113591160860555,0.0791324304663128,0.0791324304663128
0.0,3.000840583879224,3.0029365406469553,experiment-evaluation-018,known,0.03960175701644575,-0.03960175701644575,27.2,0.025349245221614913,0.0485849009218606,81920,0.0,2,0.85,2.961238826862778,30.12211940061633,0.0,0.009027696961676194,37.38030802900196,30.58030802900196,0.85,8,0.18146416647368946,0.2836837931364178,0.15611492125207455,0.23509889221455718,6.056472685582369,2.24,10.06088558283489,0.743527314417631,0.0,early,81920,0.0,ok,14.567955804302777,33.25647268558237,0.0,0.743527314417631,36.17006384644292,30.113591160860555,0.008528239755776212,0.008528239755776212
0.0,3.0074711336271855,3.0029365406469553,experiment-evaluation-018,frozen,0.013805428798355557,0.013805428798355557,27.2,0.026019182262240204,0.05011996141287969,81920,0.0,2,0.85,3.021276562425541,30.233975178964883,0.0,0.12770329609802764,37.37923688122728,30.57923688122728,0.85,8,0.18213410351431475,0.2852188536274369,0.15611492125207455,0.23509889221455718,6.054299138374072,2.24,9.99181735629362,0.7457008616259282,0.0,late,81920,0.0,ok,14.551424349377378,33.25429913837407,0.0,0.7457008616259282,36.16458400824955,30.110284869875475,0.12369030908940815,0.12369030908940815
0.0,3.0074711336271855,3.0029365406469553,experiment-evaluation-018,updated,0.025676745955998115,-0.025676745955998115,27.2,0.026019182262240204,0.05011996141287969,81920,0.0,2,0.85,2.9817943876711874,30.191252275956785,0.0,0.07752884272500893,37.37923688122728,30.57923688122728,0.85,8,0.18213410351431475,0.2852188536274369,0.15611492125207455,0.23509889221455718,6.054299138374072,2.24,9.99181735629362,0.7457008616259282,0.0,late,81920,0.0,ok,14.551424349377378,33.25429913837407,0.0,0.7457008616259282,36.16458400824955,30.110284869875475,0.08096740608131014,0.08096740608131014
0.0,3.0074711336271855,3.0029365406469553,experiment-evaluation-018,known,0.03960175701644575,-0.03960175701644575,27.2,0.026019182262240204,0.05011996141287969,81920,0.0,2,0.85,2.96786937661074,30.118813145497842,0.0,0.009027732828268853,37.37923688122728,30.57923688122728,0.85,8,0.18213410351431475,0.2852188536274369,0.15611492125207455,0.23509889221455718,6.054299138374072,2.24,9.99181735629362,0.7457008616259282,0.0,late,81920,0.0,ok,14.551424349377378,33.25429913837407,0.0,0.7457008616259282,36.16458400824955,30.110284869875475,0.008528275622367687,0.008528275622367687
0.0,3.0041558587532045,3.0029365406469553,experiment-evaluation-018,frozen,0.013441177461735343,0.013441177461735343,27.2,0.025721232338775324,0.04940163285934676,81920,0.0,2,0.85,3.01759703621494,30.235292312608337,0.0,0.12714634632972377,37.37977245511462,30.57977245511462,0.85,8,0.18183615359084987,0.28450052507390394,0.15611492125207455,0.23509889221455718,6.054299138374072,2.24,10.026351469564254,0.7457008616259282,0.0,split,81920,0.0,ok,14.560776850444224,33.25429913837407,0.0,0.7457008616259282,36.16645450846291,30.112155370088843,0.12313694251949414,0.12313694251949414
0.0,3.0041558587532045,3.0029365406469553,experiment-evaluation-018,updated,0.02576429033434291,-0.02576429033434291,27.2,0.025721232338775324,0.04940163285934676,81920,0.0,2,0.85,2.9783915684188615,30.19128302917544,0.0,0.07590987881735956,37.37977245511462,30.57977245511462,0.85,8,0.18183615359084987,0.28450052507390394,0.15611492125207455,0.23509889221455718,6.054299138374072,2.24,10.026351469564254,0.7457008616259282,0.0,split,81920,0.0,ok,14.560776850444224,33.25429913837407,0.0,0.7457008616259282,36.16645450846291,30.112155370088843,0.07912765908659836,0.07912765908659836
0.0,3.0041558587532045,3.0029365406469553,experiment-evaluation-018,known,0.039601757016445305,-0.039601757016445305,27.2,0.025721232338775324,0.04940163285934676,81920,0.0,2,0.85,2.964554101736759,30.120683623057086,0.0,0.009027710174143758,37.37977245511462,30.57977245511462,0.85,8,0.18183615359084987,0.28450052507390394,0.15611492125207455,0.23509889221455718,6.054299138374072,2.24,10.026351469564254,0.7457008616259282,0.0,split,81920,0.0,ok,14.560776850444224,33.25429913837407,0.0,0.7457008616259282,36.16645450846291,30.112155370088843,0.008528252968243777,0.008528252968243777
0.0,2.963459196375956,0.0,experiment-evaluation-018,frozen,0.008969809557004105,0.008969809557004105,27.2,0.020826548606356465,0.040312726329414156,81920,0.0,2,0.85,2.97242900593296,30.260434003702706,0.0,0.12030977382285475,37.35667281891619,30.556672818916187,0.85,8,0.176941469858431,0.27541161854397134,0.15611492125207455,0.23509889221455718,6.221982672164506,2.32,9.932089182021322,0.5780173278354935,0.0,redistribute,81920,0.0,ok,14.720448240660847,33.4219826721645,0.0,0.5780173278354935,36.366072320296674,30.14408964813217,0.11634435557053635,0.11634435557053635
0.0,2.963459196375956,0.0,experiment-evaluation-018,updated,0.020823960801378938,-0.020823960801378938,27.2,0.020826548606356465,0.040312726329414156,81920,0.0,2,0.85,2.942635235574577,30.220733173504843,0.0,0.07484991103668293,37.35667281891619,30.556672818916187,0.85,8,0.176941469858431,0.27541161854397134,0.15611492125207455,0.23509889221455718,6.221982672164506,2.32,9.932089182021322,0.5780173278354935,0.0,redistribute,81920,0.0,ok,14.720448240660847,33.4219826721645,0.0,0.5780173278354935,36.366072320296674,30.14408964813217,0.07664352537267405,0.07664352537267405
0.0,2.963459196375956,0.0,experiment-evaluation-018,known,0.039601757016445305,-0.039601757016445305,27.2,0.020826548606356465,0.040312726329414156,81920,0.0,2,0.85,2.9238574393595105,30.15261788833474,0.0,0.009027697408469018,37.35667281891619,30.556672818916187,0.85,8,0.176941469858431,0.27541161854397134,0.15611492125207455,0.23509889221455718,6.221982672164506,2.32,9.932089182021322,0.5780173278354935,0.0,redistribute,81920,0.0,ok,14.720448240660847,33.4219826721645,0.0,0.5780173278354935,36.366072320296674,30.14408964813217,0.008528240202569037,0.008528240202569037
1.0,2.821588448194985,2.7278547374079523,experiment-evaluation-019,frozen,0.07858929574851947,-0.07858929574851947,27.2,-0.034560749237697946,-0.06859155294897129,81920,0.0,0,0.85,2.7429991524464654,29.621339244023517,2.821588448194985,0.18303597434753152,36.53944623218495,29.739446232184953,0.85,8,0.14694486174728402,0.23829476497732432,0.18150561098498197,0.3068863179262956,6.5901921844345015,2.48,9.029421722994925,0.20980781556549832,0.02447431301659364,early,81920,0.0,ok,12.944741158060674,33.7901921844345,0.0,0.20980781556549832,36.37914041604664,29.788948231612135,0.16760898758861842,-0.16760898758861842
0.0,2.821588448194985,2.7278547374079523,experiment-evaluation-019,updated,0.1156960968550953,-0.1156960968550953,27.2,-0.034560749237697946,-0.06859155294897129,81920,0.0,0,0.85,2.7058923513398896,29.55732126384011,0.0,0.25237555318448557,36.52400264115547,29.724002641155472,0.85,8,0.14694486174728402,0.23829476497732432,0.18150561098498197,0.3068863179262956,6.5901921844345015,2.48,9.029421722994925,0.20980781556549832,0.0,early,81920,0.0,ok,13.067112723143637,33.7901921844345,0.0,0.20980781556549832,36.40361472906323,29.81342254462873,0.25610128078862004,-0.25610128078862004
0.0,2.821588448194985,2.7278547374079523,experiment-evaluation-019,known,0.09848326283085651,-0.09848326283085651,27.2,-0.034560749237697946,-0.06859155294897129,81920,0.0,0,0.85,2.7231051853641284,29.61668063171971,0.0,0.19684062859994,36.52400264115547,29.724002641155472,0.85,8,0.14694486174728402,0.23829476497732432,0.18150561098498197,0.3068863179262956,6.5901921844345015,2.48,9.029421722994925,0.20980781556549832,0.0,early,81920,0.0,ok,13.067112723143637,33.7901921844345,0.0,0.20980781556549832,36.40361472906323,29.81342254462873,0.19674191290901888,-0.19674191290901888
1.0,2.8316350041346663,2.7278547374079523,experiment-evaluation-019,frozen,0.07590720824877151,-0.07590720824877151,27.2,-0.012665660768297948,-0.023926630454411846,81920,0.0,0,0.85,2.755727795885895,29.619371934395726,2.8316350041346663,0.17914761569596158,36.53875048658768,29.738750486587683,0.85,8,0.16883995021668402,0.28295968747188377,0.18150561098498197,0.3068863179262956,6.5901921844345015,2.48,8.924770098623242,0.20980781556549832,0.024561456325876918,late,81920,0.0,ok,12.91596377190447,33.7901921844345,0.0,0.20980781556549832,36.37338493881539,29.78319275438089,0.1638208199851654,-0.1638208199851654
0.0,2.8316350041346663,2.7278547374079523,experiment-evaluation-019,updated,0.10057856814108224,-0.10057856814108224,27.2,-0.012665660768297948,-0.023926630454411846,81920,0.0,0,0.85,2.731056435993584,29.56735090759909,0.0,0.22980036820139324,36.52325190706359,29.72325190706359,0.85,8,0.16883995021668402,0.28295968747188377,0.18150561098498197,0.3068863179262956,6.5901921844345015,2.48,8.924770098623242,0.20980781556549832,0.0,late,81920,0.0,ok,13.03877105353384,33.7901921844345,0.0,0.20980781556549832,36.39794639514127,29.80775421070677,0.24040330310768,-0.24040330310768
0.0,2.8316350041346663,2.7278547374079523,experiment-evaluation-019,known,0.09848326283085651,-0.09848326283085651,27.2,-0.012665660768297948,-0.023926630454411846,81920,0.0,0,0.85,2.73315174130381,29.61092909098086,0.0,0.19705348973050482,36.52325190706359,29.72325190706359,0.85,8,0.16883995021668402,0.28295968747188377,0.18150561098498197,0.3068863179262956,6.5901921844345015,2.48,8.924770098623242,0.20980781556549832,0.0,late,81920,0.0,ok,13.03877105353384,33.7901921844345,0.0,0.20980781556549832,36.39794639514127,29.80775421070677,0.19682511972590788,-0.19682511972590788
1.0,2.826611726164826,2.7278547374079523,experiment-evaluation-019,frozen,0.07724825199864549,-0.07724825199864549,27.2,-0.024559910888865666,-0.04758855443445342,81920,0.0,0,0.85,2.7493634741661803,29.62031669121187,2.826611726164826,0.18111167714649787,36.539098359386315,29.73909835938632,0.85,8,0.1569457000961163,0.2592977634918422,0.18150561098498197,0.3068863179262956,6.5901921844345015,2.48,8.977095910809084,0.20980781556549832,0.024517884671233503,split,81920,0.0,ok,12.930352464982573,33.7901921844345,0.0,0.20980781556549832,36.376262677431015,29.786070492996515,0.16575380178464627,-0.16575380178464627
0.0,2.826611726164826,2.7278547374079523,experiment-evaluation-019,updated,0.1090367390714384,-0.1090367390714384,27.2,-0.024559910888865666,-0.04758855443445342,81920,0.0,0,0.85,2.7175749870933874,29.551639741847033,0.0,0.24982075788359973,36.52362727410953,29.723627274109532,0.85,8,0.1569457000961163,0.2592977634918422,0.18150561098498197,0.3068863179262956,6.5901921844345015,2.48,8.977095910809084,0.20980781556549832,0.0,split,81920,0.0,ok,13.05294188833874,33.7901921844345,0.0,0.20980781556549832,36.40078056210225,29.81058837766775,0.25894863582071537,-0.25894863582071537
0.0,2.826611726164826,2.7278547374079523,experiment-evaluation-019,known,0.09848326283085651,-0.09848326283085651,27.2,-0.024559910888865666,-0.04758855443445342,81920,0.0,0,0.85,2.7281284633339693,29.613819967152942,0.0,0.19696869604467793,36.52362727410953,29.723627274109532,0.85,8,0.1569457000961163,0.2592977634918422,0.18150561098498197,0.3068863179262956,6.5901921844345015,2.48,8.977095910809084,0.20980781556549832,0.0,split,81920,0.0,ok,13.05294188833874,33.7901921844345,0.0,0.20980781556549832,36.40078056210225,29.81058837766775,0.19676841051480665,-0.19676841051480665
1.0,2.7649484688674892,0.0,experiment-evaluation-019,frozen,0.09371023684040436,-0.09371023684040436,27.2,-0.01653736125595734,-0.032094527236517734,81920,0.0,0,0.85,2.671238232027085,29.575231174474204,2.7649484688674892,0.20648971685891362,36.52257103861824,29.72257103861824,0.85,8,0.16496824972902463,0.2747917906897779,0.18150561098498197,0.3068863179262956,6.7606831055224985,2.48,8.834270446737492,0.039316894477501335,0.02398302075028269,redistribute,81920,0.0,ok,12.83330259378039,33.9606831055225,0.0,0.039316894477501335,36.52734362427857,29.766660518756076,0.19142934428187175,-0.19142934428187175
0.0,2.7649484688674892,0.0,experiment-evaluation-019,updated,0.11482592528408997,-0.11482592528408997,27.2,-0.01653736125595734,-0.032094527236517734,81920,0.0,0,0.85,2.6501225435833993,29.52524569535074,0.0,0.2551214194394677,36.507437459021226,29.707437459021225,0.85,8,0.16496824972902463,0.2747917906897779,0.18150561098498197,0.3068863179262956,6.7606831055224985,2.48,8.834270446737492,0.039316894477501335,0.0,redistribute,81920,0.0,ok,12.953217697531795,33.9606831055225,0.0,0.039316894477501335,36.55132664502886,29.79064353950636,0.2653978441556184,-0.2653978441556184
0.0,2.7649484688674892,0.0,experiment-evaluation-019,known,0.09848326283085695,-0.09848326283085695,27.2,-0.01653736125595734,-0.032094527236517734,81920,0.0,0,0.85,2.6664652060366323,29.593888080051777,0.0,0.19667113512964937,36.507437459021226,29.707437459021225,0.85,8,0.16496824972902463,0.2747917906897779,0.18150561098498197,0.3068863179262956,6.7606831055224985,2.48,8.834270446737492,0.039316894477501335,0.0,redistribute,81920,0.0,ok,12.953217697531795,33.9606831055225,0.0,0.039316894477501335,36.55132664502886,29.79064353950636,0.1967554594545824,-0.1967554594545824
1.0,2.9063861455397513,3.3099804987049244,experiment-evaluation-019,frozen,0.05056825463847847,0.05056825463847847,27.2,-0.10761649286702926,-0.21780991554045337,81920,0.0,1,0.85,2.9569544001782297,29.428167429355014,2.9063861455397513,0.12855521176841242,36.64167811140634,29.861336558645093,0.85,8,0.16102870814718592,0.26948499600906206,0.2686452010142152,0.48729491154951543,6.8,2.56,10.119741495940564,0.0,0.02520984388014824,early,81920,0.0,ok,11.57958320477652,34.0,0.0,0.0,36.3159166409553,29.515916640955304,0.08774921160028981,-0.08774921160028981
1.0,2.9063861455397513,3.3099804987049244,experiment-evaluation-019,updated,0.009596164435955679,-0.009596164435955679,27.2,-0.10761649286702926,-0.21780991554045337,81920,0.0,1,0.85,2.8967899811037956,29.410346793562937,2.9063861455397513,0.11979400185477473,36.64167811140634,29.861336558645093,0.85,8,0.16102870814718592,0.26948499600906206,0.2686452010142152,0.48729491154951543,6.8,2.56,10.119741495940564,0.0,0.02520984388014824,early,81920,0.0,ok,11.57958320477652,34.0,0.0,0.0,36.3159166409553,29.515916640955304,0.10556984739236697,-0.10556984739236697
0.0,2.9063861455397513,3.3099804987049244,experiment-evaluation-019,known,0.00852110448043053,-0.00852110448043053,27.2,-0.10761649286702926,-0.21780991554045337,81920,0.0,1,0.85,2.8978650410593207,29.519019636051887,0.0,0.022068168790917515,36.62577039140055,29.845428838639304,0.85,8,0.16102870814718592,0.26948499600906206,0.2686452010142152,0.48729491154951543,6.8,2.56,10.119741495940564,0.0,0.0,early,81920,0.0,ok,11.705632424177267,34.0,0.0,0.0,36.34112648483545,29.541126484835452,0.02210684878356517,-0.02210684878356517
1.0,2.9185766422635946,3.3099804987049244,experiment-evaluation-019,frozen,0.05873372768461671,0.05873372768461671,27.2,-0.0736960024743285,-0.14868235089559134,81920,0.0,1,0.85,2.9773103699482113,29.434045913016483,2.9185766422635946,0.11598350998739566,36.64083389330065,29.860492340539402,0.85,8,0.19494919853988668,0.3386125606539241,0.2686452010142152,0.48729491154951543,6.8,2.56,9.992757155067189,0.0,0.025315583621477344,late,81920,0.0,ok,11.544664707953906,34.0,0.0,0.0,36.30893294159078,29.508932941590782,0.07488702857429885,-0.07488702857429885
1.0,2.9185766422635946,3.3099804987049244,experiment-evaluation-019,updated,0.007921513486775833,0.007921513486775833,27.2,-0.0736960024743285,-0.14868235089559134,81920,0.0,1,0.85,2.9264981557503704,29.381920611582515,2.9185766422635946,0.15290221549328228,36.64083389330065,29.860492340539402,0.85,8,0.19494919853988668,0.3386125606539241,0.2686452010142152,0.48729491154951543,6.8,2.56,9.992757155067189,0.0,0.025315583621477344,late,81920,0.0,ok,11.544664707953906,34.0,0.0,0.0,36.30893294159078,29.508932941590782,0.12701233000826662,-0.12701233000826662
0.0,2.9185766422635946,3.3099804987049244,experiment-evaluation-019,known,0.008521104480430086,-0.008521104480430086,27.2,-0.0736960024743285,-0.14868235089559134,81920,0.0,1,0.85,2.9100555377831645,29.51210053892037,0.0,0.022155095799425577,36.62485945022404,29.84451789746279,0.85,8,0.19494919853988668,0.3386125606539241,0.2686452010142152,0.48729491154951543,6.8,2.56,9.992757155067189,0.0,0.0,late,81920,0.0,ok,11.671242626061293,34.0,0.0,0.0,36.33424852521226,29.53424852521226,0.022147986291887634,-0.022147986291887634
1.0,2.912481393901673,3.3099804987049244,experiment-evaluation-019,frozen,0.05465099116154759,0.05465099116154759,27.2,-0.0928159945814939,-0.18769242916148787,81920,0.0,1,0.85,2.9671323850632207,29.431113629543574,2.912481393901673,0.12226606642329922,36.641256002353494,29.860914449592247,0.85,8,0.1758292064327213,0.29960248238802756,0.2686452010142152,0.48729491154951543,6.8,2.56,10.056249325503877,0.0,0.025262713750812793,split,81920,0.0,ok,11.562123956365214,34.0,0.0,0.0,36.31242479127304,29.51242479127304,0.08131116172946662,-0.08131116172946662
1.0,2.912481393901673,3.3099804987049244,experiment-evaluation-019,updated,0.003279560996968467,-0.003279560996968467,27.2,-0.0928159945814939,-0.18769242916148787,81920,0.0,1,0.85,2.9092018329047047,29.38816593385074,2.912481393901673,0.14449106450059665,36.641256002353494,29.860914449592247,0.85,8,0.1758292064327213,0.29960248238802756,0.2686452010142152,0.48729491154951543,6.8,2.56,10.056249325503877,0.0,0.025262713750812793,split,81920,0.0,ok,11.562123956365214,34.0,0.0,0.0,36.31242479127304,29.51242479127304,0.12425885742230136,-0.12425885742230136
0.0,2.912481393901673,3.3099804987049244,experiment-evaluation-019,known,0.008521104480430974,-0.008521104480430974,27.2,-0.0928159945814939,-0.18769242916148787,81920,0.0,1,0.85,2.903960289421242,29.5155857265538,0.0,0.02209689315580121,36.62531492081229,29.844973368051047,0.85,8,0.1758292064327213,0.29960248238802756,0.2686452010142152,0.48729491154951543,6.8,2.56,10.056249325503877,0.0,0.0,split,81920,0.0,ok,11.688437525119282,34.0,0.0,0.0,36.33768750502385,29.537687505023854,0.022101778470052125,-0.022101778470052125
1.0,2.8376591622256746,0.0,experiment-evaluation-019,frozen,0.004533352000282154,0.004533352000282154,27.2,-0.07363575306874132,-0.1485714484602333,81920,0.0,1,0.85,2.8421925142259568,29.369443107976977,2.8376591622256746,0.20014210511019215,36.62120174187987,29.840860189118626,0.85,8,0.19500944794547387,0.33872346308928214,0.2686452010142152,0.48729491154951543,6.8,2.56,9.882944825703179,0.0,0.02461370956318376,redistribute,81920,0.0,ok,11.65123736830498,34.0,0.0,0.0,36.330247473661,29.530247473660996,0.1608043656840188,-0.1608043656840188
1.0,2.8376591622256746,0.0,experiment-evaluation-019,updated,0.026805906639070454,-0.026805906639070454,27.2,-0.07363575306874132,-0.1485714484602333,81920,0.0,1,0.85,2.810853255586604,29.348454306473986,2.8376591622256746,0.2067068212161587,36.62120174187987,29.840860189118626,0.85,8,0.19500944794547387,0.33872346308928214,0.2686452010142152,0.48729491154951543,6.8,2.56,9.882944825703179,0.0,0.02461370956318376,redistribute,81920,0.0,ok,11.65123736830498,34.0,0.0,0.0,36.330247473661,29.530247473660996,0.18179316718700989,-0.18179316718700989
0.0,2.8376591622256746,0.0,experiment-evaluation-019,known,0.008521104480430086,-0.008521104480430086,27.2,-0.07363575306874132,-0.1485714484602333,81920,0.0,1,0.85,2.8291380577452445,29.532757868572425,0.0,0.022091854837407016,36.605670189923565,29.825328637162315,0.85,8,0.19500944794547387,0.33872346308928214,0.2686452010142152,0.48729491154951543,6.8,2.56,9.882944825703179,0.0,0.0,redistribute,81920,0.0,ok,11.774305916120909,34.0,0.0,0.0,36.35486118322418,29.55486118322418,0.022103314651754857,-0.022103314651754857
0.0,2.8342903597467997,2.3811621827637612,experiment-evaluation-019,frozen,0.26515294448336846,-0.26515294448336846,27.2,0.1513680252670444,0.2993233627189131,81920,0.0,2,0.85,2.569137415263431,29.6503722210226,0.0,0.19461482668213273,36.467553769597465,29.68721221683622,0.85,8,0.31601506714663297,0.5685332184399161,0.16464704187958856,0.26920985572100303,6.8,2.56,8.955157653545514,0.0,0.0,early,81920,0.0,ok,13.250665747989972,34.0,0.0,0.0,36.65013314959799,29.850133149597994,0.19976092857539385,-0.19976092857539385
1.0,2.8342903597467997,2.3811621827637612,experiment-evaluation-019,updated,0.20859010383111842,-0.20859010383111842,27.2,0.1513680252670444,0.2993233627189131,81920,0.0,2,0.85,2.6257002559156812,29.806703338818572,2.8342903597467997,0.05370537153254418,36.48306688285916,29.702725330097913,0.85,8,0.31601506714663297,0.5685332184399161,0.16464704187958856,0.26920985572100303,6.8,2.56,8.955157653545514,0.0,0.02458448874382313,early,81920,0.0,ok,13.127743304270854,34.0,0.0,0.0,36.62554866085417,29.82554866085417,0.018845322035598855,-0.018845322035598855
0.0,2.8342903597467997,2.3811621827637612,experiment-evaluation-019,known,0.24088069194410444,-0.24088069194410444,27.2,0.1513680252670444,0.2993233627189131,81920,0.0,2,0.85,2.593409667802695,29.70925455995988,0.0,0.1398338962743336,36.467553769597465,29.68721221683622,0.85,8,0.31601506714663297,0.5685332184399161,0.16464704187958856,0.26920985572100303,6.8,2.56,8.955157653545514,0.0,0.0,early,81920,0.0,ok,13.250665747989972,34.0,0.0,0.0,36.65013314959799,29.850133149597994,0.14087858963811328,-0.14087858963811328
0.0,2.8430600639185553,2.3811621827637612,experiment-evaluation-019,frozen,0.26452147687466265,-0.26452147687466265,27.2,-0.0032521355573282285,-0.007614790051588327,81920,0.0,2,0.85,2.5785385870438926,29.646383541693844,0.0,0.19360775360716195,36.46689844891474,29.68655689615349,0.85,8,0.16139490632226033,0.2615950656694147,0.16464704187958856,0.26920985572100303,6.8,2.56,8.863806568423058,0.0,0.0,late,81920,0.0,ok,13.22592611983244,34.0,0.0,0.0,36.645185223966486,29.84518522396649,0.19880168227264505,-0.19880168227264505
0.0,2.8430600639185553,2.3811621827637612,experiment-evaluation-019,updated,0.21821947854570123,-0.21821947854570123,27.2,-0.0032521355573282285,-0.007614790051588327,81920,0.0,2,0.85,2.624840585372854,29.75156215907889,0.0,0.08742293313083611,36.46689844891474,29.68655689615349,0.85,8,0.16139490632226033,0.2615950656694147,0.16464704187958856,0.26920985572100303,6.8,2.56,8.863806568423058,0.0,0.0,late,81920,0.0,ok,13.22592611983244,34.0,0.0,0.0,36.645185223966486,29.84518522396649,0.09362306488759842,-0.09362306488759842
0.0,2.8430600639185553,2.3811621827637612,experiment-evaluation-019,known,0.24088069194410444,-0.24088069194410444,27.2,-0.0032521355573282285,-0.007614790051588327,81920,0.0,2,0.85,2.602179371974451,29.70430660135287,0.0,0.13983392924984153,36.46689844891474,29.68655689615349,0.85,8,0.16139490632226033,0.2615950656694147,0.16464704187958856,0.26920985572100303,6.8,2.56,8.863806568423058,0.0,0.0,late,81920,0.0,ok,13.22592611983244,34.0,0.0,0.0,36.645185223966486,29.84518522396649,0.14087862261362005,-0.14087862261362005
0.0,2.8386752118326775,2.3811621827637612,experiment-evaluation-019,frozen,0.2648372106790151,-0.2648372106790151,27.2,0.08336877918000557,0.16493686914864086,81920,0.0,2,0.85,2.5738380011536623,29.64837785635822,0.0,0.19411131514464586,36.4672261092561,29.686884556494856,0.85,8,0.24801582105959413,0.4341467248696439,0.16464704187958856,0.26920985572100303,6.8,2.56,8.909482110984285,0.0,0.0,split,81920,0.0,ok,13.238295933911205,34.0,0.0,0.0,36.64765918678224,29.84765918678224,0.19928133042402152,-0.19928133042402152
1.0,2.8386752118326775,2.3811621827637612,experiment-evaluation-019,updated,0.2045434696891011,-0.2045434696891011,27.2,0.08336877918000557,0.16493686914864086,81920,0.0,2,0.85,2.6341317421435764,29.801268841245502,2.8386752118326775,0.047821623198914885,36.4827632224255,29.70242166966425,0.85,8,0.24801582105959413,0.4341467248696439,0.16464704187958856,0.26920985572100303,6.8,2.56,8.909482110984285,0.0,0.024622522725199047,split,81920,0.0,ok,13.11518332028522,34.0,0.0,0.0,36.62303666405704,29.823036664057042,0.021767822811540327,-0.021767822811540327
0.0,2.8386752118326775,2.3811621827637612,experiment-evaluation-019,known,0.24088069194410489,-0.24088069194410489,27.2,0.08336877918000557,0.16493686914864086,81920,0.0,2,0.85,2.5977945198885726,29.706780555656373,0.0,0.13983393776208666,36.4672261092561,29.686884556494856,0.85,8,0.24801582105959413,0.4341467248696439,0.16464704187958856,0.26920985572100303,6.8,2.56,8.909482110984285,0.0,0.0,split,81920,0.0,ok,13.238295933911205,34.0,0.0,0.0,36.64765918678224,29.84765918678224,0.14087863112586874,-0.14087863112586874
0.0,2.7848489525642055,0.0,experiment-evaluation-019,frozen,0.26871300153355016,-0.26871300153355016,27.2,0.0013004432430207546,0.00200648483768745,81920,0.0,2,0.85,2.5161359510306553,29.654844633776044,0.0,0.20029263457490268,36.45309391412652,29.67275236136527,0.85,8,0.16594748512260932,0.2712163405586905,0.16464704187958856,0.26920985572100303,6.8,2.56,8.784808832338182,0.0,0.0,redistribute,81920,0.0,ok,13.300068674091353,34.0,0.0,0.0,36.66001373481827,29.86001373481827,0.20516910104222674,-0.20516910104222674
0.0,2.7848489525642055,0.0,experiment-evaluation-019,updated,0.22247715276171265,-0.22247715276171265,27.2,0.0013004432430207546,0.00200648483768745,81920,0.0,2,0.85,2.562371799802493,29.76276166197626,0.0,0.08933854913939854,36.45309391412652,29.67275236136527,0.85,8,0.16594748512260932,0.2712163405586905,0.16464704187958856,0.26920985572100303,6.8,2.56,8.784808832338182,0.0,0.0,redistribute,81920,0.0,ok,13.300068674091353,34.0,0.0,0.0,36.66001373481827,29.86001373481827,0.09725207284201076,-0.09725207284201076
0.0,2.7848489525642055,0.0,experiment-evaluation-019,known,0.24088069194410444,-0.24088069194410444,27.2,0.0013004432430207546,0.00200648483768745,81920,0.0,2,0.85,2.543968260620101,29.71913515028344,0.0,0.13983389117105224,36.45309391412652,29.67275236136527,0.85,8,0.16594748512260932,0.2712163405586905,0.16464704187958856,0.26920985572100303,6.8,2.56,8.784808832338182,0.0,0.0,redistribute,81920,0.0,ok,13.300068674091353,34.0,0.0,0.0,36.66001373481827,29.86001373481827,0.14087858453483193,-0.14087858453483193
0.0,5.566095139167402,4.830505820683129,experiment-evaluation-020,frozen,0.7145095856560193,-0.7145095856560193,27.2,-0.0003584362891324022,-0.0007190945099698753,81920,0.0,0,0.85,4.8515855535113825,36.307779975877246,0.0,0.13922287949056056,42.658543564245,35.858543564245004,0.85,8,0.19287901481474773,0.35613177427931864,0.19323745110388013,0.3568508687892885,6.8,2.56,16.665198724366714,0.0,0.07006391811631119,early,81920,0.0,ok,46.04484838589338,34.0,0.0,0.0,43.20896967717867,36.408969677178675,0.10118970130142912,-0.10118970130142912
1.0,5.566095139167402,4.830505820683129,experiment-evaluation-020,updated,0.607623167289483,-0.607623167289483,27.2,-0.0003584362891324022,-0.0007190945099698753,81920,0.0,0,0.85,4.958471971877919,36.47279045026845,5.566095139167402,0.01441051511747323,42.66384737675723,35.863847376757235,0.85,8,0.19287901481474773,0.35613177427931864,0.19323745110388013,0.3568508687892885,6.8,2.56,16.665198724366714,0.0,0.0,early,81920,0.0,ok,46.395167976474944,34.0,0.0,0.0,43.27903359529498,36.479033595294986,0.0062431450265378885,-0.0062431450265378885
1.0,5.566095139167402,4.830505820683129,experiment-evaluation-020,known,0.6008794435631044,-0.6008794435631044,27.2,-0.0003584362891324022,-0.0007190945099698753,81920,0.0,0,0.85,4.965215695604297,36.45428128050403,5.566095139167402,0.020970492249399324,42.66384737675723,35.863847376757235,0.85,8,0.19287901481474773,0.35613177427931864,0.19323745110388013,0.3568508687892885,6.8,2.56,16.665198724366714,0.0,0.0,early,81920,0.0,ok,46.395167976474944,34.0,0.0,0.0,43.27903359529498,36.479033595294986,0.024752314790958962,-0.024752314790958962
0.0,5.593038584924828,4.830505820683129,experiment-evaluation-020,frozen,0.7206037241350138,-0.7206037241350138,27.2,-0.007691864091078193,-0.01538650427228272,81920,0.0,0,0.85,4.872434860789814,36.283320564371635,0.0,0.14863074655386535,42.65831212317802,35.858312123178024,0.85,8,0.18554558701280194,0.3414643645170058,0.19323745110388013,0.3568508687892885,6.8,2.56,16.3845378310602,0.0,0.07040307210669283,late,81920,0.0,ok,45.968840026173794,34.0,0.0,0.0,43.19376800523476,36.39376800523476,0.11044744086312619,-0.11044744086312619
1.0,5.593038584924828,4.830505820683129,experiment-evaluation-020,updated,0.6353006751039558,-0.6353006751039558,27.2,-0.007691864091078193,-0.01538650427228272,81920,0.0,0,0.85,4.957737909820872,36.41593613426879,5.593038584924828,0.026917294280868493,42.66364160952103,35.86364160952103,0.85,8,0.18554558701280194,0.3414643645170058,0.19323745110388013,0.3568508687892885,6.8,2.56,16.3845378310602,0.0,0.0,late,81920,0.0,ok,46.32085538670729,34.0,0.0,0.0,43.26417107734145,36.464171077341454,0.048234943072664294,-0.048234943072664294
1.0,5.593038584924828,4.830505820683129,experiment-evaluation-020,known,0.6008794435631044,-0.6008794435631044,27.2,-0.007691864091078193,-0.01538650427228272,81920,0.0,0,0.85,4.992159141361723,36.4394187912118,5.593038584924828,0.020970463588094884,42.66364160952103,35.86364160952103,0.85,8,0.18554558701280194,0.3414643645170058,0.19323745110388013,0.3568508687892885,6.8,2.56,16.3845378310602,0.0,0.0,late,81920,0.0,ok,46.32085538670729,34.0,0.0,0.0,43.26417107734145,36.464171077341454,0.02475228612965452,-0.02475228612965452
0.0,5.579566862046115,4.830505820683129,experiment-evaluation-020,frozen,0.7175566548955175,-0.7175566548955175,27.2,-0.0028110023022507036,-0.005625422287970139,81920,0.0,0,0.85,4.862010207150598,36.29555029512444,0.0,0.14392678802221562,42.65842784371151,35.85842784371151,0.85,8,0.19042644880162943,0.3512254465013184,0.19323745110388013,0.3568508687892885,6.8,2.56,16.52486827771346,0.0,0.07023349511150201,split,81920,0.0,ok,46.00684420603359,34.0,0.0,0.0,43.201368841206715,36.40136884120672,0.10581854608227559,-0.10581854608227559
1.0,5.579566862046115,4.830505820683129,experiment-evaluation-020,updated,0.6232458171258477,-0.6232458171258477,27.2,-0.0028110023022507036,-0.005625422287970139,81920,0.0,0,0.85,4.9563210449202675,36.442609813409206,5.579566862046115,0.01625301637100307,42.663744493139134,35.86374449313914,0.85,8,0.19042644880162943,0.3512254465013184,0.19323745110388013,0.3568508687892885,6.8,2.56,16.52486827771346,0.0,0.0,split,81920,0.0,ok,46.3580116815911,34.0,0.0,0.0,43.27160233631822,36.47160233631822,0.02899252290901444,-0.02899252290901444
1.0,5.579566862046115,4.830505820683129,experiment-evaluation-020,known,0.6008794435631044,-0.6008794435631044,27.2,-0.0028110023022507036,-0.005625422287970139,81920,0.0,0,0.85,4.978687418483011,36.44685006085791,5.579566862046115,0.020970452918748588,42.663744493139134,35.86374449313914,0.85,8,0.19042644880162943,0.3512254465013184,0.19323745110388013,0.3568508687892885,6.8,2.56,16.52486827771346,0.0,0.0,split,81920,0.0,ok,46.3580116815911,34.0,0.0,0.0,43.27160233631822,36.47160233631822,0.024752275460308226,-0.024752275460308226
0.0,5.414194704842001,0.0,experiment-evaluation-020,frozen,0.680152351242409,-0.680152351242409,27.2,-0.007513292807993677,-0.015024770367946583,81920,0.0,0,0.85,4.734042353599592,36.26606866738579,0.0,0.08618345980373003,42.65343674484066,35.853436744840664,0.85,8,0.18572415829588645,0.34182609842134193,0.19323745110388013,0.3568508687892885,6.8,2.56,16.14183053153494,0.0,0.06815185241741517,redistribute,81920,0.0,ok,45.57532665225398,34.0,0.0,0.0,43.11506533045079,36.31506533045079,0.0489966630650045,-0.0489966630650045
1.0,5.414194704842001,0.0,experiment-evaluation-020,updated,0.614436991528085,-0.614436991528085,27.2,-0.007513292807993677,-0.015024770367946583,81920,0.0,0,0.85,4.799757713313916,36.3680149665596,5.414194704842001,0.015317319681005396,42.658595814691466,35.85859581469147,0.85,8,0.18572415829588645,0.34182609842134193,0.19323745110388013,0.3568508687892885,6.8,2.56,16.14183053153494,0.0,0.0,redistribute,81920,0.0,ok,45.91608591434106,34.0,0.0,0.0,43.183217182868205,36.38321718286821,0.01520221630860874,-0.01520221630860874
1.0,5.414194704842001,0.0,experiment-evaluation-020,known,0.6008794435631044,-0.6008794435631044,27.2,-0.007513292807993677,-0.015024770367946583,81920,0.0,0,0.85,4.8133152612788965,36.358464915609446,5.414194704842001,0.02097044471719774,42.658595814691466,35.85859581469147,0.85,8,0.18572415829588645,0.34182609842134193,0.19323745110388013,0.3568508687892885,6.8,2.56,16.14183053153494,0.0,0.0,redistribute,81920,0.0,ok,45.91608591434106,34.0,0.0,0.0,43.183217182868205,36.38321718286821,0.024752267258762117,-0.024752267258762117
0.0,3.7129706043602084,3.8860955876108654,experiment-evaluation-020,frozen,0.3654686587195597,0.3654686587195597,27.2,-0.006996662737556503,-0.013971014004853788,81920,0.0,1,0.85,4.078439263079768,35.280708185036275,0.0,0.32096670584373754,43.066424480962624,36.26642448096263,0.85,8,0.25145269275532106,0.4735222019064676,0.25844935549287756,0.4874932159113214,6.8,2.56,13.689887636824057,0.0,0.04673748146372958,early,81920,0.0,ok,41.86425889317999,34.0,0.0,0.0,42.372851778636,35.572851778636,0.2921435935997252,-0.2921435935997252
0.0,3.7129706043602084,3.8860955876108654,experiment-evaluation-020,updated,0.376464195570553,0.376464195570553,27.2,-0.006996662737556503,-0.013971014004853788,81920,0.0,1,0.85,4.089434799930761,35.29522165955935,0.0,0.3083036096739704,43.066424480962624,36.26642448096263,0.85,8,0.25145269275532106,0.4735222019064676,0.25844935549287756,0.4874932159113214,6.8,2.56,13.689887636824057,0.0,0.04673748146372958,early,81920,0.0,ok,41.86425889317999,34.0,0.0,0.0,42.372851778636,35.572851778636,0.2776301190766475,-0.2776301190766475
1.0,3.7129706043602084,3.8860955876108654,experiment-evaluation-020,known,0.4697134138729524,0.4697134138729524,27.2,-0.006996662737556503,-0.013971014004853788,81920,0.0,1,0.85,4.182684018233161,35.655866312957315,3.7129706043602084,0.03332076471078693,43.06996249090615,36.26996249090615,0.85,8,0.25145269275532106,0.4735222019064676,0.25844935549287756,0.4874932159113214,6.8,2.56,13.689887636824057,0.0,0.0,early,81920,0.0,ok,42.097946300498634,34.0,0.0,0.0,42.41958926009973,35.61958926009973,0.03627705285758509,0.03627705285758509
0.0,3.7346463479696337,3.8860955876108654,experiment-evaluation-020,frozen,0.3601291355131866,0.3601291355131866,27.2,-0.006628786377164686,-0.013235261284070154,81920,0.0,1,0.85,4.09477548348282,35.26036722294691,0.0,0.3291755343882367,43.066238288844744,36.26623828884475,0.85,8,0.2518205691157129,0.47425795462725123,0.25844935549287756,0.4874932159113214,6.8,2.56,13.464098640892544,0.0,0.04701032759506063,late,81920,0.0,ok,41.80311089702954,34.0,0.0,0.0,42.36062217940591,35.56062217940591,0.3002549564589998,-0.3002549564589998
0.0,3.7346463479696337,3.8860955876108654,experiment-evaluation-020,updated,0.37053029842640184,0.37053029842640184,27.2,-0.006628786377164686,-0.013235261284070154,81920,0.0,1,0.85,4.1051766463960355,35.27284909142702,0.0,0.31861213963266505,43.066238288844744,36.26623828884475,0.85,8,0.2518205691157129,0.47425795462725123,0.25844935549287756,0.4874932159113214,6.8,2.56,13.464098640892544,0.0,0.04701032759506063,late,81920,0.0,ok,41.80311089702954,34.0,0.0,0.0,42.36062217940591,35.56062217940591,0.28777308797889134,-0.28777308797889134
1.0,3.7346463479696337,3.8860955876108654,experiment-evaluation-020,known,0.46971341387295196,0.46971341387295196,27.2,-0.006628786377164686,-0.013235261284070154,81920,0.0,1,0.85,4.204359761842586,35.643909609044854,3.7346463479696337,0.033320813897087,43.069796953138805,36.26979695313881,0.85,8,0.2518205691157129,0.47425795462725123,0.25844935549287756,0.4874932159113214,6.8,2.56,13.464098640892544,0.0,0.0,late,81920,0.0,ok,42.03816253500486,34.0,0.0,0.0,42.40763250700097,35.60763250700097,0.03627710204388279,0.03627710204388279
0.0,3.723808476164921,3.8860955876108654,experiment-evaluation-020,frozen,0.3627988971163738,0.3627988971163738,27.2,-0.005999202135804349,-0.01197609280134937,81920,0.0,1,0.85,4.086607373281295,35.270537778991596,0.0,0.3250710451159904,43.066331384903684,36.26633138490369,0.85,8,0.2524501533570732,0.475517123109972,0.25844935549287756,0.4874932159113214,6.8,2.56,13.5769931388583,0.0,0.04687390452939155,split,81920,0.0,ok,41.83368489510479,34.0,0.0,0.0,42.366736979020956,35.56673697902096,0.2961992000293634,-0.2961992000293634
0.0,3.723808476164921,3.8860955876108654,experiment-evaluation-020,updated,0.3741731798451644,0.3741731798451644,27.2,-0.005999202135804349,-0.01197609280134937,81920,0.0,1,0.85,4.097981656010085,35.28566070836517,0.0,0.3118837660696106,43.066331384903684,36.26633138490369,0.85,8,0.2524501533570732,0.475517123109972,0.25844935549287756,0.4874932159113214,6.8,2.56,13.5769931388583,0.0,0.04687390452939155,split,81920,0.0,ok,41.83368489510479,34.0,0.0,0.0,42.366736979020956,35.56673697902096,0.2810762706557881,-0.2810762706557881
1.0,3.723808476164921,3.8860955876108654,experiment-evaluation-020,known,0.4697134138729524,0.4697134138729524,27.2,-0.005999202135804349,-0.01197609280134937,81920,0.0,1,0.85,4.193521890037873,35.64988803600109,3.723808476164921,0.033320864303938436,43.06987972202248,36.26987972202248,0.85,8,0.2524501533570732,0.475517123109972,0.25844935549287756,0.4874932159113214,6.8,2.56,13.5769931388583,0.0,0.0,split,81920,0.0,ok,42.06805441775176,34.0,0.0,0.0,42.41361088355035,35.61361088355035,0.036277152450736594,0.036277152450736594
0.0,3.5907681623176817,0.0,experiment-evaluation-020,frozen,0.39557156023560225,0.39557156023560225,27.2,-0.006944472440365446,-0.013869727280062527,81920,0.0,1,0.85,3.986339722553284,35.25089321780251,0.0,0.2746870398275334,43.062316093747995,36.262316093748,0.85,8,0.2515048830525121,0.47362348863125886,0.25844935549287756,0.4874932159113214,6.8,2.56,13.268842947021405,0.0,0.04519924295381372,redistribute,81920,0.0,ok,41.48653316318068,34.0,0.0,0.0,42.297306632636136,35.49730663263614,0.24641341483362567,-0.24641341483362567
0.0,3.5907681623176817,0.0,experiment-evaluation-020,updated,0.4102262576318658,0.4102262576318658,27.2,-0.006944472440365446,-0.013869727280062527,81920,0.0,1,0.85,4.0009944199495475,35.27310706924705,0.0,0.2535380655404988,43.062316093747995,36.262316093748,0.85,8,0.2515048830525121,0.47362348863125886,0.25844935549287756,0.4874932159113214,6.8,2.56,13.268842947021405,0.0,0.04519924295381372,redistribute,81920,0.0,ok,41.48653316318068,34.0,0.0,0.0,42.297306632636136,35.49730663263614,0.2241995633890923,-0.2241995633890923
1.0,3.5907681623176817,0.0,experiment-evaluation-020,known,0.4697134138729524,0.4697134138729524,27.2,-0.006944472440365446,-0.013869727280062527,81920,0.0,1,0.85,4.060481576190634,35.57878298702753,3.5907681623176817,0.03332082329077224,43.06573765960909,36.265737659609094,0.85,8,0.2515048830525121,0.47362348863125886,0.25844935549287756,0.4874932159113214,6.8,2.56,13.268842947021405,0.0,0.0,redistribute,81920,0.0,ok,41.712529377949785,34.0,0.0,0.0,42.34250587558995,35.54250587558995,0.0362771114375775,0.0362771114375775
1.0,4.817369089670414,5.026278006396609,experiment-evaluation-020,frozen,0.19997607037963228,-0.19997607037963228,27.2,-0.010036600887984526,-0.020073201775969107,81920,0.0,2,0.85,4.617393019290782,36.63528673688013,4.817369089670414,0.29574752998126524,42.716090139193575,35.91609013919358,0.85,8,0.20090926464138598,0.37221194045651296,0.2109458655293705,0.39228514223248206,6.8,2.56,15.407404306778655,0.0,0.0,early,81920,0.0,ok,45.83958111324701,34.0,0.0,0.0,43.167916222649396,36.3679162226494,0.2673705142307341,0.2673705142307341
0.0,4.817369089670414,5.026278006396609,experiment-evaluation-020,updated,0.24905674673874856,-0.24905674673874856,27.2,-0.010036600887984526,-0.020073201775969107,81920,0.0,2,0.85,4.568312342931666,36.51135576298876,0.0,0.17193335890240746,42.71149977165314,35.91149977165314,0.85,8,0.20090926464138598,0.37221194045651296,0.2109458655293705,0.39228514223248206,6.8,2.56,15.407404306778655,0.0,0.060639235405744785,early,81920,0.0,ok,45.53638493621829,34.0,0.0,0.0,43.10727698724365,36.307276987243654,0.2040787757451028,0.2040787757451028
1.0,4.817369089670414,5.026278006396609,experiment-evaluation-020,known,0.31679383970586716,-0.31679383970586716,27.2,-0.010036600887984526,-0.020073201775969107,81920,0.0,2,0.85,4.500575249964547,36.351796687890385,4.817369089670414,0.014125693736716016,42.716090139193575,35.91609013919358,0.85,8,0.20090926464138598,0.37221194045651296,0.2109458655293705,0.39228514223248206,6.8,2.56,15.407404306778655,0.0,0.0,early,81920,0.0,ok,45.83958111324701,34.0,0.0,0.0,43.167916222649396,36.3679162226494,0.01611953475901373,-0.01611953475901373
1.0,4.8454045074619065,5.026278006396609,experiment-evaluation-020,frozen,0.20535882672351047,-0.20535882672351047,27.2,-0.009235850056230593,-0.018471700112461187,81920,0.0,2,0.85,4.640045680738396,36.61145203508684,4.8454045074619065,0.28747405522026764,42.71587603256123,35.915876032561236,0.85,8,0.2017100154731399,0.3738134421200209,0.2109458655293705,0.39228514223248206,6.8,2.56,15.115368704783943,0.0,0.0,late,81920,0.0,ok,45.762256760598795,34.0,0.0,0.0,43.152451352119755,36.35245135211976,0.2590006829670841,0.2590006829670841
0.0,4.8454045074619065,5.026278006396609,experiment-evaluation-020,updated,0.2560727859097165,-0.2560727859097165,27.2,-0.009235850056230593,-0.018471700112461187,81920,0.0,2,0.85,4.58933172155219,36.48819891390171,0.0,0.16426274202319746,42.71125895067332,35.91125895067332,0.85,8,0.2017100154731399,0.3738134421200209,0.2109458655293705,0.39228514223248206,6.8,2.56,15.115368704783943,0.0,0.06099213473056153,late,81920,0.0,ok,45.45729608694599,34.0,0.0,0.0,43.09145921738919,36.291459217389196,0.1967396965125161,0.1967396965125161
1.0,4.8454045074619065,5.026278006396609,experiment-evaluation-020,known,0.31679383970586716,-0.31679383970586716,27.2,-0.009235850056230593,-0.018471700112461187,81920,0.0,2,0.85,4.528610667756039,36.3363317877597,4.8454045074619065,0.014125723337770069,42.71587603256123,35.915876032561236,0.85,8,0.2017100154731399,0.3738134421200209,0.2109458655293705,0.39228514223248206,6.8,2.56,15.115368704783943,0.0,0.0,late,81920,0.0,ok,45.762256760598795,34.0,0.0,0.0,43.152451352119755,36.35245135211976,0.01611956436006068,-0.01611956436006068
1.0,4.83138679856616,5.026278006396609,experiment-evaluation-020,frozen,0.20266744855157182,-0.20266744855157182,27.2,-0.01084156401340311,-0.02168312802680622,81920,0.0,2,0.85,4.628719350014588,36.62336946098348,4.83138679856616,0.2916108676007667,42.71598308587741,35.915983085877414,0.85,8,0.2001043015159674,0.37060201420567584,0.2109458655293705,0.39228514223248206,6.8,2.56,15.2613865057813,0.0,0.0,split,81920,0.0,ok,45.80091893692288,34.0,0.0,0.0,43.160183787384575,36.36018378738458,0.26318567359890466,0.26318567359890466
0.0,4.83138679856616,5.026278006396609,experiment-evaluation-020,updated,0.2523730721992328,-0.2523730721992328,27.2,-0.01084156401340311,-0.02168312802680622,81920,0.0,2,0.85,4.579013726366927,36.504202261385736,0.0,0.1717451813042198,42.711379361163225,35.91137936116323,0.85,8,0.2001043015159674,0.37060201420567584,0.2109458655293705,0.39228514223248206,6.8,2.56,15.2613865057813,0.0,0.06081568506815671,split,81920,0.0,ok,45.49684051158212,34.0,0.0,0.0,43.09936810231642,36.29936810231642,0.20483415906931413,0.20483415906931413
1.0,4.83138679856616,5.026278006396609,experiment-evaluation-020,known,0.3167938397058663,-0.3167938397058663,27.2,-0.01084156401340311,-0.02168312802680622,81920,0.0,2,0.85,4.514592958860294,36.34406431282504,4.83138679856616,0.014125633537242758,42.71598308587741,35.915983085877414,0.85,8,0.2001043015159674,0.37060201420567584,0.2109458655293705,0.39228514223248206,6.8,2.56,15.2613865057813,0.0,0.0,split,81920,0.0,ok,45.80091893692288,34.0,0.0,0.0,43.160183787384575,36.36018378738458,0.016119474559538105,-0.016119474559538105
1.0,4.659312389077539,0.0,experiment-evaluation-020,frozen,0.16962943120570628,-0.16962943120570628,27.2,-0.010145501387559708,-0.02029100277511936,81920,0.0,2,0.85,4.489682957871833,36.58277393748197,4.659312389077539,0.3423911852962955,42.710625740248574,35.91062574024858,0.85,8,0.2008003641418108,0.3719941394573627,0.2109458655293705,0.39228514223248206,6.8,2.56,14.862824891179097,0.0,0.0,redistribute,81920,0.0,ok,45.341082669905475,34.0,0.0,0.0,43.068216533981094,36.2682165339811,0.3145574035008707,0.3145574035008707
1.0,4.659312389077539,0.0,experiment-evaluation-020,updated,0.22186374555721233,-0.22186374555721233,27.2,-0.010145501387559708,-0.02029100277511936,81920,0.0,2,0.85,4.437448643520327,36.449113004739246,4.659312389077539,0.2072195710953153,42.710625740248574,35.91062574024858,0.85,8,0.2008003641418108,0.3719941394573627,0.2109458655293705,0.39228514223248206,6.8,2.56,14.862824891179097,0.0,0.0,redistribute,81920,0.0,ok,45.341082669905475,34.0,0.0,0.0,43.068216533981094,36.2682165339811,0.18089647075814952,0.18089647075814952
1.0,4.659312389077539,0.0,experiment-evaluation-020,known,0.31679383970586805,-0.31679383970586805,27.2,-0.010145501387559708,-0.02029100277511936,81920,0.0,2,0.85,4.342518549371671,36.252097032022164,4.659312389077539,0.01412566093663988,42.710625740248574,35.91062574024858,0.85,8,0.2008003641418108,0.3719941394573627,0.2109458655293705,0.39228514223248206,6.8,2.56,14.862824891179097,0.0,0.0,redistribute,81920,0.0,ok,45.341082669905475,34.0,0.0,0.0,43.068216533981094,36.2682165339811,0.016119501958932858,-0.016119501958932858
0.0,3.177956565521117,3.90904245566646,experiment-evaluation-021,frozen,0.3383632151384486,0.3383632151384486,27.2,-0.02448638529287847,-0.048593820394441434,81920,0.0,0,0.85,3.5163197806595656,33.188235686121146,0.0,0.1931548333622383,39.62469136291291,32.824691362912915,0.85,8,0.24085369544531474,0.44210379955945517,0.2653400807381932,0.4906976199538966,6.8,2.56,11.638511695396202,0.0,0.0,early,81920,0.0,ok,29.09651353713933,34.0,0.0,0.0,39.819302707427866,33.01930270742787,0.1689329786932774,0.1689329786932774
0.0,3.177956565521117,3.90904245566646,experiment-evaluation-021,updated,0.3185716841614883,0.3185716841614883,27.2,-0.02448638529287847,-0.048593820394441434,81920,0.0,0,0.85,3.4965282496826053,33.14077760734476,0.0,0.1414102351020574,39.62469136291291,32.824691362912915,0.85,8,0.24085369544531474,0.44210379955945517,0.2653400807381932,0.4906976199538966,6.8,2.56,11.638511695396202,0.0,0.0,early,81920,0.0,ok,29.09651353713933,34.0,0.0,0.0,39.819302707427866,33.01930270742787,0.12147489991689042,0.12147489991689042
0.0,3.177956565521117,3.90904245566646,experiment-evaluation-021,known,0.3002587280005269,0.3002587280005269,27.2,-0.02448638529287847,-0.048593820394441434,81920,0.0,0,0.85,3.478215293521644,33.13853095041458,0.0,0.11629612388961164,39.62469136291291,32.824691362912915,0.85,8,0.24085369544531474,0.44210379955945517,0.2653400807381932,0.4906976199538966,6.8,2.56,11.638511695396202,0.0,0.0,early,81920,0.0,ok,29.09651353713933,34.0,0.0,0.0,39.819302707427866,33.01930270742787,0.11922824298670776,0.11922824298670776
0.0,3.188571225899397,3.90904245566646,experiment-evaluation-021,frozen,0.34373962641517997,0.34373962641517997,27.2,-0.032041822051564806,-0.06394700610014703,81920,0.0,0,0.85,3.532310852314577,33.190414299367546,0.0,0.20145706604904964,39.6234948723136,32.8234948723136,0.85,8,0.2332982586866284,0.42675061385374957,0.2653400807381932,0.4906976199538966,6.8,2.56,11.527942316455784,0.0,0.0,late,81920,0.0,ok,29.066569225947756,34.0,0.0,0.0,39.81331384518955,33.01331384518955,0.17710045417799591,0.17710045417799591
0.0,3.188571225899397,3.90904245566646,experiment-evaluation-021,updated,0.3213116592738454,0.3213116592738454,27.2,-0.032041822051564806,-0.06394700610014703,81920,0.0,0,0.85,3.5098828851732424,33.13839369715958,0.0,0.14600319222678593,39.6234948723136,32.8234948723136,0.85,8,0.2332982586866284,0.42675061385374957,0.2653400807381932,0.4906976199538966,6.8,2.56,11.527942316455784,0.0,0.0,late,81920,0.0,ok,29.066569225947756,34.0,0.0,0.0,39.81331384518955,33.01331384518955,0.12507985197002824,0.12507985197002824
0.0,3.188571225899397,3.90904245566646,experiment-evaluation-021,known,0.30025872800052644,0.30025872800052644,27.2,-0.032041822051564806,-0.06394700610014703,81920,0.0,0,0.85,3.4888299538999235,33.13254211396435,0.0,0.11629614967769442,39.6234948723136,32.8234948723136,0.85,8,0.2332982586866284,0.42675061385374957,0.2653400807381932,0.4906976199538966,6.8,2.56,11.527942316455784,0.0,0.0,late,81920,0.0,ok,29.066569225947756,34.0,0.0,0.0,39.81331384518955,33.01331384518955,0.11922826877479764,0.11922826877479764
0.0,3.1832638957102573,3.90904245566646,experiment-evaluation-021,frozen,0.3410514207768145,0.3410514207768145,27.2,-0.02675124215135405,-0.05304985888556091,81920,0.0,0,0.85,3.5243153164870717,33.18932496774435,0.0,0.19730592470564545,39.624093117613256,32.82409311761326,0.85,8,0.23858883858683916,0.4376477610683357,0.2653400807381932,0.4906976199538966,6.8,2.56,11.583227005925993,0.0,0.0,split,81920,0.0,ok,29.081541381543538,34.0,0.0,0.0,39.8163082763087,33.016308276308706,0.1730166914356417,0.1730166914356417
0.0,3.1832638957102573,3.90904245566646,experiment-evaluation-021,updated,0.3215358119829794,0.3215358119829794,27.2,-0.02675124215135405,-0.05304985888556091,81920,0.0,0,0.85,3.5047997076932367,33.14117458495157,0.0,0.14606556957981573,39.624093117613256,32.82409311761326,0.85,8,0.23858883858683916,0.4376477610683357,0.2653400807381932,0.4906976199538966,6.8,2.56,11.583227005925993,0.0,0.0,split,81920,0.0,ok,29.081541381543538,34.0,0.0,0.0,39.8163082763087,33.016308276308706,0.12486630864286496,0.12486630864286496
0.0,3.1832638957102573,3.90904245566646,experiment-evaluation-021,known,0.30025872800052644,0.30025872800052644,27.2,-0.02675124215135405,-0.05304985888556091,81920,0.0,0,0.85,3.4835226237107837,33.135536507189464,0.0,0.11629611178365451,39.624093117613256,32.82409311761326,0.85,8,0.23858883858683916,0.4376477610683357,0.2653400807381932,0.4906976199538966,6.8,2.56,11.583227005925993,0.0,0.0,split,81920,0.0,ok,29.081541381543538,34.0,0.0,0.0,39.8163082763087,33.016308276308706,0.11922823088075774,0.11922823088075774
0.0,3.118113754909819,0.0,experiment-evaluation-021,frozen,0.30805234787224256,0.30805234787224256,27.2,-0.002159706024385255,-0.004123822157424684,81920,0.0,0,0.85,3.4261661027820614,33.2054957307109,0.0,0.14634914278951783,39.59829042426654,32.79829042426654,0.85,8,0.26318037471380795,0.4865737977964719,0.2653400807381932,0.4906976199538966,6.8,2.56,11.432325164181185,0.0,0.0,redistribute,81920,0.0,ok,29.413043575295745,34.0,0.0,0.0,39.88260871505915,33.08260871505915,0.12288701565174875,0.12288701565174875
0.0,3.118113754909819,0.0,experiment-evaluation-021,updated,0.29631828750297506,0.29631828750297506,27.2,-0.002159706024385255,-0.004123822157424684,81920,0.0,0,0.85,3.414432042412794,33.17290909754217,0.0,0.11554916601549318,39.59829042426654,32.79829042426654,0.85,8,0.26318037471380795,0.4865737977964719,0.2653400807381932,0.4906976199538966,6.8,2.56,11.432325164181185,0.0,0.0,redistribute,81920,0.0,ok,29.413043575295745,34.0,0.0,0.0,39.88260871505915,33.08260871505915,0.09030038248301508,0.09030038248301508
0.0,3.118113754909819,0.0,experiment-evaluation-021,known,0.30025872800052644,0.30025872800052644,27.2,-0.002159706024385255,-0.004123822157424684,81920,0.0,0,0.85,3.4183724829103452,33.20183704150554,0.0,0.1162962073492911,39.59829042426654,32.79829042426654,0.85,8,0.26318037471380795,0.4865737977964719,0.2653400807381932,0.4906976199538966,6.8,2.56,11.432325164181185,0.0,0.0,redistribute,81920,0.0,ok,29.413043575295745,34.0,0.0,0.0,39.88260871505915,33.08260871505915,0.11922832644638959,0.11922832644638959
0.0,3.147377949827351,3.8520995987088797,experiment-evaluation-021,frozen,0.4587514569155071,0.4587514569155071,27.2,-0.01656849200479621,-0.03369851454484124,81920,0.0,1,0.85,3.606129406742858,32.83334827605448,0.0,0.12355850906092058,39.770987141365694,32.9709871413657,0.85,8,0.17957686615526533,0.32030212627035565,0.19614535816006154,0.3540006408151969,6.8,2.56,11.566765949651055,0.0,0.0,early,81920,0.0,ok,27.634320818734608,34.0,0.0,0.0,39.52686416374692,32.726864163746924,0.10648411230755528,0.10648411230755528
0.0,3.147377949827351,3.8520995987088797,experiment-evaluation-021,updated,0.36711818137449814,0.36711818137449814,27.2,-0.01656849200479621,-0.03369851454484124,81920,0.0,1,0.85,3.5144961312018492,32.69367322086776,0.0,0.04431479986023845,39.770987141365694,32.9709871413657,0.85,8,0.17957686615526533,0.32030212627035565,0.19614535816006154,0.3540006408151969,6.8,2.56,11.566765949651055,0.0,0.0,early,81920,0.0,ok,27.634320818734608,34.0,0.0,0.0,39.52686416374692,32.726864163746924,0.03319094287916613,-0.03319094287916613
0.0,3.147377949827351,3.8520995987088797,experiment-evaluation-021,known,0.43774918561101517,0.43774918561101517,27.2,-0.01656849200479621,-0.03369851454484124,81920,0.0,1,0.85,3.5851271354383663,32.83502956205106,0.0,0.10389064247799713,39.770987141365694,32.9709871413657,0.85,8,0.17957686615526533,0.32030212627035565,0.19614535816006154,0.3540006408151969,6.8,2.56,11.566765949651055,0.0,0.0,early,81920,0.0,ok,27.634320818734608,34.0,0.0,0.0,39.52686416374692,32.726864163746924,0.10816539830413774,0.10816539830413774
0.0,3.15783798689457,3.8520995987088797,experiment-evaluation-021,frozen,0.46271983655374127,0.46271983655374127,27.2,-0.015985518911585783,-0.03242795797973008,81920,0.0,1,0.85,3.620557823448311,32.833475118509234,0.0,0.12968566917462473,39.76980807999459,32.96980807999459,0.85,8,0.18015983924847576,0.3215726828354668,0.19614535816006154,0.3540006408151969,6.8,2.56,11.457807230200856,0.0,0.0,late,81920,0.0,ok,27.604812705064095,34.0,0.0,0.0,39.520962541012814,32.72096254101282,0.11251257749641752,0.11251257749641752
0.0,3.15783798689457,3.8520995987088797,experiment-evaluation-021,updated,0.3639676521174029,0.3639676521174029,27.2,-0.015985518911585783,-0.03242795797973008,81920,0.0,1,0.85,3.5218056390119727,32.68151895073282,0.0,0.05081365580087057,39.76980807999459,32.96980807999459,0.85,8,0.18015983924847576,0.3215726828354668,0.19614535816006154,0.3540006408151969,6.8,2.56,11.457807230200856,0.0,0.0,late,81920,0.0,ok,27.604812705064095,34.0,0.0,0.0,39.520962541012814,32.72096254101282,0.03944359027999411,-0.03944359027999411
0.0,3.15783798689457,3.8520995987088797,experiment-evaluation-021,known,0.4377491856110156,0.4377491856110156,27.2,-0.015985518911585783,-0.03242795797973008,81920,0.0,1,0.85,3.5955871725055855,32.829127933207,0.0,0.10389063636804015,39.76980807999459,32.96980807999459,0.85,8,0.18015983924847576,0.3215726828354668,0.19614535816006154,0.3540006408151969,6.8,2.56,11.457807230200856,0.0,0.0,late,81920,0.0,ok,27.604812705064095,34.0,0.0,0.0,39.520962541012814,32.72096254101282,0.10816539219418075,0.10816539219418075
0.0,3.152607968360961,3.8520995987088797,experiment-evaluation-021,frozen,0.46073564673462375,0.46073564673462375,27.2,-0.01599886061051453,-0.03256189062127268,81920,0.0,1,0.85,3.6133436150955847,32.833411672281855,0.0,0.12662206411776822,39.77039761068015,32.97039761068015,0.85,8,0.180146497549547,0.3214387501939242,0.19614535816006154,0.3540006408151969,6.8,2.56,11.512286589925957,0.0,0.0,split,81920,0.0,ok,27.619566761899357,34.0,0.0,0.0,39.523913352379864,32.72391335237987,0.10949831990198788,0.10949831990198788
0.0,3.152607968360961,3.8520995987088797,experiment-evaluation-021,updated,0.36476907182066487,0.36476907182066487,27.2,-0.01599886061051453,-0.03256189062127268,81920,0.0,1,0.85,3.517377040181626,32.68580168910623,0.0,0.04943619054123616,39.77039761068015,32.97039761068015,0.85,8,0.180146497549547,0.3214387501939242,0.19614535816006154,0.3540006408151969,6.8,2.56,11.512286589925957,0.0,0.0,split,81920,0.0,ok,27.619566761899357,34.0,0.0,0.0,39.523913352379864,32.72391335237987,0.03811166327363935,-0.03811166327363935
0.0,3.152607968360961,3.8520995987088797,experiment-evaluation-021,known,0.43774918561101517,0.43774918561101517,27.2,-0.01599886061051453,-0.03256189062127268,81920,0.0,1,0.85,3.590357153971976,32.832078722629035,0.0,0.1038906144230225,39.77039761068015,32.97039761068015,0.85,8,0.180146497549547,0.3214387501939242,0.19614535816006154,0.3540006408151969,6.8,2.56,11.512286589925957,0.0,0.0,split,81920,0.0,ok,27.619566761899357,34.0,0.0,0.0,39.523913352379864,32.72391335237987,0.10816537024916784,0.10816537024916784
0.0,3.0884068669200175,0.0,experiment-evaluation-021,frozen,0.43637872122153176,0.43637872122153176,27.2,-0.025547320501412923,-0.0514381774682654,81920,0.0,1,0.85,3.5247855881415493,32.86174506272684,0.0,0.08901504665439575,39.74497078408163,32.94497078408163,0.85,8,0.17059803765864862,0.3025624633469315,0.19614535816006154,0.3540006408151969,6.8,2.56,11.363582928959833,0.0,0.0,redistribute,81920,0.0,ok,27.946239977144906,34.0,0.0,0.0,39.58924799542898,32.78924799542898,0.07249706729785999,0.07249706729785999
0.0,3.0884068669200175,0.0,experiment-evaluation-021,updated,0.37724114049625523,0.37724114049625523,27.2,-0.025547320501412923,-0.0514381774682654,81920,0.0,1,0.85,3.4656480074162728,32.764832966822055,0.0,0.03065361448041178,39.74497078408163,32.94497078408163,0.85,8,0.17059803765864862,0.3025624633469315,0.19614535816006154,0.3540006408151969,6.8,2.56,11.363582928959833,0.0,0.0,redistribute,81920,0.0,ok,27.946239977144906,34.0,0.0,0.0,39.58924799542898,32.78924799542898,0.02441502860692424,-0.02441502860692424
0.0,3.0884068669200175,0.0,experiment-evaluation-021,known,0.43774918561101517,0.43774918561101517,27.2,-0.025547320501412923,-0.0514381774682654,81920,0.0,1,0.85,3.5261560525310327,32.897413367935926,0.0,0.10389061668080046,39.74497078408163,32.94497078408163,0.85,8,0.17059803765864862,0.3025624633469315,0.19614535816006154,0.3540006408151969,6.8,2.56,11.363582928959833,0.0,0.0,redistribute,81920,0.0,ok,27.946239977144906,34.0,0.0,0.0,39.58924799542898,32.78924799542898,0.1081653725069458,0.1081653725069458
0.0,3.905450831259669,3.914049435808266,experiment-evaluation-021,frozen,0.23275348539548535,-0.23275348539548535,27.2,0.001274625638935073,0.0015823277871785946,81920,0.0,2,0.85,3.672697345864184,32.43545522574613,0.0,0.29791532909047663,39.76236311009403,32.96236311009403,0.85,8,0.16673671858964517,0.29447390814661595,0.1654620929507101,0.29289158035943735,6.8,2.56,12.94564401369272,0.0,0.0,early,81920,0.0,ok,27.71972879313482,34.0,0.0,0.0,39.54394575862696,32.743945758626964,0.30849053288083184,-0.30849053288083184
0.0,3.905450831259669,3.914049435808266,experiment-evaluation-021,updated,0.12116105057625592,-0.12116105057625592,27.2,0.001274625638935073,0.0015823277871785946,81920,0.0,2,0.85,3.7842897806834133,32.710071034392016,0.0,0.020911286236085402,39.76236311009403,32.96236311009403,0.85,8,0.16673671858964517,0.29447390814661595,0.1654620929507101,0.29289158035943735,6.8,2.56,12.94564401369272,0.0,0.0,early,81920,0.0,ok,27.71972879313482,34.0,0.0,0.0,39.54394575862696,32.743945758626964,0.03387472423494842,-0.03387472423494842
0.0,3.905450831259669,3.914049435808266,experiment-evaluation-021,known,0.17743916923726433,-0.17743916923726433,27.2,0.001274625638935073,0.0015823277871785946,81920,0.0,2,0.85,3.728011662022405,32.64008795253749,0.0,0.10212505786876847,39.76236311009403,32.96236311009403,0.85,8,0.16673671858964517,0.29447390814661595,0.1654620929507101,0.29289158035943735,6.8,2.56,12.94564401369272,0.0,0.0,early,81920,0.0,ok,27.71972879313482,34.0,0.0,0.0,39.54394575862696,32.743945758626964,0.10385780608947215,-0.10385780608947215
0.0,3.9160790876513802,3.914049435808266,experiment-evaluation-021,frozen,0.23123643821374262,-0.23123643821374262,27.2,0.025009749479218885,0.049988517820152234,81920,0.0,2,0.85,3.6848426494376376,32.43176323017808,0.0,0.29557322805577496,39.76116508694429,32.96116508694429,0.85,8,0.19047184242992898,0.3428800981795896,0.1654620929507101,0.29289158035943735,6.8,2.56,12.834933009612403,0.0,0.0,late,81920,0.0,ok,27.689746127135585,34.0,0.0,0.0,39.53794922542711,32.737949225427116,0.306185995249038,-0.306185995249038
0.0,3.9160790876513802,3.914049435808266,experiment-evaluation-021,updated,0.1144342593241241,-0.1144342593241241,27.2,0.025009749479218885,0.049988517820152234,81920,0.0,2,0.85,3.801644828327256,32.63381593700664,0.0,0.0800700613125187,39.76116508694429,32.96116508694429,0.85,8,0.19047184242992898,0.3428800981795896,0.1654620929507101,0.29289158035943735,6.8,2.56,12.834933009612403,0.0,0.0,late,81920,0.0,ok,27.689746127135585,34.0,0.0,0.0,39.53794922542711,32.737949225427116,0.10413328842047775,-0.10413328842047775
0.0,3.9160790876513802,3.914049435808266,experiment-evaluation-021,known,0.17743916923726477,-0.17743916923726477,27.2,0.025009749479218885,0.049988517820152234,81920,0.0,2,0.85,3.7386399184141155,32.634091370153705,0.0,0.10212510705270716,39.76116508694429,32.96116508694429,0.85,8,0.19047184242992898,0.3428800981795896,0.1654620929507101,0.29289158035943735,6.8,2.56,12.834933009612403,0.0,0.0,late,81920,0.0,ok,27.689746127135585,34.0,0.0,0.0,39.53794922542711,32.737949225427116,0.10385785527341085,-0.10385785527341085
0.0,3.9107649594555243,3.914049435808266,experiment-evaluation-021,frozen,0.23199496180461354,-0.23199496180461354,27.2,0.012351032331799294,0.024047841929650537,81920,0.0,2,0.85,3.6787699976509107,32.4336092529621,0.0,0.29674425357312373,39.76176409851915,32.961764098519154,0.85,8,0.1778131252825094,0.3169394222890879,0.1654620929507101,0.29289158035943735,6.8,2.56,12.890288511652562,0.0,0.0,split,81920,0.0,ok,27.704737460135206,34.0,0.0,0.0,39.54094749202704,32.74094749202704,0.30733823906493996,-0.30733823906493996
0.0,3.9107649594555243,3.914049435808266,experiment-evaluation-021,updated,0.11759389190141123,-0.11759389190141123,27.2,0.012351032331799294,0.024047841929650537,81920,0.0,2,0.85,3.793171067554113,32.66714066611039,0.0,0.05482196558333404,39.76176409851915,32.961764098519154,0.85,8,0.1778131252825094,0.3169394222890879,0.1654620929507101,0.29289158035943735,6.8,2.56,12.890288511652562,0.0,0.0,split,81920,0.0,ok,27.704737460135206,34.0,0.0,0.0,39.54094749202704,32.74094749202704,0.07380682591664822,-0.07380682591664822
0.0,3.9107649594555243,3.914049435808266,experiment-evaluation-021,known,0.17743916923726477,-0.17743916923726477,27.2,0.012351032331799294,0.024047841929650537,81920,0.0,2,0.85,3.7333257902182595,32.6370896863456,0.0,0.10212505746074167,39.76176409851915,32.961764098519154,0.85,8,0.1778131252825094,0.3169394222890879,0.1654620929507101,0.29289158035943735,6.8,2.56,12.890288511652562,0.0,0.0,split,81920,0.0,ok,27.704737460135206,34.0,0.0,0.0,39.54094749202704,32.74094749202704,0.10385780568144298,-0.10385780568144298
0.0,3.845531369712046,0.0,experiment-evaluation-021,frozen,0.24130621943973463,-0.24130621943973463,27.2,0.0037974642146577364,0.006063633671634983,81920,0.0,2,0.85,3.6042251502723115,32.4858496880681,0.0,0.3111197343524476,39.73592835524406,32.935928355244066,0.85,8,0.16925955716536784,0.29895521403107234,0.1654620929507101,0.29289158035943735,6.8,2.56,12.73919338407534,0.0,0.0,redistribute,81920,0.0,ok,28.03666426552053,34.0,0.0,0.0,39.607332853104104,32.80733285310411,0.3214831650360068,-0.3214831650360068
0.0,3.845531369712046,0.0,experiment-evaluation-021,updated,0.11735419722238971,-0.11735419722238971,27.2,0.0037974642146577364,0.006063633671634983,81920,0.0,2,0.85,3.7281771724896564,32.79789556507357,0.0,0.00948624689173272,39.73592835524406,32.935928355244066,0.85,8,0.16925955716536784,0.29895521403107234,0.1654620929507101,0.29289158035943735,6.8,2.56,12.73919338407534,0.0,0.0,redistribute,81920,0.0,ok,28.03666426552053,34.0,0.0,0.0,39.607332853104104,32.80733285310411,0.009437288030540003,-0.009437288030540003
0.0,3.845531369712046,0.0,experiment-evaluation-021,known,0.17743916923726477,-0.17743916923726477,27.2,0.0037974642146577364,0.006063633671634983,81920,0.0,2,0.85,3.6680922004747814,32.70347510114769,0.0,0.10212500373571014,39.73592835524406,32.935928355244066,0.85,8,0.16925955716536784,0.29895521403107234,0.1654620929507101,0.29289158035943735,6.8,2.56,12.73919338407534,0.0,0.0,redistribute,81920,0.0,ok,28.03666426552053,34.0,0.0,0.0,39.607332853104104,32.80733285310411,0.10385775195641855,-0.10385775195641855
1.0,1.8304236734994777,2.1705867579382305,experiment-evaluation-022,frozen,0.22088467780114263,0.22088467780114263,25.180920521191574,-0.03096587671580278,-0.047758998162324234,81920,0.0,0,0.7553556494308551,2.0513083513006203,26.335807586552058,1.8304236734994777,0.5356080963485444,32.92146873283316,26.257000772985673,0.7845093774229459,8,0.15488127022434897,0.24534468560973996,0.18584714694015175,0.2931036837720642,6.467134458797532,2.32,7.114714392579065,0.33286554120246775,0.0,early,81920,2.0190794788084245,ok,3.218601948215499,31.648054979989105,0.0,2.3519450200108922,32.291775369632205,25.824640910834674,0.5111666757173836,0.5111666757173836
1.0,1.8304236734994777,2.1705867579382305,experiment-evaluation-022,updated,0.21895472116031423,0.21895472116031423,25.180920521191574,-0.03096587671580278,-0.047758998162324234,81920,0.0,0,0.7553556494308551,2.049378394659792,26.297781695146295,1.8304236734994777,0.4806811795977417,32.92146873283316,26.257000772985673,0.7845093774229459,8,0.15488127022434897,0.24534468560973996,0.18584714694015175,0.2931036837720642,6.467134458797532,2.32,7.114714392579065,0.33286554120246775,0.0,early,81920,2.0190794788084245,ok,3.218601948215499,31.648054979989105,0.0,2.3519450200108922,32.291775369632205,25.824640910834674,0.4731407843116209,0.4731407843116209
1.0,1.8304236734994777,2.1705867579382305,experiment-evaluation-022,known,0.26287415783384516,0.26287415783384516,25.180920521191574,-0.03096587671580278,-0.047758998162324234,81920,0.0,0,0.7553556494308551,2.093297831333323,26.569486529038684,1.8304236734994777,0.7460139021185354,32.92146873283316,26.257000772985673,0.7845093774229459,8,0.15488127022434897,0.24534468560973996,0.18584714694015175,0.2931036837720642,6.467134458797532,2.32,7.114714392579065,0.33286554120246775,0.0,early,81920,2.0190794788084245,ok,3.218601948215499,31.648054979989105,0.0,2.3519450200108922,32.291775369632205,25.824640910834674,0.7448456182040104,0.7448456182040104
0.0,1.8419287686529051,2.1705867579382305,experiment-evaluation-022,frozen,0.21902973052530728,0.21902973052530728,25.151595828291427,-0.031053793652777606,-0.048146686880173706,81920,0.0,0,0.7539810544511607,2.0609584991782124,26.330501920802263,0.0,0.5322336091278336,32.88073544415376,26.21818797225268,0.7830086282746187,8,0.15479335328737415,0.2449569968918905,0.18584714694015175,0.2931036837720642,6.439190239587253,2.32,6.99486965139753,0.36080976041274654,0.044031615867904605,late,81920,2.048404171708572,ok,3.1176300729593724,31.590786067878682,0.0,2.4092139321213186,32.214312082470556,25.7751218428833,0.5553800779189615,0.5553800779189615
1.0,1.8419287686529051,2.1705867579382305,experiment-evaluation-022,updated,0.21737082883100323,0.21737082883100323,25.17636384673226,-0.031053793652777606,-0.048146686880173706,81920,0.0,0,0.7551420553155747,2.0592995974839083,26.291389858202052,1.8419287686529051,0.4783219640627377,32.916695839029785,26.254148367128707,0.7843645282723927,8,0.15479335328737415,0.2449569968918905,0.18584714694015175,0.2931036837720642,6.439190239587253,2.32,6.99486965139753,0.36080976041274654,0.0,late,81920,2.023636153267739,ok,3.2139480600947192,31.615554086319513,0.0,2.384445913680486,32.25834369833846,25.819153458751206,0.4722363994508463,0.4722363994508463
1.0,1.8419287686529051,2.1705867579382305,experiment-evaluation-022,known,0.26287415783384516,0.26287415783384516,25.17636384673226,-0.031053793652777606,-0.048146686880173706,81920,0.0,0,0.7551420553155747,2.1048029264867503,26.569563653169098,1.8419287686529051,0.7500532347655214,32.916695839029785,26.254148367128707,0.7843645282723927,8,0.15479335328737415,0.2449569968918905,0.18584714694015175,0.2931036837720642,6.439190239587253,2.32,6.99486965139753,0.36080976041274654,0.0,late,81920,2.023636153267739,ok,3.2139480600947192,31.615554086319513,0.0,2.384445913680486,32.25834369833846,25.819153458751206,0.750410194417892,0.750410194417892
0.0,1.8361762210761914,2.1705867579382305,experiment-evaluation-022,frozen,0.21995720416322473,0.21995720416322473,25.151999512834657,-0.030937605078165287,-0.04793435815304756,81920,0.0,0,0.7539999771641245,2.056133425239416,26.333295698446634,0.0,0.5352121752775124,32.88323419935201,26.21972648347773,0.7830852874757828,8,0.15490954186198647,0.24516932561901664,0.18584714694015175,0.2931036837720642,6.453162349192393,2.32,7.0547920219882965,0.34683765080760715,0.04584610620571894,split,81920,2.048000487165344,ok,3.1202578287628207,31.60516186202705,0.0,2.3948381379729513,32.22921342777961,25.77605107858722,0.5572446198594143,0.5572446198594143
1.0,1.8361762210761914,2.1705867579382305,experiment-evaluation-022,updated,0.21769380503863922,0.21769380503863922,25.178642183961916,-0.030937605078165287,-0.04793435815304756,81920,0.0,0,0.7552488523732149,2.0538700261148306,26.293203656303003,1.8361762210761914,0.4798991765031258,32.919082285931474,26.255574570057192,0.7844369528476693,8,0.15490954186198647,0.24516932561901664,0.18584714694015175,0.2931036837720642,6.453162349192393,2.32,7.0547920219882965,0.34683765080760715,0.0,split,81920,2.021357816038082,ok,3.216275004155109,31.63180453315431,0.0,2.3681954668456893,32.27505953398533,25.821897184792938,0.471306471510065,0.471306471510065
1.0,1.8361762210761914,2.1705867579382305,experiment-evaluation-022,known,0.26287415783384493,0.26287415783384493,25.178642183961916,-0.030937605078165287,-0.04793435815304756,81920,0.0,0,0.7552488523732149,2.0990503789100363,26.569851785123575,1.8361762210761914,0.7493771037463487,32.919082285931474,26.255574570057192,0.7844369528476693,8,0.15490954186198647,0.24516932561901664,0.18584714694015175,0.2931036837720642,6.453162349192393,2.32,7.0547920219882965,0.34683765080760715,0.0,split,81920,2.021357816038082,ok,3.216275004155109,31.63180453315431,0.0,2.3681954668456893,32.27505953398533,25.821897184792938,0.7479546003306368,0.7479546003306368
1.0,1.765560813474269,0.0,experiment-evaluation-022,frozen,0.23134240838938447,0.23134240838938447,25.093979950943172,-0.03012394467516666,-0.04696143794438587,81920,0.0,0,0.7512803102004613,1.9969032218636535,26.23782595370061,1.765560813474269,0.5527751046257888,32.872190677184015,26.209643205282937,0.7827313898310888,8,0.1557232022649851,0.24614224582767832,0.18584714694015175,0.2931036837720642,6.540325022500459,2.32,6.891231438207965,0.2596749774995407,0.0,redistribute,81920,2.1060200490568266,ok,3.0757687564966383,31.634304973443633,0.0,2.3656950265563674,32.24945872474296,25.7091337022425,0.5286922514581107,0.5286922514581107
1.0,1.765560813474269,0.0,experiment-evaluation-022,updated,0.2217185588734627,0.2217185588734627,25.093979950943172,-0.03012394467516666,-0.04696143794438587,81920,0.0,0,0.7512803102004613,1.9872793723477318,26.170479001311335,1.765560813474269,0.46865837335579386,32.872190677184015,26.209643205282937,0.7827313898310888,8,0.1557232022649851,0.24614224582767832,0.18584714694015175,0.2931036837720642,6.540325022500459,2.32,6.891231438207965,0.2596749774995407,0.0,redistribute,81920,2.1060200490568266,ok,3.0757687564966383,31.634304973443633,0.0,2.3656950265563674,32.24945872474296,25.7091337022425,0.46134529906883515,0.46134529906883515
1.0,1.765560813474269,0.0,experiment-evaluation-022,known,0.26287415783384516,0.26287415783384516,25.093979950943172,-0.03012394467516666,-0.04696143794438587,81920,0.0,0,0.7512803102004613,2.0284349713081142,26.438216882759235,1.765560813474269,0.7296273633198259,32.872190677184015,26.209643205282937,0.7827313898310888,8,0.1557232022649851,0.24614224582767832,0.18584714694015175,0.2931036837720642,6.540325022500459,2.32,6.891231438207965,0.2596749774995407,0.0,redistribute,81920,2.1060200490568266,ok,3.0757687564966383,31.634304973443633,0.0,2.3656950265563674,32.24945872474296,25.7091337022425,0.729083180516735,0.729083180516735
0.0,2.1876565015763023,2.3795810781631754,experiment-evaluation-022,frozen,0.1255323684372338,0.1255323684372338,26.166146866658718,-0.023944253496306078,-0.04111075335899325,81920,0.0,1,0.8015381343746273,2.313188870013536,27.007490825643828,0.0,0.2709789003011676,32.49635587894579,25.822059902964064,0.7619841219615565,8,0.1302834148756024,0.2065818051474386,0.1542276683719085,0.24769255850643185,6.362222843416866,2.4,8.267775513180814,0.437777156583134,0.061589763930864905,early,81920,1.033853133341284,ok,2.5876774459000993,32.52836971007558,0.0,1.471630289924418,33.0459051992556,26.683682355838737,0.3238084698050905,0.3238084698050905
0.0,2.1876565015763023,2.3795810781631754,experiment-evaluation-022,updated,0.1475179173002763,0.1475179173002763,26.166146866658718,-0.023944253496306078,-0.04111075335899325,81920,0.0,1,0.8015381343746273,2.3351744188765786,27.056895327339944,0.0,0.3281548238964381,32.49635587894579,25.822059902964064,0.7619841219615565,8,0.1302834148756024,0.2065818051474386,0.1542276683719085,0.24769255850643185,6.362222843416866,2.4,8.267775513180814,0.437777156583134,0.061589763930864905,early,81920,1.033853133341284,ok,2.5876774459000993,32.52836971007558,0.0,1.471630289924418,33.0459051992556,26.683682355838737,0.37321297150120714,0.37321297150120714
0.0,2.1876565015763023,2.3795810781631754,experiment-evaluation-022,known,0.1381235638347471,0.1381235638347471,26.166146866658718,-0.023944253496306078,-0.04111075335899325,81920,0.0,1,0.8015381343746273,2.3257800654110494,26.8924070619231,0.0,0.18118342301617338,32.49635587894579,25.822059902964064,0.7619841219615565,8,0.1302834148756024,0.2065818051474386,0.1542276683719085,0.24769255850643185,6.362222843416866,2.4,8.267775513180814,0.437777156583134,0.061589763930864905,early,81920,1.033853133341284,ok,2.5876774459000993,32.52836971007558,0.0,1.471630289924418,33.0459051992556,26.683682355838737,0.20872470608436444,0.20872470608436444
0.0,2.200269361499749,2.3795810781631754,experiment-evaluation-022,frozen,0.1234329442005353,0.1234329442005353,26.194625312214892,-0.026551433485536513,-0.04591488154300821,81920,0.0,1,0.8028730615100731,2.323702305700284,27.029116640795696,0.0,0.26827672066475117,32.49054377758297,25.81809675941578,0.7617832177445338,8,0.12767623488637198,0.20177767696342364,0.1542276683719085,0.24769255850643185,6.309487783308503,2.32,8.136391555644915,0.4905122166914967,0.060025584994157555,late,81920,1.005374687785108,ok,2.5719558305846473,32.504113095523394,0.0,1.4958869044766048,33.018504261640324,26.709016478331822,0.3201001624638735,0.3201001624638735
0.0,2.200269361499749,2.3795810781631754,experiment-evaluation-022,updated,0.1436791036089362,0.1436791036089362,26.194625312214892,-0.026551433485536513,-0.04591488154300821,81920,0.0,1,0.8028730615100731,2.343948465108685,27.05623869060937,0.0,0.3059127004703323,32.49054377758297,25.81809675941578,0.7617832177445338,8,0.12767623488637198,0.20177767696342364,0.1542276683719085,0.24769255850643185,6.309487783308503,2.32,8.136391555644915,0.4905122166914967,0.060025584994157555,late,81920,1.005374687785108,ok,2.5719558305846473,32.504113095523394,0.0,1.4958869044766048,33.018504261640324,26.709016478331822,0.347222212277547,0.347222212277547
0.0,2.200269361499749,2.3795810781631754,experiment-evaluation-022,known,0.1381235638347471,0.1381235638347471,26.194625312214892,-0.026551433485536513,-0.04591488154300821,81920,0.0,1,0.8028730615100731,2.338392925334496,26.92070409009137,0.0,0.18562839023615632,32.49054377758297,25.81809675941578,0.7617832177445338,8,0.12767623488637198,0.20177767696342364,0.1542276683719085,0.24769255850643185,6.309487783308503,2.32,8.136391555644915,0.4905122166914967,0.060025584994157555,late,81920,1.005374687785108,ok,2.5719558305846473,32.504113095523394,0.0,1.4958869044766048,33.018504261640324,26.709016478331822,0.21168761175954742,0.21168761175954742
0.0,2.193962931538026,2.3795810781631754,experiment-evaluation-022,frozen,0.12448265631888455,0.12448265631888455,26.175014794630883,-0.025981311230945714,-0.04518033006847322,81920,0.0,1,0.8019538184983227,2.3184455878569104,27.018308816118555,0.0,0.2717890713396294,32.493444907355425,25.82007341028097,0.7618836698530451,8,0.12824635714096277,0.20251222843795863,0.1542276683719085,0.24769255850643185,6.338031272086315,2.3512961651054782,8.202083534412864,0.4619687279136848,0.06617896926843159,split,81920,1.0249852053691153,ok,2.5798166382423733,32.513046066717195,0.0,1.4869539332828001,33.02900939436567,26.690978122279358,0.32733069383919755,0.32733069383919755
0.0,2.193962931538026,2.3795810781631754,experiment-evaluation-022,updated,0.14337096069581978,0.14337096069581978,26.175014794630883,-0.025981311230945714,-0.04518033006847322,81920,0.0,1,0.8019538184983227,2.3373338922338456,27.055183772513377,0.0,0.31606321048707403,32.493444907355425,25.82007341028097,0.7618836698530451,8,0.12824635714096277,0.20251222843795863,0.1542276683719085,0.24769255850643185,6.338031272086315,2.3512961651054782,8.202083534412864,0.4619687279136848,0.06617896926843159,split,81920,1.0249852053691153,ok,2.5798166382423733,32.513046066717195,0.0,1.4869539332828001,33.02900939436567,26.690978122279358,0.36420565023401963,0.36420565023401963
0.0,2.193962931538026,2.3795810781631754,experiment-evaluation-022,known,0.1381235638347471,0.1381235638347471,26.175014794630883,-0.025981311230945714,-0.04518033006847322,81920,0.0,1,0.8019538184983227,2.332086495372773,26.906690527228633,0.0,0.1856333697763143,32.493444907355425,25.82007341028097,0.7618836698530451,8,0.12824635714096277,0.20251222843795863,0.1542276683719085,0.24769255850643185,6.338031272086315,2.3512961651054782,8.202083534412864,0.4619687279136848,0.06617896926843159,split,81920,1.0249852053691153,ok,2.5798166382423733,32.513046066717195,0.0,1.4869539332828001,33.02900939436567,26.690978122279358,0.2157124049492758,0.2157124049492758
0.0,2.1165483397730203,0.0,experiment-evaluation-022,frozen,0.13736839922033717,0.13736839922033717,25.957949936601786,-0.018430257739846745,-0.03168048168063256,81920,0.0,1,0.7917789032782088,2.2539167389933574,26.870649333316003,0.0,0.36752161047839965,32.445003592387735,25.774841081137502,0.760242720331515,8,0.13579741063206174,0.2160120768257993,0.1542276683719085,0.24769255850643185,6.5250949438021575,2.4,8.022774566976478,0.27490505619784256,0.04674791272417167,redistribute,81920,1.2420500633982128,ok,2.4708458731923515,32.483044880403945,0.0,1.5169551195960553,32.97721405504242,26.452119111240258,0.418530222075745,0.418530222075745
0.0,2.1165483397730203,0.0,experiment-evaluation-022,updated,0.1513830498892732,0.1513830498892732,25.957949936601786,-0.018430257739846745,-0.03168048168063256,81920,0.0,1,0.7917789032782088,2.2679313896622935,26.90324029782347,0.0,0.40537293847276484,32.445003592387735,25.774841081137502,0.760242720331515,8,0.13579741063206174,0.2160120768257993,0.1542276683719085,0.24769255850643185,6.5250949438021575,2.4,8.022774566976478,0.27490505619784256,0.04674791272417167,redistribute,81920,1.2420500633982128,ok,2.4708458731923515,32.483044880403945,0.0,1.5169551195960553,32.97721405504242,26.452119111240258,0.45112118658321165,0.45112118658321165
0.5,2.1165483397730203,0.0,experiment-evaluation-022,known,0.1381235638347471,0.1381235638347471,25.98781854837361,-0.018430257739846745,-0.03168048168063256,81920,0.0,1,0.793178994455013,2.2546719036077674,26.72090836902467,1.0582741698865101,0.23521546579609046,32.46474554375368,25.794583032503454,0.7609770027280256,8,0.13579741063206174,0.2160120768257993,0.1542276683719085,0.24769255850643185,6.5250949438021575,2.4,8.022774566976478,0.27490505619784256,0.010786863423213333,redistribute,81920,1.212181451626388,ok,2.5013080608380296,32.51291349217577,0.0,1.4870865078242306,33.013175104343375,26.488080160541216,0.2328282084834541,0.2328282084834541
0.0,2.0990161745997753,2.118534906488247,experiment-evaluation-022,frozen,0.18989593837835583,-0.18989593837835583,25.593123305050927,-0.08331525114678298,-0.12844104715372795,81920,0.0,2,0.7746776549242622,1.9091202362214195,26.10917642266331,0.0,0.07574248663686116,32.62950203500809,26.091237605249425,0.7720215664453807,8,0.13834079036830071,0.22203451602439161,0.2216560415150837,0.35047556317811956,6.8,2.56,6.632542835147963,0.0,0.056305912669884606,early,81920,1.6068766949490738,ok,2.017366925025098,32.39312330505093,0.0,1.6068766949490738,32.79659669005594,25.996596690055945,0.1125797326073652,0.1125797326073652
1.0,2.0990161745997753,2.118534906488247,experiment-evaluation-022,updated,0.14773630748638356,-0.14773630748638356,25.633643115928905,-0.08331525114678298,-0.12844104715372795,81920,0.0,2,0.7765770210591675,1.9512798671133917,26.444242462817563,2.0990161745997753,0.40075188064682504,32.66873893668105,26.130474506922393,0.7734702529006945,8,0.13834079036830071,0.22203451602439161,0.2216560415150837,0.35047556317811956,6.8,2.56,6.632542835147963,0.0,0.0,early,81920,1.566356884071094,ok,2.0962974339846294,32.4336431159289,0.0,1.566356884071094,32.85290260272583,26.05290260272583,0.39133986009173327,0.39133986009173327
1.0,2.0990161745997753,2.118534906488247,experiment-evaluation-022,known,0.13627625923145903,-0.13627625923145903,25.633643115928905,-0.08331525114678298,-0.12844104715372795,81920,0.0,2,0.7765770210591675,1.9627399153683163,26.5074548791166,2.0990161745997753,0.45960401953144486,32.66873893668105,26.130474506922393,0.7734702529006945,8,0.13834079036830071,0.22203451602439161,0.2216560415150837,0.35047556317811956,6.8,2.56,6.632542835147963,0.0,0.0,early,81920,1.566356884071094,ok,2.0962974339846294,32.4336431159289,0.0,1.566356884071094,32.85290260272583,26.05290260272583,0.4545522763907712,0.4545522763907712
0.0,2.110245371311616,2.118534906488247,experiment-evaluation-022,frozen,0.19219769329517855,-0.19219769329517855,25.54971919004037,-0.05899672811036555,-0.09272682795532527,81920,0.0,2,0.7726430870331424,1.9180476780164375,26.07992646498372,0.0,0.08462043275361235,32.626221960846415,26.09147808706952,0.7720463304546294,8,0.16265931340471815,0.2577487352227943,0.2216560415150837,0.35047556317811956,6.8,2.56,6.515572036066292,0.0,0.05856176022737003,late,81920,1.6502808099596287,ok,2.047031481075139,32.34971919004037,0.0,1.6502808099596287,32.7591254862554,25.9591254862554,0.1208009787283224,0.1208009787283224
1.0,2.110245371311616,2.118534906488247,experiment-evaluation-022,updated,0.15001578709467855,-0.15001578709467855,25.592410396891097,-0.05899672811036555,-0.09272682795532527,81920,0.0,2,0.7746442373542701,1.9602295842169375,26.39693359444628,2.110245371311616,0.4059291348897022,32.66572601765573,26.13098214387884,0.7735027670099077,8,0.16265931340471815,0.2577487352227943,0.2216560415150837,0.35047556317811956,6.8,2.56,6.515572036066292,0.0,0.0,late,81920,1.6075896031089034,ok,2.1263842479583577,32.392410396891094,0.0,1.6075896031089034,32.81768724648277,26.01768724648277,0.3792463479635124,0.3792463479635124
1.0,2.110245371311616,2.118534906488247,experiment-evaluation-022,known,0.13627625923145903,-0.13627625923145903,25.592410396891097,-0.05899672811036555,-0.09272682795532527,81920,0.0,2,0.7746442373542701,1.973969112080157,26.492670771517616,2.110245371311616,0.48238620735007726,32.66572601765573,26.13098214387884,0.7735027670099077,8,0.16265931340471815,0.2577487352227943,0.2216560415150837,0.35047556317811956,6.8,2.56,6.515572036066292,0.0,0.0,late,81920,1.6075896031089034,ok,2.1263842479583577,32.392410396891094,0.0,1.6075896031089034,32.81768724648277,26.01768724648277,0.47498352503484753,0.47498352503484753
0.0,2.1046307729556957,2.118534906488247,experiment-evaluation-022,frozen,0.19104681583676708,-0.19104681583676708,25.579546452212835,-0.0725431416372081,-0.11166172686133169,81920,0.0,2,0.7740412399474766,1.9135839571189286,26.095615196274828,0.0,0.07917702785951637,32.62785656825534,26.09135241648756,0.7720339484500051,8,0.1491128998778756,0.23881383631678788,0.2216560415150837,0.35047556317811956,6.8,2.56,6.574057435607127,0.0,0.039308631781441505,split,81920,1.6204535477871653,ok,2.0321992030501166,32.379546452212836,0.0,1.6204535477871653,32.785986292822855,25.985986292822858,0.10962890345196996,0.10962890345196996
1.0,2.1046307729556957,2.118534906488247,experiment-evaluation-022,updated,0.14814640306573335,-0.14814640306573335,25.60302675641,-0.0725431416372081,-0.11166172686133169,81920,0.0,2,0.7751418792067187,1.9564843698899623,26.42561736164243,2.1046307729556957,0.4076970487221428,32.6672324771684,26.130728325400618,0.7734865099553011,8,0.1491128998778756,0.23881383631678788,0.2216560415150837,0.35047556317811956,6.8,2.56,6.574057435607127,0.0,0.0,split,81920,1.5969732435899993,ok,2.1113408409714927,32.40302675641,0.0,1.5969732435899993,32.8252949246043,26.0252949246043,0.4003224370381311,0.4003224370381311
1.0,2.1046307729556957,2.118534906488247,experiment-evaluation-022,known,0.13627625923145903,-0.13627625923145903,25.60302675641,-0.0725431416372081,-0.11166172686133169,81920,0.0,2,0.7751418792067187,1.9683545137242366,26.500755475644162,2.1046307729556957,0.4701757308230974,32.6672324771684,26.130728325400618,0.7734865099553011,8,0.1491128998778756,0.23881383631678788,0.2216560415150837,0.35047556317811956,6.8,2.56,6.574057435607127,0.0,0.0,split,81920,1.5969732435899993,ok,2.1113408409714927,32.40302675641,0.0,1.5969732435899993,32.8252949246043,26.0252949246043,0.4754605510398626,0.4754605510398626
0.0,2.0357087612492073,0.0,experiment-evaluation-022,frozen,0.17691921763061824,-0.17691921763061824,25.516469545702837,-0.011942365330830679,-0.01713341770133059,81920,0.0,2,0.7710845099548205,1.858789543618589,26.072295234513536,0.0,0.13477878564898424,32.58449641613932,26.051786432988006,0.7705899169932091,8,0.20971367618425302,0.333342145476789,0.2216560415150837,0.35047556317811956,6.8,2.56,6.414419123617533,0.0,0.0577532574318802,redistribute,81920,1.683530454297162,ok,1.9087943091820774,32.31646954570284,0.0,1.683530454297162,32.698228407539254,25.898228407539253,0.17406682697428266,0.17406682697428266
0.0,2.0357087612492073,0.0,experiment-evaluation-022,updated,0.14529208127806248,-0.14529208127806248,25.516469545702837,-0.011942365330830679,-0.01713341770133059,81920,0.0,2,0.7710845099548205,1.8904166799711448,26.31321429282375,0.0,0.3779410410740252,32.58449641613932,26.051786432988006,0.7705899169932091,8,0.20971367618425302,0.333342145476789,0.2216560415150837,0.35047556317811956,6.8,2.56,6.414419123617533,0.0,0.0577532574318802,redistribute,81920,1.683530454297162,ok,1.9087943091820774,32.31646954570284,0.0,1.683530454297162,32.698228407539254,25.898228407539253,0.41498588528449787,0.41498588528449787
1.0,2.0357087612492073,0.0,experiment-evaluation-022,known,0.13627625923145903,-0.13627625923145903,25.558912818336776,-0.011942365330830679,-0.01713341770133059,81920,0.0,2,0.7730740383595363,1.8994325020177483,26.42026036070905,2.0357087612492073,0.46657862583598825,32.622165941439256,26.08945595828795,0.7719949103158297,8,0.20971367618425302,0.333342145476789,0.2216560415150837,0.35047556317811956,6.8,2.56,6.414419123617533,0.0,0.0,redistribute,81920,1.6410871816632258,ok,1.9853442331717874,32.358912818336776,0.0,1.6410871816632258,32.75598166497113,25.955981664971134,0.46427869573791725,0.46427869573791725
0.0,1.943975414836848,1.9603173375282361,experiment-evaluation-023,frozen,0.14384345942437138,0.14384345942437138,25.765257344724223,-0.020624905760872114,-0.031589297394861215,81920,0.0,0,0.7827464380339479,2.0878188742612194,25.628507081255158,0.0,0.3009432372782553,33.20906148158798,26.56060219370784,0.7963745319536336,8,0.13733839183057459,0.19832408976111887,0.1579632975914467,0.2299133871559801,6.108832813186228,2.24,7.1636203991316645,0.6911671868137715,0.0,early,81920,1.4347426552757776,ok,0.69930536218012,31.87409015791045,0.0,2.1259098420895493,32.01395123034647,25.905118417160246,0.2766113359050877,-0.2766113359050877
0.0,1.943975414836848,1.9603173375282361,experiment-evaluation-023,updated,0.18535846877565554,0.18535846877565554,25.765257344724223,-0.020624905760872114,-0.031589297394861215,81920,0.0,0,0.7827464380339479,2.1293338836125035,25.926136396531863,0.0,0.010821358648093119,33.20906148158798,26.56060219370784,0.7963745319536336,8,0.13733839183057459,0.19832408976111887,0.1579632975914467,0.2299133871559801,6.108832813186228,2.24,7.1636203991316645,0.6911671868137715,0.0,early,81920,1.4347426552757776,ok,0.69930536218012,31.87409015791045,0.0,2.1259098420895493,32.01395123034647,25.905118417160246,0.0210179793716172,0.0210179793716172
0.0,1.943975414836848,1.9603173375282361,experiment-evaluation-023,known,0.19016081521142558,0.19016081521142558,25.765257344724223,-0.020624905760872114,-0.031589297394861215,81920,0.0,0,0.7827464380339479,2.1341362300482736,25.94465415178086,0.0,0.020536411832651424,33.20906148158798,26.56060219370784,0.7963745319536336,8,0.13733839183057459,0.19832408976111887,0.1579632975914467,0.2299133871559801,6.108832813186228,2.24,7.1636203991316645,0.6911671868137715,0.0,early,81920,1.4347426552757776,ok,0.69930536218012,31.87409015791045,0.0,2.1259098420895493,32.01395123034647,25.905118417160246,0.039535734620613994,0.039535734620613994
0.0,1.9487558765790167,1.9603173375282361,experiment-evaluation-023,frozen,0.14350780913482275,0.14350780913482275,25.753624380958108,-0.007295197863044306,-0.010502486462641625,81920,0.0,0,0.7822011428574113,2.0922636857138395,25.633078008128713,0.0,0.2923376883286733,33.21168898803387,26.56530987115288,0.79661795361577,8,0.1506680997284024,0.21941090069333846,0.1579632975914467,0.2299133871559801,6.081617494190872,2.24,7.11382392265074,0.7183825058091282,0.0,late,81920,1.4463756190418933,ok,0.7102638787361477,31.83524187514898,0.0,2.1647581248510215,31.97729465089621,25.895677156705336,0.2625991485766228,-0.2625991485766228
0.0,1.9487558765790167,1.9603173375282361,experiment-evaluation-023,updated,0.18632430254228716,0.18632430254228716,25.753624380958108,-0.007295197863044306,-0.010502486462641625,81920,0.0,0,0.7822011428574113,2.135080179121304,26.02281156423321,0.0,0.09303094930404636,33.21168898803387,26.56530987115288,0.79661795361577,8,0.1506680997284024,0.21941090069333846,0.1579632975914467,0.2299133871559801,6.081617494190872,2.24,7.11382392265074,0.7183825058091282,0.0,late,81920,1.4463756190418933,ok,0.7102638787361477,31.83524187514898,0.0,2.1647581248510215,31.97729465089621,25.895677156705336,0.12713440752787264,0.12713440752787264
0.0,1.9487558765790167,1.9603173375282361,experiment-evaluation-023,known,0.19016081521142558,0.19016081521142558,25.753624380958108,-0.007295197863044306,-0.010502486462641625,81920,0.0,0,0.7822011428574113,2.1389166917904423,25.9495440686768,0.0,0.0294453153438603,33.21168898803387,26.56530987115288,0.79661795361577,8,0.1506680997284024,0.21941090069333846,0.1579632975914467,0.2299133871559801,6.081617494190872,2.24,7.11382392265074,0.7183825058091282,0.0,late,81920,1.4463756190418933,ok,0.7102638787361477,31.83524187514898,0.0,2.1647581248510215,31.97729465089621,25.895677156705336,0.05386691197146476,0.05386691197146476
0.0,1.9463656457079321,1.9603173375282361,experiment-evaluation-023,frozen,0.1436756342795973,0.1436756342795973,25.759961274492845,-0.012760318499306367,-0.019258201909105654,81920,0.0,0,0.7824981847418521,2.0900412799875294,25.63087116795075,0.0,0.2982445479182895,33.21037523481093,26.562956032430364,0.7964962427847018,8,0.14520297909214033,0.21065518524687443,0.1579632975914467,0.2299133871559801,6.09522515368855,2.24,7.138722160891202,0.70477484631145,0.0,split,81920,1.4400387255071565,ok,0.7047846204581334,31.855186428181394,0.0,2.1448135718186068,31.99614335227302,25.90091819858447,0.2700470306337195,-0.2700470306337195
0.0,1.9463656457079321,1.9603173375282361,experiment-evaluation-023,updated,0.18672659162231664,0.18672659162231664,25.759961274492845,-0.012760318499306367,-0.019258201909105654,81920,0.0,0,0.7824981847418521,2.1330922373302488,25.99527170653753,0.0,0.06455420922101614,33.21037523481093,26.562956032430364,0.7964962427847018,8,0.14520297909214033,0.21065518524687443,0.1579632975914467,0.2299133871559801,6.09522515368855,2.24,7.138722160891202,0.70477484631145,0.0,split,81920,1.4400387255071565,ok,0.7047846204581334,31.855186428181394,0.0,2.1448135718186068,31.99614335227302,25.90091819858447,0.09435350795305908,0.09435350795305908
0.0,1.9463656457079321,1.9603173375282361,experiment-evaluation-023,known,0.19016081521142603,0.19016081521142603,25.759961274492845,-0.012760318499306367,-0.019258201909105654,81920,0.0,0,0.7824981847418521,2.136526460919358,25.9471640457741,0.0,0.0232539787059108,33.21037523481093,26.562956032430364,0.7964962427847018,8,0.14520297909214033,0.21065518524687443,0.1579632975914467,0.2299133871559801,6.09522515368855,2.24,7.138722160891202,0.70477484631145,0.0,split,81920,1.4400387255071565,ok,0.7047846204581334,31.855186428181394,0.0,2.1448135718186068,31.99614335227302,25.90091819858447,0.046245847189631206,0.046245847189631206
0.0,1.9170243625679944,0.0,experiment-evaluation-023,frozen,0.1457357721308834,0.1457357721308834,25.593910932424112,-0.017255684033433305,-0.027198799788994033,81920,0.0,0,0.7747145749573803,2.0627601346988778,25.522885145989434,0.0,0.27053469980360606,33.161216859470855,26.51483774258986,0.794663137616477,8,0.1407076135580134,0.20271458736698605,0.1579632975914467,0.2299133871559801,6.415404636465688,2.32,7.07076139195695,0.3845953635343121,0.0,redistribute,81920,1.6060890675758885,ok,0.7638242387935236,32.009315568889804,0.0,1.9906844311102008,32.16208041664851,25.746675780182816,0.22379063419338152,-0.22379063419338152
0.0,1.9170243625679944,0.0,experiment-evaluation-023,updated,0.18663803825615544,0.18663803825615544,25.593910932424112,-0.017255684033433305,-0.027198799788994033,81920,0.0,0,0.7747145749573803,2.10366240082415,25.861109956110315,0.0,0.06804152293043941,33.161216859470855,26.51483774258986,0.794663137616477,8,0.1407076135580134,0.20271458736698605,0.1579632975914467,0.2299133871559801,6.415404636465688,2.32,7.07076139195695,0.3845953635343121,0.0,redistribute,81920,1.6060890675758885,ok,0.7638242387935236,32.009315568889804,0.0,1.9906844311102008,32.16208041664851,25.746675780182816,0.11443417592749938,0.11443417592749938
0.0,1.9170243625679944,0.0,experiment-evaluation-023,known,0.19016081521142558,0.19016081521142558,25.593910932424112,-0.017255684033433305,-0.027198799788994033,81920,0.0,0,0.7747145749573803,2.10718517777942,25.831436384116316,0.0,0.044700666806772205,33.161216859470855,26.51483774258986,0.794663137616477,8,0.1407076135580134,0.20271458736698605,0.1579632975914467,0.2299133871559801,6.415404636465688,2.32,7.07076139195695,0.3845953635343121,0.0,redistribute,81920,1.6060890675758885,ok,0.7638242387935236,32.009315568889804,0.0,1.9906844311102008,32.16208041664851,25.746675780182816,0.08476060393349982,0.08476060393349982
0.0,2.219875472983735,2.163590858831482,experiment-evaluation-023,frozen,0.1697866393020977,-0.1697866393020977,26.196599073198183,-0.11371843631116252,-0.18839942452389047,81920,0.0,1,0.8029655815561647,2.050088833681637,26.961262322697877,0.0,0.3039715083302532,32.50675838039187,26.0432636697064,0.781553394872178,8,0.21065571791404153,0.3087947749094898,0.32437415422520405,0.4971941994333803,6.8,2.56,6.780596193707151,0.0,0.0,early,81920,1.003400926801819,ok,2.6273221036515877,32.99659907319818,0.0,1.003400926801819,33.5220634939285,26.7220634939285,0.23919882876937848,0.23919882876937848
0.0,2.219875472983735,2.163590858831482,experiment-evaluation-023,updated,0.19713890490604058,-0.19713890490604058,26.196599073198183,-0.11371843631116252,-0.18839942452389047,81920,0.0,1,0.8029655815561647,2.0227365680776943,26.83628371535138,0.0,0.1611362871641262,32.50675838039187,26.0432636697064,0.781553394872178,8,0.21065571791404153,0.3087947749094898,0.32437415422520405,0.4971941994333803,6.8,2.56,6.780596193707151,0.0,0.0,early,81920,1.003400926801819,ok,2.6273221036515877,32.99659907319818,0.0,1.003400926801819,33.5220634939285,26.7220634939285,0.11422022142288313,0.11422022142288313
0.0,2.219875472983735,2.163590858831482,experiment-evaluation-023,known,0.2219031105513265,-0.2219031105513265,26.196599073198183,-0.11371843631116252,-0.18839942452389047,81920,0.0,1,0.8029655815561647,1.9979723624324084,26.66318486086739,0.0,0.04845715770566746,32.50675838039187,26.0432636697064,0.781553394872178,8,0.21065571791404153,0.3087947749094898,0.32437415422520405,0.4971941994333803,6.8,2.56,6.780596193707151,0.0,0.0,early,81920,1.003400926801819,ok,2.6273221036515877,32.99659907319818,0.0,1.003400926801819,33.5220634939285,26.7220634939285,0.0588786330611093,-0.0588786330611093
0.0,2.2251516408410223,2.163590858831482,experiment-evaluation-023,frozen,0.16547723210295695,-0.16547723210295695,26.184871528190463,-0.009556715767955637,-0.012771017076574132,81920,0.0,1,0.802415852883928,2.0596744087380654,26.96777217512751,0.0,0.3143620036424674,32.50342262753678,26.046949658413578,0.7817432892161666,8,0.3148174384572484,0.48442318235680615,0.32437415422520405,0.4971941994333803,6.8,2.56,6.725636111860406,0.0,0.0,late,81920,1.0151284718095355,ok,2.6328496383770785,32.98487152819046,0.0,1.0151284718095355,33.51144145586588,26.711441455865877,0.25633071926163353,0.25633071926163353
0.0,2.2251516408410223,2.163590858831482,experiment-evaluation-023,updated,0.17740559522454902,-0.17740559522454902,26.184871528190463,-0.009556715767955637,-0.012771017076574132,81920,0.0,1,0.802415852883928,2.0477460456164733,26.918654669651524,0.0,0.2631532525078792,32.50342262753678,26.046949658413578,0.7817432892161666,8,0.3148174384572484,0.48442318235680615,0.32437415422520405,0.4971941994333803,6.8,2.56,6.725636111860406,0.0,0.0,late,81920,1.0151284718095355,ok,2.6328496383770785,32.98487152819046,0.0,1.0151284718095355,33.51144145586588,26.711441455865877,0.2072132137856464,0.2072132137856464
0.0,2.2251516408410223,2.163590858831482,experiment-evaluation-023,known,0.2219031105513265,-0.2219031105513265,26.184871528190463,-0.009556715767955637,-0.012771017076574132,81920,0.0,1,0.802415852883928,2.003248530289696,26.652853448853865,0.0,0.05469182711532857,32.50342262753678,26.046949658413578,0.7817432892161666,8,0.3148174384572484,0.48442318235680615,0.32437415422520405,0.4971941994333803,6.8,2.56,6.725636111860406,0.0,0.0,late,81920,1.0151284718095355,ok,2.6328496383770785,32.98487152819046,0.0,1.0151284718095355,33.51144145586588,26.711441455865877,0.05858800701201261,-0.05858800701201261
0.0,2.2225135569123786,2.163590858831482,experiment-evaluation-023,frozen,0.1676319357025271,-0.1676319357025271,26.196370013484813,-0.06881771053077718,-0.1119233885800347,81920,0.0,1,0.8029548443821006,2.0548816212098515,26.964498420675547,0.0,0.3078945125328841,32.505090503964325,26.045106664059986,0.7816483420441722,8,0.25555644369442687,0.3852708108533456,0.32437415422520405,0.4971941994333803,6.8,2.56,6.753116152783778,0.0,0.0,split,81920,1.0036299865151868,ok,2.630085871014333,32.996370013484814,0.0,1.0036299865151868,33.52238718768768,26.72238718768768,0.24211123298786674,0.24211123298786674
0.0,2.2225135569123786,2.163590858831482,experiment-evaluation-023,updated,0.19200663404622675,-0.19200663404622675,26.196370013484813,-0.06881771053077718,-0.1119233885800347,81920,0.0,1,0.8029548443821006,2.030506922866152,26.851016891586728,0.0,0.18445191101888625,32.505090503964325,26.045106664059986,0.7816483420441722,8,0.25555644369442687,0.3852708108533456,0.32437415422520405,0.4971941994333803,6.8,2.56,6.753116152783778,0.0,0.0,split,81920,1.0036299865151868,ok,2.630085871014333,32.996370013484814,0.0,1.0036299865151868,33.52238718768768,26.72238718768768,0.1286297038990476,0.1286297038990476
0.0,2.2225135569123786,2.163590858831482,experiment-evaluation-023,known,0.2219031105513265,-0.2219031105513265,26.196370013484813,-0.06881771053077718,-0.1119233885800347,81920,0.0,1,0.8029548443821006,2.000610446361052,26.658026396555464,0.0,0.05285749525422171,32.505090503964325,26.045106664059986,0.7816483420441722,8,0.25555644369442687,0.3852708108533456,0.32437415422520405,0.4971941994333803,6.8,2.56,6.753116152783778,0.0,0.0,split,81920,1.0036299865151868,ok,2.630085871014333,32.996370013484814,0.0,1.0036299865151868,33.52238718768768,26.72238718768768,0.06436079113221638,-0.06436079113221638
0.0,2.190129753141097,0.0,experiment-evaluation-023,frozen,0.19408200341877335,-0.19408200341877335,26.246491721557597,-0.001994158568400739,-0.004098526315930773,81920,0.0,1,0.8053042994480123,1.9960477497223235,26.967662142400435,0.0,0.2231853601282682,32.44286049588259,25.98877906076876,0.7793682753711609,8,0.3223799956568033,0.4930956731174495,0.32437415422520405,0.4971941994333803,6.8,2.56,6.67810824686447,0.0,0.0,redistribute,81920,0.9535082784424049,ok,2.7615071113370924,33.046491721557594,0.0,0.9535082784424049,33.59879314382501,26.798793143825016,0.16886899857541948,0.16886899857541948
0.0,2.190129753141097,0.0,experiment-evaluation-023,updated,0.20267181027333736,-0.20267181027333736,26.246491721557597,-0.001994158568400739,-0.004098526315930773,81920,0.0,1,0.8053042994480123,1.9874579428677595,26.936946773462246,0.0,0.19285830013258595,32.44286049588259,25.98877906076876,0.7793682753711609,8,0.3223799956568033,0.4930956731174495,0.32437415422520405,0.4971941994333803,6.8,2.56,6.67810824686447,0.0,0.0,redistribute,81920,0.9535082784424049,ok,2.7615071113370924,33.046491721557594,0.0,0.9535082784424049,33.59879314382501,26.798793143825016,0.13815362963723032,0.13815362963723032
0.0,2.190129753141097,0.0,experiment-evaluation-023,known,0.2219031105513265,-0.2219031105513265,26.246491721557597,-0.001994158568400739,-0.004098526315930773,81920,0.0,1,0.8053042994480123,1.9682266425897703,26.757944897003007,0.0,0.03932661842013848,32.44286049588259,25.98877906076876,0.7793682753711609,8,0.3223799956568033,0.4930956731174495,0.32437415422520405,0.4971941994333803,6.8,2.56,6.67810824686447,0.0,0.0,redistribute,81920,0.9535082784424049,ok,2.7615071113370924,33.046491721557594,0.0,0.9535082784424049,33.59879314382501,26.798793143825016,0.040848246822008605,-0.040848246822008605
0.0,2.064367311435108,1.870630207451549,experiment-evaluation-023,frozen,0.0005370018343948679,-0.0005370018343948679,25.823032213094876,-0.03202959568976793,-0.05564192991601663,81920,0.0,2,0.7854546349888223,2.0638303096007133,26.236672717578234,0.0,0.016240747815973105,32.93543165128677,26.321575660860606,0.7920463846476482,8,0.22226864915310102,0.3227593982442913,0.25429824484286895,0.3784013281603079,6.366675064819352,2.32,6.738498458121166,0.43332493518064774,0.0,early,81920,1.3769677869051233,ok,2.1210820021052776,32.18970727791423,0.0,1.8102927220857712,32.61392367833528,26.247248613515932,0.010575895937698476,-0.010575895937698476
0.0,2.064367311435108,1.870630207451549,experiment-evaluation-023,updated,0.01654848561690825,-0.01654848561690825,25.823032213094876,-0.03202959568976793,-0.05564192991601663,81920,0.0,2,0.7854546349888223,2.0478188258182,26.16552629819434,0.0,0.07079063518616853,32.93543165128677,26.321575660860606,0.7920463846476482,8,0.22226864915310102,0.3227593982442913,0.25429824484286895,0.3784013281603079,6.366675064819352,2.32,6.738498458121166,0.43332493518064774,0.0,early,81920,1.3769677869051233,ok,2.1210820021052776,32.18970727791423,0.0,1.8102927220857712,32.61392367833528,26.247248613515932,0.08172231532159202,-0.08172231532159202
0.0,2.064367311435108,1.870630207451549,experiment-evaluation-023,known,0.01757362096903803,-0.01757362096903803,25.823032213094876,-0.03202959568976793,-0.05564192991601663,81920,0.0,2,0.7854546349888223,2.04679369046607,26.2664120886673,0.0,0.027181436832430943,32.93543165128677,26.321575660860606,0.7920463846476482,8,0.22226864915310102,0.3227593982442913,0.25429824484286895,0.3784013281603079,6.366675064819352,2.32,6.738498458121166,0.43332493518064774,0.0,early,81920,1.3769677869051233,ok,2.1210820021052776,32.18970727791423,0.0,1.8102927220857712,32.61392367833528,26.247248613515932,0.01916347515136607,0.01916347515136607
0.0,2.0689290606831885,1.870630207451549,experiment-evaluation-023,frozen,0.002712407841122033,0.002712407841122033,25.833865470282106,0.06638943834106453,0.10882542676504936,81920,0.0,2,0.7859624439194737,2.0716414685243105,26.256413347380608,0.0,0.014016715764810783,32.93419629266231,26.324426265674912,0.7921589963878426,8,0.3206876831839335,0.4872267549253573,0.25429824484286895,0.3784013281603079,6.3540585002499235,2.32,6.690980236787,0.4459414997500767,0.0,late,81920,1.366134529717894,ok,2.1015852715136893,32.187923970532026,0.0,1.8120760294679705,32.60824102483477,26.254182524584845,0.0022308227957630322,0.0022308227957630322
0.0,2.0689290606831885,1.870630207451549,experiment-evaluation-023,updated,0.005388673707224623,-0.005388673707224623,25.833865470282106,0.06638943834106453,0.10882542676504936,81920,0.0,2,0.7859624439194737,2.063540386975964,26.160711932003927,0.0,0.06533168895038344,32.93419629266231,26.324426265674912,0.7921589963878426,8,0.3206876831839335,0.4872267549253573,0.25429824484286895,0.3784013281603079,6.3540585002499235,2.32,6.690980236787,0.4459414997500767,0.0,late,81920,1.366134529717894,ok,2.1015852715136893,32.187923970532026,0.0,1.8120760294679705,32.60824102483477,26.254182524584845,0.09347059258091761,-0.09347059258091761
0.0,2.0689290606831885,1.870630207451549,experiment-evaluation-023,known,0.01757362096903803,-0.01757362096903803,25.833865470282106,0.06638943834106453,0.10882542676504936,81920,0.0,2,0.7859624439194737,2.0513554397141505,26.2738332458096,0.0,0.03317712087823921,32.93419629266231,26.324426265674912,0.7921589963878426,8,0.3206876831839335,0.4872267549253573,0.25429824484286895,0.3784013281603079,6.3540585002499235,2.32,6.690980236787,0.4459414997500767,0.0,late,81920,1.366134529717894,ok,2.1015852715136893,32.187923970532026,0.0,1.8120760294679705,32.60824102483477,26.254182524584845,0.019650721224753198,0.019650721224753198
0.0,2.0666481860591484,1.870630207451549,experiment-evaluation-023,frozen,0.0010877030033635826,0.0010877030033635826,25.82844884168849,0.020843303239057198,0.03395088045896921,81920,0.0,2,0.7857085394541481,2.067735889062512,26.246597367026208,0.0,0.013372096712034912,32.934813971974535,26.32300096326776,0.7921026905177454,8,0.27514154808192615,0.4123522086192771,0.25429824484286895,0.3784013281603079,6.360366782534638,2.32,6.714739347454083,0.4396332174653622,0.0,split,81920,1.3715511583115083,ok,2.1113336368094826,32.18881562422313,0.0,1.8111843757768704,32.611082351585026,26.25071556905039,0.004118202024180562,-0.004118202024180562
0.0,2.0666481860591484,1.870630207451549,experiment-evaluation-023,updated,0.011654306483433796,-0.011654306483433796,25.82844884168849,0.020843303239057198,0.03395088045896921,81920,0.0,2,0.7857085394541481,2.0549938795757146,26.16619157934987,0.0,0.06649485072608859,32.934813971974535,26.32300096326776,0.7921026905177454,8,0.27514154808192615,0.4123522086192771,0.25429824484286895,0.3784013281603079,6.360366782534638,2.32,6.714739347454083,0.4396332174653622,0.0,split,81920,1.3715511583115083,ok,2.1113336368094826,32.18881562422313,0.0,1.8111843757768704,32.611082351585026,26.25071556905039,0.08452398970051789,-0.08452398970051789
0.0,2.0666481860591484,1.870630207451549,experiment-evaluation-023,known,0.017573620969037584,-0.017573620969037584,25.82844884168849,0.020843303239057198,0.03395088045896921,81920,0.0,2,0.7857085394541481,2.0490745650901108,26.27015888677088,0.0,0.03009494451698913,32.934813971974535,26.32300096326776,0.7921026905177454,8,0.27514154808192615,0.4123522086192771,0.25429824484286895,0.3784013281603079,6.360366782534638,2.32,6.714739347454083,0.4396332174653622,0.0,split,81920,1.3715511583115083,ok,2.1113336368094826,32.18881562422313,0.0,1.8111843757768704,32.611082351585026,26.25071556905039,0.019443317720490683,0.019443317720490683
0.0,2.0386493057165587,0.0,experiment-evaluation-023,frozen,0.01885636400714663,-0.01885636400714663,25.792468816745423,0.006105088406025361,0.013651134173223722,81920,0.0,2,0.7840219757849416,2.019792941709412,26.155898251116916,0.0,0.049290795345140026,32.880436780236764,26.272734462003918,0.7900094372026962,8,0.2604033332488943,0.39205246233353164,0.25429824484286895,0.3784013281603079,6.492758233761979,2.4,6.649887874248043,0.30724176623802063,0.0,redistribute,81920,1.4075311832545785,ok,2.1920676230464053,32.2852270505074,0.0,1.7147729494925992,32.72364057511668,26.230882341354704,0.07498409023778763,-0.07498409023778763
0.0,2.0386493057165587,0.0,experiment-evaluation-023,updated,0.02276841904603666,-0.02276841904603666,25.792468816745423,0.006105088406025361,0.013651134173223722,81920,0.0,2,0.7840219757849416,2.015880886670522,26.13871164624148,0.0,0.06377221025412301,32.880436780236764,26.272734462003918,0.7900094372026962,8,0.2604033332488943,0.39205246233353164,0.25429824484286895,0.3784013281603079,6.492758233761979,2.4,6.649887874248043,0.30724176623802063,0.0,redistribute,81920,1.4075311832545785,ok,2.1920676230464053,32.2852270505074,0.0,1.7147729494925992,32.72364057511668,26.230882341354704,0.09217069511322507,-0.09217069511322507
0.0,2.0386493057165587,0.0,experiment-evaluation-023,known,0.01757362096903803,-0.01757362096903803,25.792468816745423,0.006105088406025361,0.013651134173223722,81920,0.0,2,0.7840219757849416,2.0210756847475206,26.259531220146318,0.0,0.016379893515074666,32.880436780236764,26.272734462003918,0.7900094372026962,8,0.2604033332488943,0.39205246233353164,0.25429824484286895,0.3784013281603079,6.492758233761979,2.4,6.649887874248043,0.30724176623802063,0.0,redistribute,81920,1.4075311832545785,ok,2.1920676230464053,32.2852270505074,0.0,1.7147729494925992,32.72364057511668,26.230882341354704,0.028648878791614152,0.028648878791614152
